cluster_code,short_name,description,strongNumber,stepGloss,surface,reference,text
M47,Inner Seat,The heart/soul/spirit/inward parts as the seat of inner life,H7907,heart,,,
M47,Inner Seat,The heart/soul/spirit/inward parts as the seat of inner life,H3821,heart,,,
M47,Inner Seat,The heart/soul/spirit/inward parts as the seat of inner life,H3820A,heart,heart,1Ch 12:38,"All these, men of war, arrayed in battle order, came to Hebron with a whole heart to make David king over all Israel. Likewise, all the rest of Israel were of a single mind to make David king."
M47,Inner Seat,The heart/soul/spirit/inward parts as the seat of inner life,H3820A,heart,hearts,1Ch 16:10,Glory in his holy name; let the hearts of those who seek the Lord rejoice!
M47,Inner Seat,The heart/soul/spirit/inward parts as the seat of inner life,H3824,heart,mind,1Ch 22:19,"Now set your mind and heart to seek the Lord your God. Arise and build the sanctuary of the Lord God, so that the ark of the covenant of the Lord and the holy vessels of God may be brought into a house built for the name of the Lord.”"
M47,Inner Seat,The heart/soul/spirit/inward parts as the seat of inner life,H3824,heart,hearts,1Ch 28:9,"“And you, Solomon my son, know the God of your father and serve him with a whole heart and with a willing mind, for the Lord searches all hearts and understands every plan and thought. If you seek him, he will be found by you, but if you forsake him, he will cast you off forever."
M47,Inner Seat,The heart/soul/spirit/inward parts as the seat of inner life,H3824,heart,heart,1Ch 29:17,"I know, my God, that you test the heart and have pleasure in uprightness. In the uprightness of my heart I have freely offered all these things, and now I have seen your people, who are present here, offering freely and joyously to you."
M47,Inner Seat,The heart/soul/spirit/inward parts as the seat of inner life,H3824,heart,heart,1Ch 29:17,"I know, my God, that you test the heart and have pleasure in uprightness. In the uprightness of my heart I have freely offered all these things, and now I have seen your people, who are present here, offering freely and joyously to you."
M47,Inner Seat,The heart/soul/spirit/inward parts as the seat of inner life,H3824,heart,hearts,1Ch 29:18,"O Lord, the God of Abraham, Isaac, and Israel, our fathers, keep forever such purposes and thoughts in the hearts of your people, and direct their hearts toward you."
M47,Inner Seat,The heart/soul/spirit/inward parts as the seat of inner life,H3824,heart,hearts,1Ch 29:18,"O Lord, the God of Abraham, Isaac, and Israel, our fathers, keep forever such purposes and thoughts in the hearts of your people, and direct their hearts toward you."
M47,Inner Seat,The heart/soul/spirit/inward parts as the seat of inner life,H3824,heart,heart,1Ch 29:19,"Grant to Solomon my son a whole heart that he may keep your commandments, your testimonies, and your statutes, performing all, and that he may build the palace for which I have made provision.”"
M47,Inner Seat,The heart/soul/spirit/inward parts as the seat of inner life,H7307I,spirit: side,sides,1Ch 9:24,"The gatekeepers were on the four sides, east, west, north, and south."
M47,Inner Seat,The heart/soul/spirit/inward parts as the seat of inner life,G4893,conscience,conscience,1Cor 10:25,Eat whatever is sold in the meat market without raising any question on the ground of conscience.
M47,Inner Seat,The heart/soul/spirit/inward parts as the seat of inner life,G4893,conscience,conscience,1Cor 10:27,"If one of the unbelievers invites you to dinner and you are disposed to go, eat whatever is set before you without raising any question on the ground of conscience."
M47,Inner Seat,The heart/soul/spirit/inward parts as the seat of inner life,G4893,conscience,conscience,1Cor 10:28,"But if someone says to you, “ This has been offered in sacrifice,” then do not eat it, for the sake of the one who informed you, and for the sake of conscience —"
M47,Inner Seat,The heart/soul/spirit/inward parts as the seat of inner life,G4893,conscience,conscience,1Cor 10:29,"I do not mean your conscience, but his. For why should my liberty be determined by someone else’s conscience?"
M47,Inner Seat,The heart/soul/spirit/inward parts as the seat of inner life,G4893,conscience,conscience,1Cor 10:29,"I do not mean your conscience, but his. For why should my liberty be determined by someone else’s conscience?"
M47,Inner Seat,The heart/soul/spirit/inward parts as the seat of inner life,G4152,spiritual,spiritual,1Cor 10:3,"and all ate the same spiritual food,"
M47,Inner Seat,The heart/soul/spirit/inward parts as the seat of inner life,G4152,spiritual,spiritual,1Cor 10:4,"and all drank the same spiritual drink. For they drank from the spiritual Rock that followed them, and the Rock was Christ."
M47,Inner Seat,The heart/soul/spirit/inward parts as the seat of inner life,G4152,spiritual,spiritual,1Cor 10:4,"and all drank the same spiritual drink. For they drank from the spiritual Rock that followed them, and the Rock was Christ."
M47,Inner Seat,The heart/soul/spirit/inward parts as the seat of inner life,G4152,spiritual,spiritual gifts,1Cor 12:1,"Now concerning spiritual gifts, brothers, I do not want you to be uninformed."
M47,Inner Seat,The heart/soul/spirit/inward parts as the seat of inner life,G4151G,spirit/breath: spirit,spirits,1Cor 12:10,"to another the working of miracles, to another prophecy, to another the ability to distinguish between spirits, to another various kinds of tongues, to another the interpretation of tongues."
M47,Inner Seat,The heart/soul/spirit/inward parts as the seat of inner life,G4151G,spirit/breath: spirit,Spirit,1Cor 12:11,"All these are empowered by one and the same Spirit, who apportions to each one individually as he wills."
M47,Inner Seat,The heart/soul/spirit/inward parts as the seat of inner life,G4151G,spirit/breath: spirit,Spirit,1Cor 12:13,"For in one Spirit we were all baptized into one body — Jews or Greeks, slaves or free — and all were made to drink of one Spirit."
M47,Inner Seat,The heart/soul/spirit/inward parts as the seat of inner life,G4151G,spirit/breath: spirit,Spirit,1Cor 12:13,"For in one Spirit we were all baptized into one body — Jews or Greeks, slaves or free — and all were made to drink of one Spirit."
M47,Inner Seat,The heart/soul/spirit/inward parts as the seat of inner life,G4151G,spirit/breath: spirit,Spirit,1Cor 12:3,Therefore I want you to understand that no one speaking in the Spirit of God ever says “ Jesus is accursed!” and no one can say “ Jesus is Lord ” except in the Holy Spirit.
M47,Inner Seat,The heart/soul/spirit/inward parts as the seat of inner life,G4151G,spirit/breath: spirit,Spirit,1Cor 12:3,Therefore I want you to understand that no one speaking in the Spirit of God ever says “ Jesus is accursed!” and no one can say “ Jesus is Lord ” except in the Holy Spirit.
M47,Inner Seat,The heart/soul/spirit/inward parts as the seat of inner life,G4151G,spirit/breath: spirit,Spirit,1Cor 12:4,"Now there are varieties of gifts, but the same Spirit;"
M47,Inner Seat,The heart/soul/spirit/inward parts as the seat of inner life,G4151G,spirit/breath: spirit,Spirit,1Cor 12:7,To each is given the manifestation of the Spirit for the common good.
M47,Inner Seat,The heart/soul/spirit/inward parts as the seat of inner life,G4151G,spirit/breath: spirit,Spirit,1Cor 12:8,"For to one is given through the Spirit the utterance of wisdom, and to another the utterance of knowledge according to the same Spirit,"
M47,Inner Seat,The heart/soul/spirit/inward parts as the seat of inner life,G4151G,spirit/breath: spirit,Spirit,1Cor 12:8,"For to one is given through the Spirit the utterance of wisdom, and to another the utterance of knowledge according to the same Spirit,"
M47,Inner Seat,The heart/soul/spirit/inward parts as the seat of inner life,G4151G,spirit/breath: spirit,Spirit,1Cor 12:9,"to another faith by the same Spirit, to another gifts of healing by the one Spirit,"
M47,Inner Seat,The heart/soul/spirit/inward parts as the seat of inner life,G4151G,spirit/breath: spirit,Spirit,1Cor 12:9,"to another faith by the same Spirit, to another gifts of healing by the one Spirit,"
M47,Inner Seat,The heart/soul/spirit/inward parts as the seat of inner life,G4152,spiritual,spiritual gifts,1Cor 14:1,"Pursue love, and earnestly desire the spiritual gifts, especially that you may prophesy."
M47,Inner Seat,The heart/soul/spirit/inward parts as the seat of inner life,G4151G,spirit/breath: spirit,Spirit,1Cor 14:12,"So with yourselves, since you are eager for manifestations of the Spirit, strive to excel in building up the church."
M47,Inner Seat,The heart/soul/spirit/inward parts as the seat of inner life,G4151G,spirit/breath: spirit,spirit,1Cor 14:14,"For if I pray in a tongue, my spirit prays but my mind is unfruitful."
M47,Inner Seat,The heart/soul/spirit/inward parts as the seat of inner life,G4151G,spirit/breath: spirit,spirit,1Cor 14:15,"What am I to do? I will pray with my spirit, but I will pray with my mind also; I will sing praise with my spirit, but I will sing with my mind also."
M47,Inner Seat,The heart/soul/spirit/inward parts as the seat of inner life,G4151G,spirit/breath: spirit,spirit,1Cor 14:15,"What am I to do? I will pray with my spirit, but I will pray with my mind also; I will sing praise with my spirit, but I will sing with my mind also."
M47,Inner Seat,The heart/soul/spirit/inward parts as the seat of inner life,G4151G,spirit/breath: spirit,spirit,1Cor 14:16,"Otherwise, if you give thanks with your spirit, how can anyone in the position of an outsider say “ Amen ” to your thanksgiving when he does not know what you are saying?"
M47,Inner Seat,The heart/soul/spirit/inward parts as the seat of inner life,G4151G,spirit/breath: spirit,Spirit,1Cor 14:2,"For one who speaks in a tongue speaks not to men but to God; for no one understands him, but he utters mysteries in the Spirit."
M47,Inner Seat,The heart/soul/spirit/inward parts as the seat of inner life,G2588,heart,heart,1Cor 14:25,"the secrets of his heart are disclosed, and so, falling on his face, he will worship God and declare that God is really among you."
M47,Inner Seat,The heart/soul/spirit/inward parts as the seat of inner life,G4151G,spirit/breath: spirit,spirits,1Cor 14:32,and the spirits of prophets are subject to prophets.
M47,Inner Seat,The heart/soul/spirit/inward parts as the seat of inner life,G4152,spiritual,spiritual,1Cor 14:37,"If anyone thinks that he is a prophet, or spiritual, he should acknowledge that the things I am writing to you are a command of the Lord."
M47,Inner Seat,The heart/soul/spirit/inward parts as the seat of inner life,G4561,flesh,flesh,1Cor 15:39,"For not all flesh is the same, but there is one kind for humans, another for animals, another for birds, and another for fish."
M47,Inner Seat,The heart/soul/spirit/inward parts as the seat of inner life,G4152,spiritual,spiritual,1Cor 15:44,"It is sown a natural body; it is raised a spiritual body. If there is a natural body, there is also a spiritual body."
M47,Inner Seat,The heart/soul/spirit/inward parts as the seat of inner life,G4152,spiritual,spiritual,1Cor 15:44,"It is sown a natural body; it is raised a spiritual body. If there is a natural body, there is also a spiritual body."
M47,Inner Seat,The heart/soul/spirit/inward parts as the seat of inner life,G5590G,soul,being,1Cor 15:45,"Thus it is written, “The first man Adam became a living being ”; the last Adam became a life-giving spirit."
M47,Inner Seat,The heart/soul/spirit/inward parts as the seat of inner life,G4151G,spirit/breath: spirit,spirit,1Cor 15:45,"Thus it is written, “The first man Adam became a living being ”; the last Adam became a life-giving spirit."
M47,Inner Seat,The heart/soul/spirit/inward parts as the seat of inner life,G4152,spiritual,spiritual,1Cor 15:46,"But it is not the spiritual that is first but the natural, and then the spiritual."
M47,Inner Seat,The heart/soul/spirit/inward parts as the seat of inner life,G4152,spiritual,spiritual,1Cor 15:46,"But it is not the spiritual that is first but the natural, and then the spiritual."
M47,Inner Seat,The heart/soul/spirit/inward parts as the seat of inner life,G4561,flesh,flesh,1Cor 15:50,"I tell you this, brothers: flesh and blood cannot inherit the kingdom of God, nor does the perishable inherit the imperishable."
M47,Inner Seat,The heart/soul/spirit/inward parts as the seat of inner life,G4151G,spirit/breath: spirit,spirit,1Cor 16:18,for they refreshed my spirit as well as yours. Give recognition to such people.
M47,Inner Seat,The heart/soul/spirit/inward parts as the seat of inner life,G4561,flesh,worldly standards,1Cor 1:26,"For consider your calling, brothers: not many of you were wise according to worldly standards, not many were powerful, not many were of noble birth."
M47,Inner Seat,The heart/soul/spirit/inward parts as the seat of inner life,G4561,flesh,human being,1Cor 1:29,so that no human being might boast in the presence of God.
M47,Inner Seat,The heart/soul/spirit/inward parts as the seat of inner life,G4151G,spirit/breath: spirit,Spirit,1Cor 2:10,"these things God has revealed to us through the Spirit. For the Spirit searches everything, even the depths of God."
M47,Inner Seat,The heart/soul/spirit/inward parts as the seat of inner life,G4151G,spirit/breath: spirit,Spirit,1Cor 2:10,"these things God has revealed to us through the Spirit. For the Spirit searches everything, even the depths of God."
M47,Inner Seat,The heart/soul/spirit/inward parts as the seat of inner life,G4151G,spirit/breath: spirit,Spirit,1Cor 2:11,"For who knows a person’s thoughts except the spirit of that person, which is in him? So also no one comprehends the thoughts of God except the Spirit of God."
M47,Inner Seat,The heart/soul/spirit/inward parts as the seat of inner life,G4151G,spirit/breath: spirit,spirit,1Cor 2:11,"For who knows a person’s thoughts except the spirit of that person, which is in him? So also no one comprehends the thoughts of God except the Spirit of God."
M47,Inner Seat,The heart/soul/spirit/inward parts as the seat of inner life,G4151G,spirit/breath: spirit,Spirit,1Cor 2:12,"Now we have received not the spirit of the world, but the Spirit who is from God, that we might understand the things freely given us by God."
M47,Inner Seat,The heart/soul/spirit/inward parts as the seat of inner life,G4151G,spirit/breath: spirit,spirit,1Cor 2:12,"Now we have received not the spirit of the world, but the Spirit who is from God, that we might understand the things freely given us by God."
M47,Inner Seat,The heart/soul/spirit/inward parts as the seat of inner life,G4151G,spirit/breath: spirit,Spirit,1Cor 2:13,"And we impart this in words not taught by human wisdom but taught by the Spirit, interpreting spiritual truths to those who are spiritual."
M47,Inner Seat,The heart/soul/spirit/inward parts as the seat of inner life,G4152,spiritual,spiritual,1Cor 2:13,"And we impart this in words not taught by human wisdom but taught by the Spirit, interpreting spiritual truths to those who are spiritual."
M47,Inner Seat,The heart/soul/spirit/inward parts as the seat of inner life,G4152,spiritual,spiritual truths,1Cor 2:13,"And we impart this in words not taught by human wisdom but taught by the Spirit, interpreting spiritual truths to those who are spiritual."
M47,Inner Seat,The heart/soul/spirit/inward parts as the seat of inner life,G4151G,spirit/breath: spirit,Spirit,1Cor 2:14,"The natural person does not accept the things of the Spirit of God, for they are folly to him, and he is not able to understand them because they are spiritually discerned."
M47,Inner Seat,The heart/soul/spirit/inward parts as the seat of inner life,G4151G,spirit/breath: spirit,Spirit,1Cor 2:4,"and my speech and my message were not in plausible words of wisdom, but in demonstration of the Spirit and of power,"
M47,Inner Seat,The heart/soul/spirit/inward parts as the seat of inner life,G2588,heart,heart,1Cor 2:9,"But, as it is written, “ What no eye has seen, nor ear heard, nor the heart of man imagined, what God has prepared for those who love him ”—"
M47,Inner Seat,The heart/soul/spirit/inward parts as the seat of inner life,G4152,spiritual,spiritual,1Cor 3:1,"But I, brothers, could not address you as spiritual people, but as people of the flesh, as infants in Christ."
M47,Inner Seat,The heart/soul/spirit/inward parts as the seat of inner life,G4151G,spirit/breath: spirit,Spirit,1Cor 3:16,Do you not know that you are God’s temple and that God’s Spirit dwells in you?
M47,Inner Seat,The heart/soul/spirit/inward parts as the seat of inner life,G4151G,spirit/breath: spirit,spirit,1Cor 4:21,"What do you wish? Shall I come to you with a rod, or with love in a spirit of gentleness?"
M47,Inner Seat,The heart/soul/spirit/inward parts as the seat of inner life,G2588,heart,heart,1Cor 4:5,"Therefore do not pronounce judgment before the time, before the Lord comes, who will bring to light the things now hidden in darkness and will disclose the purposes of the heart. Then each one will receive his commendation from God."
M47,Inner Seat,The heart/soul/spirit/inward parts as the seat of inner life,G4151G,spirit/breath: spirit,spirit,1Cor 5:3,"For though absent in body, I am present in spirit; and as if present, I have already pronounced judgment on the one who did such a thing."
M47,Inner Seat,The heart/soul/spirit/inward parts as the seat of inner life,G4151G,spirit/breath: spirit,spirit,1Cor 5:4,"When you are assembled in the name of the Lord Jesus and my spirit is present, with the power of our Lord Jesus,"
M47,Inner Seat,The heart/soul/spirit/inward parts as the seat of inner life,G4561,flesh,flesh,1Cor 5:5,"you are to deliver this man to Satan for the destruction of the flesh, so that his spirit may be saved in the day of the Lord."
M47,Inner Seat,The heart/soul/spirit/inward parts as the seat of inner life,G4151G,spirit/breath: spirit,spirit,1Cor 5:5,"you are to deliver this man to Satan for the destruction of the flesh, so that his spirit may be saved in the day of the Lord."
M47,Inner Seat,The heart/soul/spirit/inward parts as the seat of inner life,G4151G,spirit/breath: spirit,Spirit,1Cor 6:11,"And such were some of you. But you were washed, you were sanctified, you were justified in the name of the Lord Jesus Christ and by the Spirit of our God."
M47,Inner Seat,The heart/soul/spirit/inward parts as the seat of inner life,G4561,flesh,flesh,1Cor 6:16,"Or do you not know that he who is joined to a prostitute becomes one body with her? For, as it is written, “The two will become one flesh.”"
M47,Inner Seat,The heart/soul/spirit/inward parts as the seat of inner life,G4151G,spirit/breath: spirit,spirit,1Cor 6:17,But he who is joined to the Lord becomes one spirit with him.
M47,Inner Seat,The heart/soul/spirit/inward parts as the seat of inner life,G4151G,spirit/breath: spirit,Spirit,1Cor 6:19,"Or do you not know that your body is a temple of the Holy Spirit within you, whom you have from God? You are not your own,"
M47,Inner Seat,The heart/soul/spirit/inward parts as the seat of inner life,G4561,flesh,worldly,1Cor 7:28,"But if you do marry, you have not sinned, and if a betrothed woman marries, she has not sinned. Yet those who marry will have worldly troubles, and I would spare you that."
M47,Inner Seat,The heart/soul/spirit/inward parts as the seat of inner life,G4151G,spirit/breath: spirit,spirit,1Cor 7:34,"and his interests are divided. And the unmarried or betrothed woman is anxious about the things of the Lord, how to be holy in body and spirit. But the married woman is anxious about worldly things, how to please her husband."
M47,Inner Seat,The heart/soul/spirit/inward parts as the seat of inner life,G2588,heart,heart,1Cor 7:37,"But whoever is firmly established in his heart, being under no necessity but having his desire under control, and has determined this in his heart, to keep her as his betrothed, he will do well."
M47,Inner Seat,The heart/soul/spirit/inward parts as the seat of inner life,G2588,heart,heart,1Cor 7:37,"But whoever is firmly established in his heart, being under no necessity but having his desire under control, and has determined this in his heart, to keep her as his betrothed, he will do well."
M47,Inner Seat,The heart/soul/spirit/inward parts as the seat of inner life,G4151G,spirit/breath: spirit,Spirit,1Cor 7:40,Yet in my judgment she is happier if she remains as she is. And I think that I too have the Spirit of God.
M47,Inner Seat,The heart/soul/spirit/inward parts as the seat of inner life,G4893,conscience,conscience,1Cor 8:10,"For if anyone sees you who have knowledge eating in an idol’s temple, will he not be encouraged, if his conscience is weak, to eat food offered to idols?"
M47,Inner Seat,The heart/soul/spirit/inward parts as the seat of inner life,G4893,conscience,conscience,1Cor 8:12,"Thus, sinning against your brothers and wounding their conscience when it is weak, you sin against Christ."
M47,Inner Seat,The heart/soul/spirit/inward parts as the seat of inner life,G4152,spiritual,spiritual things,1Cor 9:11,"If we have sown spiritual things among you, is it too much if we reap material things from you?"
M47,Inner Seat,The heart/soul/spirit/inward parts as the seat of inner life,G4561,flesh,flesh,1Jo 2:16,For all that is in the world — the desires of the flesh and the desires of the eyes and pride of life — is not from the Father but is from the world.
M47,Inner Seat,The heart/soul/spirit/inward parts as the seat of inner life,G5590H,soul: life,life,1Jo 3:16,"By this we know love, that he laid down his life for us, and we ought to lay down our lives for the brothers."
M47,Inner Seat,The heart/soul/spirit/inward parts as the seat of inner life,G5590H,soul: life,lives,1Jo 3:16,"By this we know love, that he laid down his life for us, and we ought to lay down our lives for the brothers."
M47,Inner Seat,The heart/soul/spirit/inward parts as the seat of inner life,G2588,heart,heart,1Jo 3:19,By this we shall know that we are of the truth and reassure our heart before him;
M47,Inner Seat,The heart/soul/spirit/inward parts as the seat of inner life,G2588,heart,heart,1Jo 3:20,"for whenever our heart condemns us, God is greater than our heart, and he knows everything."
M47,Inner Seat,The heart/soul/spirit/inward parts as the seat of inner life,G2588,heart,heart,1Jo 3:20,"for whenever our heart condemns us, God is greater than our heart, and he knows everything."
M47,Inner Seat,The heart/soul/spirit/inward parts as the seat of inner life,G2588,heart,heart,1Jo 3:21,"Beloved, if our heart does not condemn us, we have confidence before God;"
M47,Inner Seat,The heart/soul/spirit/inward parts as the seat of inner life,G4151G,spirit/breath: spirit,Spirit,1Jo 3:24,"Whoever keeps his commandments abides in God, and God in him. And by this we know that he abides in us, by the Spirit whom he has given us."
M47,Inner Seat,The heart/soul/spirit/inward parts as the seat of inner life,G4151G,spirit/breath: spirit,spirit,1Jo 4:1,"Beloved, do not believe every spirit, but test the spirits to see whether they are from God, for many false prophets have gone out into the world."
M47,Inner Seat,The heart/soul/spirit/inward parts as the seat of inner life,G4151G,spirit/breath: spirit,spirits,1Jo 4:1,"Beloved, do not believe every spirit, but test the spirits to see whether they are from God, for many false prophets have gone out into the world."
M47,Inner Seat,The heart/soul/spirit/inward parts as the seat of inner life,G4151G,spirit/breath: spirit,Spirit,1Jo 4:13,"By this we know that we abide in him and he in us, because he has given us of his Spirit."
M47,Inner Seat,The heart/soul/spirit/inward parts as the seat of inner life,G4561,flesh,flesh,1Jo 4:2,"By this you know the Spirit of God: every spirit that confesses that Jesus Christ has come in the flesh is from God,"
M47,Inner Seat,The heart/soul/spirit/inward parts as the seat of inner life,G4151G,spirit/breath: spirit,Spirit,1Jo 4:2,"By this you know the Spirit of God: every spirit that confesses that Jesus Christ has come in the flesh is from God,"
M47,Inner Seat,The heart/soul/spirit/inward parts as the seat of inner life,G4151G,spirit/breath: spirit,spirit,1Jo 4:2,"By this you know the Spirit of God: every spirit that confesses that Jesus Christ has come in the flesh is from God,"
M47,Inner Seat,The heart/soul/spirit/inward parts as the seat of inner life,G4151G,spirit/breath: spirit,spirit,1Jo 4:3,"and every spirit that does not confess Jesus is not from God. This is the spirit of the antichrist, which you heard was coming and now is in the world already."
M47,Inner Seat,The heart/soul/spirit/inward parts as the seat of inner life,G4151G,spirit/breath: spirit,Spirit,1Jo 4:6,We are from God. Whoever knows God listens to us; whoever is not from God does not listen to us. By this we know the Spirit of truth and the spirit of error.
M47,Inner Seat,The heart/soul/spirit/inward parts as the seat of inner life,G4151G,spirit/breath: spirit,spirit,1Jo 4:6,We are from God. Whoever knows God listens to us; whoever is not from God does not listen to us. By this we know the Spirit of truth and the spirit of error.
M47,Inner Seat,The heart/soul/spirit/inward parts as the seat of inner life,G4151G,spirit/breath: spirit,Spirit,1Jo 5:6,"This is he who came by water and blood — Jesus Christ; not by the water only but by the water and the blood. And the Spirit is the one who testifies, because the Spirit is the truth."
M47,Inner Seat,The heart/soul/spirit/inward parts as the seat of inner life,G4151G,spirit/breath: spirit,Spirit,1Jo 5:6,"This is he who came by water and blood — Jesus Christ; not by the water only but by the water and the blood. And the Spirit is the one who testifies, because the Spirit is the truth."
M47,Inner Seat,The heart/soul/spirit/inward parts as the seat of inner life,G4151G,spirit/breath: spirit,Spirit,1Jo 5:8,the Spirit and the water and the blood; and these three agree.
M47,Inner Seat,The heart/soul/spirit/inward parts as the seat of inner life,H7307H,spirit: breath,breath,1Ki 10:5,"the food of his table, the seating of his officials, and the attendance of his servants, their clothing, his cupbearers, and his burnt offerings that he offered at the house of the Lord, there was no more breath in her."
M47,Inner Seat,The heart/soul/spirit/inward parts as the seat of inner life,H5315G,soul,soul,1Ki 11:37,"And I will take you, and you shall reign over all that your soul desires, and you shall be king over Israel."
M47,Inner Seat,The heart/soul/spirit/inward parts as the seat of inner life,H3824,heart,heart,1Ki 11:9,"And the Lord was angry with Solomon, because his heart had turned away from the Lord, the God of Israel, who had appeared to him twice"
M47,Inner Seat,The heart/soul/spirit/inward parts as the seat of inner life,H3820A,heart,heart,1Ki 12:27,"If this people go up to offer sacrifices in the temple of the Lord at Jerusalem, then the heart of this people will turn again to their lord, to Rehoboam king of Judah, and they will kill me and return to Rehoboam king of Judah.”"
M47,Inner Seat,The heart/soul/spirit/inward parts as the seat of inner life,H3824,heart,heart,1Ki 14:8,"and tore the kingdom away from the house of David and gave it to you, and yet you have not been like my servant David, who kept my commandments and followed me with all his heart, doing only that which was right in my eyes,"
M47,Inner Seat,The heart/soul/spirit/inward parts as the seat of inner life,H3824,heart,heart,1Ki 15:14,"But the high places were not taken away. Nevertheless, the heart of Asa was wholly true to the Lord all his days."
M47,Inner Seat,The heart/soul/spirit/inward parts as the seat of inner life,H2436G,bosom: embrace,arms,1Ki 17:19,"And he said to her, “ Give me your son.” And he took him from her arms and carried him up into the upper chamber where he lodged, and laid him on his own bed."
M47,Inner Seat,The heart/soul/spirit/inward parts as the seat of inner life,H5315H,soul: life,life,1Ki 17:22,"And the Lord listened to the voice of Elijah. And the life of the child came into him again, and he revived."
M47,Inner Seat,The heart/soul/spirit/inward parts as the seat of inner life,H5315H,soul: life,life,1Ki 19:4,"But he himself went a day’s journey into the wilderness and came and sat down under a broom tree. And he asked that he might die, saying, “It is enough; now, O Lord, take away my life, for I am no better than my fathers.”"
M47,Inner Seat,The heart/soul/spirit/inward parts as the seat of inner life,H5315H,soul: life,life,1Ki 20:39,"And as the king passed, he cried to the king and said, “Your servant went out into the midst of the battle, and behold, a soldier turned and brought a man to me and said, ‘ Guard this man; if by any means he is missing, your life shall be for his life, or else you shall pay a talent of silver.’"
M47,Inner Seat,The heart/soul/spirit/inward parts as the seat of inner life,H5315H,soul: life,life,1Ki 20:42,"And he said to him, “ Thus says the Lord, ‘ Because you have let go out of your hand the man whom I had devoted to destruction, therefore your life shall be for his life, and your people for his people.’”"
M47,Inner Seat,The heart/soul/spirit/inward parts as the seat of inner life,H1320,flesh,flesh,1Ki 21:27,"And when Ahab heard those words, he tore his clothes and put sackcloth on his flesh and fasted and lay in sackcloth and went about dejectedly."
M47,Inner Seat,The heart/soul/spirit/inward parts as the seat of inner life,H7307G,spirit,spirit,1Ki 21:5,"But Jezebel his wife came to him and said to him, “ Why is your spirit so vexed that you eat no food?”"
M47,Inner Seat,The heart/soul/spirit/inward parts as the seat of inner life,H3820A,heart,heart,1Ki 21:7,"And Jezebel his wife said to him, “Do you now govern Israel? Arise and eat bread and let your heart be cheerful; I will give you the vineyard of Naboth the Jezreelite.”"
M47,Inner Seat,The heart/soul/spirit/inward parts as the seat of inner life,H7307G,spirit,spirit,1Ki 22:23,"Now therefore behold, the Lord has put a lying spirit in the mouth of all these your prophets; the Lord has declared disaster for you.”"
M47,Inner Seat,The heart/soul/spirit/inward parts as the seat of inner life,H7307G,spirit,Spirit,1Ki 22:24,"Then Zedekiah the son of Chenaanah came near and struck Micaiah on the cheek and said, “ How did the Spirit of the Lord go from me to speak to you?”"
M47,Inner Seat,The heart/soul/spirit/inward parts as the seat of inner life,H5315H,soul: life,life,1Ki 3:11,"And God said to him, “ Because you have asked this, and have not asked for yourself long life or riches or the life of your enemies, but have asked for yourself understanding to discern what is right,"
M47,Inner Seat,The heart/soul/spirit/inward parts as the seat of inner life,H3824,heart,heart,1Ki 3:6,"And Solomon said, “ You have shown great and steadfast love to your servant David my father, because he walked before you in faithfulness, in righteousness, and in uprightness of heart toward you. And you have kept for him this great and steadfast love and have given him a son to sit on his throne this day."
M47,Inner Seat,The heart/soul/spirit/inward parts as the seat of inner life,H3820A,heart,mind,1Ki 4:29,"And God gave Solomon wisdom and understanding beyond measure, and breadth of mind like the sand on the seashore,"
M47,Inner Seat,The heart/soul/spirit/inward parts as the seat of inner life,H3824,heart,heart,1Ki 8:38,"whatever prayer, whatever plea is made by any man or by all your people Israel, each knowing the affliction of his own heart and stretching out his hands toward this house,"
M47,Inner Seat,The heart/soul/spirit/inward parts as the seat of inner life,H3824,heart,hearts,1Ki 8:58,"that he may incline our hearts to him, to walk in all his ways and to keep his commandments, his statutes, and his rules, which he commanded our fathers."
M47,Inner Seat,The heart/soul/spirit/inward parts as the seat of inner life,H3820A,heart,heart,1Ki 8:66,"On the eighth day he sent the people away, and they blessed the king and went to their homes joyful and glad of heart for all the goodness that the Lord had shown to David his servant and to Israel his people."
M47,Inner Seat,The heart/soul/spirit/inward parts as the seat of inner life,H3824,heart,heart,1Ki 9:4,"And as for you, if you will walk before me, as David your father walked, with integrity of heart and uprightness, doing according to all that I have commanded you, and keeping my statutes and my rules,"
M47,Inner Seat,The heart/soul/spirit/inward parts as the seat of inner life,G4151G,spirit/breath: spirit,Spirit,1Pe 1:11,inquiring what person or time the Spirit of Christ in them was indicating when he predicted the sufferings of Christ and the subsequent glories.
M47,Inner Seat,The heart/soul/spirit/inward parts as the seat of inner life,G4151G,spirit/breath: spirit,Spirit,1Pe 1:12,"It was revealed to them that they were serving not themselves but you, in the things that have now been announced to you through those who preached the good news to you by the Holy Spirit sent from heaven, things into which angels long to look."
M47,Inner Seat,The heart/soul/spirit/inward parts as the seat of inner life,G4151G,spirit/breath: spirit,Spirit,1Pe 1:2,"according to the foreknowledge of God the Father, in the sanctification of the Spirit, for obedience to Jesus Christ and for sprinkling with his blood: May grace and peace be multiplied to you."
M47,Inner Seat,The heart/soul/spirit/inward parts as the seat of inner life,G2588,heart,heart,1Pe 1:22,"Having purified your souls by your obedience to the truth for a sincere brotherly love, love one another earnestly from a pure heart,"
M47,Inner Seat,The heart/soul/spirit/inward parts as the seat of inner life,G5590G,soul,souls,1Pe 1:22,"Having purified your souls by your obedience to the truth for a sincere brotherly love, love one another earnestly from a pure heart,"
M47,Inner Seat,The heart/soul/spirit/inward parts as the seat of inner life,G4561,flesh,flesh,1Pe 1:24,"for “All flesh is like grass and all its glory like the flower of grass. The grass withers, and the flower falls,"
M47,Inner Seat,The heart/soul/spirit/inward parts as the seat of inner life,G5590G,soul,souls,1Pe 1:9,"obtaining the outcome of your faith, the salvation of your souls."
M47,Inner Seat,The heart/soul/spirit/inward parts as the seat of inner life,G5590G,soul,soul,1Pe 2:11,"Beloved, I urge you as sojourners and exiles to abstain from the passions of the flesh, which wage war against your soul."
M47,Inner Seat,The heart/soul/spirit/inward parts as the seat of inner life,G4893,conscience,mindful,1Pe 2:19,"For this is a gracious thing, when, mindful of God, one endures sorrows while suffering unjustly."
M47,Inner Seat,The heart/soul/spirit/inward parts as the seat of inner life,G3050,spiritual,spiritual,1Pe 2:2,"Like newborn infants, long for the pure spiritual milk, that by it you may grow up into salvation—"
M47,Inner Seat,The heart/soul/spirit/inward parts as the seat of inner life,G5590G,soul,souls,1Pe 2:25,"For you were straying like sheep, but have now returned to the Shepherd and Overseer of your souls."
M47,Inner Seat,The heart/soul/spirit/inward parts as the seat of inner life,G4152,spiritual,spiritual,1Pe 2:5,"you yourselves like living stones are being built up as a spiritual house, to be a holy priesthood, to offer spiritual sacrifices acceptable to God through Jesus Christ."
M47,Inner Seat,The heart/soul/spirit/inward parts as the seat of inner life,G4152,spiritual,spiritual,1Pe 2:5,"you yourselves like living stones are being built up as a spiritual house, to be a holy priesthood, to offer spiritual sacrifices acceptable to God through Jesus Christ."
M47,Inner Seat,The heart/soul/spirit/inward parts as the seat of inner life,G4893,conscience,conscience,1Pe 3:16,"having a good conscience, so that, when you are slandered, those who revile your good behavior in Christ may be put to shame."
M47,Inner Seat,The heart/soul/spirit/inward parts as the seat of inner life,G4561,flesh,flesh,1Pe 3:18,"For Christ also suffered once for sins, the righteous for the unrighteous, that he might bring us to God, being put to death in the flesh but made alive in the spirit,"
M47,Inner Seat,The heart/soul/spirit/inward parts as the seat of inner life,G4151G,spirit/breath: spirit,spirit,1Pe 3:18,"For Christ also suffered once for sins, the righteous for the unrighteous, that he might bring us to God, being put to death in the flesh but made alive in the spirit,"
M47,Inner Seat,The heart/soul/spirit/inward parts as the seat of inner life,G4151G,spirit/breath: spirit,spirits,1Pe 3:19,"in which he went and proclaimed to the spirits in prison,"
M47,Inner Seat,The heart/soul/spirit/inward parts as the seat of inner life,G5590J,soul: person,persons,1Pe 3:20,"because they formerly did not obey, when God’s patience waited in the days of Noah, while the ark was being prepared, in which a few, that is, eight persons, were brought safely through water."
M47,Inner Seat,The heart/soul/spirit/inward parts as the seat of inner life,G4561,flesh,body,1Pe 3:21,"Baptism, which corresponds to this, now saves you, not as a removal of dirt from the body but as an appeal to God for a good conscience, through the resurrection of Jesus Christ,"
M47,Inner Seat,The heart/soul/spirit/inward parts as the seat of inner life,G4893,conscience,conscience,1Pe 3:21,"Baptism, which corresponds to this, now saves you, not as a removal of dirt from the body but as an appeal to God for a good conscience, through the resurrection of Jesus Christ,"
M47,Inner Seat,The heart/soul/spirit/inward parts as the seat of inner life,G2588,heart,heart,1Pe 3:4,"but let your adorning be the hidden person of the heart with the imperishable beauty of a gentle and quiet spirit, which in God’s sight is very precious."
M47,Inner Seat,The heart/soul/spirit/inward parts as the seat of inner life,G4151G,spirit/breath: spirit,spirit,1Pe 3:4,"but let your adorning be the hidden person of the heart with the imperishable beauty of a gentle and quiet spirit, which in God’s sight is very precious."
M47,Inner Seat,The heart/soul/spirit/inward parts as the seat of inner life,G4561,flesh,flesh,1Pe 4:1,"Since therefore Christ suffered in the flesh, arm yourselves with the same way of thinking, for whoever has suffered in the flesh has ceased from sin,"
M47,Inner Seat,The heart/soul/spirit/inward parts as the seat of inner life,G4561,flesh,flesh,1Pe 4:1,"Since therefore Christ suffered in the flesh, arm yourselves with the same way of thinking, for whoever has suffered in the flesh has ceased from sin,"
M47,Inner Seat,The heart/soul/spirit/inward parts as the seat of inner life,G4151G,spirit/breath: spirit,Spirit,1Pe 4:14,"If you are insulted for the name of Christ, you are blessed, because the Spirit of glory and of God rests upon you."
M47,Inner Seat,The heart/soul/spirit/inward parts as the seat of inner life,G5590G,soul,souls,1Pe 4:19,Therefore let those who suffer according to God’s will entrust their souls to a faithful Creator while doing good.
M47,Inner Seat,The heart/soul/spirit/inward parts as the seat of inner life,G4561,flesh,flesh,1Pe 4:6,"For this is why the gospel was preached even to those who are dead, that though judged in the flesh the way people are, they might live in the spirit the way God does."
M47,Inner Seat,The heart/soul/spirit/inward parts as the seat of inner life,G4151G,spirit/breath: spirit,spirit,1Pe 4:6,"For this is why the gospel was preached even to those who are dead, that though judged in the flesh the way people are, they might live in the spirit the way God does."
M47,Inner Seat,The heart/soul/spirit/inward parts as the seat of inner life,H3820A,heart,heart,1Sa 10:9,"When he turned his back to leave Samuel, God gave him another heart. And all these signs came to pass that day."
M47,Inner Seat,The heart/soul/spirit/inward parts as the seat of inner life,H7307G,spirit,Spirit,1Sa 11:6,"And the Spirit of God rushed upon Saul when he heard these words, and his anger was greatly kindled."
M47,Inner Seat,The heart/soul/spirit/inward parts as the seat of inner life,H3824,heart,heart,1Sa 12:20,"And Samuel said to the people, “Do not be afraid; you have done all this evil. Yet do not turn aside from following the Lord, but serve the Lord with all your heart."
M47,Inner Seat,The heart/soul/spirit/inward parts as the seat of inner life,H3824,heart,heart,1Sa 12:24,Only fear the Lord and serve him faithfully with all your heart. For consider what great things he has done for you.
M47,Inner Seat,The heart/soul/spirit/inward parts as the seat of inner life,H3824,heart,heart,1Sa 13:14,"But now your kingdom shall not continue. The Lord has sought out a man after his own heart, and the Lord has commanded him to be prince over his people, because you have not kept what the Lord commanded you.”"
M47,Inner Seat,The heart/soul/spirit/inward parts as the seat of inner life,H7307G,spirit,Spirit,1Sa 16:13,Then Samuel took the horn of oil and anointed him in the midst of his brothers. And the Spirit of the Lord rushed upon David from that day forward. And Samuel rose up and went to Ramah.
M47,Inner Seat,The heart/soul/spirit/inward parts as the seat of inner life,H7307G,spirit,spirit,1Sa 16:15,"And Saul’s servants said to him, “ Behold now, a harmful spirit from God is tormenting you."
M47,Inner Seat,The heart/soul/spirit/inward parts as the seat of inner life,H3824,heart,heart,1Sa 17:28,"Now Eliab his eldest brother heard when he spoke to the men. And Eliab’s anger was kindled against David, and he said, “ Why have you come down? And with whom have you left those few sheep in the wilderness? I know your presumption and the evil of your heart, for you have come down to see the battle.”"
M47,Inner Seat,The heart/soul/spirit/inward parts as the seat of inner life,H3820A,heart,heart,1Sa 17:32,"And David said to Saul, “Let no man’s heart fail because of him. Your servant will go and fight with this Philistine.”"
M47,Inner Seat,The heart/soul/spirit/inward parts as the seat of inner life,H5315G,soul,soul,1Sa 17:55,"As soon as Saul saw David go out against the Philistine, he said to Abner, the commander of the army, “ Abner, whose son is this youth?” And Abner said, “As your soul lives, O king, I do not know.”"
M47,Inner Seat,The heart/soul/spirit/inward parts as the seat of inner life,H7307G,spirit,spirit,1Sa 18:10,"The next day a harmful spirit from God rushed upon Saul, and he raved within his house while David was playing the lyre, as he did day by day. Saul had his spear in his hand."
M47,Inner Seat,The heart/soul/spirit/inward parts as the seat of inner life,H7307G,spirit,Spirit,1Sa 19:20,"Then Saul sent messengers to take David, and when they saw the company of the prophets prophesying, and Samuel standing as head over them, the Spirit of God came upon the messengers of Saul, and they also prophesied."
M47,Inner Seat,The heart/soul/spirit/inward parts as the seat of inner life,H5315I,soul: myself,distressed,1Sa 1:10,She was deeply distressed and prayed to the Lord and wept bitterly.
M47,Inner Seat,The heart/soul/spirit/inward parts as the seat of inner life,H7307G,spirit,spirit,1Sa 1:15,"But Hannah answered, “ No, my lord, I am a woman troubled in spirit. I have drunk neither wine nor strong drink, but I have been pouring out my soul before the Lord."
M47,Inner Seat,The heart/soul/spirit/inward parts as the seat of inner life,H5315I,soul: myself,you,1Sa 1:26,"And she said, “ Oh, my lord! As you live, my lord, I am the woman who was standing here in your presence, praying to the Lord."
M47,Inner Seat,The heart/soul/spirit/inward parts as the seat of inner life,H3824,heart,heart,1Sa 1:8,"And Elkanah, her husband, said to her, “ Hannah, why do you weep? And why do you not eat? And why is your heart sad? Am I not more to you than ten sons?”"
M47,Inner Seat,The heart/soul/spirit/inward parts as the seat of inner life,H5315G,soul,soul,1Sa 20:17,"And Jonathan made David swear again by his love for him, for he loved him as he loved his own soul."
M47,Inner Seat,The heart/soul/spirit/inward parts as the seat of inner life,H5315G,soul,soul,1Sa 20:3,"But David vowed again, saying, “Your father knows well that I have found favor in your eyes, and he thinks, ‘Do not let Jonathan know this, lest he be grieved.’ But truly, as the Lord lives and as your soul lives, there is but a step between me and death.”"
M47,Inner Seat,The heart/soul/spirit/inward parts as the seat of inner life,H5315I,soul: myself,you,1Sa 20:4,"Then Jonathan said to David, “ Whatever you say, I will do for you.”"
M47,Inner Seat,The heart/soul/spirit/inward parts as the seat of inner life,H5315G,soul,soul,1Sa 22:2,"And everyone who was in distress, and everyone who was in debt, and everyone who was bitter in soul, gathered to him. And he became commander over them. And there were with him about four hundred men."
M47,Inner Seat,The heart/soul/spirit/inward parts as the seat of inner life,H5315J,soul: person,persons,1Sa 22:22,"And David said to Abiathar, “I knew on that day, when Doeg the Edomite was there, that he would surely tell Saul. I have occasioned the death of all the persons of your father’s house."
M47,Inner Seat,The heart/soul/spirit/inward parts as the seat of inner life,H5315G,soul,heart’s,1Sa 23:20,"Now come down, O king, according to all your heart’s desire to come down, and our part shall be to surrender him into the king’s hand.”"
M47,Inner Seat,The heart/soul/spirit/inward parts as the seat of inner life,H3820A,heart,heart,1Sa 24:5,"And afterward David’s heart struck him, because he had cut off a corner of Saul’s robe."
M47,Inner Seat,The heart/soul/spirit/inward parts as the seat of inner life,H5315G,soul,soul,1Sa 25:26,"Now then, my lord, as the Lord lives, and as your soul lives, because the Lord has restrained you from bloodguilt and from saving with your own hand, now then let your enemies and those who seek to do evil to my lord be as Nabal."
M47,Inner Seat,The heart/soul/spirit/inward parts as the seat of inner life,H3820A,heart,conscience,1Sa 25:31,"my lord shall have no cause of grief or pangs of conscience for having shed blood without cause or for my lord working salvation himself. And when the Lord has dealt well with my lord, then remember your servant.”"
M47,Inner Seat,The heart/soul/spirit/inward parts as the seat of inner life,H3820A,heart,heart,1Sa 25:37,"In the morning, when the wine had gone out of Nabal, his wife told him these things, and his heart died within him, and he became as a stone."
M47,Inner Seat,The heart/soul/spirit/inward parts as the seat of inner life,H5315H,soul: life,life,1Sa 26:21,"Then Saul said, “I have sinned. Return, my son David, for I will no more do you harm, because my life was precious in your eyes this day. Behold, I have acted foolishly, and have made a great mistake.”"
M47,Inner Seat,The heart/soul/spirit/inward parts as the seat of inner life,H5315H,soul: life,life,1Sa 26:24,"Behold, as your life was precious this day in my sight, so may my life be precious in the sight of the Lord, and may he deliver me out of all tribulation.”"
M47,Inner Seat,The heart/soul/spirit/inward parts as the seat of inner life,H5315H,soul: life,life,1Sa 26:24,"Behold, as your life was precious this day in my sight, so may my life be precious in the sight of the Lord, and may he deliver me out of all tribulation.”"
M47,Inner Seat,The heart/soul/spirit/inward parts as the seat of inner life,H5315H,soul: life,life,1Sa 28:21,"And the woman came to Saul, and when she saw that he was terrified, she said to him, “ Behold, your servant has obeyed you. I have taken my life in my hand and have listened to what you have said to me."
M47,Inner Seat,The heart/soul/spirit/inward parts as the seat of inner life,H3820A,heart,heart,1Sa 28:5,"When Saul saw the army of the Philistines, he was afraid, and his heart trembled greatly."
M47,Inner Seat,The heart/soul/spirit/inward parts as the seat of inner life,H3820A,heart,heart,1Sa 2:1,"And Hannah prayed and said, “My heart exults in the Lord; my horn is exalted in the Lord. My mouth derides my enemies, because I rejoice in your salvation."
M47,Inner Seat,The heart/soul/spirit/inward parts as the seat of inner life,H5315I,soul: myself,you,1Sa 2:16,"And if the man said to him, “ Let them burn the fat first, and then take as much as you wish,” he would say, “ No, you must give it now, and if not, I will take it by force.”"
M47,Inner Seat,The heart/soul/spirit/inward parts as the seat of inner life,H7307G,spirit,spirit,1Sa 30:12,"and they gave him a piece of a cake of figs and two clusters of raisins. And when he had eaten, his spirit revived, for he had not eaten bread or drunk water for three days and three nights."
M47,Inner Seat,The heart/soul/spirit/inward parts as the seat of inner life,H5315G,soul,soul,1Sa 30:6,"And David was greatly distressed, for the people spoke of stoning him, because all the people were bitter in soul, each for his sons and daughters. But David strengthened himself in the Lord his God."
M47,Inner Seat,The heart/soul/spirit/inward parts as the seat of inner life,H3824,heart,heart,1Sa 7:3,"And Samuel said to all the house of Israel, “ If you are returning to the Lord with all your heart, then put away the foreign gods and the Ashtaroth from among you and direct your heart to the Lord and serve him only, and he will deliver you out of the hand of the Philistines.”"
M47,Inner Seat,The heart/soul/spirit/inward parts as the seat of inner life,H3824,heart,heart,1Sa 7:3,"And Samuel said to all the house of Israel, “ If you are returning to the Lord with all your heart, then put away the foreign gods and the Ashtaroth from among you and direct your heart to the Lord and serve him only, and he will deliver you out of the hand of the Philistines.”"
M47,Inner Seat,The heart/soul/spirit/inward parts as the seat of inner life,G4151G,spirit/breath: spirit,Spirit,1Th 1:5,"because our gospel came to you not only in word, but also in power and in the Holy Spirit and with full conviction. You know what kind of men we proved to be among you for your sake."
M47,Inner Seat,The heart/soul/spirit/inward parts as the seat of inner life,G4151G,spirit/breath: spirit,Spirit,1Th 1:6,"And you became imitators of us and of the Lord, for you received the word in much affliction, with the joy of the Holy Spirit,"
M47,Inner Seat,The heart/soul/spirit/inward parts as the seat of inner life,G2588,heart,heart,1Th 2:17,"But since we were torn away from you, brothers, for a short time, in person not in heart, we endeavored the more eagerly and with great desire to see you face to face,"
M47,Inner Seat,The heart/soul/spirit/inward parts as the seat of inner life,G2588,heart,hearts,1Th 2:4,"but just as we have been approved by God to be entrusted with the gospel, so we speak, not to please man, but to please God who tests our hearts."
M47,Inner Seat,The heart/soul/spirit/inward parts as the seat of inner life,G5590H,soul: life,selves,1Th 2:8,"So, being affectionately desirous of you, we were ready to share with you not only the gospel of God but also our own selves, because you had become very dear to us."
M47,Inner Seat,The heart/soul/spirit/inward parts as the seat of inner life,G2588,heart,hearts,1Th 3:13,"so that he may establish your hearts blameless in holiness before our God and Father, at the coming of our Lord Jesus with all his saints."
M47,Inner Seat,The heart/soul/spirit/inward parts as the seat of inner life,G4151G,spirit/breath: spirit,Spirit,1Th 4:8,"Therefore whoever disregards this, disregards not man but God, who gives his Holy Spirit to you."
M47,Inner Seat,The heart/soul/spirit/inward parts as the seat of inner life,G4151G,spirit/breath: spirit,Spirit,1Th 5:19,Do not quench the Spirit.
M47,Inner Seat,The heart/soul/spirit/inward parts as the seat of inner life,G5590G,soul,soul,1Th 5:23,"Now may the God of peace himself sanctify you completely, and may your whole spirit and soul and body be kept blameless at the coming of our Lord Jesus Christ."
M47,Inner Seat,The heart/soul/spirit/inward parts as the seat of inner life,G4151G,spirit/breath: spirit,spirit,1Th 5:23,"Now may the God of peace himself sanctify you completely, and may your whole spirit and soul and body be kept blameless at the coming of our Lord Jesus Christ."
M47,Inner Seat,The heart/soul/spirit/inward parts as the seat of inner life,G4893,conscience,conscience,1Ti 1:19,"holding faith and a good conscience. By rejecting this, some have made shipwreck of their faith,"
M47,Inner Seat,The heart/soul/spirit/inward parts as the seat of inner life,G2588,heart,heart,1Ti 1:5,The aim of our charge is love that issues from a pure heart and a good conscience and a sincere faith.
M47,Inner Seat,The heart/soul/spirit/inward parts as the seat of inner life,G4893,conscience,conscience,1Ti 1:5,The aim of our charge is love that issues from a pure heart and a good conscience and a sincere faith.
M47,Inner Seat,The heart/soul/spirit/inward parts as the seat of inner life,G4561,flesh,flesh,1Ti 3:16,"Great indeed, we confess, is the mystery of godliness: He was manifested in the flesh, vindicated by the Spirit, seen by angels, proclaimed among the nations, believed on in the world, taken up in glory."
M47,Inner Seat,The heart/soul/spirit/inward parts as the seat of inner life,G4151G,spirit/breath: spirit,Spirit,1Ti 3:16,"Great indeed, we confess, is the mystery of godliness: He was manifested in the flesh, vindicated by the Spirit, seen by angels, proclaimed among the nations, believed on in the world, taken up in glory."
M47,Inner Seat,The heart/soul/spirit/inward parts as the seat of inner life,G4893,conscience,conscience,1Ti 3:9,They must hold the mystery of the faith with a clear conscience.
M47,Inner Seat,The heart/soul/spirit/inward parts as the seat of inner life,G4151G,spirit/breath: spirit,Spirit,1Ti 4:1,"Now the Spirit expressly says that in later times some will depart from the faith by devoting themselves to deceitful spirits and teachings of demons,"
M47,Inner Seat,The heart/soul/spirit/inward parts as the seat of inner life,G4151G,spirit/breath: spirit,spirits,1Ti 4:1,"Now the Spirit expressly says that in later times some will depart from the faith by devoting themselves to deceitful spirits and teachings of demons,"
M47,Inner Seat,The heart/soul/spirit/inward parts as the seat of inner life,G4893,conscience,consciences,1Ti 4:2,"through the insincerity of liars whose consciences are seared,"
M47,Inner Seat,The heart/soul/spirit/inward parts as the seat of inner life,H3820A,heart,heart,2Ch 12:14,"And he did evil, for he did not set his heart to seek the Lord."
M47,Inner Seat,The heart/soul/spirit/inward parts as the seat of inner life,H5315G,soul,soul,2Ch 15:12,"And they entered into a covenant to seek the Lord, the God of their fathers, with all their heart and with all their soul,"
M47,Inner Seat,The heart/soul/spirit/inward parts as the seat of inner life,H3824,heart,heart,2Ch 15:12,"And they entered into a covenant to seek the Lord, the God of their fathers, with all their heart and with all their soul,"
M47,Inner Seat,The heart/soul/spirit/inward parts as the seat of inner life,H3824,heart,heart,2Ch 15:15,"And all Judah rejoiced over the oath, for they had sworn with all their heart and had sought him with their whole desire, and he was found by them, and the Lord gave them rest all around."
M47,Inner Seat,The heart/soul/spirit/inward parts as the seat of inner life,H3824,heart,heart,2Ch 15:17,"But the high places were not taken out of Israel. Nevertheless, the heart of Asa was wholly true all his days."
M47,Inner Seat,The heart/soul/spirit/inward parts as the seat of inner life,H3820A,heart,heart,2Ch 17:6,"His heart was courageous in the ways of the Lord. And furthermore, he took the high places and the Asherim out of Judah."
M47,Inner Seat,The heart/soul/spirit/inward parts as the seat of inner life,H7307G,spirit,spirit,2Ch 18:22,"Now therefore behold, the Lord has put a lying spirit in the mouth of these your prophets. The Lord has declared disaster concerning you.”"
M47,Inner Seat,The heart/soul/spirit/inward parts as the seat of inner life,H7307G,spirit,Spirit,2Ch 18:23,"Then Zedekiah the son of Chenaanah came near and struck Micaiah on the cheek and said, “ Which way did the Spirit of the Lord go from me to speak to you?”"
M47,Inner Seat,The heart/soul/spirit/inward parts as the seat of inner life,H3824,heart,heart,2Ch 19:3,"Nevertheless, some good is found in you, for you destroyed the Asheroth out of the land, and have set your heart to seek God.”"
M47,Inner Seat,The heart/soul/spirit/inward parts as the seat of inner life,H3824,heart,hearts,2Ch 20:33,"The high places, however, were not taken away; the people had not yet set their hearts upon the God of their fathers."
M47,Inner Seat,The heart/soul/spirit/inward parts as the seat of inner life,H3824,heart,heart,2Ch 22:9,"He searched for Ahaziah, and he was captured while hiding in Samaria, and he was brought to Jehu and put to death. They buried him, for they said, “He is the grandson of Jehoshaphat, who sought the Lord with all his heart.” And the house of Ahaziah had no one able to rule the kingdom."
M47,Inner Seat,The heart/soul/spirit/inward parts as the seat of inner life,H3820A,heart,heart,2Ch 29:31,"Then Hezekiah said, “You have now consecrated yourselves to the Lord. Come near; bring sacrifices and thank offerings to the house of the Lord.” And the assembly brought sacrifices and thank offerings, and all who were of a willing heart brought burnt offerings."
M47,Inner Seat,The heart/soul/spirit/inward parts as the seat of inner life,H3824,heart,heart,2Ch 29:34,"But the priests were too few and could not flay all the burnt offerings, so until other priests had consecrated themselves, their brothers the Levites helped them, until the work was finished — for the Levites were more upright in heart than the priests in consecrating themselves."
M47,Inner Seat,The heart/soul/spirit/inward parts as the seat of inner life,H3824,heart,heart,2Ch 31:21,"And every work that he undertook in the service of the house of God and in accordance with the law and the commandments, seeking his God, he did with all his heart, and prospered."
M47,Inner Seat,The heart/soul/spirit/inward parts as the seat of inner life,H3820A,heart,heart,2Ch 32:25,"But Hezekiah did not make return according to the benefit done to him, for his heart was proud. Therefore wrath came upon him and Judah and Jerusalem."
M47,Inner Seat,The heart/soul/spirit/inward parts as the seat of inner life,H3820A,heart,heart,2Ch 32:26,"But Hezekiah humbled himself for the pride of his heart, both he and the inhabitants of Jerusalem, so that the wrath of the Lord did not come upon them in the days of Hezekiah."
M47,Inner Seat,The heart/soul/spirit/inward parts as the seat of inner life,H1320,flesh,flesh,2Ch 32:8,"With him is an arm of flesh, but with us is the Lord our God, to help us and to fight our battles.” And the people took confidence from the words of Hezekiah king of Judah."
M47,Inner Seat,The heart/soul/spirit/inward parts as the seat of inner life,H3824,heart,heart,2Ch 34:27,"because your heart was tender and you humbled yourself before God when you heard his words against this place and its inhabitants, and you have humbled yourself before me and have torn your clothes and wept before me, I also have heard you, declares the Lord."
M47,Inner Seat,The heart/soul/spirit/inward parts as the seat of inner life,H5315G,soul,soul,2Ch 34:31,"And the king stood in his place and made a covenant before the Lord, to walk after the Lord and to keep his commandments and his testimonies and his statutes, with all his heart and all his soul, to perform the words of the covenant that were written in this book."
M47,Inner Seat,The heart/soul/spirit/inward parts as the seat of inner life,H3824,heart,heart,2Ch 34:31,"And the king stood in his place and made a covenant before the Lord, to walk after the Lord and to keep his commandments and his testimonies and his statutes, with all his heart and all his soul, to perform the words of the covenant that were written in this book."
M47,Inner Seat,The heart/soul/spirit/inward parts as the seat of inner life,H3820A,heart,heart,2Ch 6:14,"and said, “O Lord, God of Israel, there is no God like you, in heaven or on earth, keeping covenant and showing steadfast love to your servants who walk before you with all their heart,"
M47,Inner Seat,The heart/soul/spirit/inward parts as the seat of inner life,H3820A,heart,heart,2Ch 6:38,"if they repent with all their heart and with all their soul in the land of their captivity to which they were carried captive, and pray toward their land, which you gave to their fathers, the city that you have chosen and the house that I have built for your name,"
M47,Inner Seat,The heart/soul/spirit/inward parts as the seat of inner life,H5315G,soul,soul,2Ch 6:38,"if they repent with all their heart and with all their soul in the land of their captivity to which they were carried captive, and pray toward their land, which you gave to their fathers, the city that you have chosen and the house that I have built for your name,"
M47,Inner Seat,The heart/soul/spirit/inward parts as the seat of inner life,H3824,heart,heart,2Ch 6:7,"Now it was in the heart of David my father to build a house for the name of the Lord, the God of Israel."
M47,Inner Seat,The heart/soul/spirit/inward parts as the seat of inner life,H3824,heart,heart,2Ch 6:8,"But the Lord said to David my father, ‘ Whereas it was in your heart to build a house for my name, you did well that it was in your heart."
M47,Inner Seat,The heart/soul/spirit/inward parts as the seat of inner life,H3820A,heart,heart,2Ch 7:10,"On the twenty-third day of the seventh month he sent the people away to their homes, joyful and glad of heart for the prosperity that the Lord had granted to David and to Solomon and to Israel his people."
M47,Inner Seat,The heart/soul/spirit/inward parts as the seat of inner life,G4561,flesh,flesh,2Cor 10:2,I beg of you that when I am present I may not have to show boldness with such confidence as I count on showing against some who suspect us of walking according to the flesh.
M47,Inner Seat,The heart/soul/spirit/inward parts as the seat of inner life,G4561,flesh,flesh,2Cor 10:3,"For though we walk in the flesh, we are not waging war according to the flesh."
M47,Inner Seat,The heart/soul/spirit/inward parts as the seat of inner life,G4561,flesh,flesh,2Cor 10:3,"For though we walk in the flesh, we are not waging war according to the flesh."
M47,Inner Seat,The heart/soul/spirit/inward parts as the seat of inner life,G4561,flesh,flesh,2Cor 11:18,"Since many boast according to the flesh, I too will boast."
M47,Inner Seat,The heart/soul/spirit/inward parts as the seat of inner life,G4151G,spirit/breath: spirit,spirit,2Cor 11:4,"For if someone comes and proclaims another Jesus than the one we proclaimed, or if you receive a different spirit from the one you received, or if you accept a different gospel from the one you accepted, you put up with it readily enough."
M47,Inner Seat,The heart/soul/spirit/inward parts as the seat of inner life,G5590G,soul,souls,2Cor 12:15,"I will most gladly spend and be spent for your souls. If I love you more, am I to be loved less?"
M47,Inner Seat,The heart/soul/spirit/inward parts as the seat of inner life,G4151G,spirit/breath: spirit,spirit,2Cor 12:18,"I urged Titus to go, and sent the brother with him. Did Titus take advantage of you? Did we not act in the same spirit? Did we not take the same steps?"
M47,Inner Seat,The heart/soul/spirit/inward parts as the seat of inner life,G4561,flesh,flesh,2Cor 12:7,"So to keep me from becoming conceited because of the surpassing greatness of the revelations, a thorn was given me in the flesh, a messenger of Satan to harass me, to keep me from becoming conceited."
M47,Inner Seat,The heart/soul/spirit/inward parts as the seat of inner life,G4151G,spirit/breath: spirit,Spirit,2Cor 13:14,The grace of the Lord Jesus Christ and the love of God and the fellowship of the Holy Spirit be with you all.
M47,Inner Seat,The heart/soul/spirit/inward parts as the seat of inner life,G4893,conscience,conscience,2Cor 1:12,"For our boast is this, the testimony of our conscience, that we behaved in the world with simplicity and godly sincerity, not by earthly wisdom but by the grace of God, and supremely so toward you."
M47,Inner Seat,The heart/soul/spirit/inward parts as the seat of inner life,G4561,flesh,flesh,2Cor 1:17,"Was I vacillating when I wanted to do this? Do I make my plans according to the flesh, ready to say “ Yes, yes ” and “ No, no ” at the same time?"
M47,Inner Seat,The heart/soul/spirit/inward parts as the seat of inner life,G2588,heart,hearts,2Cor 1:22,and who has also put his seal on us and given us his Spirit in our hearts as a guarantee.
M47,Inner Seat,The heart/soul/spirit/inward parts as the seat of inner life,G4151G,spirit/breath: spirit,Spirit,2Cor 1:22,and who has also put his seal on us and given us his Spirit in our hearts as a guarantee.
M47,Inner Seat,The heart/soul/spirit/inward parts as the seat of inner life,G4151G,spirit/breath: spirit,spirit,2Cor 2:13,my spirit was not at rest because I did not find my brother Titus there. So I took leave of them and went on to Macedonia.
M47,Inner Seat,The heart/soul/spirit/inward parts as the seat of inner life,G2588,heart,heart,2Cor 2:4,"For I wrote to you out of much affliction and anguish of heart and with many tears, not to cause you pain but to let you know the abundant love that I have for you."
M47,Inner Seat,The heart/soul/spirit/inward parts as the seat of inner life,G2588,heart,hearts,2Cor 3:15,"Yes, to this day whenever Moses is read a veil lies over their hearts."
M47,Inner Seat,The heart/soul/spirit/inward parts as the seat of inner life,G4151G,spirit/breath: spirit,Spirit,2Cor 3:17,"Now the Lord is the Spirit, and where the Spirit of the Lord is, there is freedom."
M47,Inner Seat,The heart/soul/spirit/inward parts as the seat of inner life,G4151G,spirit/breath: spirit,Spirit,2Cor 3:17,"Now the Lord is the Spirit, and where the Spirit of the Lord is, there is freedom."
M47,Inner Seat,The heart/soul/spirit/inward parts as the seat of inner life,G4151G,spirit/breath: spirit,Spirit,2Cor 3:18,"And we all, with unveiled face, beholding the glory of the Lord, are being transformed into the same image from one degree of glory to another. For this comes from the Lord who is the Spirit."
M47,Inner Seat,The heart/soul/spirit/inward parts as the seat of inner life,G2588,heart,hearts,2Cor 3:2,"You yourselves are our letter of recommendation, written on our hearts, to be known and read by all."
M47,Inner Seat,The heart/soul/spirit/inward parts as the seat of inner life,G2588,heart,hearts,2Cor 3:3,"And you show that you are a letter from Christ delivered by us, written not with ink but with the Spirit of the living God, not on tablets of stone but on tablets of human hearts."
M47,Inner Seat,The heart/soul/spirit/inward parts as the seat of inner life,G4151G,spirit/breath: spirit,Spirit,2Cor 3:3,"And you show that you are a letter from Christ delivered by us, written not with ink but with the Spirit of the living God, not on tablets of stone but on tablets of human hearts."
M47,Inner Seat,The heart/soul/spirit/inward parts as the seat of inner life,G4151G,spirit/breath: spirit,Spirit,2Cor 3:6,"who has made us sufficient to be ministers of a new covenant, not of the letter but of the Spirit. For the letter kills, but the Spirit gives life."
M47,Inner Seat,The heart/soul/spirit/inward parts as the seat of inner life,G4151G,spirit/breath: spirit,Spirit,2Cor 3:6,"who has made us sufficient to be ministers of a new covenant, not of the letter but of the Spirit. For the letter kills, but the Spirit gives life."
M47,Inner Seat,The heart/soul/spirit/inward parts as the seat of inner life,G4151G,spirit/breath: spirit,Spirit,2Cor 3:8,will not the ministry of the Spirit have even more glory?
M47,Inner Seat,The heart/soul/spirit/inward parts as the seat of inner life,G1573,to lose heart,lose heart,2Cor 4:1,"Therefore, having this ministry by the mercy of God, we do not lose heart."
M47,Inner Seat,The heart/soul/spirit/inward parts as the seat of inner life,G4561,flesh,flesh,2Cor 4:11,"For we who live are always being given over to death for Jesus ’ sake, so that the life of Jesus also may be manifested in our mortal flesh."
M47,Inner Seat,The heart/soul/spirit/inward parts as the seat of inner life,G4151G,spirit/breath: spirit,spirit,2Cor 4:13,"Since we have the same spirit of faith according to what has been written, “I believed, and so I spoke,” we also believe, and so we also speak,"
M47,Inner Seat,The heart/soul/spirit/inward parts as the seat of inner life,G1573,to lose heart,lose heart,2Cor 4:16,"So we do not lose heart. Though our outer self is wasting away, our inner self is being renewed day by day."
M47,Inner Seat,The heart/soul/spirit/inward parts as the seat of inner life,G4893,conscience,conscience,2Cor 4:2,"But we have renounced disgraceful, underhanded ways. We refuse to practice cunning or to tamper with God’s word, but by the open statement of the truth we would commend ourselves to everyone’s conscience in the sight of God."
M47,Inner Seat,The heart/soul/spirit/inward parts as the seat of inner life,G2588,heart,hearts,2Cor 4:6,"For God, who said, “Let light shine out of darkness,” has shone in our hearts to give the light of the knowledge of the glory of God in the face of Jesus Christ."
M47,Inner Seat,The heart/soul/spirit/inward parts as the seat of inner life,G4893,conscience,conscience,2Cor 5:11,"Therefore, knowing the fear of the Lord, we persuade others. But what we are is known to God, and I hope it is known also to your conscience."
M47,Inner Seat,The heart/soul/spirit/inward parts as the seat of inner life,G2588,heart,heart,2Cor 5:12,"We are not commending ourselves to you again but giving you cause to boast about us, so that you may be able to answer those who boast about outward appearance and not about what is in the heart."
M47,Inner Seat,The heart/soul/spirit/inward parts as the seat of inner life,G4561,flesh,flesh,2Cor 5:16,"From now on, therefore, we regard no one according to the flesh. Even though we once regarded Christ according to the flesh, we regard him thus no longer."
M47,Inner Seat,The heart/soul/spirit/inward parts as the seat of inner life,G4561,flesh,flesh,2Cor 5:16,"From now on, therefore, we regard no one according to the flesh. Even though we once regarded Christ according to the flesh, we regard him thus no longer."
M47,Inner Seat,The heart/soul/spirit/inward parts as the seat of inner life,G4151G,spirit/breath: spirit,Spirit,2Cor 5:5,"He who has prepared us for this very thing is God, who has given us the Spirit as a guarantee."
M47,Inner Seat,The heart/soul/spirit/inward parts as the seat of inner life,G2588,heart,heart,2Cor 6:11,"We have spoken freely to you, Corinthians; our heart is wide open."
M47,Inner Seat,The heart/soul/spirit/inward parts as the seat of inner life,G4151G,spirit/breath: spirit,Spirit,2Cor 6:6,"by purity, knowledge, patience, kindness, the Holy Spirit, genuine love;"
M47,Inner Seat,The heart/soul/spirit/inward parts as the seat of inner life,G4561,flesh,body,2Cor 7:1,"Since we have these promises, beloved, let us cleanse ourselves from every defilement of body and spirit, bringing holiness to completion in the fear of God."
M47,Inner Seat,The heart/soul/spirit/inward parts as the seat of inner life,G4151G,spirit/breath: spirit,spirit,2Cor 7:1,"Since we have these promises, beloved, let us cleanse ourselves from every defilement of body and spirit, bringing holiness to completion in the fear of God."
M47,Inner Seat,The heart/soul/spirit/inward parts as the seat of inner life,G4151G,spirit/breath: spirit,spirit,2Cor 7:13,"Therefore we are comforted. And besides our own comfort, we rejoiced still more at the joy of Titus, because his spirit has been refreshed by you all."
M47,Inner Seat,The heart/soul/spirit/inward parts as the seat of inner life,G2588,heart,hearts,2Cor 7:3,"I do not say this to condemn you, for I said before that you are in our hearts, to die together and to live together."
M47,Inner Seat,The heart/soul/spirit/inward parts as the seat of inner life,G4561,flesh,bodies,2Cor 7:5,"For even when we came into Macedonia, our bodies had no rest, but we were afflicted at every turn— fighting without and fear within."
M47,Inner Seat,The heart/soul/spirit/inward parts as the seat of inner life,G2588,heart,heart,2Cor 8:16,"But thanks be to God, who put into the heart of Titus the same earnest care I have for you."
M47,Inner Seat,The heart/soul/spirit/inward parts as the seat of inner life,G2588,heart,heart,2Cor 9:7,"Each one must give as he has decided in his heart, not reluctantly or under compulsion, for God loves a cheerful giver."
M47,Inner Seat,The heart/soul/spirit/inward parts as the seat of inner life,G4561,flesh,flesh,2Jo 7,"For many deceivers have gone out into the world, those who do not confess the coming of Jesus Christ in the flesh. Such a one is the deceiver and the antichrist."
M47,Inner Seat,The heart/soul/spirit/inward parts as the seat of inner life,H3824,heart,heart,2Ki 10:15,"And when he departed from there, he met Jehonadab the son of Rechab coming to meet him. And he greeted him and said to him, “ Is your heart true to my heart as mine is to yours?” And Jehonadab answered, “It is.” Jehu said, “If it is, give me your hand.” So he gave him his hand. And Jehu took him up with him into the chariot."
M47,Inner Seat,The heart/soul/spirit/inward parts as the seat of inner life,H3824,heart,yours,2Ki 10:15,"And when he departed from there, he met Jehonadab the son of Rechab coming to meet him. And he greeted him and said to him, “ Is your heart true to my heart as mine is to yours?” And Jehonadab answered, “It is.” Jehu said, “If it is, give me your hand.” So he gave him his hand. And Jehu took him up with him into the chariot."
M47,Inner Seat,The heart/soul/spirit/inward parts as the seat of inner life,H3824,heart,heart,2Ki 10:31,"But Jehu was not careful to walk in the law of the Lord, the God of Israel, with all his heart. He did not turn from the sins of Jeroboam, which he made Israel to sin."
M47,Inner Seat,The heart/soul/spirit/inward parts as the seat of inner life,H5315J,soul: person,persons,2Ki 12:4,"Jehoash said to the priests, “ All the money of the holy things that is brought into the house of the Lord, the money for which each man is assessed —the money from the assessment of persons —and the money that a man’s heart prompts him to bring into the house of the Lord,"
M47,Inner Seat,The heart/soul/spirit/inward parts as the seat of inner life,H5315H,soul: life,life,2Ki 1:13,"Again the king sent the captain of a third fifty with his fifty. And the third captain of fifty went up and came and fell on his knees before Elijah and entreated him, “O man of God, please let my life, and the life of these fifty servants of yours, be precious in your sight."
M47,Inner Seat,The heart/soul/spirit/inward parts as the seat of inner life,H5315H,soul: life,life,2Ki 1:14,"Behold, fire came down from heaven and consumed the two former captains of fifty men with their fifties, but now let my life be precious in your sight.”"
M47,Inner Seat,The heart/soul/spirit/inward parts as the seat of inner life,H3824,heart,heart,2Ki 22:19,"because your heart was penitent, and you humbled yourself before the Lord, when you heard how I spoke against this place and against its inhabitants, that they should become a desolation and a curse, and you have torn your clothes and wept before me, I also have heard you, declares the Lord."
M47,Inner Seat,The heart/soul/spirit/inward parts as the seat of inner life,H5315G,soul,soul,2Ki 23:25,"Before him there was no king like him, who turned to the Lord with all his heart and with all his soul and with all his might, according to all the Law of Moses, nor did any like him arise after him."
M47,Inner Seat,The heart/soul/spirit/inward parts as the seat of inner life,H3824,heart,heart,2Ki 23:25,"Before him there was no king like him, who turned to the Lord with all his heart and with all his soul and with all his might, according to all the Law of Moses, nor did any like him arise after him."
M47,Inner Seat,The heart/soul/spirit/inward parts as the seat of inner life,H3820A,heart,heart,2Ki 23:3,"And the king stood by the pillar and made a covenant before the Lord, to walk after the Lord and to keep his commandments and his testimonies and his statutes with all his heart and all his soul, to perform the words of this covenant that were written in this book. And all the people joined in the covenant."
M47,Inner Seat,The heart/soul/spirit/inward parts as the seat of inner life,H5315G,soul,soul,2Ki 23:3,"And the king stood by the pillar and made a covenant before the Lord, to walk after the Lord and to keep his commandments and his testimonies and his statutes with all his heart and all his soul, to perform the words of this covenant that were written in this book. And all the people joined in the covenant."
M47,Inner Seat,The heart/soul/spirit/inward parts as the seat of inner life,H7307G,spirit,spirit,2Ki 2:15,"Now when the sons of the prophets who were at Jericho saw him opposite them, they said, “The spirit of Elijah rests on Elisha.” And they came to meet him and bowed to the ground before him."
M47,Inner Seat,The heart/soul/spirit/inward parts as the seat of inner life,H5315I,soul: myself,yourself,2Ki 2:2,"And Elijah said to Elisha, “ Please stay here, for the Lord has sent me as far as Bethel.” But Elisha said, “As the Lord lives, and as you yourself live, I will not leave you.” So they went down to Bethel."
M47,Inner Seat,The heart/soul/spirit/inward parts as the seat of inner life,H5315I,soul: myself,yourself,2Ki 2:4,"Elijah said to him, “ Elisha, please stay here, for the Lord has sent me to Jericho.” But he said, “As the Lord lives, and as you yourself live, I will not leave you.” So they came to Jericho."
M47,Inner Seat,The heart/soul/spirit/inward parts as the seat of inner life,H5315I,soul: myself,yourself,2Ki 2:6,"Then Elijah said to him, “ Please stay here, for the Lord has sent me to the Jordan.” But he said, “As the Lord lives, and as you yourself live, I will not leave you.” So the two of them went on."
M47,Inner Seat,The heart/soul/spirit/inward parts as the seat of inner life,H7307H,spirit: breath,wind,2Ki 3:17,"For thus says the Lord, ‘You shall not see wind or rain, but that streambed shall be filled with water, so that you shall drink, you, your livestock, and your animals.’"
M47,Inner Seat,The heart/soul/spirit/inward parts as the seat of inner life,H5315I,soul: myself,she,2Ki 4:27,"And when she came to the mountain to the man of God, she caught hold of his feet. And Gehazi came to push her away. But the man of God said, “Leave her alone, for she is in bitter distress, and the Lord has hidden it from me and has not told me.”"
M47,Inner Seat,The heart/soul/spirit/inward parts as the seat of inner life,H5315I,soul: myself,yourself,2Ki 4:30,"Then the mother of the child said, “As the Lord lives and as you yourself live, I will not leave you.” So he arose and followed her."
M47,Inner Seat,The heart/soul/spirit/inward parts as the seat of inner life,H1320,flesh,flesh,2Ki 4:34,"Then he went up and lay on the child, putting his mouth on his mouth, his eyes on his eyes, and his hands on his hands. And as he stretched himself upon him, the flesh of the child became warm."
M47,Inner Seat,The heart/soul/spirit/inward parts as the seat of inner life,H1320,flesh,flesh,2Ki 5:10,"And Elisha sent a messenger to him, saying, “ Go and wash in the Jordan seven times, and your flesh shall be restored, and you shall be clean.”"
M47,Inner Seat,The heart/soul/spirit/inward parts as the seat of inner life,H1320,flesh,flesh,2Ki 5:14,"So he went down and dipped himself seven times in the Jordan, according to the word of the man of God, and his flesh was restored like the flesh of a little child, and he was clean."
M47,Inner Seat,The heart/soul/spirit/inward parts as the seat of inner life,H3820A,heart,heart,2Ki 5:26,"But he said to him, “Did not my heart go when the man turned from his chariot to meet you? Was it a time to accept money and garments, olive orchards and vineyards, sheep and oxen, male servants and female servants?"
M47,Inner Seat,The heart/soul/spirit/inward parts as the seat of inner life,H3820A,heart,mind,2Ki 6:11,"And the mind of the king of Syria was greatly troubled because of this thing, and he called his servants and said to them, “Will you not show me who of us is for the king of Israel?”"
M47,Inner Seat,The heart/soul/spirit/inward parts as the seat of inner life,H1320,flesh,body,2Ki 6:30,"When the king heard the words of the woman, he tore his clothes —now he was passing by on the wall —and the people looked, and behold, he had sackcloth beneath on his body —"
M47,Inner Seat,The heart/soul/spirit/inward parts as the seat of inner life,H5315I,soul: myself,decision,2Ki 9:15,"but King Joram had returned to be healed in Jezreel of the wounds that the Syrians had given him, when he fought with Hazael king of Syria.) So Jehu said, “ If this is your decision, then let no one slip out of the city to go and tell the news in Jezreel.”"
M47,Inner Seat,The heart/soul/spirit/inward parts as the seat of inner life,G2588,heart,hearts,2Pe 1:19,"And we have the prophetic word more fully confirmed, to which you will do well to pay attention as to a lamp shining in a dark place, until the day dawns and the morning star rises in your hearts,"
M47,Inner Seat,The heart/soul/spirit/inward parts as the seat of inner life,G4151G,spirit/breath: spirit,Spirit,2Pe 1:21,"For no prophecy was ever produced by the will of man, but men spoke from God as they were carried along by the Holy Spirit."
M47,Inner Seat,The heart/soul/spirit/inward parts as the seat of inner life,G2588,heart,hearts,2Pe 2:14,"They have eyes full of adultery, insatiable for sin. They entice unsteady souls. They have hearts trained in greed. Accursed children!"
M47,Inner Seat,The heart/soul/spirit/inward parts as the seat of inner life,G5590G,soul,souls,2Pe 2:14,"They have eyes full of adultery, insatiable for sin. They entice unsteady souls. They have hearts trained in greed. Accursed children!"
M47,Inner Seat,The heart/soul/spirit/inward parts as the seat of inner life,G5590G,soul,soul,2Pe 2:8,"(for as that righteous man lived among them day after day, he was tormenting his righteous soul over their lawless deeds that he saw and heard );"
M47,Inner Seat,The heart/soul/spirit/inward parts as the seat of inner life,H5315G,soul,soul,2Sa 11:11,"Uriah said to David, “The ark and Israel and Judah dwell in booths, and my lord Joab and the servants of my lord are camping in the open field. Shall I then go to my house, to eat and to drink and to lie with my wife? As you live, and as your soul lives, I will not do this thing.”"
M47,Inner Seat,The heart/soul/spirit/inward parts as the seat of inner life,H3820A,heart,heart,2Sa 13:28,"Then Absalom commanded his servants, “ Mark when Amnon’s heart is merry with wine, and when I say to you, ‘ Strike Amnon,’ then kill him. Do not fear; have I not commanded you? Be courageous and be valiant.”"
M47,Inner Seat,The heart/soul/spirit/inward parts as the seat of inner life,H3820A,heart,heart,2Sa 13:33,"Now therefore let not my lord the king so take it to heart as to suppose that all the king’s sons are dead, for Amnon alone is dead.”"
M47,Inner Seat,The heart/soul/spirit/inward parts as the seat of inner life,H3820A,heart,heart,2Sa 14:1,Now Joab the son of Zeruiah knew that the king’s heart went out to Absalom.
M47,Inner Seat,The heart/soul/spirit/inward parts as the seat of inner life,H5315H,soul: life,life,2Sa 14:14,"We must all die; we are like water spilled on the ground, which cannot be gathered up again. But God will not take away life, and he devises means so that the banished one will not remain an outcast."
M47,Inner Seat,The heart/soul/spirit/inward parts as the seat of inner life,H5315I,soul: myself,you,2Sa 14:19,"The king said, “Is the hand of Joab with you in all this?” The woman answered and said, “As surely as you live, my lord the king, one cannot turn to the right hand or to the left from anything that my lord the king has said. It was your servant Joab who commanded me; it was he who put all these words in the mouth of your servant."
M47,Inner Seat,The heart/soul/spirit/inward parts as the seat of inner life,H3820A,heart,heart,2Sa 17:10,"Then even the valiant man, whose heart is like the heart of a lion, will utterly melt with fear, for all Israel knows that your father is a mighty man, and that those who are with him are valiant men."
M47,Inner Seat,The heart/soul/spirit/inward parts as the seat of inner life,H5315H,soul: life,life,2Sa 1:9,"And he said to me, ‘ Stand beside me and kill me, for anguish has seized me, and yet my life still lingers.’"
M47,Inner Seat,The heart/soul/spirit/inward parts as the seat of inner life,H7307H,spirit: breath,wind,2Sa 22:11,He rode on a cherub and flew; he was seen on the wings of the wind.
M47,Inner Seat,The heart/soul/spirit/inward parts as the seat of inner life,H7307H,spirit: breath,breath,2Sa 22:16,"Then the channels of the sea were seen; the foundations of the world were laid bare, at the rebuke of the Lord, at the blast of the breath of his nostrils."
M47,Inner Seat,The heart/soul/spirit/inward parts as the seat of inner life,H7307G,spirit,Spirit,2Sa 23:2,“The Spirit of the Lord speaks by me; his word is on my tongue.
M47,Inner Seat,The heart/soul/spirit/inward parts as the seat of inner life,H3820A,heart,heart,2Sa 24:10,"But David’s heart struck him after he had numbered the people. And David said to the Lord, “I have sinned greatly in what I have done. But now, O Lord, please take away the iniquity of your servant, for I have done very foolishly.”"
M47,Inner Seat,The heart/soul/spirit/inward parts as the seat of inner life,H5315G,soul,heart,2Sa 3:21,"And Abner said to David, “I will arise and go and will gather all Israel to my lord the king, that they may make a covenant with you, and that you may reign over all that your heart desires.” So David sent Abner away, and he went in peace."
M47,Inner Seat,The heart/soul/spirit/inward parts as the seat of inner life,H5315G,soul,soul,2Sa 5:8,"And David said on that day, “ Whoever would strike the Jebusites, let him get up the water shaft to attack ‘the lame and the blind,’ who are hated by David’s soul.” Therefore it is said, “The blind and the lame shall not come into the house.”"
M47,Inner Seat,The heart/soul/spirit/inward parts as the seat of inner life,G4151G,spirit/breath: spirit,Spirit,2Th 2:13,"But we ought always to give thanks to God for you, brothers beloved by the Lord, because God chose you as the firstfruits to be saved, through sanctification by the Spirit and belief in the truth."
M47,Inner Seat,The heart/soul/spirit/inward parts as the seat of inner life,G2588,heart,hearts,2Th 2:17,comfort your hearts and establish them in every good work and word.
M47,Inner Seat,The heart/soul/spirit/inward parts as the seat of inner life,G4151G,spirit/breath: spirit,spirit,2Th 2:2,"not to be quickly shaken in mind or alarmed, either by a spirit or a spoken word, or a letter seeming to be from us, to the effect that the day of the Lord has come."
M47,Inner Seat,The heart/soul/spirit/inward parts as the seat of inner life,G4151H,spirit/breath: breath,breath,2Th 2:8,"And then the lawless one will be revealed, whom the Lord Jesus will kill with the breath of his mouth and bring to nothing by the appearance of his coming."
M47,Inner Seat,The heart/soul/spirit/inward parts as the seat of inner life,G1573,to lose heart,grow weary,2Th 3:13,"As for you, brothers, do not grow weary in doing good."
M47,Inner Seat,The heart/soul/spirit/inward parts as the seat of inner life,G2588,heart,hearts,2Th 3:5,May the Lord direct your hearts to the love of God and to the steadfastness of Christ.
M47,Inner Seat,The heart/soul/spirit/inward parts as the seat of inner life,G4151G,spirit/breath: spirit,Spirit,2Ti 1:14,"By the Holy Spirit who dwells within us, guard the good deposit entrusted to you."
M47,Inner Seat,The heart/soul/spirit/inward parts as the seat of inner life,G4893,conscience,conscience,2Ti 1:3,"I thank God whom I serve, as did my ancestors, with a clear conscience, as I remember you constantly in my prayers night and day."
M47,Inner Seat,The heart/soul/spirit/inward parts as the seat of inner life,G4151G,spirit/breath: spirit,spirit,2Ti 1:7,for God gave us a spirit not of fear but of power and love and self-control.
M47,Inner Seat,The heart/soul/spirit/inward parts as the seat of inner life,G2588,heart,heart,2Ti 2:22,"So flee youthful passions and pursue righteousness, faith, love, and peace, along with those who call on the Lord from a pure heart."
M47,Inner Seat,The heart/soul/spirit/inward parts as the seat of inner life,G4151G,spirit/breath: spirit,spirit,2Ti 4:22,The Lord be with your spirit. Grace be with you.
M47,Inner Seat,The heart/soul/spirit/inward parts as the seat of inner life,G5590I,soul: myself,soul,3Jo 2,"Beloved, I pray that all may go well with you and that you may be in good health, as it goes well with your soul."
M47,Inner Seat,The heart/soul/spirit/inward parts as the seat of inner life,G4151G,spirit/breath: spirit,Spirit,Act 10:19,"And while Peter was pondering the vision, the Spirit said to him, “ Behold, three men are looking for you."
M47,Inner Seat,The heart/soul/spirit/inward parts as the seat of inner life,G4151G,spirit/breath: spirit,Spirit,Act 10:38,"how God anointed Jesus of Nazareth with the Holy Spirit and with power. He went about doing good and healing all who were oppressed by the devil, for God was with him."
M47,Inner Seat,The heart/soul/spirit/inward parts as the seat of inner life,G4151G,spirit/breath: spirit,Spirit,Act 10:44,"While Peter was still saying these things, the Holy Spirit fell on all who heard the word."
M47,Inner Seat,The heart/soul/spirit/inward parts as the seat of inner life,G4151G,spirit/breath: spirit,Spirit,Act 10:45,"And the believers from among the circumcised who had come with Peter were amazed, because the gift of the Holy Spirit was poured out even on the Gentiles."
M47,Inner Seat,The heart/soul/spirit/inward parts as the seat of inner life,G4151G,spirit/breath: spirit,Spirit,Act 10:47,"“ Can anyone withhold water for baptizing these people, who have received the Holy Spirit just as we have?”"
M47,Inner Seat,The heart/soul/spirit/inward parts as the seat of inner life,G4151G,spirit/breath: spirit,Spirit,Act 11:12,"And the Spirit told me to go with them, making no distinction. These six brothers also accompanied me, and we entered the man’s house."
M47,Inner Seat,The heart/soul/spirit/inward parts as the seat of inner life,G4151G,spirit/breath: spirit,Spirit,Act 11:15,"As I began to speak, the Holy Spirit fell on them just as on us at the beginning."
M47,Inner Seat,The heart/soul/spirit/inward parts as the seat of inner life,G4151G,spirit/breath: spirit,Spirit,Act 11:16,"And I remembered the word of the Lord, how he said, ‘ John baptized with water, but you will be baptized with the Holy Spirit.’"
M47,Inner Seat,The heart/soul/spirit/inward parts as the seat of inner life,G2588,heart,purpose,Act 11:23,"When he came and saw the grace of God, he was glad, and he exhorted them all to remain faithful to the Lord with steadfast purpose,"
M47,Inner Seat,The heart/soul/spirit/inward parts as the seat of inner life,G4151G,spirit/breath: spirit,Spirit,Act 11:24,"for he was a good man, full of the Holy Spirit and of faith. And a great many people were added to the Lord."
M47,Inner Seat,The heart/soul/spirit/inward parts as the seat of inner life,G4151G,spirit/breath: spirit,Spirit,Act 11:28,And one of them named Agabus stood up and foretold by the Spirit that there would be a great famine over all the world ( this took place in the days of Claudius ).
M47,Inner Seat,The heart/soul/spirit/inward parts as the seat of inner life,G4151G,spirit/breath: spirit,Spirit,Act 13:2,"While they were worshiping the Lord and fasting, the Holy Spirit said, “Set apart for me Barnabas and Saul for the work to which I have called them.”"
M47,Inner Seat,The heart/soul/spirit/inward parts as the seat of inner life,G2588,heart,heart,Act 13:22,"And when he had removed him, he raised up David to be their king, of whom he testified and said, ‘I have found in David the son of Jesse a man after my heart, who will do all my will.’"
M47,Inner Seat,The heart/soul/spirit/inward parts as the seat of inner life,G4151G,spirit/breath: spirit,Spirit,Act 13:4,"So, being sent out by the Holy Spirit, they went down to Seleucia, and from there they sailed to Cyprus."
M47,Inner Seat,The heart/soul/spirit/inward parts as the seat of inner life,G4151G,spirit/breath: spirit,Spirit,Act 13:52,And the disciples were filled with joy and with the Holy Spirit.
M47,Inner Seat,The heart/soul/spirit/inward parts as the seat of inner life,G4151G,spirit/breath: spirit,Spirit,Act 13:9,"But Saul, who was also called Paul, filled with the Holy Spirit, looked intently at him"
M47,Inner Seat,The heart/soul/spirit/inward parts as the seat of inner life,G2588,heart,hearts,Act 14:17,"Yet he did not leave himself without witness, for he did good by giving you rains from heaven and fruitful seasons, satisfying your hearts with food and gladness.”"
M47,Inner Seat,The heart/soul/spirit/inward parts as the seat of inner life,G5590G,soul,minds,Act 14:2,But the unbelieving Jews stirred up the Gentiles and poisoned their minds against the brothers.
M47,Inner Seat,The heart/soul/spirit/inward parts as the seat of inner life,G5590G,soul,souls,Act 14:22,"strengthening the souls of the disciples, encouraging them to continue in the faith, and saying that through many tribulations we must enter the kingdom of God."
M47,Inner Seat,The heart/soul/spirit/inward parts as the seat of inner life,G5590G,soul,minds,Act 15:24,"Since we have heard that some persons have gone out from us and troubled you with words, unsettling your minds, although we gave them no instructions,"
M47,Inner Seat,The heart/soul/spirit/inward parts as the seat of inner life,G5590H,soul: life,lives,Act 15:26,men who have risked their lives for the name of our Lord Jesus Christ.
M47,Inner Seat,The heart/soul/spirit/inward parts as the seat of inner life,G4151G,spirit/breath: spirit,Spirit,Act 15:28,For it has seemed good to the Holy Spirit and to us to lay on you no greater burden than these requirements:
M47,Inner Seat,The heart/soul/spirit/inward parts as the seat of inner life,G4151G,spirit/breath: spirit,Spirit,Act 15:8,"And God, who knows the heart, bore witness to them, by giving them the Holy Spirit just as he did to us,"
M47,Inner Seat,The heart/soul/spirit/inward parts as the seat of inner life,G2589,heart-knower,heart,Act 15:8,"And God, who knows the heart, bore witness to them, by giving them the Holy Spirit just as he did to us,"
M47,Inner Seat,The heart/soul/spirit/inward parts as the seat of inner life,G2588,heart,hearts,Act 15:9,"and he made no distinction between us and them, having cleansed their hearts by faith."
M47,Inner Seat,The heart/soul/spirit/inward parts as the seat of inner life,G2588,heart,heart,Act 16:14,"One who heard us was a woman named Lydia, from the city of Thyatira, a seller of purple goods, who was a worshiper of God. The Lord opened her heart to pay attention to what was said by Paul."
M47,Inner Seat,The heart/soul/spirit/inward parts as the seat of inner life,G4151G,spirit/breath: spirit,spirit,Act 16:16,"As we were going to the place of prayer, we were met by a slave girl who had a spirit of divination and brought her owners much gain by fortune-telling."
M47,Inner Seat,The heart/soul/spirit/inward parts as the seat of inner life,G4151G,spirit/breath: spirit,spirit,Act 16:18,"And this she kept doing for many days. Paul, having become greatly annoyed, turned and said to the spirit, “I command you in the name of Jesus Christ to come out of her.” And it came out that very hour."
M47,Inner Seat,The heart/soul/spirit/inward parts as the seat of inner life,G4151G,spirit/breath: spirit,Spirit,Act 16:6,"And they went through the region of Phrygia and Galatia, having been forbidden by the Holy Spirit to speak the word in Asia."
M47,Inner Seat,The heart/soul/spirit/inward parts as the seat of inner life,G4151G,spirit/breath: spirit,Spirit,Act 16:7,"And when they had come up to Mysia, they attempted to go into Bithynia, but the Spirit of Jesus did not allow them."
M47,Inner Seat,The heart/soul/spirit/inward parts as the seat of inner life,G4151G,spirit/breath: spirit,spirit,Act 17:16,"Now while Paul was waiting for them at Athens, his spirit was provoked within him as he saw that the city was full of idols."
M47,Inner Seat,The heart/soul/spirit/inward parts as the seat of inner life,G4151G,spirit/breath: spirit,spirit,Act 18:25,"He had been instructed in the way of the Lord. And being fervent in spirit, he spoke and taught accurately the things concerning Jesus, though he knew only the baptism of John."
M47,Inner Seat,The heart/soul/spirit/inward parts as the seat of inner life,G4151G,spirit/breath: spirit,spirits,Act 19:12,"so that even handkerchiefs or aprons that had touched his skin were carried away to the sick, and their diseases left them and the evil spirits came out of them."
M47,Inner Seat,The heart/soul/spirit/inward parts as the seat of inner life,G4151G,spirit/breath: spirit,spirits,Act 19:13,"Then some of the itinerant Jewish exorcists undertook to invoke the name of the Lord Jesus over those who had evil spirits, saying, “I adjure you by the Jesus whom Paul proclaims.”"
M47,Inner Seat,The heart/soul/spirit/inward parts as the seat of inner life,G4151G,spirit/breath: spirit,spirit,Act 19:15,"But the evil spirit answered them, “ Jesus I know, and Paul I recognize, but who are you?”"
M47,Inner Seat,The heart/soul/spirit/inward parts as the seat of inner life,G4151G,spirit/breath: spirit,spirit,Act 19:16,"And the man in whom was the evil spirit leaped on them, mastered all of them and overpowered them, so that they fled out of that house naked and wounded."
M47,Inner Seat,The heart/soul/spirit/inward parts as the seat of inner life,G4151G,spirit/breath: spirit,Spirit,Act 19:2,"And he said to them, “ Did you receive the Holy Spirit when you believed?” And they said, “ No, we have not even heard that there is a Holy Spirit.”"
M47,Inner Seat,The heart/soul/spirit/inward parts as the seat of inner life,G4151G,spirit/breath: spirit,Spirit,Act 19:2,"And he said to them, “ Did you receive the Holy Spirit when you believed?” And they said, “ No, we have not even heard that there is a Holy Spirit.”"
M47,Inner Seat,The heart/soul/spirit/inward parts as the seat of inner life,G4151G,spirit/breath: spirit,Spirit,Act 19:21,"Now after these events Paul resolved in the Spirit to pass through Macedonia and Achaia and go to Jerusalem, saying, “ After I have been there, I must also see Rome.”"
M47,Inner Seat,The heart/soul/spirit/inward parts as the seat of inner life,G4151G,spirit/breath: spirit,Spirit,Act 19:6,"And when Paul had laid his hands on them, the Holy Spirit came on them, and they began speaking in tongues and prophesying."
M47,Inner Seat,The heart/soul/spirit/inward parts as the seat of inner life,G4151G,spirit/breath: spirit,Spirit,Act 1:16,"“ Brothers, the Scripture had to be fulfilled, which the Holy Spirit spoke beforehand by the mouth of David concerning Judas, who became a guide to those who arrested Jesus."
M47,Inner Seat,The heart/soul/spirit/inward parts as the seat of inner life,G4151G,spirit/breath: spirit,Spirit,Act 1:2,"until the day when he was taken up, after he had given commands through the Holy Spirit to the apostles whom he had chosen."
M47,Inner Seat,The heart/soul/spirit/inward parts as the seat of inner life,G2589,heart-knower,hearts,Act 1:24,"And they prayed and said, “ You, Lord, who know the hearts of all, show which one of these two you have chosen"
M47,Inner Seat,The heart/soul/spirit/inward parts as the seat of inner life,G4151G,spirit/breath: spirit,Spirit,Act 1:5,"for John baptized with water, but you will be baptized with the Holy Spirit not many days from now.”"
M47,Inner Seat,The heart/soul/spirit/inward parts as the seat of inner life,G4151G,spirit/breath: spirit,Spirit,Act 1:8,"But you will receive power when the Holy Spirit has come upon you, and you will be my witnesses in Jerusalem and in all Judea and Samaria, and to the end of the earth.”"
M47,Inner Seat,The heart/soul/spirit/inward parts as the seat of inner life,G5590H,soul: life,life,Act 20:10,"But Paul went down and bent over him, and taking him in his arms, said, “Do not be alarmed, for his life is in him.”"
M47,Inner Seat,The heart/soul/spirit/inward parts as the seat of inner life,G4151G,spirit/breath: spirit,Spirit,Act 20:22,"And now, behold, I am going to Jerusalem, constrained by the Spirit, not knowing what will happen to me there,"
M47,Inner Seat,The heart/soul/spirit/inward parts as the seat of inner life,G4151G,spirit/breath: spirit,Spirit,Act 20:23,except that the Holy Spirit testifies to me in every city that imprisonment and afflictions await me.
M47,Inner Seat,The heart/soul/spirit/inward parts as the seat of inner life,G5590H,soul: life,life,Act 20:24,"But I do not account my life of any value nor as precious to myself, if only I may finish my course and the ministry that I received from the Lord Jesus, to testify to the gospel of the grace of God."
M47,Inner Seat,The heart/soul/spirit/inward parts as the seat of inner life,G4151G,spirit/breath: spirit,Spirit,Act 20:28,"Pay careful attention to yourselves and to all the flock, in which the Holy Spirit has made you overseers, to care for the church of God, which he obtained with his own blood."
M47,Inner Seat,The heart/soul/spirit/inward parts as the seat of inner life,G4151G,spirit/breath: spirit,Spirit,Act 21:11,"And coming to us, he took Paul’s belt and bound his own feet and hands and said, “ Thus says the Holy Spirit, ‘This is how the Jews at Jerusalem will bind the man who owns this belt and deliver him into the hands of the Gentiles.’”"
M47,Inner Seat,The heart/soul/spirit/inward parts as the seat of inner life,G2588,heart,heart,Act 21:13,"Then Paul answered, “ What are you doing, weeping and breaking my heart? For I am ready not only to be imprisoned but even to die in Jerusalem for the name of the Lord Jesus.”"
M47,Inner Seat,The heart/soul/spirit/inward parts as the seat of inner life,G4151G,spirit/breath: spirit,Spirit,Act 21:4,"And having sought out the disciples, we stayed there for seven days. And through the Spirit they were telling Paul not to go on to Jerusalem."
M47,Inner Seat,The heart/soul/spirit/inward parts as the seat of inner life,G4893,conscience,conscience,Act 23:1,"And looking intently at the council, Paul said, “ Brothers, I have lived my life before God in all good conscience up to this day.”"
M47,Inner Seat,The heart/soul/spirit/inward parts as the seat of inner life,G2293,take heart,courage,Act 23:11,"The following night the Lord stood by him and said, “Take courage, for as you have testified to the facts about me in Jerusalem, so you must testify also in Rome.”"
M47,Inner Seat,The heart/soul/spirit/inward parts as the seat of inner life,G4151G,spirit/breath: spirit,spirit,Act 23:8,"For the Sadducees say that there is no resurrection, nor angel, nor spirit, but the Pharisees acknowledge them all."
M47,Inner Seat,The heart/soul/spirit/inward parts as the seat of inner life,G4151G,spirit/breath: spirit,spirit,Act 23:9,"Then a great clamor arose, and some of the scribes of the Pharisees ’ party stood up and contended sharply, “We find nothing wrong in this man. What if a spirit or an angel spoke to him?”"
M47,Inner Seat,The heart/soul/spirit/inward parts as the seat of inner life,G4893,conscience,conscience,Act 24:16,So I always take pains to have a clear conscience toward both God and man.
M47,Inner Seat,The heart/soul/spirit/inward parts as the seat of inner life,G5590H,soul: life,lives,Act 27:10,"saying, “ Sirs, I perceive that the voyage will be with injury and much loss, not only of the cargo and the ship, but also of our lives.”"
M47,Inner Seat,The heart/soul/spirit/inward parts as the seat of inner life,G5590H,soul: life,life,Act 27:22,"Yet now I urge you to take heart, for there will be no loss of life among you, but only of the ship."
M47,Inner Seat,The heart/soul/spirit/inward parts as the seat of inner life,G5590J,soul: person,persons,Act 27:37,( We were in all 276 persons in the ship.)
M47,Inner Seat,The heart/soul/spirit/inward parts as the seat of inner life,G4151G,spirit/breath: spirit,Spirit,Act 28:25,"And disagreeing among themselves, they departed after Paul had made one statement: “The Holy Spirit was right in saying to your fathers through Isaiah the prophet:"
M47,Inner Seat,The heart/soul/spirit/inward parts as the seat of inner life,G2588,heart,heart,Act 28:27,"For this people’s heart has grown dull, and with their ears they can barely hear, and their eyes they have closed; lest they should see with their eyes and hear with their ears and understand with their heart and turn, and I would heal them.’"
M47,Inner Seat,The heart/soul/spirit/inward parts as the seat of inner life,G2588,heart,heart,Act 28:27,"For this people’s heart has grown dull, and with their ears they can barely hear, and their eyes they have closed; lest they should see with their eyes and hear with their ears and understand with their heart and turn, and I would heal them.’"
M47,Inner Seat,The heart/soul/spirit/inward parts as the seat of inner life,G4561,flesh,flesh,Act 2:17,"“‘ And in the last days it shall be, God declares, that I will pour out my Spirit on all flesh, and your sons and your daughters shall prophesy, and your young men shall see visions, and your old men shall dream dreams;"
M47,Inner Seat,The heart/soul/spirit/inward parts as the seat of inner life,G4151G,spirit/breath: spirit,Spirit,Act 2:17,"“‘ And in the last days it shall be, God declares, that I will pour out my Spirit on all flesh, and your sons and your daughters shall prophesy, and your young men shall see visions, and your old men shall dream dreams;"
M47,Inner Seat,The heart/soul/spirit/inward parts as the seat of inner life,G4151G,spirit/breath: spirit,Spirit,Act 2:18,"even on my male servants and female servants in those days I will pour out my Spirit, and they shall prophesy."
M47,Inner Seat,The heart/soul/spirit/inward parts as the seat of inner life,G2588,heart,heart,Act 2:26,"therefore my heart was glad, and my tongue rejoiced; my flesh also will dwell in hope."
M47,Inner Seat,The heart/soul/spirit/inward parts as the seat of inner life,G4561,flesh,flesh,Act 2:26,"therefore my heart was glad, and my tongue rejoiced; my flesh also will dwell in hope."
M47,Inner Seat,The heart/soul/spirit/inward parts as the seat of inner life,G5590G,soul,soul,Act 2:27,"For you will not abandon my soul to Hades, or let your Holy One see corruption."
M47,Inner Seat,The heart/soul/spirit/inward parts as the seat of inner life,G4561,flesh,flesh,Act 2:31,"he foresaw and spoke about the resurrection of the Christ, that he was not abandoned to Hades, nor did his flesh see corruption."
M47,Inner Seat,The heart/soul/spirit/inward parts as the seat of inner life,G4151G,spirit/breath: spirit,Spirit,Act 2:33,"Being therefore exalted at the right hand of God, and having received from the Father the promise of the Holy Spirit, he has poured out this that you yourselves are seeing and hearing."
M47,Inner Seat,The heart/soul/spirit/inward parts as the seat of inner life,G2588,heart,heart,Act 2:37,"Now when they heard this they were cut to the heart, and said to Peter and the rest of the apostles, “ Brothers, what shall we do?”"
M47,Inner Seat,The heart/soul/spirit/inward parts as the seat of inner life,G4151G,spirit/breath: spirit,Spirit,Act 2:38,"And Peter said to them, “ Repent and be baptized every one of you in the name of Jesus Christ for the forgiveness of your sins, and you will receive the gift of the Holy Spirit."
M47,Inner Seat,The heart/soul/spirit/inward parts as the seat of inner life,G4151G,spirit/breath: spirit,Spirit,Act 2:4,And they were all filled with the Holy Spirit and began to speak in other tongues as the Spirit gave them utterance.
M47,Inner Seat,The heart/soul/spirit/inward parts as the seat of inner life,G4151G,spirit/breath: spirit,Spirit,Act 2:4,And they were all filled with the Holy Spirit and began to speak in other tongues as the Spirit gave them utterance.
M47,Inner Seat,The heart/soul/spirit/inward parts as the seat of inner life,G5590J,soul: person,souls,Act 2:41,"So those who received his word were baptized, and there were added that day about three thousand souls."
M47,Inner Seat,The heart/soul/spirit/inward parts as the seat of inner life,G5590J,soul: person,soul,Act 2:43,"And awe came upon every soul, and many wonders and signs were being done through the apostles."
M47,Inner Seat,The heart/soul/spirit/inward parts as the seat of inner life,G2588,heart,hearts,Act 2:46,"And day by day, attending the temple together and breaking bread in their homes, they received their food with glad and generous hearts,"
M47,Inner Seat,The heart/soul/spirit/inward parts as the seat of inner life,G5590J,soul: person,soul,Act 3:23,And it shall be that every soul who does not listen to that prophet shall be destroyed from the people.’
M47,Inner Seat,The heart/soul/spirit/inward parts as the seat of inner life,G4151G,spirit/breath: spirit,Spirit,Act 4:25,"who through the mouth of our father David, your servant, said by the Holy Spirit, “‘ Why did the Gentiles rage, and the peoples plot in vain?"
M47,Inner Seat,The heart/soul/spirit/inward parts as the seat of inner life,G4151G,spirit/breath: spirit,Spirit,Act 4:31,"And when they had prayed, the place in which they were gathered together was shaken, and they were all filled with the Holy Spirit and continued to speak the word of God with boldness."
M47,Inner Seat,The heart/soul/spirit/inward parts as the seat of inner life,G2588,heart,heart,Act 4:32,"Now the full number of those who believed were of one heart and soul, and no one said that any of the things that belonged to him was his own, but they had everything in common."
M47,Inner Seat,The heart/soul/spirit/inward parts as the seat of inner life,G5590G,soul,soul,Act 4:32,"Now the full number of those who believed were of one heart and soul, and no one said that any of the things that belonged to him was his own, but they had everything in common."
M47,Inner Seat,The heart/soul/spirit/inward parts as the seat of inner life,G4151G,spirit/breath: spirit,Spirit,Act 4:8,"Then Peter, filled with the Holy Spirit, said to them, “ Rulers of the people and elders,"
M47,Inner Seat,The heart/soul/spirit/inward parts as the seat of inner life,G4151G,spirit/breath: spirit,spirits,Act 5:16,"The people also gathered from the towns around Jerusalem, bringing the sick and those afflicted with unclean spirits, and they were all healed."
M47,Inner Seat,The heart/soul/spirit/inward parts as the seat of inner life,G2588,heart,heart,Act 5:3,"But Peter said, “ Ananias, why has Satan filled your heart to lie to the Holy Spirit and to keep back for yourself part of the proceeds of the land?"
M47,Inner Seat,The heart/soul/spirit/inward parts as the seat of inner life,G4151G,spirit/breath: spirit,Spirit,Act 5:3,"But Peter said, “ Ananias, why has Satan filled your heart to lie to the Holy Spirit and to keep back for yourself part of the proceeds of the land?"
M47,Inner Seat,The heart/soul/spirit/inward parts as the seat of inner life,G4151G,spirit/breath: spirit,Spirit,Act 5:32,"And we are witnesses to these things, and so is the Holy Spirit, whom God has given to those who obey him.”"
M47,Inner Seat,The heart/soul/spirit/inward parts as the seat of inner life,G2588,heart,heart,Act 5:4,"While it remained unsold, did it not remain your own? And after it was sold, was it not at your disposal? Why is it that you have contrived this deed in your heart? You have not lied to man but to God.”"
M47,Inner Seat,The heart/soul/spirit/inward parts as the seat of inner life,G4151G,spirit/breath: spirit,Spirit,Act 5:9,"But Peter said to her, “ How is it that you have agreed together to test the Spirit of the Lord? Behold, the feet of those who have buried your husband are at the door, and they will carry you out.”"
M47,Inner Seat,The heart/soul/spirit/inward parts as the seat of inner life,G4151G,spirit/breath: spirit,Spirit,Act 6:10,But they could not withstand the wisdom and the Spirit with which he was speaking.
M47,Inner Seat,The heart/soul/spirit/inward parts as the seat of inner life,G4151G,spirit/breath: spirit,Spirit,Act 6:3,"Therefore, brothers, pick out from among you seven men of good repute, full of the Spirit and of wisdom, whom we will appoint to this duty."
M47,Inner Seat,The heart/soul/spirit/inward parts as the seat of inner life,G4151G,spirit/breath: spirit,Spirit,Act 6:5,"And what they said pleased the whole gathering, and they chose Stephen, a man full of faith and of the Holy Spirit, and Philip, and Prochorus, and Nicanor, and Timon, and Parmenas, and Nicolaus, a proselyte of Antioch."
M47,Inner Seat,The heart/soul/spirit/inward parts as the seat of inner life,G5590J,soul: person,persons,Act 7:14,"And Joseph sent and summoned Jacob his father and all his kindred, seventy-five persons in all."
M47,Inner Seat,The heart/soul/spirit/inward parts as the seat of inner life,G2588,heart,heart,Act 7:23,"“ When he was forty years old, it came into his heart to visit his brothers, the children of Israel."
M47,Inner Seat,The heart/soul/spirit/inward parts as the seat of inner life,G2588,heart,hearts,Act 7:39,"Our fathers refused to obey him, but thrust him aside, and in their hearts they turned to Egypt,"
M47,Inner Seat,The heart/soul/spirit/inward parts as the seat of inner life,G2588,heart,heart,Act 7:51,"“You stiff-necked people, uncircumcised in heart and ears, you always resist the Holy Spirit. As your fathers did, so do you."
M47,Inner Seat,The heart/soul/spirit/inward parts as the seat of inner life,G4151G,spirit/breath: spirit,Spirit,Act 7:51,"“You stiff-necked people, uncircumcised in heart and ears, you always resist the Holy Spirit. As your fathers did, so do you."
M47,Inner Seat,The heart/soul/spirit/inward parts as the seat of inner life,G4151G,spirit/breath: spirit,Spirit,Act 7:55,"But he, full of the Holy Spirit, gazed into heaven and saw the glory of God, and Jesus standing at the right hand of God."
M47,Inner Seat,The heart/soul/spirit/inward parts as the seat of inner life,G4151G,spirit/breath: spirit,spirit,Act 7:59,"And as they were stoning Stephen, he called out, “ Lord Jesus, receive my spirit.”"
M47,Inner Seat,The heart/soul/spirit/inward parts as the seat of inner life,G4151G,spirit/breath: spirit,Spirit,Act 8:15,"who came down and prayed for them that they might receive the Holy Spirit,"
M47,Inner Seat,The heart/soul/spirit/inward parts as the seat of inner life,G4151G,spirit/breath: spirit,Spirit,Act 8:17,Then they laid their hands on them and they received the Holy Spirit.
M47,Inner Seat,The heart/soul/spirit/inward parts as the seat of inner life,G4151G,spirit/breath: spirit,Spirit,Act 8:18,"Now when Simon saw that the Spirit was given through the laying on of the apostles ’ hands, he offered them money,"
M47,Inner Seat,The heart/soul/spirit/inward parts as the seat of inner life,G4151G,spirit/breath: spirit,Spirit,Act 8:19,"saying, “ Give me this power also, so that anyone on whom I lay my hands may receive the Holy Spirit.”"
M47,Inner Seat,The heart/soul/spirit/inward parts as the seat of inner life,G2588,heart,heart,Act 8:21,"You have neither part nor lot in this matter, for your heart is not right before God."
M47,Inner Seat,The heart/soul/spirit/inward parts as the seat of inner life,G2588,heart,heart,Act 8:22,"Repent, therefore, of this wickedness of yours, and pray to the Lord that, if possible, the intent of your heart may be forgiven you."
M47,Inner Seat,The heart/soul/spirit/inward parts as the seat of inner life,G4151G,spirit/breath: spirit,Spirit,Act 8:29,"And the Spirit said to Philip, “ Go over and join this chariot.”"
M47,Inner Seat,The heart/soul/spirit/inward parts as the seat of inner life,G4151G,spirit/breath: spirit,Spirit,Act 8:39,"And when they came up out of the water, the Spirit of the Lord carried Philip away, and the eunuch saw him no more, and went on his way rejoicing."
M47,Inner Seat,The heart/soul/spirit/inward parts as the seat of inner life,G4151G,spirit/breath: spirit,spirits,Act 8:7,"For unclean spirits, crying out with a loud voice, came out of many who had them, and many who were paralyzed or lame were healed."
M47,Inner Seat,The heart/soul/spirit/inward parts as the seat of inner life,G4151G,spirit/breath: spirit,Spirit,Act 9:17,"So Ananias departed and entered the house. And laying his hands on him he said, “ Brother Saul, the Lord Jesus who appeared to you on the road by which you came has sent me so that you may regain your sight and be filled with the Holy Spirit.”"
M47,Inner Seat,The heart/soul/spirit/inward parts as the seat of inner life,G4151G,spirit/breath: spirit,Spirit,Act 9:31,"So the church throughout all Judea and Galilee and Samaria had peace and was being built up. And walking in the fear of the Lord and in the comfort of the Holy Spirit, it multiplied."
M47,Inner Seat,The heart/soul/spirit/inward parts as the seat of inner life,H5315H,soul: life,life,Amo 2:14,"Flight shall perish from the swift, and the strong shall not retain his strength, nor shall the mighty save his life;"
M47,Inner Seat,The heart/soul/spirit/inward parts as the seat of inner life,H5315H,soul: life,life,Amo 2:15,"he who handles the bow shall not stand, and he who is swift of foot shall not save himself, nor shall he who rides the horse save his life;"
M47,Inner Seat,The heart/soul/spirit/inward parts as the seat of inner life,H7307H,spirit: breath,wind,Amo 4:13,"For behold, he who forms the mountains and creates the wind, and declares to man what is his thought, who makes the morning darkness, and treads on the heights of the earth — the Lord, the God of hosts, is his name!"
M47,Inner Seat,The heart/soul/spirit/inward parts as the seat of inner life,G4561,flesh,flesh,Col 1:22,"he has now reconciled in his body of flesh by his death, in order to present you holy and blameless and above reproach before him,"
M47,Inner Seat,The heart/soul/spirit/inward parts as the seat of inner life,G4561,flesh,flesh,Col 1:24,"Now I rejoice in my sufferings for your sake, and in my flesh I am filling up what is lacking in Christ’s afflictions for the sake of his body, that is, the church,"
M47,Inner Seat,The heart/soul/spirit/inward parts as the seat of inner life,G4151G,spirit/breath: spirit,Spirit,Col 1:8,and has made known to us your love in the Spirit.
M47,Inner Seat,The heart/soul/spirit/inward parts as the seat of inner life,G4152,spiritual,spiritual,Col 1:9,"And so, from the day we heard, we have not ceased to pray for you, asking that you may be filled with the knowledge of his will in all spiritual wisdom and understanding,"
M47,Inner Seat,The heart/soul/spirit/inward parts as the seat of inner life,G4561,flesh,face,Col 2:1,"For I want you to know how great a struggle I have for you and for those at Laodicea and for all who have not seen me face to face,"
M47,Inner Seat,The heart/soul/spirit/inward parts as the seat of inner life,G4561,flesh,flesh,Col 2:11,"In him also you were circumcised with a circumcision made without hands, by putting off the body of the flesh, by the circumcision of Christ,"
M47,Inner Seat,The heart/soul/spirit/inward parts as the seat of inner life,G4561,flesh,flesh,Col 2:13,"And you, who were dead in your trespasses and the uncircumcision of your flesh, God made alive together with him, having forgiven us all our trespasses,"
M47,Inner Seat,The heart/soul/spirit/inward parts as the seat of inner life,G4561,flesh,sensuous,Col 2:18,"Let no one disqualify you, insisting on asceticism and worship of angels, going on in detail about visions, puffed up without reason by his sensuous mind,"
M47,Inner Seat,The heart/soul/spirit/inward parts as the seat of inner life,G2588,heart,hearts,Col 2:2,"that their hearts may be encouraged, being knit together in love, to reach all the riches of full assurance of understanding and the knowledge of God’s mystery, which is Christ,"
M47,Inner Seat,The heart/soul/spirit/inward parts as the seat of inner life,G4561,flesh,flesh,Col 2:23,"These have indeed an appearance of wisdom in promoting self-made religion and asceticism and severity to the body, but they are of no value in stopping the indulgence of the flesh."
M47,Inner Seat,The heart/soul/spirit/inward parts as the seat of inner life,G4561,flesh,body,Col 2:5,"For though I am absent in body, yet I am with you in spirit, rejoicing to see your good order and the firmness of your faith in Christ."
M47,Inner Seat,The heart/soul/spirit/inward parts as the seat of inner life,G4151G,spirit/breath: spirit,spirit,Col 2:5,"For though I am absent in body, yet I am with you in spirit, rejoicing to see your good order and the firmness of your faith in Christ."
M47,Inner Seat,The heart/soul/spirit/inward parts as the seat of inner life,G2588,heart,hearts,Col 3:15,"And let the peace of Christ rule in your hearts, to which indeed you were called in one body. And be thankful."
M47,Inner Seat,The heart/soul/spirit/inward parts as the seat of inner life,G2588,heart,hearts,Col 3:16,"Let the word of Christ dwell in you richly, teaching and admonishing one another in all wisdom, singing psalms and hymns and spiritual songs, with thankfulness in your hearts to God."
M47,Inner Seat,The heart/soul/spirit/inward parts as the seat of inner life,G4152,spiritual,spiritual,Col 3:16,"Let the word of Christ dwell in you richly, teaching and admonishing one another in all wisdom, singing psalms and hymns and spiritual songs, with thankfulness in your hearts to God."
M47,Inner Seat,The heart/soul/spirit/inward parts as the seat of inner life,G2588,heart,heart,Col 3:22,"Bondservants, obey in everything those who are your earthly masters, not by way of eye-service, as people-pleasers, but with sincerity of heart, fearing the Lord."
M47,Inner Seat,The heart/soul/spirit/inward parts as the seat of inner life,G2588,heart,hearts,Col 4:8,"I have sent him to you for this very purpose, that you may know how we are and that he may encourage your hearts,"
M47,Inner Seat,The heart/soul/spirit/inward parts as the seat of inner life,H3824,heart,heart,Dan 11:12,"And when the multitude is taken away, his heart shall be exalted, and he shall cast down tens of thousands, but he shall not prevail."
M47,Inner Seat,The heart/soul/spirit/inward parts as the seat of inner life,H3824,heart,hearts,Dan 11:27,"And as for the two kings, their hearts shall be bent on doing evil. They shall speak lies at the same table, but to no avail, for the end is yet to be at the time appointed."
M47,Inner Seat,The heart/soul/spirit/inward parts as the seat of inner life,H7307H,spirit: breath,winds,Dan 11:4,"And as soon as he has arisen, his kingdom shall be broken and divided toward the four winds of heaven, but not to his posterity, nor according to the authority with which he ruled, for his kingdom shall be plucked up and go to others besides these."
M47,Inner Seat,The heart/soul/spirit/inward parts as the seat of inner life,H1320,flesh,flesh,Dan 1:15,At the end of ten days it was seen that they were better in appearance and fatter in flesh than all the youths who ate the king’s food.
M47,Inner Seat,The heart/soul/spirit/inward parts as the seat of inner life,H7307G,spirit,spirit,Dan 2:1,"In the second year of the reign of Nebuchadnezzar, Nebuchadnezzar had dreams; his spirit was troubled, and his sleep left him."
M47,Inner Seat,The heart/soul/spirit/inward parts as the seat of inner life,H1321,flesh,flesh,Dan 2:11,"The thing that the king asks is difficult, and no one can show it to the king except the gods, whose dwelling is not with flesh.”"
M47,Inner Seat,The heart/soul/spirit/inward parts as the seat of inner life,H7307G,spirit,spirit,Dan 2:3,"And the king said to them, “I had a dream, and my spirit is troubled to know the dream.”"
M47,Inner Seat,The heart/soul/spirit/inward parts as the seat of inner life,H3825,heart,mind,Dan 2:30,"But as for me, this mystery has been revealed to me, not because of any wisdom that I have more than all the living, but in order that the interpretation may be made known to the king, and that you may know the thoughts of your mind."
M47,Inner Seat,The heart/soul/spirit/inward parts as the seat of inner life,H7308,spirit,wind,Dan 2:35,"Then the iron, the clay, the bronze, the silver, and the gold, all together were broken in pieces, and became like the chaff of the summer threshing floors; and the wind carried them away, so that not a trace of them could be found. But the stone that struck the image became a great mountain and filled the whole earth."
M47,Inner Seat,The heart/soul/spirit/inward parts as the seat of inner life,H3825,heart,mind,Dan 4:16,"Let his mind be changed from a man’s, and let a beast’s mind be given to him; and let seven periods of time pass over him."
M47,Inner Seat,The heart/soul/spirit/inward parts as the seat of inner life,H7308,spirit,spirit,Dan 4:9,"“O Belteshazzar, chief of the magicians, because I know that the spirit of the holy gods is in you and that no mystery is too difficult for you, tell me the visions of my dream that I saw and their interpretation."
M47,Inner Seat,The heart/soul/spirit/inward parts as the seat of inner life,H7308,spirit,spirit,Dan 5:11,"There is a man in your kingdom in whom is the spirit of the holy gods. In the days of your father, light and understanding and wisdom like the wisdom of the gods were found in him, and King Nebuchadnezzar, your father —your father the king — made him chief of the magicians, enchanters, Chaldeans, and astrologers,"
M47,Inner Seat,The heart/soul/spirit/inward parts as the seat of inner life,H7308,spirit,spirit,Dan 5:12,"because an excellent spirit, knowledge, and understanding to interpret dreams, explain riddles, and solve problems were found in this Daniel, whom the king named Belteshazzar. Now let Daniel be called, and he will show the interpretation.”"
M47,Inner Seat,The heart/soul/spirit/inward parts as the seat of inner life,H3825,heart,heart,Dan 5:20,"But when his heart was lifted up and his spirit was hardened so that he dealt proudly, he was brought down from his kingly throne, and his glory was taken from him."
M47,Inner Seat,The heart/soul/spirit/inward parts as the seat of inner life,H3825,heart,heart,Dan 5:22,"And you his son, Belshazzar, have not humbled your heart, though you knew all this,"
M47,Inner Seat,The heart/soul/spirit/inward parts as the seat of inner life,H7308,spirit,spirit,Dan 7:15,"“As for me, Daniel, my spirit within me was anxious, and the visions of my head alarmed me."
M47,Inner Seat,The heart/soul/spirit/inward parts as the seat of inner life,H7308,spirit,winds,Dan 7:2,"Daniel declared, “I saw in my vision by night, and behold, the four winds of heaven were stirring up the great sea."
M47,Inner Seat,The heart/soul/spirit/inward parts as the seat of inner life,H1321,flesh,flesh,Dan 7:5,"And behold, another beast, a second one, like a bear. It was raised up on one side. It had three ribs in its mouth between its teeth; and it was told, ‘ Arise, devour much flesh.’"
M47,Inner Seat,The heart/soul/spirit/inward parts as the seat of inner life,H7307H,spirit: breath,winds,Dan 8:8,"Then the goat became exceedingly great, but when he was strong, the great horn was broken, and instead of it there came up four conspicuous horns toward the four winds of heaven."
M47,Inner Seat,The heart/soul/spirit/inward parts as the seat of inner life,H5315G,soul,soul,Deu 10:12,"“And now, Israel, what does the Lord your God require of you, but to fear the Lord your God, to walk in all his ways, to love him, to serve the Lord your God with all your heart and with all your soul,"
M47,Inner Seat,The heart/soul/spirit/inward parts as the seat of inner life,H3824,heart,heart,Deu 10:12,"“And now, Israel, what does the Lord your God require of you, but to fear the Lord your God, to walk in all his ways, to love him, to serve the Lord your God with all your heart and with all your soul,"
M47,Inner Seat,The heart/soul/spirit/inward parts as the seat of inner life,H3824,heart,heart,Deu 10:16,"Circumcise therefore the foreskin of your heart, and be no longer stubborn."
M47,Inner Seat,The heart/soul/spirit/inward parts as the seat of inner life,H5315J,soul: person,persons,Deu 10:22,"Your fathers went down to Egypt seventy persons, and now the Lord your God has made you as numerous as the stars of heaven."
M47,Inner Seat,The heart/soul/spirit/inward parts as the seat of inner life,H5315G,soul,soul,Deu 11:13,"“And if you will indeed obey my commandments that I command you today, to love the Lord your God, and to serve him with all your heart and with all your soul,"
M47,Inner Seat,The heart/soul/spirit/inward parts as the seat of inner life,H3824,heart,heart,Deu 11:13,"“And if you will indeed obey my commandments that I command you today, to love the Lord your God, and to serve him with all your heart and with all your soul,"
M47,Inner Seat,The heart/soul/spirit/inward parts as the seat of inner life,H3824,heart,heart,Deu 11:16,"Take care lest your heart be deceived, and you turn aside and serve other gods and worship them;"
M47,Inner Seat,The heart/soul/spirit/inward parts as the seat of inner life,H3824,heart,heart,Deu 11:18,"“You shall therefore lay up these words of mine in your heart and in your soul, and you shall bind them as a sign on your hand, and they shall be as frontlets between your eyes."
M47,Inner Seat,The heart/soul/spirit/inward parts as the seat of inner life,H5315I,soul: myself,you,Deu 12:15,"“ However, you may slaughter and eat meat within any of your towns, as much as you desire, according to the blessing of the Lord your God that he has given you. The unclean and the clean may eat of it, as of the gazelle and as of the deer."
M47,Inner Seat,The heart/soul/spirit/inward parts as the seat of inner life,H1320,flesh,meat,Deu 12:15,"“ However, you may slaughter and eat meat within any of your towns, as much as you desire, according to the blessing of the Lord your God that he has given you. The unclean and the clean may eat of it, as of the gazelle and as of the deer."
M47,Inner Seat,The heart/soul/spirit/inward parts as the seat of inner life,H5315L,soul: appetite,you,Deu 12:20,"“ When the Lord your God enlarges your territory, as he has promised you, and you say, ‘I will eat meat,’ because you crave meat, you may eat meat whenever you desire."
M47,Inner Seat,The heart/soul/spirit/inward parts as the seat of inner life,H1320,flesh,meat,Deu 12:20,"“ When the Lord your God enlarges your territory, as he has promised you, and you say, ‘I will eat meat,’ because you crave meat, you may eat meat whenever you desire."
M47,Inner Seat,The heart/soul/spirit/inward parts as the seat of inner life,H1320,flesh,meat,Deu 12:20,"“ When the Lord your God enlarges your territory, as he has promised you, and you say, ‘I will eat meat,’ because you crave meat, you may eat meat whenever you desire."
M47,Inner Seat,The heart/soul/spirit/inward parts as the seat of inner life,H5315G,soul,soul,Deu 13:3,"you shall not listen to the words of that prophet or that dreamer of dreams. For the Lord your God is testing you, to know whether you love the Lord your God with all your heart and with all your soul."
M47,Inner Seat,The heart/soul/spirit/inward parts as the seat of inner life,H3824,heart,heart,Deu 13:3,"you shall not listen to the words of that prophet or that dreamer of dreams. For the Lord your God is testing you, to know whether you love the Lord your God with all your heart and with all your soul."
M47,Inner Seat,The heart/soul/spirit/inward parts as the seat of inner life,H2436G,bosom: embrace,embrace,Deu 13:6,"“ If your brother, the son of your mother, or your son or your daughter or the wife you embrace or your friend who is as your own soul entices you secretly, saying, ‘Let us go and serve other gods,’ which neither you nor your fathers have known,"
M47,Inner Seat,The heart/soul/spirit/inward parts as the seat of inner life,H5315I,soul: myself,you,Deu 14:26,"and spend the money for whatever you desire — oxen or sheep or wine or strong drink, whatever your appetite craves. And you shall eat there before the Lord your God and rejoice, you and your household."
M47,Inner Seat,The heart/soul/spirit/inward parts as the seat of inner life,H3824,heart,heart,Deu 15:10,"You shall give to him freely, and your heart shall not be grudging when you give to him, because for this the Lord your God will bless you in all your work and in all that you undertake."
M47,Inner Seat,The heart/soul/spirit/inward parts as the seat of inner life,H3824,heart,heart,Deu 17:17,"And he shall not acquire many wives for himself, lest his heart turn away, nor shall he acquire for himself excessive silver and gold."
M47,Inner Seat,The heart/soul/spirit/inward parts as the seat of inner life,H3824,heart,heart,Deu 17:20,"that his heart may not be lifted up above his brothers, and that he may not turn aside from the commandment, either to the right hand or to the left, so that he may continue long in his kingdom, he and his children, in Israel."
M47,Inner Seat,The heart/soul/spirit/inward parts as the seat of inner life,H3824,heart,anger,Deu 19:6,"lest the avenger of blood in hot anger pursue the manslayer and overtake him, because the way is long, and strike him fatally, though the man did not deserve to die, since he had not hated his neighbor in the past."
M47,Inner Seat,The heart/soul/spirit/inward parts as the seat of inner life,H3824,heart,heart,Deu 20:3,"and shall say to them, ‘ Hear, O Israel, today you are drawing near for battle against your enemies: let not your heart faint. Do not fear or panic or be in dread of them,"
M47,Inner Seat,The heart/soul/spirit/inward parts as the seat of inner life,H5315J,soul: person,one,Deu 24:7,"“ If a man is found stealing one of his brothers of the people of Israel, and if he treats him as a slave or sells him, then that thief shall die. So you shall purge the evil from your midst."
M47,Inner Seat,The heart/soul/spirit/inward parts as the seat of inner life,H5315G,soul,soul,Deu 26:16,“ This day the Lord your God commands you to do these statutes and rules. You shall therefore be careful to do them with all your heart and with all your soul.
M47,Inner Seat,The heart/soul/spirit/inward parts as the seat of inner life,H3824,heart,heart,Deu 26:16,“ This day the Lord your God commands you to do these statutes and rules. You shall therefore be careful to do them with all your heart and with all your soul.
M47,Inner Seat,The heart/soul/spirit/inward parts as the seat of inner life,H3824,heart,mind,Deu 28:28,"The Lord will strike you with madness and blindness and confusion of mind,"
M47,Inner Seat,The heart/soul/spirit/inward parts as the seat of inner life,H3824,heart,heart,Deu 28:47,"Because you did not serve the Lord your God with joyfulness and gladness of heart, because of the abundance of all things,"
M47,Inner Seat,The heart/soul/spirit/inward parts as the seat of inner life,H2436G,bosom: embrace,embraces,Deu 28:54,"The man who is the most tender and refined among you will begrudge food to his brother, to the wife he embraces, and to the last of the children whom he has left,"
M47,Inner Seat,The heart/soul/spirit/inward parts as the seat of inner life,H1320,flesh,flesh,Deu 28:55,"so that he will not give to any of them any of the flesh of his children whom he is eating, because he has nothing else left, in the siege and in the distress with which your enemy shall distress you in all your towns."
M47,Inner Seat,The heart/soul/spirit/inward parts as the seat of inner life,H2436G,bosom: embrace,embraces,Deu 28:56,"The most tender and refined woman among you, who would not venture to set the sole of her foot on the ground because she is so delicate and tender, will begrudge to the husband she embraces, to her son and to her daughter,"
M47,Inner Seat,The heart/soul/spirit/inward parts as the seat of inner life,H3820A,heart,heart,Deu 28:65,"And among these nations you shall find no respite, and there shall be no resting place for the sole of your foot, but the Lord will give you there a trembling heart and failing eyes and a languishing soul."
M47,Inner Seat,The heart/soul/spirit/inward parts as the seat of inner life,H5315G,soul,soul,Deu 28:65,"And among these nations you shall find no respite, and there shall be no resting place for the sole of your foot, but the Lord will give you there a trembling heart and failing eyes and a languishing soul."
M47,Inner Seat,The heart/soul/spirit/inward parts as the seat of inner life,H3824,heart,heart,Deu 28:67,"In the morning you shall say, ‘ If only it were evening!’ and at evening you shall say, ‘ If only it were morning!’ because of the dread that your heart shall feel, and the sights that your eyes shall see."
M47,Inner Seat,The heart/soul/spirit/inward parts as the seat of inner life,H3824,heart,heart,Deu 29:18,"Beware lest there be among you a man or woman or clan or tribe whose heart is turning away today from the Lord our God to go and serve the gods of those nations. Beware lest there be among you a root bearing poisonous and bitter fruit,"
M47,Inner Seat,The heart/soul/spirit/inward parts as the seat of inner life,H3820A,heart,heart,Deu 29:19,"one who, when he hears the words of this sworn covenant, blesses himself in his heart, saying, ‘I shall be safe, though I walk in the stubbornness of my heart.’ This will lead to the sweeping away of moist and dry alike."
M47,Inner Seat,The heart/soul/spirit/inward parts as the seat of inner life,H3824,heart,mind,Deu 30:1,"“And when all these things come upon you, the blessing and the curse, which I have set before you, and you call them to mind among all the nations where the Lord your God has driven you,"
M47,Inner Seat,The heart/soul/spirit/inward parts as the seat of inner life,H5315G,soul,soul,Deu 30:10,"when you obey the voice of the Lord your God, to keep his commandments and his statutes that are written in this Book of the Law, when you turn to the Lord your God with all your heart and with all your soul."
M47,Inner Seat,The heart/soul/spirit/inward parts as the seat of inner life,H3824,heart,heart,Deu 30:10,"when you obey the voice of the Lord your God, to keep his commandments and his statutes that are written in this Book of the Law, when you turn to the Lord your God with all your heart and with all your soul."
M47,Inner Seat,The heart/soul/spirit/inward parts as the seat of inner life,H3824,heart,heart,Deu 30:17,"But if your heart turns away, and you will not hear, but are drawn away to worship other gods and serve them,"
M47,Inner Seat,The heart/soul/spirit/inward parts as the seat of inner life,H5315G,soul,soul,Deu 30:2,"and return to the Lord your God, you and your children, and obey his voice in all that I command you today, with all your heart and with all your soul,"
M47,Inner Seat,The heart/soul/spirit/inward parts as the seat of inner life,H3824,heart,heart,Deu 30:2,"and return to the Lord your God, you and your children, and obey his voice in all that I command you today, with all your heart and with all your soul,"
M47,Inner Seat,The heart/soul/spirit/inward parts as the seat of inner life,H5315G,soul,soul,Deu 30:6,"And the Lord your God will circumcise your heart and the heart of your offspring, so that you will love the Lord your God with all your heart and with all your soul, that you may live."
M47,Inner Seat,The heart/soul/spirit/inward parts as the seat of inner life,H3824,heart,heart,Deu 30:6,"And the Lord your God will circumcise your heart and the heart of your offspring, so that you will love the Lord your God with all your heart and with all your soul, that you may live."
M47,Inner Seat,The heart/soul/spirit/inward parts as the seat of inner life,H1320,flesh,flesh,Deu 32:42,"I will make my arrows drunk with blood, and my sword shall devour flesh — with the blood of the slain and the captives, from the long-haired heads of the enemy.’"
M47,Inner Seat,The heart/soul/spirit/inward parts as the seat of inner life,H3824,heart,heart,Deu 32:46,"he said to them, “ Take to heart all the words by which I am warning you today, that you may command them to your children, that they may be careful to do all the words of this law."
M47,Inner Seat,The heart/soul/spirit/inward parts as the seat of inner life,H7307G,spirit,spirit,Deu 34:9,"And Joshua the son of Nun was full of the spirit of wisdom, for Moses had laid his hands on him. So the people of Israel obeyed him and did as the Lord had commanded Moses."
M47,Inner Seat,The heart/soul/spirit/inward parts as the seat of inner life,H5315G,soul,soul,Deu 4:29,"But from there you will seek the Lord your God and you will find him, if you search after him with all your heart and with all your soul."
M47,Inner Seat,The heart/soul/spirit/inward parts as the seat of inner life,H3824,heart,heart,Deu 4:29,"But from there you will seek the Lord your God and you will find him, if you search after him with all your heart and with all your soul."
M47,Inner Seat,The heart/soul/spirit/inward parts as the seat of inner life,H3824,heart,heart,Deu 4:39,"know therefore today, and lay it to your heart, that the Lord is God in heaven above and on the earth beneath; there is no other."
M47,Inner Seat,The heart/soul/spirit/inward parts as the seat of inner life,H5315G,soul,soul,Deu 4:9,"“ Only take care, and keep your soul diligently, lest you forget the things that your eyes have seen, and lest they depart from your heart all the days of your life. Make them known to your children and your children’s children —"
M47,Inner Seat,The heart/soul/spirit/inward parts as the seat of inner life,H3824,heart,heart,Deu 4:9,"“ Only take care, and keep your soul diligently, lest you forget the things that your eyes have seen, and lest they depart from your heart all the days of your life. Make them known to your children and your children’s children —"
M47,Inner Seat,The heart/soul/spirit/inward parts as the seat of inner life,H1320,flesh,flesh,Deu 5:26,"For who is there of all flesh, that has heard the voice of the living God speaking out of the midst of fire as we have, and has still lived?"
M47,Inner Seat,The heart/soul/spirit/inward parts as the seat of inner life,H5315G,soul,soul,Deu 6:5,You shall love the Lord your God with all your heart and with all your soul and with all your might.
M47,Inner Seat,The heart/soul/spirit/inward parts as the seat of inner life,H3824,heart,heart,Deu 6:5,You shall love the Lord your God with all your heart and with all your soul and with all your might.
M47,Inner Seat,The heart/soul/spirit/inward parts as the seat of inner life,H3824,heart,heart,Deu 6:6,And these words that I command you today shall be on your heart.
M47,Inner Seat,The heart/soul/spirit/inward parts as the seat of inner life,H3824,heart,heart,Deu 8:14,"then your heart be lifted up, and you forget the Lord your God, who brought you out of the land of Egypt, out of the house of slavery,"
M47,Inner Seat,The heart/soul/spirit/inward parts as the seat of inner life,H3824,heart,heart,Deu 8:5,"Know then in your heart that, as a man disciplines his son, the Lord your God disciplines you."
M47,Inner Seat,The heart/soul/spirit/inward parts as the seat of inner life,H3824,heart,heart,Deu 9:5,"Not because of your righteousness or the uprightness of your heart are you going in to possess their land, but because of the wickedness of these nations the Lord your God is driving them out from before you, and that he may confirm the word that the Lord swore to your fathers, to Abraham, to Isaac, and to Jacob."
M47,Inner Seat,The heart/soul/spirit/inward parts as the seat of inner life,H3820A,heart,heart,Ecc 10:2,"A wise man’s heart inclines him to the right, but a fool’s heart to the left."
M47,Inner Seat,The heart/soul/spirit/inward parts as the seat of inner life,H3820A,heart,sense,Ecc 10:3,"Even when the fool walks on the road, he lacks sense, and he says to everyone that he is a fool."
M47,Inner Seat,The heart/soul/spirit/inward parts as the seat of inner life,H7307J,spirit: temper,anger,Ecc 10:4,"If the anger of the ruler rises against you, do not leave your place, for calmness will lay great offenses to rest."
M47,Inner Seat,The heart/soul/spirit/inward parts as the seat of inner life,H7307H,spirit: breath,wind,Ecc 11:4,"He who observes the wind will not sow, and he who regards the clouds will not reap."
M47,Inner Seat,The heart/soul/spirit/inward parts as the seat of inner life,H3820A,heart,heart,Ecc 11:9,"Rejoice, O young man, in your youth, and let your heart cheer you in the days of your youth. Walk in the ways of your heart and the sight of your eyes. But know that for all these things God will bring you into judgment."
M47,Inner Seat,The heart/soul/spirit/inward parts as the seat of inner life,H1320,flesh,flesh,Ecc 12:12,"My son, beware of anything beyond these. Of making many books there is no end, and much study is a weariness of the flesh."
M47,Inner Seat,The heart/soul/spirit/inward parts as the seat of inner life,H7307H,spirit: breath,wind,Ecc 1:14,"I have seen everything that is done under the sun, and behold, all is vanity and a striving after wind."
M47,Inner Seat,The heart/soul/spirit/inward parts as the seat of inner life,H3820A,heart,heart,Ecc 1:16,"I said in my heart, “ I have acquired great wisdom, surpassing all who were over Jerusalem before me, and my heart has had great experience of wisdom and knowledge.”"
M47,Inner Seat,The heart/soul/spirit/inward parts as the seat of inner life,H7307H,spirit: breath,wind,Ecc 1:17,And I applied my heart to know wisdom and to know madness and folly. I perceived that this also is but a striving after wind.
M47,Inner Seat,The heart/soul/spirit/inward parts as the seat of inner life,H7307H,spirit: breath,wind,Ecc 2:11,"Then I considered all that my hands had done and the toil I had expended in doing it, and behold, all was vanity and a striving after wind, and there was nothing to be gained under the sun."
M47,Inner Seat,The heart/soul/spirit/inward parts as the seat of inner life,H7307H,spirit: breath,wind,Ecc 2:17,"So I hated life, because what is done under the sun was grievous to me, for all is vanity and a striving after wind."
M47,Inner Seat,The heart/soul/spirit/inward parts as the seat of inner life,H3820A,heart,heart,Ecc 2:22,What has a man from all the toil and striving of heart with which he toils beneath the sun?
M47,Inner Seat,The heart/soul/spirit/inward parts as the seat of inner life,H3820A,heart,heart,Ecc 2:23,"For all his days are full of sorrow, and his work is a vexation. Even in the night his heart does not rest. This also is vanity."
M47,Inner Seat,The heart/soul/spirit/inward parts as the seat of inner life,H7307H,spirit: breath,wind,Ecc 2:26,"For to the one who pleases him God has given wisdom and knowledge and joy, but to the sinner he has given the business of gathering and collecting, only to give to one who pleases God. This also is vanity and a striving after wind."
M47,Inner Seat,The heart/soul/spirit/inward parts as the seat of inner life,H7307G,spirit,spirit,Ecc 3:21,Who knows whether the spirit of man goes upward and the spirit of the beast goes down into the earth?
M47,Inner Seat,The heart/soul/spirit/inward parts as the seat of inner life,H7307H,spirit: breath,wind,Ecc 4:16,"There was no end of all the people, all of whom he led. Yet those who come later will not rejoice in him. Surely this also is vanity and a striving after wind."
M47,Inner Seat,The heart/soul/spirit/inward parts as the seat of inner life,H7307H,spirit: breath,wind,Ecc 4:4,Then I saw that all toil and all skill in work come from a man’s envy of his neighbor. This also is vanity and a striving after wind.
M47,Inner Seat,The heart/soul/spirit/inward parts as the seat of inner life,H7307H,spirit: breath,wind,Ecc 4:6,Better is a handful of quietness than two hands full of toil and a striving after wind.
M47,Inner Seat,The heart/soul/spirit/inward parts as the seat of inner life,H3820A,heart,heart,Ecc 5:20,For he will not much remember the days of his life because God keeps him occupied with joy in his heart.
M47,Inner Seat,The heart/soul/spirit/inward parts as the seat of inner life,H5315L,soul: appetite,appetite,Ecc 6:9,Better is the sight of the eyes than the wandering of the appetite: this also is vanity and a striving after wind.
M47,Inner Seat,The heart/soul/spirit/inward parts as the seat of inner life,H7307H,spirit: breath,wind,Ecc 6:9,Better is the sight of the eyes than the wandering of the appetite: this also is vanity and a striving after wind.
M47,Inner Seat,The heart/soul/spirit/inward parts as the seat of inner life,H3820A,heart,heart,Ecc 7:21,"Do not take to heart all the things that people say, lest you hear your servant cursing you."
M47,Inner Seat,The heart/soul/spirit/inward parts as the seat of inner life,H3820A,heart,heart,Ecc 7:22,Your heart knows that many times you yourself have cursed others.
M47,Inner Seat,The heart/soul/spirit/inward parts as the seat of inner life,H3820A,heart,heart,Ecc 7:26,"And I find something more bitter than death: the woman whose heart is snares and nets, and whose hands are fetters. He who pleases God escapes her, but the sinner is taken by her."
M47,Inner Seat,The heart/soul/spirit/inward parts as the seat of inner life,H5315G,soul,soul,Ecc 7:28,"which my soul has sought repeatedly, but I have not found. One man among a thousand I found, but a woman among all these I have not found."
M47,Inner Seat,The heart/soul/spirit/inward parts as the seat of inner life,H3820A,heart,heart,Ecc 7:3,"Sorrow is better than laughter, for by sadness of face the heart is made glad."
M47,Inner Seat,The heart/soul/spirit/inward parts as the seat of inner life,H3820A,heart,heart,Ecc 7:4,"The heart of the wise is in the house of mourning, but the heart of fools is in the house of mirth."
M47,Inner Seat,The heart/soul/spirit/inward parts as the seat of inner life,H7307G,spirit,spirit,Ecc 7:8,"Better is the end of a thing than its beginning, and the patient in spirit is better than the proud in spirit."
M47,Inner Seat,The heart/soul/spirit/inward parts as the seat of inner life,H7307G,spirit,spirit,Ecc 7:8,"Better is the end of a thing than its beginning, and the patient in spirit is better than the proud in spirit."
M47,Inner Seat,The heart/soul/spirit/inward parts as the seat of inner life,H3820A,heart,heart,Ecc 8:11,"Because the sentence against an evil deed is not executed speedily, the heart of the children of man is fully set to do evil."
M47,Inner Seat,The heart/soul/spirit/inward parts as the seat of inner life,H3820A,heart,heart,Ecc 8:5,"Whoever keeps a command will know no evil thing, and the wise heart will know the proper time and the just way."
M47,Inner Seat,The heart/soul/spirit/inward parts as the seat of inner life,H3820A,heart,heart,Ecc 9:1,"But all this I laid to heart, examining it all, how the righteous and the wise and their deeds are in the hand of God. Whether it is love or hate, man does not know; both are before him."
M47,Inner Seat,The heart/soul/spirit/inward parts as the seat of inner life,H3820A,heart,hearts,Ecc 9:3,"This is an evil in all that is done under the sun, that the same event happens to all. Also, the hearts of the children of man are full of evil, and madness is in their hearts while they live, and after that they go to the dead."
M47,Inner Seat,The heart/soul/spirit/inward parts as the seat of inner life,G4151G,spirit/breath: spirit,Spirit,Eph 1:13,"In him you also, when you heard the word of truth, the gospel of your salvation, and believed in him, were sealed with the promised Holy Spirit,"
M47,Inner Seat,The heart/soul/spirit/inward parts as the seat of inner life,G4151G,spirit/breath: spirit,Spirit,Eph 1:17,"that the God of our Lord Jesus Christ, the Father of glory, may give you the Spirit of wisdom and of revelation in the knowledge of him,"
M47,Inner Seat,The heart/soul/spirit/inward parts as the seat of inner life,G2588,heart,hearts,Eph 1:18,"having the eyes of your hearts enlightened, that you may know what is the hope to which he has called you, what are the riches of his glorious inheritance in the saints,"
M47,Inner Seat,The heart/soul/spirit/inward parts as the seat of inner life,G4152,spiritual,spiritual,Eph 1:3,"Blessed be the God and Father of our Lord Jesus Christ, who has blessed us in Christ with every spiritual blessing in the heavenly places,"
M47,Inner Seat,The heart/soul/spirit/inward parts as the seat of inner life,G4561,flesh,flesh,Eph 2:11,"Therefore remember that at one time you Gentiles in the flesh, called “the uncircumcision ” by what is called the circumcision, which is made in the flesh by hands —"
M47,Inner Seat,The heart/soul/spirit/inward parts as the seat of inner life,G4561,flesh,flesh,Eph 2:11,"Therefore remember that at one time you Gentiles in the flesh, called “the uncircumcision ” by what is called the circumcision, which is made in the flesh by hands —"
M47,Inner Seat,The heart/soul/spirit/inward parts as the seat of inner life,G4561,flesh,flesh,Eph 2:14,"For he himself is our peace, who has made us both one and has broken down in his flesh the dividing wall of hostility"
M47,Inner Seat,The heart/soul/spirit/inward parts as the seat of inner life,G4151G,spirit/breath: spirit,Spirit,Eph 2:18,For through him we both have access in one Spirit to the Father.
M47,Inner Seat,The heart/soul/spirit/inward parts as the seat of inner life,G4151G,spirit/breath: spirit,spirit,Eph 2:2,"in which you once walked, following the course of this world, following the prince of the power of the air, the spirit that is now at work in the sons of disobedience —"
M47,Inner Seat,The heart/soul/spirit/inward parts as the seat of inner life,G4151G,spirit/breath: spirit,Spirit,Eph 2:22,In him you also are being built together into a dwelling place for God by the Spirit.
M47,Inner Seat,The heart/soul/spirit/inward parts as the seat of inner life,G4561,flesh,flesh,Eph 2:3,"among whom we all once lived in the passions of our flesh, carrying out the desires of the flesh and the mind, and were by nature children of wrath, like the rest of mankind."
M47,Inner Seat,The heart/soul/spirit/inward parts as the seat of inner life,G4561,flesh,flesh,Eph 2:3,"among whom we all once lived in the passions of our flesh, carrying out the desires of the flesh and the mind, and were by nature children of wrath, like the rest of mankind."
M47,Inner Seat,The heart/soul/spirit/inward parts as the seat of inner life,G1573,to lose heart,lose heart,Eph 3:13,"So I ask you not to lose heart over what I am suffering for you, which is your glory."
M47,Inner Seat,The heart/soul/spirit/inward parts as the seat of inner life,G4151G,spirit/breath: spirit,Spirit,Eph 3:16,"that according to the riches of his glory he may grant you to be strengthened with power through his Spirit in your inner being,"
M47,Inner Seat,The heart/soul/spirit/inward parts as the seat of inner life,G2588,heart,hearts,Eph 3:17,"so that Christ may dwell in your hearts through faith —that you, being rooted and grounded in love,"
M47,Inner Seat,The heart/soul/spirit/inward parts as the seat of inner life,G4151G,spirit/breath: spirit,Spirit,Eph 3:5,which was not made known to the sons of men in other generations as it has now been revealed to his holy apostles and prophets by the Spirit.
M47,Inner Seat,The heart/soul/spirit/inward parts as the seat of inner life,G2588,heart,heart,Eph 4:18,"They are darkened in their understanding, alienated from the life of God because of the ignorance that is in them, due to their hardness of heart."
M47,Inner Seat,The heart/soul/spirit/inward parts as the seat of inner life,G4151G,spirit/breath: spirit,spirit,Eph 4:23,"and to be renewed in the spirit of your minds,"
M47,Inner Seat,The heart/soul/spirit/inward parts as the seat of inner life,G4151G,spirit/breath: spirit,Spirit,Eph 4:3,eager to maintain the unity of the Spirit in the bond of peace.
M47,Inner Seat,The heart/soul/spirit/inward parts as the seat of inner life,G4151G,spirit/breath: spirit,Spirit,Eph 4:30,"And do not grieve the Holy Spirit of God, by whom you were sealed for the day of redemption."
M47,Inner Seat,The heart/soul/spirit/inward parts as the seat of inner life,G4151G,spirit/breath: spirit,Spirit,Eph 4:4,There is one body and one Spirit —just as you were called to the one hope that belongs to your call —
M47,Inner Seat,The heart/soul/spirit/inward parts as the seat of inner life,G4151G,spirit/breath: spirit,Spirit,Eph 5:18,"And do not get drunk with wine, for that is debauchery, but be filled with the Spirit,"
M47,Inner Seat,The heart/soul/spirit/inward parts as the seat of inner life,G2588,heart,heart,Eph 5:19,"addressing one another in psalms and hymns and spiritual songs, singing and making melody to the Lord with your heart,"
M47,Inner Seat,The heart/soul/spirit/inward parts as the seat of inner life,G4152,spiritual,spiritual,Eph 5:19,"addressing one another in psalms and hymns and spiritual songs, singing and making melody to the Lord with your heart,"
M47,Inner Seat,The heart/soul/spirit/inward parts as the seat of inner life,G4561,flesh,flesh,Eph 5:29,"For no one ever hated his own flesh, but nourishes and cherishes it, just as Christ does the church,"
M47,Inner Seat,The heart/soul/spirit/inward parts as the seat of inner life,G4561,flesh,flesh,Eph 5:31,"“ Therefore a man shall leave his father and mother and hold fast to his wife, and the two shall become one flesh.”"
M47,Inner Seat,The heart/soul/spirit/inward parts as the seat of inner life,G4561,flesh,flesh,Eph 6:12,"For we do not wrestle against flesh and blood, but against the rulers, against the authorities, against the cosmic powers over this present darkness, against the spiritual forces of evil in the heavenly places."
M47,Inner Seat,The heart/soul/spirit/inward parts as the seat of inner life,G4152,spiritual,spiritual,Eph 6:12,"For we do not wrestle against flesh and blood, but against the rulers, against the authorities, against the cosmic powers over this present darkness, against the spiritual forces of evil in the heavenly places."
M47,Inner Seat,The heart/soul/spirit/inward parts as the seat of inner life,G4151G,spirit/breath: spirit,Spirit,Eph 6:17,"and take the helmet of salvation, and the sword of the Spirit, which is the word of God,"
M47,Inner Seat,The heart/soul/spirit/inward parts as the seat of inner life,G4151G,spirit/breath: spirit,Spirit,Eph 6:18,"praying at all times in the Spirit, with all prayer and supplication. To that end, keep alert with all perseverance, making supplication for all the saints,"
M47,Inner Seat,The heart/soul/spirit/inward parts as the seat of inner life,G2588,heart,hearts,Eph 6:22,"I have sent him to you for this very purpose, that you may know how we are, and that he may encourage your hearts."
M47,Inner Seat,The heart/soul/spirit/inward parts as the seat of inner life,G2588,heart,heart,Eph 6:5,"Bondservants, obey your earthly masters with fear and trembling, with a sincere heart, as you would Christ,"
M47,Inner Seat,The heart/soul/spirit/inward parts as the seat of inner life,G5590G,soul,heart,Eph 6:6,"not by the way of eye-service, as people-pleasers, but as bondservants of Christ, doing the will of God from the heart,"
M47,Inner Seat,The heart/soul/spirit/inward parts as the seat of inner life,H3820A,heart,heart,Est 1:10,"On the seventh day, when the heart of the king was merry with wine, he commanded Mehuman, Biztha, Harbona, Bigtha and Abagtha, Zethar and Carkas, the seven eunuchs who served in the presence of King Ahasuerus,"
M47,Inner Seat,The heart/soul/spirit/inward parts as the seat of inner life,H3820A,heart,heart,Est 5:9,"And Haman went out that day joyful and glad of heart. But when Haman saw Mordecai in the king’s gate, that he neither rose nor trembled before him, he was filled with wrath against Mordecai."
M47,Inner Seat,The heart/soul/spirit/inward parts as the seat of inner life,H7307H,spirit: breath,wind,Exo 10:13,"So Moses stretched out his staff over the land of Egypt, and the Lord brought an east wind upon the land all that day and all that night. When it was morning, the east wind had brought the locusts."
M47,Inner Seat,The heart/soul/spirit/inward parts as the seat of inner life,H7307H,spirit: breath,wind,Exo 10:19,"And the Lord turned the wind into a very strong west wind, which lifted the locusts and drove them into the Red Sea. Not a single locust was left in all the country of Egypt."
M47,Inner Seat,The heart/soul/spirit/inward parts as the seat of inner life,H5315J,soul: person,persons,Exo 12:4,"And if the household is too small for a lamb, then he and his nearest neighbor shall take according to the number of persons; according to what each can eat you shall make your count for the lamb."
M47,Inner Seat,The heart/soul/spirit/inward parts as the seat of inner life,H3824,heart,mind,Exo 14:5,"When the king of Egypt was told that the people had fled, the mind of Pharaoh and his servants was changed toward the people, and they said, “ What is this we have done, that we have let Israel go from serving us?”"
M47,Inner Seat,The heart/soul/spirit/inward parts as the seat of inner life,H1320,flesh,meat,Exo 16:12,"“I have heard the grumbling of the people of Israel. Say to them, ‘ At twilight you shall eat meat, and in the morning you shall be filled with bread. Then you shall know that I am the Lord your God.’”"
M47,Inner Seat,The heart/soul/spirit/inward parts as the seat of inner life,H5315J,soul: person,persons,Exo 16:16,"This is what the Lord has commanded: ‘ Gather of it, each one of you, as much as he can eat. You shall each take an omer, according to the number of the persons that each of you has in his tent.’”"
M47,Inner Seat,The heart/soul/spirit/inward parts as the seat of inner life,H1320,flesh,meat,Exo 16:8,"And Moses said, “When the Lord gives you in the evening meat to eat and in the morning bread to the full, because the Lord has heard your grumbling that you grumble against him— what are we? Your grumbling is not against us but against the Lord.”"
M47,Inner Seat,The heart/soul/spirit/inward parts as the seat of inner life,H5315J,soul: person,persons,Exo 1:5,All the descendants of Jacob were seventy persons; Joseph was already in Egypt.
M47,Inner Seat,The heart/soul/spirit/inward parts as the seat of inner life,H5315H,soul: life,life,Exo 21:23,"But if there is harm, then you shall pay life for life,"
M47,Inner Seat,The heart/soul/spirit/inward parts as the seat of inner life,H5315H,soul: life,life,Exo 21:23,"But if there is harm, then you shall pay life for life,"
M47,Inner Seat,The heart/soul/spirit/inward parts as the seat of inner life,H5315H,soul: life,life,Exo 21:30,"If a ransom is imposed on him, then he shall give for the redemption of his life whatever is imposed on him."
M47,Inner Seat,The heart/soul/spirit/inward parts as the seat of inner life,H3820A,heart,heart,Exo 28:29,"So Aaron shall bear the names of the sons of Israel in the breastpiece of judgment on his heart, when he goes into the Holy Place, to bring them to regular remembrance before the Lord."
M47,Inner Seat,The heart/soul/spirit/inward parts as the seat of inner life,H3820A,heart,heart,Exo 28:30,"And in the breastpiece of judgment you shall put the Urim and the Thummim, and they shall be on Aaron’s heart, when he goes in before the Lord. Thus Aaron shall bear the judgment of the people of Israel on his heart before the Lord regularly."
M47,Inner Seat,The heart/soul/spirit/inward parts as the seat of inner life,H1320,flesh,flesh,Exo 28:42,You shall make for them linen undergarments to cover their naked flesh. They shall reach from the hips to the thighs;
M47,Inner Seat,The heart/soul/spirit/inward parts as the seat of inner life,H5315H,soul: life,life,Exo 30:12,"“When you take the census of the people of Israel, then each shall give a ransom for his life to the Lord when you number them, that there be no plague among them when you number them."
M47,Inner Seat,The heart/soul/spirit/inward parts as the seat of inner life,H1320,flesh,body,Exo 30:32,"It shall not be poured on the body of an ordinary person, and you shall make no other like it in composition. It is holy, and it shall be holy to you."
M47,Inner Seat,The heart/soul/spirit/inward parts as the seat of inner life,H7307G,spirit,spirit,Exo 35:21,"And they came, everyone whose heart stirred him, and everyone whose spirit moved him, and brought the Lord’s contribution to be used for the tent of meeting, and for all its service, and for the holy garments."
M47,Inner Seat,The heart/soul/spirit/inward parts as the seat of inner life,H3820A,heart,heart,Exo 35:22,"So they came, both men and women. All who were of a willing heart brought brooches and earrings and signet rings and armlets, all sorts of gold objects, every man dedicating an offering of gold to the Lord."
M47,Inner Seat,The heart/soul/spirit/inward parts as the seat of inner life,H3820A,heart,hearts,Exo 35:26,All the women whose hearts stirred them to use their skill spun the goats’ hair.
M47,Inner Seat,The heart/soul/spirit/inward parts as the seat of inner life,H3820A,heart,heart,Exo 35:29,"All the men and women, the people of Israel, whose heart moved them to bring anything for the work that the Lord had commanded by Moses to be done brought it as a freewill offering to the Lord."
M47,Inner Seat,The heart/soul/spirit/inward parts as the seat of inner life,H3820A,heart,them,Exo 35:35,"He has filled them with skill to do every sort of work done by an engraver or by a designer or by an embroiderer in blue and purple and scarlet yarns and fine twined linen, or by a weaver —by any sort of workman or skilled designer."
M47,Inner Seat,The heart/soul/spirit/inward parts as the seat of inner life,H3820A,heart,heart,Exo 35:5,"Take from among you a contribution to the Lord. Whoever is of a generous heart, let him bring the Lord’s contribution: gold, silver, and bronze;"
M47,Inner Seat,The heart/soul/spirit/inward parts as the seat of inner life,H7307G,spirit,spirit,Exo 6:9,"Moses spoke thus to the people of Israel, but they did not listen to Moses, because of their broken spirit and harsh slavery."
M47,Inner Seat,The heart/soul/spirit/inward parts as the seat of inner life,H3820A,heart,heart,Exo 7:13,"Still Pharaoh’s heart was hardened, and he would not listen to them, as the Lord had said."
M47,Inner Seat,The heart/soul/spirit/inward parts as the seat of inner life,H3820A,heart,heart,Exo 7:14,"Then the Lord said to Moses, “ Pharaoh’s heart is hardened; he refuses to let the people go."
M47,Inner Seat,The heart/soul/spirit/inward parts as the seat of inner life,H3820A,heart,heart,Exo 7:22,"But the magicians of Egypt did the same by their secret arts. So Pharaoh’s heart remained hardened, and he would not listen to them, as the Lord had said."
M47,Inner Seat,The heart/soul/spirit/inward parts as the seat of inner life,H3820A,heart,heart,Exo 7:23,"Pharaoh turned and went into his house, and he did not take even this to heart."
M47,Inner Seat,The heart/soul/spirit/inward parts as the seat of inner life,H3820A,heart,heart,Exo 8:19,"Then the magicians said to Pharaoh, “ This is the finger of God.” But Pharaoh’s heart was hardened, and he would not listen to them, as the Lord had said."
M47,Inner Seat,The heart/soul/spirit/inward parts as the seat of inner life,H3820A,heart,attention,Exo 9:21,but whoever did not pay attention to the word of the Lord left his slaves and his livestock in the field.
M47,Inner Seat,The heart/soul/spirit/inward parts as the seat of inner life,H3820A,heart,heart,Exo 9:34,"But when Pharaoh saw that the rain and the hail and the thunder had ceased, he sinned yet again and hardened his heart, he and his servants."
M47,Inner Seat,The heart/soul/spirit/inward parts as the seat of inner life,H3820A,heart,heart,Exo 9:35,"So the heart of Pharaoh was hardened, and he did not let the people of Israel go, just as the Lord had spoken through Moses."
M47,Inner Seat,The heart/soul/spirit/inward parts as the seat of inner life,H3820A,heart,heart,Exo 9:7,"And Pharaoh sent, and behold, not one of the livestock of Israel was dead. But the heart of Pharaoh was hardened, and he did not let the people go."
M47,Inner Seat,The heart/soul/spirit/inward parts as the seat of inner life,H1320,flesh,body,Eze 10:12,"And their whole body, their rims, and their spokes, their wings, and the wheels were full of eyes all around —the wheels that the four of them had."
M47,Inner Seat,The heart/soul/spirit/inward parts as the seat of inner life,H7307G,spirit,spirit,Eze 10:17,"When they stood still, these stood still, and when they mounted up, these mounted up with them, for the spirit of the living creatures was in them."
M47,Inner Seat,The heart/soul/spirit/inward parts as the seat of inner life,H3820A,heart,heart,Eze 11:19,"And I will give them one heart, and a new spirit I will put within them. I will remove the heart of stone from their flesh and give them a heart of flesh,"
M47,Inner Seat,The heart/soul/spirit/inward parts as the seat of inner life,H1320,flesh,flesh,Eze 11:19,"And I will give them one heart, and a new spirit I will put within them. I will remove the heart of stone from their flesh and give them a heart of flesh,"
M47,Inner Seat,The heart/soul/spirit/inward parts as the seat of inner life,H1320,flesh,flesh,Eze 11:19,"And I will give them one heart, and a new spirit I will put within them. I will remove the heart of stone from their flesh and give them a heart of flesh,"
M47,Inner Seat,The heart/soul/spirit/inward parts as the seat of inner life,H7307G,spirit,mind,Eze 11:5,"And the Spirit of the Lord fell upon me, and he said to me, “ Say, Thus says the Lord: So you think, O house of Israel. For I know the things that come into your mind."
M47,Inner Seat,The heart/soul/spirit/inward parts as the seat of inner life,H7307H,spirit: breath,wind,Eze 12:14,"And I will scatter toward every wind all who are around him, his helpers and all his troops, and I will unsheathe the sword after them."
M47,Inner Seat,The heart/soul/spirit/inward parts as the seat of inner life,H7307H,spirit: breath,wind,Eze 13:13,"Therefore thus says the Lord God: I will make a stormy wind break out in my wrath, and there shall be a deluge of rain in my anger, and great hailstones in wrath to make a full end."
M47,Inner Seat,The heart/soul/spirit/inward parts as the seat of inner life,H3820A,heart,hearts,Eze 13:17,"“And you, son of man, set your face against the daughters of your people, who prophesy out of their own hearts. Prophesy against them"
M47,Inner Seat,The heart/soul/spirit/inward parts as the seat of inner life,H5315G,soul,souls,Eze 13:18,"and say, Thus says the Lord God: Woe to the women who sew magic bands upon all wrists, and make veils for the heads of persons of every stature, in the hunt for souls! Will you hunt down souls belonging to my people and keep your own souls alive?"
M47,Inner Seat,The heart/soul/spirit/inward parts as the seat of inner life,H5315G,soul,souls,Eze 13:19,"You have profaned me among my people for handfuls of barley and for pieces of bread, putting to death souls who should not die and keeping alive souls who should not live, by your lying to my people, who listen to lies."
M47,Inner Seat,The heart/soul/spirit/inward parts as the seat of inner life,H5315G,soul,souls,Eze 13:19,"You have profaned me among my people for handfuls of barley and for pieces of bread, putting to death souls who should not die and keeping alive souls who should not live, by your lying to my people, who listen to lies."
M47,Inner Seat,The heart/soul/spirit/inward parts as the seat of inner life,H3820A,heart,hearts,Eze 13:2,"“ Son of man, prophesy against the prophets of Israel, who are prophesying, and say to those who prophesy from their own hearts: ‘ Hear the word of the Lord!’"
M47,Inner Seat,The heart/soul/spirit/inward parts as the seat of inner life,H7307G,spirit,spirit,Eze 13:3,"Thus says the Lord God, Woe to the foolish prophets who follow their own spirit, and have seen nothing!"
M47,Inner Seat,The heart/soul/spirit/inward parts as the seat of inner life,H5315H,soul: life,lives,Eze 14:14,"even if these three men, Noah, Daniel, and Job, were in it, they would deliver but their own lives by their righteousness, declares the Lord God."
M47,Inner Seat,The heart/soul/spirit/inward parts as the seat of inner life,H5315H,soul: life,lives,Eze 14:20,"even if Noah, Daniel, and Job were in it, as I live, declares the Lord God, they would deliver neither son nor daughter. They would deliver but their own lives by their righteousness."
M47,Inner Seat,The heart/soul/spirit/inward parts as the seat of inner life,H3820A,heart,hearts,Eze 14:3,"“ Son of man, these men have taken their idols into their hearts, and set the stumbling block of their iniquity before their faces. Should I indeed let myself be consulted by them?"
M47,Inner Seat,The heart/soul/spirit/inward parts as the seat of inner life,H3826,heart,heart,Eze 16:30,"“ How sick is your heart, declares the Lord God, because you did all these things, the deeds of a brazen prostitute,"
M47,Inner Seat,The heart/soul/spirit/inward parts as the seat of inner life,H5315I,soul: myself,you,Eze 16:5,"No eye pitied you, to do any of these things to you out of compassion for you, but you were cast out on the open field, for you were abhorred, on the day that you were born."
M47,Inner Seat,The heart/soul/spirit/inward parts as the seat of inner life,H5315H,soul: life,lives,Eze 17:17,"Pharaoh with his mighty army and great company will not help him in war, when mounds are cast up and siege walls built to cut off many lives."
M47,Inner Seat,The heart/soul/spirit/inward parts as the seat of inner life,H7307G,spirit,spirit,Eze 1:21,"When those went, these went; and when those stood, these stood; and when those rose from the earth, the wheels rose along with them, for the spirit of the living creatures was in the wheels."
M47,Inner Seat,The heart/soul/spirit/inward parts as the seat of inner life,H7307H,spirit: breath,wind,Eze 1:4,"As I looked, behold, a stormy wind came out of the north, and a great cloud, with brightness around it, and fire flashing forth continually, and in the midst of the fire, as it were gleaming metal."
M47,Inner Seat,The heart/soul/spirit/inward parts as the seat of inner life,H7307G,spirit,mind,Eze 20:32,"“What is in your mind shall never happen —the thought, ‘Let us be like the nations, like the tribes of the countries, and worship wood and stone.’"
M47,Inner Seat,The heart/soul/spirit/inward parts as the seat of inner life,H1320,flesh,flesh,Eze 20:48,All flesh shall see that I the Lord have kindled it; it shall not be quenched.”
M47,Inner Seat,The heart/soul/spirit/inward parts as the seat of inner life,H3820A,heart,hearts,Eze 21:15,"that their hearts may melt, and many stumble. At all their gates I have given the glittering sword. Ah, it is made like lightning; it is taken up for slaughter."
M47,Inner Seat,The heart/soul/spirit/inward parts as the seat of inner life,H1320,flesh,flesh,Eze 21:4,"Because I will cut off from you both righteous and wicked, therefore my sword shall be drawn from its sheath against all flesh from south to north."
M47,Inner Seat,The heart/soul/spirit/inward parts as the seat of inner life,H1320,flesh,flesh,Eze 21:5,And all flesh shall know that I am the Lord. I have drawn my sword from its sheath; it shall not be sheathed again.
M47,Inner Seat,The heart/soul/spirit/inward parts as the seat of inner life,H3820A,heart,heart,Eze 21:7,"And when they say to you, ‘ Why do you groan?’ you shall say, ‘Because of the news that it is coming. Every heart will melt, and all hands will be feeble; every spirit will faint, and all knees will be weak as water. Behold, it is coming, and it will be fulfilled,’” declares the Lord God."
M47,Inner Seat,The heart/soul/spirit/inward parts as the seat of inner life,H7307G,spirit,spirit,Eze 21:7,"And when they say to you, ‘ Why do you groan?’ you shall say, ‘Because of the news that it is coming. Every heart will melt, and all hands will be feeble; every spirit will faint, and all knees will be weak as water. Behold, it is coming, and it will be fulfilled,’” declares the Lord God."
M47,Inner Seat,The heart/soul/spirit/inward parts as the seat of inner life,H3820A,heart,courage,Eze 22:14,"Can your courage endure, or can your hands be strong, in the days that I shall deal with you? I the Lord have spoken, and I will do it."
M47,Inner Seat,The heart/soul/spirit/inward parts as the seat of inner life,H5315H,soul: life,lives,Eze 22:25,The conspiracy of her prophets in her midst is like a roaring lion tearing the prey; they have devoured human lives; they have taken treasure and precious things; they have made many widows in her midst.
M47,Inner Seat,The heart/soul/spirit/inward parts as the seat of inner life,H5315H,soul: life,lives,Eze 22:27,"Her princes in her midst are like wolves tearing the prey, shedding blood, destroying lives to get dishonest gain."
M47,Inner Seat,The heart/soul/spirit/inward parts as the seat of inner life,H5315I,soul: myself,she,Eze 23:17,"And the Babylonians came to her into the bed of love, and they defiled her with their whoring lust. And after she was defiled by them, she turned from them in disgust."
M47,Inner Seat,The heart/soul/spirit/inward parts as the seat of inner life,H5315I,soul: myself,I,Eze 23:18,"When she carried on her whoring so openly and flaunted her nakedness, I turned in disgust from her, as I had turned in disgust from her sister."
M47,Inner Seat,The heart/soul/spirit/inward parts as the seat of inner life,H5315I,soul: myself,I,Eze 23:18,"When she carried on her whoring so openly and flaunted her nakedness, I turned in disgust from her, as I had turned in disgust from her sister."
M47,Inner Seat,The heart/soul/spirit/inward parts as the seat of inner life,H1320,flesh,like those,Eze 23:20,"and lusted after her lovers there, whose members were like those of donkeys, and whose issue was like that of horses."
M47,Inner Seat,The heart/soul/spirit/inward parts as the seat of inner life,H1320,flesh,members,Eze 23:20,"and lusted after her lovers there, whose members were like those of donkeys, and whose issue was like that of horses."
M47,Inner Seat,The heart/soul/spirit/inward parts as the seat of inner life,H5315G,soul,soul,Eze 24:21,"‘ Say to the house of Israel, Thus says the Lord God: Behold, I will profane my sanctuary, the pride of your power, the delight of your eyes, and the yearning of your soul, and your sons and your daughters whom you left behind shall fall by the sword."
M47,Inner Seat,The heart/soul/spirit/inward parts as the seat of inner life,H5315L,soul: appetite,soul’s,Eze 24:25,"“As for you, son of man, surely on the day when I take from them their stronghold, their joy and glory, the delight of their eyes and their soul’s desire, and also their sons and daughters,"
M47,Inner Seat,The heart/soul/spirit/inward parts as the seat of inner life,H3820A,heart,heart,Eze 27:25,The ships of Tarshish traveled for you with your merchandise. So you were filled and heavily laden in the heart of the seas.
M47,Inner Seat,The heart/soul/spirit/inward parts as the seat of inner life,H5315G,soul,soul,Eze 27:31,"they make themselves bald for you and put sackcloth on their waist, and they weep over you in bitterness of soul, with bitter mourning."
M47,Inner Seat,The heart/soul/spirit/inward parts as the seat of inner life,H3820A,heart,heart,Eze 27:4,Your borders are in the heart of the seas; your builders made perfect your beauty.
M47,Inner Seat,The heart/soul/spirit/inward parts as the seat of inner life,H3820A,heart,heart,Eze 28:17,"Your heart was proud because of your beauty; you corrupted your wisdom for the sake of your splendor. I cast you to the ground; I exposed you before kings, to feast their eyes on you."
M47,Inner Seat,The heart/soul/spirit/inward parts as the seat of inner life,H3820A,heart,heart,Eze 28:2,"“ Son of man, say to the prince of Tyre, Thus says the Lord God: “Because your heart is proud, and you have said, ‘I am a god, I sit in the seat of the gods, in the heart of the seas,’ yet you are but a man, and no god, though you make your heart like the heart of a god —"
M47,Inner Seat,The heart/soul/spirit/inward parts as the seat of inner life,H3820A,heart,heart,Eze 28:2,"“ Son of man, say to the prince of Tyre, Thus says the Lord God: “Because your heart is proud, and you have said, ‘I am a god, I sit in the seat of the gods, in the heart of the seas,’ yet you are but a man, and no god, though you make your heart like the heart of a god —"
M47,Inner Seat,The heart/soul/spirit/inward parts as the seat of inner life,H3820A,heart,heart,Eze 28:2,"“ Son of man, say to the prince of Tyre, Thus says the Lord God: “Because your heart is proud, and you have said, ‘I am a god, I sit in the seat of the gods, in the heart of the seas,’ yet you are but a man, and no god, though you make your heart like the heart of a god —"
M47,Inner Seat,The heart/soul/spirit/inward parts as the seat of inner life,H3824,heart,heart,Eze 28:5,"by your great wisdom in your trade you have increased your wealth, and your heart has become proud in your wealth —"
M47,Inner Seat,The heart/soul/spirit/inward parts as the seat of inner life,H3820A,heart,heart,Eze 28:8,"They shall thrust you down into the pit, and you shall die the death of the slain in the heart of the seas."
M47,Inner Seat,The heart/soul/spirit/inward parts as the seat of inner life,H3824,heart,heart,Eze 31:10,"“ Therefore thus says the Lord God: Because it towered high and set its top among the clouds, and its heart was proud of its height,"
M47,Inner Seat,The heart/soul/spirit/inward parts as the seat of inner life,H3820A,heart,hearts,Eze 32:9,"“I will trouble the hearts of many peoples, when I bring your destruction among the nations, into the countries that you have not known."
M47,Inner Seat,The heart/soul/spirit/inward parts as the seat of inner life,H5315H,soul: life,life,Eze 33:5,"He heard the sound of the trumpet and did not take warning; his blood shall be upon himself. But if he had taken warning, he would have saved his life."
M47,Inner Seat,The heart/soul/spirit/inward parts as the seat of inner life,H1320,flesh,flesh,Eze 36:26,"And I will give you a new heart, and a new spirit I will put within you. And I will remove the heart of stone from your flesh and give you a heart of flesh."
M47,Inner Seat,The heart/soul/spirit/inward parts as the seat of inner life,H1320,flesh,flesh,Eze 36:26,"And I will give you a new heart, and a new spirit I will put within you. And I will remove the heart of stone from your flesh and give you a heart of flesh."
M47,Inner Seat,The heart/soul/spirit/inward parts as the seat of inner life,H7307G,spirit,Spirit,Eze 37:14,"And I will put my Spirit within you, and you shall live, and I will place you in your own land. Then you shall know that I am the Lord; I have spoken, and I will do it, declares the Lord.”"
M47,Inner Seat,The heart/soul/spirit/inward parts as the seat of inner life,H7307H,spirit: breath,winds,Eze 37:9,"Then he said to me, “ Prophesy to the breath; prophesy, son of man, and say to the breath, Thus says the Lord God: Come from the four winds, O breath, and breathe on these slain, that they may live.”"
M47,Inner Seat,The heart/soul/spirit/inward parts as the seat of inner life,H3824,heart,mind,Eze 38:10,"“ Thus says the Lord God: On that day, thoughts will come into your mind, and you will devise an evil scheme"
M47,Inner Seat,The heart/soul/spirit/inward parts as the seat of inner life,H1320,flesh,flesh,Eze 39:17,"“As for you, son of man, thus says the Lord God: Speak to the birds of every sort and to all beasts of the field: ‘ Assemble and come, gather from all around to the sacrificial feast that I am preparing for you, a great sacrificial feast on the mountains of Israel, and you shall eat flesh and drink blood."
M47,Inner Seat,The heart/soul/spirit/inward parts as the seat of inner life,H1320,flesh,flesh,Eze 39:18,"You shall eat the flesh of the mighty, and drink the blood of the princes of the earth —of rams, of lambs, and of he-goats, of bulls, all of them fat beasts of Bashan."
M47,Inner Seat,The heart/soul/spirit/inward parts as the seat of inner life,H3824,heart,heart,Eze 3:10,"Moreover, he said to me, “ Son of man, all my words that I shall speak to you receive in your heart, and hear with your ears."
M47,Inner Seat,The heart/soul/spirit/inward parts as the seat of inner life,H7307G,spirit,spirit,Eze 3:14,"The Spirit lifted me up and took me away, and I went in bitterness in the heat of my spirit, the hand of the Lord being strong upon me."
M47,Inner Seat,The heart/soul/spirit/inward parts as the seat of inner life,H3820A,heart,heart,Eze 3:7,"But the house of Israel will not be willing to listen to you, for they are not willing to listen to me: because all the house of Israel have a hard forehead and a stubborn heart."
M47,Inner Seat,The heart/soul/spirit/inward parts as the seat of inner life,H3820A,heart,heart,Eze 40:4,"And the man said to me, “ Son of man, look with your eyes, and hear with your ears, and set your heart upon all that I shall show you, for you were brought here in order that I might show it to you. Declare all that you see to the house of Israel.”"
M47,Inner Seat,The heart/soul/spirit/inward parts as the seat of inner life,H1320,flesh,flesh,Eze 40:43,"And hooks, a handbreadth long, were fastened all around within. And on the tables the flesh of the offering was to be laid."
M47,Inner Seat,The heart/soul/spirit/inward parts as the seat of inner life,H7307I,spirit: side,side,Eze 42:16,"He measured the east side with the measuring reed, 500 cubits by the measuring reed all around."
M47,Inner Seat,The heart/soul/spirit/inward parts as the seat of inner life,H7307I,spirit: side,side,Eze 42:17,"He measured the north side, 500 cubits by the measuring reed all around."
M47,Inner Seat,The heart/soul/spirit/inward parts as the seat of inner life,H7307I,spirit: side,sides,Eze 42:20,"He measured it on the four sides. It had a wall around it, 500 cubits long and 500 cubits broad, to make a separation between the holy and the common."
M47,Inner Seat,The heart/soul/spirit/inward parts as the seat of inner life,H3820A,heart,well,Eze 44:5,"And the Lord said to me, “ Son of man, mark well, see with your eyes, and hear with your ears all that I shall tell you concerning all the statutes of the temple of the Lord and all its laws. And mark well the entrance to the temple and all the exits from the sanctuary."
M47,Inner Seat,The heart/soul/spirit/inward parts as the seat of inner life,H3820A,heart,well,Eze 44:5,"And the Lord said to me, “ Son of man, mark well, see with your eyes, and hear with your ears all that I shall tell you concerning all the statutes of the temple of the Lord and all its laws. And mark well the entrance to the temple and all the exits from the sanctuary."
M47,Inner Seat,The heart/soul/spirit/inward parts as the seat of inner life,H3820A,heart,heart,Eze 44:7,"in admitting foreigners, uncircumcised in heart and flesh, to be in my sanctuary, profaning my temple, when you offer to me my food, the fat and the blood. You have broken my covenant, in addition to all your abominations."
M47,Inner Seat,The heart/soul/spirit/inward parts as the seat of inner life,H3820A,heart,heart,Eze 44:9,"“ Thus says the Lord God: No foreigner, uncircumcised in heart and flesh, of all the foreigners who are among the people of Israel, shall enter my sanctuary."
M47,Inner Seat,The heart/soul/spirit/inward parts as the seat of inner life,H5315K,soul: animal,creature,Eze 47:9,"And wherever the river goes, every living creature that swarms will live, and there will be very many fish. For this water goes there, that the waters of the sea may become fresh; so everything will live where the river goes."
M47,Inner Seat,The heart/soul/spirit/inward parts as the seat of inner life,H5315I,soul: myself,myself,Eze 4:14,"Then I said, “ Ah, Lord God! Behold, I have never defiled myself. From my youth up till now I have never eaten what died of itself or was torn by beasts, nor has tainted meat come into my mouth.”"
M47,Inner Seat,The heart/soul/spirit/inward parts as the seat of inner life,H7307H,spirit: breath,winds,Eze 5:12,A third part of you shall die of pestilence and be consumed with famine in your midst; a third part shall fall by the sword all around you; and a third part I will scatter to all the winds and will unsheathe the sword after them.
M47,Inner Seat,The heart/soul/spirit/inward parts as the seat of inner life,H5315L,soul: appetite,hunger,Eze 7:19,"They cast their silver into the streets, and their gold is like an unclean thing. Their silver and gold are not able to deliver them in the day of the wrath of the Lord. They cannot satisfy their hunger or fill their stomachs with it. For it was the stumbling block of their iniquity."
M47,Inner Seat,The heart/soul/spirit/inward parts as the seat of inner life,H3820A,heart,heart,Ezr 6:22,"And they kept the Feast of Unleavened Bread seven days with joy, for the Lord had made them joyful and had turned the heart of the king of Assyria to them, so that he aided them in the work of the house of God, the God of Israel."
M47,Inner Seat,The heart/soul/spirit/inward parts as the seat of inner life,H3824,heart,heart,Ezr 7:10,"For Ezra had set his heart to study the Law of the Lord, and to do it and to teach his statutes and rules in Israel."
M47,Inner Seat,The heart/soul/spirit/inward parts as the seat of inner life,G4561,flesh,one,Gal 2:16,"yet we know that a person is not justified by works of the law but through faith in Jesus Christ, so we also have believed in Christ Jesus, in order to be justified by faith in Christ and not by works of the law, because by works of the law no one will be justified."
M47,Inner Seat,The heart/soul/spirit/inward parts as the seat of inner life,G4561,flesh,flesh,Gal 2:20,"I have been crucified with Christ. It is no longer I who live, but Christ who lives in me. And the life I now live in the flesh I live by faith in the Son of God, who loved me and gave himself for me."
M47,Inner Seat,The heart/soul/spirit/inward parts as the seat of inner life,G4151G,spirit/breath: spirit,Spirit,Gal 3:14,"so that in Christ Jesus the blessing of Abraham might come to the Gentiles, so that we might receive the promised Spirit through faith."
M47,Inner Seat,The heart/soul/spirit/inward parts as the seat of inner life,G4151G,spirit/breath: spirit,Spirit,Gal 3:2,Let me ask you only this: Did you receive the Spirit by works of the law or by hearing with faith?
M47,Inner Seat,The heart/soul/spirit/inward parts as the seat of inner life,G4561,flesh,flesh,Gal 3:3,"Are you so foolish? Having begun by the Spirit, are you now being perfected by the flesh?"
M47,Inner Seat,The heart/soul/spirit/inward parts as the seat of inner life,G4151G,spirit/breath: spirit,Spirit,Gal 3:3,"Are you so foolish? Having begun by the Spirit, are you now being perfected by the flesh?"
M47,Inner Seat,The heart/soul/spirit/inward parts as the seat of inner life,G4151G,spirit/breath: spirit,Spirit,Gal 3:5,"Does he who supplies the Spirit to you and works miracles among you do so by works of the law, or by hearing with faith —"
M47,Inner Seat,The heart/soul/spirit/inward parts as the seat of inner life,G4561,flesh,bodily,Gal 4:13,"You know it was because of a bodily ailment that I preached the gospel to you at first,"
M47,Inner Seat,The heart/soul/spirit/inward parts as the seat of inner life,G4561,flesh,condition,Gal 4:14,"and though my condition was a trial to you, you did not scorn or despise me, but received me as an angel of God, as Christ Jesus."
M47,Inner Seat,The heart/soul/spirit/inward parts as the seat of inner life,G4561,flesh,flesh,Gal 4:23,"But the son of the slave was born according to the flesh, while the son of the free woman was born through promise."
M47,Inner Seat,The heart/soul/spirit/inward parts as the seat of inner life,G4561,flesh,flesh,Gal 4:29,"But just as at that time he who was born according to the flesh persecuted him who was born according to the Spirit, so also it is now."
M47,Inner Seat,The heart/soul/spirit/inward parts as the seat of inner life,G4151G,spirit/breath: spirit,Spirit,Gal 4:29,"But just as at that time he who was born according to the flesh persecuted him who was born according to the Spirit, so also it is now."
M47,Inner Seat,The heart/soul/spirit/inward parts as the seat of inner life,G2588,heart,hearts,Gal 4:6,"And because you are sons, God has sent the Spirit of his Son into our hearts, crying, “ Abba! Father!”"
M47,Inner Seat,The heart/soul/spirit/inward parts as the seat of inner life,G4151G,spirit/breath: spirit,Spirit,Gal 4:6,"And because you are sons, God has sent the Spirit of his Son into our hearts, crying, “ Abba! Father!”"
M47,Inner Seat,The heart/soul/spirit/inward parts as the seat of inner life,G4561,flesh,flesh,Gal 5:13,"For you were called to freedom, brothers. Only do not use your freedom as an opportunity for the flesh, but through love serve one another."
M47,Inner Seat,The heart/soul/spirit/inward parts as the seat of inner life,G4561,flesh,flesh,Gal 5:16,"But I say, walk by the Spirit, and you will not gratify the desires of the flesh."
M47,Inner Seat,The heart/soul/spirit/inward parts as the seat of inner life,G4151G,spirit/breath: spirit,Spirit,Gal 5:16,"But I say, walk by the Spirit, and you will not gratify the desires of the flesh."
M47,Inner Seat,The heart/soul/spirit/inward parts as the seat of inner life,G4561,flesh,flesh,Gal 5:17,"For the desires of the flesh are against the Spirit, and the desires of the Spirit are against the flesh, for these are opposed to each other, to keep you from doing the things you want to do."
M47,Inner Seat,The heart/soul/spirit/inward parts as the seat of inner life,G4561,flesh,flesh,Gal 5:17,"For the desires of the flesh are against the Spirit, and the desires of the Spirit are against the flesh, for these are opposed to each other, to keep you from doing the things you want to do."
M47,Inner Seat,The heart/soul/spirit/inward parts as the seat of inner life,G4151G,spirit/breath: spirit,Spirit,Gal 5:17,"For the desires of the flesh are against the Spirit, and the desires of the Spirit are against the flesh, for these are opposed to each other, to keep you from doing the things you want to do."
M47,Inner Seat,The heart/soul/spirit/inward parts as the seat of inner life,G4151G,spirit/breath: spirit,Spirit,Gal 5:17,"For the desires of the flesh are against the Spirit, and the desires of the Spirit are against the flesh, for these are opposed to each other, to keep you from doing the things you want to do."
M47,Inner Seat,The heart/soul/spirit/inward parts as the seat of inner life,G4151G,spirit/breath: spirit,Spirit,Gal 5:18,"But if you are led by the Spirit, you are not under the law."
M47,Inner Seat,The heart/soul/spirit/inward parts as the seat of inner life,G4561,flesh,flesh,Gal 5:19,"Now the works of the flesh are evident: sexual immorality, impurity, sensuality,"
M47,Inner Seat,The heart/soul/spirit/inward parts as the seat of inner life,G4151G,spirit/breath: spirit,Spirit,Gal 5:22,"But the fruit of the Spirit is love, joy, peace, patience, kindness, goodness, faithfulness,"
M47,Inner Seat,The heart/soul/spirit/inward parts as the seat of inner life,G4561,flesh,flesh,Gal 5:24,And those who belong to Christ Jesus have crucified the flesh with its passions and desires.
M47,Inner Seat,The heart/soul/spirit/inward parts as the seat of inner life,G4151G,spirit/breath: spirit,Spirit,Gal 5:25,"If we live by the Spirit, let us also keep in step with the Spirit."
M47,Inner Seat,The heart/soul/spirit/inward parts as the seat of inner life,G4151G,spirit/breath: spirit,Spirit,Gal 5:25,"If we live by the Spirit, let us also keep in step with the Spirit."
M47,Inner Seat,The heart/soul/spirit/inward parts as the seat of inner life,G4151G,spirit/breath: spirit,Spirit,Gal 5:5,"For through the Spirit, by faith, we ourselves eagerly wait for the hope of righteousness."
M47,Inner Seat,The heart/soul/spirit/inward parts as the seat of inner life,G4151G,spirit/breath: spirit,spirit,Gal 6:1,"Brothers, if anyone is caught in any transgression, you who are spiritual should restore him in a spirit of gentleness. Keep watch on yourself, lest you too be tempted."
M47,Inner Seat,The heart/soul/spirit/inward parts as the seat of inner life,G4152,spiritual,spiritual,Gal 6:1,"Brothers, if anyone is caught in any transgression, you who are spiritual should restore him in a spirit of gentleness. Keep watch on yourself, lest you too be tempted."
M47,Inner Seat,The heart/soul/spirit/inward parts as the seat of inner life,G4561,flesh,flesh,Gal 6:12,"It is those who want to make a good showing in the flesh who would force you to be circumcised, and only in order that they may not be persecuted for the cross of Christ."
M47,Inner Seat,The heart/soul/spirit/inward parts as the seat of inner life,G4561,flesh,flesh,Gal 6:13,"For even those who are circumcised do not themselves keep the law, but they desire to have you circumcised that they may boast in your flesh."
M47,Inner Seat,The heart/soul/spirit/inward parts as the seat of inner life,G4151G,spirit/breath: spirit,spirit,Gal 6:18,"The grace of our Lord Jesus Christ be with your spirit, brothers. Amen."
M47,Inner Seat,The heart/soul/spirit/inward parts as the seat of inner life,G4561,flesh,flesh,Gal 6:8,"For the one who sows to his own flesh will from the flesh reap corruption, but the one who sows to the Spirit will from the Spirit reap eternal life."
M47,Inner Seat,The heart/soul/spirit/inward parts as the seat of inner life,G4561,flesh,flesh,Gal 6:8,"For the one who sows to his own flesh will from the flesh reap corruption, but the one who sows to the Spirit will from the Spirit reap eternal life."
M47,Inner Seat,The heart/soul/spirit/inward parts as the seat of inner life,G4151G,spirit/breath: spirit,Spirit,Gal 6:8,"For the one who sows to his own flesh will from the flesh reap corruption, but the one who sows to the Spirit will from the Spirit reap eternal life."
M47,Inner Seat,The heart/soul/spirit/inward parts as the seat of inner life,G4151G,spirit/breath: spirit,Spirit,Gal 6:8,"For the one who sows to his own flesh will from the flesh reap corruption, but the one who sows to the Spirit will from the Spirit reap eternal life."
M47,Inner Seat,The heart/soul/spirit/inward parts as the seat of inner life,G1573,to lose heart,grow weary,Gal 6:9,"And let us not grow weary of doing good, for in due season we will reap, if we do not give up."
M47,Inner Seat,The heart/soul/spirit/inward parts as the seat of inner life,H5315H,soul: life,life,Gen 12:13,"Say you are my sister, that it may go well with me because of you, and that my life may be spared for your sake.”"
M47,Inner Seat,The heart/soul/spirit/inward parts as the seat of inner life,H3820A,heart,yourselves,Gen 18:5,"while I bring a morsel of bread, that you may refresh yourselves, and after that you may pass on — since you have come to your servant.” So they said, “ Do as you have said.”"
M47,Inner Seat,The heart/soul/spirit/inward parts as the seat of inner life,H5315H,soul: life,life,Gen 19:17,"And as they brought them out, one said, “ Escape for your life. Do not look back or stop anywhere in the valley. Escape to the hills, lest you be swept away.”"
M47,Inner Seat,The heart/soul/spirit/inward parts as the seat of inner life,H5315H,soul: life,life,Gen 19:20,"Behold, this city is near enough to flee to, and it is a little one. Let me escape there —is it not a little one?—and my life will be saved!”"
M47,Inner Seat,The heart/soul/spirit/inward parts as the seat of inner life,H5315K,soul: animal,creatures,Gen 1:20,"And God said, “Let the waters swarm with swarms of living creatures, and let birds fly above the earth across the expanse of the heavens.”"
M47,Inner Seat,The heart/soul/spirit/inward parts as the seat of inner life,H5315K,soul: animal,creature,Gen 1:21,"So God created the great sea creatures and every living creature that moves, with which the waters swarm, according to their kinds, and every winged bird according to its kind. And God saw that it was good."
M47,Inner Seat,The heart/soul/spirit/inward parts as the seat of inner life,H5315K,soul: animal,creatures,Gen 1:24,"And God said, “Let the earth bring forth living creatures according to their kinds — livestock and creeping things and beasts of the earth according to their kinds.” And it was so."
M47,Inner Seat,The heart/soul/spirit/inward parts as the seat of inner life,H3824,heart,heart,Gen 20:5,"Did he not himself say to me, ‘ She is my sister ’? And she herself said, ‘He is my brother.’ In the integrity of my heart and the innocence of my hands I have done this.”"
M47,Inner Seat,The heart/soul/spirit/inward parts as the seat of inner life,H3824,heart,heart,Gen 20:6,"Then God said to him in the dream, “ Yes, I know that you have done this in the integrity of your heart, and it was I who kept you from sinning against me. Therefore I did not let you touch her."
M47,Inner Seat,The heart/soul/spirit/inward parts as the seat of inner life,H7307G,spirit,made life,Gen 26:35,and they made life bitter for Isaac and Rebekah.
M47,Inner Seat,The heart/soul/spirit/inward parts as the seat of inner life,H5315K,soul: animal,creature,Gen 2:19,"Now out of the ground the Lord God had formed every beast of the field and every bird of the heavens and brought them to the man to see what he would call them. And whatever the man called every living creature, that was its name."
M47,Inner Seat,The heart/soul/spirit/inward parts as the seat of inner life,H1320,flesh,flesh,Gen 2:21,"So the Lord God caused a deep sleep to fall upon the man, and while he slept took one of his ribs and closed up its place with flesh."
M47,Inner Seat,The heart/soul/spirit/inward parts as the seat of inner life,H5315H,soul: life,life,Gen 32:30,"So Jacob called the name of the place Peniel, saying, “For I have seen God face to face, and yet my life has been delivered.”"
M47,Inner Seat,The heart/soul/spirit/inward parts as the seat of inner life,H5315G,soul,soul,Gen 34:3,And his soul was drawn to Dinah the daughter of Jacob. He loved the young woman and spoke tenderly to her.
M47,Inner Seat,The heart/soul/spirit/inward parts as the seat of inner life,H5315G,soul,soul,Gen 34:8,"But Hamor spoke with them, saying, “The soul of my son Shechem longs for your daughter. Please give her to him to be his wife."
M47,Inner Seat,The heart/soul/spirit/inward parts as the seat of inner life,H5315G,soul,soul,Gen 35:18,"And as her soul was departing (for she was dying ), she called his name Ben-oni; but his father called him Benjamin."
M47,Inner Seat,The heart/soul/spirit/inward parts as the seat of inner life,H7307G,spirit,Spirit,Gen 41:38,"And Pharaoh said to his servants, “Can we find a man like this, in whom is the Spirit of God?”"
M47,Inner Seat,The heart/soul/spirit/inward parts as the seat of inner life,H7307G,spirit,spirit,Gen 41:8,"So in the morning his spirit was troubled, and he sent and called for all the magicians of Egypt and all its wise men. Pharaoh told them his dreams, but there was none who could interpret them to Pharaoh."
M47,Inner Seat,The heart/soul/spirit/inward parts as the seat of inner life,H5315G,soul,soul,Gen 42:21,"Then they said to one another, “In truth we are guilty concerning our brother, in that we saw the distress of his soul, when he begged us and we did not listen. That is why this distress has come upon us.”"
M47,Inner Seat,The heart/soul/spirit/inward parts as the seat of inner life,H3820A,heart,hearts,Gen 42:28,"He said to his brothers, “My money has been put back; here it is in the mouth of my sack!” At this their hearts failed them, and they turned trembling to one another, saying, “ What is this that God has done to us?”"
M47,Inner Seat,The heart/soul/spirit/inward parts as the seat of inner life,H3820A,heart,heart,Gen 45:26,"And they told him, “ Joseph is still alive, and he is ruler over all the land of Egypt.” And his heart became numb, for he did not believe them."
M47,Inner Seat,The heart/soul/spirit/inward parts as the seat of inner life,H7307G,spirit,spirit,Gen 45:27,"But when they told him all the words of Joseph, which he had said to them, and when he saw the wagons that Joseph had sent to carry him, the spirit of their father Jacob revived."
M47,Inner Seat,The heart/soul/spirit/inward parts as the seat of inner life,H5315J,soul: person,persons,Gen 46:18,"These are the sons of Zilpah, whom Laban gave to Leah his daughter; and these she bore to Jacob — sixteen persons."
M47,Inner Seat,The heart/soul/spirit/inward parts as the seat of inner life,H5315J,soul: person,persons,Gen 46:22,"These are the sons of Rachel, who were born to Jacob — fourteen persons in all."
M47,Inner Seat,The heart/soul/spirit/inward parts as the seat of inner life,H5315J,soul: person,persons,Gen 46:25,"These are the sons of Bilhah, whom Laban gave to Rachel his daughter, and these she bore to Jacob — seven persons in all."
M47,Inner Seat,The heart/soul/spirit/inward parts as the seat of inner life,H5315J,soul: person,persons,Gen 46:26,"All the persons belonging to Jacob who came into Egypt, who were his own descendants, not including Jacob’s sons ’ wives, were sixty-six persons in all."
M47,Inner Seat,The heart/soul/spirit/inward parts as the seat of inner life,H5315G,soul,soul,Gen 49:6,"Let my soul come not into their council; O my glory, be not joined to their company. For in their anger they killed men, and in their willfulness they hamstrung oxen."
M47,Inner Seat,The heart/soul/spirit/inward parts as the seat of inner life,H1320,flesh,flesh,Gen 6:12,"And God saw the earth, and behold, it was corrupt, for all flesh had corrupted their way on the earth."
M47,Inner Seat,The heart/soul/spirit/inward parts as the seat of inner life,H1320,flesh,flesh,Gen 6:13,"And God said to Noah, “I have determined to make an end of all flesh, for the earth is filled with violence through them. Behold, I will destroy them with the earth."
M47,Inner Seat,The heart/soul/spirit/inward parts as the seat of inner life,H1320,flesh,flesh,Gen 6:17,"For behold, I will bring a flood of waters upon the earth to destroy all flesh in which is the breath of life under heaven. Everything that is on the earth shall die."
M47,Inner Seat,The heart/soul/spirit/inward parts as the seat of inner life,H1320,flesh,flesh,Gen 6:19,"And of every living thing of all flesh, you shall bring two of every sort into the ark to keep them alive with you. They shall be male and female."
M47,Inner Seat,The heart/soul/spirit/inward parts as the seat of inner life,H7307G,spirit,Spirit,Gen 6:3,"Then the Lord said, “My Spirit shall not abide in man forever, for he is flesh: his days shall be 120 years.”"
M47,Inner Seat,The heart/soul/spirit/inward parts as the seat of inner life,H3820A,heart,heart,Gen 6:5,"The Lord saw that the wickedness of man was great in the earth, and that every intention of the thoughts of his heart was only evil continually."
M47,Inner Seat,The heart/soul/spirit/inward parts as the seat of inner life,H3820A,heart,heart,Gen 6:6,"And the Lord regretted that he had made man on the earth, and it grieved him to his heart."
M47,Inner Seat,The heart/soul/spirit/inward parts as the seat of inner life,H1320,flesh,flesh,Gen 7:16,"And those that entered, male and female of all flesh, went in as God had commanded him. And the Lord shut him in."
M47,Inner Seat,The heart/soul/spirit/inward parts as the seat of inner life,H1320,flesh,flesh,Gen 7:21,"And all flesh died that moved on the earth, birds, livestock, beasts, all swarming creatures that swarm on the earth, and all mankind."
M47,Inner Seat,The heart/soul/spirit/inward parts as the seat of inner life,H7307H,spirit: breath,wind,Gen 8:1,"But God remembered Noah and all the beasts and all the livestock that were with him in the ark. And God made a wind blow over the earth, and the waters subsided."
M47,Inner Seat,The heart/soul/spirit/inward parts as the seat of inner life,H1320,flesh,flesh,Gen 8:17,"Bring out with you every living thing that is with you of all flesh — birds and animals and every creeping thing that creeps on the earth —that they may swarm on the earth, and be fruitful and multiply on the earth.”"
M47,Inner Seat,The heart/soul/spirit/inward parts as the seat of inner life,H3820A,heart,heart,Gen 8:21,"And when the Lord smelled the pleasing aroma, the Lord said in his heart, “I will never again curse the ground because of man, for the intention of man’s heart is evil from his youth. Neither will I ever again strike down every living creature as I have done."
M47,Inner Seat,The heart/soul/spirit/inward parts as the seat of inner life,H3820A,heart,heart,Gen 8:21,"And when the Lord smelled the pleasing aroma, the Lord said in his heart, “I will never again curse the ground because of man, for the intention of man’s heart is evil from his youth. Neither will I ever again strike down every living creature as I have done."
M47,Inner Seat,The heart/soul/spirit/inward parts as the seat of inner life,H5315K,soul: animal,creature,Gen 9:10,"and with every living creature that is with you, the birds, the livestock, and every beast of the earth with you, as many as came out of the ark; it is for every beast of the earth."
M47,Inner Seat,The heart/soul/spirit/inward parts as the seat of inner life,H1320,flesh,flesh,Gen 9:11,"I establish my covenant with you, that never again shall all flesh be cut off by the waters of the flood, and never again shall there be a flood to destroy the earth.”"
M47,Inner Seat,The heart/soul/spirit/inward parts as the seat of inner life,H1320,flesh,flesh,Gen 9:15,I will remember my covenant that is between me and you and every living creature of all flesh. And the waters shall never again become a flood to destroy all flesh.
M47,Inner Seat,The heart/soul/spirit/inward parts as the seat of inner life,H1320,flesh,flesh,Gen 9:15,I will remember my covenant that is between me and you and every living creature of all flesh. And the waters shall never again become a flood to destroy all flesh.
M47,Inner Seat,The heart/soul/spirit/inward parts as the seat of inner life,H5315K,soul: animal,creature,Gen 9:16,"When the bow is in the clouds, I will see it and remember the everlasting covenant between God and every living creature of all flesh that is on the earth.”"
M47,Inner Seat,The heart/soul/spirit/inward parts as the seat of inner life,H1320,flesh,flesh,Gen 9:16,"When the bow is in the clouds, I will see it and remember the everlasting covenant between God and every living creature of all flesh that is on the earth.”"
M47,Inner Seat,The heart/soul/spirit/inward parts as the seat of inner life,H1320,flesh,flesh,Gen 9:17,"God said to Noah, “ This is the sign of the covenant that I have established between me and all flesh that is on the earth.”"
M47,Inner Seat,The heart/soul/spirit/inward parts as the seat of inner life,H1320,flesh,flesh,Gen 9:4,"But you shall not eat flesh with its life, that is, its blood."
M47,Inner Seat,The heart/soul/spirit/inward parts as the seat of inner life,H7307H,spirit: breath,wind,Hab 1:11,"Then they sweep by like the wind and go on, guilty men, whose own might is their god!”"
M47,Inner Seat,The heart/soul/spirit/inward parts as the seat of inner life,H5315H,soul: life,life,Hab 2:10,You have devised shame for your house by cutting off many peoples; you have forfeited your life.
M47,Inner Seat,The heart/soul/spirit/inward parts as the seat of inner life,H5315G,soul,soul,Hab 2:4,"“ Behold, his soul is puffed up; it is not upright within him, but the righteous shall live by his faith."
M47,Inner Seat,The heart/soul/spirit/inward parts as the seat of inner life,H5315L,soul: appetite,greed,Hab 2:5,"“ Moreover, wine is a traitor, an arrogant man who is never at rest. His greed is as wide as Sheol; like death he has never enough. He gathers for himself all nations and collects as his own all peoples.”"
M47,Inner Seat,The heart/soul/spirit/inward parts as the seat of inner life,H1320,flesh,meat,Hag 2:12,"‘ If someone carries holy meat in the fold of his garment and touches with his fold bread or stew or wine or oil or any kind of food, does it become holy?’” The priests answered and said, “ No.”"
M47,Inner Seat,The heart/soul/spirit/inward parts as the seat of inner life,H5315M,soul: dead,dead body,Hag 2:13,"Then Haggai said, “ If someone who is unclean by contact with a dead body touches any of these, does it become unclean?” The priests answered and said, “It does become unclean.”"
M47,Inner Seat,The heart/soul/spirit/inward parts as the seat of inner life,G4151G,spirit/breath: spirit,Spirit,Heb 10:15,"And the Holy Spirit also bears witness to us; for after saying,"
M47,Inner Seat,The heart/soul/spirit/inward parts as the seat of inner life,G2588,heart,hearts,Heb 10:16,"“ This is the covenant that I will make with them after those days, declares the Lord: I will put my laws on their hearts, and write them on their minds,”"
M47,Inner Seat,The heart/soul/spirit/inward parts as the seat of inner life,G4893,conscience,consciousness,Heb 10:2,"Otherwise, would they not have ceased to be offered, since the worshipers, having once been cleansed, would no longer have any consciousness of sins?"
M47,Inner Seat,The heart/soul/spirit/inward parts as the seat of inner life,G4561,flesh,flesh,Heb 10:20,"by the new and living way that he opened for us through the curtain, that is, through his flesh,"
M47,Inner Seat,The heart/soul/spirit/inward parts as the seat of inner life,G2588,heart,heart,Heb 10:22,"let us draw near with a true heart in full assurance of faith, with our hearts sprinkled clean from an evil conscience and our bodies washed with pure water."
M47,Inner Seat,The heart/soul/spirit/inward parts as the seat of inner life,G2588,heart,hearts,Heb 10:22,"let us draw near with a true heart in full assurance of faith, with our hearts sprinkled clean from an evil conscience and our bodies washed with pure water."
M47,Inner Seat,The heart/soul/spirit/inward parts as the seat of inner life,G4893,conscience,conscience,Heb 10:22,"let us draw near with a true heart in full assurance of faith, with our hearts sprinkled clean from an evil conscience and our bodies washed with pure water."
M47,Inner Seat,The heart/soul/spirit/inward parts as the seat of inner life,G4151G,spirit/breath: spirit,Spirit,Heb 10:29,"How much worse punishment, do you think, will be deserved by the one who has trampled underfoot the Son of God, and has profaned the blood of the covenant by which he was sanctified, and has outraged the Spirit of grace?"
M47,Inner Seat,The heart/soul/spirit/inward parts as the seat of inner life,G5590I,soul: myself,soul,Heb 10:38,"but my righteous one shall live by faith, and if he shrinks back, my soul has no pleasure in him.”"
M47,Inner Seat,The heart/soul/spirit/inward parts as the seat of inner life,G5590G,soul,souls,Heb 10:39,"But we are not of those who shrink back and are destroyed, but of those who have faith and preserve their souls."
M47,Inner Seat,The heart/soul/spirit/inward parts as the seat of inner life,G4151G,spirit/breath: spirit,spirits,Heb 12:23,"and to the assembly of the firstborn who are enrolled in heaven, and to God, the judge of all, and to the spirits of the righteous made perfect,"
M47,Inner Seat,The heart/soul/spirit/inward parts as the seat of inner life,G4561,flesh,earthly,Heb 12:9,"Besides this, we have had earthly fathers who disciplined us and we respected them. Shall we not much more be subject to the Father of spirits and live?"
M47,Inner Seat,The heart/soul/spirit/inward parts as the seat of inner life,G4151G,spirit/breath: spirit,spirits,Heb 12:9,"Besides this, we have had earthly fathers who disciplined us and we respected them. Shall we not much more be subject to the Father of spirits and live?"
M47,Inner Seat,The heart/soul/spirit/inward parts as the seat of inner life,G5590G,soul,souls,Heb 13:17,"Obey your leaders and submit to them, for they are keeping watch over your souls, as those who will have to give an account. Let them do this with joy and not with groaning, for that would be of no advantage to you."
M47,Inner Seat,The heart/soul/spirit/inward parts as the seat of inner life,G4893,conscience,conscience,Heb 13:18,"Pray for us, for we are sure that we have a clear conscience, desiring to act honorably in all things."
M47,Inner Seat,The heart/soul/spirit/inward parts as the seat of inner life,G2588,heart,heart,Heb 13:9,"Do not be led away by diverse and strange teachings, for it is good for the heart to be strengthened by grace, not by foods, which have not benefited those devoted to them."
M47,Inner Seat,The heart/soul/spirit/inward parts as the seat of inner life,G4151G,spirit/breath: spirit,spirits,Heb 1:14,Are they not all ministering spirits sent out to serve for the sake of those who are to inherit salvation?
M47,Inner Seat,The heart/soul/spirit/inward parts as the seat of inner life,G4151H,spirit/breath: breath,winds,Heb 1:7,"Of the angels he says, “He makes his angels winds, and his ministers a flame of fire.”"
M47,Inner Seat,The heart/soul/spirit/inward parts as the seat of inner life,G4561,flesh,flesh,Heb 2:14,"Since therefore the children share in flesh and blood, he himself likewise partook of the same things, that through death he might destroy the one who has the power of death, that is, the devil,"
M47,Inner Seat,The heart/soul/spirit/inward parts as the seat of inner life,G4151G,spirit/breath: spirit,Spirit,Heb 2:4,while God also bore witness by signs and wonders and various miracles and by gifts of the Holy Spirit distributed according to his will.
M47,Inner Seat,The heart/soul/spirit/inward parts as the seat of inner life,G2588,heart,heart,Heb 3:10,"Therefore I was provoked with that generation, and said, ‘They always go astray in their heart; they have not known my ways.’"
M47,Inner Seat,The heart/soul/spirit/inward parts as the seat of inner life,G2588,heart,heart,Heb 3:12,"Take care, brothers, lest there be in any of you an evil, unbelieving heart, leading you to fall away from the living God."
M47,Inner Seat,The heart/soul/spirit/inward parts as the seat of inner life,G2588,heart,hearts,Heb 3:15,"As it is said, “ Today, if you hear his voice, do not harden your hearts as in the rebellion.”"
M47,Inner Seat,The heart/soul/spirit/inward parts as the seat of inner life,G4151G,spirit/breath: spirit,Spirit,Heb 3:7,"Therefore, as the Holy Spirit says, “ Today, if you hear his voice,"
M47,Inner Seat,The heart/soul/spirit/inward parts as the seat of inner life,G2588,heart,hearts,Heb 3:8,"do not harden your hearts as in the rebellion, on the day of testing in the wilderness,"
M47,Inner Seat,The heart/soul/spirit/inward parts as the seat of inner life,G2588,heart,heart,Heb 4:12,"For the word of God is living and active, sharper than any two-edged sword, piercing to the division of soul and of spirit, of joints and of marrow, and discerning the thoughts and intentions of the heart."
M47,Inner Seat,The heart/soul/spirit/inward parts as the seat of inner life,G5590G,soul,soul,Heb 4:12,"For the word of God is living and active, sharper than any two-edged sword, piercing to the division of soul and of spirit, of joints and of marrow, and discerning the thoughts and intentions of the heart."
M47,Inner Seat,The heart/soul/spirit/inward parts as the seat of inner life,G4151G,spirit/breath: spirit,spirit,Heb 4:12,"For the word of God is living and active, sharper than any two-edged sword, piercing to the division of soul and of spirit, of joints and of marrow, and discerning the thoughts and intentions of the heart."
M47,Inner Seat,The heart/soul/spirit/inward parts as the seat of inner life,G2588,heart,hearts,Heb 4:7,"again he appoints a certain day, “ Today,” saying through David so long afterward, in the words already quoted, “ Today, if you hear his voice, do not harden your hearts.”"
M47,Inner Seat,The heart/soul/spirit/inward parts as the seat of inner life,G4561,flesh,flesh,Heb 5:7,"In the days of his flesh, Jesus offered up prayers and supplications, with loud cries and tears, to him who was able to save him from death, and he was heard because of his reverence."
M47,Inner Seat,The heart/soul/spirit/inward parts as the seat of inner life,G5590G,soul,soul,Heb 6:19,"We have this as a sure and steadfast anchor of the soul, a hope that enters into the inner place behind the curtain,"
M47,Inner Seat,The heart/soul/spirit/inward parts as the seat of inner life,G4151G,spirit/breath: spirit,Spirit,Heb 6:4,"For it is impossible, in the case of those who have once been enlightened, who have tasted the heavenly gift, and have shared in the Holy Spirit,"
M47,Inner Seat,The heart/soul/spirit/inward parts as the seat of inner life,G2588,heart,hearts,Heb 8:10,"For this is the covenant that I will make with the house of Israel after those days, declares the Lord: I will put my laws into their minds, and write them on their hearts, and I will be their God, and they shall be my people."
M47,Inner Seat,The heart/soul/spirit/inward parts as the seat of inner life,G4561,flesh,body,Heb 9:10,"but deal only with food and drink and various washings, regulations for the body imposed until the time of reformation."
M47,Inner Seat,The heart/soul/spirit/inward parts as the seat of inner life,G4561,flesh,flesh,Heb 9:13,"For if the blood of goats and bulls, and the sprinkling of defiled persons with the ashes of a heifer, sanctify for the purification of the flesh,"
M47,Inner Seat,The heart/soul/spirit/inward parts as the seat of inner life,G4893,conscience,conscience,Heb 9:14,"how much more will the blood of Christ, who through the eternal Spirit offered himself without blemish to God, purify our conscience from dead works to serve the living God."
M47,Inner Seat,The heart/soul/spirit/inward parts as the seat of inner life,G4151G,spirit/breath: spirit,Spirit,Heb 9:14,"how much more will the blood of Christ, who through the eternal Spirit offered himself without blemish to God, purify our conscience from dead works to serve the living God."
M47,Inner Seat,The heart/soul/spirit/inward parts as the seat of inner life,G4151G,spirit/breath: spirit,Spirit,Heb 9:8,By this the Holy Spirit indicates that the way into the holy places is not yet opened as long as the first section is still standing
M47,Inner Seat,The heart/soul/spirit/inward parts as the seat of inner life,G4893,conscience,conscience,Heb 9:9,"( which is symbolic for the present age ). According to this arrangement, gifts and sacrifices are offered that cannot perfect the conscience of the worshiper,"
M47,Inner Seat,The heart/soul/spirit/inward parts as the seat of inner life,H3820A,heart,heart,Hos 10:2,Their heart is false; now they must bear their guilt. The Lord will break down their altars and destroy their pillars.
M47,Inner Seat,The heart/soul/spirit/inward parts as the seat of inner life,H7307H,spirit: breath,wind,Hos 12:1,"Ephraim feeds on the wind and pursues the east wind all day long; they multiply falsehood and violence; they make a covenant with Assyria, and oil is carried to Egypt."
M47,Inner Seat,The heart/soul/spirit/inward parts as the seat of inner life,H7307H,spirit: breath,wind,Hos 13:15,"Though he may flourish among his brothers, the east wind, the wind of the Lord, shall come, rising from the wilderness, and his fountain shall dry up; his spring shall be parched; it shall strip his treasury of every precious thing."
M47,Inner Seat,The heart/soul/spirit/inward parts as the seat of inner life,H3820A,heart,heart,Hos 13:6,"but when they had grazed, they became full, they were filled, and their heart was lifted up; therefore they forgot me."
M47,Inner Seat,The heart/soul/spirit/inward parts as the seat of inner life,H3820A,heart,understanding,Hos 4:11,"whoredom, wine, and new wine, which take away the understanding."
M47,Inner Seat,The heart/soul/spirit/inward parts as the seat of inner life,H7307H,spirit: breath,wind,Hos 4:19,"A wind has wrapped them in its wings, and they shall be ashamed because of their sacrifices."
M47,Inner Seat,The heart/soul/spirit/inward parts as the seat of inner life,H3820A,heart,hearts,Hos 7:6,For with hearts like an oven they approach their intrigue; all night their anger smolders; in the morning it blazes like a flaming fire.
M47,Inner Seat,The heart/soul/spirit/inward parts as the seat of inner life,H1320,flesh,meat,Hos 8:13,"As for my sacrificial offerings, they sacrifice meat and eat it, but the Lord does not accept them. Now he will remember their iniquity and punish their sins; they shall return to Egypt."
M47,Inner Seat,The heart/soul/spirit/inward parts as the seat of inner life,H3824,heart,heart,Isa 10:12,"When the Lord has finished all his work on Mount Zion and on Jerusalem, he will punish the speech of the arrogant heart of the king of Assyria and the boastful look in his eyes."
M47,Inner Seat,The heart/soul/spirit/inward parts as the seat of inner life,H5315G,soul,soul,Isa 10:18,"The glory of his forest and of his fruitful land the Lord will destroy, both soul and body, and it will be as when a sick man wastes away."
M47,Inner Seat,The heart/soul/spirit/inward parts as the seat of inner life,H1320,flesh,body,Isa 10:18,"The glory of his forest and of his fruitful land the Lord will destroy, both soul and body, and it will be as when a sick man wastes away."
M47,Inner Seat,The heart/soul/spirit/inward parts as the seat of inner life,H7307H,spirit: breath,breath,Isa 11:15,"And the Lord will utterly destroy the tongue of the Sea of Egypt, and will wave his hand over the River with his scorching breath, and strike it into seven channels, and he will lead people across in sandals."
M47,Inner Seat,The heart/soul/spirit/inward parts as the seat of inner life,H7307G,spirit,Spirit,Isa 11:2,"And the Spirit of the Lord shall rest upon him, the Spirit of wisdom and understanding, the Spirit of counsel and might, the Spirit of knowledge and the fear of the Lord."
M47,Inner Seat,The heart/soul/spirit/inward parts as the seat of inner life,H7307G,spirit,Spirit,Isa 11:2,"And the Spirit of the Lord shall rest upon him, the Spirit of wisdom and understanding, the Spirit of counsel and might, the Spirit of knowledge and the fear of the Lord."
M47,Inner Seat,The heart/soul/spirit/inward parts as the seat of inner life,H7307G,spirit,Spirit,Isa 11:2,"And the Spirit of the Lord shall rest upon him, the Spirit of wisdom and understanding, the Spirit of counsel and might, the Spirit of knowledge and the fear of the Lord."
M47,Inner Seat,The heart/soul/spirit/inward parts as the seat of inner life,H3824,heart,heart,Isa 13:7,"Therefore all hands will be feeble, and every human heart will melt."
M47,Inner Seat,The heart/soul/spirit/inward parts as the seat of inner life,H5315G,soul,soul,Isa 15:4,Heshbon and Elealeh cry out; their voice is heard as far as Jahaz; therefore the armed men of Moab cry aloud; his soul trembles.
M47,Inner Seat,The heart/soul/spirit/inward parts as the seat of inner life,H3820A,heart,heart,Isa 15:5,"My heart cries out for Moab; her fugitives flee to Zoar, to Eglath-shelishiyah. For at the ascent of Luhith they go up weeping; on the road to Horonaim they raise a cry of destruction;"
M47,Inner Seat,The heart/soul/spirit/inward parts as the seat of inner life,H7307H,spirit: breath,wind,Isa 17:13,"The nations roar like the roaring of many waters, but he will rebuke them, and they will flee far away, chased like chaff on the mountains before the wind and whirling dust before the storm."
M47,Inner Seat,The heart/soul/spirit/inward parts as the seat of inner life,H1320,flesh,flesh,Isa 17:4,"And in that day the glory of Jacob will be brought low, and the fat of his flesh will grow lean."
M47,Inner Seat,The heart/soul/spirit/inward parts as the seat of inner life,H7307G,spirit,spirit,Isa 19:3,"and the spirit of the Egyptians within them will be emptied out, and I will confound their counsel; and they will inquire of the idols and the sorcerers, and the mediums and the necromancers;"
M47,Inner Seat,The heart/soul/spirit/inward parts as the seat of inner life,H5315G,soul,soul,Isa 1:14,Your new moons and your appointed feasts my soul hates; they have become a burden to me; I am weary of bearing them.
M47,Inner Seat,The heart/soul/spirit/inward parts as the seat of inner life,H3824,heart,heart,Isa 1:5,"Why will you still be struck down? Why will you continue to rebel? The whole head is sick, and the whole heart faint."
M47,Inner Seat,The heart/soul/spirit/inward parts as the seat of inner life,H3824,heart,heart,Isa 21:4,My heart staggers; horror has appalled me; the twilight I longed for has been turned for me into trembling.
M47,Inner Seat,The heart/soul/spirit/inward parts as the seat of inner life,H1320,flesh,flesh,Isa 22:13,"and behold, joy and gladness, killing oxen and slaughtering sheep, eating flesh and drinking wine. “Let us eat and drink, for tomorrow we die.”"
M47,Inner Seat,The heart/soul/spirit/inward parts as the seat of inner life,H7307H,spirit: breath,wind,Isa 26:18,"we were pregnant, we writhed, but we have given birth to wind. We have accomplished no deliverance in the earth, and the inhabitants of the world have not fallen."
M47,Inner Seat,The heart/soul/spirit/inward parts as the seat of inner life,H5315G,soul,soul,Isa 26:8,"In the path of your judgments, O Lord, we wait for you; your name and remembrance are the desire of our soul."
M47,Inner Seat,The heart/soul/spirit/inward parts as the seat of inner life,H5315G,soul,soul,Isa 26:9,"My soul yearns for you in the night; my spirit within me earnestly seeks you. For when your judgments are in the earth, the inhabitants of the world learn righteousness."
M47,Inner Seat,The heart/soul/spirit/inward parts as the seat of inner life,H7307G,spirit,spirit,Isa 26:9,"My soul yearns for you in the night; my spirit within me earnestly seeks you. For when your judgments are in the earth, the inhabitants of the world learn righteousness."
M47,Inner Seat,The heart/soul/spirit/inward parts as the seat of inner life,H7307G,spirit,spirit,Isa 29:10,"For the Lord has poured out upon you a spirit of deep sleep, and has closed your eyes (the prophets ), and covered your heads (the seers )."
M47,Inner Seat,The heart/soul/spirit/inward parts as the seat of inner life,H7307G,spirit,spirit,Isa 29:24,"And those who go astray in spirit will come to understanding, and those who murmur will accept instruction.”"
M47,Inner Seat,The heart/soul/spirit/inward parts as the seat of inner life,H5315L,soul: appetite,satisfied,Isa 29:8,"As when a hungry man dreams, and behold, he is eating, and awakes with his hunger not satisfied, or as when a thirsty man dreams, and behold, he is drinking and awakes faint, with his thirst not quenched, so shall the multitude of all the nations be that fight against Mount Zion."
M47,Inner Seat,The heart/soul/spirit/inward parts as the seat of inner life,H7307G,spirit,Spirit,Isa 30:1,"“ Ah, stubborn children,” declares the Lord, “who carry out a plan, but not mine, and who make an alliance, but not of my Spirit, that they may add sin to sin;"
M47,Inner Seat,The heart/soul/spirit/inward parts as the seat of inner life,H3824,heart,heart,Isa 30:29,"You shall have a song as in the night when a holy feast is kept, and gladness of heart, as when one sets out to the sound of the flute to go to the mountain of the Lord, to the Rock of Israel."
M47,Inner Seat,The heart/soul/spirit/inward parts as the seat of inner life,H7307G,spirit,spirit,Isa 31:3,"The Egyptians are man, and not God, and their horses are flesh, and not spirit. When the Lord stretches out his hand, the helper will stumble, and he who is helped will fall, and they will all perish together."
M47,Inner Seat,The heart/soul/spirit/inward parts as the seat of inner life,H7307H,spirit: breath,wind,Isa 32:2,"Each will be like a hiding place from the wind, a shelter from the storm, like streams of water in a dry place, like the shade of a great rock in a weary land."
M47,Inner Seat,The heart/soul/spirit/inward parts as the seat of inner life,H5315L,soul: appetite,craving,Isa 32:6,"For the fool speaks folly, and his heart is busy with iniquity, to practice ungodliness, to utter error concerning the Lord, to leave the craving of the hungry unsatisfied, and to deprive the thirsty of drink."
M47,Inner Seat,The heart/soul/spirit/inward parts as the seat of inner life,H7307H,spirit: breath,breath,Isa 33:11,You conceive chaff; you give birth to stubble; your breath is a fire that will consume you.
M47,Inner Seat,The heart/soul/spirit/inward parts as the seat of inner life,H3820A,heart,heart,Isa 33:18,"Your heart will muse on the terror: “ Where is he who counted, where is he who weighed the tribute? Where is he who counted the towers?”"
M47,Inner Seat,The heart/soul/spirit/inward parts as the seat of inner life,H3820A,heart,heart,Isa 35:4,"Say to those who have an anxious heart, “Be strong; fear not! Behold, your God will come with vengeance, with the recompense of God. He will come and save you.”"
M47,Inner Seat,The heart/soul/spirit/inward parts as the seat of inner life,H5315G,soul,soul,Isa 38:15,"What shall I say? For he has spoken to me, and he himself has done it. I walk slowly all my years because of the bitterness of my soul."
M47,Inner Seat,The heart/soul/spirit/inward parts as the seat of inner life,H7307G,spirit,spirit,Isa 38:16,"O Lord, by these things men live, and in all these is the life of my spirit. Oh restore me to health and make me live!"
M47,Inner Seat,The heart/soul/spirit/inward parts as the seat of inner life,H5315H,soul: life,delivered my life,Isa 38:17,"Behold, it was for my welfare that I had great bitterness; but in love you have delivered my life from the pit of destruction, for you have cast all my sins behind your back."
M47,Inner Seat,The heart/soul/spirit/inward parts as the seat of inner life,H1320,flesh,flesh,Isa 40:5,"And the glory of the Lord shall be revealed, and all flesh shall see it together, for the mouth of the Lord has spoken.”"
M47,Inner Seat,The heart/soul/spirit/inward parts as the seat of inner life,H7307H,spirit: breath,breath,Isa 40:7,"The grass withers, the flower fades when the breath of the Lord blows on it; surely the people are grass."
M47,Inner Seat,The heart/soul/spirit/inward parts as the seat of inner life,H5315G,soul,soul,Isa 42:1,"Behold my servant, whom I uphold, my chosen, in whom my soul delights; I have put my Spirit upon him; he will bring forth justice to the nations."
M47,Inner Seat,The heart/soul/spirit/inward parts as the seat of inner life,H7307G,spirit,Spirit,Isa 42:1,"Behold my servant, whom I uphold, my chosen, in whom my soul delights; I have put my Spirit upon him; he will bring forth justice to the nations."
M47,Inner Seat,The heart/soul/spirit/inward parts as the seat of inner life,H3820A,heart,heart,Isa 42:25,"So he poured on him the heat of his anger and the might of battle; it set him on fire all around, but he did not understand; it burned him up, but he did not take it to heart."
M47,Inner Seat,The heart/soul/spirit/inward parts as the seat of inner life,H5315H,soul: life,life,Isa 43:4,"Because you are precious in my eyes, and honored, and I love you, I give men in return for you, peoples in exchange for your life."
M47,Inner Seat,The heart/soul/spirit/inward parts as the seat of inner life,H3820A,heart,hearts,Isa 44:18,"They know not, nor do they discern, for he has shut their eyes, so that they cannot see, and their hearts, so that they cannot understand."
M47,Inner Seat,The heart/soul/spirit/inward parts as the seat of inner life,H1320,flesh,meat,Isa 44:19,"No one considers, nor is there knowledge or discernment to say, “ Half of it I burned in the fire; I also baked bread on its coals; I roasted meat and have eaten. And shall I make the rest of it an abomination? Shall I fall down before a block of wood?”"
M47,Inner Seat,The heart/soul/spirit/inward parts as the seat of inner life,H3820A,heart,heart,Isa 44:20,"He feeds on ashes; a deluded heart has led him astray, and he cannot deliver himself or say, “Is there not a lie in my right hand?”"
M47,Inner Seat,The heart/soul/spirit/inward parts as the seat of inner life,H7307G,spirit,Spirit,Isa 44:3,"For I will pour water on the thirsty land, and streams on the dry ground; I will pour my Spirit upon your offspring, and my blessing on your descendants."
M47,Inner Seat,The heart/soul/spirit/inward parts as the seat of inner life,H3820A,heart,heart,Isa 46:12,"“ Listen to me, you stubborn of heart, you who are far from righteousness:"
M47,Inner Seat,The heart/soul/spirit/inward parts as the seat of inner life,H3820A,heart,heart,Isa 47:7,"You said, “I shall be mistress forever,” so that you did not lay these things to heart or remember their end."
M47,Inner Seat,The heart/soul/spirit/inward parts as the seat of inner life,H1320,flesh,flesh,Isa 49:26,"I will make your oppressors eat their own flesh, and they shall be drunk with their own blood as with wine. Then all flesh shall know that I am the Lord your Savior, and your Redeemer, the Mighty One of Jacob.”"
M47,Inner Seat,The heart/soul/spirit/inward parts as the seat of inner life,H5315J,soul: person,one,Isa 49:7,"Thus says the Lord, the Redeemer of Israel and his Holy One, to one deeply despised, abhorred by the nation, the servant of rulers: “ Kings shall see and arise; princes, and they shall prostrate themselves; because of the Lord, who is faithful, the Holy One of Israel, who has chosen you.”"
M47,Inner Seat,The heart/soul/spirit/inward parts as the seat of inner life,H5315G,soul,soul,Isa 53:10,"Yet it was the will of the Lord to crush him; he has put him to grief; when his soul makes an offering for guilt, he shall see his offspring; he shall prolong his days; the will of the Lord shall prosper in his hand."
M47,Inner Seat,The heart/soul/spirit/inward parts as the seat of inner life,H5315G,soul,soul,Isa 53:11,"Out of the anguish of his soul he shall see and be satisfied; by his knowledge shall the righteous one, my servant, make many to be accounted righteous, and he shall bear their iniquities."
M47,Inner Seat,The heart/soul/spirit/inward parts as the seat of inner life,H5315G,soul,soul,Isa 53:12,"Therefore I will divide him a portion with the many, and he shall divide the spoil with the strong, because he poured out his soul to death and was numbered with the transgressors; yet he bore the sin of many, and makes intercession for the transgressors."
M47,Inner Seat,The heart/soul/spirit/inward parts as the seat of inner life,H7307G,spirit,spirit,Isa 54:6,"For the Lord has called you like a wife deserted and grieved in spirit, like a wife of youth when she is cast off, says your God."
M47,Inner Seat,The heart/soul/spirit/inward parts as the seat of inner life,H5315G,soul,soul,Isa 55:3,"Incline your ear, and come to me; hear, that your soul may live; and I will make with you an everlasting covenant, my steadfast, sure love for David."
M47,Inner Seat,The heart/soul/spirit/inward parts as the seat of inner life,H5315L,soul: appetite,appetite,Isa 56:11,"The dogs have a mighty appetite; they never have enough. But they are shepherds who have no understanding; they have all turned to their own way, each to his own gain, one and all."
M47,Inner Seat,The heart/soul/spirit/inward parts as the seat of inner life,H3820A,heart,heart,Isa 57:1,"The righteous man perishes, and no one lays it to heart; devout men are taken away, while no one understands. For the righteous man is taken away from calamity;"
M47,Inner Seat,The heart/soul/spirit/inward parts as the seat of inner life,H3820A,heart,heart,Isa 57:11,"Whom did you dread and fear, so that you lied, and did not remember me, did not lay it to heart? Have I not held my peace, even for a long time, and you do not fear me?"
M47,Inner Seat,The heart/soul/spirit/inward parts as the seat of inner life,H7307H,spirit: breath,wind,Isa 57:13,"When you cry out, let your collection of idols deliver you! The wind will carry them all off, a breath will take them away. But he who takes refuge in me shall possess the land and shall inherit my holy mountain."
M47,Inner Seat,The heart/soul/spirit/inward parts as the seat of inner life,H3820A,heart,heart,Isa 57:15,"For thus says the One who is high and lifted up, who inhabits eternity, whose name is Holy: “I dwell in the high and holy place, and also with him who is of a contrite and lowly spirit, to revive the spirit of the lowly, and to revive the heart of the contrite."
M47,Inner Seat,The heart/soul/spirit/inward parts as the seat of inner life,H7307G,spirit,spirit,Isa 57:15,"For thus says the One who is high and lifted up, who inhabits eternity, whose name is Holy: “I dwell in the high and holy place, and also with him who is of a contrite and lowly spirit, to revive the spirit of the lowly, and to revive the heart of the contrite."
M47,Inner Seat,The heart/soul/spirit/inward parts as the seat of inner life,H7307G,spirit,spirit,Isa 57:15,"For thus says the One who is high and lifted up, who inhabits eternity, whose name is Holy: “I dwell in the high and holy place, and also with him who is of a contrite and lowly spirit, to revive the spirit of the lowly, and to revive the heart of the contrite."
M47,Inner Seat,The heart/soul/spirit/inward parts as the seat of inner life,H7307G,spirit,spirit,Isa 57:16,"For I will not contend forever, nor will I always be angry; for the spirit would grow faint before me, and the breath of life that I made."
M47,Inner Seat,The heart/soul/spirit/inward parts as the seat of inner life,H3820A,heart,heart,Isa 57:17,"Because of the iniquity of his unjust gain I was angry, I struck him; I hid my face and was angry, but he went on backsliding in the way of his own heart."
M47,Inner Seat,The heart/soul/spirit/inward parts as the seat of inner life,H5315I,soul: myself,yourself,Isa 58:10,"if you pour yourself out for the hungry and satisfy the desire of the afflicted, then shall your light rise in the darkness and your gloom be as the noonday."
M47,Inner Seat,The heart/soul/spirit/inward parts as the seat of inner life,H5315L,soul: appetite,desire,Isa 58:11,"And the Lord will guide you continually and satisfy your desire in scorched places and make your bones strong; and you shall be like a watered garden, like a spring of water, whose waters do not fail."
M47,Inner Seat,The heart/soul/spirit/inward parts as the seat of inner life,H5315I,soul: myself,ourselves,Isa 58:3,"‘ Why have we fasted, and you see it not? Why have we humbled ourselves, and you take no knowledge of it?’ Behold, in the day of your fast you seek your own pleasure, and oppress all your workers."
M47,Inner Seat,The heart/soul/spirit/inward parts as the seat of inner life,H5315I,soul: myself,himself,Isa 58:5,"Is such the fast that I choose, a day for a person to humble himself? Is it to bow down his head like a reed, and to spread sackcloth and ashes under him? Will you call this a fast, and a day acceptable to the Lord?"
M47,Inner Seat,The heart/soul/spirit/inward parts as the seat of inner life,H1320,flesh,flesh,Isa 58:7,"Is it not to share your bread with the hungry and bring the homeless poor into your house; when you see the naked, to cover him, and not to hide yourself from your own flesh?"
M47,Inner Seat,The heart/soul/spirit/inward parts as the seat of inner life,H3820A,heart,heart,Isa 59:13,"transgressing, and denying the Lord, and turning back from following our God, speaking oppression and revolt, conceiving and uttering from the heart lying words."
M47,Inner Seat,The heart/soul/spirit/inward parts as the seat of inner life,H7307H,spirit: breath,wind,Isa 59:19,"So they shall fear the name of the Lord from the west, and his glory from the rising of the sun; for he will come like a rushing stream, which the wind of the Lord drives."
M47,Inner Seat,The heart/soul/spirit/inward parts as the seat of inner life,H7307G,spirit,Spirit,Isa 59:21,"“And as for me, this is my covenant with them,” says the Lord: “My Spirit that is upon you, and my words that I have put in your mouth, shall not depart out of your mouth, or out of the mouth of your offspring, or out of the mouth of your children’s offspring,” says the Lord, “ from this time forth and forevermore.”"
M47,Inner Seat,The heart/soul/spirit/inward parts as the seat of inner life,H5315L,soul: appetite,appetite,Isa 5:14,"Therefore Sheol has enlarged its appetite and opened its mouth beyond measure, and the nobility of Jerusalem and her multitude will go down, her revelers and he who exults in her."
M47,Inner Seat,The heart/soul/spirit/inward parts as the seat of inner life,H3824,heart,heart,Isa 60:5,"Then you shall see and be radiant; your heart shall thrill and exult, because the abundance of the sea shall be turned to you, the wealth of the nations shall come to you."
M47,Inner Seat,The heart/soul/spirit/inward parts as the seat of inner life,H7307G,spirit,Spirit,Isa 61:1,"The Spirit of the Lord God is upon me, because the Lord has anointed me to bring good news to the poor; he has sent me to bind up the brokenhearted, to proclaim liberty to the captives, and the opening of the prison to those who are bound;"
M47,Inner Seat,The heart/soul/spirit/inward parts as the seat of inner life,H5315G,soul,soul,Isa 61:10,"I will greatly rejoice in the Lord; my soul shall exult in my God, for he has clothed me with the garments of salvation; he has covered me with the robe of righteousness, as a bridegroom decks himself like a priest with a beautiful headdress, and as a bride adorns herself with her jewels."
M47,Inner Seat,The heart/soul/spirit/inward parts as the seat of inner life,H7307G,spirit,spirit,Isa 61:3,"to grant to those who mourn in Zion — to give them a beautiful headdress instead of ashes, the oil of gladness instead of mourning, the garment of praise instead of a faint spirit; that they may be called oaks of righteousness, the planting of the Lord, that he may be glorified."
M47,Inner Seat,The heart/soul/spirit/inward parts as the seat of inner life,H7307G,spirit,Spirit,Isa 63:14,"Like livestock that go down into the valley, the Spirit of the Lord gave them rest. So you led your people, to make for yourself a glorious name."
M47,Inner Seat,The heart/soul/spirit/inward parts as the seat of inner life,H3820A,heart,heart,Isa 63:17,"O Lord, why do you make us wander from your ways and harden our heart, so that we fear you not? Return for the sake of your servants, the tribes of your heritage."
M47,Inner Seat,The heart/soul/spirit/inward parts as the seat of inner life,H3820A,heart,heart,Isa 65:14,"behold, my servants shall sing for gladness of heart, but you shall cry out for pain of heart and shall wail for breaking of spirit."
M47,Inner Seat,The heart/soul/spirit/inward parts as the seat of inner life,H3820A,heart,heart,Isa 65:14,"behold, my servants shall sing for gladness of heart, but you shall cry out for pain of heart and shall wail for breaking of spirit."
M47,Inner Seat,The heart/soul/spirit/inward parts as the seat of inner life,H7307G,spirit,spirit,Isa 65:14,"behold, my servants shall sing for gladness of heart, but you shall cry out for pain of heart and shall wail for breaking of spirit."
M47,Inner Seat,The heart/soul/spirit/inward parts as the seat of inner life,H1320,flesh,flesh,Isa 65:4,"who sit in tombs, and spend the night in secret places; who eat pig’s flesh, and broth of tainted meat is in their vessels;"
M47,Inner Seat,The heart/soul/spirit/inward parts as the seat of inner life,H3820A,heart,heart,Isa 66:14,"You shall see, and your heart shall rejoice; your bones shall flourish like the grass; and the hand of the Lord shall be known to his servants, and he shall show his indignation against his enemies."
M47,Inner Seat,The heart/soul/spirit/inward parts as the seat of inner life,H1320,flesh,flesh,Isa 66:16,"For by fire will the Lord enter into judgment, and by his sword, with all flesh; and those slain by the Lord shall be many."
M47,Inner Seat,The heart/soul/spirit/inward parts as the seat of inner life,H1320,flesh,flesh,Isa 66:17,"“Those who sanctify and purify themselves to go into the gardens, following one in the midst, eating pig’s flesh and the abomination and mice, shall come to an end together, declares the Lord."
M47,Inner Seat,The heart/soul/spirit/inward parts as the seat of inner life,H7307G,spirit,spirit,Isa 66:2,"All these things my hand has made, and so all these things came to be, declares the Lord. But this is the one to whom I will look: he who is humble and contrite in spirit and trembles at my word."
M47,Inner Seat,The heart/soul/spirit/inward parts as the seat of inner life,H1320,flesh,flesh,Isa 66:23,"From new moon to new moon, and from Sabbath to Sabbath, all flesh shall come to worship before me, declares the Lord."
M47,Inner Seat,The heart/soul/spirit/inward parts as the seat of inner life,H1320,flesh,flesh,Isa 66:24,"“And they shall go out and look on the dead bodies of the men who have rebelled against me. For their worm shall not die, their fire shall not be quenched, and they shall be an abhorrence to all flesh.”"
M47,Inner Seat,The heart/soul/spirit/inward parts as the seat of inner life,H3820A,heart,heart,Isa 6:10,"Make the heart of this people dull, and their ears heavy, and blind their eyes; lest they see with their eyes, and hear with their ears, and understand with their hearts, and turn and be healed.”"
M47,Inner Seat,The heart/soul/spirit/inward parts as the seat of inner life,H3824,heart,heart,Isa 7:2,"When the house of David was told, “ Syria is in league with Ephraim,” the heart of Ahaz and the heart of his people shook as the trees of the forest shake before the wind."
M47,Inner Seat,The heart/soul/spirit/inward parts as the seat of inner life,H7307H,spirit: breath,wind,Isa 7:2,"When the house of David was told, “ Syria is in league with Ephraim,” the heart of Ahaz and the heart of his people shook as the trees of the forest shake before the wind."
M47,Inner Seat,The heart/soul/spirit/inward parts as the seat of inner life,H1320,flesh,flesh,Isa 9:20,"They slice meat on the right, but are still hungry, and they devour on the left, but are not satisfied; each devours the flesh of his own arm,"
M47,Inner Seat,The heart/soul/spirit/inward parts as the seat of inner life,H3824,heart,heart,Isa 9:9,"and all the people will know, Ephraim and the inhabitants of Samaria, who say in pride and in arrogance of heart:"
M47,Inner Seat,The heart/soul/spirit/inward parts as the seat of inner life,G5590G,soul,souls,Jam 1:21,"Therefore put away all filthiness and rampant wickedness and receive with meekness the implanted word, which is able to save your souls."
M47,Inner Seat,The heart/soul/spirit/inward parts as the seat of inner life,G2588,heart,heart,Jam 1:26,"If anyone thinks he is religious and does not bridle his tongue but deceives his heart, this person’s religion is worthless."
M47,Inner Seat,The heart/soul/spirit/inward parts as the seat of inner life,G4151G,spirit/breath: spirit,spirit,Jam 2:26,"For as the body apart from the spirit is dead, so also faith apart from works is dead."
M47,Inner Seat,The heart/soul/spirit/inward parts as the seat of inner life,G2588,heart,hearts,Jam 3:14,"But if you have bitter jealousy and selfish ambition in your hearts, do not boast and be false to the truth."
M47,Inner Seat,The heart/soul/spirit/inward parts as the seat of inner life,G4151G,spirit/breath: spirit,spirit,Jam 4:5,"Or do you suppose it is to no purpose that the Scripture says, “He yearns jealously over the spirit that he has made to dwell in us ”?"
M47,Inner Seat,The heart/soul/spirit/inward parts as the seat of inner life,G2588,heart,hearts,Jam 4:8,"Draw near to God, and he will draw near to you. Cleanse your hands, you sinners, and purify your hearts, you double-minded."
M47,Inner Seat,The heart/soul/spirit/inward parts as the seat of inner life,G5590G,soul,soul,Jam 5:20,let him know that whoever brings back a sinner from his wandering will save his soul from death and will cover a multitude of sins.
M47,Inner Seat,The heart/soul/spirit/inward parts as the seat of inner life,G4561,flesh,flesh,Jam 5:3,"Your gold and silver have corroded, and their corrosion will be evidence against you and will eat your flesh like fire. You have laid up treasure in the last days."
M47,Inner Seat,The heart/soul/spirit/inward parts as the seat of inner life,G2588,heart,hearts,Jam 5:5,You have lived on the earth in luxury and in self-indulgence. You have fattened your hearts in a day of slaughter.
M47,Inner Seat,The heart/soul/spirit/inward parts as the seat of inner life,G2588,heart,hearts,Jam 5:8,"You also, be patient. Establish your hearts, for the coming of the Lord is at hand."
M47,Inner Seat,The heart/soul/spirit/inward parts as the seat of inner life,H7307H,spirit: breath,wind,Jer 10:13,"When he utters his voice, there is a tumult of waters in the heavens, and he makes the mist rise from the ends of the earth. He makes lightning for the rain, and he brings forth the wind from his storehouses."
M47,Inner Seat,The heart/soul/spirit/inward parts as the seat of inner life,H7307H,spirit: breath,breath,Jer 10:14,"Every man is stupid and without knowledge; every goldsmith is put to shame by his idols, for his images are false, and there is no breath in them."
M47,Inner Seat,The heart/soul/spirit/inward parts as the seat of inner life,H3820A,heart,heart,Jer 11:8,"Yet they did not obey or incline their ear, but everyone walked in the stubbornness of his evil heart. Therefore I brought upon them all the words of this covenant, which I commanded them to do, but they did not.”"
M47,Inner Seat,The heart/soul/spirit/inward parts as the seat of inner life,H3820A,heart,heart,Jer 12:3,"But you, O Lord, know me; you see me, and test my heart toward you. Pull them out like sheep for the slaughter, and set them apart for the day of slaughter."
M47,Inner Seat,The heart/soul/spirit/inward parts as the seat of inner life,H5315G,soul,soul,Jer 12:7,“I have forsaken my house; I have abandoned my heritage; I have given the beloved of my soul into the hands of her enemies.
M47,Inner Seat,The heart/soul/spirit/inward parts as the seat of inner life,H3820A,heart,heart,Jer 13:10,"This evil people, who refuse to hear my words, who stubbornly follow their own heart and have gone after other gods to serve them and worship them, shall be like this loincloth, which is good for nothing."
M47,Inner Seat,The heart/soul/spirit/inward parts as the seat of inner life,H5315G,soul,soul,Jer 13:17,"But if you will not listen, my soul will weep in secret for your pride; my eyes will weep bitterly and run down with tears, because the Lord’s flock has been taken captive."
M47,Inner Seat,The heart/soul/spirit/inward parts as the seat of inner life,H3820A,heart,minds,Jer 14:14,"And the Lord said to me: “The prophets are prophesying lies in my name. I did not send them, nor did I command them or speak to them. They are prophesying to you a lying vision, worthless divination, and the deceit of their own minds."
M47,Inner Seat,The heart/soul/spirit/inward parts as the seat of inner life,H5315G,soul,soul,Jer 14:19,"Have you utterly rejected Judah? Does your soul loathe Zion? Why have you struck us down so that there is no healing for us? We looked for peace, but no good came; for a time of healing, but behold, terror."
M47,Inner Seat,The heart/soul/spirit/inward parts as the seat of inner life,H7307H,spirit: breath,air,Jer 14:6,The wild donkeys stand on the bare heights; they pant for air like jackals; their eyes fail because there is no vegetation.
M47,Inner Seat,The heart/soul/spirit/inward parts as the seat of inner life,H3824,heart,heart,Jer 15:16,"Your words were found, and I ate them, and your words became to me a joy and the delight of my heart, for I am called by your name, O Lord, God of hosts."
M47,Inner Seat,The heart/soul/spirit/inward parts as the seat of inner life,H5315I,soul: myself,away,Jer 15:9,"She who bore seven has grown feeble; she has fainted away; her sun went down while it was yet day; she has been shamed and disgraced. And the rest of them I will give to the sword before their enemies, declares the Lord.”"
M47,Inner Seat,The heart/soul/spirit/inward parts as the seat of inner life,H3820A,heart,will,Jer 16:12,"and because you have done worse than your fathers, for behold, every one of you follows his stubborn, evil will, refusing to listen to me."
M47,Inner Seat,The heart/soul/spirit/inward parts as the seat of inner life,H3820A,heart,heart,Jer 17:1,"“The sin of Judah is written with a pen of iron; with a point of diamond it is engraved on the tablet of their heart, and on the horns of their altars,"
M47,Inner Seat,The heart/soul/spirit/inward parts as the seat of inner life,H3820A,heart,heart,Jer 17:10,"“ I the Lord search the heart and test the mind, to give every man according to his ways, according to the fruit of his deeds.”"
M47,Inner Seat,The heart/soul/spirit/inward parts as the seat of inner life,H1320,flesh,flesh,Jer 17:5,"Thus says the Lord: “ Cursed is the man who trusts in man and makes flesh his strength, whose heart turns away from the Lord."
M47,Inner Seat,The heart/soul/spirit/inward parts as the seat of inner life,H3820A,heart,heart,Jer 18:12,"“But they say, ‘That is in vain! We will follow our own plans, and will every one act according to the stubbornness of his evil heart.’"
M47,Inner Seat,The heart/soul/spirit/inward parts as the seat of inner life,H5315H,soul: life,life,Jer 19:7,"And in this place I will make void the plans of Judah and Jerusalem, and will cause their people to fall by the sword before their enemies, and by the hand of those who seek their life. I will give their dead bodies for food to the birds of the air and to the beasts of the earth."
M47,Inner Seat,The heart/soul/spirit/inward parts as the seat of inner life,H1320,flesh,flesh,Jer 19:9,"And I will make them eat the flesh of their sons and their daughters, and everyone shall eat the flesh of his neighbor in the siege and in the distress, with which their enemies and those who seek their life afflict them.’"
M47,Inner Seat,The heart/soul/spirit/inward parts as the seat of inner life,H5315H,soul: life,life,Jer 19:9,"And I will make them eat the flesh of their sons and their daughters, and everyone shall eat the flesh of his neighbor in the siege and in the distress, with which their enemies and those who seek their life afflict them.’"
M47,Inner Seat,The heart/soul/spirit/inward parts as the seat of inner life,H5315H,soul: life,lives,Jer 21:7,"Afterward, declares the Lord, I will give Zedekiah king of Judah and his servants and the people in this city who survive the pestilence, sword, and famine into the hand of Nebuchadnezzar king of Babylon and into the hand of their enemies, into the hand of those who seek their lives. He shall strike them down with the edge of the sword. He shall not pity them or spare them or have compassion.’"
M47,Inner Seat,The heart/soul/spirit/inward parts as the seat of inner life,H7307H,spirit: breath,wind,Jer 22:22,"The wind shall shepherd all your shepherds, and your lovers shall go into captivity; then you will be ashamed and confounded because of all your evil."
M47,Inner Seat,The heart/soul/spirit/inward parts as the seat of inner life,H5315H,soul: life,life,Jer 22:25,"and give you into the hand of those who seek your life, into the hand of those of whom you are afraid, even into the hand of Nebuchadnezzar king of Babylon and into the hand of the Chaldeans."
M47,Inner Seat,The heart/soul/spirit/inward parts as the seat of inner life,H3820A,heart,minds,Jer 23:16,"Thus says the Lord of hosts: “Do not listen to the words of the prophets who prophesy to you, filling you with vain hopes. They speak visions of their own minds, not from the mouth of the Lord."
M47,Inner Seat,The heart/soul/spirit/inward parts as the seat of inner life,H3820A,heart,heart,Jer 23:17,"They say continually to those who despise the word of the Lord, ‘It shall be well with you’; and to everyone who stubbornly follows his own heart, they say, ‘ No disaster shall come upon you.’”"
M47,Inner Seat,The heart/soul/spirit/inward parts as the seat of inner life,H3820A,heart,heart,Jer 23:20,The anger of the Lord will not turn back until he has executed and accomplished the intents of his heart. In the latter days you will understand it clearly.
M47,Inner Seat,The heart/soul/spirit/inward parts as the seat of inner life,H3820A,heart,heart,Jer 23:26,"How long shall there be lies in the heart of the prophets who prophesy lies, and who prophesy the deceit of their own heart,"
M47,Inner Seat,The heart/soul/spirit/inward parts as the seat of inner life,H3820A,heart,heart,Jer 23:9,"Concerning the prophets: My heart is broken within me; all my bones shake; I am like a drunken man, like a man overcome by wine, because of the Lord and because of his holy words."
M47,Inner Seat,The heart/soul/spirit/inward parts as the seat of inner life,H1320,flesh,flesh,Jer 25:31,"The clamor will resound to the ends of the earth, for the Lord has an indictment against the nations; he is entering into judgment with all flesh, and the wicked he will put to the sword, declares the Lord.’"
M47,Inner Seat,The heart/soul/spirit/inward parts as the seat of inner life,H3824,heart,heart,Jer 29:13,"You will seek me and find me, when you seek me with all your heart."
M47,Inner Seat,The heart/soul/spirit/inward parts as the seat of inner life,H7307H,spirit: breath,wind,Jer 2:24,"a wild donkey used to the wilderness, in her heat sniffing the wind! Who can restrain her lust? None who seek her need weary themselves; in her month they will find her."
M47,Inner Seat,The heart/soul/spirit/inward parts as the seat of inner life,H3820A,heart,mind,Jer 30:24,The fierce anger of the Lord will not turn back until he has executed and accomplished the intentions of his mind. In the latter days you will understand this.
M47,Inner Seat,The heart/soul/spirit/inward parts as the seat of inner life,H5315G,soul,soul,Jer 31:14,"I will feast the soul of the priests with abundance, and my people shall be satisfied with my goodness, declares the Lord.”"
M47,Inner Seat,The heart/soul/spirit/inward parts as the seat of inner life,H3820A,heart,well,Jer 31:21,"“Set up road markers for yourself; make yourself guideposts; consider well the highway, the road by which you went. Return, O virgin Israel, return to these your cities."
M47,Inner Seat,The heart/soul/spirit/inward parts as the seat of inner life,H5315G,soul,soul,Jer 31:25,"For I will satisfy the weary soul, and every languishing soul I will replenish.”"
M47,Inner Seat,The heart/soul/spirit/inward parts as the seat of inner life,H5315G,soul,soul,Jer 31:25,"For I will satisfy the weary soul, and every languishing soul I will replenish.”"
M47,Inner Seat,The heart/soul/spirit/inward parts as the seat of inner life,H3820A,heart,hearts,Jer 31:33,"For this is the covenant that I will make with the house of Israel after those days, declares the Lord: I will put my law within them, and I will write it on their hearts. And I will be their God, and they shall be my people."
M47,Inner Seat,The heart/soul/spirit/inward parts as the seat of inner life,H1320,flesh,flesh,Jer 32:27,"“ Behold, I am the Lord, the God of all flesh. Is anything too hard for me?"
M47,Inner Seat,The heart/soul/spirit/inward parts as the seat of inner life,H3820A,heart,mind,Jer 32:35,"They built the high places of Baal in the Valley of the Son of Hinnom, to offer up their sons and daughters to Molech, though I did not command them, nor did it enter into my mind, that they should do this abomination, to cause Judah to sin."
M47,Inner Seat,The heart/soul/spirit/inward parts as the seat of inner life,H3820A,heart,heart,Jer 32:41,"I will rejoice in doing them good, and I will plant them in this land in faithfulness, with all my heart and all my soul."
M47,Inner Seat,The heart/soul/spirit/inward parts as the seat of inner life,H5315G,soul,soul,Jer 32:41,"I will rejoice in doing them good, and I will plant them in this land in faithfulness, with all my heart and all my soul."
M47,Inner Seat,The heart/soul/spirit/inward parts as the seat of inner life,H5315H,soul: life,lives,Jer 34:20,And I will give them into the hand of their enemies and into the hand of those who seek their lives. Their dead bodies shall be food for the birds of the air and the beasts of the earth.
M47,Inner Seat,The heart/soul/spirit/inward parts as the seat of inner life,H5315H,soul: life,lives,Jer 34:21,"And Zedekiah king of Judah and his officials I will give into the hand of their enemies and into the hand of those who seek their lives, into the hand of the army of the king of Babylon which has withdrawn from you."
M47,Inner Seat,The heart/soul/spirit/inward parts as the seat of inner life,H5315I,soul: myself,yourselves,Jer 37:9,"Thus says the Lord, Do not deceive yourselves, saying, “The Chaldeans will surely go away from us,” for they will not go away."
M47,Inner Seat,The heart/soul/spirit/inward parts as the seat of inner life,H5315H,soul: life,life,Jer 38:17,"Then Jeremiah said to Zedekiah, “ Thus says the Lord, the God of hosts, the God of Israel: If you will surrender to the officials of the king of Babylon, then your life shall be spared, and this city shall not be burned with fire, and you and your house shall live."
M47,Inner Seat,The heart/soul/spirit/inward parts as the seat of inner life,H5315H,soul: life,life,Jer 38:20,"Jeremiah said, “You shall not be given to them. Obey now the voice of the Lord in what I say to you, and it shall be well with you, and your life shall be spared."
M47,Inner Seat,The heart/soul/spirit/inward parts as the seat of inner life,H3820A,heart,heart,Jer 3:10,"Yet for all this her treacherous sister Judah did not return to me with her whole heart, but in pretense, declares the Lord.”"
M47,Inner Seat,The heart/soul/spirit/inward parts as the seat of inner life,H5315I,soul: myself,shown herself,Jer 3:11,"And the Lord said to me, “ Faithless Israel has shown herself more righteous than treacherous Judah."
M47,Inner Seat,The heart/soul/spirit/inward parts as the seat of inner life,H3820A,heart,mind,Jer 3:16,"And when you have multiplied and been fruitful in the land, in those days, declares the Lord, they shall no more say, “The ark of the covenant of the Lord.” It shall not come to mind or be remembered or missed; it shall not be made again."
M47,Inner Seat,The heart/soul/spirit/inward parts as the seat of inner life,H3820A,heart,heart,Jer 3:17,"At that time Jerusalem shall be called the throne of the Lord, and all nations shall gather to it, to the presence of the Lord in Jerusalem, and they shall no more stubbornly follow their own evil heart."
M47,Inner Seat,The heart/soul/spirit/inward parts as the seat of inner life,H5315H,soul: life,life,Jer 40:15,"Then Johanan the son of Kareah spoke secretly to Gedaliah at Mizpah, “ Please let me go and strike down Ishmael the son of Nethaniah, and no one will know it. Why should he take your life, so that all the Judeans who are gathered about you would be scattered, and the remnant of Judah would perish?”"
M47,Inner Seat,The heart/soul/spirit/inward parts as the seat of inner life,H5315H,soul: life,life,Jer 44:30,"Thus says the Lord, Behold, I will give Pharaoh Hophra king of Egypt into the hand of his enemies and into the hand of those who seek his life, as I gave Zedekiah king of Judah into the hand of Nebuchadnezzar king of Babylon, who was his enemy and sought his life.”"
M47,Inner Seat,The heart/soul/spirit/inward parts as the seat of inner life,H5315H,soul: life,life,Jer 44:30,"Thus says the Lord, Behold, I will give Pharaoh Hophra king of Egypt into the hand of his enemies and into the hand of those who seek his life, as I gave Zedekiah king of Judah into the hand of Nebuchadnezzar king of Babylon, who was his enemy and sought his life.”"
M47,Inner Seat,The heart/soul/spirit/inward parts as the seat of inner life,H5315I,soul: myself,yourselves,Jer 44:7,"And now thus says the Lord God of hosts, the God of Israel: Why do you commit this great evil against yourselves, to cut off from you man and woman, infant and child, from the midst of Judah, leaving you no remnant?"
M47,Inner Seat,The heart/soul/spirit/inward parts as the seat of inner life,H1320,flesh,flesh,Jer 45:5,"And do you seek great things for yourself? Seek them not, for behold, I am bringing disaster upon all flesh, declares the Lord. But I will give you your life as a prize of war in all places to which you may go.”"
M47,Inner Seat,The heart/soul/spirit/inward parts as the seat of inner life,H5315H,soul: life,life,Jer 46:26,"I will deliver them into the hand of those who seek their life, into the hand of Nebuchadnezzar king of Babylon and his officers. Afterward Egypt shall be inhabited as in the days of old, declares the Lord."
M47,Inner Seat,The heart/soul/spirit/inward parts as the seat of inner life,H3820A,heart,heart,Jer 48:29,"We have heard of the pride of Moab — he is very proud — of his loftiness, his pride, and his arrogance, and the haughtiness of his heart."
M47,Inner Seat,The heart/soul/spirit/inward parts as the seat of inner life,H3820A,heart,heart,Jer 48:36,"Therefore my heart moans for Moab like a flute, and my heart moans like a flute for the men of Kir-hareseth. Therefore the riches they gained have perished."
M47,Inner Seat,The heart/soul/spirit/inward parts as the seat of inner life,H5315H,soul: life,yourselves,Jer 48:6,Flee! Save yourselves! You will be like a juniper in the desert!
M47,Inner Seat,The heart/soul/spirit/inward parts as the seat of inner life,H3820A,heart,heart,Jer 49:16,"The horror you inspire has deceived you, and the pride of your heart, you who live in the clefts of the rock, who hold the height of the hill. Though you make your nest as high as the eagle’s, I will bring you down from there, declares the Lord."
M47,Inner Seat,The heart/soul/spirit/inward parts as the seat of inner life,H7307H,spirit: breath,wind,Jer 49:32,"Their camels shall become plunder, their herds of livestock a spoil. I will scatter to every wind those who cut the corners of their hair, and I will bring their calamity from every side of them, declares the Lord."
M47,Inner Seat,The heart/soul/spirit/inward parts as the seat of inner life,H7307H,spirit: breath,winds,Jer 49:36,"And I will bring upon Elam the four winds from the four quarters of heaven. And I will scatter them to all those winds, and there shall be no nation to which those driven out of Elam shall not come."
M47,Inner Seat,The heart/soul/spirit/inward parts as the seat of inner life,H5315H,soul: life,life,Jer 49:37,"I will terrify Elam before their enemies and before those who seek their life. I will bring disaster upon them, my fierce anger, declares the Lord. I will send the sword after them, until I have consumed them,"
M47,Inner Seat,The heart/soul/spirit/inward parts as the seat of inner life,H7307H,spirit: breath,wind,Jer 4:11,"At that time it will be said to this people and to Jerusalem, “A hot wind from the bare heights in the desert toward the daughter of my people, not to winnow or cleanse,"
M47,Inner Seat,The heart/soul/spirit/inward parts as the seat of inner life,H7307H,spirit: breath,wind,Jer 4:12,a wind too full for this comes for me. Now it is I who speak in judgment upon them.”
M47,Inner Seat,The heart/soul/spirit/inward parts as the seat of inner life,H3820A,heart,heart,Jer 4:14,"O Jerusalem, wash your heart from evil, that you may be saved. How long shall your wicked thoughts lodge within you?"
M47,Inner Seat,The heart/soul/spirit/inward parts as the seat of inner life,H3820A,heart,heart,Jer 4:19,"My anguish, my anguish! I writhe in pain! Oh the walls of my heart! My heart is beating wildly; I cannot keep silent, for I hear the sound of the trumpet, the alarm of war."
M47,Inner Seat,The heart/soul/spirit/inward parts as the seat of inner life,H5315I,soul: myself,I,Jer 4:19,"My anguish, my anguish! I writhe in pain! Oh the walls of my heart! My heart is beating wildly; I cannot keep silent, for I hear the sound of the trumpet, the alarm of war."
M47,Inner Seat,The heart/soul/spirit/inward parts as the seat of inner life,H5315H,soul: life,life,Jer 4:30,"And you, O desolate one, what do you mean that you dress in scarlet, that you adorn yourself with ornaments of gold, that you enlarge your eyes with paint? In vain you beautify yourself. Your lovers despise you; they seek your life."
M47,Inner Seat,The heart/soul/spirit/inward parts as the seat of inner life,H5315I,soul: myself,me,Jer 4:31,"For I heard a cry as of a woman in labor, anguish as of one giving birth to her first child, the cry of the daughter of Zion gasping for breath, stretching out her hands, “ Woe is me! I am fainting before murderers.”"
M47,Inner Seat,The heart/soul/spirit/inward parts as the seat of inner life,H3824,heart,hearts,Jer 4:4,"Circumcise yourselves to the Lord; remove the foreskin of your hearts, O men of Judah and inhabitants of Jerusalem; lest my wrath go forth like fire, and burn with none to quench it, because of the evil of your deeds.”"
M47,Inner Seat,The heart/soul/spirit/inward parts as the seat of inner life,H3820A,heart,courage,Jer 4:9,"“ In that day, declares the Lord, courage shall fail both king and officials. The priests shall be appalled and the prophets astounded.”"
M47,Inner Seat,The heart/soul/spirit/inward parts as the seat of inner life,H7307G,spirit,spirit,Jer 51:1,"Thus says the Lord: “ Behold, I will stir up the spirit of a destroyer against Babylon, against the inhabitants of Leb-kamai,"
M47,Inner Seat,The heart/soul/spirit/inward parts as the seat of inner life,H7307H,spirit: breath,wind,Jer 51:16,"When he utters his voice there is a tumult of waters in the heavens, and he makes the mist rise from the ends of the earth. He makes lightning for the rain, and he brings forth the wind from his storehouses."
M47,Inner Seat,The heart/soul/spirit/inward parts as the seat of inner life,H7307H,spirit: breath,breath,Jer 51:17,"Every man is stupid and without knowledge; every goldsmith is put to shame by his idols, for his images are false, and there is no breath in them."
M47,Inner Seat,The heart/soul/spirit/inward parts as the seat of inner life,H3824,heart,heart,Jer 51:46,"Let not your heart faint, and be not fearful at the report heard in the land, when a report comes in one year and afterward a report in another year, and violence is in the land, and ruler is against ruler."
M47,Inner Seat,The heart/soul/spirit/inward parts as the seat of inner life,H5315H,soul: life,life,Jer 51:6,"“ Flee from the midst of Babylon; let every one save his life! Be not cut off in her punishment, for this is the time of the Lord’s vengeance, the repayment he is rendering her."
M47,Inner Seat,The heart/soul/spirit/inward parts as the seat of inner life,H5315J,soul: person,persons,Jer 52:29,in the eighteenth year of Nebuchadnezzar he carried away captive from Jerusalem 832 persons;
M47,Inner Seat,The heart/soul/spirit/inward parts as the seat of inner life,H5315J,soul: person,persons,Jer 52:30,"in the twenty-third year of Nebuchadnezzar, Nebuzaradan the captain of the guard carried away captive of the Judeans 745 persons; all the persons were 4,600."
M47,Inner Seat,The heart/soul/spirit/inward parts as the seat of inner life,H5315J,soul: person,persons,Jer 52:30,"in the twenty-third year of Nebuchadnezzar, Nebuzaradan the captain of the guard carried away captive of the Judeans 745 persons; all the persons were 4,600."
M47,Inner Seat,The heart/soul/spirit/inward parts as the seat of inner life,H5315I,soul: myself,disgust,Jer 6:8,"Be warned, O Jerusalem, lest I turn from you in disgust, lest I make you a desolation, an uninhabited land.”"
M47,Inner Seat,The heart/soul/spirit/inward parts as the seat of inner life,H1320,flesh,flesh,Jer 7:21,"Thus says the Lord of hosts, the God of Israel: “ Add your burnt offerings to your sacrifices, and eat the flesh."
M47,Inner Seat,The heart/soul/spirit/inward parts as the seat of inner life,H3820A,heart,hearts,Jer 7:24,"But they did not obey or incline their ear, but walked in their own counsels and the stubbornness of their evil hearts, and went backward and not forward."
M47,Inner Seat,The heart/soul/spirit/inward parts as the seat of inner life,H3820A,heart,hearts,Jer 9:14,"but have stubbornly followed their own hearts and have gone after the Baals, as their fathers taught them."
M47,Inner Seat,The heart/soul/spirit/inward parts as the seat of inner life,H3820A,heart,heart,Jer 9:26,"Egypt, Judah, Edom, the sons of Ammon, Moab, and all who dwell in the desert who cut the corners of their hair, for all these nations are uncircumcised, and all the house of Israel are uncircumcised in heart.”"
M47,Inner Seat,The heart/soul/spirit/inward parts as the seat of inner life,H5315G,soul,soul,Job 10:1,“I loathe my life; I will give free utterance to my complaint; I will speak in the bitterness of my soul.
M47,Inner Seat,The heart/soul/spirit/inward parts as the seat of inner life,H7307G,spirit,spirit,Job 10:12,"You have granted me life and steadfast love, and your care has preserved my spirit."
M47,Inner Seat,The heart/soul/spirit/inward parts as the seat of inner life,H1320,flesh,flesh,Job 10:4,Have you eyes of flesh? Do you see as man sees?
M47,Inner Seat,The heart/soul/spirit/inward parts as the seat of inner life,H3820A,heart,heart,Job 11:13,"“If you prepare your heart, you will stretch out your hands toward him."
M47,Inner Seat,The heart/soul/spirit/inward parts as the seat of inner life,H5315H,soul: life,last,Job 11:20,"But the eyes of the wicked will fail; all way of escape will be lost to them, and their hope is to breathe their last.”"
M47,Inner Seat,The heart/soul/spirit/inward parts as the seat of inner life,H3820A,heart,understanding,Job 12:24,He takes away understanding from the chiefs of the people of the earth and makes them wander in a trackless waste.
M47,Inner Seat,The heart/soul/spirit/inward parts as the seat of inner life,H1320,flesh,flesh,Job 13:14,Why should I take my flesh in my teeth and put my life in my hand?
M47,Inner Seat,The heart/soul/spirit/inward parts as the seat of inner life,H1320,flesh,body,Job 14:22,"He feels only the pain of his own body, and he mourns only for himself.”"
M47,Inner Seat,The heart/soul/spirit/inward parts as the seat of inner life,H7307G,spirit,spirit,Job 15:13,that you turn your spirit against God and bring such words out of your mouth?
M47,Inner Seat,The heart/soul/spirit/inward parts as the seat of inner life,H7307H,spirit: breath,windy,Job 15:2,"“Should a wise man answer with windy knowledge, and fill his belly with the east wind?"
M47,Inner Seat,The heart/soul/spirit/inward parts as the seat of inner life,H7307H,spirit: breath,windy,Job 16:3,Shall windy words have an end? Or what provokes you that you answer?
M47,Inner Seat,The heart/soul/spirit/inward parts as the seat of inner life,H5315I,soul: myself,you,Job 16:4,"I also could speak as you do, if you were in my place; I could join words together against you and shake my head at you."
M47,Inner Seat,The heart/soul/spirit/inward parts as the seat of inner life,H7307G,spirit,spirit,Job 17:1,“My spirit is broken; my days are extinct; the graveyard is ready for me.
M47,Inner Seat,The heart/soul/spirit/inward parts as the seat of inner life,H3824,heart,heart,Job 17:11,"My days are past; my plans are broken off, the desires of my heart."
M47,Inner Seat,The heart/soul/spirit/inward parts as the seat of inner life,H5315I,soul: myself,yourself,Job 18:4,"You who tear yourself in your anger, shall the earth be forsaken for you, or the rock be removed out of its place?"
M47,Inner Seat,The heart/soul/spirit/inward parts as the seat of inner life,H7307H,spirit: breath,breath,Job 19:17,"My breath is strange to my wife, and I am a stench to the children of my own mother."
M47,Inner Seat,The heart/soul/spirit/inward parts as the seat of inner life,H7307H,spirit: breath,wind,Job 1:19,"and behold, a great wind came across the wilderness and struck the four corners of the house, and it fell upon the young people, and they are dead, and I alone have escaped to tell you.”"
M47,Inner Seat,The heart/soul/spirit/inward parts as the seat of inner life,H7307H,spirit: breath,wind,Job 21:18,"That they are like straw before the wind, and like chaff that the storm carries away?"
M47,Inner Seat,The heart/soul/spirit/inward parts as the seat of inner life,H1320,flesh,flesh,Job 21:6,"When I remember, I am dismayed, and shuddering seizes my flesh."
M47,Inner Seat,The heart/soul/spirit/inward parts as the seat of inner life,H3820A,heart,heart,Job 23:16,God has made my heart faint; the Almighty has terrified me;
M47,Inner Seat,The heart/soul/spirit/inward parts as the seat of inner life,H7307H,spirit: breath,wind,Job 26:13,By his wind the heavens were made fair; his hand pierced the fleeing serpent.
M47,Inner Seat,The heart/soul/spirit/inward parts as the seat of inner life,H5315G,soul,soul,Job 27:2,"“As God lives, who has taken away my right, and the Almighty, who has made my soul bitter,"
M47,Inner Seat,The heart/soul/spirit/inward parts as the seat of inner life,H3824,heart,heart,Job 27:6,I hold fast my righteousness and will not let it go; my heart does not reproach me for any of my days.
M47,Inner Seat,The heart/soul/spirit/inward parts as the seat of inner life,H5315H,soul: life,life,Job 27:8,"For what is the hope of the godless when God cuts him off, when God takes away his life?"
M47,Inner Seat,The heart/soul/spirit/inward parts as the seat of inner life,H5315G,soul,soul,Job 30:16,“And now my soul is poured out within me; days of affliction have taken hold of me.
M47,Inner Seat,The heart/soul/spirit/inward parts as the seat of inner life,H5315G,soul,soul,Job 30:25,Did not I weep for him whose day was hard? Was not my soul grieved for the needy?
M47,Inner Seat,The heart/soul/spirit/inward parts as the seat of inner life,H3820A,heart,heart,Job 31:27,"and my heart has been secretly enticed, and my mouth has kissed my hand,"
M47,Inner Seat,The heart/soul/spirit/inward parts as the seat of inner life,H5315H,soul: life,life,Job 31:30,"( I have not let my mouth sin by asking for his life with a curse ),"
M47,Inner Seat,The heart/soul/spirit/inward parts as the seat of inner life,H3820A,heart,heart,Job 31:7,"if my step has turned aside from the way and my heart has gone after my eyes, and if any spot has stuck to my hands,"
M47,Inner Seat,The heart/soul/spirit/inward parts as the seat of inner life,H3820A,heart,heart,Job 31:9,"“ If my heart has been enticed toward a woman, and I have lain in wait at my neighbor’s door,"
M47,Inner Seat,The heart/soul/spirit/inward parts as the seat of inner life,H7307G,spirit,spirit,Job 32:8,"But it is the spirit in man, the breath of the Almighty, that makes him understand."
M47,Inner Seat,The heart/soul/spirit/inward parts as the seat of inner life,H5315G,soul,soul,Job 33:18,"he keeps back his soul from the pit, his life from perishing by the sword."
M47,Inner Seat,The heart/soul/spirit/inward parts as the seat of inner life,H1320,flesh,flesh,Job 33:21,"His flesh is so wasted away that it cannot be seen, and his bones that were not seen stick out."
M47,Inner Seat,The heart/soul/spirit/inward parts as the seat of inner life,H5315G,soul,soul,Job 33:22,"His soul draws near the pit, and his life to those who bring death."
M47,Inner Seat,The heart/soul/spirit/inward parts as the seat of inner life,H1320,flesh,flesh,Job 33:25,let his flesh become fresh with youth; let him return to the days of his youthful vigor’;
M47,Inner Seat,The heart/soul/spirit/inward parts as the seat of inner life,H3820A,heart,heart,Job 33:3,"My words declare the uprightness of my heart, and what my lips know they speak sincerely."
M47,Inner Seat,The heart/soul/spirit/inward parts as the seat of inner life,H5315G,soul,soul,Job 33:30,"to bring back his soul from the pit, that he may be lighted with the light of life."
M47,Inner Seat,The heart/soul/spirit/inward parts as the seat of inner life,H7307G,spirit,Spirit,Job 33:4,"The Spirit of God has made me, and the breath of the Almighty gives me life."
M47,Inner Seat,The heart/soul/spirit/inward parts as the seat of inner life,H3824,heart,understanding,Job 34:10,"“ Therefore, hear me, you men of understanding: far be it from God that he should do wickedness, and from the Almighty that he should do wrong."
M47,Inner Seat,The heart/soul/spirit/inward parts as the seat of inner life,H1320,flesh,flesh,Job 34:15,"all flesh would perish together, and man would return to dust."
M47,Inner Seat,The heart/soul/spirit/inward parts as the seat of inner life,H3824,heart,understanding,Job 34:34,"Men of understanding will say to me, and the wise man who hears me will say:"
M47,Inner Seat,The heart/soul/spirit/inward parts as the seat of inner life,H3820A,heart,heart,Job 36:13,“The godless in heart cherish anger; they do not cry for help when he binds them.
M47,Inner Seat,The heart/soul/spirit/inward parts as the seat of inner life,H3820A,heart,understanding,Job 36:5,"“ Behold, God is mighty, and does not despise any; he is mighty in strength of understanding."
M47,Inner Seat,The heart/soul/spirit/inward parts as the seat of inner life,H3820A,heart,heart,Job 37:1,“At this also my heart trembles and leaps out of its place.
M47,Inner Seat,The heart/soul/spirit/inward parts as the seat of inner life,H3820A,heart,conceit,Job 37:24,Therefore men fear him; he does not regard any who are wise in their own conceit.”
M47,Inner Seat,The heart/soul/spirit/inward parts as the seat of inner life,H5315G,soul,soul,Job 3:20,"“ Why is light given to him who is in misery, and life to the bitter in soul,"
M47,Inner Seat,The heart/soul/spirit/inward parts as the seat of inner life,H5315H,soul: life,breath,Job 41:21,"His breath kindles coals, and a flame comes forth from his mouth."
M47,Inner Seat,The heart/soul/spirit/inward parts as the seat of inner life,H1320,flesh,flesh,Job 41:23,"The folds of his flesh stick together, firmly cast on him and immovable."
M47,Inner Seat,The heart/soul/spirit/inward parts as the seat of inner life,H3820A,heart,heart,Job 41:24,"His heart is hard as a stone, hard as the lower millstone."
M47,Inner Seat,The heart/soul/spirit/inward parts as the seat of inner life,H1320,flesh,flesh,Job 4:15,A spirit glided past my face; the hair of my flesh stood up.
M47,Inner Seat,The heart/soul/spirit/inward parts as the seat of inner life,H1320,flesh,flesh,Job 6:12,"Is my strength the strength of stones, or is my flesh bronze?"
M47,Inner Seat,The heart/soul/spirit/inward parts as the seat of inner life,H7307G,spirit,spirit,Job 6:4,For the arrows of the Almighty are in me; my spirit drinks their poison; the terrors of God are arrayed against me.
M47,Inner Seat,The heart/soul/spirit/inward parts as the seat of inner life,H5315L,soul: appetite,appetite,Job 6:7,My appetite refuses to touch them; they are as food that is loathsome to me.
M47,Inner Seat,The heart/soul/spirit/inward parts as the seat of inner life,H5315G,soul,soul,Job 7:11,“ Therefore I will not restrain my mouth; I will speak in the anguish of my spirit; I will complain in the bitterness of my soul.
M47,Inner Seat,The heart/soul/spirit/inward parts as the seat of inner life,H7307G,spirit,spirit,Job 7:11,“ Therefore I will not restrain my mouth; I will speak in the anguish of my spirit; I will complain in the bitterness of my soul.
M47,Inner Seat,The heart/soul/spirit/inward parts as the seat of inner life,H5315I,soul: myself,I,Job 7:15,so that I would choose strangling and death rather than my bones.
M47,Inner Seat,The heart/soul/spirit/inward parts as the seat of inner life,H1320,flesh,flesh,Job 7:5,"My flesh is clothed with worms and dirt; my skin hardens, then breaks out afresh."
M47,Inner Seat,The heart/soul/spirit/inward parts as the seat of inner life,H7307H,spirit: breath,breath,Job 7:7,“ Remember that my life is a breath; my eye will never again see good.
M47,Inner Seat,The heart/soul/spirit/inward parts as the seat of inner life,H7307H,spirit: breath,breath,Job 9:18,"he will not let me get my breath, but fills me with bitterness."
M47,Inner Seat,The heart/soul/spirit/inward parts as the seat of inner life,H5315G,soul,myself,Job 9:21,I am blameless; I regard not myself; I loathe my life.
M47,Inner Seat,The heart/soul/spirit/inward parts as the seat of inner life,H3824,heart,heart,Job 9:4,"He is wise in heart and mighty in strength — who has hardened himself against him, and succeeded?—"
M47,Inner Seat,The heart/soul/spirit/inward parts as the seat of inner life,H3824,heart,heart,Joe 2:12,"“Yet even now,” declares the Lord, “ return to me with all your heart, with fasting, with weeping, and with mourning;"
M47,Inner Seat,The heart/soul/spirit/inward parts as the seat of inner life,H3824,heart,hearts,Joe 2:13,"and rend your hearts and not your garments.” Return to the Lord your God, for he is gracious and merciful, slow to anger, and abounding in steadfast love; and he relents over disaster."
M47,Inner Seat,The heart/soul/spirit/inward parts as the seat of inner life,H1320,flesh,flesh,Joe 2:28,"“And it shall come to pass afterward, that I will pour out my Spirit on all flesh; your sons and your daughters shall prophesy, your old men shall dream dreams, and your young men shall see visions."
M47,Inner Seat,The heart/soul/spirit/inward parts as the seat of inner life,G5590H,soul: life,life,Joh 10:11,I am the good shepherd. The good shepherd lays down his life for the sheep.
M47,Inner Seat,The heart/soul/spirit/inward parts as the seat of inner life,G5590H,soul: life,life,Joh 10:15,just as the Father knows me and I know the Father; and I lay down my life for the sheep.
M47,Inner Seat,The heart/soul/spirit/inward parts as the seat of inner life,G5590H,soul: life,life,Joh 10:17,"For this reason the Father loves me, because I lay down my life that I may take it up again."
M47,Inner Seat,The heart/soul/spirit/inward parts as the seat of inner life,G4151G,spirit/breath: spirit,spirit,Joh 11:33,"When Jesus saw her weeping, and the Jews who had come with her also weeping, he was deeply moved in his spirit and greatly troubled."
M47,Inner Seat,The heart/soul/spirit/inward parts as the seat of inner life,G5590H,soul: life,life,Joh 12:25,"Whoever loves his life loses it, and whoever hates his life in this world will keep it for eternal life."
M47,Inner Seat,The heart/soul/spirit/inward parts as the seat of inner life,G5590H,soul: life,life,Joh 12:25,"Whoever loves his life loses it, and whoever hates his life in this world will keep it for eternal life."
M47,Inner Seat,The heart/soul/spirit/inward parts as the seat of inner life,G5590I,soul: myself,soul,Joh 12:27,"“ Now is my soul troubled. And what shall I say? ‘ Father, save me from this hour ’? But for this purpose I have come to this hour."
M47,Inner Seat,The heart/soul/spirit/inward parts as the seat of inner life,G2588,heart,heart,Joh 12:40,"“He has blinded their eyes and hardened their heart, lest they see with their eyes, and understand with their heart, and turn, and I would heal them.”"
M47,Inner Seat,The heart/soul/spirit/inward parts as the seat of inner life,G2588,heart,heart,Joh 12:40,"“He has blinded their eyes and hardened their heart, lest they see with their eyes, and understand with their heart, and turn, and I would heal them.”"
M47,Inner Seat,The heart/soul/spirit/inward parts as the seat of inner life,G2588,heart,heart,Joh 13:2,"During supper, when the devil had already put it into the heart of Judas Iscariot, Simon’s son, to betray him,"
M47,Inner Seat,The heart/soul/spirit/inward parts as the seat of inner life,G4151G,spirit/breath: spirit,spirit,Joh 13:21,"After saying these things, Jesus was troubled in his spirit, and testified, “ Truly, truly, I say to you, one of you will betray me.”"
M47,Inner Seat,The heart/soul/spirit/inward parts as the seat of inner life,G5590H,soul: life,life,Joh 13:37,"Peter said to him, “ Lord, why can I not follow you now? I will lay down my life for you.”"
M47,Inner Seat,The heart/soul/spirit/inward parts as the seat of inner life,G5590H,soul: life,life,Joh 13:38,"Jesus answered, “Will you lay down your life for me? Truly, truly, I say to you, the rooster will not crow till you have denied me three times."
M47,Inner Seat,The heart/soul/spirit/inward parts as the seat of inner life,G2588,heart,hearts,Joh 14:1,“Let not your hearts be troubled. Believe in God; believe also in me.
M47,Inner Seat,The heart/soul/spirit/inward parts as the seat of inner life,G4151G,spirit/breath: spirit,Spirit,Joh 14:17,"even the Spirit of truth, whom the world cannot receive, because it neither sees him nor knows him. You know him, for he dwells with you and will be in you."
M47,Inner Seat,The heart/soul/spirit/inward parts as the seat of inner life,G4151G,spirit/breath: spirit,Spirit,Joh 14:26,"But the Helper, the Holy Spirit, whom the Father will send in my name, he will teach you all things and bring to your remembrance all that I have said to you."
M47,Inner Seat,The heart/soul/spirit/inward parts as the seat of inner life,G2588,heart,hearts,Joh 14:27,"Peace I leave with you; my peace I give to you. Not as the world gives do I give to you. Let not your hearts be troubled, neither let them be afraid."
M47,Inner Seat,The heart/soul/spirit/inward parts as the seat of inner life,G5590H,soul: life,life,Joh 15:13,"Greater love has no one than this, that someone lay down his life for his friends."
M47,Inner Seat,The heart/soul/spirit/inward parts as the seat of inner life,G4151G,spirit/breath: spirit,Spirit,Joh 15:26,"“But when the Helper comes, whom I will send to you from the Father, the Spirit of truth, who proceeds from the Father, he will bear witness about me."
M47,Inner Seat,The heart/soul/spirit/inward parts as the seat of inner life,G4151G,spirit/breath: spirit,Spirit,Joh 16:13,"When the Spirit of truth comes, he will guide you into all the truth, for he will not speak on his own authority, but whatever he hears he will speak, and he will declare to you the things that are to come."
M47,Inner Seat,The heart/soul/spirit/inward parts as the seat of inner life,G2588,heart,hearts,Joh 16:22,"So also you have sorrow now, but I will see you again, and your hearts will rejoice, and no one will take your joy from you."
M47,Inner Seat,The heart/soul/spirit/inward parts as the seat of inner life,G2293,take heart,heart,Joh 16:33,"I have said these things to you, that in me you may have peace. In the world you will have tribulation. But take heart; I have overcome the world.”"
M47,Inner Seat,The heart/soul/spirit/inward parts as the seat of inner life,G2588,heart,heart,Joh 16:6,"But because I have said these things to you, sorrow has filled your heart."
M47,Inner Seat,The heart/soul/spirit/inward parts as the seat of inner life,G4561,flesh,flesh,Joh 17:2,"since you have given him authority over all flesh, to give eternal life to all whom you have given him."
M47,Inner Seat,The heart/soul/spirit/inward parts as the seat of inner life,G4151G,spirit/breath: spirit,spirit,Joh 19:30,"When Jesus had received the sour wine, he said, “It is finished,” and he bowed his head and gave up his spirit."
M47,Inner Seat,The heart/soul/spirit/inward parts as the seat of inner life,G4561,flesh,flesh,Joh 1:13,"who were born, not of blood nor of the will of the flesh nor of the will of man, but of God."
M47,Inner Seat,The heart/soul/spirit/inward parts as the seat of inner life,G4561,flesh,flesh,Joh 1:14,"And the Word became flesh and dwelt among us, and we have seen his glory, glory as of the only Son from the Father, full of grace and truth."
M47,Inner Seat,The heart/soul/spirit/inward parts as the seat of inner life,G4151G,spirit/breath: spirit,Spirit,Joh 1:32,"And John bore witness: “I saw the Spirit descend from heaven like a dove, and it remained on him."
M47,Inner Seat,The heart/soul/spirit/inward parts as the seat of inner life,G4151G,spirit/breath: spirit,Spirit,Joh 1:33,"I myself did not know him, but he who sent me to baptize with water said to me, ‘He on whom you see the Spirit descend and remain, this is he who baptizes with the Holy Spirit.’"
M47,Inner Seat,The heart/soul/spirit/inward parts as the seat of inner life,G4151G,spirit/breath: spirit,Spirit,Joh 1:33,"I myself did not know him, but he who sent me to baptize with water said to me, ‘He on whom you see the Spirit descend and remain, this is he who baptizes with the Holy Spirit.’"
M47,Inner Seat,The heart/soul/spirit/inward parts as the seat of inner life,G4151G,spirit/breath: spirit,Spirit,Joh 20:22,"And when he had said this, he breathed on them and said to them, “ Receive the Holy Spirit."
M47,Inner Seat,The heart/soul/spirit/inward parts as the seat of inner life,G4151G,spirit/breath: spirit,Spirit,Joh 3:34,"For he whom God has sent utters the words of God, for he gives the Spirit without measure."
M47,Inner Seat,The heart/soul/spirit/inward parts as the seat of inner life,G4151G,spirit/breath: spirit,Spirit,Joh 3:5,"Jesus answered, “ Truly, truly, I say to you, unless one is born of water and the Spirit, he cannot enter the kingdom of God."
M47,Inner Seat,The heart/soul/spirit/inward parts as the seat of inner life,G4561,flesh,flesh,Joh 3:6,"That which is born of the flesh is flesh, and that which is born of the Spirit is spirit."
M47,Inner Seat,The heart/soul/spirit/inward parts as the seat of inner life,G4561,flesh,flesh,Joh 3:6,"That which is born of the flesh is flesh, and that which is born of the Spirit is spirit."
M47,Inner Seat,The heart/soul/spirit/inward parts as the seat of inner life,G4151G,spirit/breath: spirit,Spirit,Joh 3:6,"That which is born of the flesh is flesh, and that which is born of the Spirit is spirit."
M47,Inner Seat,The heart/soul/spirit/inward parts as the seat of inner life,G4151G,spirit/breath: spirit,spirit,Joh 3:6,"That which is born of the flesh is flesh, and that which is born of the Spirit is spirit."
M47,Inner Seat,The heart/soul/spirit/inward parts as the seat of inner life,G4151H,spirit/breath: breath,Spirit,Joh 3:8,"The wind blows where it wishes, and you hear its sound, but you do not know where it comes from or where it goes. So it is with everyone who is born of the Spirit.”"
M47,Inner Seat,The heart/soul/spirit/inward parts as the seat of inner life,G4151H,spirit/breath: breath,wind,Joh 3:8,"The wind blows where it wishes, and you hear its sound, but you do not know where it comes from or where it goes. So it is with everyone who is born of the Spirit.”"
M47,Inner Seat,The heart/soul/spirit/inward parts as the seat of inner life,G4151G,spirit/breath: spirit,spirit,Joh 4:23,"But the hour is coming, and is now here, when the true worshipers will worship the Father in spirit and truth, for the Father is seeking such people to worship him."
M47,Inner Seat,The heart/soul/spirit/inward parts as the seat of inner life,G4151G,spirit/breath: spirit,spirit,Joh 4:24,"God is spirit, and those who worship him must worship in spirit and truth.”"
M47,Inner Seat,The heart/soul/spirit/inward parts as the seat of inner life,G4151G,spirit/breath: spirit,spirit,Joh 4:24,"God is spirit, and those who worship him must worship in spirit and truth.”"
M47,Inner Seat,The heart/soul/spirit/inward parts as the seat of inner life,G4561,flesh,flesh,Joh 6:51,"I am the living bread that came down from heaven. If anyone eats of this bread, he will live forever. And the bread that I will give for the life of the world is my flesh.”"
M47,Inner Seat,The heart/soul/spirit/inward parts as the seat of inner life,G4561,flesh,flesh,Joh 6:52,"The Jews then disputed among themselves, saying, “ How can this man give us his flesh to eat?”"
M47,Inner Seat,The heart/soul/spirit/inward parts as the seat of inner life,G4561,flesh,flesh,Joh 6:53,"So Jesus said to them, “ Truly, truly, I say to you, unless you eat the flesh of the Son of Man and drink his blood, you have no life in you."
M47,Inner Seat,The heart/soul/spirit/inward parts as the seat of inner life,G4561,flesh,flesh,Joh 6:54,"Whoever feeds on my flesh and drinks my blood has eternal life, and I will raise him up on the last day."
M47,Inner Seat,The heart/soul/spirit/inward parts as the seat of inner life,G4561,flesh,flesh,Joh 6:55,"For my flesh is true food, and my blood is true drink."
M47,Inner Seat,The heart/soul/spirit/inward parts as the seat of inner life,G4561,flesh,flesh,Joh 6:56,"Whoever feeds on my flesh and drinks my blood abides in me, and I in him."
M47,Inner Seat,The heart/soul/spirit/inward parts as the seat of inner life,G4561,flesh,flesh,Joh 6:63,It is the Spirit who gives life; the flesh is no help at all. The words that I have spoken to you are spirit and life.
M47,Inner Seat,The heart/soul/spirit/inward parts as the seat of inner life,G4151G,spirit/breath: spirit,Spirit,Joh 6:63,It is the Spirit who gives life; the flesh is no help at all. The words that I have spoken to you are spirit and life.
M47,Inner Seat,The heart/soul/spirit/inward parts as the seat of inner life,G4151G,spirit/breath: spirit,spirit,Joh 6:63,It is the Spirit who gives life; the flesh is no help at all. The words that I have spoken to you are spirit and life.
M47,Inner Seat,The heart/soul/spirit/inward parts as the seat of inner life,G4151G,spirit/breath: spirit,Spirit,Joh 7:39,"Now this he said about the Spirit, whom those who believed in him were to receive, for as yet the Spirit had not been given, because Jesus was not yet glorified."
M47,Inner Seat,The heart/soul/spirit/inward parts as the seat of inner life,G4151G,spirit/breath: spirit,Spirit,Joh 7:39,"Now this he said about the Spirit, whom those who believed in him were to receive, for as yet the Spirit had not been given, because Jesus was not yet glorified."
M47,Inner Seat,The heart/soul/spirit/inward parts as the seat of inner life,G4561,flesh,flesh,Joh 8:15,You judge according to the flesh; I judge no one.
M47,Inner Seat,The heart/soul/spirit/inward parts as the seat of inner life,H7307H,spirit: breath,wind,Jon 1:4,"But the Lord hurled a great wind upon the sea, and there was a mighty tempest on the sea, so that the ship threatened to break up."
M47,Inner Seat,The heart/soul/spirit/inward parts as the seat of inner life,H3824,heart,heart,Jon 2:3,"For you cast me into the deep, into the heart of the seas, and the flood surrounded me; all your breakers and your waves passed over me."
M47,Inner Seat,The heart/soul/spirit/inward parts as the seat of inner life,H7307H,spirit: breath,wind,Jon 4:8,"When the sun rose, God appointed a scorching east wind, and the sun beat down on the head of Jonah so that he was faint. And he asked that he might die and said, “It is better for me to die than to live.”"
M47,Inner Seat,The heart/soul/spirit/inward parts as the seat of inner life,H3824,heart,heart,Jos 14:7,"I was forty years old when Moses the servant of the Lord sent me from Kadesh-barnea to spy out the land, and I brought him word again as it was in my heart."
M47,Inner Seat,The heart/soul/spirit/inward parts as the seat of inner life,H5315J,soul: person,person,Jos 20:3,that the manslayer who strikes any person without intent or unknowingly may flee there. They shall be for you a refuge from the avenger of blood.
M47,Inner Seat,The heart/soul/spirit/inward parts as the seat of inner life,H5315J,soul: person,person,Jos 20:9,"These were the cities designated for all the people of Israel and for the stranger sojourning among them, that anyone who killed a person without intent could flee there, so that he might not die by the hand of the avenger of blood, till he stood before the congregation."
M47,Inner Seat,The heart/soul/spirit/inward parts as the seat of inner life,H3824,heart,hearts,Jos 2:11,"And as soon as we heard it, our hearts melted, and there was no spirit left in any man because of you, for the Lord your God, he is God in the heavens above and on the earth beneath."
M47,Inner Seat,The heart/soul/spirit/inward parts as the seat of inner life,H5315H,soul: life,life,Jos 2:14,"And the men said to her, “Our life for yours even to death! If you do not tell this business of ours, then when the Lord gives us the land we will deal kindly and faithfully with you.”"
M47,Inner Seat,The heart/soul/spirit/inward parts as the seat of inner life,H3824,heart,hearts,Jos 5:1,"As soon as all the kings of the Amorites who were beyond the Jordan to the west, and all the kings of the Canaanites who were by the sea, heard that the Lord had dried up the waters of the Jordan for the people of Israel until they had crossed over, their hearts melted and there was no longer any spirit in them because of the people of Israel."
M47,Inner Seat,The heart/soul/spirit/inward parts as the seat of inner life,H3824,heart,hearts,Jos 7:5,and the men of Ai killed about thirty-six of their men and chased them before the gate as far as Shebarim and struck them at the descent. And the hearts of the people melted and became as water.
M47,Inner Seat,The heart/soul/spirit/inward parts as the seat of inner life,G4151G,spirit/breath: spirit,Spirit,Jude 19,"It is these who cause divisions, worldly people, devoid of the Spirit."
M47,Inner Seat,The heart/soul/spirit/inward parts as the seat of inner life,G4151G,spirit/breath: spirit,Spirit,Jude 20,"But you, beloved, building yourselves up in your most holy faith and praying in the Holy Spirit,"
M47,Inner Seat,The heart/soul/spirit/inward parts as the seat of inner life,G4561,flesh,flesh,Jude 23,"save others by snatching them out of the fire; to others show mercy with fear, hating even the garment stained by the flesh."
M47,Inner Seat,The heart/soul/spirit/inward parts as the seat of inner life,G4561,flesh,desire,Jude 7,"just as Sodom and Gomorrah and the surrounding cities, which likewise indulged in sexual immorality and pursued unnatural desire, serve as an example by undergoing a punishment of eternal fire."
M47,Inner Seat,The heart/soul/spirit/inward parts as the seat of inner life,G4561,flesh,flesh,Jude 8,"Yet in like manner these people also, relying on their dreams, defile the flesh, reject authority, and blaspheme the glorious ones."
M47,Inner Seat,The heart/soul/spirit/inward parts as the seat of inner life,H5315I,soul: myself,he,Judg 10:16,"So they put away the foreign gods from among them and served the Lord, and he became impatient over the misery of Israel."
M47,Inner Seat,The heart/soul/spirit/inward parts as the seat of inner life,H7307G,spirit,Spirit,Judg 11:29,"Then the Spirit of the Lord was upon Jephthah, and he passed through Gilead and Manasseh and passed on to Mizpah of Gilead, and from Mizpah of Gilead he passed on to the Ammonites."
M47,Inner Seat,The heart/soul/spirit/inward parts as the seat of inner life,H7307G,spirit,Spirit,Judg 13:25,"And the Spirit of the Lord began to stir him in Mahaneh-dan, between Zorah and Eshtaol."
M47,Inner Seat,The heart/soul/spirit/inward parts as the seat of inner life,H7307G,spirit,spirit,Judg 15:19,"And God split open the hollow place that is at Lehi, and water came out from it. And when he drank, his spirit returned, and he revived. Therefore the name of it was called En-hakkore; it is at Lehi to this day."
M47,Inner Seat,The heart/soul/spirit/inward parts as the seat of inner life,H5315G,soul,soul,Judg 16:16,"And when she pressed him hard with her words day after day, and urged him, his soul was vexed to death."
M47,Inner Seat,The heart/soul/spirit/inward parts as the seat of inner life,H3820A,heart,heart,Judg 16:17,"And he told her all his heart, and said to her, “A razor has never come upon my head, for I have been a Nazirite to God from my mother’s womb. If my head is shaved, then my strength will leave me, and I shall become weak and be like any other man.”"
M47,Inner Seat,The heart/soul/spirit/inward parts as the seat of inner life,H3820A,heart,heart,Judg 16:18,"When Delilah saw that he had told her all his heart, she sent and called the lords of the Philistines, saying, “Come up again, for he has told me all his heart.” Then the lords of the Philistines came up to her and brought the money in their hands."
M47,Inner Seat,The heart/soul/spirit/inward parts as the seat of inner life,H3820A,heart,heart,Judg 16:18,"When Delilah saw that he had told her all his heart, she sent and called the lords of the Philistines, saying, “Come up again, for he has told me all his heart.” Then the lords of the Philistines came up to her and brought the money in their hands."
M47,Inner Seat,The heart/soul/spirit/inward parts as the seat of inner life,H3820A,heart,hearts,Judg 16:25,"And when their hearts were merry, they said, “ Call Samson, that he may entertain us.” So they called Samson out of the prison, and he entertained them. They made him stand between the pillars."
M47,Inner Seat,The heart/soul/spirit/inward parts as the seat of inner life,H5315I,soul: myself,me,Judg 16:30,"And Samson said, “Let me die with the Philistines.” Then he bowed with all his strength, and the house fell upon the lords and upon all the people who were in it. So the dead whom he killed at his death were more than those whom he had killed during his life."
M47,Inner Seat,The heart/soul/spirit/inward parts as the seat of inner life,H3820A,heart,heart,Judg 18:20,And the priest’s heart was glad. He took the ephod and the household gods and the carved image and went along with the people.
M47,Inner Seat,The heart/soul/spirit/inward parts as the seat of inner life,H5315H,soul: life,life,Judg 18:25,"And the people of Dan said to him, “Do not let your voice be heard among us, lest angry fellows fall upon you, and you lose your life with the lives of your household.”"
M47,Inner Seat,The heart/soul/spirit/inward parts as the seat of inner life,H3820A,heart,heart,Judg 19:5,"And on the fourth day they arose early in the morning, and he prepared to go, but the girl’s father said to his son-in-law, “ Strengthen your heart with a morsel of bread, and after that you may go.”"
M47,Inner Seat,The heart/soul/spirit/inward parts as the seat of inner life,H3820A,heart,heart,Judg 19:6,"So the two of them sat and ate and drank together. And the girl’s father said to the man, “Be pleased to spend the night, and let your heart be merry.”"
M47,Inner Seat,The heart/soul/spirit/inward parts as the seat of inner life,H3824,heart,heart,Judg 19:9,"And when the man and his concubine and his servant rose up to depart, his father-in-law, the girl’s father, said to him, “ Behold, now the day has waned toward evening. Please, spend the night. Behold, the day draws to its close. Lodge here and let your heart be merry, and tomorrow you shall arise early in the morning for your journey, and go home.”"
M47,Inner Seat,The heart/soul/spirit/inward parts as the seat of inner life,H3820A,heart,heart,Judg 5:15,"the princes of Issachar came with Deborah, and Issachar faithful to Barak; into the valley they rushed at his heels. Among the clans of Reuben there were great searchings of heart."
M47,Inner Seat,The heart/soul/spirit/inward parts as the seat of inner life,H3820A,heart,heart,Judg 5:16,"Why did you sit still among the sheepfolds, to hear the whistling for the flocks? Among the clans of Reuben there were great searchings of heart."
M47,Inner Seat,The heart/soul/spirit/inward parts as the seat of inner life,H5315H,soul: life,lives,Judg 5:18,"Zebulun is a people who risked their lives to the death; Naphtali, too, on the heights of the field."
M47,Inner Seat,The heart/soul/spirit/inward parts as the seat of inner life,H5315G,soul,soul,Judg 5:21,"The torrent Kishon swept them away, the ancient torrent, the torrent Kishon. March on, my soul, with might!"
M47,Inner Seat,The heart/soul/spirit/inward parts as the seat of inner life,H3820A,heart,heart,Judg 5:9,My heart goes out to the commanders of Israel who offered themselves willingly among the people. Bless the Lord.
M47,Inner Seat,The heart/soul/spirit/inward parts as the seat of inner life,H7307J,spirit: temper,anger,Judg 8:3,"God has given into your hands the princes of Midian, Oreb and Zeeb. What have I been able to do in comparison with you?” Then their anger against him subsided when he said this."
M47,Inner Seat,The heart/soul/spirit/inward parts as the seat of inner life,H7307G,spirit,spirit,Judg 9:23,"And God sent an evil spirit between Abimelech and the leaders of Shechem, and the leaders of Shechem dealt treacherously with Abimelech,"
M47,Inner Seat,The heart/soul/spirit/inward parts as the seat of inner life,H3820A,heart,hearts,Judg 9:3,"And his mother’s relatives spoke all these words on his behalf in the ears of all the leaders of Shechem, and their hearts inclined to follow Abimelech, for they said, “ He is our brother.”"
M47,Inner Seat,The heart/soul/spirit/inward parts as the seat of inner life,H5315H,soul: life,strength,Lam 1:11,"All her people groan as they search for bread; they trade their treasures for food to revive their strength. “ Look, O Lord, and see, for I am despised.”"
M47,Inner Seat,The heart/soul/spirit/inward parts as the seat of inner life,H5315G,soul,spirit,Lam 1:16,"“ For these things I weep; my eyes flow with tears; for a comforter is far from me, one to revive my spirit; my children are desolate, for the enemy has prevailed.”"
M47,Inner Seat,The heart/soul/spirit/inward parts as the seat of inner life,H3820A,heart,heart,Lam 1:20,"“ Look, O Lord, for I am in distress; my stomach churns; my heart is wrung within me, because I have been very rebellious. In the street the sword bereaves; in the house it is like death."
M47,Inner Seat,The heart/soul/spirit/inward parts as the seat of inner life,H5315H,soul: life,life,Lam 2:12,"They cry to their mothers, “ Where is bread and wine?” as they faint like a wounded man in the streets of the city, as their life is poured out on their mothers ’ bosom."
M47,Inner Seat,The heart/soul/spirit/inward parts as the seat of inner life,H3820A,heart,heart,Lam 2:18,"Their heart cried to the Lord. O wall of the daughter of Zion, let tears stream down like a torrent day and night! Give yourself no rest, your eyes no respite!"
M47,Inner Seat,The heart/soul/spirit/inward parts as the seat of inner life,H3820A,heart,heart,Lam 2:19,"“ Arise, cry out in the night, at the beginning of the night watches! Pour out your heart like water before the presence of the Lord! Lift your hands to him for the lives of your children, who faint for hunger at the head of every street.”"
M47,Inner Seat,The heart/soul/spirit/inward parts as the seat of inner life,H5315H,soul: life,lives,Lam 2:19,"“ Arise, cry out in the night, at the beginning of the night watches! Pour out your heart like water before the presence of the Lord! Lift your hands to him for the lives of your children, who faint for hunger at the head of every street.”"
M47,Inner Seat,The heart/soul/spirit/inward parts as the seat of inner life,H5315G,soul,soul,Lam 3:17,my soul is bereft of peace; I have forgotten what happiness is;
M47,Inner Seat,The heart/soul/spirit/inward parts as the seat of inner life,H3820A,heart,mind,Lam 3:21,"But this I call to mind, and therefore I have hope:"
M47,Inner Seat,The heart/soul/spirit/inward parts as the seat of inner life,H5315G,soul,soul,Lam 3:24,"“The Lord is my portion,” says my soul, “ therefore I will hope in him.”"
M47,Inner Seat,The heart/soul/spirit/inward parts as the seat of inner life,H1320,flesh,flesh,Lam 3:4,He has made my flesh and my skin waste away; he has broken my bones;
M47,Inner Seat,The heart/soul/spirit/inward parts as the seat of inner life,H3824,heart,hearts,Lam 3:41,Let us lift up our hearts and hands to God in heaven:
M47,Inner Seat,The heart/soul/spirit/inward parts as the seat of inner life,H5315I,soul: myself,my,Lam 3:58,"“You have taken up my cause, O Lord; you have redeemed my life."
M47,Inner Seat,The heart/soul/spirit/inward parts as the seat of inner life,H3820A,heart,heart,Lam 3:65,You will give them dullness of heart; your curse will be on them.
M47,Inner Seat,The heart/soul/spirit/inward parts as the seat of inner life,H7307H,spirit: breath,breath,Lam 4:20,"The breath of our nostrils, the Lord’s anointed, was captured in their pits, of whom we said, “ Under his shadow we shall live among the nations.”"
M47,Inner Seat,The heart/soul/spirit/inward parts as the seat of inner life,H3820A,heart,hearts,Lam 5:15,The joy of our hearts has ceased; our dancing has been turned to mourning.
M47,Inner Seat,The heart/soul/spirit/inward parts as the seat of inner life,H3820A,heart,heart,Lam 5:17,"For this our heart has become sick, for these things our eyes have grown dim,"
M47,Inner Seat,The heart/soul/spirit/inward parts as the seat of inner life,H1320,flesh,flesh,Lev 12:3,And on the eighth day the flesh of his foreskin shall be circumcised.
M47,Inner Seat,The heart/soul/spirit/inward parts as the seat of inner life,H1320,flesh,flesh,Lev 13:10,"and the priest shall look. And if there is a white swelling in the skin that has turned the hair white, and there is raw flesh in the swelling,"
M47,Inner Seat,The heart/soul/spirit/inward parts as the seat of inner life,H1320,flesh,body,Lev 13:11,"it is a chronic leprous disease in the skin of his body, and the priest shall pronounce him unclean. He shall not shut him up, for he is unclean."
M47,Inner Seat,The heart/soul/spirit/inward parts as the seat of inner life,H1320,flesh,body,Lev 13:13,"then the priest shall look, and if the leprous disease has covered all his body, he shall pronounce him clean of the disease; it has all turned white, and he is clean."
M47,Inner Seat,The heart/soul/spirit/inward parts as the seat of inner life,H1320,flesh,body,Lev 13:2,"“When a person has on the skin of his body a swelling or an eruption or a spot, and it turns into a case of leprous disease on the skin of his body, then he shall be brought to Aaron the priest or to one of his sons the priests,"
M47,Inner Seat,The heart/soul/spirit/inward parts as the seat of inner life,H1320,flesh,body,Lev 13:2,"“When a person has on the skin of his body a swelling or an eruption or a spot, and it turns into a case of leprous disease on the skin of his body, then he shall be brought to Aaron the priest or to one of his sons the priests,"
M47,Inner Seat,The heart/soul/spirit/inward parts as the seat of inner life,H1320,flesh,body,Lev 13:24,"“ Or, when the body has a burn on its skin and the raw flesh of the burn becomes a spot, reddish-white or white,"
M47,Inner Seat,The heart/soul/spirit/inward parts as the seat of inner life,H1320,flesh,body,Lev 13:3,"and the priest shall examine the diseased area on the skin of his body. And if the hair in the diseased area has turned white and the disease appears to be deeper than the skin of his body, it is a case of leprous disease. When the priest has examined him, he shall pronounce him unclean."
M47,Inner Seat,The heart/soul/spirit/inward parts as the seat of inner life,H1320,flesh,body,Lev 13:38,"“When a man or a woman has spots on the skin of the body, white spots,"
M47,Inner Seat,The heart/soul/spirit/inward parts as the seat of inner life,H1320,flesh,body,Lev 13:39,"the priest shall look, and if the spots on the skin of the body are of a dull white, it is leukoderma that has broken out in the skin; he is clean."
M47,Inner Seat,The heart/soul/spirit/inward parts as the seat of inner life,H1320,flesh,body,Lev 13:4,"But if the spot is white in the skin of his body and appears no deeper than the skin, and the hair in it has not turned white, the priest shall shut up the diseased person for seven days."
M47,Inner Seat,The heart/soul/spirit/inward parts as the seat of inner life,H1320,flesh,body,Lev 13:43,"Then the priest shall examine him, and if the diseased swelling is reddish-white on his bald head or on his bald forehead, like the appearance of leprous disease in the skin of the body,"
M47,Inner Seat,The heart/soul/spirit/inward parts as the seat of inner life,H1320,flesh,body,Lev 15:13,"“And when the one with a discharge is cleansed of his discharge, then he shall count for himself seven days for his cleansing, and wash his clothes. And he shall bathe his body in fresh water and shall be clean."
M47,Inner Seat,The heart/soul/spirit/inward parts as the seat of inner life,H1320,flesh,body,Lev 15:16,"“If a man has an emission of semen, he shall bathe his whole body in water and be unclean until the evening."
M47,Inner Seat,The heart/soul/spirit/inward parts as the seat of inner life,H1320,flesh,body,Lev 15:3,"And this is the law of his uncleanness for a discharge: whether his body runs with his discharge, or his body is blocked up by his discharge, it is his uncleanness."
M47,Inner Seat,The heart/soul/spirit/inward parts as the seat of inner life,H1320,flesh,body,Lev 15:3,"And this is the law of his uncleanness for a discharge: whether his body runs with his discharge, or his body is blocked up by his discharge, it is his uncleanness."
M47,Inner Seat,The heart/soul/spirit/inward parts as the seat of inner life,H5315J,soul: person,person,Lev 17:12,"Therefore I have said to the people of Israel, No person among you shall eat blood, neither shall any stranger who sojourns among you eat blood."
M47,Inner Seat,The heart/soul/spirit/inward parts as the seat of inner life,H1320,flesh,creature,Lev 17:14,"For the life of every creature is its blood: its blood is its life. Therefore I have said to the people of Israel, You shall not eat the blood of any creature, for the life of every creature is its blood. Whoever eats it shall be cut off."
M47,Inner Seat,The heart/soul/spirit/inward parts as the seat of inner life,H1320,flesh,creature,Lev 17:14,"For the life of every creature is its blood: its blood is its life. Therefore I have said to the people of Israel, You shall not eat the blood of any creature, for the life of every creature is its blood. Whoever eats it shall be cut off."
M47,Inner Seat,The heart/soul/spirit/inward parts as the seat of inner life,H5315J,soul: person,person,Lev 17:15,"And every person who eats what dies of itself or what is torn by beasts, whether he is a native or a sojourner, shall wash his clothes and bathe himself in water and be unclean until the evening; then he shall be clean."
M47,Inner Seat,The heart/soul/spirit/inward parts as the seat of inner life,H7607,flesh,relative,Lev 18:12,You shall not uncover the nakedness of your father’s sister; she is your father’s relative.
M47,Inner Seat,The heart/soul/spirit/inward parts as the seat of inner life,H1320,flesh,relatives,Lev 18:6,“ None of you shall approach any one of his close relatives to uncover nakedness. I am the Lord.
M47,Inner Seat,The heart/soul/spirit/inward parts as the seat of inner life,H5315J,soul: person,slave,Lev 22:11,"but if a priest buys a slave as his property for money, the slave may eat of it, and anyone born in his house may eat of his food."
M47,Inner Seat,The heart/soul/spirit/inward parts as the seat of inner life,H5315M,soul: dead,dead,Lev 22:4,"None of the offspring of Aaron who has a leprous disease or a discharge may eat of the holy things until he is clean. Whoever touches anything that is unclean through contact with the dead or a man who has had an emission of semen,"
M47,Inner Seat,The heart/soul/spirit/inward parts as the seat of inner life,H5315J,soul: person,person,Lev 22:6,the person who touches such a thing shall be unclean until the evening and shall not eat of the holy things unless he has bathed his body in water.
M47,Inner Seat,The heart/soul/spirit/inward parts as the seat of inner life,H1320,flesh,body,Lev 22:6,the person who touches such a thing shall be unclean until the evening and shall not eat of the holy things unless he has bathed his body in water.
M47,Inner Seat,The heart/soul/spirit/inward parts as the seat of inner life,H5315H,soul: life,life,Lev 24:18,"Whoever takes an animal’s life shall make it good, life for life."
M47,Inner Seat,The heart/soul/spirit/inward parts as the seat of inner life,H1320,flesh,relative,Lev 25:49,"or his uncle or his cousin may redeem him, or a close relative from his clan may redeem him. Or if he grows rich he may redeem himself."
M47,Inner Seat,The heart/soul/spirit/inward parts as the seat of inner life,H5315I,soul: myself,soul,Lev 26:11,"I will make my dwelling among you, and my soul shall not abhor you."
M47,Inner Seat,The heart/soul/spirit/inward parts as the seat of inner life,H5315I,soul: myself,soul,Lev 26:15,"if you spurn my statutes, and if your soul abhors my rules, so that you will not do all my commandments, but break my covenant,"
M47,Inner Seat,The heart/soul/spirit/inward parts as the seat of inner life,H5315G,soul,heart,Lev 26:16,"then I will do this to you: I will visit you with panic, with wasting disease and fever that consume the eyes and make the heart ache. And you shall sow your seed in vain, for your enemies shall eat it."
M47,Inner Seat,The heart/soul/spirit/inward parts as the seat of inner life,H1320,flesh,flesh,Lev 26:29,"You shall eat the flesh of your sons, and you shall eat the flesh of your daughters."
M47,Inner Seat,The heart/soul/spirit/inward parts as the seat of inner life,H5315I,soul: myself,soul,Lev 26:30,"And I will destroy your high places and cut down your incense altars and cast your dead bodies upon the dead bodies of your idols, and my soul will abhor you."
M47,Inner Seat,The heart/soul/spirit/inward parts as the seat of inner life,H3824,heart,heart,Lev 26:41,"so that I walked contrary to them and brought them into the land of their enemies — if then their uncircumcised heart is humbled and they make amends for their iniquity,"
M47,Inner Seat,The heart/soul/spirit/inward parts as the seat of inner life,H5315I,soul: myself,soul,Lev 26:43,"But the land shall be abandoned by them and enjoy its Sabbaths while it lies desolate without them, and they shall make amends for their iniquity, because they spurned my rules and their soul abhorred my statutes."
M47,Inner Seat,The heart/soul/spirit/inward parts as the seat of inner life,H5315J,soul: person,If anyone,Lev 4:2,"“ Speak to the people of Israel, saying, If anyone sins unintentionally in any of the Lord’s commandments about things not to be done, and does any one of them,"
M47,Inner Seat,The heart/soul/spirit/inward parts as the seat of inner life,H5315J,soul: person,anyone,Lev 5:15,"“If anyone commits a breach of faith and sins unintentionally in any of the holy things of the Lord, he shall bring to the Lord as his compensation, a ram without blemish out of the flock, valued in silver shekels, according to the shekel of the sanctuary, for a guilt offering."
M47,Inner Seat,The heart/soul/spirit/inward parts as the seat of inner life,H5315J,soul: person,anyone,Lev 5:17,"“ If anyone sins, doing any of the things that by the Lord’s commandments ought not to be done, though he did not know it, then realizes his guilt, he shall bear his iniquity."
M47,Inner Seat,The heart/soul/spirit/inward parts as the seat of inner life,H1320,flesh,body,Lev 6:10,"And the priest shall put on his linen garment and put his linen undergarment on his body, and he shall take up the ashes to which the fire has reduced the burnt offering on the altar and put them beside the altar."
M47,Inner Seat,The heart/soul/spirit/inward parts as the seat of inner life,H1320,flesh,flesh,Lev 7:20,"but the person who eats of the flesh of the sacrifice of the Lord’s peace offerings while an uncleanness is on him, that person shall be cut off from his people."
M47,Inner Seat,The heart/soul/spirit/inward parts as the seat of inner life,H5315I,soul: myself,Whoever,Lev 7:27,"Whoever eats any blood, that person shall be cut off from his people.”"
M47,Inner Seat,The heart/soul/spirit/inward parts as the seat of inner life,G4151G,spirit/breath: spirit,spirits,Luk 10:20,"Nevertheless, do not rejoice in this, that the spirits are subject to you, but rejoice that your names are written in heaven.”"
M47,Inner Seat,The heart/soul/spirit/inward parts as the seat of inner life,G4151G,spirit/breath: spirit,Spirit,Luk 10:21,"In that same hour he rejoiced in the Holy Spirit and said, “I thank you, Father, Lord of heaven and earth, that you have hidden these things from the wise and understanding and revealed them to little children; yes, Father, for such was your gracious will."
M47,Inner Seat,The heart/soul/spirit/inward parts as the seat of inner life,G2588,heart,heart,Luk 10:27,"And he answered, “You shall love the Lord your God with all your heart and with all your soul and with all your strength and with all your mind, and your neighbor as yourself.”"
M47,Inner Seat,The heart/soul/spirit/inward parts as the seat of inner life,G5590G,soul,soul,Luk 10:27,"And he answered, “You shall love the Lord your God with all your heart and with all your soul and with all your strength and with all your mind, and your neighbor as yourself.”"
M47,Inner Seat,The heart/soul/spirit/inward parts as the seat of inner life,G4151G,spirit/breath: spirit,Spirit,Luk 11:13,"If you then, who are evil, know how to give good gifts to your children, how much more will the heavenly Father give the Holy Spirit to those who ask him!”"
M47,Inner Seat,The heart/soul/spirit/inward parts as the seat of inner life,G4151G,spirit/breath: spirit,spirit,Luk 11:24,"“ When the unclean spirit has gone out of a person, it passes through waterless places seeking rest, and finding none it says, ‘I will return to my house from which I came.’"
M47,Inner Seat,The heart/soul/spirit/inward parts as the seat of inner life,G4151G,spirit/breath: spirit,spirits,Luk 11:26,"Then it goes and brings seven other spirits more evil than itself, and they enter and dwell there. And the last state of that person is worse than the first.”"
M47,Inner Seat,The heart/soul/spirit/inward parts as the seat of inner life,G4151G,spirit/breath: spirit,Spirit,Luk 12:10,"And everyone who speaks a word against the Son of Man will be forgiven, but the one who blasphemes against the Holy Spirit will not be forgiven."
M47,Inner Seat,The heart/soul/spirit/inward parts as the seat of inner life,G4151G,spirit/breath: spirit,Spirit,Luk 12:12,for the Holy Spirit will teach you in that very hour what you ought to say.”
M47,Inner Seat,The heart/soul/spirit/inward parts as the seat of inner life,G5590G,soul,Soul,Luk 12:19,"And I will say to my soul, “ Soul, you have ample goods laid up for many years; relax, eat, drink, be merry.”’"
M47,Inner Seat,The heart/soul/spirit/inward parts as the seat of inner life,G5590G,soul,soul,Luk 12:19,"And I will say to my soul, “ Soul, you have ample goods laid up for many years; relax, eat, drink, be merry.”’"
M47,Inner Seat,The heart/soul/spirit/inward parts as the seat of inner life,G5590G,soul,soul,Luk 12:20,"But God said to him, ‘ Fool! This night your soul is required of you, and the things you have prepared, whose will they be?’"
M47,Inner Seat,The heart/soul/spirit/inward parts as the seat of inner life,G5590H,soul: life,life,Luk 12:22,"And he said to his disciples, “ Therefore I tell you, do not be anxious about your life, what you will eat, nor about your body, what you will put on."
M47,Inner Seat,The heart/soul/spirit/inward parts as the seat of inner life,G5590H,soul: life,life,Luk 12:23,"For life is more than food, and the body more than clothing."
M47,Inner Seat,The heart/soul/spirit/inward parts as the seat of inner life,G2588,heart,heart,Luk 12:34,"For where your treasure is, there will your heart be also."
M47,Inner Seat,The heart/soul/spirit/inward parts as the seat of inner life,G4151G,spirit/breath: spirit,spirit,Luk 13:11,"And behold, there was a woman who had had a disabling spirit for eighteen years. She was bent over and could not fully straighten herself."
M47,Inner Seat,The heart/soul/spirit/inward parts as the seat of inner life,G5590H,soul: life,life,Luk 14:26,"“ If anyone comes to me and does not hate his own father and mother and wife and children and brothers and sisters, yes, and even his own life, he cannot be my disciple."
M47,Inner Seat,The heart/soul/spirit/inward parts as the seat of inner life,G2588,heart,hearts,Luk 16:15,"And he said to them, “ You are those who justify yourselves before men, but God knows your hearts. For what is exalted among men is an abomination in the sight of God."
M47,Inner Seat,The heart/soul/spirit/inward parts as the seat of inner life,G5590H,soul: life,life,Luk 17:33,"Whoever seeks to preserve his life will lose it, but whoever loses his life will keep it."
M47,Inner Seat,The heart/soul/spirit/inward parts as the seat of inner life,G1573,to lose heart,lose heart,Luk 18:1,And he told them a parable to the effect that they ought always to pray and not lose heart.
M47,Inner Seat,The heart/soul/spirit/inward parts as the seat of inner life,G4151G,spirit/breath: spirit,Spirit,Luk 1:15,"for he will be great before the Lord. And he must not drink wine or strong drink, and he will be filled with the Holy Spirit, even from his mother’s womb."
M47,Inner Seat,The heart/soul/spirit/inward parts as the seat of inner life,G2588,heart,hearts,Luk 1:17,"and he will go before him in the spirit and power of Elijah, to turn the hearts of the fathers to the children, and the disobedient to the wisdom of the just, to make ready for the Lord a people prepared.”"
M47,Inner Seat,The heart/soul/spirit/inward parts as the seat of inner life,G4151G,spirit/breath: spirit,spirit,Luk 1:17,"and he will go before him in the spirit and power of Elijah, to turn the hearts of the fathers to the children, and the disobedient to the wisdom of the just, to make ready for the Lord a people prepared.”"
M47,Inner Seat,The heart/soul/spirit/inward parts as the seat of inner life,G4151G,spirit/breath: spirit,Spirit,Luk 1:35,"And the angel answered her, “The Holy Spirit will come upon you, and the power of the Most High will overshadow you; therefore the child to be born will be called holy — the Son of God."
M47,Inner Seat,The heart/soul/spirit/inward parts as the seat of inner life,G4151G,spirit/breath: spirit,Spirit,Luk 1:41,"And when Elizabeth heard the greeting of Mary, the baby leaped in her womb. And Elizabeth was filled with the Holy Spirit,"
M47,Inner Seat,The heart/soul/spirit/inward parts as the seat of inner life,G5590I,soul: myself,soul,Luk 1:46,"And Mary said, “ My soul magnifies the Lord,"
M47,Inner Seat,The heart/soul/spirit/inward parts as the seat of inner life,G4151G,spirit/breath: spirit,spirit,Luk 1:47,"and my spirit rejoices in God my Savior,"
M47,Inner Seat,The heart/soul/spirit/inward parts as the seat of inner life,G2588,heart,hearts,Luk 1:51,He has shown strength with his arm; he has scattered the proud in the thoughts of their hearts;
M47,Inner Seat,The heart/soul/spirit/inward parts as the seat of inner life,G2588,heart,hearts,Luk 1:66,"and all who heard them laid them up in their hearts, saying, “ What then will this child be?” For the hand of the Lord was with him."
M47,Inner Seat,The heart/soul/spirit/inward parts as the seat of inner life,G4151G,spirit/breath: spirit,Spirit,Luk 1:67,"And his father Zechariah was filled with the Holy Spirit and prophesied, saying,"
M47,Inner Seat,The heart/soul/spirit/inward parts as the seat of inner life,G4151G,spirit/breath: spirit,spirit,Luk 1:80,"And the child grew and became strong in spirit, and he was in the wilderness until the day of his public appearance to Israel."
M47,Inner Seat,The heart/soul/spirit/inward parts as the seat of inner life,G2588,heart,minds,Luk 21:14,"Settle it therefore in your minds not to meditate beforehand how to answer,"
M47,Inner Seat,The heart/soul/spirit/inward parts as the seat of inner life,G5590H,soul: life,lives,Luk 21:19,By your endurance you will gain your lives.
M47,Inner Seat,The heart/soul/spirit/inward parts as the seat of inner life,G2588,heart,hearts,Luk 21:34,"“ But watch yourselves lest your hearts be weighed down with dissipation and drunkenness and cares of this life, and that day come upon you suddenly like a trap."
M47,Inner Seat,The heart/soul/spirit/inward parts as the seat of inner life,G4151G,spirit/breath: spirit,spirit,Luk 23:46,"Then Jesus, calling out with a loud voice, said, “ Father, into your hands I commit my spirit!” And having said this he breathed his last."
M47,Inner Seat,The heart/soul/spirit/inward parts as the seat of inner life,G2588,heart,heart,Luk 24:25,"And he said to them, “ O foolish ones, and slow of heart to believe all that the prophets have spoken!"
M47,Inner Seat,The heart/soul/spirit/inward parts as the seat of inner life,G2588,heart,hearts,Luk 24:32,"They said to each other, “ Did not our hearts burn within us while he talked to us on the road, while he opened to us the Scriptures?”"
M47,Inner Seat,The heart/soul/spirit/inward parts as the seat of inner life,G4151G,spirit/breath: spirit,spirit,Luk 24:37,But they were startled and frightened and thought they saw a spirit.
M47,Inner Seat,The heart/soul/spirit/inward parts as the seat of inner life,G2588,heart,hearts,Luk 24:38,"And he said to them, “ Why are you troubled, and why do doubts arise in your hearts?"
M47,Inner Seat,The heart/soul/spirit/inward parts as the seat of inner life,G4561,flesh,flesh,Luk 24:39,"See my hands and my feet, that it is I myself. Touch me, and see. For a spirit does not have flesh and bones as you see that I have.”"
M47,Inner Seat,The heart/soul/spirit/inward parts as the seat of inner life,G4151G,spirit/breath: spirit,spirit,Luk 24:39,"See my hands and my feet, that it is I myself. Touch me, and see. For a spirit does not have flesh and bones as you see that I have.”"
M47,Inner Seat,The heart/soul/spirit/inward parts as the seat of inner life,G2588,heart,heart,Luk 2:19,"But Mary treasured up all these things, pondering them in her heart."
M47,Inner Seat,The heart/soul/spirit/inward parts as the seat of inner life,G4151G,spirit/breath: spirit,Spirit,Luk 2:25,"Now there was a man in Jerusalem, whose name was Simeon, and this man was righteous and devout, waiting for the consolation of Israel, and the Holy Spirit was upon him."
M47,Inner Seat,The heart/soul/spirit/inward parts as the seat of inner life,G4151G,spirit/breath: spirit,Spirit,Luk 2:26,And it had been revealed to him by the Holy Spirit that he would not see death before he had seen the Lord’s Christ.
M47,Inner Seat,The heart/soul/spirit/inward parts as the seat of inner life,G4151G,spirit/breath: spirit,Spirit,Luk 2:27,"And he came in the Spirit into the temple, and when the parents brought in the child Jesus, to do for him according to the custom of the Law,"
M47,Inner Seat,The heart/soul/spirit/inward parts as the seat of inner life,G2588,heart,hearts,Luk 2:35,"( and a sword will pierce through your own soul also ), so that thoughts from many hearts may be revealed.”"
M47,Inner Seat,The heart/soul/spirit/inward parts as the seat of inner life,G5590G,soul,soul,Luk 2:35,"( and a sword will pierce through your own soul also ), so that thoughts from many hearts may be revealed.”"
M47,Inner Seat,The heart/soul/spirit/inward parts as the seat of inner life,G2588,heart,heart,Luk 2:51,And he went down with them and came to Nazareth and was submissive to them. And his mother treasured up all these things in her heart.
M47,Inner Seat,The heart/soul/spirit/inward parts as the seat of inner life,G2588,heart,hearts,Luk 3:15,"As the people were in expectation, and all were questioning in their hearts concerning John, whether he might be the Christ,"
M47,Inner Seat,The heart/soul/spirit/inward parts as the seat of inner life,G4151G,spirit/breath: spirit,Spirit,Luk 3:16,"John answered them all, saying, “ I baptize you with water, but he who is mightier than I is coming, the strap of whose sandals I am not worthy to untie. He will baptize you with the Holy Spirit and fire."
M47,Inner Seat,The heart/soul/spirit/inward parts as the seat of inner life,G4151G,spirit/breath: spirit,Spirit,Luk 3:22,"and the Holy Spirit descended on him in bodily form, like a dove; and a voice came from heaven, “ You are my beloved Son; with you I am well pleased.”"
M47,Inner Seat,The heart/soul/spirit/inward parts as the seat of inner life,G4561,flesh,flesh,Luk 3:6,and all flesh shall see the salvation of God.’”
M47,Inner Seat,The heart/soul/spirit/inward parts as the seat of inner life,G4151G,spirit/breath: spirit,Spirit,Luk 4:1,"And Jesus, full of the Holy Spirit, returned from the Jordan and was led by the Spirit in the wilderness"
M47,Inner Seat,The heart/soul/spirit/inward parts as the seat of inner life,G4151G,spirit/breath: spirit,Spirit,Luk 4:1,"And Jesus, full of the Holy Spirit, returned from the Jordan and was led by the Spirit in the wilderness"
M47,Inner Seat,The heart/soul/spirit/inward parts as the seat of inner life,G4151G,spirit/breath: spirit,Spirit,Luk 4:14,"And Jesus returned in the power of the Spirit to Galilee, and a report about him went out through all the surrounding country."
M47,Inner Seat,The heart/soul/spirit/inward parts as the seat of inner life,G4151G,spirit/breath: spirit,Spirit,Luk 4:18,"“The Spirit of the Lord is upon me, because he has anointed me to proclaim good news to the poor. He has sent me to proclaim liberty to the captives and recovering of sight to the blind, to set at liberty those who are oppressed,"
M47,Inner Seat,The heart/soul/spirit/inward parts as the seat of inner life,G4151G,spirit/breath: spirit,spirit,Luk 4:33,"And in the synagogue there was a man who had the spirit of an unclean demon, and he cried out with a loud voice,"
M47,Inner Seat,The heart/soul/spirit/inward parts as the seat of inner life,G4151G,spirit/breath: spirit,spirits,Luk 4:36,"And they were all amazed and said to one another, “ What is this word? For with authority and power he commands the unclean spirits, and they come out!”"
M47,Inner Seat,The heart/soul/spirit/inward parts as the seat of inner life,G2588,heart,hearts,Luk 5:22,"When Jesus perceived their thoughts, he answered them, “ Why do you question in your hearts?"
M47,Inner Seat,The heart/soul/spirit/inward parts as the seat of inner life,G4151G,spirit/breath: spirit,spirits,Luk 6:18,who came to hear him and to be healed of their diseases. And those who were troubled with unclean spirits were cured.
M47,Inner Seat,The heart/soul/spirit/inward parts as the seat of inner life,G2588,heart,heart,Luk 6:45,"The good person out of the good treasure of his heart produces good, and the evil person out of his evil treasure produces evil, for out of the abundance of the heart his mouth speaks."
M47,Inner Seat,The heart/soul/spirit/inward parts as the seat of inner life,G2588,heart,heart,Luk 6:45,"The good person out of the good treasure of his heart produces good, and the evil person out of his evil treasure produces evil, for out of the abundance of the heart his mouth speaks."
M47,Inner Seat,The heart/soul/spirit/inward parts as the seat of inner life,G5590H,soul: life,life,Luk 6:9,"And Jesus said to them, “I ask you, is it lawful on the Sabbath to do good or to do harm, to save life or to destroy it?”"
M47,Inner Seat,The heart/soul/spirit/inward parts as the seat of inner life,G4151G,spirit/breath: spirit,spirits,Luk 7:21,"In that hour he healed many people of diseases and plagues and evil spirits, and on many who were blind he bestowed sight."
M47,Inner Seat,The heart/soul/spirit/inward parts as the seat of inner life,G2588,heart,hearts,Luk 8:12,"The ones along the path are those who have heard; then the devil comes and takes away the word from their hearts, so that they may not believe and be saved."
M47,Inner Seat,The heart/soul/spirit/inward parts as the seat of inner life,G2588,heart,heart,Luk 8:15,"As for that in the good soil, they are those who, hearing the word, hold it fast in an honest and good heart, and bear fruit with patience."
M47,Inner Seat,The heart/soul/spirit/inward parts as the seat of inner life,G4151G,spirit/breath: spirit,spirits,Luk 8:2,"and also some women who had been healed of evil spirits and infirmities: Mary, called Magdalene, from whom seven demons had gone out,"
M47,Inner Seat,The heart/soul/spirit/inward parts as the seat of inner life,G4151G,spirit/breath: spirit,spirit,Luk 8:29,"For he had commanded the unclean spirit to come out of the man. ( For many a time it had seized him. He was kept under guard and bound with chains and shackles, but he would break the bonds and be driven by the demon into the desert.)"
M47,Inner Seat,The heart/soul/spirit/inward parts as the seat of inner life,G4151G,spirit/breath: spirit,spirit,Luk 8:55,"And her spirit returned, and she got up at once. And he directed that something should be given her to eat."
M47,Inner Seat,The heart/soul/spirit/inward parts as the seat of inner life,G5590H,soul: life,life,Luk 9:24,"For whoever would save his life will lose it, but whoever loses his life for my sake will save it."
M47,Inner Seat,The heart/soul/spirit/inward parts as the seat of inner life,G5590H,soul: life,life,Luk 9:24,"For whoever would save his life will lose it, but whoever loses his life for my sake will save it."
M47,Inner Seat,The heart/soul/spirit/inward parts as the seat of inner life,G4151G,spirit/breath: spirit,spirit,Luk 9:39,"And behold, a spirit seizes him, and he suddenly cries out. It convulses him so that he foams at the mouth, and shatters him, and will hardly leave him."
M47,Inner Seat,The heart/soul/spirit/inward parts as the seat of inner life,G4151G,spirit/breath: spirit,spirit,Luk 9:42,"While he was coming, the demon threw him to the ground and convulsed him. But Jesus rebuked the unclean spirit and healed the boy, and gave him back to his father."
M47,Inner Seat,The heart/soul/spirit/inward parts as the seat of inner life,G2588,heart,hearts,Luk 9:47,"But Jesus, knowing the reasoning of their hearts, took a child and put him by his side"
M47,Inner Seat,The heart/soul/spirit/inward parts as the seat of inner life,H7307G,spirit,Spirit,Mal 2:15,"Did he not make them one, with a portion of the Spirit in their union? And what was the one God seeking? Godly offspring. So guard yourselves in your spirit, and let none of you be faithless to the wife of your youth."
M47,Inner Seat,The heart/soul/spirit/inward parts as the seat of inner life,H3820A,heart,heart,Mal 2:2,"If you will not listen, if you will not take it to heart to give honor to my name, says the Lord of hosts, then I will send the curse upon you and I will curse your blessings. Indeed, I have already cursed them, because you do not lay it to heart."
M47,Inner Seat,The heart/soul/spirit/inward parts as the seat of inner life,H3820A,heart,heart,Mal 2:2,"If you will not listen, if you will not take it to heart to give honor to my name, says the Lord of hosts, then I will send the curse upon you and I will curse your blessings. Indeed, I have already cursed them, because you do not lay it to heart."
M47,Inner Seat,The heart/soul/spirit/inward parts as the seat of inner life,H3820A,heart,hearts,Mal 4:6,"And he will turn the hearts of fathers to their children and the hearts of children to their fathers, lest I come and strike the land with a decree of utter destruction.”"
M47,Inner Seat,The heart/soul/spirit/inward parts as the seat of inner life,G5590H,soul: life,life,Mar 10:45,"For even the Son of Man came not to be served but to serve, and to give his life as a ransom for many.”"
M47,Inner Seat,The heart/soul/spirit/inward parts as the seat of inner life,G2293,take heart,heart,Mar 10:49,"And Jesus stopped and said, “ Call him.” And they called the blind man, saying to him, “Take heart. Get up; he is calling you.”"
M47,Inner Seat,The heart/soul/spirit/inward parts as the seat of inner life,G4641,hardness of heart,heart,Mar 10:5,"And Jesus said to them, “Because of your hardness of heart he wrote you this commandment."
M47,Inner Seat,The heart/soul/spirit/inward parts as the seat of inner life,G4561,flesh,flesh,Mar 10:8,and the two shall become one flesh.’ So they are no longer two but one flesh.
M47,Inner Seat,The heart/soul/spirit/inward parts as the seat of inner life,G4561,flesh,flesh,Mar 10:8,and the two shall become one flesh.’ So they are no longer two but one flesh.
M47,Inner Seat,The heart/soul/spirit/inward parts as the seat of inner life,G2588,heart,heart,Mar 11:23,"Truly, I say to you, whoever says to this mountain, ‘Be taken up and thrown into the sea,’ and does not doubt in his heart, but believes that what he says will come to pass, it will be done for him."
M47,Inner Seat,The heart/soul/spirit/inward parts as the seat of inner life,G2588,heart,heart,Mar 12:30,And you shall love the Lord your God with all your heart and with all your soul and with all your mind and with all your strength.’
M47,Inner Seat,The heart/soul/spirit/inward parts as the seat of inner life,G5590G,soul,soul,Mar 12:30,And you shall love the Lord your God with all your heart and with all your soul and with all your mind and with all your strength.’
M47,Inner Seat,The heart/soul/spirit/inward parts as the seat of inner life,G2588,heart,heart,Mar 12:33,"And to love him with all the heart and with all the understanding and with all the strength, and to love one’s neighbor as oneself, is much more than all whole burnt offerings and sacrifices.”"
M47,Inner Seat,The heart/soul/spirit/inward parts as the seat of inner life,G4151G,spirit/breath: spirit,Spirit,Mar 12:36,"David himself, in the Holy Spirit, declared, “‘The Lord said to my Lord, “ Sit at my right hand, until I put your enemies under your feet.”’"
M47,Inner Seat,The heart/soul/spirit/inward parts as the seat of inner life,G4151G,spirit/breath: spirit,Spirit,Mar 13:11,"And when they bring you to trial and deliver you over, do not be anxious beforehand what you are to say, but say whatever is given you in that hour, for it is not you who speak, but the Holy Spirit."
M47,Inner Seat,The heart/soul/spirit/inward parts as the seat of inner life,G4561,flesh,human being,Mar 13:20,"And if the Lord had not cut short the days, no human being would be saved. But for the sake of the elect, whom he chose, he shortened the days."
M47,Inner Seat,The heart/soul/spirit/inward parts as the seat of inner life,G5590I,soul: myself,soul,Mar 14:34,"And he said to them, “ My soul is very sorrowful, even to death. Remain here and watch.”"
M47,Inner Seat,The heart/soul/spirit/inward parts as the seat of inner life,G4561,flesh,flesh,Mar 14:38,"Watch and pray that you may not enter into temptation. The spirit indeed is willing, but the flesh is weak.”"
M47,Inner Seat,The heart/soul/spirit/inward parts as the seat of inner life,G4151G,spirit/breath: spirit,spirit,Mar 14:38,"Watch and pray that you may not enter into temptation. The spirit indeed is willing, but the flesh is weak.”"
M47,Inner Seat,The heart/soul/spirit/inward parts as the seat of inner life,G4641,hardness of heart,heart,Mar 16:14,"Afterward he appeared to the eleven themselves as they were reclining at table, and he rebuked them for their unbelief and hardness of heart, because they had not believed those who saw him after he had risen."
M47,Inner Seat,The heart/soul/spirit/inward parts as the seat of inner life,G4151G,spirit/breath: spirit,Spirit,Mar 1:10,"And when he came up out of the water, immediately he saw the heavens being torn open and the Spirit descending on him like a dove."
M47,Inner Seat,The heart/soul/spirit/inward parts as the seat of inner life,G4151G,spirit/breath: spirit,Spirit,Mar 1:12,The Spirit immediately drove him out into the wilderness.
M47,Inner Seat,The heart/soul/spirit/inward parts as the seat of inner life,G4151G,spirit/breath: spirit,spirit,Mar 1:23,"And immediately there was in their synagogue a man with an unclean spirit. And he cried out,"
M47,Inner Seat,The heart/soul/spirit/inward parts as the seat of inner life,G4151G,spirit/breath: spirit,spirit,Mar 1:26,"And the unclean spirit, convulsing him and crying out with a loud voice, came out of him."
M47,Inner Seat,The heart/soul/spirit/inward parts as the seat of inner life,G4151G,spirit/breath: spirit,spirits,Mar 1:27,"And they were all amazed, so that they questioned among themselves, saying, “ What is this? A new teaching with authority! He commands even the unclean spirits, and they obey him.”"
M47,Inner Seat,The heart/soul/spirit/inward parts as the seat of inner life,G4151G,spirit/breath: spirit,Spirit,Mar 1:8,"I have baptized you with water, but he will baptize you with the Holy Spirit.”"
M47,Inner Seat,The heart/soul/spirit/inward parts as the seat of inner life,G2588,heart,hearts,Mar 2:6,"Now some of the scribes were sitting there, questioning in their hearts,"
M47,Inner Seat,The heart/soul/spirit/inward parts as the seat of inner life,G2588,heart,hearts,Mar 2:8,"And immediately Jesus, perceiving in his spirit that they thus questioned within themselves, said to them, “ Why do you question these things in your hearts?"
M47,Inner Seat,The heart/soul/spirit/inward parts as the seat of inner life,G4151G,spirit/breath: spirit,spirit,Mar 2:8,"And immediately Jesus, perceiving in his spirit that they thus questioned within themselves, said to them, “ Why do you question these things in your hearts?"
M47,Inner Seat,The heart/soul/spirit/inward parts as the seat of inner life,G4151G,spirit/breath: spirit,spirits,Mar 3:11,"And whenever the unclean spirits saw him, they fell down before him and cried out, “ You are the Son of God.”"
M47,Inner Seat,The heart/soul/spirit/inward parts as the seat of inner life,G4151G,spirit/breath: spirit,Spirit,Mar 3:29,"but whoever blasphemes against the Holy Spirit never has forgiveness, but is guilty of an eternal sin ” —"
M47,Inner Seat,The heart/soul/spirit/inward parts as the seat of inner life,G4151G,spirit/breath: spirit,spirit,Mar 3:30,"for they were saying, “He has an unclean spirit.”"
M47,Inner Seat,The heart/soul/spirit/inward parts as the seat of inner life,G5590H,soul: life,life,Mar 3:4,"And he said to them, “Is it lawful on the Sabbath to do good or to do harm, to save life or to kill?” But they were silent."
M47,Inner Seat,The heart/soul/spirit/inward parts as the seat of inner life,G2588,heart,heart,Mar 3:5,"And he looked around at them with anger, grieved at their hardness of heart, and said to the man, “ Stretch out your hand.” He stretched it out, and his hand was restored."
M47,Inner Seat,The heart/soul/spirit/inward parts as the seat of inner life,G4151G,spirit/breath: spirit,spirits,Mar 5:13,"So he gave them permission. And the unclean spirits came out and entered the pigs; and the herd, numbering about two thousand, rushed down the steep bank into the sea and drowned in the sea."
M47,Inner Seat,The heart/soul/spirit/inward parts as the seat of inner life,G4151G,spirit/breath: spirit,spirit,Mar 5:2,"And when Jesus had stepped out of the boat, immediately there met him out of the tombs a man with an unclean spirit."
M47,Inner Seat,The heart/soul/spirit/inward parts as the seat of inner life,G4151G,spirit/breath: spirit,spirit,Mar 5:8,"For he was saying to him, “ Come out of the man, you unclean spirit!”"
M47,Inner Seat,The heart/soul/spirit/inward parts as the seat of inner life,G2293,take heart,heart,Mar 6:50,"for they all saw him and were terrified. But immediately he spoke to them and said, “Take heart; it is I. Do not be afraid.”"
M47,Inner Seat,The heart/soul/spirit/inward parts as the seat of inner life,G2588,heart,hearts,Mar 6:52,"for they did not understand about the loaves, but their hearts were hardened."
M47,Inner Seat,The heart/soul/spirit/inward parts as the seat of inner life,G4151G,spirit/breath: spirit,spirits,Mar 6:7,"And he called the twelve and began to send them out two by two, and gave them authority over the unclean spirits."
M47,Inner Seat,The heart/soul/spirit/inward parts as the seat of inner life,G2588,heart,heart,Mar 7:19,"since it enters not his heart but his stomach, and is expelled?” ( Thus he declared all foods clean.)"
M47,Inner Seat,The heart/soul/spirit/inward parts as the seat of inner life,G2588,heart,heart,Mar 7:21,"For from within, out of the heart of man, come evil thoughts, sexual immorality, theft, murder, adultery,"
M47,Inner Seat,The heart/soul/spirit/inward parts as the seat of inner life,G4151G,spirit/breath: spirit,spirit,Mar 7:25,But immediately a woman whose little daughter had an unclean spirit heard of him and came and fell down at his feet.
M47,Inner Seat,The heart/soul/spirit/inward parts as the seat of inner life,G2588,heart,heart,Mar 7:6,"And he said to them, “ Well did Isaiah prophesy of you hypocrites, as it is written, “‘ This people honors me with their lips, but their heart is far from me;"
M47,Inner Seat,The heart/soul/spirit/inward parts as the seat of inner life,G4151G,spirit/breath: spirit,spirit,Mar 8:12,"And he sighed deeply in his spirit and said, “ Why does this generation seek a sign? Truly, I say to you, no sign will be given to this generation.”"
M47,Inner Seat,The heart/soul/spirit/inward parts as the seat of inner life,G2588,heart,hearts,Mar 8:17,"And Jesus, aware of this, said to them, “ Why are you discussing the fact that you have no bread? Do you not yet perceive or understand? Are your hearts hardened?"
M47,Inner Seat,The heart/soul/spirit/inward parts as the seat of inner life,G5590H,soul: life,life,Mar 8:35,"For whoever would save his life will lose it, but whoever loses his life for my sake and the gospel’s will save it."
M47,Inner Seat,The heart/soul/spirit/inward parts as the seat of inner life,G5590H,soul: life,life,Mar 8:35,"For whoever would save his life will lose it, but whoever loses his life for my sake and the gospel’s will save it."
M47,Inner Seat,The heart/soul/spirit/inward parts as the seat of inner life,G5590G,soul,soul,Mar 8:36,For what does it profit a man to gain the whole world and forfeit his soul?
M47,Inner Seat,The heart/soul/spirit/inward parts as the seat of inner life,G5590G,soul,soul,Mar 8:37,For what can a man give in return for his soul?
M47,Inner Seat,The heart/soul/spirit/inward parts as the seat of inner life,G4151G,spirit/breath: spirit,spirit,Mar 9:17,"And someone from the crowd answered him, “ Teacher, I brought my son to you, for he has a spirit that makes him mute."
M47,Inner Seat,The heart/soul/spirit/inward parts as the seat of inner life,G4151G,spirit/breath: spirit,spirit,Mar 9:20,"And they brought the boy to him. And when the spirit saw him, immediately it convulsed the boy, and he fell on the ground and rolled about, foaming at the mouth."
M47,Inner Seat,The heart/soul/spirit/inward parts as the seat of inner life,G4151G,spirit/breath: spirit,spirit,Mar 9:25,"And when Jesus saw that a crowd came running together, he rebuked the unclean spirit, saying to it, “You mute and deaf spirit, I command you, come out of him and never enter him again.”"
M47,Inner Seat,The heart/soul/spirit/inward parts as the seat of inner life,G4151G,spirit/breath: spirit,spirit,Mar 9:25,"And when Jesus saw that a crowd came running together, he rebuked the unclean spirit, saying to it, “You mute and deaf spirit, I command you, come out of him and never enter him again.”"
M47,Inner Seat,The heart/soul/spirit/inward parts as the seat of inner life,G4151G,spirit/breath: spirit,spirits,Mat 10:1,"And he called to him his twelve disciples and gave them authority over unclean spirits, to cast them out, and to heal every disease and every affliction."
M47,Inner Seat,The heart/soul/spirit/inward parts as the seat of inner life,G4151G,spirit/breath: spirit,Spirit,Mat 10:20,"For it is not you who speak, but the Spirit of your Father speaking through you."
M47,Inner Seat,The heart/soul/spirit/inward parts as the seat of inner life,G5590G,soul,soul,Mat 10:28,And do not fear those who kill the body but cannot kill the soul. Rather fear him who can destroy both soul and body in hell.
M47,Inner Seat,The heart/soul/spirit/inward parts as the seat of inner life,G5590G,soul,soul,Mat 10:28,And do not fear those who kill the body but cannot kill the soul. Rather fear him who can destroy both soul and body in hell.
M47,Inner Seat,The heart/soul/spirit/inward parts as the seat of inner life,G5590H,soul: life,life,Mat 10:39,"Whoever finds his life will lose it, and whoever loses his life for my sake will find it."
M47,Inner Seat,The heart/soul/spirit/inward parts as the seat of inner life,G5590H,soul: life,life,Mat 10:39,"Whoever finds his life will lose it, and whoever loses his life for my sake will find it."
M47,Inner Seat,The heart/soul/spirit/inward parts as the seat of inner life,G2588,heart,heart,Mat 11:29,"Take my yoke upon you, and learn from me, for I am gentle and lowly in heart, and you will find rest for your souls."
M47,Inner Seat,The heart/soul/spirit/inward parts as the seat of inner life,G5590G,soul,souls,Mat 11:29,"Take my yoke upon you, and learn from me, for I am gentle and lowly in heart, and you will find rest for your souls."
M47,Inner Seat,The heart/soul/spirit/inward parts as the seat of inner life,G5590G,soul,soul,Mat 12:18,"“ Behold, my servant whom I have chosen, my beloved with whom my soul is well pleased. I will put my Spirit upon him, and he will proclaim justice to the Gentiles."
M47,Inner Seat,The heart/soul/spirit/inward parts as the seat of inner life,G4151G,spirit/breath: spirit,Spirit,Mat 12:18,"“ Behold, my servant whom I have chosen, my beloved with whom my soul is well pleased. I will put my Spirit upon him, and he will proclaim justice to the Gentiles."
M47,Inner Seat,The heart/soul/spirit/inward parts as the seat of inner life,G4151G,spirit/breath: spirit,Spirit,Mat 12:28,"But if it is by the Spirit of God that I cast out demons, then the kingdom of God has come upon you."
M47,Inner Seat,The heart/soul/spirit/inward parts as the seat of inner life,G4151G,spirit/breath: spirit,Spirit,Mat 12:31,"Therefore I tell you, every sin and blasphemy will be forgiven people, but the blasphemy against the Spirit will not be forgiven."
M47,Inner Seat,The heart/soul/spirit/inward parts as the seat of inner life,G4151G,spirit/breath: spirit,Spirit,Mat 12:32,"And whoever speaks a word against the Son of Man will be forgiven, but whoever speaks against the Holy Spirit will not be forgiven, either in this age or in the age to come."
M47,Inner Seat,The heart/soul/spirit/inward parts as the seat of inner life,G2588,heart,heart,Mat 12:34,"You brood of vipers! How can you speak good, when you are evil? For out of the abundance of the heart the mouth speaks."
M47,Inner Seat,The heart/soul/spirit/inward parts as the seat of inner life,G2588,heart,heart,Mat 12:40,"For just as Jonah was three days and three nights in the belly of the great fish, so will the Son of Man be three days and three nights in the heart of the earth."
M47,Inner Seat,The heart/soul/spirit/inward parts as the seat of inner life,G4151G,spirit/breath: spirit,spirit,Mat 12:43,"“ When the unclean spirit has gone out of a person, it passes through waterless places seeking rest, but finds none."
M47,Inner Seat,The heart/soul/spirit/inward parts as the seat of inner life,G4151G,spirit/breath: spirit,spirits,Mat 12:45,"Then it goes and brings with it seven other spirits more evil than itself, and they enter and dwell there, and the last state of that person is worse than the first. So also will it be with this evil generation.”"
M47,Inner Seat,The heart/soul/spirit/inward parts as the seat of inner life,G2588,heart,heart,Mat 13:15,"For this people’s heart has grown dull, and with their ears they can barely hear, and their eyes they have closed, lest they should see with their eyes and hear with their ears and understand with their heart and turn, and I would heal them.’"
M47,Inner Seat,The heart/soul/spirit/inward parts as the seat of inner life,G2588,heart,heart,Mat 13:15,"For this people’s heart has grown dull, and with their ears they can barely hear, and their eyes they have closed, lest they should see with their eyes and hear with their ears and understand with their heart and turn, and I would heal them.’"
M47,Inner Seat,The heart/soul/spirit/inward parts as the seat of inner life,G2588,heart,heart,Mat 13:19,"When anyone hears the word of the kingdom and does not understand it, the evil one comes and snatches away what has been sown in his heart. This is what was sown along the path."
M47,Inner Seat,The heart/soul/spirit/inward parts as the seat of inner life,G2293,take heart,heart,Mat 14:27,"But immediately Jesus spoke to them, saying, “Take heart; it is I. Do not be afraid.”"
M47,Inner Seat,The heart/soul/spirit/inward parts as the seat of inner life,G2588,heart,heart,Mat 15:18,"But what comes out of the mouth proceeds from the heart, and this defiles a person."
M47,Inner Seat,The heart/soul/spirit/inward parts as the seat of inner life,G2588,heart,heart,Mat 15:19,"For out of the heart come evil thoughts, murder, adultery, sexual immorality, theft, false witness, slander."
M47,Inner Seat,The heart/soul/spirit/inward parts as the seat of inner life,G2588,heart,heart,Mat 15:8,"“‘ This people honors me with their lips, but their heart is far from me;"
M47,Inner Seat,The heart/soul/spirit/inward parts as the seat of inner life,G4561,flesh,flesh,Mat 16:17,"And Jesus answered him, “ Blessed are you, Simon Bar-Jonah! For flesh and blood has not revealed this to you, but my Father who is in heaven."
M47,Inner Seat,The heart/soul/spirit/inward parts as the seat of inner life,G5590H,soul: life,life,Mat 16:25,"For whoever would save his life will lose it, but whoever loses his life for my sake will find it."
M47,Inner Seat,The heart/soul/spirit/inward parts as the seat of inner life,G5590H,soul: life,life,Mat 16:25,"For whoever would save his life will lose it, but whoever loses his life for my sake will find it."
M47,Inner Seat,The heart/soul/spirit/inward parts as the seat of inner life,G5590G,soul,soul,Mat 16:26,For what will it profit a man if he gains the whole world and forfeits his soul? Or what shall a man give in return for his soul?
M47,Inner Seat,The heart/soul/spirit/inward parts as the seat of inner life,G5590G,soul,soul,Mat 16:26,For what will it profit a man if he gains the whole world and forfeits his soul? Or what shall a man give in return for his soul?
M47,Inner Seat,The heart/soul/spirit/inward parts as the seat of inner life,G2588,heart,heart,Mat 18:35,"So also my heavenly Father will do to every one of you, if you do not forgive your brother from your heart.”"
M47,Inner Seat,The heart/soul/spirit/inward parts as the seat of inner life,G4561,flesh,flesh,Mat 19:5,"and said, ‘ Therefore a man shall leave his father and his mother and hold fast to his wife, and the two shall become one flesh ’?"
M47,Inner Seat,The heart/soul/spirit/inward parts as the seat of inner life,G4561,flesh,flesh,Mat 19:6,"So they are no longer two but one flesh. What therefore God has joined together, let not man separate.”"
M47,Inner Seat,The heart/soul/spirit/inward parts as the seat of inner life,G4641,hardness of heart,hardness,Mat 19:8,"He said to them, “ Because of your hardness of heart Moses allowed you to divorce your wives, but from the beginning it was not so."
M47,Inner Seat,The heart/soul/spirit/inward parts as the seat of inner life,G4641,hardness of heart,heart,Mat 19:8,"He said to them, “ Because of your hardness of heart Moses allowed you to divorce your wives, but from the beginning it was not so."
M47,Inner Seat,The heart/soul/spirit/inward parts as the seat of inner life,G4151G,spirit/breath: spirit,Spirit,Mat 1:18,"Now the birth of Jesus Christ took place in this way. When his mother Mary had been betrothed to Joseph, before they came together she was found to be with child from the Holy Spirit."
M47,Inner Seat,The heart/soul/spirit/inward parts as the seat of inner life,G4151G,spirit/breath: spirit,Spirit,Mat 1:20,"But as he considered these things, behold, an angel of the Lord appeared to him in a dream, saying, “ Joseph, son of David, do not fear to take Mary as your wife, for that which is conceived in her is from the Holy Spirit."
M47,Inner Seat,The heart/soul/spirit/inward parts as the seat of inner life,G5590H,soul: life,life,Mat 20:28,"even as the Son of Man came not to be served but to serve, and to give his life as a ransom for many.”"
M47,Inner Seat,The heart/soul/spirit/inward parts as the seat of inner life,G2588,heart,heart,Mat 22:37,"And he said to him, “You shall love the Lord your God with all your heart and with all your soul and with all your mind."
M47,Inner Seat,The heart/soul/spirit/inward parts as the seat of inner life,G5590G,soul,soul,Mat 22:37,"And he said to him, “You shall love the Lord your God with all your heart and with all your soul and with all your mind."
M47,Inner Seat,The heart/soul/spirit/inward parts as the seat of inner life,G4151G,spirit/breath: spirit,Spirit,Mat 22:43,"He said to them, “ How is it then that David, in the Spirit, calls him Lord, saying,"
M47,Inner Seat,The heart/soul/spirit/inward parts as the seat of inner life,G4561,flesh,human being,Mat 24:22,"And if those days had not been cut short, no human being would be saved. But for the sake of the elect those days will be cut short."
M47,Inner Seat,The heart/soul/spirit/inward parts as the seat of inner life,G5590G,soul,soul,Mat 26:38,"Then he said to them, “ My soul is very sorrowful, even to death; remain here, and watch with me.”"
M47,Inner Seat,The heart/soul/spirit/inward parts as the seat of inner life,G4561,flesh,flesh,Mat 26:41,"Watch and pray that you may not enter into temptation. The spirit indeed is willing, but the flesh is weak.”"
M47,Inner Seat,The heart/soul/spirit/inward parts as the seat of inner life,G4151G,spirit/breath: spirit,spirit,Mat 26:41,"Watch and pray that you may not enter into temptation. The spirit indeed is willing, but the flesh is weak.”"
M47,Inner Seat,The heart/soul/spirit/inward parts as the seat of inner life,G4151G,spirit/breath: spirit,spirit,Mat 27:50,And Jesus cried out again with a loud voice and yielded up his spirit.
M47,Inner Seat,The heart/soul/spirit/inward parts as the seat of inner life,G4151G,spirit/breath: spirit,Spirit,Mat 28:19,"Go therefore and make disciples of all nations, baptizing them in the name of the Father and of the Son and of the Holy Spirit,"
M47,Inner Seat,The heart/soul/spirit/inward parts as the seat of inner life,G5590H,soul: life,life,Mat 2:20,"saying, “ Rise, take the child and his mother and go to the land of Israel, for those who sought the child’s life are dead.”"
M47,Inner Seat,The heart/soul/spirit/inward parts as the seat of inner life,G4151G,spirit/breath: spirit,Spirit,Mat 3:11,"“ I baptize you with water for repentance, but he who is coming after me is mightier than I, whose sandals I am not worthy to carry. He will baptize you with the Holy Spirit and fire."
M47,Inner Seat,The heart/soul/spirit/inward parts as the seat of inner life,G4151G,spirit/breath: spirit,Spirit,Mat 3:16,"And when Jesus was baptized, immediately he went up from the water, and behold, the heavens were opened to him, and he saw the Spirit of God descending like a dove and coming to rest on him;"
M47,Inner Seat,The heart/soul/spirit/inward parts as the seat of inner life,G4151G,spirit/breath: spirit,Spirit,Mat 4:1,Then Jesus was led up by the Spirit into the wilderness to be tempted by the devil.
M47,Inner Seat,The heart/soul/spirit/inward parts as the seat of inner life,G2588,heart,heart,Mat 5:28,But I say to you that everyone who looks at a woman with lustful intent has already committed adultery with her in his heart.
M47,Inner Seat,The heart/soul/spirit/inward parts as the seat of inner life,G4151G,spirit/breath: spirit,spirit,Mat 5:3,"“ Blessed are the poor in spirit, for theirs is the kingdom of heaven."
M47,Inner Seat,The heart/soul/spirit/inward parts as the seat of inner life,G2588,heart,heart,Mat 5:8,"“ Blessed are the pure in heart, for they shall see God."
M47,Inner Seat,The heart/soul/spirit/inward parts as the seat of inner life,G2588,heart,heart,Mat 6:21,"For where your treasure is, there your heart will be also."
M47,Inner Seat,The heart/soul/spirit/inward parts as the seat of inner life,G5590H,soul: life,life,Mat 6:25,"“ Therefore I tell you, do not be anxious about your life, what you will eat or what you will drink, nor about your body, what you will put on. Is not life more than food, and the body more than clothing?"
M47,Inner Seat,The heart/soul/spirit/inward parts as the seat of inner life,G5590H,soul: life,life,Mat 6:25,"“ Therefore I tell you, do not be anxious about your life, what you will eat or what you will drink, nor about your body, what you will put on. Is not life more than food, and the body more than clothing?"
M47,Inner Seat,The heart/soul/spirit/inward parts as the seat of inner life,G4151G,spirit/breath: spirit,spirits,Mat 8:16,"That evening they brought to him many who were oppressed by demons, and he cast out the spirits with a word and healed all who were sick."
M47,Inner Seat,The heart/soul/spirit/inward parts as the seat of inner life,G2293,take heart,heart,Mat 9:2,"And behold, some people brought to him a paralytic, lying on a bed. And when Jesus saw their faith, he said to the paralytic, “Take heart, my son; your sins are forgiven.”"
M47,Inner Seat,The heart/soul/spirit/inward parts as the seat of inner life,G2293,take heart,heart,Mat 9:22,"Jesus turned, and seeing her he said, “Take heart, daughter; your faith has made you well.” And instantly the woman was made well."
M47,Inner Seat,The heart/soul/spirit/inward parts as the seat of inner life,G2588,heart,hearts,Mat 9:4,"But Jesus, knowing their thoughts, said, “ Why do you think evil in your hearts?"
M47,Inner Seat,The heart/soul/spirit/inward parts as the seat of inner life,H7307J,spirit: temper,Has the,Mic 2:7,"Should this be said, O house of Jacob? Has the Lord grown impatient? Are these his deeds? Do not my words do good to him who walks uprightly?"
M47,Inner Seat,The heart/soul/spirit/inward parts as the seat of inner life,H7607,flesh,flesh,Mic 3:3,"who eat the flesh of my people, and flay their skin from off them, and break their bones in pieces and chop them up like meat in a pot, like flesh in a cauldron."
M47,Inner Seat,The heart/soul/spirit/inward parts as the seat of inner life,H5315G,soul,soul,Mic 6:7,"Will the Lord be pleased with thousands of rams, with ten thousands of rivers of oil? Shall I give my firstborn for my transgression, the fruit of my body for the sin of my soul?”"
M47,Inner Seat,The heart/soul/spirit/inward parts as the seat of inner life,H5315L,soul: appetite,soul,Mic 7:1,"Woe is me! For I have become as when the summer fruit has been gathered, as when the grapes have been gleaned: there is no cluster to eat, no first-ripe fig that my soul desires."
M47,Inner Seat,The heart/soul/spirit/inward parts as the seat of inner life,H5315L,soul: appetite,desire,Mic 7:3,"Their hands are on what is evil, to do it well; the prince and the judge ask for a bribe, and the great man utters the evil desire of his soul; thus they weave it together."
M47,Inner Seat,The heart/soul/spirit/inward parts as the seat of inner life,H2436G,bosom: embrace,arms,Mic 7:5,Put no trust in a neighbor; have no confidence in a friend; guard the doors of your mouth from her who lies in your arms;
M47,Inner Seat,The heart/soul/spirit/inward parts as the seat of inner life,H3820A,heart,heart,Neh 2:2,"And the king said to me, “ Why is your face sad, seeing you are not sick? This is nothing but sadness of the heart.” Then I was very much afraid."
M47,Inner Seat,The heart/soul/spirit/inward parts as the seat of inner life,H3820A,heart,myself,Neh 5:7,"I took counsel with myself, and I brought charges against the nobles and the officials. I said to them, “ You are exacting interest, each from his brother.” And I held a great assembly against them"
M47,Inner Seat,The heart/soul/spirit/inward parts as the seat of inner life,H3820A,heart,mind,Neh 6:8,"Then I sent to him, saying, “ No such things as you say have been done, for you are inventing them out of your own mind.”"
M47,Inner Seat,The heart/soul/spirit/inward parts as the seat of inner life,H1320,flesh,meat,Num 11:18,"And say to the people, ‘ Consecrate yourselves for tomorrow, and you shall eat meat, for you have wept in the hearing of the Lord, saying, “ Who will give us meat to eat? For it was better for us in Egypt.” Therefore the Lord will give you meat, and you shall eat."
M47,Inner Seat,The heart/soul/spirit/inward parts as the seat of inner life,H1320,flesh,meat,Num 11:21,"But Moses said, “The people among whom I am number six hundred thousand on foot, and you have said, ‘I will give them meat, that they may eat a whole month!’"
M47,Inner Seat,The heart/soul/spirit/inward parts as the seat of inner life,H5315L,soul: appetite,strength,Num 11:6,"But now our strength is dried up, and there is nothing at all but this manna to look at.”"
M47,Inner Seat,The heart/soul/spirit/inward parts as the seat of inner life,H5315J,soul: person,person,Num 15:27,"“ If one person sins unintentionally, he shall offer a female goat a year old for a sin offering."
M47,Inner Seat,The heart/soul/spirit/inward parts as the seat of inner life,H3824,heart,heart,Num 15:39,"And it shall be a tassel for you to look at and remember all the commandments of the Lord, to do them, not to follow after your own heart and your own eyes, which you are inclined to whore after."
M47,Inner Seat,The heart/soul/spirit/inward parts as the seat of inner life,H1320,flesh,flesh,Num 16:22,"And they fell on their faces and said, “O God, the God of the spirits of all flesh, shall one man sin, and will you be angry with all the congregation?”"
M47,Inner Seat,The heart/soul/spirit/inward parts as the seat of inner life,H1320,flesh,body,Num 19:7,"Then the priest shall wash his clothes and bathe his body in water, and afterward he may come into the camp. But the priest shall be unclean until evening."
M47,Inner Seat,The heart/soul/spirit/inward parts as the seat of inner life,H1320,flesh,body,Num 19:8,The one who burns the heifer shall wash his clothes in water and bathe his body in water and shall be unclean until evening.
M47,Inner Seat,The heart/soul/spirit/inward parts as the seat of inner life,H3820A,heart,will,Num 24:13,"‘ If Balak should give me his house full of silver and gold, I would not be able to go beyond the word of the Lord, to do either good or bad of my own will. What the Lord speaks, that will I speak ’?"
M47,Inner Seat,The heart/soul/spirit/inward parts as the seat of inner life,H1320,flesh,flesh,Num 27:16,"“Let the Lord, the God of the spirits of all flesh, appoint a man over the congregation"
M47,Inner Seat,The heart/soul/spirit/inward parts as the seat of inner life,H7307G,spirit,Spirit,Num 27:18,"So the Lord said to Moses, “ Take Joshua the son of Nun, a man in whom is the Spirit, and lay your hand on him."
M47,Inner Seat,The heart/soul/spirit/inward parts as the seat of inner life,H5315I,soul: myself,herself,Num 30:12,"But if her husband makes them null and void on the day that he hears them, then whatever proceeds out of her lips concerning her vows or concerning her pledge of herself shall not stand. Her husband has made them void, and the Lord will forgive her."
M47,Inner Seat,The heart/soul/spirit/inward parts as the seat of inner life,H5315I,soul: myself,herself,Num 30:13,"Any vow and any binding oath to afflict herself, her husband may establish, or her husband may make void."
M47,Inner Seat,The heart/soul/spirit/inward parts as the seat of inner life,H5315J,soul: person,person,Num 31:19,"Encamp outside the camp seven days. Whoever of you has killed any person and whoever has touched any slain, purify yourselves and your captives on the third day and on the seventh day."
M47,Inner Seat,The heart/soul/spirit/inward parts as the seat of inner life,H5315J,soul: person,person,Num 35:11,"then you shall select cities to be cities of refuge for you, that the manslayer who kills any person without intent may flee there."
M47,Inner Seat,The heart/soul/spirit/inward parts as the seat of inner life,H5315J,soul: person,person,Num 35:15,"These six cities shall be for refuge for the people of Israel, and for the stranger and for the sojourner among them, that anyone who kills any person without intent may flee there."
M47,Inner Seat,The heart/soul/spirit/inward parts as the seat of inner life,H5315J,soul: person,person,Num 35:30,"“If anyone kills a person, the murderer shall be put to death on the evidence of witnesses. But no person shall be put to death on the testimony of one witness."
M47,Inner Seat,The heart/soul/spirit/inward parts as the seat of inner life,H1320,flesh,body,Num 8:7,"Thus you shall do to them to cleanse them: sprinkle the water of purification upon them, and let them go with a razor over all their body, and wash their clothes and cleanse themselves."
M47,Inner Seat,The heart/soul/spirit/inward parts as the seat of inner life,H3820A,heart,heart,Obd 3,"The pride of your heart has deceived you, you who live in the clefts of the rock, in your lofty dwelling, who say in your heart, “ Who will bring me down to the ground?”"
M47,Inner Seat,The heart/soul/spirit/inward parts as the seat of inner life,G4561,flesh,flesh,Phile 16,"no longer as a bondservant but more than a bondservant, as a beloved brother — especially to me, but how much more to you, both in the flesh and in the Lord."
M47,Inner Seat,The heart/soul/spirit/inward parts as the seat of inner life,G4151G,spirit/breath: spirit,spirit,Phile 25,The grace of the Lord Jesus Christ be with your spirit.
M47,Inner Seat,The heart/soul/spirit/inward parts as the seat of inner life,G4151G,spirit/breath: spirit,Spirit,Phili 1:19,"for I know that through your prayers and the help of the Spirit of Jesus Christ this will turn out for my deliverance,"
M47,Inner Seat,The heart/soul/spirit/inward parts as the seat of inner life,G4561,flesh,flesh,Phili 1:22,"If I am to live in the flesh, that means fruitful labor for me. Yet which I shall choose I cannot tell."
M47,Inner Seat,The heart/soul/spirit/inward parts as the seat of inner life,G4561,flesh,flesh,Phili 1:24,But to remain in the flesh is more necessary on your account.
M47,Inner Seat,The heart/soul/spirit/inward parts as the seat of inner life,G5590G,soul,mind,Phili 1:27,"Only let your manner of life be worthy of the gospel of Christ, so that whether I come and see you or am absent, I may hear of you that you are standing firm in one spirit, with one mind striving side by side for the faith of the gospel,"
M47,Inner Seat,The heart/soul/spirit/inward parts as the seat of inner life,G4151G,spirit/breath: spirit,spirit,Phili 1:27,"Only let your manner of life be worthy of the gospel of Christ, so that whether I come and see you or am absent, I may hear of you that you are standing firm in one spirit, with one mind striving side by side for the faith of the gospel,"
M47,Inner Seat,The heart/soul/spirit/inward parts as the seat of inner life,G2588,heart,heart,Phili 1:7,"It is right for me to feel this way about you all, because I hold you in my heart, for you are all partakers with me of grace, both in my imprisonment and in the defense and confirmation of the gospel."
M47,Inner Seat,The heart/soul/spirit/inward parts as the seat of inner life,G4151G,spirit/breath: spirit,Spirit,Phili 2:1,"So if there is any encouragement in Christ, any comfort from love, any participation in the Spirit, any affection and sympathy,"
M47,Inner Seat,The heart/soul/spirit/inward parts as the seat of inner life,G5590H,soul: life,life,Phili 2:30,"for he nearly died for the work of Christ, risking his life to complete what was lacking in your service to me."
M47,Inner Seat,The heart/soul/spirit/inward parts as the seat of inner life,G4561,flesh,flesh,Phili 3:3,"For we are the circumcision, who worship by the Spirit of God and glory in Christ Jesus and put no confidence in the flesh —"
M47,Inner Seat,The heart/soul/spirit/inward parts as the seat of inner life,G4151G,spirit/breath: spirit,Spirit,Phili 3:3,"For we are the circumcision, who worship by the Spirit of God and glory in Christ Jesus and put no confidence in the flesh —"
M47,Inner Seat,The heart/soul/spirit/inward parts as the seat of inner life,G4561,flesh,flesh,Phili 3:4,"though I myself have reason for confidence in the flesh also. If anyone else thinks he has reason for confidence in the flesh, I have more:"
M47,Inner Seat,The heart/soul/spirit/inward parts as the seat of inner life,G4561,flesh,flesh,Phili 3:4,"though I myself have reason for confidence in the flesh also. If anyone else thinks he has reason for confidence in the flesh, I have more:"
M47,Inner Seat,The heart/soul/spirit/inward parts as the seat of inner life,G2588,heart,hearts,Phili 4:7,"And the peace of God, which surpasses all understanding, will guard your hearts and your minds in Christ Jesus."
M47,Inner Seat,The heart/soul/spirit/inward parts as the seat of inner life,H3820A,heart,sense,Pro 10:13,"On the lips of him who has understanding, wisdom is found, but a rod is for the back of him who lacks sense."
M47,Inner Seat,The heart/soul/spirit/inward parts as the seat of inner life,H3820A,heart,heart,Pro 10:20,The tongue of the righteous is choice silver; the heart of the wicked is of little worth.
M47,Inner Seat,The heart/soul/spirit/inward parts as the seat of inner life,H3820A,heart,sense,Pro 10:21,"The lips of the righteous feed many, but fools die for lack of sense."
M47,Inner Seat,The heart/soul/spirit/inward parts as the seat of inner life,H5315L,soul: appetite,let the,Pro 10:3,"The Lord does not let the righteous go hungry, but he thwarts the craving of the wicked."
M47,Inner Seat,The heart/soul/spirit/inward parts as the seat of inner life,H3820A,heart,heart,Pro 10:8,"The wise of heart will receive commandments, but a babbling fool will come to ruin."
M47,Inner Seat,The heart/soul/spirit/inward parts as the seat of inner life,H3820A,heart,sense,Pro 11:12,"Whoever belittles his neighbor lacks sense, but a man of understanding remains silent."
M47,Inner Seat,The heart/soul/spirit/inward parts as the seat of inner life,H7307G,spirit,spirit,Pro 11:13,"Whoever goes about slandering reveals secrets, but he who is trustworthy in spirit keeps a thing covered."
M47,Inner Seat,The heart/soul/spirit/inward parts as the seat of inner life,H5315I,soul: myself,himself,Pro 11:17,"A man who is kind benefits himself, but a cruel man hurts himself."
M47,Inner Seat,The heart/soul/spirit/inward parts as the seat of inner life,H7607,flesh,himself,Pro 11:17,"A man who is kind benefits himself, but a cruel man hurts himself."
M47,Inner Seat,The heart/soul/spirit/inward parts as the seat of inner life,H3820A,heart,heart,Pro 11:20,"Those of crooked heart are an abomination to the Lord, but those of blameless ways are his delight."
M47,Inner Seat,The heart/soul/spirit/inward parts as the seat of inner life,H5315I,soul: myself,Whoever,Pro 11:25,"Whoever brings blessing will be enriched, and one who waters will himself be watered."
M47,Inner Seat,The heart/soul/spirit/inward parts as the seat of inner life,H3820A,heart,heart,Pro 11:29,"Whoever troubles his own household will inherit the wind, and the fool will be servant to the wise of heart."
M47,Inner Seat,The heart/soul/spirit/inward parts as the seat of inner life,H7307H,spirit: breath,wind,Pro 11:29,"Whoever troubles his own household will inherit the wind, and the fool will be servant to the wise of heart."
M47,Inner Seat,The heart/soul/spirit/inward parts as the seat of inner life,H5315G,soul,souls,Pro 11:30,"The fruit of the righteous is a tree of life, and whoever captures souls is wise."
M47,Inner Seat,The heart/soul/spirit/inward parts as the seat of inner life,H5315H,soul: life,life,Pro 12:10,"Whoever is righteous has regard for the life of his beast, but the mercy of the wicked is cruel."
M47,Inner Seat,The heart/soul/spirit/inward parts as the seat of inner life,H3820A,heart,sense,Pro 12:11,"Whoever works his land will have plenty of bread, but he who follows worthless pursuits lacks sense."
M47,Inner Seat,The heart/soul/spirit/inward parts as the seat of inner life,H3820A,heart,mind,Pro 12:8,"A man is commended according to his good sense, but one of twisted mind is despised."
M47,Inner Seat,The heart/soul/spirit/inward parts as the seat of inner life,H3820A,heart,heart,Pro 13:12,"Hope deferred makes the heart sick, but a desire fulfilled is a tree of life."
M47,Inner Seat,The heart/soul/spirit/inward parts as the seat of inner life,H5315L,soul: appetite,appetite,Pro 13:25,"The righteous has enough to satisfy his appetite, but the belly of the wicked suffers want."
M47,Inner Seat,The heart/soul/spirit/inward parts as the seat of inner life,H5315H,soul: life,life,Pro 13:3,Whoever guards his mouth preserves his life; he who opens wide his lips comes to ruin.
M47,Inner Seat,The heart/soul/spirit/inward parts as the seat of inner life,H5315G,soul,soul,Pro 13:4,"The soul of the sluggard craves and gets nothing, while the soul of the diligent is richly supplied."
M47,Inner Seat,The heart/soul/spirit/inward parts as the seat of inner life,H5315H,soul: life,life,Pro 13:8,"The ransom of a man’s life is his wealth, but a poor man hears no threat."
M47,Inner Seat,The heart/soul/spirit/inward parts as the seat of inner life,H3820A,heart,heart,Pro 14:10,"The heart knows its own bitterness, and no stranger shares its joy."
M47,Inner Seat,The heart/soul/spirit/inward parts as the seat of inner life,H5315I,soul: myself,own,Pro 14:10,"The heart knows its own bitterness, and no stranger shares its joy."
M47,Inner Seat,The heart/soul/spirit/inward parts as the seat of inner life,H3820A,heart,heart,Pro 14:13,"Even in laughter the heart may ache, and the end of joy may be grief."
M47,Inner Seat,The heart/soul/spirit/inward parts as the seat of inner life,H3820A,heart,heart,Pro 14:14,"The backslider in heart will be filled with the fruit of his ways, and a good man will be filled with the fruit of his ways."
M47,Inner Seat,The heart/soul/spirit/inward parts as the seat of inner life,H5315H,soul: life,lives,Pro 14:25,"A truthful witness saves lives, but one who breathes out lies is deceitful."
M47,Inner Seat,The heart/soul/spirit/inward parts as the seat of inner life,H7307J,spirit: temper,temper,Pro 14:29,"Whoever is slow to anger has great understanding, but he who has a hasty temper exalts folly."
M47,Inner Seat,The heart/soul/spirit/inward parts as the seat of inner life,H3820A,heart,heart,Pro 14:30,"A tranquil heart gives life to the flesh, but envy makes the bones rot."
M47,Inner Seat,The heart/soul/spirit/inward parts as the seat of inner life,H1320,flesh,flesh,Pro 14:30,"A tranquil heart gives life to the flesh, but envy makes the bones rot."
M47,Inner Seat,The heart/soul/spirit/inward parts as the seat of inner life,H3826,heart,hearts,Pro 15:11,Sheol and Abaddon lie open before the Lord; how much more the hearts of the children of man!
M47,Inner Seat,The heart/soul/spirit/inward parts as the seat of inner life,H3820A,heart,heart,Pro 15:13,"A glad heart makes a cheerful face, but by sorrow of heart the spirit is crushed."
M47,Inner Seat,The heart/soul/spirit/inward parts as the seat of inner life,H3820A,heart,heart,Pro 15:13,"A glad heart makes a cheerful face, but by sorrow of heart the spirit is crushed."
M47,Inner Seat,The heart/soul/spirit/inward parts as the seat of inner life,H7307G,spirit,spirit,Pro 15:13,"A glad heart makes a cheerful face, but by sorrow of heart the spirit is crushed."
M47,Inner Seat,The heart/soul/spirit/inward parts as the seat of inner life,H3820A,heart,heart,Pro 15:14,"The heart of him who has understanding seeks knowledge, but the mouths of fools feed on folly."
M47,Inner Seat,The heart/soul/spirit/inward parts as the seat of inner life,H3820A,heart,heart,Pro 15:15,"All the days of the afflicted are evil, but the cheerful of heart has a continual feast."
M47,Inner Seat,The heart/soul/spirit/inward parts as the seat of inner life,H3820A,heart,sense,Pro 15:21,"Folly is a joy to him who lacks sense, but a man of understanding walks straight ahead."
M47,Inner Seat,The heart/soul/spirit/inward parts as the seat of inner life,H3820A,heart,heart,Pro 15:28,"The heart of the righteous ponders how to answer, but the mouth of the wicked pours out evil things."
M47,Inner Seat,The heart/soul/spirit/inward parts as the seat of inner life,H3820A,heart,heart,Pro 15:30,"The light of the eyes rejoices the heart, and good news refreshes the bones."
M47,Inner Seat,The heart/soul/spirit/inward parts as the seat of inner life,H3820A,heart,intelligence,Pro 15:32,"Whoever ignores instruction despises himself, but he who listens to reproof gains intelligence."
M47,Inner Seat,The heart/soul/spirit/inward parts as the seat of inner life,H5315I,soul: myself,himself,Pro 15:32,"Whoever ignores instruction despises himself, but he who listens to reproof gains intelligence."
M47,Inner Seat,The heart/soul/spirit/inward parts as the seat of inner life,H3820A,heart,heart,Pro 16:1,"The plans of the heart belong to man, but the answer of the tongue is from the Lord."
M47,Inner Seat,The heart/soul/spirit/inward parts as the seat of inner life,H5315H,soul: life,life,Pro 16:17,The highway of the upright turns aside from evil; whoever guards his way preserves his life.
M47,Inner Seat,The heart/soul/spirit/inward parts as the seat of inner life,H7307G,spirit,spirit,Pro 16:18,"Pride goes before destruction, and a haughty spirit before a fall."
M47,Inner Seat,The heart/soul/spirit/inward parts as the seat of inner life,H7307G,spirit,spirit,Pro 16:19,It is better to be of a lowly spirit with the poor than to divide the spoil with the proud.
M47,Inner Seat,The heart/soul/spirit/inward parts as the seat of inner life,H7307G,spirit,spirit,Pro 16:2,"All the ways of a man are pure in his own eyes, but the Lord weighs the spirit."
M47,Inner Seat,The heart/soul/spirit/inward parts as the seat of inner life,H3820A,heart,heart,Pro 16:21,"The wise of heart is called discerning, and sweetness of speech increases persuasiveness."
M47,Inner Seat,The heart/soul/spirit/inward parts as the seat of inner life,H3820A,heart,heart,Pro 16:23,The heart of the wise makes his speech judicious and adds persuasiveness to his lips.
M47,Inner Seat,The heart/soul/spirit/inward parts as the seat of inner life,H5315L,soul: appetite,appetite,Pro 16:26,A worker’s appetite works for him; his mouth urges him on.
M47,Inner Seat,The heart/soul/spirit/inward parts as the seat of inner life,H3820A,heart,heart,Pro 16:5,"Everyone who is arrogant in heart is an abomination to the Lord; be assured, he will not go unpunished."
M47,Inner Seat,The heart/soul/spirit/inward parts as the seat of inner life,H3820A,heart,heart,Pro 16:9,"The heart of man plans his way, but the Lord establishes his steps."
M47,Inner Seat,The heart/soul/spirit/inward parts as the seat of inner life,H3820A,heart,sense,Pro 17:18,One who lacks sense gives a pledge and puts up security in the presence of his neighbor.
M47,Inner Seat,The heart/soul/spirit/inward parts as the seat of inner life,H3820A,heart,heart,Pro 17:20,"A man of crooked heart does not discover good, and one with a dishonest tongue falls into calamity."
M47,Inner Seat,The heart/soul/spirit/inward parts as the seat of inner life,H3820A,heart,heart,Pro 17:22,"A joyful heart is good medicine, but a crushed spirit dries up the bones."
M47,Inner Seat,The heart/soul/spirit/inward parts as the seat of inner life,H7307J,spirit: temper,spirit,Pro 17:27,"Whoever restrains his words has knowledge, and he who has a cool spirit is a man of understanding."
M47,Inner Seat,The heart/soul/spirit/inward parts as the seat of inner life,H3826,heart,hearts,Pro 17:3,"The crucible is for silver, and the furnace is for gold, and the Lord tests hearts."
M47,Inner Seat,The heart/soul/spirit/inward parts as the seat of inner life,H3820A,heart,heart,Pro 18:12,"Before destruction a man’s heart is haughty, but humility comes before honor."
M47,Inner Seat,The heart/soul/spirit/inward parts as the seat of inner life,H7307G,spirit,spirit,Pro 18:14,"A man’s spirit will endure sickness, but a crushed spirit who can bear?"
M47,Inner Seat,The heart/soul/spirit/inward parts as the seat of inner life,H3820A,heart,heart,Pro 18:15,"An intelligent heart acquires knowledge, and the ear of the wise seeks knowledge."
M47,Inner Seat,The heart/soul/spirit/inward parts as the seat of inner life,H3820A,heart,opinion,Pro 18:2,"A fool takes no pleasure in understanding, but only in expressing his opinion."
M47,Inner Seat,The heart/soul/spirit/inward parts as the seat of inner life,H5315G,soul,soul,Pro 18:7,"A fool’s mouth is his ruin, and his lips are a snare to his soul."
M47,Inner Seat,The heart/soul/spirit/inward parts as the seat of inner life,H5315H,soul: life,life,Pro 19:16,Whoever keeps the commandment keeps his life; he who despises his ways will die.
M47,Inner Seat,The heart/soul/spirit/inward parts as the seat of inner life,H5315G,soul,heart,Pro 19:18,"Discipline your son, for there is hope; do not set your heart on putting him to death."
M47,Inner Seat,The heart/soul/spirit/inward parts as the seat of inner life,H3820A,heart,heart,Pro 19:3,"When a man’s folly brings his way to ruin, his heart rages against the Lord."
M47,Inner Seat,The heart/soul/spirit/inward parts as the seat of inner life,H3820A,heart,sense,Pro 19:8,Whoever gets sense loves his own soul; he who keeps understanding will discover good.
M47,Inner Seat,The heart/soul/spirit/inward parts as the seat of inner life,H5315G,soul,soul,Pro 19:8,Whoever gets sense loves his own soul; he who keeps understanding will discover good.
M47,Inner Seat,The heart/soul/spirit/inward parts as the seat of inner life,H5315H,soul: life,life,Pro 20:2,The terror of a king is like the growling of a lion; whoever provokes him to anger forfeits his life.
M47,Inner Seat,The heart/soul/spirit/inward parts as the seat of inner life,H3820A,heart,heart,Pro 20:9,"Who can say, “I have made my heart pure; I am clean from my sin ”?"
M47,Inner Seat,The heart/soul/spirit/inward parts as the seat of inner life,H3820A,heart,heart,Pro 21:1,The king’s heart is a stream of water in the hand of the Lord; he turns it wherever he will.
M47,Inner Seat,The heart/soul/spirit/inward parts as the seat of inner life,H5315G,soul,soul,Pro 21:10,The soul of the wicked desires evil; his neighbor finds no mercy in his eyes.
M47,Inner Seat,The heart/soul/spirit/inward parts as the seat of inner life,H3826,heart,heart,Pro 21:2,"Every way of a man is right in his own eyes, but the Lord weighs the heart."
M47,Inner Seat,The heart/soul/spirit/inward parts as the seat of inner life,H3820A,heart,heart,Pro 21:4,"Haughty eyes and a proud heart, the lamp of the wicked, are sin."
M47,Inner Seat,The heart/soul/spirit/inward parts as the seat of inner life,H3820A,heart,heart,Pro 22:11,"He who loves purity of heart, and whose speech is gracious, will have the king as his friend."
M47,Inner Seat,The heart/soul/spirit/inward parts as the seat of inner life,H5315G,soul,soul,Pro 22:5,Thorns and snares are in the way of the crooked; whoever guards his soul will keep far from them.
M47,Inner Seat,The heart/soul/spirit/inward parts as the seat of inner life,H3820A,heart,heart,Pro 23:12,Apply your heart to instruction and your ear to words of knowledge.
M47,Inner Seat,The heart/soul/spirit/inward parts as the seat of inner life,H3820A,heart,heart,Pro 23:15,"My son, if your heart is wise, my heart too will be glad."
M47,Inner Seat,The heart/soul/spirit/inward parts as the seat of inner life,H3820A,heart,heart,Pro 23:15,"My son, if your heart is wise, my heart too will be glad."
M47,Inner Seat,The heart/soul/spirit/inward parts as the seat of inner life,H3820A,heart,heart,Pro 23:17,"Let not your heart envy sinners, but continue in the fear of the Lord all the day."
M47,Inner Seat,The heart/soul/spirit/inward parts as the seat of inner life,H3820A,heart,heart,Pro 23:19,"Hear, my son, and be wise, and direct your heart in the way."
M47,Inner Seat,The heart/soul/spirit/inward parts as the seat of inner life,H5315L,soul: appetite,appetite,Pro 23:2,and put a knife to your throat if you are given to appetite.
M47,Inner Seat,The heart/soul/spirit/inward parts as the seat of inner life,H3826,heart,heart,Pro 24:12,"If you say, “ Behold, we did not know this,” does not he who weighs the heart perceive it? Does not he who keeps watch over your soul know it, and will he not repay man according to his work?"
M47,Inner Seat,The heart/soul/spirit/inward parts as the seat of inner life,H5315G,soul,soul,Pro 24:12,"If you say, “ Behold, we did not know this,” does not he who weighs the heart perceive it? Does not he who keeps watch over your soul know it, and will he not repay man according to his work?"
M47,Inner Seat,The heart/soul/spirit/inward parts as the seat of inner life,H3820A,heart,heart,Pro 24:17,"Do not rejoice when your enemy falls, and let not your heart be glad when he stumbles,"
M47,Inner Seat,The heart/soul/spirit/inward parts as the seat of inner life,H3820A,heart,hearts,Pro 24:2,"for their hearts devise violence, and their lips talk of trouble."
M47,Inner Seat,The heart/soul/spirit/inward parts as the seat of inner life,H3820A,heart,sense,Pro 24:30,"I passed by the field of a sluggard, by the vineyard of a man lacking sense,"
M47,Inner Seat,The heart/soul/spirit/inward parts as the seat of inner life,H7307H,spirit: breath,wind,Pro 25:23,"The north wind brings forth rain, and a backbiting tongue, angry looks."
M47,Inner Seat,The heart/soul/spirit/inward parts as the seat of inner life,H3820A,heart,heart,Pro 27:11,"Be wise, my son, and make my heart glad, that I may answer him who reproaches me."
M47,Inner Seat,The heart/soul/spirit/inward parts as the seat of inner life,H7307H,spirit: breath,wind,Pro 27:16,to restrain her is to restrain the wind or to grasp oil in one’s right hand.
M47,Inner Seat,The heart/soul/spirit/inward parts as the seat of inner life,H3820A,heart,attention,Pro 27:23,"Know well the condition of your flocks, and give attention to your herds,"
M47,Inner Seat,The heart/soul/spirit/inward parts as the seat of inner life,H5315J,soul: person,One,Pro 27:7,"One who is full loathes honey, but to one who is hungry everything bitter is sweet."
M47,Inner Seat,The heart/soul/spirit/inward parts as the seat of inner life,H3820A,heart,heart,Pro 27:9,"Oil and perfume make the heart glad, and the sweetness of a friend comes from his earnest counsel."
M47,Inner Seat,The heart/soul/spirit/inward parts as the seat of inner life,H5315I,soul: myself,earnest,Pro 27:9,"Oil and perfume make the heart glad, and the sweetness of a friend comes from his earnest counsel."
M47,Inner Seat,The heart/soul/spirit/inward parts as the seat of inner life,H3820A,heart,heart,Pro 28:14,"Blessed is the one who fears the Lord always, but whoever hardens his heart will fall into calamity."
M47,Inner Seat,The heart/soul/spirit/inward parts as the seat of inner life,H5315J,soul: person,another,Pro 28:17,"If one is burdened with the blood of another, he will be a fugitive until death; let no one help him."
M47,Inner Seat,The heart/soul/spirit/inward parts as the seat of inner life,H5315J,soul: person,man,Pro 28:25,"A greedy man stirs up strife, but the one who trusts in the Lord will be enriched."
M47,Inner Seat,The heart/soul/spirit/inward parts as the seat of inner life,H7307J,spirit: temper,spirit,Pro 29:11,"A fool gives full vent to his spirit, but a wise man quietly holds it back."
M47,Inner Seat,The heart/soul/spirit/inward parts as the seat of inner life,H7307G,spirit,spirit,Pro 29:23,"One’s pride will bring him low, but he who is lowly in spirit will obtain honor."
M47,Inner Seat,The heart/soul/spirit/inward parts as the seat of inner life,H5315H,soul: life,life,Pro 29:24,"The partner of a thief hates his own life; he hears the curse, but discloses nothing."
M47,Inner Seat,The heart/soul/spirit/inward parts as the seat of inner life,H3820A,heart,heart,Pro 2:2,making your ear attentive to wisdom and inclining your heart to understanding;
M47,Inner Seat,The heart/soul/spirit/inward parts as the seat of inner life,H7307H,spirit: breath,wind,Pro 30:4,"Who has ascended to heaven and come down? Who has gathered the wind in his fists? Who has wrapped up the waters in a garment? Who has established all the ends of the earth? What is his name, and what is his son’s name? Surely you know!"
M47,Inner Seat,The heart/soul/spirit/inward parts as the seat of inner life,H5315G,soul,distress,Pro 31:6,"Give strong drink to the one who is perishing, and wine to those in bitter distress;"
M47,Inner Seat,The heart/soul/spirit/inward parts as the seat of inner life,H3820A,heart,heart,Pro 3:1,"My son, do not forget my teaching, but let your heart keep my commandments,"
M47,Inner Seat,The heart/soul/spirit/inward parts as the seat of inner life,H3820A,heart,heart,Pro 3:3,Let not steadfast love and faithfulness forsake you; bind them around your neck; write them on the tablet of your heart.
M47,Inner Seat,The heart/soul/spirit/inward parts as the seat of inner life,H3820A,heart,heart,Pro 3:5,"Trust in the Lord with all your heart, and do not lean on your own understanding."
M47,Inner Seat,The heart/soul/spirit/inward parts as the seat of inner life,H3824,heart,heart,Pro 4:21,Let them not escape from your sight; keep them within your heart.
M47,Inner Seat,The heart/soul/spirit/inward parts as the seat of inner life,H1320,flesh,flesh,Pro 4:22,"For they are life to those who find them, and healing to all their flesh."
M47,Inner Seat,The heart/soul/spirit/inward parts as the seat of inner life,H3820A,heart,heart,Pro 4:23,"Keep your heart with all vigilance, for from it flow the springs of life."
M47,Inner Seat,The heart/soul/spirit/inward parts as the seat of inner life,H1320,flesh,flesh,Pro 5:11,"and at the end of your life you groan, when your flesh and body are consumed,"
M47,Inner Seat,The heart/soul/spirit/inward parts as the seat of inner life,H2436G,bosom: embrace,bosom,Pro 5:20,"Why should you be intoxicated, my son, with a forbidden woman and embrace the bosom of an adulteress?"
M47,Inner Seat,The heart/soul/spirit/inward parts as the seat of inner life,H3820A,heart,heart,Pro 6:18,"a heart that devises wicked plans, feet that make haste to run to evil,"
M47,Inner Seat,The heart/soul/spirit/inward parts as the seat of inner life,H3820A,heart,heart,Pro 6:21,Bind them on your heart always; tie them around your neck.
M47,Inner Seat,The heart/soul/spirit/inward parts as the seat of inner life,H5315H,soul: life,life,Pro 6:26,"for the price of a prostitute is only a loaf of bread, but a married woman hunts down a precious life."
M47,Inner Seat,The heart/soul/spirit/inward parts as the seat of inner life,H5315L,soul: appetite,appetite,Pro 6:30,"People do not despise a thief if he steals to satisfy his appetite when he is hungry,"
M47,Inner Seat,The heart/soul/spirit/inward parts as the seat of inner life,H3820A,heart,sense,Pro 6:32,He who commits adultery lacks sense; he who does it destroys himself.
M47,Inner Seat,The heart/soul/spirit/inward parts as the seat of inner life,H5315I,soul: myself,himself,Pro 6:32,He who commits adultery lacks sense; he who does it destroys himself.
M47,Inner Seat,The heart/soul/spirit/inward parts as the seat of inner life,H3820A,heart,heart,Pro 7:10,"And behold, the woman meets him, dressed as a prostitute, wily of heart."
M47,Inner Seat,The heart/soul/spirit/inward parts as the seat of inner life,H3820A,heart,heart,Pro 7:3,bind them on your fingers; write them on the tablet of your heart.
M47,Inner Seat,The heart/soul/spirit/inward parts as the seat of inner life,H3820A,heart,sense,Pro 7:7,"and I have seen among the simple, I have perceived among the youths, a young man lacking sense,"
M47,Inner Seat,The heart/soul/spirit/inward parts as the seat of inner life,H5315I,soul: myself,himself,Pro 8:36,but he who fails to find me injures himself; all who hate me love death.”
M47,Inner Seat,The heart/soul/spirit/inward parts as the seat of inner life,H3820A,heart,sense,Pro 8:5,"O simple ones, learn prudence; O fools, learn sense."
M47,Inner Seat,The heart/soul/spirit/inward parts as the seat of inner life,H3820A,heart,sense,Pro 9:16,"“ Whoever is simple, let him turn in here!” And to him who lacks sense she says,"
M47,Inner Seat,The heart/soul/spirit/inward parts as the seat of inner life,H3820A,heart,sense,Pro 9:4,"“ Whoever is simple, let him turn in here!” To him who lacks sense she says,"
M47,Inner Seat,The heart/soul/spirit/inward parts as the seat of inner life,H3824,heart,heart,Psa 101:2,I will ponder the way that is blameless. Oh when will you come to me? I will walk with integrity of heart within my house;
M47,Inner Seat,The heart/soul/spirit/inward parts as the seat of inner life,H3824,heart,heart,Psa 101:4,A perverse heart shall be far from me; I will know nothing of evil.
M47,Inner Seat,The heart/soul/spirit/inward parts as the seat of inner life,H3824,heart,heart,Psa 101:5,Whoever slanders his neighbor secretly I will destroy. Whoever has a haughty look and an arrogant heart I will not endure.
M47,Inner Seat,The heart/soul/spirit/inward parts as the seat of inner life,H3820A,heart,heart,Psa 102:4,My heart is struck down like grass and has withered; I forget to eat my bread.
M47,Inner Seat,The heart/soul/spirit/inward parts as the seat of inner life,H5315G,soul,soul,Psa 103:1,"Of David. Bless the Lord, O my soul, and all that is within me, bless his holy name!"
M47,Inner Seat,The heart/soul/spirit/inward parts as the seat of inner life,H7307H,spirit: breath,wind,Psa 103:16,"for the wind passes over it, and it is gone, and its place knows it no more."
M47,Inner Seat,The heart/soul/spirit/inward parts as the seat of inner life,H5315G,soul,soul,Psa 103:2,"Bless the Lord, O my soul, and forget not all his benefits,"
M47,Inner Seat,The heart/soul/spirit/inward parts as the seat of inner life,H5315G,soul,soul,Psa 103:22,"Bless the Lord, all his works, in all places of his dominion. Bless the Lord, O my soul!"
M47,Inner Seat,The heart/soul/spirit/inward parts as the seat of inner life,H5315G,soul,soul,Psa 104:1,"Bless the Lord, O my soul! O Lord my God, you are very great! You are clothed with splendor and majesty,"
M47,Inner Seat,The heart/soul/spirit/inward parts as the seat of inner life,H3824,heart,heart,Psa 104:15,"and wine to gladden the heart of man, oil to make his face shine and bread to strengthen man’s heart."
M47,Inner Seat,The heart/soul/spirit/inward parts as the seat of inner life,H3824,heart,heart,Psa 104:15,"and wine to gladden the heart of man, oil to make his face shine and bread to strengthen man’s heart."
M47,Inner Seat,The heart/soul/spirit/inward parts as the seat of inner life,H7307H,spirit: breath,breath,Psa 104:29,"When you hide your face, they are dismayed; when you take away their breath, they die and return to their dust."
M47,Inner Seat,The heart/soul/spirit/inward parts as the seat of inner life,H7307H,spirit: breath,wind,Psa 104:3,He lays the beams of his chambers on the waters; he makes the clouds his chariot; he rides on the wings of the wind;
M47,Inner Seat,The heart/soul/spirit/inward parts as the seat of inner life,H7307G,spirit,Spirit,Psa 104:30,"When you send forth your Spirit, they are created, and you renew the face of the ground."
M47,Inner Seat,The heart/soul/spirit/inward parts as the seat of inner life,H5315G,soul,soul,Psa 104:35,"Let sinners be consumed from the earth, and let the wicked be no more! Bless the Lord, O my soul! Praise the Lord!"
M47,Inner Seat,The heart/soul/spirit/inward parts as the seat of inner life,H5315N,soul: neck,neck,Psa 105:18,His feet were hurt with fetters; his neck was put in a collar of iron;
M47,Inner Seat,The heart/soul/spirit/inward parts as the seat of inner life,H3820A,heart,hearts,Psa 105:25,"He turned their hearts to hate his people, to deal craftily with his servants."
M47,Inner Seat,The heart/soul/spirit/inward parts as the seat of inner life,H3820A,heart,hearts,Psa 105:3,Glory in his holy name; let the hearts of those who seek the Lord rejoice!
M47,Inner Seat,The heart/soul/spirit/inward parts as the seat of inner life,H3820A,heart,hearts,Psa 107:12,"So he bowed their hearts down with hard labor; they fell down, with none to help."
M47,Inner Seat,The heart/soul/spirit/inward parts as the seat of inner life,H5315I,soul: myself,they,Psa 107:18,"they loathed any kind of food, and they drew near to the gates of death."
M47,Inner Seat,The heart/soul/spirit/inward parts as the seat of inner life,H7307H,spirit: breath,wind,Psa 107:25,"For he commanded and raised the stormy wind, which lifted up the waves of the sea."
M47,Inner Seat,The heart/soul/spirit/inward parts as the seat of inner life,H5315I,soul: myself,courage,Psa 107:26,They mounted up to heaven; they went down to the depths; their courage melted away in their evil plight;
M47,Inner Seat,The heart/soul/spirit/inward parts as the seat of inner life,H5315G,soul,soul,Psa 107:5,"hungry and thirsty, their soul fainted within them."
M47,Inner Seat,The heart/soul/spirit/inward parts as the seat of inner life,H5315G,soul,soul,Psa 107:9,"For he satisfies the longing soul, and the hungry soul he fills with good things."
M47,Inner Seat,The heart/soul/spirit/inward parts as the seat of inner life,H3820A,heart,heart,Psa 108:1,"A Song. A Psalm of David. My heart is steadfast, O God! I will sing and make melody with all my being!"
M47,Inner Seat,The heart/soul/spirit/inward parts as the seat of inner life,H5315H,soul: life,life,Psa 109:20,"May this be the reward of my accusers from the Lord, of those who speak evil against my life!"
M47,Inner Seat,The heart/soul/spirit/inward parts as the seat of inner life,H5315G,soul,soul,Psa 109:31,"For he stands at the right hand of the needy one, to save him from those who condemn his soul to death."
M47,Inner Seat,The heart/soul/spirit/inward parts as the seat of inner life,H3820A,heart,heart,Psa 10:17,"O Lord, you hear the desire of the afflicted; you will strengthen their heart; you will incline your ear"
M47,Inner Seat,The heart/soul/spirit/inward parts as the seat of inner life,H5315G,soul,soul,Psa 10:3,"For the wicked boasts of the desires of his soul, and the one greedy for gain curses and renounces the Lord."
M47,Inner Seat,The heart/soul/spirit/inward parts as the seat of inner life,H3824,heart,heart,Psa 111:1,"Praise the Lord! I will give thanks to the Lord with my whole heart, in the company of the upright, in the congregation."
M47,Inner Seat,The heart/soul/spirit/inward parts as the seat of inner life,H3820A,heart,heart,Psa 112:7,"He is not afraid of bad news; his heart is firm, trusting in the Lord."
M47,Inner Seat,The heart/soul/spirit/inward parts as the seat of inner life,H3820A,heart,heart,Psa 112:8,"His heart is steady; he will not be afraid, until he looks in triumph on his adversaries."
M47,Inner Seat,The heart/soul/spirit/inward parts as the seat of inner life,H5315G,soul,soul,Psa 116:7,"Return, O my soul, to your rest; for the Lord has dealt bountifully with you."
M47,Inner Seat,The heart/soul/spirit/inward parts as the seat of inner life,H5315G,soul,soul,Psa 116:8,"For you have delivered my soul from death, my eyes from tears, my feet from stumbling;"
M47,Inner Seat,The heart/soul/spirit/inward parts as the seat of inner life,H3820A,heart,heart,Psa 119:10,With my whole heart I seek you; let me not wander from your commandments!
M47,Inner Seat,The heart/soul/spirit/inward parts as the seat of inner life,H5315H,soul: life,life,Psa 119:109,"I hold my life in my hand continually, but I do not forget your law."
M47,Inner Seat,The heart/soul/spirit/inward parts as the seat of inner life,H3820A,heart,heart,Psa 119:111,"Your testimonies are my heritage forever, for they are the joy of my heart."
M47,Inner Seat,The heart/soul/spirit/inward parts as the seat of inner life,H3820A,heart,heart,Psa 119:112,"I incline my heart to perform your statutes forever, to the end."
M47,Inner Seat,The heart/soul/spirit/inward parts as the seat of inner life,H3820A,heart,heart,Psa 119:145,"Qoph With my whole heart I cry; answer me, O Lord! I will keep your statutes."
M47,Inner Seat,The heart/soul/spirit/inward parts as the seat of inner life,H5315G,soul,soul,Psa 119:167,My soul keeps your testimonies; I love them exceedingly.
M47,Inner Seat,The heart/soul/spirit/inward parts as the seat of inner life,H5315G,soul,soul,Psa 119:175,"Let my soul live and praise you, and let your rules help me."
M47,Inner Seat,The heart/soul/spirit/inward parts as the seat of inner life,H3820A,heart,heart,Psa 119:2,"Blessed are those who keep his testimonies, who seek him with their whole heart,"
M47,Inner Seat,The heart/soul/spirit/inward parts as the seat of inner life,H5315G,soul,soul,Psa 119:20,My soul is consumed with longing for your rules at all times.
M47,Inner Seat,The heart/soul/spirit/inward parts as the seat of inner life,H5315G,soul,soul,Psa 119:25,Daleth My soul clings to the dust; give me life according to your word!
M47,Inner Seat,The heart/soul/spirit/inward parts as the seat of inner life,H5315G,soul,soul,Psa 119:28,My soul melts away for sorrow; strengthen me according to your word!
M47,Inner Seat,The heart/soul/spirit/inward parts as the seat of inner life,H3820A,heart,heart,Psa 119:32,I will run in the way of your commandments when you enlarge my heart!
M47,Inner Seat,The heart/soul/spirit/inward parts as the seat of inner life,H3820A,heart,heart,Psa 119:34,"Give me understanding, that I may keep your law and observe it with my whole heart."
M47,Inner Seat,The heart/soul/spirit/inward parts as the seat of inner life,H3820A,heart,heart,Psa 119:36,"Incline my heart to your testimonies, and not to selfish gain!"
M47,Inner Seat,The heart/soul/spirit/inward parts as the seat of inner life,H3820A,heart,heart,Psa 119:58,I entreat your favor with all my heart; be gracious to me according to your promise.
M47,Inner Seat,The heart/soul/spirit/inward parts as the seat of inner life,H3820A,heart,heart,Psa 119:69,"The insolent smear me with lies, but with my whole heart I keep your precepts;"
M47,Inner Seat,The heart/soul/spirit/inward parts as the seat of inner life,H3824,heart,heart,Psa 119:7,"I will praise you with an upright heart, when I learn your righteous rules."
M47,Inner Seat,The heart/soul/spirit/inward parts as the seat of inner life,H3820A,heart,heart,Psa 119:70,"their heart is unfeeling like fat, but I delight in your law."
M47,Inner Seat,The heart/soul/spirit/inward parts as the seat of inner life,H3820A,heart,heart,Psa 11:2,"for behold, the wicked bend the bow; they have fitted their arrow to the string to shoot in the dark at the upright in heart;"
M47,Inner Seat,The heart/soul/spirit/inward parts as the seat of inner life,H5315G,soul,soul,Psa 11:5,"The Lord tests the righteous, but his soul hates the wicked and the one who loves violence."
M47,Inner Seat,The heart/soul/spirit/inward parts as the seat of inner life,H5315I,soul: myself,us,Psa 124:5,then over us would have gone the raging waters.
M47,Inner Seat,The heart/soul/spirit/inward parts as the seat of inner life,H5315I,soul: myself,We,Psa 124:7,"We have escaped like a bird from the snare of the fowlers; the snare is broken, and we have escaped!"
M47,Inner Seat,The heart/soul/spirit/inward parts as the seat of inner life,H5315G,soul,soul,Psa 130:5,"I wait for the Lord, my soul waits, and in his word I hope;"
M47,Inner Seat,The heart/soul/spirit/inward parts as the seat of inner life,H5315G,soul,soul,Psa 130:6,"my soul waits for the Lord more than watchmen for the morning, more than watchmen for the morning."
M47,Inner Seat,The heart/soul/spirit/inward parts as the seat of inner life,H3820A,heart,heart,Psa 131:1,"A Song of Ascents. Of David. O Lord, my heart is not lifted up; my eyes are not raised too high; I do not occupy myself with things too great and too marvelous for me."
M47,Inner Seat,The heart/soul/spirit/inward parts as the seat of inner life,H5315G,soul,soul,Psa 131:2,"But I have calmed and quieted my soul, like a weaned child with its mother; like a weaned child is my soul within me."
M47,Inner Seat,The heart/soul/spirit/inward parts as the seat of inner life,H7307H,spirit: breath,breath,Psa 135:17,"they have ears, but do not hear, nor is there any breath in their mouths."
M47,Inner Seat,The heart/soul/spirit/inward parts as the seat of inner life,H7307H,spirit: breath,wind,Psa 135:7,"He it is who makes the clouds rise at the end of the earth, who makes lightnings for the rain and brings forth the wind from his storehouses."
M47,Inner Seat,The heart/soul/spirit/inward parts as the seat of inner life,H1320,flesh,flesh,Psa 136:25,"he who gives food to all flesh, for his steadfast love endures forever."
M47,Inner Seat,The heart/soul/spirit/inward parts as the seat of inner life,H3820A,heart,heart,Psa 138:1,"Of David. I give you thanks, O Lord, with my whole heart; before the gods I sing your praise;"
M47,Inner Seat,The heart/soul/spirit/inward parts as the seat of inner life,H3824,heart,heart,Psa 139:23,"Search me, O God, and know my heart! Try me and know my thoughts!"
M47,Inner Seat,The heart/soul/spirit/inward parts as the seat of inner life,H7307G,spirit,Spirit,Psa 139:7,Where shall I go from your Spirit? Or where shall I flee from your presence?
M47,Inner Seat,The heart/soul/spirit/inward parts as the seat of inner life,H3820A,heart,heart,Psa 13:5,But I have trusted in your steadfast love; my heart shall rejoice in your salvation.
M47,Inner Seat,The heart/soul/spirit/inward parts as the seat of inner life,H3820A,heart,heart,Psa 141:4,"Do not let my heart incline to any evil, to busy myself with wicked deeds in company with men who work iniquity, and let me not eat of their delicacies!"
M47,Inner Seat,The heart/soul/spirit/inward parts as the seat of inner life,H5315I,soul: myself,me,Psa 142:7,"Bring me out of prison, that I may give thanks to your name! The righteous will surround me, for you will deal bountifully with me."
M47,Inner Seat,The heart/soul/spirit/inward parts as the seat of inner life,H5315G,soul,soul,Psa 143:11,"For your name’s sake, O Lord, preserve my life! In your righteousness bring my soul out of trouble!"
M47,Inner Seat,The heart/soul/spirit/inward parts as the seat of inner life,H5315G,soul,soul,Psa 143:12,"And in your steadfast love you will cut off my enemies, and you will destroy all the adversaries of my soul, for I am your servant."
M47,Inner Seat,The heart/soul/spirit/inward parts as the seat of inner life,H5315G,soul,soul,Psa 143:3,For the enemy has pursued my soul; he has crushed my life to the ground; he has made me sit in darkness like those long dead.
M47,Inner Seat,The heart/soul/spirit/inward parts as the seat of inner life,H3820A,heart,heart,Psa 143:4,Therefore my spirit faints within me; my heart within me is appalled.
M47,Inner Seat,The heart/soul/spirit/inward parts as the seat of inner life,H7307G,spirit,spirit,Psa 143:7,"Answer me quickly, O Lord! My spirit fails! Hide not your face from me, lest I be like those who go down to the pit."
M47,Inner Seat,The heart/soul/spirit/inward parts as the seat of inner life,H5315G,soul,soul,Psa 143:8,"Let me hear in the morning of your steadfast love, for in you I trust. Make me know the way I should go, for to you I lift up my soul."
M47,Inner Seat,The heart/soul/spirit/inward parts as the seat of inner life,H1320,flesh,flesh,Psa 145:21,"My mouth will speak the praise of the Lord, and let all flesh bless his holy name forever and ever."
M47,Inner Seat,The heart/soul/spirit/inward parts as the seat of inner life,H5315G,soul,soul,Psa 146:1,"Praise the Lord! Praise the Lord, O my soul!"
M47,Inner Seat,The heart/soul/spirit/inward parts as the seat of inner life,H7307H,spirit: breath,breath,Psa 146:4,"When his breath departs, he returns to the earth; on that very day his plans perish."
M47,Inner Seat,The heart/soul/spirit/inward parts as the seat of inner life,H7307H,spirit: breath,wind,Psa 147:18,"He sends out his word, and melts them; he makes his wind blow and the waters flow."
M47,Inner Seat,The heart/soul/spirit/inward parts as the seat of inner life,H7307H,spirit: breath,wind,Psa 148:8,"fire and hail, snow and mist, stormy wind fulfilling his word!"
M47,Inner Seat,The heart/soul/spirit/inward parts as the seat of inner life,H5315G,soul,soul,Psa 16:10,"For you will not abandon my soul to Sheol, or let your holy one see corruption."
M47,Inner Seat,The heart/soul/spirit/inward parts as the seat of inner life,H3820A,heart,heart,Psa 16:9,"Therefore my heart is glad, and my whole being rejoices; my flesh also dwells secure."
M47,Inner Seat,The heart/soul/spirit/inward parts as the seat of inner life,H1320,flesh,flesh,Psa 16:9,"Therefore my heart is glad, and my whole being rejoices; my flesh also dwells secure."
M47,Inner Seat,The heart/soul/spirit/inward parts as the seat of inner life,H3820A,heart,heart,Psa 17:3,"You have tried my heart, you have visited me by night, you have tested me, and you will find nothing; I have purposed that my mouth will not transgress."
M47,Inner Seat,The heart/soul/spirit/inward parts as the seat of inner life,H7307H,spirit: breath,wind,Psa 18:10,He rode on a cherub and flew; he came swiftly on the wings of the wind.
M47,Inner Seat,The heart/soul/spirit/inward parts as the seat of inner life,H7307H,spirit: breath,breath,Psa 18:15,"Then the channels of the sea were seen, and the foundations of the world were laid bare at your rebuke, O Lord, at the blast of the breath of your nostrils."
M47,Inner Seat,The heart/soul/spirit/inward parts as the seat of inner life,H7307H,spirit: breath,wind,Psa 18:42,I beat them fine as dust before the wind; I cast them out like the mire of the streets.
M47,Inner Seat,The heart/soul/spirit/inward parts as the seat of inner life,H3820A,heart,heart,Psa 19:14,"Let the words of my mouth and the meditation of my heart be acceptable in your sight, O Lord, my rock and my redeemer."
M47,Inner Seat,The heart/soul/spirit/inward parts as the seat of inner life,H5315G,soul,soul,Psa 19:7,"The law of the Lord is perfect, reviving the soul; the testimony of the Lord is sure, making wise the simple;"
M47,Inner Seat,The heart/soul/spirit/inward parts as the seat of inner life,H3820A,heart,heart,Psa 19:8,"the precepts of the Lord are right, rejoicing the heart; the commandment of the Lord is pure, enlightening the eyes;"
M47,Inner Seat,The heart/soul/spirit/inward parts as the seat of inner life,H3820A,heart,heart’s,Psa 21:2,You have given him his heart’s desire and have not withheld the request of his lips. Selah
M47,Inner Seat,The heart/soul/spirit/inward parts as the seat of inner life,H5315G,soul,soul,Psa 22:20,"Deliver my soul from the sword, my precious life from the power of the dog!"
M47,Inner Seat,The heart/soul/spirit/inward parts as the seat of inner life,H3824,heart,hearts,Psa 22:26,The afflicted shall eat and be satisfied; those who seek him shall praise the Lord! May your hearts live forever!
M47,Inner Seat,The heart/soul/spirit/inward parts as the seat of inner life,H5315G,soul,soul,Psa 23:3,He restores my soul. He leads me in paths of righteousness for his name’s sake.
M47,Inner Seat,The heart/soul/spirit/inward parts as the seat of inner life,H5315G,soul,soul,Psa 24:4,"He who has clean hands and a pure heart, who does not lift up his soul to what is false and does not swear deceitfully."
M47,Inner Seat,The heart/soul/spirit/inward parts as the seat of inner life,H3824,heart,heart,Psa 24:4,"He who has clean hands and a pure heart, who does not lift up his soul to what is false and does not swear deceitfully."
M47,Inner Seat,The heart/soul/spirit/inward parts as the seat of inner life,H5315G,soul,soul,Psa 25:1,"Of David. To you, O Lord, I lift up my soul."
M47,Inner Seat,The heart/soul/spirit/inward parts as the seat of inner life,H5315G,soul,soul,Psa 25:13,"His soul shall abide in well-being, and his offspring shall inherit the land."
M47,Inner Seat,The heart/soul/spirit/inward parts as the seat of inner life,H3824,heart,heart,Psa 25:17,The troubles of my heart are enlarged; bring me out of my distresses.
M47,Inner Seat,The heart/soul/spirit/inward parts as the seat of inner life,H5315G,soul,soul,Psa 26:9,"Do not sweep my soul away with sinners, nor my life with bloodthirsty men,"
M47,Inner Seat,The heart/soul/spirit/inward parts as the seat of inner life,H3820A,heart,heart,Psa 27:14,"Wait for the Lord; be strong, and let your heart take courage; wait for the Lord!"
M47,Inner Seat,The heart/soul/spirit/inward parts as the seat of inner life,H3820A,heart,heart,Psa 27:3,"Though an army encamp against me, my heart shall not fear; though war arise against me, yet I will be confident."
M47,Inner Seat,The heart/soul/spirit/inward parts as the seat of inner life,H3820A,heart,heart,Psa 27:8,"You have said, “ Seek my face.” My heart says to you, “Your face, Lord, do I seek.”"
M47,Inner Seat,The heart/soul/spirit/inward parts as the seat of inner life,H3820A,heart,heart,Psa 28:7,"The Lord is my strength and my shield; in him my heart trusts, and I am helped; my heart exults, and with my song I give thanks to him."
M47,Inner Seat,The heart/soul/spirit/inward parts as the seat of inner life,H3820A,heart,heart,Psa 28:7,"The Lord is my strength and my shield; in him my heart trusts, and I am helped; my heart exults, and with my song I give thanks to him."
M47,Inner Seat,The heart/soul/spirit/inward parts as the seat of inner life,H5315G,soul,soul,Psa 30:3,"O Lord, you have brought up my soul from Sheol; you restored me to life from among those who go down to the pit."
M47,Inner Seat,The heart/soul/spirit/inward parts as the seat of inner life,H5315H,soul: life,life,Psa 31:13,"For I hear the whispering of many — terror on every side!— as they scheme together against me, as they plot to take my life."
M47,Inner Seat,The heart/soul/spirit/inward parts as the seat of inner life,H3824,heart,heart,Psa 31:24,"Be strong, and let your heart take courage, all you who wait for the Lord!"
M47,Inner Seat,The heart/soul/spirit/inward parts as the seat of inner life,H7307G,spirit,spirit,Psa 31:5,"Into your hand I commit my spirit; you have redeemed me, O Lord, faithful God."
M47,Inner Seat,The heart/soul/spirit/inward parts as the seat of inner life,H5315G,soul,soul,Psa 31:7,"I will rejoice and be glad in your steadfast love, because you have seen my affliction; you have known the distress of my soul,"
M47,Inner Seat,The heart/soul/spirit/inward parts as the seat of inner life,H5315G,soul,soul,Psa 31:9,"Be gracious to me, O Lord, for I am in distress; my eye is wasted from grief; my soul and my body also."
M47,Inner Seat,The heart/soul/spirit/inward parts as the seat of inner life,H3820A,heart,heart,Psa 32:11,"Be glad in the Lord, and rejoice, O righteous, and shout for joy, all you upright in heart!"
M47,Inner Seat,The heart/soul/spirit/inward parts as the seat of inner life,H3820A,heart,heart,Psa 33:11,"The counsel of the Lord stands forever, the plans of his heart to all generations."
M47,Inner Seat,The heart/soul/spirit/inward parts as the seat of inner life,H3820A,heart,hearts,Psa 33:15,he who fashions the hearts of them all and observes all their deeds.
M47,Inner Seat,The heart/soul/spirit/inward parts as the seat of inner life,H5315G,soul,soul,Psa 33:19,that he may deliver their soul from death and keep them alive in famine.
M47,Inner Seat,The heart/soul/spirit/inward parts as the seat of inner life,H5315G,soul,soul,Psa 33:20,Our soul waits for the Lord; he is our help and our shield.
M47,Inner Seat,The heart/soul/spirit/inward parts as the seat of inner life,H3820A,heart,heart,Psa 33:21,"For our heart is glad in him, because we trust in his holy name."
M47,Inner Seat,The heart/soul/spirit/inward parts as the seat of inner life,H7307G,spirit,spirit,Psa 34:18,The Lord is near to the brokenhearted and saves the crushed in spirit.
M47,Inner Seat,The heart/soul/spirit/inward parts as the seat of inner life,H5315G,soul,soul,Psa 34:2,My soul makes its boast in the Lord; let the humble hear and be glad.
M47,Inner Seat,The heart/soul/spirit/inward parts as the seat of inner life,H5315H,soul: life,life,Psa 34:22,The Lord redeems the life of his servants; none of those who take refuge in him will be condemned.
M47,Inner Seat,The heart/soul/spirit/inward parts as the seat of inner life,H5315I,soul: myself,myself,Psa 35:13,"But I, when they were sick — I wore sackcloth; I afflicted myself with fasting; I prayed with head bowed on my chest."
M47,Inner Seat,The heart/soul/spirit/inward parts as the seat of inner life,H5315G,soul,heart’s desire,Psa 35:25,"Let them not say in their hearts, “ Aha, our heart’s desire!” Let them not say, “We have swallowed him up.”"
M47,Inner Seat,The heart/soul/spirit/inward parts as the seat of inner life,H5315H,soul: life,life,Psa 35:4,Let them be put to shame and dishonor who seek after my life! Let them be turned back and disappointed who devise evil against me!
M47,Inner Seat,The heart/soul/spirit/inward parts as the seat of inner life,H7307H,spirit: breath,wind,Psa 35:5,"Let them be like chaff before the wind, with the angel of the Lord driving them away!"
M47,Inner Seat,The heart/soul/spirit/inward parts as the seat of inner life,H3820A,heart,heart,Psa 36:1,"To the choirmaster. Of David, the servant of the Lord. Transgression speaks to the wicked deep in his heart; there is no fear of God before his eyes."
M47,Inner Seat,The heart/soul/spirit/inward parts as the seat of inner life,H3820A,heart,heart,Psa 36:10,"Oh, continue your steadfast love to those who know you, and your righteousness to the upright of heart!"
M47,Inner Seat,The heart/soul/spirit/inward parts as the seat of inner life,H3820A,heart,heart,Psa 37:4,"Delight yourself in the Lord, and he will give you the desires of your heart."
M47,Inner Seat,The heart/soul/spirit/inward parts as the seat of inner life,H3820A,heart,heart,Psa 38:10,"My heart throbs; my strength fails me, and the light of my eyes — it also has gone from me."
M47,Inner Seat,The heart/soul/spirit/inward parts as the seat of inner life,H5315H,soul: life,life,Psa 38:12,Those who seek my life lay their snares; those who seek my hurt speak of ruin and meditate treachery all day long.
M47,Inner Seat,The heart/soul/spirit/inward parts as the seat of inner life,H3820A,heart,heart,Psa 38:8,I am feeble and crushed; I groan because of the tumult of my heart.
M47,Inner Seat,The heart/soul/spirit/inward parts as the seat of inner life,H3820A,heart,heart,Psa 39:3,"My heart became hot within me. As I mused, the fire burned; then I spoke with my tongue:"
M47,Inner Seat,The heart/soul/spirit/inward parts as the seat of inner life,H3820A,heart,heart,Psa 40:10,I have not hidden your deliverance within my heart; I have spoken of your faithfulness and your salvation; I have not concealed your steadfast love and your faithfulness from the great congregation.
M47,Inner Seat,The heart/soul/spirit/inward parts as the seat of inner life,H5315H,soul: life,life,Psa 40:14,Let those be put to shame and disappointed altogether who seek to snatch away my life; let those be turned back and brought to dishonor who delight in my hurt!
M47,Inner Seat,The heart/soul/spirit/inward parts as the seat of inner life,H3820A,heart,heart,Psa 41:6,"And when one comes to see me, he utters empty words, while his heart gathers iniquity; when he goes out, he tells it abroad."
M47,Inner Seat,The heart/soul/spirit/inward parts as the seat of inner life,H5315G,soul,soul,Psa 42:11,"Why are you cast down, O my soul, and why are you in turmoil within me? Hope in God; for I shall again praise him, my salvation and my God."
M47,Inner Seat,The heart/soul/spirit/inward parts as the seat of inner life,H5315G,soul,soul,Psa 42:2,"My soul thirsts for God, for the living God. When shall I come and appear before God?"
M47,Inner Seat,The heart/soul/spirit/inward parts as the seat of inner life,H5315G,soul,soul,Psa 42:5,"Why are you cast down, O my soul, and why are you in turmoil within me? Hope in God; for I shall again praise him, my salvation"
M47,Inner Seat,The heart/soul/spirit/inward parts as the seat of inner life,H5315G,soul,soul,Psa 43:5,"Why are you cast down, O my soul, and why are you in turmoil within me? Hope in God; for I shall again praise him, my salvation and my God."
M47,Inner Seat,The heart/soul/spirit/inward parts as the seat of inner life,H3820A,heart,heart,Psa 44:18,"Our heart has not turned back, nor have our steps departed from your way;"
M47,Inner Seat,The heart/soul/spirit/inward parts as the seat of inner life,H3820A,heart,heart,Psa 44:21,would not God discover this? For he knows the secrets of the heart.
M47,Inner Seat,The heart/soul/spirit/inward parts as the seat of inner life,H5315G,soul,soul,Psa 44:25,For our soul is bowed down to the dust; our belly clings to the ground.
M47,Inner Seat,The heart/soul/spirit/inward parts as the seat of inner life,H3820A,heart,heart,Psa 45:1,To the choirmaster: according to Lilies. A Maskil of the Sons of Korah; a love song. My heart overflows with a pleasing theme; I address my verses to the king; my tongue is like the pen of a ready scribe.
M47,Inner Seat,The heart/soul/spirit/inward parts as the seat of inner life,H3820A,heart,heart,Psa 45:5,Your arrows are sharp in the heart of the king’s enemies; the peoples fall under you.
M47,Inner Seat,The heart/soul/spirit/inward parts as the seat of inner life,H3820A,heart,well,Psa 48:13,"consider well her ramparts, go through her citadels, that you may tell the next generation"
M47,Inner Seat,The heart/soul/spirit/inward parts as the seat of inner life,H5315G,soul,soul,Psa 49:15,"But God will ransom my soul from the power of Sheol, for he will receive me. Selah"
M47,Inner Seat,The heart/soul/spirit/inward parts as the seat of inner life,H5315G,soul,he,Psa 49:18,"For though, while he lives, he counts himself blessed — and though you get praise when you do well for yourself —"
M47,Inner Seat,The heart/soul/spirit/inward parts as the seat of inner life,H3820A,heart,heart,Psa 49:3,My mouth shall speak wisdom; the meditation of my heart shall be understanding.
M47,Inner Seat,The heart/soul/spirit/inward parts as the seat of inner life,H5315G,soul,life,Psa 49:8,"for the ransom of their life is costly and can never suffice,"
M47,Inner Seat,The heart/soul/spirit/inward parts as the seat of inner life,H1320,flesh,flesh,Psa 50:13,Do I eat the flesh of bulls or drink the blood of goats?
M47,Inner Seat,The heart/soul/spirit/inward parts as the seat of inner life,H3820A,heart,heart,Psa 51:10,"Create in me a clean heart, O God, and renew a right spirit within me."
M47,Inner Seat,The heart/soul/spirit/inward parts as the seat of inner life,H3820A,heart,heart,Psa 51:17,"The sacrifices of God are a broken spirit; a broken and contrite heart, O God, you will not despise."
M47,Inner Seat,The heart/soul/spirit/inward parts as the seat of inner life,H7307G,spirit,spirit,Psa 51:17,"The sacrifices of God are a broken spirit; a broken and contrite heart, O God, you will not despise."
M47,Inner Seat,The heart/soul/spirit/inward parts as the seat of inner life,H5315H,soul: life,life,Psa 54:3,For strangers have risen against me; ruthless men seek my life; they do not set God before themselves. Selah
M47,Inner Seat,The heart/soul/spirit/inward parts as the seat of inner life,H5315H,soul: life,life,Psa 54:4,"Behold, God is my helper; the Lord is the upholder of my life."
M47,Inner Seat,The heart/soul/spirit/inward parts as the seat of inner life,H5315G,soul,soul,Psa 55:18,"He redeems my soul in safety from the battle that I wage, for many are arrayed against me."
M47,Inner Seat,The heart/soul/spirit/inward parts as the seat of inner life,H3820A,heart,heart,Psa 55:21,"His speech was smooth as butter, yet war was in his heart; his words were softer than oil, yet they were drawn swords."
M47,Inner Seat,The heart/soul/spirit/inward parts as the seat of inner life,H3820A,heart,heart,Psa 55:4,My heart is in anguish within me; the terrors of death have fallen upon me.
M47,Inner Seat,The heart/soul/spirit/inward parts as the seat of inner life,H5315G,soul,soul,Psa 56:13,"For you have delivered my soul from death, yes, my feet from falling, that I may walk before God in the light of life."
M47,Inner Seat,The heart/soul/spirit/inward parts as the seat of inner life,H1320,flesh,flesh,Psa 56:4,"In God, whose word I praise, in God I trust; I shall not be afraid. What can flesh do to me?"
M47,Inner Seat,The heart/soul/spirit/inward parts as the seat of inner life,H5315H,soul: life,life,Psa 56:6,"They stir up strife, they lurk; they watch my steps, as they have waited for my life."
M47,Inner Seat,The heart/soul/spirit/inward parts as the seat of inner life,H5315G,soul,soul,Psa 57:1,"To the choirmaster: according to Do Not Destroy. A Miktam of David, when he fled from Saul, in the cave. Be merciful to me, O God, be merciful to me, for in you my soul takes refuge; in the shadow of your wings I will take refuge, till the storms of destruction pass by."
M47,Inner Seat,The heart/soul/spirit/inward parts as the seat of inner life,H5315G,soul,soul,Psa 57:4,"My soul is in the midst of lions; I lie down amid fiery beasts— the children of man, whose teeth are spears and arrows, whose tongues are sharp swords."
M47,Inner Seat,The heart/soul/spirit/inward parts as the seat of inner life,H5315G,soul,soul,Psa 57:6,"They set a net for my steps; my soul was bowed down. They dug a pit in my way, but they have fallen into it themselves. Selah"
M47,Inner Seat,The heart/soul/spirit/inward parts as the seat of inner life,H3820A,heart,heart,Psa 57:7,"My heart is steadfast, O God, my heart is steadfast! I will sing and make melody!"
M47,Inner Seat,The heart/soul/spirit/inward parts as the seat of inner life,H3820A,heart,heart,Psa 57:7,"My heart is steadfast, O God, my heart is steadfast! I will sing and make melody!"
M47,Inner Seat,The heart/soul/spirit/inward parts as the seat of inner life,H3820A,heart,heart,Psa 61:2,"from the end of the earth I call to you when my heart is faint. Lead me to the rock that is higher than I,"
M47,Inner Seat,The heart/soul/spirit/inward parts as the seat of inner life,H5315G,soul,soul,Psa 62:1,To the choirmaster: according to Jeduthun. A Psalm of David. For God alone my soul waits in silence; from him comes my salvation.
M47,Inner Seat,The heart/soul/spirit/inward parts as the seat of inner life,H3820A,heart,heart,Psa 62:10,"Put no trust in extortion; set no vain hopes on robbery; if riches increase, set not your heart on them."
M47,Inner Seat,The heart/soul/spirit/inward parts as the seat of inner life,H5315G,soul,soul,Psa 62:5,"For God alone, O my soul, wait in silence, for my hope is from him."
M47,Inner Seat,The heart/soul/spirit/inward parts as the seat of inner life,H5315G,soul,soul,Psa 63:5,"My soul will be satisfied as with fat and rich food, and my mouth will praise you with joyful lips,"
M47,Inner Seat,The heart/soul/spirit/inward parts as the seat of inner life,H5315G,soul,soul,Psa 63:8,My soul clings to you; your right hand upholds me.
M47,Inner Seat,The heart/soul/spirit/inward parts as the seat of inner life,H5315H,soul: life,life,Psa 63:9,But those who seek to destroy my life shall go down into the depths of the earth;
M47,Inner Seat,The heart/soul/spirit/inward parts as the seat of inner life,H3820A,heart,heart,Psa 64:10,Let the righteous one rejoice in the Lord and take refuge in him! Let all the upright in heart exult!
M47,Inner Seat,The heart/soul/spirit/inward parts as the seat of inner life,H1320,flesh,flesh,Psa 65:2,"O you who hear prayer, to you shall all flesh come."
M47,Inner Seat,The heart/soul/spirit/inward parts as the seat of inner life,H5315G,soul,soul,Psa 66:9,who has kept our soul among the living and has not let our feet slip.
M47,Inner Seat,The heart/soul/spirit/inward parts as the seat of inner life,H5315N,soul: neck,neck,Psa 69:1,"To the choirmaster: according to Lilies. Of David. Save me, O God! For the waters have come up to my neck."
M47,Inner Seat,The heart/soul/spirit/inward parts as the seat of inner life,H5315G,soul,soul,Psa 69:10,"When I wept and humbled my soul with fasting, it became my reproach."
M47,Inner Seat,The heart/soul/spirit/inward parts as the seat of inner life,H3820A,heart,heart,Psa 69:20,"Reproaches have broken my heart, so that I am in despair. I looked for pity, but there was none, and for comforters, but I found none."
M47,Inner Seat,The heart/soul/spirit/inward parts as the seat of inner life,H3824,heart,hearts,Psa 69:32,"When the humble see it they will be glad; you who seek God, let your hearts revive."
M47,Inner Seat,The heart/soul/spirit/inward parts as the seat of inner life,H5315H,soul: life,life,Psa 70:2,Let them be put to shame and confusion who seek my life! Let them be turned back and brought to dishonor who delight in my hurt!
M47,Inner Seat,The heart/soul/spirit/inward parts as the seat of inner life,H5315H,soul: life,life,Psa 71:10,For my enemies speak concerning me; those who watch for my life consult together
M47,Inner Seat,The heart/soul/spirit/inward parts as the seat of inner life,H5315H,soul: life,life,Psa 72:14,"From oppression and violence he redeems their life, and precious is their blood in his sight."
M47,Inner Seat,The heart/soul/spirit/inward parts as the seat of inner life,H3824,heart,heart,Psa 73:1,"A Psalm of Asaph. Truly God is good to Israel, to those who are pure in heart."
M47,Inner Seat,The heart/soul/spirit/inward parts as the seat of inner life,H3824,heart,heart,Psa 73:13,All in vain have I kept my heart clean and washed my hands in innocence.
M47,Inner Seat,The heart/soul/spirit/inward parts as the seat of inner life,H3824,heart,soul,Psa 73:21,"When my soul was embittered, when I was pricked in heart,"
M47,Inner Seat,The heart/soul/spirit/inward parts as the seat of inner life,H3824,heart,heart,Psa 73:26,"My flesh and my heart may fail, but God is the strength of my heart and my portion forever."
M47,Inner Seat,The heart/soul/spirit/inward parts as the seat of inner life,H7607,flesh,flesh,Psa 73:26,"My flesh and my heart may fail, but God is the strength of my heart and my portion forever."
M47,Inner Seat,The heart/soul/spirit/inward parts as the seat of inner life,H3824,heart,hearts,Psa 73:7,Their eyes swell out through fatness; their hearts overflow with follies.
M47,Inner Seat,The heart/soul/spirit/inward parts as the seat of inner life,H5315G,soul,soul,Psa 74:19,Do not deliver the soul of your dove to the wild beasts; do not forget the life of your poor forever.
M47,Inner Seat,The heart/soul/spirit/inward parts as the seat of inner life,H7307G,spirit,spirit,Psa 76:12,"who cuts off the spirit of princes, who is to be feared by the kings of the earth."
M47,Inner Seat,The heart/soul/spirit/inward parts as the seat of inner life,H5315G,soul,soul,Psa 77:2,In the day of my trouble I seek the Lord; in the night my hand is stretched out without wearying; my soul refuses to be comforted.
M47,Inner Seat,The heart/soul/spirit/inward parts as the seat of inner life,H7307G,spirit,spirit,Psa 77:3,"When I remember God, I moan; when I meditate, my spirit faints. Selah"
M47,Inner Seat,The heart/soul/spirit/inward parts as the seat of inner life,H3824,heart,heart,Psa 77:6,"I said, “Let me remember my song in the night; let me meditate in my heart.” Then my spirit made a diligent search:"
M47,Inner Seat,The heart/soul/spirit/inward parts as the seat of inner life,H7607,flesh,meat,Psa 78:20,He struck the rock so that water gushed out and streams overflowed. Can he also give bread or provide meat for his people?”
M47,Inner Seat,The heart/soul/spirit/inward parts as the seat of inner life,H7607,flesh,meat,Psa 78:27,"he rained meat on them like dust, winged birds like the sand of the seas;"
M47,Inner Seat,The heart/soul/spirit/inward parts as the seat of inner life,H1320,flesh,flesh,Psa 78:39,"He remembered that they were but flesh, a wind that passes and comes not again."
M47,Inner Seat,The heart/soul/spirit/inward parts as the seat of inner life,H5315I,soul: myself,them,Psa 78:50,"He made a path for his anger; he did not spare them from death, but gave their lives over to the plague."
M47,Inner Seat,The heart/soul/spirit/inward parts as the seat of inner life,H3824,heart,heart,Psa 78:72,With upright heart he shepherded them and guided them with his skillful hand.
M47,Inner Seat,The heart/soul/spirit/inward parts as the seat of inner life,H3820A,heart,heart,Psa 78:8,"and that they should not be like their fathers, a stubborn and rebellious generation, a generation whose heart was not steadfast, whose spirit was not faithful to God."
M47,Inner Seat,The heart/soul/spirit/inward parts as the seat of inner life,H1320,flesh,flesh,Psa 79:2,"They have given the bodies of your servants to the birds of the heavens for food, the flesh of your faithful to the beasts of the earth."
M47,Inner Seat,The heart/soul/spirit/inward parts as the seat of inner life,H3820A,heart,heart,Psa 7:10,"My shield is with God, who saves the upright in heart."
M47,Inner Seat,The heart/soul/spirit/inward parts as the seat of inner life,H5315G,soul,soul,Psa 7:2,"lest like a lion they tear my soul apart, rending it in pieces, with none to deliver."
M47,Inner Seat,The heart/soul/spirit/inward parts as the seat of inner life,H5315G,soul,soul,Psa 7:5,"let the enemy pursue my soul and overtake it, and let him trample my life to the ground and lay my glory in the dust. Selah"
M47,Inner Seat,The heart/soul/spirit/inward parts as the seat of inner life,H3826,heart,hearts,Psa 7:9,"Oh, let the evil of the wicked come to an end, and may you establish the righteous — you who test the minds and hearts, O righteous God!"
M47,Inner Seat,The heart/soul/spirit/inward parts as the seat of inner life,H3820A,heart,hearts,Psa 81:12,"So I gave them over to their stubborn hearts, to follow their own counsels."
M47,Inner Seat,The heart/soul/spirit/inward parts as the seat of inner life,H7307H,spirit: breath,wind,Psa 83:13,"O my God, make them like whirling dust, like chaff before the wind."
M47,Inner Seat,The heart/soul/spirit/inward parts as the seat of inner life,H3820A,heart,accord,Psa 83:5,For they conspire with one accord; against you they make a covenant —
M47,Inner Seat,The heart/soul/spirit/inward parts as the seat of inner life,H3820A,heart,heart,Psa 84:2,"My soul longs, yes, faints for the courts of the Lord; my heart and flesh sing for joy to the living God."
M47,Inner Seat,The heart/soul/spirit/inward parts as the seat of inner life,H5315G,soul,soul,Psa 84:2,"My soul longs, yes, faints for the courts of the Lord; my heart and flesh sing for joy to the living God."
M47,Inner Seat,The heart/soul/spirit/inward parts as the seat of inner life,H3824,heart,heart,Psa 86:11,"Teach me your way, O Lord, that I may walk in your truth; unite my heart to fear your name."
M47,Inner Seat,The heart/soul/spirit/inward parts as the seat of inner life,H3824,heart,heart,Psa 86:12,"I give thanks to you, O Lord my God, with my whole heart, and I will glorify your name forever."
M47,Inner Seat,The heart/soul/spirit/inward parts as the seat of inner life,H5315G,soul,soul,Psa 86:13,For great is your steadfast love toward me; you have delivered my soul from the depths of Sheol.
M47,Inner Seat,The heart/soul/spirit/inward parts as the seat of inner life,H5315H,soul: life,life,Psa 86:14,"O God, insolent men have risen up against me; a band of ruthless men seeks my life, and they do not set you before them."
M47,Inner Seat,The heart/soul/spirit/inward parts as the seat of inner life,H5315G,soul,soul,Psa 86:4,"Gladden the soul of your servant, for to you, O Lord, do I lift up my soul."
M47,Inner Seat,The heart/soul/spirit/inward parts as the seat of inner life,H5315G,soul,soul,Psa 86:4,"Gladden the soul of your servant, for to you, O Lord, do I lift up my soul."
M47,Inner Seat,The heart/soul/spirit/inward parts as the seat of inner life,H5315G,soul,soul,Psa 88:14,"O Lord, why do you cast my soul away? Why do you hide your face from me?"
M47,Inner Seat,The heart/soul/spirit/inward parts as the seat of inner life,H5315G,soul,soul,Psa 88:3,"For my soul is full of troubles, and my life draws near to Sheol."
M47,Inner Seat,The heart/soul/spirit/inward parts as the seat of inner life,H5315G,soul,soul,Psa 89:48,What man can live and never see death? Who can deliver his soul from the power of Sheol? Selah
M47,Inner Seat,The heart/soul/spirit/inward parts as the seat of inner life,H3824,heart,heart,Psa 90:12,So teach us to number our days that we may get a heart of wisdom.
M47,Inner Seat,The heart/soul/spirit/inward parts as the seat of inner life,H3820A,heart,heart,Psa 94:15,"for justice will return to the righteous, and all the upright in heart will follow it."
M47,Inner Seat,The heart/soul/spirit/inward parts as the seat of inner life,H5315G,soul,soul,Psa 94:17,"If the Lord had not been my help, my soul would soon have lived in the land of silence."
M47,Inner Seat,The heart/soul/spirit/inward parts as the seat of inner life,H5315G,soul,soul,Psa 94:19,"When the cares of my heart are many, your consolations cheer my soul."
M47,Inner Seat,The heart/soul/spirit/inward parts as the seat of inner life,H5315H,soul: life,life,Psa 94:21,They band together against the life of the righteous and condemn the innocent to death.
M47,Inner Seat,The heart/soul/spirit/inward parts as the seat of inner life,H3824,heart,heart,Psa 95:10,"For forty years I loathed that generation and said, “They are a people who go astray in their heart, and they have not known my ways.”"
M47,Inner Seat,The heart/soul/spirit/inward parts as the seat of inner life,H3824,heart,hearts,Psa 95:8,"do not harden your hearts, as at Meribah, as on the day at Massah in the wilderness,"
M47,Inner Seat,The heart/soul/spirit/inward parts as the seat of inner life,H5315H,soul: life,lives,Psa 97:10,"O you who love the Lord, hate evil! He preserves the lives of his saints; he delivers them from the hand of the wicked."
M47,Inner Seat,The heart/soul/spirit/inward parts as the seat of inner life,H3820A,heart,heart,Psa 97:11,"Light is sown for the righteous, and joy for the upright in heart."
M47,Inner Seat,The heart/soul/spirit/inward parts as the seat of inner life,H3820A,heart,heart,Psa 9:1,To the choirmaster: according to Muth-labben. A Psalm of David. I will give thanks to the Lord with my whole heart; I will recount all of your wonderful deeds.
M47,Inner Seat,The heart/soul/spirit/inward parts as the seat of inner life,G4151H,spirit/breath: breath,breath,Rev 11:11,"But after the three and a half days a breath of life from God entered them, and they stood up on their feet, and great fear fell on those who saw them."
M47,Inner Seat,The heart/soul/spirit/inward parts as the seat of inner life,G5590H,soul: life,lives,Rev 12:11,"And they have conquered him by the blood of the Lamb and by the word of their testimony, for they loved not their lives even unto death."
M47,Inner Seat,The heart/soul/spirit/inward parts as the seat of inner life,G4151G,spirit/breath: spirit,breath,Rev 13:15,"And it was allowed to give breath to the image of the beast, so that the image of the beast might even speak and might cause those who would not worship the image of the beast to be slain."
M47,Inner Seat,The heart/soul/spirit/inward parts as the seat of inner life,G4151G,spirit/breath: spirit,Spirit,Rev 14:13,"And I heard a voice from heaven saying, “ Write this: Blessed are the dead who die in the Lord from now on.” “Blessed indeed,” says the Spirit, “ that they may rest from their labors, for their deeds follow them!”"
M47,Inner Seat,The heart/soul/spirit/inward parts as the seat of inner life,G4151G,spirit/breath: spirit,spirits,Rev 16:13,"And I saw, coming out of the mouth of the dragon and out of the mouth of the beast and out of the mouth of the false prophet, three unclean spirits like frogs."
M47,Inner Seat,The heart/soul/spirit/inward parts as the seat of inner life,G4151G,spirit/breath: spirit,spirits,Rev 16:14,"For they are demonic spirits, performing signs, who go abroad to the kings of the whole world, to assemble them for battle on the great day of God the Almighty."
M47,Inner Seat,The heart/soul/spirit/inward parts as the seat of inner life,G5590G,soul,thing,Rev 16:3,"The second angel poured out his bowl into the sea, and it became like the blood of a corpse, and every living thing died that was in the sea."
M47,Inner Seat,The heart/soul/spirit/inward parts as the seat of inner life,G4561,flesh,flesh,Rev 17:16,"And the ten horns that you saw, they and the beast will hate the prostitute. They will make her desolate and naked, and devour her flesh and burn her up with fire,"
M47,Inner Seat,The heart/soul/spirit/inward parts as the seat of inner life,G2588,heart,hearts,Rev 17:17,"for God has put it into their hearts to carry out his purpose by being of one mind and handing over their royal power to the beast, until the words of God are fulfilled."
M47,Inner Seat,The heart/soul/spirit/inward parts as the seat of inner life,G4151G,spirit/breath: spirit,Spirit,Rev 17:3,"And he carried me away in the Spirit into a wilderness, and I saw a woman sitting on a scarlet beast that was full of blasphemous names, and it had seven heads and ten horns."
M47,Inner Seat,The heart/soul/spirit/inward parts as the seat of inner life,G5590G,soul,souls,Rev 18:13,"cinnamon, spice, incense, myrrh, frankincense, wine, oil, fine flour, wheat, cattle and sheep, horses and chariots, and slaves, that is, human souls."
M47,Inner Seat,The heart/soul/spirit/inward parts as the seat of inner life,G5590G,soul,soul,Rev 18:14,"“The fruit for which your soul longed has gone from you, and all your delicacies and your splendors are lost to you, never to be found again!”"
M47,Inner Seat,The heart/soul/spirit/inward parts as the seat of inner life,G4151G,spirit/breath: spirit,spirit,Rev 18:2,"And he called out with a mighty voice, “ Fallen, fallen is Babylon the great! She has become a dwelling place for demons, a haunt for every unclean spirit, a haunt for every unclean bird, a haunt for every unclean and detestable beast."
M47,Inner Seat,The heart/soul/spirit/inward parts as the seat of inner life,G2588,heart,heart,Rev 18:7,"As she glorified herself and lived in luxury, so give her a like measure of torment and mourning, since in her heart she says, ‘I sit as a queen, I am no widow, and mourning I shall never see.’"
M47,Inner Seat,The heart/soul/spirit/inward parts as the seat of inner life,G4151G,spirit/breath: spirit,spirit,Rev 19:10,"Then I fell down at his feet to worship him, but he said to me, “You must not do that! I am a fellow servant with you and your brothers who hold to the testimony of Jesus. Worship God.” For the testimony of Jesus is the spirit of prophecy."
M47,Inner Seat,The heart/soul/spirit/inward parts as the seat of inner life,G4561,flesh,flesh,Rev 19:18,"to eat the flesh of kings, the flesh of captains, the flesh of mighty men, the flesh of horses and their riders, and the flesh of all men, both free and slave, both small and great.”"
M47,Inner Seat,The heart/soul/spirit/inward parts as the seat of inner life,G4561,flesh,flesh,Rev 19:18,"to eat the flesh of kings, the flesh of captains, the flesh of mighty men, the flesh of horses and their riders, and the flesh of all men, both free and slave, both small and great.”"
M47,Inner Seat,The heart/soul/spirit/inward parts as the seat of inner life,G4561,flesh,flesh,Rev 19:18,"to eat the flesh of kings, the flesh of captains, the flesh of mighty men, the flesh of horses and their riders, and the flesh of all men, both free and slave, both small and great.”"
M47,Inner Seat,The heart/soul/spirit/inward parts as the seat of inner life,G4561,flesh,flesh,Rev 19:18,"to eat the flesh of kings, the flesh of captains, the flesh of mighty men, the flesh of horses and their riders, and the flesh of all men, both free and slave, both small and great.”"
M47,Inner Seat,The heart/soul/spirit/inward parts as the seat of inner life,G4561,flesh,flesh,Rev 19:18,"to eat the flesh of kings, the flesh of captains, the flesh of mighty men, the flesh of horses and their riders, and the flesh of all men, both free and slave, both small and great.”"
M47,Inner Seat,The heart/soul/spirit/inward parts as the seat of inner life,G4561,flesh,flesh,Rev 19:21,"And the rest were slain by the sword that came from the mouth of him who was sitting on the horse, and all the birds were gorged with their flesh."
M47,Inner Seat,The heart/soul/spirit/inward parts as the seat of inner life,G4151G,spirit/breath: spirit,Spirit,Rev 1:10,"I was in the Spirit on the Lord’s day, and I heard behind me a loud voice like a trumpet"
M47,Inner Seat,The heart/soul/spirit/inward parts as the seat of inner life,G4151G,spirit/breath: spirit,spirits,Rev 1:4,"John to the seven churches that are in Asia: Grace to you and peace from him who is and who was and who is to come, and from the seven spirits who are before his throne,"
M47,Inner Seat,The heart/soul/spirit/inward parts as the seat of inner life,G5590G,soul,souls,Rev 20:4,"Then I saw thrones, and seated on them were those to whom the authority to judge was committed. Also I saw the souls of those who had been beheaded for the testimony of Jesus and for the word of God, and those who had not worshiped the beast or its image and had not received its mark on their foreheads or their hands. They came to life and reigned with Christ for a thousand years."
M47,Inner Seat,The heart/soul/spirit/inward parts as the seat of inner life,G4151G,spirit/breath: spirit,Spirit,Rev 21:10,"And he carried me away in the Spirit to a great, high mountain, and showed me the holy city Jerusalem coming down out of heaven from God,"
M47,Inner Seat,The heart/soul/spirit/inward parts as the seat of inner life,G4151G,spirit/breath: spirit,Spirit,Rev 22:17,"The Spirit and the Bride say, “ Come.” And let the one who hears say, “ Come.” And let the one who is thirsty come; let the one who desires take the water of life without price."
M47,Inner Seat,The heart/soul/spirit/inward parts as the seat of inner life,G4151G,spirit/breath: spirit,spirits,Rev 22:6,"And he said to me, “ These words are trustworthy and true. And the Lord, the God of the spirits of the prophets, has sent his angel to show his servants what must soon take place.”"
M47,Inner Seat,The heart/soul/spirit/inward parts as the seat of inner life,G4151G,spirit/breath: spirit,Spirit,Rev 2:11,"He who has an ear, let him hear what the Spirit says to the churches. The one who conquers will not be hurt by the second death.’"
M47,Inner Seat,The heart/soul/spirit/inward parts as the seat of inner life,G4151G,spirit/breath: spirit,Spirit,Rev 2:17,"He who has an ear, let him hear what the Spirit says to the churches. To the one who conquers I will give some of the hidden manna, and I will give him a white stone, with a new name written on the stone that no one knows except the one who receives it.’"
M47,Inner Seat,The heart/soul/spirit/inward parts as the seat of inner life,G2588,heart,heart,Rev 2:23,"and I will strike her children dead. And all the churches will know that I am he who searches mind and heart, and I will give to each of you according to your works."
M47,Inner Seat,The heart/soul/spirit/inward parts as the seat of inner life,G4151G,spirit/breath: spirit,Spirit,Rev 2:29,"He who has an ear, let him hear what the Spirit says to the churches.’"
M47,Inner Seat,The heart/soul/spirit/inward parts as the seat of inner life,G4151G,spirit/breath: spirit,Spirit,Rev 2:7,"He who has an ear, let him hear what the Spirit says to the churches. To the one who conquers I will grant to eat of the tree of life, which is in the paradise of God.’"
M47,Inner Seat,The heart/soul/spirit/inward parts as the seat of inner life,G4151G,spirit/breath: spirit,spirits,Rev 3:1,"“ And to the angel of the church in Sardis write: ‘ The words of him who has the seven spirits of God and the seven stars. “‘I know your works. You have the reputation of being alive, but you are dead."
M47,Inner Seat,The heart/soul/spirit/inward parts as the seat of inner life,G4151G,spirit/breath: spirit,Spirit,Rev 3:13,"He who has an ear, let him hear what the Spirit says to the churches.’"
M47,Inner Seat,The heart/soul/spirit/inward parts as the seat of inner life,G4151G,spirit/breath: spirit,Spirit,Rev 3:22,"He who has an ear, let him hear what the Spirit says to the churches.’”"
M47,Inner Seat,The heart/soul/spirit/inward parts as the seat of inner life,G4151G,spirit/breath: spirit,Spirit,Rev 3:6,"He who has an ear, let him hear what the Spirit says to the churches.’"
M47,Inner Seat,The heart/soul/spirit/inward parts as the seat of inner life,G4151G,spirit/breath: spirit,Spirit,Rev 4:2,"At once I was in the Spirit, and behold, a throne stood in heaven, with one seated on the throne."
M47,Inner Seat,The heart/soul/spirit/inward parts as the seat of inner life,G4151G,spirit/breath: spirit,spirits,Rev 4:5,"From the throne came flashes of lightning, and rumblings and peals of thunder, and before the throne were burning seven torches of fire, which are the seven spirits of God,"
M47,Inner Seat,The heart/soul/spirit/inward parts as the seat of inner life,G4151G,spirit/breath: spirit,spirits,Rev 5:6,"And between the throne and the four living creatures and among the elders I saw a Lamb standing, as though it had been slain, with seven horns and with seven eyes, which are the seven spirits of God sent out into all the earth."
M47,Inner Seat,The heart/soul/spirit/inward parts as the seat of inner life,G5590G,soul,souls,Rev 6:9,"When he opened the fifth seal, I saw under the altar the souls of those who had been slain for the word of God and for the witness they had borne."
M47,Inner Seat,The heart/soul/spirit/inward parts as the seat of inner life,G2588,heart,heart’s,Rom 10:1,"Brothers, my heart’s desire and prayer to God for them is that they may be saved."
M47,Inner Seat,The heart/soul/spirit/inward parts as the seat of inner life,G2588,heart,heart,Rom 10:10,"For with the heart one believes and is justified, and with the mouth one confesses and is saved."
M47,Inner Seat,The heart/soul/spirit/inward parts as the seat of inner life,G2588,heart,heart,Rom 10:6,"But the righteousness based on faith says, “Do not say in your heart, ‘ Who will ascend into heaven?’” (that is, to bring Christ down )"
M47,Inner Seat,The heart/soul/spirit/inward parts as the seat of inner life,G2588,heart,heart,Rom 10:8,"But what does it say? “The word is near you, in your mouth and in your heart ” (that is, the word of faith that we proclaim );"
M47,Inner Seat,The heart/soul/spirit/inward parts as the seat of inner life,G2588,heart,heart,Rom 10:9,"because, if you confess with your mouth that Jesus is Lord and believe in your heart that God raised him from the dead, you will be saved."
M47,Inner Seat,The heart/soul/spirit/inward parts as the seat of inner life,G4561,flesh,fellow Jews,Rom 11:14,"in order somehow to make my fellow Jews jealous, and thus save some of them."
M47,Inner Seat,The heart/soul/spirit/inward parts as the seat of inner life,G5590H,soul: life,life,Rom 11:3,"“ Lord, they have killed your prophets, they have demolished your altars, and I alone am left, and they seek my life.”"
M47,Inner Seat,The heart/soul/spirit/inward parts as the seat of inner life,G4151G,spirit/breath: spirit,spirit,Rom 11:8,"as it is written, “ God gave them a spirit of stupor, eyes that would not see and ears that would not hear, down to this very day.”"
M47,Inner Seat,The heart/soul/spirit/inward parts as the seat of inner life,G4151G,spirit/breath: spirit,spirit,Rom 12:11,"Do not be slothful in zeal, be fervent in spirit, serve the Lord."
M47,Inner Seat,The heart/soul/spirit/inward parts as the seat of inner life,G5590J,soul: person,person,Rom 13:1,"Let every person be subject to the governing authorities. For there is no authority except from God, and those that exist have been instituted by God."
M47,Inner Seat,The heart/soul/spirit/inward parts as the seat of inner life,G4561,flesh,flesh,Rom 13:14,"But put on the Lord Jesus Christ, and make no provision for the flesh, to gratify its desires."
M47,Inner Seat,The heart/soul/spirit/inward parts as the seat of inner life,G4893,conscience,conscience,Rom 13:5,"Therefore one must be in subjection, not only to avoid God’s wrath but also for the sake of conscience."
M47,Inner Seat,The heart/soul/spirit/inward parts as the seat of inner life,G4151G,spirit/breath: spirit,Spirit,Rom 14:17,For the kingdom of God is not a matter of eating and drinking but of righteousness and peace and joy in the Holy Spirit.
M47,Inner Seat,The heart/soul/spirit/inward parts as the seat of inner life,G4151G,spirit/breath: spirit,Spirit,Rom 15:13,"May the God of hope fill you with all joy and peace in believing, so that by the power of the Holy Spirit you may abound in hope."
M47,Inner Seat,The heart/soul/spirit/inward parts as the seat of inner life,G4151G,spirit/breath: spirit,Spirit,Rom 15:16,"to be a minister of Christ Jesus to the Gentiles in the priestly service of the gospel of God, so that the offering of the Gentiles may be acceptable, sanctified by the Holy Spirit."
M47,Inner Seat,The heart/soul/spirit/inward parts as the seat of inner life,G4151G,spirit/breath: spirit,Spirit,Rom 15:19,"by the power of signs and wonders, by the power of the Spirit of God —so that from Jerusalem and all the way around to Illyricum I have fulfilled the ministry of the gospel of Christ;"
M47,Inner Seat,The heart/soul/spirit/inward parts as the seat of inner life,G4152,spiritual,spiritual blessings,Rom 15:27,"For they were pleased to do it, and indeed they owe it to them. For if the Gentiles have come to share in their spiritual blessings, they ought also to be of service to them in material blessings."
M47,Inner Seat,The heart/soul/spirit/inward parts as the seat of inner life,G4151G,spirit/breath: spirit,Spirit,Rom 15:30,"I appeal to you, brothers, by our Lord Jesus Christ and by the love of the Spirit, to strive together with me in your prayers to God on my behalf,"
M47,Inner Seat,The heart/soul/spirit/inward parts as the seat of inner life,G2588,heart,hearts,Rom 16:18,"For such persons do not serve our Lord Christ, but their own appetites, and by smooth talk and flattery they deceive the hearts of the naive."
M47,Inner Seat,The heart/soul/spirit/inward parts as the seat of inner life,G5590H,soul: life,life,Rom 16:4,"who risked their necks for my life, to whom not only I give thanks but all the churches of the Gentiles give thanks as well."
M47,Inner Seat,The heart/soul/spirit/inward parts as the seat of inner life,G4152,spiritual,spiritual,Rom 1:11,"For I long to see you, that I may impart to you some spiritual gift to strengthen you —"
M47,Inner Seat,The heart/soul/spirit/inward parts as the seat of inner life,G2588,heart,hearts,Rom 1:21,"For although they knew God, they did not honor him as God or give thanks to him, but they became futile in their thinking, and their foolish hearts were darkened."
M47,Inner Seat,The heart/soul/spirit/inward parts as the seat of inner life,G2588,heart,hearts,Rom 1:24,"Therefore God gave them up in the lusts of their hearts to impurity, to the dishonoring of their bodies among themselves,"
M47,Inner Seat,The heart/soul/spirit/inward parts as the seat of inner life,G4561,flesh,flesh,Rom 1:3,"concerning his Son, who was descended from David according to the flesh"
M47,Inner Seat,The heart/soul/spirit/inward parts as the seat of inner life,G4151G,spirit/breath: spirit,Spirit,Rom 1:4,"and was declared to be the Son of God in power according to the Spirit of holiness by his resurrection from the dead, Jesus Christ our Lord,"
M47,Inner Seat,The heart/soul/spirit/inward parts as the seat of inner life,G4151G,spirit/breath: spirit,spirit,Rom 1:9,"For God is my witness, whom I serve with my spirit in the gospel of his Son, that without ceasing I mention you"
M47,Inner Seat,The heart/soul/spirit/inward parts as the seat of inner life,G2588,heart,hearts,Rom 2:15,"They show that the work of the law is written on their hearts, while their conscience also bears witness, and their conflicting thoughts accuse or even excuse them"
M47,Inner Seat,The heart/soul/spirit/inward parts as the seat of inner life,G4893,conscience,conscience,Rom 2:15,"They show that the work of the law is written on their hearts, while their conscience also bears witness, and their conflicting thoughts accuse or even excuse them"
M47,Inner Seat,The heart/soul/spirit/inward parts as the seat of inner life,G2588,heart,heart,Rom 2:29,"But a Jew is one inwardly, and circumcision is a matter of the heart, by the Spirit, not by the letter. His praise is not from man but from God."
M47,Inner Seat,The heart/soul/spirit/inward parts as the seat of inner life,G4151G,spirit/breath: spirit,Spirit,Rom 2:29,"But a Jew is one inwardly, and circumcision is a matter of the heart, by the Spirit, not by the letter. His praise is not from man but from God."
M47,Inner Seat,The heart/soul/spirit/inward parts as the seat of inner life,G2588,heart,heart,Rom 2:5,But because of your hard and impenitent heart you are storing up wrath for yourself on the day of wrath when God’s righteous judgment will be revealed.
M47,Inner Seat,The heart/soul/spirit/inward parts as the seat of inner life,G4561,flesh,flesh,Rom 4:1,"What then shall we say was gained by Abraham, our forefather according to the flesh?"
M47,Inner Seat,The heart/soul/spirit/inward parts as the seat of inner life,G2588,heart,hearts,Rom 5:5,"and hope does not put us to shame, because God’s love has been poured into our hearts through the Holy Spirit who has been given to us."
M47,Inner Seat,The heart/soul/spirit/inward parts as the seat of inner life,G4151G,spirit/breath: spirit,Spirit,Rom 5:5,"and hope does not put us to shame, because God’s love has been poured into our hearts through the Holy Spirit who has been given to us."
M47,Inner Seat,The heart/soul/spirit/inward parts as the seat of inner life,G2588,heart,heart,Rom 6:17,"But thanks be to God, that you who were once slaves of sin have become obedient from the heart to the standard of teaching to which you were committed,"
M47,Inner Seat,The heart/soul/spirit/inward parts as the seat of inner life,G4561,flesh,natural,Rom 6:19,"I am speaking in human terms, because of your natural limitations. For just as you once presented your members as slaves to impurity and to lawlessness leading to more lawlessness, so now present your members as slaves to righteousness leading to sanctification."
M47,Inner Seat,The heart/soul/spirit/inward parts as the seat of inner life,G4152,spiritual,spiritual,Rom 7:14,"For we know that the law is spiritual, but I am of the flesh, sold under sin."
M47,Inner Seat,The heart/soul/spirit/inward parts as the seat of inner life,G4561,flesh,flesh,Rom 7:18,"For I know that nothing good dwells in me, that is, in my flesh. For I have the desire to do what is right, but not the ability to carry it out."
M47,Inner Seat,The heart/soul/spirit/inward parts as the seat of inner life,G4561,flesh,flesh,Rom 7:25,"Thanks be to God through Jesus Christ our Lord! So then, I myself serve the law of God with my mind, but with my flesh I serve the law of sin."
M47,Inner Seat,The heart/soul/spirit/inward parts as the seat of inner life,G4561,flesh,flesh,Rom 7:5,"For while we were living in the flesh, our sinful passions, aroused by the law, were at work in our members to bear fruit for death."
M47,Inner Seat,The heart/soul/spirit/inward parts as the seat of inner life,G4151G,spirit/breath: spirit,Spirit,Rom 7:6,"But now we are released from the law, having died to that which held us captive, so that we serve in the new way of the Spirit and not in the old way of the written code."
M47,Inner Seat,The heart/soul/spirit/inward parts as the seat of inner life,G4151G,spirit/breath: spirit,Spirit,Rom 8:10,"But if Christ is in you, although the body is dead because of sin, the Spirit is life because of righteousness."
M47,Inner Seat,The heart/soul/spirit/inward parts as the seat of inner life,G4151G,spirit/breath: spirit,Spirit,Rom 8:11,"If the Spirit of him who raised Jesus from the dead dwells in you, he who raised Christ Jesus from the dead will also give life to your mortal bodies through his Spirit who dwells in you."
M47,Inner Seat,The heart/soul/spirit/inward parts as the seat of inner life,G4151G,spirit/breath: spirit,Spirit,Rom 8:11,"If the Spirit of him who raised Jesus from the dead dwells in you, he who raised Christ Jesus from the dead will also give life to your mortal bodies through his Spirit who dwells in you."
M47,Inner Seat,The heart/soul/spirit/inward parts as the seat of inner life,G4561,flesh,flesh,Rom 8:12,"So then, brothers, we are debtors, not to the flesh, to live according to the flesh."
M47,Inner Seat,The heart/soul/spirit/inward parts as the seat of inner life,G4561,flesh,flesh,Rom 8:12,"So then, brothers, we are debtors, not to the flesh, to live according to the flesh."
M47,Inner Seat,The heart/soul/spirit/inward parts as the seat of inner life,G4561,flesh,flesh,Rom 8:13,"For if you live according to the flesh you will die, but if by the Spirit you put to death the deeds of the body, you will live."
M47,Inner Seat,The heart/soul/spirit/inward parts as the seat of inner life,G4151G,spirit/breath: spirit,Spirit,Rom 8:13,"For if you live according to the flesh you will die, but if by the Spirit you put to death the deeds of the body, you will live."
M47,Inner Seat,The heart/soul/spirit/inward parts as the seat of inner life,G4151G,spirit/breath: spirit,Spirit,Rom 8:14,For all who are led by the Spirit of God are sons of God.
M47,Inner Seat,The heart/soul/spirit/inward parts as the seat of inner life,G4151G,spirit/breath: spirit,Spirit,Rom 8:15,"For you did not receive the spirit of slavery to fall back into fear, but you have received the Spirit of adoption as sons, by whom we cry, “ Abba! Father!”"
M47,Inner Seat,The heart/soul/spirit/inward parts as the seat of inner life,G4151G,spirit/breath: spirit,spirit,Rom 8:15,"For you did not receive the spirit of slavery to fall back into fear, but you have received the Spirit of adoption as sons, by whom we cry, “ Abba! Father!”"
M47,Inner Seat,The heart/soul/spirit/inward parts as the seat of inner life,G4151G,spirit/breath: spirit,Spirit,Rom 8:16,"The Spirit himself bears witness with our spirit that we are children of God,"
M47,Inner Seat,The heart/soul/spirit/inward parts as the seat of inner life,G4151G,spirit/breath: spirit,spirit,Rom 8:16,"The Spirit himself bears witness with our spirit that we are children of God,"
M47,Inner Seat,The heart/soul/spirit/inward parts as the seat of inner life,G4151G,spirit/breath: spirit,Spirit,Rom 8:2,For the law of the Spirit of life has set you free in Christ Jesus from the law of sin and death.
M47,Inner Seat,The heart/soul/spirit/inward parts as the seat of inner life,G4151G,spirit/breath: spirit,Spirit,Rom 8:23,"And not only the creation, but we ourselves, who have the firstfruits of the Spirit, groan inwardly as we wait eagerly for adoption as sons, the redemption of our bodies."
M47,Inner Seat,The heart/soul/spirit/inward parts as the seat of inner life,G4151G,spirit/breath: spirit,Spirit,Rom 8:26,"Likewise the Spirit helps us in our weakness. For we do not know what to pray for as we ought, but the Spirit himself intercedes for us with groanings too deep for words."
M47,Inner Seat,The heart/soul/spirit/inward parts as the seat of inner life,G4151G,spirit/breath: spirit,Spirit,Rom 8:26,"Likewise the Spirit helps us in our weakness. For we do not know what to pray for as we ought, but the Spirit himself intercedes for us with groanings too deep for words."
M47,Inner Seat,The heart/soul/spirit/inward parts as the seat of inner life,G2588,heart,hearts,Rom 8:27,"And he who searches hearts knows what is the mind of the Spirit, because the Spirit intercedes for the saints according to the will of God."
M47,Inner Seat,The heart/soul/spirit/inward parts as the seat of inner life,G4151G,spirit/breath: spirit,Spirit,Rom 8:27,"And he who searches hearts knows what is the mind of the Spirit, because the Spirit intercedes for the saints according to the will of God."
M47,Inner Seat,The heart/soul/spirit/inward parts as the seat of inner life,G4561,flesh,flesh,Rom 8:3,"For God has done what the law, weakened by the flesh, could not do. By sending his own Son in the likeness of sinful flesh and for sin, he condemned sin in the flesh,"
M47,Inner Seat,The heart/soul/spirit/inward parts as the seat of inner life,G4561,flesh,flesh,Rom 8:3,"For God has done what the law, weakened by the flesh, could not do. By sending his own Son in the likeness of sinful flesh and for sin, he condemned sin in the flesh,"
M47,Inner Seat,The heart/soul/spirit/inward parts as the seat of inner life,G4561,flesh,flesh,Rom 8:4,"in order that the righteous requirement of the law might be fulfilled in us, who walk not according to the flesh but according to the Spirit."
M47,Inner Seat,The heart/soul/spirit/inward parts as the seat of inner life,G4151G,spirit/breath: spirit,Spirit,Rom 8:4,"in order that the righteous requirement of the law might be fulfilled in us, who walk not according to the flesh but according to the Spirit."
M47,Inner Seat,The heart/soul/spirit/inward parts as the seat of inner life,G4561,flesh,flesh,Rom 8:5,"For those who live according to the flesh set their minds on the things of the flesh, but those who live according to the Spirit set their minds on the things of the Spirit."
M47,Inner Seat,The heart/soul/spirit/inward parts as the seat of inner life,G4561,flesh,flesh,Rom 8:5,"For those who live according to the flesh set their minds on the things of the flesh, but those who live according to the Spirit set their minds on the things of the Spirit."
M47,Inner Seat,The heart/soul/spirit/inward parts as the seat of inner life,G4151G,spirit/breath: spirit,Spirit,Rom 8:5,"For those who live according to the flesh set their minds on the things of the flesh, but those who live according to the Spirit set their minds on the things of the Spirit."
M47,Inner Seat,The heart/soul/spirit/inward parts as the seat of inner life,G4151G,spirit/breath: spirit,Spirit,Rom 8:5,"For those who live according to the flesh set their minds on the things of the flesh, but those who live according to the Spirit set their minds on the things of the Spirit."
M47,Inner Seat,The heart/soul/spirit/inward parts as the seat of inner life,G4561,flesh,flesh,Rom 8:6,"For to set the mind on the flesh is death, but to set the mind on the Spirit is life and peace."
M47,Inner Seat,The heart/soul/spirit/inward parts as the seat of inner life,G4151G,spirit/breath: spirit,Spirit,Rom 8:6,"For to set the mind on the flesh is death, but to set the mind on the Spirit is life and peace."
M47,Inner Seat,The heart/soul/spirit/inward parts as the seat of inner life,G4561,flesh,flesh,Rom 8:7,"For the mind that is set on the flesh is hostile to God, for it does not submit to God’s law; indeed, it cannot."
M47,Inner Seat,The heart/soul/spirit/inward parts as the seat of inner life,G4561,flesh,flesh,Rom 8:8,Those who are in the flesh cannot please God.
M47,Inner Seat,The heart/soul/spirit/inward parts as the seat of inner life,G4561,flesh,flesh,Rom 8:9,"You, however, are not in the flesh but in the Spirit, if in fact the Spirit of God dwells in you. Anyone who does not have the Spirit of Christ does not belong to him."
M47,Inner Seat,The heart/soul/spirit/inward parts as the seat of inner life,G4151G,spirit/breath: spirit,Spirit,Rom 8:9,"You, however, are not in the flesh but in the Spirit, if in fact the Spirit of God dwells in you. Anyone who does not have the Spirit of Christ does not belong to him."
M47,Inner Seat,The heart/soul/spirit/inward parts as the seat of inner life,G4151G,spirit/breath: spirit,Spirit,Rom 8:9,"You, however, are not in the flesh but in the Spirit, if in fact the Spirit of God dwells in you. Anyone who does not have the Spirit of Christ does not belong to him."
M47,Inner Seat,The heart/soul/spirit/inward parts as the seat of inner life,G4151G,spirit/breath: spirit,Spirit,Rom 8:9,"You, however, are not in the flesh but in the Spirit, if in fact the Spirit of God dwells in you. Anyone who does not have the Spirit of Christ does not belong to him."
M47,Inner Seat,The heart/soul/spirit/inward parts as the seat of inner life,G4893,conscience,conscience,Rom 9:1,I am speaking the truth in Christ —I am not lying; my conscience bears me witness in the Holy Spirit —
M47,Inner Seat,The heart/soul/spirit/inward parts as the seat of inner life,G4151G,spirit/breath: spirit,Spirit,Rom 9:1,I am speaking the truth in Christ —I am not lying; my conscience bears me witness in the Holy Spirit —
M47,Inner Seat,The heart/soul/spirit/inward parts as the seat of inner life,G2588,heart,heart,Rom 9:2,that I have great sorrow and unceasing anguish in my heart.
M47,Inner Seat,The heart/soul/spirit/inward parts as the seat of inner life,G4561,flesh,flesh,Rom 9:3,"For I could wish that I myself were accursed and cut off from Christ for the sake of my brothers, my kinsmen according to the flesh."
M47,Inner Seat,The heart/soul/spirit/inward parts as the seat of inner life,G4561,flesh,flesh,Rom 9:5,"To them belong the patriarchs, and from their race, according to the flesh, is the Christ, who is God over all, blessed forever. Amen."
M47,Inner Seat,The heart/soul/spirit/inward parts as the seat of inner life,G4561,flesh,flesh,Rom 9:8,"This means that it is not the children of the flesh who are the children of God, but the children of the promise are counted as offspring."
M47,Inner Seat,The heart/soul/spirit/inward parts as the seat of inner life,H3820A,heart,heart,Rut 3:7,"And when Boaz had eaten and drunk, and his heart was merry, he went to lie down at the end of the heap of grain. Then she came softly and uncovered his feet and lay down."
M47,Inner Seat,The heart/soul/spirit/inward parts as the seat of inner life,H5315H,soul: life,life,Rut 4:15,"He shall be to you a restorer of life and a nourisher of your old age, for your daughter-in-law who loves you, who is more to you than seven sons, has given birth to him.”"
M47,Inner Seat,The heart/soul/spirit/inward parts as the seat of inner life,H5315G,soul,soul,Song 1:7,"Tell me, you whom my soul loves, where you pasture your flock, where you make it lie down at noon; for why should I be like one who veils herself beside the flocks of your companions?"
M47,Inner Seat,The heart/soul/spirit/inward parts as the seat of inner life,H5315G,soul,soul,Song 3:1,"On my bed by night I sought him whom my soul loves; I sought him, but found him not."
M47,Inner Seat,The heart/soul/spirit/inward parts as the seat of inner life,H3820A,heart,heart,Song 3:11,"Go out, O daughters of Zion, and look upon King Solomon, with the crown with which his mother crowned him on the day of his wedding, on the day of the gladness of his heart."
M47,Inner Seat,The heart/soul/spirit/inward parts as the seat of inner life,H5315G,soul,soul,Song 3:2,"I will rise now and go about the city, in the streets and in the squares; I will seek him whom my soul loves. I sought him, but found him not."
M47,Inner Seat,The heart/soul/spirit/inward parts as the seat of inner life,H5315G,soul,soul,Song 3:3,The watchmen found me as they went about in the city. “Have you seen him whom my soul loves?”
M47,Inner Seat,The heart/soul/spirit/inward parts as the seat of inner life,H5315G,soul,soul,Song 3:4,"Scarcely had I passed them when I found him whom my soul loves. I held him, and would not let him go until I had brought him into my mother’s house, and into the chamber of her who conceived me."
M47,Inner Seat,The heart/soul/spirit/inward parts as the seat of inner life,H5315G,soul,soul,Song 5:6,"I opened to my beloved, but my beloved had turned and gone. My soul failed me when he spoke. I sought him, but found him not; I called him, but he gave no answer."
M47,Inner Seat,The heart/soul/spirit/inward parts as the seat of inner life,H5315L,soul: appetite,desire,Song 6:12,"Before I was aware, my desire set me among the chariots of my kinsman, a prince."
M47,Inner Seat,The heart/soul/spirit/inward parts as the seat of inner life,H3820A,heart,heart,Song 8:6,"Set me as a seal upon your heart, as a seal upon your arm, for love is strong as death, jealousy is fierce as the grave. Its flashes are flashes of fire, the very flame of the Lord."
M47,Inner Seat,The heart/soul/spirit/inward parts as the seat of inner life,G4893,conscience,consciences,Tit 1:15,"To the pure, all things are pure, but to the defiled and unbelieving, nothing is pure; but both their minds and their consciences are defiled."
M47,Inner Seat,The heart/soul/spirit/inward parts as the seat of inner life,G4151G,spirit/breath: spirit,Spirit,Tit 3:5,"he saved us, not because of works done by us in righteousness, but according to his own mercy, by the washing of regeneration and renewal of the Holy Spirit,"
M47,Inner Seat,The heart/soul/spirit/inward parts as the seat of inner life,H3820A,heart,hearts,Zec 10:7,"Then Ephraim shall become like a mighty warrior, and their hearts shall be glad as with wine. Their children shall see it and be glad; their hearts shall rejoice in the Lord."
M47,Inner Seat,The heart/soul/spirit/inward parts as the seat of inner life,H3820A,heart,hearts,Zec 10:7,"Then Ephraim shall become like a mighty warrior, and their hearts shall be glad as with wine. Their children shall see it and be glad; their hearts shall rejoice in the Lord."
M47,Inner Seat,The heart/soul/spirit/inward parts as the seat of inner life,H5315I,soul: myself,I,Zec 11:8,"In one month I destroyed the three shepherds. But I became impatient with them, and they also detested me."
M47,Inner Seat,The heart/soul/spirit/inward parts as the seat of inner life,H7307G,spirit,spirit,Zec 12:1,"The oracle of the word of the Lord concerning Israel: Thus declares the Lord, who stretched out the heavens and founded the earth and formed the spirit of man within him:"
M47,Inner Seat,The heart/soul/spirit/inward parts as the seat of inner life,H7307G,spirit,spirit,Zec 12:10,"“And I will pour out on the house of David and the inhabitants of Jerusalem a spirit of grace and pleas for mercy, so that, when they look on me, on him whom they have pierced, they shall mourn for him, as one mourns for an only child, and weep bitterly over him, as one weeps over a firstborn."
M47,Inner Seat,The heart/soul/spirit/inward parts as the seat of inner life,H1320,flesh,flesh,Zec 14:12,"And this shall be the plague with which the Lord will strike all the peoples that wage war against Jerusalem: their flesh will rot while they are still standing on their feet, their eyes will rot in their sockets, and their tongues will rot in their mouths."
M47,Inner Seat,The heart/soul/spirit/inward parts as the seat of inner life,H1320,flesh,flesh,Zec 2:13,"Be silent, all flesh, before the Lord, for he has roused himself from his holy dwelling."
M47,Inner Seat,The heart/soul/spirit/inward parts as the seat of inner life,H7307H,spirit: breath,winds,Zec 2:6,"Up! Up! Flee from the land of the north, declares the Lord. For I have spread you abroad as the four winds of the heavens, declares the Lord."
M47,Inner Seat,The heart/soul/spirit/inward parts as the seat of inner life,H7307H,spirit: breath,winds,Zec 6:5,"And the angel answered and said to me, “These are going out to the four winds of heaven, after presenting themselves before the Lord of all the earth."
M47,Inner Seat,The heart/soul/spirit/inward parts as the seat of inner life,H3820A,heart,heart,Zep 3:14,"Sing aloud, O daughter of Zion; shout, O Israel! Rejoice and exult with all your heart, O daughter of Jerusalem!"
