strong,stepGloss,language,cluster_code,cluster_short_name,source,created_at
G0014,to do good,Greek,M05,Love,old-system-migration,2026-08-11T15:45:16Z
G0015,to do good,Greek,M05,Love,old-system-migration,2026-08-11T15:45:16Z
G0016,doing good,Greek,M05,Love,old-system-migration,2026-08-11T15:45:16Z
G0017,doing good,Greek,M05,Love,old-system-migration,2026-08-11T15:45:16Z
G0018,good,Greek,M05,Love,old-system-migration,2026-08-11T15:45:16Z
G0019,goodness,Greek,M39,Blessing,old-system-migration,2026-08-11T15:45:16Z
G0019,goodness,Greek,M46,Abundance,old-system-migration,2026-08-11T15:45:16Z
G0020,joy,Greek,M04,Joy,old-system-migration,2026-08-11T15:45:16Z
G0021,to rejoice,Greek,M04,Joy,old-system-migration,2026-08-11T15:45:16Z
G0024,indignation,Greek,M02,Anger,old-system-migration,2026-08-11T15:45:16Z
G0025,to love,Greek,M05,Love,old-system-migration,2026-08-11T15:45:16Z
G0026,love,Greek,M05,Love,old-system-migration,2026-08-11T15:45:16Z
G0027,beloved,Greek,T2,Supplementary,old-system-migration,2026-08-11T15:45:16Z
G0038,holiness,Greek,M22,Praise,old-system-migration,2026-08-11T15:45:16Z
G0039G,Holy Place,Greek,T2,Supplementary,old-system-migration,2026-08-11T15:45:16Z
G0040G,holy,Greek,M22,Praise,old-system-migration,2026-08-11T15:45:16Z
G0041,holiness,Greek,M22,Praise,old-system-migration,2026-08-11T15:45:16Z
G0042,holiness,Greek,M22,Praise,old-system-migration,2026-08-11T15:45:16Z
G0043,arm,Greek,T2,Supplementary,old-system-migration,2026-08-11T15:45:16Z
G0047,purity,Greek,M12,Purity,old-system-migration,2026-08-11T15:45:16Z
G0048,to purify,Greek,M12,Purity,old-system-migration,2026-08-11T15:45:16Z
G0049,purification,Greek,M12,Purity,old-system-migration,2026-08-11T15:45:16Z
G0050,be ignorant,Greek,M15,Wisdom,old-system-migration,2026-08-11T15:45:16Z
G0053,pure,Greek,M12,Purity,old-system-migration,2026-08-11T15:45:16Z
G0054,purity,Greek,M12,Purity,old-system-migration,2026-08-11T15:45:16Z
G0055,purely,Greek,T2,Supplementary,old-system-migration,2026-08-11T15:45:16Z
G0073,fight,Greek,M35,Testing,old-system-migration,2026-08-11T15:45:16Z
G0074,a struggle,Greek,M34,Perseverance,old-system-migration,2026-08-11T15:45:16Z
G0075,to struggle,Greek,M34,Perseverance,old-system-migration,2026-08-11T15:45:16Z
G0079,sister,Greek,M44,Relational,old-system-migration,2026-08-11T15:45:16Z
G0081,brotherhood,Greek,M44,Relational,old-system-migration,2026-08-11T15:45:16Z
G0085,be distressed,Greek,M01,Fear,old-system-migration,2026-08-11T15:45:16Z
G0086,hell: Hades,Greek,T2,Supplementary,old-system-migration,2026-08-11T15:45:16Z
G0087,impartial,Greek,M26,Righteousness,old-system-migration,2026-08-11T15:45:16Z
G0091,to harm,Greek,M24,Weakness,old-system-migration,2026-08-11T15:45:16Z
G0092,crime,Greek,M10,Sin,old-system-migration,2026-08-11T15:45:16Z
G0093,unrighteousness,Greek,M10,Sin,old-system-migration,2026-08-11T15:45:16Z
G0094,unjust,Greek,M10,Sin,old-system-migration,2026-08-11T15:45:16Z
G0095,unjustly,Greek,T2,Supplementary,old-system-migration,2026-08-11T15:45:16Z
G0097,pure,Greek,M12,Purity,old-system-migration,2026-08-11T15:45:16Z
G0120,be discouraged,Greek,M20,Doubt,old-system-migration,2026-08-11T15:45:16Z
G0133,praise,Greek,M22,Praise,old-system-migration,2026-08-11T15:45:16Z
G0134,to praise,Greek,M22,Praise,old-system-migration,2026-08-11T15:45:16Z
G0136,praise,Greek,M22,Praise,old-system-migration,2026-08-11T15:45:16Z
G0138,to choose,Greek,M37,Calling,old-system-migration,2026-08-11T15:45:16Z
G0139,sect,Greek,T2,Supplementary,old-system-migration,2026-08-11T15:45:16Z
G0140,to choose,Greek,M37,Calling,old-system-migration,2026-08-11T15:45:16Z
G0141,schismatic,Greek,T2,Supplementary,old-system-migration,2026-08-11T15:45:16Z
G0144,insight,Greek,M43,Prophecy,old-system-migration,2026-08-11T15:45:16Z
G0145,sense,Greek,M15,Wisdom,old-system-migration,2026-08-11T15:45:16Z
G0150,shameful,Greek,M07,Shame,old-system-migration,2026-08-11T15:45:16Z
G0152,shame,Greek,M07,Shame,old-system-migration,2026-08-11T15:45:16Z
G0153,be ashamed,Greek,M07,Shame,old-system-migration,2026-08-11T15:45:16Z
G0156,cause/charge,Greek,M26,Righteousness,old-system-migration,2026-08-11T15:45:16Z
G0159,causer,Greek,M26,Righteousness,old-system-migration,2026-08-11T15:45:16Z
G0167,impurity,Greek,M10,Sin,old-system-migration,2026-08-11T15:45:16Z
G0169,unclean,Greek,M10,Sin,old-system-migration,2026-08-11T15:45:16Z
G0172,innocent,Greek,M12,Purity,old-system-migration,2026-08-11T15:45:16Z
G0178,uncondemned,Greek,M12,Purity,old-system-migration,2026-08-11T15:45:16Z
G0189,hearing,Greek,M41,Remembrance,old-system-migration,2026-08-11T15:45:16Z
G0192,self-indulgence,Greek,M28,Envy,old-system-migration,2026-08-11T15:45:16Z
G0193,intemperate,Greek,M08,Pride,old-system-migration,2026-08-11T15:45:16Z
G0194,undiluted,Greek,T2,Supplementary,old-system-migration,2026-08-11T15:45:16Z
G0212,boasting,Greek,M08,Pride,old-system-migration,2026-08-11T15:45:16Z
G0213,braggart,Greek,M08,Pride,old-system-migration,2026-08-11T15:45:16Z
G0218,to anoint,Greek,T2,Supplementary,old-system-migration,2026-08-11T15:45:16Z
G0220,rooster,Greek,T2,Supplementary,old-system-migration,2026-08-11T15:45:16Z
G0225,truth,Greek,M13,Truth,old-system-migration,2026-08-11T15:45:16Z
G0226,be truthful,Greek,M13,Truth,old-system-migration,2026-08-11T15:45:16Z
G0227,true,Greek,M13,Truth,old-system-migration,2026-08-11T15:45:16Z
G0228,true,Greek,M13,Truth,old-system-migration,2026-08-11T15:45:16Z
G0230,truly,Greek,T2,Supplementary,old-system-migration,2026-08-11T15:45:16Z
G0236,to change,Greek,M45,Transformation,old-system-migration,2026-08-11T15:45:16Z
G0253,without anxiety,Greek,M33,Peace,old-system-migration,2026-08-11T15:45:16Z
G0264,to sin,Greek,M10,Sin,old-system-migration,2026-08-11T15:45:16Z
G0265,sin,Greek,M10,Sin,old-system-migration,2026-08-11T15:45:16Z
G0266,sin,Greek,M10,Sin,old-system-migration,2026-08-11T15:45:16Z
G0268,sinful,Greek,M10,Sin,old-system-migration,2026-08-11T15:45:16Z
G0275,untroubled,Greek,M18,Hope,old-system-migration,2026-08-11T15:45:16Z
G0276,unchangeable,Greek,T2,Supplementary,old-system-migration,2026-08-11T15:45:16Z
G0278,irrevocable,Greek,M13,Truth,old-system-migration,2026-08-11T15:45:16Z
G0303,each,Greek,T2,Supplementary,old-system-migration,2026-08-11T15:45:16Z
G0315,to compel,Greek,M23,Strength,old-system-migration,2026-08-11T15:45:16Z
G0316,necessary,Greek,T2,Supplementary,old-system-migration,2026-08-11T15:45:16Z
G0317,necessarily,Greek,T2,Supplementary,old-system-migration,2026-08-11T15:45:16Z
G0318,necessity,Greek,M01,Fear,old-system-migration,2026-08-11T15:45:16Z
G0329,to rekindle,Greek,M45,Transformation,old-system-migration,2026-08-11T15:45:16Z
G0338,innocent,Greek,M12,Purity,old-system-migration,2026-08-11T15:45:16Z
G0341,to renew,Greek,M45,Transformation,old-system-migration,2026-08-11T15:45:16Z
G0342,renewal,Greek,M45,Transformation,old-system-migration,2026-08-11T15:45:16Z
G0361,sinless,Greek,M12,Purity,old-system-migration,2026-08-11T15:45:16Z
G0363,to remind,Greek,M41,Remembrance,old-system-migration,2026-08-11T15:45:16Z
G0364,remembrance,Greek,M41,Remembrance,old-system-migration,2026-08-11T15:45:16Z
G0415,merciless,Greek,M05,Love,old-system-migration,2026-08-11T15:45:16Z
G0420,not resentful,Greek,M05,Love,old-system-migration,2026-08-11T15:45:16Z
G0425,rest,Greek,M33,Peace,old-system-migration,2026-08-11T15:45:16Z
G0430,to endure,Greek,M35,Testing,old-system-migration,2026-08-11T15:45:16Z
G0448,merciless,Greek,M05,Love,old-system-migration,2026-08-11T15:45:16Z
G0456,to rebuild,Greek,T2,Supplementary,old-system-migration,2026-08-11T15:45:16Z
G0458,lawlessness,Greek,M30,Obedience,old-system-migration,2026-08-11T15:45:16Z
G0462,unholy,Greek,M12,Purity,old-system-migration,2026-08-11T15:45:16Z
G0463,tolerance,Greek,M05,Love,old-system-migration,2026-08-11T15:45:16Z
G0464,to struggle,Greek,M34,Perseverance,old-system-migration,2026-08-11T15:45:16Z
G0467,to repay,Greek,M26,Righteousness,old-system-migration,2026-08-11T15:45:16Z
G0476,opponent,Greek,M06,Hate,old-system-migration,2026-08-11T15:45:16Z
G0485,dispute,Greek,M02,Anger,old-system-migration,2026-08-11T15:45:16Z
G0500,antichrist,Greek,T2,Supplementary,old-system-migration,2026-08-11T15:45:16Z
G0505,genuine,Greek,M12,Purity,old-system-migration,2026-08-11T15:45:16Z
G0514,worthy,Greek,M22,Praise,old-system-migration,2026-08-11T15:45:16Z
G0515,to deem worthy,Greek,M26,Righteousness,old-system-migration,2026-08-11T15:45:16Z
G0524,to become callous,Greek,M30,Obedience,old-system-migration,2026-08-11T15:45:16Z
G0539,deceit,Greek,M14,Deceit,old-system-migration,2026-08-11T15:45:16Z
G0543,disobedience,Greek,M30,Obedience,old-system-migration,2026-08-11T15:45:16Z
G0544,to disobey,Greek,M30,Obedience,old-system-migration,2026-08-11T15:45:16Z
G0552,unacquainted,Greek,T2,Supplementary,old-system-migration,2026-08-11T15:45:16Z
G0560,to despair,Greek,M18,Hope,old-system-migration,2026-08-11T15:45:16Z
G0563,undistracted,Greek,T2,Supplementary,old-system-migration,2026-08-11T15:45:16Z
G0569,to disbelieve,Greek,M31,Faith,old-system-migration,2026-08-11T15:45:16Z
G0570,unbelief,Greek,M31,Faith,old-system-migration,2026-08-11T15:45:16Z
G0571,unbelieving,Greek,M31,Faith,old-system-migration,2026-08-11T15:45:16Z
G0572,openness,Greek,M05,Love,old-system-migration,2026-08-11T15:45:16Z
G0573,sound,Greek,M13,Truth,old-system-migration,2026-08-11T15:45:16Z
G0574,without reserve,Greek,T2,Supplementary,old-system-migration,2026-08-11T15:45:16Z
G0577,to throw away,Greek,M07,Shame,old-system-migration,2026-08-11T15:45:16Z
G0580,deprivation,Greek,M11,Repentance,old-system-migration,2026-08-11T15:45:16Z
G0591,to pay,Greek,T2,Supplementary,old-system-migration,2026-08-11T15:45:16Z
G0598,to crowd up to,Greek,T2,Supplementary,old-system-migration,2026-08-11T15:45:16Z
G0603,eager expectation,Greek,M18,Hope,old-system-migration,2026-08-11T15:45:16Z
G0604,to reconcile,Greek,M11,Repentance,old-system-migration,2026-08-11T15:45:16Z
G0618,to get back,Greek,T2,Supplementary,old-system-migration,2026-08-11T15:45:16Z
G0639,be perplexed,Greek,M20,Doubt,old-system-migration,2026-08-11T15:45:16Z
G0646,apostasy,Greek,M10,Sin,old-system-migration,2026-08-11T15:45:16Z
G0662,be bold,Greek,M34,Perseverance,old-system-migration,2026-08-11T15:45:16Z
G0674,to faint,Greek,M24,Weakness,old-system-migration,2026-08-11T15:45:16Z
G0677,not stumbling,Greek,M35,Testing,old-system-migration,2026-08-11T15:45:16Z
G0679,without falling,Greek,M34,Perseverance,old-system-migration,2026-08-11T15:45:16Z
G0701,pleasing,Greek,M04,Joy,old-system-migration,2026-08-11T15:45:16Z
G0724,plunder,Greek,M24,Weakness,old-system-migration,2026-08-11T15:45:16Z
G0726,to seize,Greek,M24,Weakness,old-system-migration,2026-08-11T15:45:16Z
G0746,beginning,Greek,M17,Counsel,old-system-migration,2026-08-11T15:45:16Z
G0747,founder,Greek,FLAG,Flag,old-system-migration,2026-08-11T15:45:16Z
G0747,founder,Greek,T2,Supplementary,old-system-migration,2026-08-11T15:45:16Z
G0757,be first,Greek,M08,Pride,old-system-migration,2026-08-11T15:45:16Z
G0758,ruler,Greek,T2,Supplementary,old-system-migration,2026-08-11T15:45:16Z
G0766,debauchery,Greek,M28,Envy,old-system-migration,2026-08-11T15:45:16Z
G0769G,weakness: weak,Greek,M24,Weakness,old-system-migration,2026-08-11T15:45:16Z
G0769H,weakness: ill,Greek,M24,Weakness,old-system-migration,2026-08-11T15:45:16Z
G0770G,be weak: weak,Greek,M24,Weakness,old-system-migration,2026-08-11T15:45:16Z
G0770H,be weak: ill,Greek,M24,Weakness,old-system-migration,2026-08-11T15:45:16Z
G0771,weakness,Greek,M24,Weakness,old-system-migration,2026-08-11T15:45:16Z
G0772G,weak,Greek,M24,Weakness,old-system-migration,2026-08-11T15:45:16Z
G0772H,weak: ill,Greek,M24,Weakness,old-system-migration,2026-08-11T15:45:16Z
G0781,unwise,Greek,M15,Wisdom,old-system-migration,2026-08-11T15:45:16Z
G0801,senseless,Greek,M15,Wisdom,old-system-migration,2026-08-11T15:45:16Z
G0802,untrustworthy,Greek,M14,Deceit,old-system-migration,2026-08-11T15:45:16Z
G0808,indecency,Greek,M07,Shame,old-system-migration,2026-08-11T15:45:16Z
G0810,debauchery,Greek,M28,Envy,old-system-migration,2026-08-11T15:45:16Z
G0811,wildly,Greek,T2,Supplementary,old-system-migration,2026-08-11T15:45:16Z
G0818,to dishonor,Greek,M07,Shame,old-system-migration,2026-08-11T15:45:16Z
G0819,dishonour,Greek,M07,Shame,old-system-migration,2026-08-11T15:45:16Z
G0824,wrong,Greek,M10,Sin,old-system-migration,2026-08-11T15:45:16Z
G0829,self-willed,Greek,M08,Pride,old-system-migration,2026-08-11T15:45:16Z
G0830,self-chosen,Greek,M29,Desire,old-system-migration,2026-08-11T15:45:16Z
G0831,to domineer,Greek,M23,Strength,old-system-migration,2026-08-11T15:45:16Z
G0841,self-sufficiency,Greek,T2,Supplementary,old-system-migration,2026-08-11T15:45:16Z
G0842,self-sufficient,Greek,M46,Abundance,old-system-migration,2026-08-11T15:45:16Z
G0843,self-condemned,Greek,M26,Righteousness,old-system-migration,2026-08-11T15:45:16Z
G0859,forgiveness,Greek,M11,Repentance,old-system-migration,2026-08-11T15:45:16Z
G0861,incorruptibility,Greek,M12,Purity,old-system-migration,2026-08-11T15:45:16Z
G0863G,to release: leave,Greek,M11,Repentance,old-system-migration,2026-08-11T15:45:16Z
G0863H,to release: forgive,Greek,M11,Repentance,old-system-migration,2026-08-11T15:45:16Z
G0863I,to release: permit,Greek,M11,Repentance,old-system-migration,2026-08-11T15:45:16Z
G0865,hating good,Greek,M06,Hate,old-system-migration,2026-08-11T15:45:16Z
G0866,not greedy,Greek,M05,Love,old-system-migration,2026-08-11T15:45:16Z
G0870,fearlessly,Greek,T2,Supplementary,old-system-migration,2026-08-11T15:45:16Z
G0877,foolishness,Greek,M16,Folly,old-system-migration,2026-08-11T15:45:16Z
G0878,foolish,Greek,M16,Folly,old-system-migration,2026-08-11T15:45:16Z
G0880,mute,Greek,M07,Shame,old-system-migration,2026-08-11T15:45:16Z
G0895,lifeless,Greek,T2,Supplementary,old-system-migration,2026-08-11T15:45:16Z
G0928G,to torture: torture,Greek,M03,Grief,old-system-migration,2026-08-11T15:45:16Z
G0928H,to torture: anguish,Greek,M03,Grief,old-system-migration,2026-08-11T15:45:16Z
G0929,torment,Greek,M03,Grief,old-system-migration,2026-08-11T15:45:16Z
G0929,torment,Greek,M35,Testing,old-system-migration,2026-08-11T15:45:16Z
G0930,torturer,Greek,M03,Grief,old-system-migration,2026-08-11T15:45:16Z
G0930,torturer,Greek,M27,Evil,old-system-migration,2026-08-11T15:45:16Z
G0931,torment,Greek,M03,Grief,old-system-migration,2026-08-11T15:45:16Z
G0932,kingdom,Greek,M23,Strength,old-system-migration,2026-08-11T15:45:16Z
G0933,palace,Greek,M23,Strength,old-system-migration,2026-08-11T15:45:16Z
G0934,kingly,Greek,M23,Strength,old-system-migration,2026-08-11T15:45:16Z
G0936,to reign,Greek,M23,Strength,old-system-migration,2026-08-11T15:45:16Z
G0937,royal,Greek,M23,Strength,old-system-migration,2026-08-11T15:45:16Z
G0938G,queen,Greek,M23,Strength,old-system-migration,2026-08-11T15:45:16Z
G0946,abomination,Greek,M10,Sin,old-system-migration,2026-08-11T15:45:16Z
G0947,abominable,Greek,M10,Sin,old-system-migration,2026-08-11T15:45:16Z
G0948,to abhor,Greek,M06,Hate,old-system-migration,2026-08-11T15:45:16Z
G0949,firm,Greek,M19,Trust,old-system-migration,2026-08-11T15:45:16Z
G0950,to confirm,Greek,M13,Truth,old-system-migration,2026-08-11T15:45:16Z
G0951,confirmation,Greek,M13,Truth,old-system-migration,2026-08-11T15:45:16Z
G0984,to hurt,Greek,M24,Weakness,old-system-migration,2026-08-11T15:45:16Z
G0987,to blaspheme,Greek,M10,Sin,old-system-migration,2026-08-11T15:45:16Z
G0988,blasphemy,Greek,M10,Sin,old-system-migration,2026-08-11T15:45:16Z
G0989,blasphemous,Greek,M10,Sin,old-system-migration,2026-08-11T15:45:16Z
G1000,throwing,Greek,M24,Weakness,old-system-migration,2026-08-11T15:45:16Z
G1011,to plan,Greek,M15,Wisdom,old-system-migration,2026-08-11T15:45:16Z
G1012,plan,Greek,M17,Counsel,old-system-migration,2026-08-11T15:45:16Z
G1013,plan,Greek,M17,Counsel,old-system-migration,2026-08-11T15:45:16Z
G1014,to plan,Greek,M15,Wisdom,old-system-migration,2026-08-11T15:45:16Z
G1067,hell: Gehenna,Greek,T2,Supplementary,old-system-migration,2026-08-11T15:45:16Z
G1096,to be,Greek,T2,Supplementary,old-system-migration,2026-08-11T15:45:16Z
G1100,tongue,Greek,T2,Supplementary,old-system-migration,2026-08-11T15:45:16Z
G1106,resolution,Greek,M15,Wisdom,old-system-migration,2026-08-11T15:45:16Z
G1128,to train,Greek,M15,Wisdom,old-system-migration,2026-08-11T15:45:16Z
G1130,be naked,Greek,T2,Supplementary,old-system-migration,2026-08-11T15:45:16Z
G1131,naked,Greek,T2,Supplementary,old-system-migration,2026-08-11T15:45:16Z
G1132,nakedness,Greek,T2,Supplementary,old-system-migration,2026-08-11T15:45:16Z
G1161,then,Greek,T2,Supplementary,old-system-migration,2026-08-11T15:45:16Z
G1162,petition,Greek,M21,Prayer,old-system-migration,2026-08-11T15:45:16Z
G1167,timidity,Greek,M01,Fear,old-system-migration,2026-08-11T15:45:16Z
G1168,be timid,Greek,M01,Fear,old-system-migration,2026-08-11T15:45:16Z
G1169,timid,Greek,M01,Fear,old-system-migration,2026-08-11T15:45:16Z
G1185,to entice,Greek,M10,Sin,old-system-migration,2026-08-11T15:45:16Z
G1189,to pray,Greek,M21,Prayer,old-system-migration,2026-08-11T15:45:16Z
G1211,so,Greek,T2,Supplementary,old-system-migration,2026-08-11T15:45:16Z
G1226,to insist,Greek,M15,Wisdom,old-system-migration,2026-08-11T15:45:16Z
G1231,to decide,Greek,M15,Wisdom,old-system-migration,2026-08-11T15:45:16Z
G1239,to distribute,Greek,T2,Supplementary,old-system-migration,2026-08-11T15:45:16Z
G1242,covenant,Greek,M44,Relational,old-system-migration,2026-08-11T15:45:16Z
G1251,to give a hearing,Greek,T2,Supplementary,old-system-migration,2026-08-11T15:45:16Z
G1252,to judge/doubt,Greek,M15,Wisdom,old-system-migration,2026-08-11T15:45:16Z
G1253,discernment,Greek,M43,Prophecy,old-system-migration,2026-08-11T15:45:16Z
G1256,to dispute,Greek,M15,Wisdom,old-system-migration,2026-08-11T15:45:16Z
G1258,language,Greek,T2,Supplementary,old-system-migration,2026-08-11T15:45:16Z
G1259,be reconciled,Greek,M33,Peace,old-system-migration,2026-08-11T15:45:16Z
G1260,to discuss,Greek,M15,Wisdom,old-system-migration,2026-08-11T15:45:16Z
G1261,reasoning,Greek,M15,Wisdom,old-system-migration,2026-08-11T15:45:16Z
G1266,to divide,Greek,T2,Supplementary,old-system-migration,2026-08-11T15:45:16Z
G1267,division,Greek,T2,Supplementary,old-system-migration,2026-08-11T15:45:16Z
G1270,thought,Greek,M15,Wisdom,old-system-migration,2026-08-11T15:45:16Z
G1271,mind,Greek,M47,Constitution,old-system-migration,2026-08-11T15:45:16Z
G1280,be perplexed,Greek,M20,Doubt,old-system-migration,2026-08-11T15:45:16Z
G1291,to give orders,Greek,T2,Supplementary,old-system-migration,2026-08-11T15:45:16Z
G1296,ordinance,Greek,T2,Supplementary,old-system-migration,2026-08-11T15:45:16Z
G1297,edict,Greek,T2,Supplementary,old-system-migration,2026-08-11T15:45:16Z
G1299,to direct,Greek,M09,Humility,old-system-migration,2026-08-11T15:45:16Z
G1303,to make a covenant,Greek,M21,Prayer,old-system-migration,2026-08-11T15:45:16Z
G1311,to destroy,Greek,M10,Sin,old-system-migration,2026-08-11T15:45:16Z
G1312,decay,Greek,M25,Life,old-system-migration,2026-08-11T15:45:16Z
G1328,interpreter,Greek,M15,Wisdom,old-system-migration,2026-08-11T15:45:16Z
G1329,to interpret,Greek,M43,Prophecy,old-system-migration,2026-08-11T15:45:16Z
G1341,justice,Greek,M26,Righteousness,old-system-migration,2026-08-11T15:45:16Z
G1342,just,Greek,M26,Righteousness,old-system-migration,2026-08-11T15:45:16Z
G1343,righteousness,Greek,M26,Righteousness,old-system-migration,2026-08-11T15:45:16Z
G1344,to justify,Greek,M26,Righteousness,old-system-migration,2026-08-11T15:45:16Z
G1345,righteous act,Greek,M26,Righteousness,old-system-migration,2026-08-11T15:45:16Z
G1346,rightly,Greek,T2,Supplementary,old-system-migration,2026-08-11T15:45:16Z
G1347,justification,Greek,M26,Righteousness,old-system-migration,2026-08-11T15:45:16Z
G1348,magistrate,Greek,T2,Supplementary,old-system-migration,2026-08-11T15:45:16Z
G1349,condemnation,Greek,M26,Righteousness,old-system-migration,2026-08-11T15:45:16Z
G1365,to doubt,Greek,M20,Doubt,old-system-migration,2026-08-11T15:45:16Z
G1374,double-minded,Greek,M20,Doubt,old-system-migration,2026-08-11T15:45:16Z
G1375,persecution,Greek,T2,Supplementary,old-system-migration,2026-08-11T15:45:16Z
G1377,to pursue,Greek,T2,Supplementary,old-system-migration,2026-08-11T15:45:16Z
G1381,to test,Greek,M35,Testing,old-system-migration,2026-08-11T15:45:16Z
G1382,test,Greek,M35,Testing,old-system-migration,2026-08-11T15:45:16Z
G1383,testing,Greek,M35,Testing,old-system-migration,2026-08-11T15:45:16Z
G1384,tested,Greek,M35,Testing,old-system-migration,2026-08-11T15:45:16Z
G1386,deceitful,Greek,M14,Deceit,old-system-migration,2026-08-11T15:45:16Z
G1387,to deceive,Greek,M14,Deceit,old-system-migration,2026-08-11T15:45:16Z
G1388,deceit,Greek,M14,Deceit,old-system-migration,2026-08-11T15:45:16Z
G1389,to distort,Greek,M14,Deceit,old-system-migration,2026-08-11T15:45:16Z
G1391,glory,Greek,M22,Praise,old-system-migration,2026-08-11T15:45:16Z
G1396,to enslave,Greek,M36,Service,old-system-migration,2026-08-11T15:45:16Z
G1397,slavery,Greek,M36,Service,old-system-migration,2026-08-11T15:45:16Z
G1398,be a slave,Greek,M36,Service,old-system-migration,2026-08-11T15:45:16Z
G1399,female slave,Greek,M36,Service,old-system-migration,2026-08-11T15:45:16Z
G1401,slave,Greek,M36,Service,old-system-migration,2026-08-11T15:45:16Z
G1402,to enslave,Greek,M36,Service,old-system-migration,2026-08-11T15:45:16Z
G1410,be able,Greek,T2,Supplementary,old-system-migration,2026-08-11T15:45:16Z
G1411,power,Greek,M23,Strength,old-system-migration,2026-08-11T15:45:16Z
G1412,to empower,Greek,M23,Strength,old-system-migration,2026-08-11T15:45:16Z
G1413,ruler,Greek,T2,Supplementary,old-system-migration,2026-08-11T15:45:16Z
G1414,be able,Greek,M23,Strength,old-system-migration,2026-08-11T15:45:16Z
G1414,be able,Greek,T2,Supplementary,old-system-migration,2026-08-11T15:45:16Z
G1415,able,Greek,M23,Strength,old-system-migration,2026-08-11T15:45:16Z
G1415,able,Greek,T2,Supplementary,old-system-migration,2026-08-11T15:45:16Z
G1421,hard to interpret,Greek,T2,Supplementary,old-system-migration,2026-08-11T15:45:16Z
G1426,slander,Greek,M14,Deceit,old-system-migration,2026-08-11T15:45:16Z
G1431,free gift,Greek,M38,Salvation,old-system-migration,2026-08-11T15:45:16Z
G1433,to give,Greek,M05,Love,old-system-migration,2026-08-11T15:45:16Z
G1434,free gift,Greek,M38,Salvation,old-system-migration,2026-08-11T15:45:16Z
G1435,gift,Greek,M39,Blessing,old-system-migration,2026-08-11T15:45:16Z
G1457,to inaugurate,Greek,T2,Supplementary,old-system-migration,2026-08-11T15:45:16Z
G1460,to live among,Greek,T2,Supplementary,old-system-migration,2026-08-11T15:45:16Z
G1466,self-control,Greek,M19,Trust,old-system-migration,2026-08-11T15:45:16Z
G1467,to self-control,Greek,M19,Trust,old-system-migration,2026-08-11T15:45:16Z
G1468,self-controlled,Greek,M19,Trust,old-system-migration,2026-08-11T15:45:16Z
G1472,to rub on,Greek,M12,Purity,old-system-migration,2026-08-11T15:45:16Z
G1493,idol's temple,Greek,M27,Evil,old-system-migration,2026-08-11T15:45:16Z
G1494,sacrificed to idols,Greek,M27,Evil,old-system-migration,2026-08-11T15:45:16Z
G1495,idolatry,Greek,M27,Evil,old-system-migration,2026-08-11T15:45:16Z
G1496,idolater,Greek,M27,Evil,old-system-migration,2026-08-11T15:45:16Z
G1497,idol,Greek,M27,Evil,old-system-migration,2026-08-11T15:45:16Z
G1503,to resemble,Greek,M15,Wisdom,old-system-migration,2026-08-11T15:45:16Z
G1504,image,Greek,M43,Prophecy,old-system-migration,2026-08-11T15:45:16Z
G1505,sincerity,Greek,M13,Truth,old-system-migration,2026-08-11T15:45:16Z
G1506,pure,Greek,M12,Purity,old-system-migration,2026-08-11T15:45:16Z
G1510,to be,Greek,T2,Supplementary,old-system-migration,2026-08-11T15:45:16Z
G1514,be at peace,Greek,M33,Peace,old-system-migration,2026-08-11T15:45:16Z
G1515,peace,Greek,M33,Peace,old-system-migration,2026-08-11T15:45:16Z
G1516,peaceful,Greek,M33,Peace,old-system-migration,2026-08-11T15:45:16Z
G1517,to make peace,Greek,M05,Love,old-system-migration,2026-08-11T15:45:16Z
G1518,peacemaker,Greek,M33,Peace,old-system-migration,2026-08-11T15:45:16Z
G1522,to listen to,Greek,M21,Prayer,old-system-migration,2026-08-11T15:45:16Z
G1537,out from,Greek,T2,Supplementary,old-system-migration,2026-08-11T15:45:16Z
G1554,to lease,Greek,T2,Supplementary,old-system-migration,2026-08-11T15:45:16Z
G1556,to avenge,Greek,M26,Righteousness,old-system-migration,2026-08-11T15:45:16Z
G1557,vengeance,Greek,M26,Righteousness,old-system-migration,2026-08-11T15:45:16Z
G1558,avenging,Greek,M26,Righteousness,old-system-migration,2026-08-11T15:45:16Z
G1568,be awe-struck,Greek,M01,Fear,old-system-migration,2026-08-11T15:45:16Z
G1569,astonished,Greek,M01,Fear,old-system-migration,2026-08-11T15:45:16Z
G1573,to lose heart,Greek,M20,Doubt,old-system-migration,2026-08-11T15:45:16Z
G1577,assembly,Greek,M05,Love,old-system-migration,2026-08-11T15:45:16Z
G1598,to test/tempt,Greek,M35,Testing,old-system-migration,2026-08-11T15:45:16Z
G1629,to terrify,Greek,T2,Supplementary,old-system-migration,2026-08-11T15:45:16Z
G1630,terrified,Greek,M01,Fear,old-system-migration,2026-08-11T15:45:16Z
G1634,to expire,Greek,M24,Weakness,old-system-migration,2026-08-11T15:45:16Z
G1652,pitiful,Greek,M05,Love,old-system-migration,2026-08-11T15:45:16Z
G1653,to have mercy,Greek,M05,Love,old-system-migration,2026-08-11T15:45:16Z
G1654,charity,Greek,M05,Love,old-system-migration,2026-08-11T15:45:16Z
G1654,charity,Greek,T2,Supplementary,old-system-migration,2026-08-11T15:45:16Z
G1655,merciful,Greek,M05,Love,old-system-migration,2026-08-11T15:45:16Z
G1656,mercy,Greek,M05,Love,old-system-migration,2026-08-11T15:45:16Z
G1679,to hope/expect,Greek,M18,Hope,old-system-migration,2026-08-11T15:45:16Z
G1680,hope,Greek,M18,Hope,old-system-migration,2026-08-11T15:45:16Z
G1719,afraid,Greek,M01,Fear,old-system-migration,2026-08-11T15:45:16Z
G1731,to show,Greek,M05,Love,old-system-migration,2026-08-11T15:45:16Z
G1738,just,Greek,M26,Righteousness,old-system-migration,2026-08-11T15:45:16Z
G1743,to strengthen,Greek,M23,Strength,old-system-migration,2026-08-11T15:45:16Z
G1753,active energy,Greek,M23,Strength,old-system-migration,2026-08-11T15:45:16Z
G1754,be active,Greek,M23,Strength,old-system-migration,2026-08-11T15:45:16Z
G1755,working,Greek,M23,Strength,old-system-migration,2026-08-11T15:45:16Z
G1756,effective,Greek,M23,Strength,old-system-migration,2026-08-11T15:45:16Z
G1760,to reflect on,Greek,M15,Wisdom,old-system-migration,2026-08-11T15:45:16Z
G1761,reflection,Greek,M15,Wisdom,old-system-migration,2026-08-11T15:45:16Z
G1765,to strengthen,Greek,T2,Supplementary,old-system-migration,2026-08-11T15:45:16Z
G1771,thought/purpose,Greek,M15,Wisdom,old-system-migration,2026-08-11T15:45:16Z
G1774,to dwell in/with,Greek,T2,Supplementary,old-system-migration,2026-08-11T15:45:16Z
G1775,unity,Greek,M44,Relational,old-system-migration,2026-08-11T15:45:16Z
G1777,liable for,Greek,M10,Sin,old-system-migration,2026-08-11T15:45:16Z
G1783,intercession,Greek,M21,Prayer,old-system-migration,2026-08-11T15:45:16Z
G1788,to cause shame,Greek,M07,Shame,old-system-migration,2026-08-11T15:45:16Z
G1790,trembling,Greek,M01,Fear,old-system-migration,2026-08-11T15:45:16Z
G1791,shame,Greek,M07,Shame,old-system-migration,2026-08-11T15:45:16Z
G1793,to call on,Greek,M37,Calling,old-system-migration,2026-08-11T15:45:16Z
G1801,to listen to,Greek,T2,Supplementary,old-system-migration,2026-08-11T15:45:16Z
G1809,to demand/ask for,Greek,T2,Supplementary,old-system-migration,2026-08-11T15:45:16Z
G1813,to blot out,Greek,M11,Repentance,old-system-migration,2026-08-11T15:45:16Z
G1820,to despair,Greek,M20,Doubt,old-system-migration,2026-08-11T15:45:16Z
G1832,be permitted,Greek,M31,Faith,old-system-migration,2026-08-11T15:45:16Z
G1840,to have power,Greek,M23,Strength,old-system-migration,2026-08-11T15:45:16Z
G1843,to agree,Greek,M44,Relational,old-system-migration,2026-08-11T15:45:16Z
G1847,be rejected,Greek,T2,Supplementary,old-system-migration,2026-08-11T15:45:16Z
G1848,to reject,Greek,M07,Shame,old-system-migration,2026-08-11T15:45:16Z
G1849,authority,Greek,M23,Strength,old-system-migration,2026-08-11T15:45:16Z
G1850,to have authority,Greek,M23,Strength,old-system-migration,2026-08-11T15:45:16Z
G1864,to contend,Greek,M44,Relational,old-system-migration,2026-08-11T15:45:16Z
G1867,to praise,Greek,M22,Praise,old-system-migration,2026-08-11T15:45:16Z
G1868,praise,Greek,M22,Praise,old-system-migration,2026-08-11T15:45:16Z
G1870,be ashamed of,Greek,M07,Shame,old-system-migration,2026-08-11T15:45:16Z
G1873,to listen to,Greek,M21,Prayer,old-system-migration,2026-08-11T15:45:16Z
G1874,to listen ro,Greek,M21,Prayer,old-system-migration,2026-08-11T15:45:16Z
G1876,necessarily,Greek,T2,Supplementary,old-system-migration,2026-08-11T15:45:16Z
G1917,plot,Greek,M14,Deceit,old-system-migration,2026-08-11T15:45:16Z
G1929,to give/deliver,Greek,T2,Supplementary,old-system-migration,2026-08-11T15:45:16Z
G1932,gentleness,Greek,M05,Love,old-system-migration,2026-08-11T15:45:16Z
G1933,gentle,Greek,M05,Love,old-system-migration,2026-08-11T15:45:16Z
G1934,to seek after,Greek,M21,Prayer,old-system-migration,2026-08-11T15:45:16Z
G1937,to long for,Greek,M18,Hope,old-system-migration,2026-08-11T15:45:16Z
G1938,one who desires,Greek,M29,Desire,old-system-migration,2026-08-11T15:45:16Z
G1939,desire,Greek,M28,Envy,old-system-migration,2026-08-11T15:45:16Z
G1941,to call (on)/name,Greek,M37,Calling,old-system-migration,2026-08-11T15:45:16Z
G1950,to forget,Greek,M41,Remembrance,old-system-migration,2026-08-11T15:45:16Z
G1963,thought,Greek,M15,Wisdom,old-system-migration,2026-08-11T15:45:16Z
G1971,to long for,Greek,M18,Hope,old-system-migration,2026-08-11T15:45:16Z
G1972,longing,Greek,M18,Hope,old-system-migration,2026-08-11T15:45:16Z
G1973,longed for,Greek,M18,Hope,old-system-migration,2026-08-11T15:45:16Z
G1974,longing,Greek,M18,Hope,old-system-migration,2026-08-11T15:45:16Z
G1990,knowing,Greek,M15,Wisdom,old-system-migration,2026-08-11T15:45:16Z
G2001,to insist,Greek,T2,Supplementary,old-system-migration,2026-08-11T15:45:16Z
G2003,command,Greek,T2,Supplementary,old-system-migration,2026-08-11T15:45:16Z
G2004,to command,Greek,T2,Supplementary,old-system-migration,2026-08-11T15:45:16Z
G2021,to attempt,Greek,M35,Testing,old-system-migration,2026-08-11T15:45:16Z
G2025,to rub on,Greek,M12,Purity,old-system-migration,2026-08-11T15:45:16Z
G2026,to build up/upon,Greek,M05,Love,old-system-migration,2026-08-11T15:45:16Z
G2042,to provoke/irritate,Greek,M02,Anger,old-system-migration,2026-08-11T15:45:16Z
G2051,to quarrel,Greek,T2,Supplementary,old-system-migration,2026-08-11T15:45:16Z
G2052,rivalry,Greek,M28,Envy,old-system-migration,2026-08-11T15:45:16Z
G2054,quarrel,Greek,M02,Anger,old-system-migration,2026-08-11T15:45:16Z
G2058,interpretation,Greek,M15,Wisdom,old-system-migration,2026-08-11T15:45:16Z
G2059,to interpret,Greek,M43,Prophecy,old-system-migration,2026-08-11T15:45:16Z
G2065,to ask,Greek,M21,Prayer,old-system-migration,2026-08-11T15:45:16Z
G2106,to delight,Greek,M04,Joy,old-system-migration,2026-08-11T15:45:16Z
G2107,goodwill,Greek,M39,Blessing,old-system-migration,2026-08-11T15:45:16Z
G2114,be cheerful,Greek,M04,Joy,old-system-migration,2026-08-11T15:45:16Z
G2115,encouraging,Greek,T2,Supplementary,old-system-migration,2026-08-11T15:45:16Z
G2118,righteousness,Greek,M26,Righteousness,old-system-migration,2026-08-11T15:45:16Z
G2124,reverence,Greek,M21,Prayer,old-system-migration,2026-08-11T15:45:16Z
G2125,to revere,Greek,M21,Prayer,old-system-migration,2026-08-11T15:45:16Z
G2126,devout,Greek,M31,Faith,old-system-migration,2026-08-11T15:45:16Z
G2127,to praise/bless,Greek,M22,Praise,old-system-migration,2026-08-11T15:45:16Z
G2151,to show piety,Greek,M21,Prayer,old-system-migration,2026-08-11T15:45:16Z
G2155,compassionate,Greek,M05,Love,old-system-migration,2026-08-11T15:45:16Z
G2162,good report,Greek,M22,Praise,old-system-migration,2026-08-11T15:45:16Z
G2165,to celebrate,Greek,M22,Praise,old-system-migration,2026-08-11T15:45:16Z
G2167,joy,Greek,M04,Joy,old-system-migration,2026-08-11T15:45:16Z
G2168,to thank,Greek,M21,Prayer,old-system-migration,2026-08-11T15:45:16Z
G2169,thankfulness,Greek,M04,Joy,old-system-migration,2026-08-11T15:45:16Z
G2170,thankful,Greek,M04,Joy,old-system-migration,2026-08-11T15:45:16Z
G2171,a vow/prayer,Greek,M21,Prayer,old-system-migration,2026-08-11T15:45:16Z
G2174,be glad,Greek,M04,Joy,old-system-migration,2026-08-11T15:45:16Z
G2183,division,Greek,T2,Supplementary,old-system-migration,2026-08-11T15:45:16Z
G2184,daily,Greek,T2,Supplementary,old-system-migration,2026-08-11T15:45:16Z
G2192,to have/be,Greek,M23,Strength,old-system-migration,2026-08-11T15:45:16Z
G2200,hot,Greek,M02,Anger,old-system-migration,2026-08-11T15:45:16Z
G2204,be fervent,Greek,M19,Trust,old-system-migration,2026-08-11T15:45:16Z
G2205,zeal,Greek,M21,Prayer,old-system-migration,2026-08-11T15:45:16Z
G2206,be eager,Greek,M19,Trust,old-system-migration,2026-08-11T15:45:16Z
G2207,zealot,Greek,M21,Prayer,old-system-migration,2026-08-11T15:45:16Z
G2212,to seek,Greek,M41,Remembrance,old-system-migration,2026-08-11T15:45:16Z
G2233,to govern,Greek,M23,Strength,old-system-migration,2026-08-11T15:45:16Z
G2234,gladly,Greek,M04,Joy,old-system-migration,2026-08-11T15:45:16Z
G2236,most gladly,Greek,M04,Joy,old-system-migration,2026-08-11T15:45:16Z
G2237,pleasure,Greek,M04,Joy,old-system-migration,2026-08-11T15:45:16Z
G2237,pleasure,Greek,M28,Envy,old-system-migration,2026-08-11T15:45:16Z
G2253,half-dead,Greek,M24,Weakness,old-system-migration,2026-08-11T15:45:16Z
G2263,quiet,Greek,M33,Peace,old-system-migration,2026-08-11T15:45:16Z
G2270,be quiet/give up,Greek,M33,Peace,old-system-migration,2026-08-11T15:45:16Z
G2271,quietness,Greek,M33,Peace,old-system-migration,2026-08-11T15:45:16Z
G2272,quiet,Greek,M33,Peace,old-system-migration,2026-08-11T15:45:16Z
G2284,to astonish,Greek,M04,Joy,old-system-migration,2026-08-11T15:45:16Z
G2285,amazement,Greek,M01,Fear,old-system-migration,2026-08-11T15:45:16Z
G2288,death,Greek,T2,Supplementary,old-system-migration,2026-08-11T15:45:16Z
G2292,be confident,Greek,M04,Joy,old-system-migration,2026-08-11T15:45:16Z
G2292,be confident,Greek,M23,Strength,old-system-migration,2026-08-11T15:45:16Z
G2293,take heart,Greek,M04,Joy,old-system-migration,2026-08-11T15:45:16Z
G2293,take heart,Greek,M23,Strength,old-system-migration,2026-08-11T15:45:16Z
G2295,marvel,Greek,M04,Joy,old-system-migration,2026-08-11T15:45:16Z
G2296,to marvel,Greek,M04,Joy,old-system-migration,2026-08-11T15:45:16Z
G2307,will/desire,Greek,M29,Desire,old-system-migration,2026-08-11T15:45:16Z
G2308,will,Greek,T2,Supplementary,old-system-migration,2026-08-11T15:45:16Z
G2309,to will/desire,Greek,M29,Desire,old-system-migration,2026-08-11T15:45:16Z
G2317,reverence for God,Greek,M21,Prayer,old-system-migration,2026-08-11T15:45:16Z
G2318,godly,Greek,M21,Prayer,old-system-migration,2026-08-11T15:45:16Z
G2346,to press on,Greek,M03,Grief,old-system-migration,2026-08-11T15:45:16Z
G2347,pressure,Greek,M01,Fear,old-system-migration,2026-08-11T15:45:16Z
G2347,pressure,Greek,M24,Weakness,old-system-migration,2026-08-11T15:45:16Z
G2348,to die/be dead,Greek,T2,Supplementary,old-system-migration,2026-08-11T15:45:16Z
G2349,mortal,Greek,T2,Supplementary,old-system-migration,2026-08-11T15:45:16Z
G2356,religion,Greek,M31,Faith,old-system-migration,2026-08-11T15:45:16Z
G2371,to quarrel,Greek,M02,Anger,old-system-migration,2026-08-11T15:45:16Z
G2373,to anger,Greek,M02,Anger,old-system-migration,2026-08-11T15:45:16Z
G2373,to anger,Greek,T2,Supplementary,old-system-migration,2026-08-11T15:45:16Z
G2433,to propitiate,Greek,M38,Salvation,old-system-migration,2026-08-11T15:45:16Z
G2434,propitiation,Greek,M38,Salvation,old-system-migration,2026-08-11T15:45:16Z
G2435,propitiation,Greek,M38,Salvation,old-system-migration,2026-08-11T15:45:16Z
G2436,propitious/gracious,Greek,M38,Salvation,old-system-migration,2026-08-11T15:45:16Z
G2442,to desire,Greek,M28,Envy,old-system-migration,2026-08-11T15:45:16Z
G2473,like-minded,Greek,M05,Love,old-system-migration,2026-08-11T15:45:16Z
G2478,strong,Greek,M23,Strength,old-system-migration,2026-08-11T15:45:16Z
G2479,strength,Greek,M23,Strength,old-system-migration,2026-08-11T15:45:16Z
G2480,be strong,Greek,M23,Strength,old-system-migration,2026-08-11T15:45:16Z
G2511,to clean,Greek,M12,Purity,old-system-migration,2026-08-11T15:45:16Z
G2512,cleansing,Greek,M12,Purity,old-system-migration,2026-08-11T15:45:16Z
G2513,clean,Greek,M12,Purity,old-system-migration,2026-08-11T15:45:16Z
G2532,and,Greek,T2,Supplementary,old-system-migration,2026-08-11T15:45:16Z
G2537,new,Greek,M45,Transformation,old-system-migration,2026-08-11T15:45:16Z
G2549,evil,Greek,M10,Sin,old-system-migration,2026-08-11T15:45:16Z
G2551,to curse/revile,Greek,M07,Shame,old-system-migration,2026-08-11T15:45:16Z
G2552,suffering,Greek,M24,Weakness,old-system-migration,2026-08-11T15:45:16Z
G2553,to endure,Greek,M34,Perseverance,old-system-migration,2026-08-11T15:45:16Z
G2554,to do evil/harm,Greek,M27,Evil,old-system-migration,2026-08-11T15:45:16Z
G2555,wrongdoing,Greek,M10,Sin,old-system-migration,2026-08-11T15:45:16Z
G2559,to harm,Greek,M24,Weakness,old-system-migration,2026-08-11T15:45:16Z
G2560,badly,Greek,T2,Supplementary,old-system-migration,2026-08-11T15:45:16Z
G2564G,to call: call,Greek,M37,Calling,old-system-migration,2026-08-11T15:45:16Z
G2588,heart,Greek,M47,Constitution,old-system-migration,2026-08-11T15:45:16Z
G2589,heart-knower,Greek,M26,Righteousness,old-system-migration,2026-08-11T15:45:16Z
G2610,to conquer,Greek,M23,Strength,old-system-migration,2026-08-11T15:45:16Z
G2613,to condemn,Greek,M26,Righteousness,old-system-migration,2026-08-11T15:45:16Z
G2615,to enslave,Greek,M36,Service,old-system-migration,2026-08-11T15:45:16Z
G2616,to oppress,Greek,M24,Weakness,old-system-migration,2026-08-11T15:45:16Z
G2617,to dishonor,Greek,M07,Shame,old-system-migration,2026-08-11T15:45:16Z
G2631,condemnation,Greek,T2,Supplementary,old-system-migration,2026-08-11T15:45:16Z
G2632,to condemn,Greek,M26,Righteousness,old-system-migration,2026-08-11T15:45:16Z
G2633,condemnation,Greek,M26,Righteousness,old-system-migration,2026-08-11T15:45:16Z
G2634,to master,Greek,M23,Strength,old-system-migration,2026-08-11T15:45:16Z
G2635,to slander,Greek,M42,Speech,old-system-migration,2026-08-11T15:45:16Z
G2636,slander,Greek,M14,Deceit,old-system-migration,2026-08-11T15:45:16Z
G2637,slanderous,Greek,M14,Deceit,old-system-migration,2026-08-11T15:45:16Z
G2643,reconciliation,Greek,M05,Love,old-system-migration,2026-08-11T15:45:16Z
G2644,to reconcile,Greek,M11,Repentance,old-system-migration,2026-08-11T15:45:16Z
G2669,to oppress,Greek,M24,Weakness,old-system-migration,2026-08-11T15:45:16Z
G2686,be cunning,Greek,M14,Deceit,old-system-migration,2026-08-11T15:45:16Z
G2691,to desire,Greek,M28,Envy,old-system-migration,2026-08-11T15:45:16Z
G2699,mutilation,Greek,M07,Shame,old-system-migration,2026-08-11T15:45:16Z
G2705,to kiss,Greek,M05,Love,old-system-migration,2026-08-11T15:45:16Z
G2712,idolatrous,Greek,M27,Evil,old-system-migration,2026-08-11T15:45:16Z
G2715,to rule,Greek,M23,Strength,old-system-migration,2026-08-11T15:45:16Z
G2729,to prevail,Greek,M23,Strength,old-system-migration,2026-08-11T15:45:16Z
G2744,to boast,Greek,M08,Pride,old-system-migration,2026-08-11T15:45:16Z
G2745,pride,Greek,M08,Pride,old-system-migration,2026-08-11T15:45:16Z
G2746,pride,Greek,M08,Pride,old-system-migration,2026-08-11T15:45:16Z
G2767,to mix,Greek,T2,Supplementary,old-system-migration,2026-08-11T15:45:16Z
G2770,to gain,Greek,M37,Calling,old-system-migration,2026-08-11T15:45:16Z
G2787G,ark: covenant,Greek,T2,Supplementary,old-system-migration,2026-08-11T15:45:16Z
G2787H,ark: Noah,Greek,T2,Supplementary,old-system-migration,2026-08-11T15:45:16Z
G2799,to weep,Greek,M03,Grief,old-system-migration,2026-08-11T15:45:16Z
G2805,weeping,Greek,M03,Grief,old-system-migration,2026-08-11T15:45:16Z
G2821,calling,Greek,M31,Faith,old-system-migration,2026-08-11T15:45:16Z
G2822,called,Greek,M31,Faith,old-system-migration,2026-08-11T15:45:16Z
G2842,participation,Greek,M05,Love,old-system-migration,2026-08-11T15:45:16Z
G2844,participant,Greek,M05,Love,old-system-migration,2026-08-11T15:45:16Z
G2875,to cut/mourn,Greek,M03,Grief,old-system-migration,2026-08-11T15:45:16Z
G2896,to cry,Greek,M42,Speech,old-system-migration,2026-08-11T15:45:16Z
G2900,mighty,Greek,M23,Strength,old-system-migration,2026-08-11T15:45:16Z
G2900,mighty,Greek,T2,Supplementary,old-system-migration,2026-08-11T15:45:16Z
G2904,power,Greek,M23,Strength,old-system-migration,2026-08-11T15:45:16Z
G2907,meat,Greek,T2,Supplementary,old-system-migration,2026-08-11T15:45:16Z
G2908,greater,Greek,M23,Strength,old-system-migration,2026-08-11T15:45:16Z
G2919,to judge,Greek,FLAG,Flag,old-system-migration,2026-08-11T15:45:16Z
G2919,to judge,Greek,M26,Righteousness,old-system-migration,2026-08-11T15:45:16Z
G2920,judgment,Greek,FLAG,Flag,old-system-migration,2026-08-11T15:45:16Z
G2920,judgment,Greek,M26,Righteousness,old-system-migration,2026-08-11T15:45:16Z
G2961,to lord over,Greek,M23,Strength,old-system-migration,2026-08-11T15:45:16Z
G2962H,lord: master,Greek,M23,Strength,old-system-migration,2026-08-11T15:45:16Z
G2963,lordship,Greek,M23,Strength,old-system-migration,2026-08-11T15:45:16Z
G2965,dog,Greek,T2,Supplementary,old-system-migration,2026-08-11T15:45:16Z
G2999,ministry,Greek,M36,Service,old-system-migration,2026-08-11T15:45:16Z
G2999,ministry,Greek,T2,Supplementary,old-system-migration,2026-08-11T15:45:16Z
G3000,to minister,Greek,M36,Service,old-system-migration,2026-08-11T15:45:16Z
G3009,ministry,Greek,M36,Service,old-system-migration,2026-08-11T15:45:16Z
G3040, Havens,Greek,T2,Supplementary,old-system-migration,2026-08-11T15:45:16Z
G3045,rich,Greek,M46,Abundance,old-system-migration,2026-08-11T15:45:16Z
G3049,to count,Greek,M26,Righteousness,old-system-migration,2026-08-11T15:45:16Z
G3050,spiritual,Greek,M43,Prophecy,old-system-migration,2026-08-11T15:45:16Z
G3053,thought,Greek,M15,Wisdom,old-system-migration,2026-08-11T15:45:16Z
G3054,to quarrel,Greek,T2,Supplementary,old-system-migration,2026-08-11T15:45:16Z
G3055,quarrel,Greek,M02,Anger,old-system-migration,2026-08-11T15:45:16Z
G3056,word,Greek,M15,Wisdom,old-system-migration,2026-08-11T15:45:16Z
G3059,reviling,Greek,M07,Shame,old-system-migration,2026-08-11T15:45:16Z
G3076,to grieve,Greek,M03,Grief,old-system-migration,2026-08-11T15:45:16Z
G3077,grief,Greek,M03,Grief,old-system-migration,2026-08-11T15:45:16Z
G3105,to rave,Greek,M16,Folly,old-system-migration,2026-08-11T15:45:16Z
G3108,blessedness,Greek,M04,Joy,old-system-migration,2026-08-11T15:45:16Z
G3114,to have patience,Greek,M34,Perseverance,old-system-migration,2026-08-11T15:45:16Z
G3115,patience,Greek,M33,Peace,old-system-migration,2026-08-11T15:45:16Z
G3116,patiently,Greek,M34,Perseverance,old-system-migration,2026-08-11T15:45:16Z
G3130,insanity,Greek,M16,Folly,old-system-migration,2026-08-11T15:45:16Z
G3177,to mean,Greek,M15,Wisdom,old-system-migration,2026-08-11T15:45:16Z
G3195,to ensue,Greek,T2,Supplementary,old-system-migration,2026-08-11T15:45:16Z
G3303,on the other hand,Greek,T2,Supplementary,old-system-migration,2026-08-11T15:45:16Z
G3307,to divide,Greek,T2,Supplementary,old-system-migration,2026-08-11T15:45:16Z
G3308,concern,Greek,M20,Doubt,old-system-migration,2026-08-11T15:45:16Z
G3309,to worry,Greek,M20,Doubt,old-system-migration,2026-08-11T15:45:16Z
G3310,part,Greek,T2,Supplementary,old-system-migration,2026-08-11T15:45:16Z
G3311,division,Greek,T2,Supplementary,old-system-migration,2026-08-11T15:45:16Z
G3312,arbiter,Greek,M15,Wisdom,old-system-migration,2026-08-11T15:45:16Z
G3313,part,Greek,T2,Supplementary,old-system-migration,2026-08-11T15:45:16Z
G3328,to change mind,Greek,M45,Transformation,old-system-migration,2026-08-11T15:45:16Z
G3330,to share,Greek,M44,Relational,old-system-migration,2026-08-11T15:45:16Z
G3338,to repent,Greek,M45,Transformation,old-system-migration,2026-08-11T15:45:16Z
G3339,to transform,Greek,M45,Transformation,old-system-migration,2026-08-11T15:45:16Z
G3340,to repent,Greek,M45,Transformation,old-system-migration,2026-08-11T15:45:16Z
G3341,repentance,Greek,M45,Transformation,old-system-migration,2026-08-11T15:45:16Z
G3346,to transport,Greek,FLAG,Flag,old-system-migration,2026-08-11T15:45:16Z
G3346,to transport,Greek,T2,Supplementary,old-system-migration,2026-08-11T15:45:16Z
G3350,deportation,Greek,T2,Supplementary,old-system-migration,2026-08-11T15:45:16Z
G3351,to deport,Greek,T2,Supplementary,old-system-migration,2026-08-11T15:45:16Z
G3356,be gentle,Greek,M09,Humility,old-system-migration,2026-08-11T15:45:16Z
G3361,not,Greek,T2,Supplementary,old-system-migration,2026-08-11T15:45:16Z
G3379,lest,Greek,T2,Supplementary,old-system-migration,2026-08-11T15:45:16Z
G3392,to stain,Greek,M12,Purity,old-system-migration,2026-08-11T15:45:16Z
G3394,defilement,Greek,M10,Sin,old-system-migration,2026-08-11T15:45:16Z
G3403,to remember,Greek,M41,Remembrance,old-system-migration,2026-08-11T15:45:16Z
G3415,to remember,Greek,M41,Remembrance,old-system-migration,2026-08-11T15:45:16Z
G3417,remembrance,Greek,M41,Remembrance,old-system-migration,2026-08-11T15:45:16Z
G3420,remembrance,Greek,M41,Remembrance,old-system-migration,2026-08-11T15:45:16Z
G3421,to remember,Greek,M41,Remembrance,old-system-migration,2026-08-11T15:45:16Z
G3422,memorial,Greek,T2,Supplementary,old-system-migration,2026-08-11T15:45:16Z
G3435,to defile,Greek,M10,Sin,old-system-migration,2026-08-11T15:45:16Z
G3436,defilement,Greek,M10,Sin,old-system-migration,2026-08-11T15:45:16Z
G3445,to form,Greek,M12,Purity,old-system-migration,2026-08-11T15:45:16Z
G3462,to anoint,Greek,T2,Supplementary,old-system-migration,2026-08-11T15:45:16Z
G3464,ointment,Greek,T2,Supplementary,old-system-migration,2026-08-11T15:45:16Z
G3471,be foolish,Greek,M16,Folly,old-system-migration,2026-08-11T15:45:16Z
G3472,foolishness,Greek,M16,Folly,old-system-migration,2026-08-11T15:45:16Z
G3474,foolish,Greek,M16,Folly,old-system-migration,2026-08-11T15:45:16Z
G3498,dead,Greek,T2,Supplementary,old-system-migration,2026-08-11T15:45:16Z
G3499,to put to death,Greek,M24,Weakness,old-system-migration,2026-08-11T15:45:16Z
G3510,mind,Greek,M47,Constitution,old-system-migration,2026-08-11T15:45:16Z
G3524,sober,Greek,M19,Trust,old-system-migration,2026-08-11T15:45:16Z
G3525,be sober,Greek,M33,Peace,old-system-migration,2026-08-11T15:45:16Z
G3540,mind/thought,Greek,M15,Wisdom,old-system-migration,2026-08-11T15:45:16Z
G3552,be sick,Greek,M24,Weakness,old-system-migration,2026-08-11T15:45:16Z
G3554,illness,Greek,M24,Weakness,old-system-migration,2026-08-11T15:45:16Z
G3563,mind,Greek,M47,Constitution,old-system-migration,2026-08-11T15:45:16Z
G3600,be anguished,Greek,M03,Grief,old-system-migration,2026-08-11T15:45:16Z
G3601,anguish,Greek,M03,Grief,old-system-migration,2026-08-11T15:45:16Z
G3602,mourning,Greek,M03,Grief,old-system-migration,2026-08-11T15:45:16Z
G3609,of one’s household,Greek,T2,Supplementary,old-system-migration,2026-08-11T15:45:16Z
G3610,slave,Greek,M36,Service,old-system-migration,2026-08-11T15:45:16Z
G3611,to dwell,Greek,T2,Supplementary,old-system-migration,2026-08-11T15:45:16Z
G3612,cell,Greek,T2,Supplementary,old-system-migration,2026-08-11T15:45:16Z
G3613,dwelling,Greek,T2,Supplementary,old-system-migration,2026-08-11T15:45:16Z
G3614G,home,Greek,T2,Supplementary,old-system-migration,2026-08-11T15:45:16Z
G3614H,home: household,Greek,T2,Supplementary,old-system-migration,2026-08-11T15:45:16Z
G3616,to manage a house,Greek,T2,Supplementary,old-system-migration,2026-08-11T15:45:16Z
G3617,householder,Greek,T2,Supplementary,old-system-migration,2026-08-11T15:45:16Z
G3618,to build,Greek,M05,Love,old-system-migration,2026-08-11T15:45:16Z
G3618,to build,Greek,T2,Supplementary,old-system-migration,2026-08-11T15:45:16Z
G3619,building,Greek,M05,Love,old-system-migration,2026-08-11T15:45:16Z
G3621,to manage,Greek,T2,Supplementary,old-system-migration,2026-08-11T15:45:16Z
G3622,management,Greek,T2,Supplementary,old-system-migration,2026-08-11T15:45:16Z
G3623,manager,Greek,T2,Supplementary,old-system-migration,2026-08-11T15:45:16Z
G3624H,house: household,Greek,T2,Supplementary,old-system-migration,2026-08-11T15:45:16Z
G3625,world,Greek,T2,Supplementary,old-system-migration,2026-08-11T15:45:16Z
G3626,busy at home,Greek,T2,Supplementary,old-system-migration,2026-08-11T15:45:16Z
G3627,to have compassion,Greek,M05,Love,old-system-migration,2026-08-11T15:45:16Z
G3628,compassion,Greek,M05,Love,old-system-migration,2026-08-11T15:45:16Z
G3629,compassionate,Greek,M05,Love,old-system-migration,2026-08-11T15:45:16Z
G3635,to delay,Greek,M09,Humility,old-system-migration,2026-08-11T15:45:16Z
G3636,lazy,Greek,M16,Folly,old-system-migration,2026-08-11T15:45:16Z
G3640,of little faith,Greek,M31,Faith,old-system-migration,2026-08-11T15:45:16Z
G3642,fainthearted,Greek,M20,Doubt,old-system-migration,2026-08-11T15:45:16Z
G3663,like,Greek,T2,Supplementary,old-system-migration,2026-08-11T15:45:16Z
G3675,like-minded,Greek,M05,Love,old-system-migration,2026-08-11T15:45:16Z
G3685,to have joy,Greek,M04,Joy,old-system-migration,2026-08-11T15:45:16Z
G3686,name,Greek,T2,Supplementary,old-system-migration,2026-08-11T15:45:16Z
G3687,to name,Greek,T2,Supplementary,old-system-migration,2026-08-11T15:45:16Z
G3709,wrath,Greek,M02,Anger,old-system-migration,2026-08-11T15:45:16Z
G3710,to anger,Greek,M02,Anger,old-system-migration,2026-08-11T15:45:16Z
G3711,quick-tempered,Greek,M02,Anger,old-system-migration,2026-08-11T15:45:16Z
G3713,to aspire,Greek,M18,Hope,old-system-migration,2026-08-11T15:45:16Z
G3715,lust,Greek,M28,Envy,old-system-migration,2026-08-11T15:45:16Z
G3741,sacred,Greek,M12,Purity,old-system-migration,2026-08-11T15:45:16Z
G3742,holiness,Greek,M22,Praise,old-system-migration,2026-08-11T15:45:16Z
G3743,devoutly,Greek,T2,Supplementary,old-system-migration,2026-08-11T15:45:16Z
G3775,ear,Greek,T2,Supplementary,old-system-migration,2026-08-11T15:45:16Z
G3779,thus(-ly),Greek,T2,Supplementary,old-system-migration,2026-08-11T15:45:16Z
G3785,I wish!,Greek,T2,Supplementary,old-system-migration,2026-08-11T15:45:16Z
G3788,eye,Greek,T2,Supplementary,old-system-migration,2026-08-11T15:45:16Z
G3804,suffering,Greek,M24,Weakness,old-system-migration,2026-08-11T15:45:16Z
G3805,suffering,Greek,M24,Weakness,old-system-migration,2026-08-11T15:45:16Z
G3806,passion,Greek,T2,Supplementary,old-system-migration,2026-08-11T15:45:16Z
G3832,with all the house,Greek,T2,Supplementary,old-system-migration,2026-08-11T15:45:16Z
G3836,from all sides,Greek,T2,Supplementary,old-system-migration,2026-08-11T15:45:16Z
G3837,everywhere,Greek,T2,Supplementary,old-system-migration,2026-08-11T15:45:16Z
G3838,completely,Greek,T2,Supplementary,old-system-migration,2026-08-11T15:45:16Z
G3839,always,Greek,T2,Supplementary,old-system-migration,2026-08-11T15:45:16Z
G3840,from all sides,Greek,T2,Supplementary,old-system-migration,2026-08-11T15:45:16Z
G3841,almighty,Greek,M23,Strength,old-system-migration,2026-08-11T15:45:16Z
G3842,always,Greek,T2,Supplementary,old-system-migration,2026-08-11T15:45:16Z
G3843,surely,Greek,T2,Supplementary,old-system-migration,2026-08-11T15:45:16Z
G3844,from/with/beside,Greek,FLAG,Flag,old-system-migration,2026-08-11T15:45:16Z
G3844,from/with/beside,Greek,T2,Supplementary,old-system-migration,2026-08-11T15:45:16Z
G3845,to transgress,Greek,M10,Sin,old-system-migration,2026-08-11T15:45:16Z
G3847,transgression,Greek,M10,Sin,old-system-migration,2026-08-11T15:45:16Z
G3848,transgressor,Greek,M10,Sin,old-system-migration,2026-08-11T15:45:16Z
G3856,to disgrace,Greek,M07,Shame,old-system-migration,2026-08-11T15:45:16Z
G3860,to deliver,Greek,T2,Supplementary,old-system-migration,2026-08-11T15:45:16Z
G3863,to make envious,Greek,M28,Envy,old-system-migration,2026-08-11T15:45:16Z
G3870,to plead/comfort,Greek,M05,Love,old-system-migration,2026-08-11T15:45:16Z
G3874,encouragement,Greek,M05,Love,old-system-migration,2026-08-11T15:45:16Z
G3875,counsellor,Greek,M17,Counsel,old-system-migration,2026-08-11T15:45:16Z
G3876,disobedience,Greek,M30,Obedience,old-system-migration,2026-08-11T15:45:16Z
G3878,to ignore,Greek,M30,Obedience,old-system-migration,2026-08-11T15:45:16Z
G3890,comfort,Greek,M33,Peace,old-system-migration,2026-08-11T15:45:16Z
G3892,lawlessness,Greek,M30,Obedience,old-system-migration,2026-08-11T15:45:16Z
G3893,to rebel,Greek,M30,Obedience,old-system-migration,2026-08-11T15:45:16Z
G3894,rebellion,Greek,M30,Obedience,old-system-migration,2026-08-11T15:45:16Z
G3900,trespass,Greek,M10,Sin,old-system-migration,2026-08-11T15:45:16Z
G3912,be insane,Greek,M16,Folly,old-system-migration,2026-08-11T15:45:16Z
G3913,insanity,Greek,M16,Folly,old-system-migration,2026-08-11T15:45:16Z
G3931,comfort,Greek,M33,Peace,old-system-migration,2026-08-11T15:45:16Z
G3947,to provoke,Greek,M02,Anger,old-system-migration,2026-08-11T15:45:16Z
G3948,stirring up,Greek,M02,Anger,old-system-migration,2026-08-11T15:45:16Z
G3949,to anger,Greek,M02,Anger,old-system-migration,2026-08-11T15:45:16Z
G3950,anger,Greek,M02,Anger,old-system-migration,2026-08-11T15:45:16Z
G3954,boldness,Greek,M34,Perseverance,old-system-migration,2026-08-11T15:45:16Z
G3955,to preach boldly,Greek,M21,Prayer,old-system-migration,2026-08-11T15:45:16Z
G3958,to suffer,Greek,M24,Weakness,old-system-migration,2026-08-11T15:45:16Z
G3982,to persuade,Greek,M35,Testing,old-system-migration,2026-08-11T15:45:16Z
G3984,test,Greek,M35,Testing,old-system-migration,2026-08-11T15:45:16Z
G3985G,to test/tempt: tempt,Greek,M35,Testing,old-system-migration,2026-08-11T15:45:16Z
G3985H,to test/tempt: test,Greek,M35,Testing,old-system-migration,2026-08-11T15:45:16Z
G3985I,to test/tempt: try,Greek,M35,Testing,old-system-migration,2026-08-11T15:45:16Z
G3986G,temptation/testing: temptation,Greek,M35,Testing,old-system-migration,2026-08-11T15:45:16Z
G3986H,temptation/testing: testing,Greek,M35,Testing,old-system-migration,2026-08-11T15:45:16Z
G3987,to try,Greek,M35,Testing,old-system-migration,2026-08-11T15:45:16Z
G3993,poor,Greek,M24,Weakness,old-system-migration,2026-08-11T15:45:16Z
G3996,to mourn,Greek,M03,Grief,old-system-migration,2026-08-11T15:45:16Z
G3997,grief,Greek,M03,Grief,old-system-migration,2026-08-11T15:45:16Z
G4006,confidence,Greek,M19,Trust,old-system-migration,2026-08-11T15:45:16Z
G4036,sorrowful,Greek,M03,Grief,old-system-migration,2026-08-11T15:45:16Z
G4039,to dwell around,Greek,T2,Supplementary,old-system-migration,2026-08-11T15:45:16Z
G4049,to distract,Greek,T2,Supplementary,old-system-migration,2026-08-11T15:45:16Z
G4087,to embitter,Greek,M03,Grief,old-system-migration,2026-08-11T15:45:16Z
G4088,bitterness,Greek,M02,Anger,old-system-migration,2026-08-11T15:45:16Z
G4089,bitter,Greek,M28,Envy,old-system-migration,2026-08-11T15:45:16Z
G4090,bitterly,Greek,M03,Grief,old-system-migration,2026-08-11T15:45:16Z
G4100,to trust (in),Greek,M31,Faith,old-system-migration,2026-08-11T15:45:16Z
G4102G,faith,Greek,M31,Faith,old-system-migration,2026-08-11T15:45:16Z
G4102H,faith: faithfulness,Greek,M31,Faith,old-system-migration,2026-08-11T15:45:16Z
G4103,faithful,Greek,M13,Truth,old-system-migration,2026-08-11T15:45:16Z
G4104,be convinced,Greek,M19,Trust,old-system-migration,2026-08-11T15:45:16Z
G4123,greedy,Greek,M28,Envy,old-system-migration,2026-08-11T15:45:16Z
G4124,greediness,Greek,M28,Envy,old-system-migration,2026-08-11T15:45:16Z
G4137,to fulfill,Greek,T2,Supplementary,old-system-migration,2026-08-11T15:45:16Z
G4145,rich,Greek,M46,Abundance,old-system-migration,2026-08-11T15:45:16Z
G4146,richly,Greek,M46,Abundance,old-system-migration,2026-08-11T15:45:16Z
G4147,be rich,Greek,M46,Abundance,old-system-migration,2026-08-11T15:45:16Z
G4148,to enrich,Greek,M46,Abundance,old-system-migration,2026-08-11T15:45:16Z
G4149,riches,Greek,M46,Abundance,old-system-migration,2026-08-11T15:45:16Z
G4151G,spirit/breath: spirit,Greek,M25,Life,old-system-migration,2026-08-11T15:45:16Z
G4151H,spirit/breath: breath,Greek,M25,Life,old-system-migration,2026-08-11T15:45:16Z
G4152,spiritual,Greek,M43,Prophecy,old-system-migration,2026-08-11T15:45:16Z
G4173,city authority,Greek,T2,Supplementary,old-system-migration,2026-08-11T15:45:16Z
G4174,citizenship,Greek,T2,Supplementary,old-system-migration,2026-08-11T15:45:16Z
G4176,be a citizen,Greek,T2,Supplementary,old-system-migration,2026-08-11T15:45:16Z
G4177,citizen,Greek,T2,Supplementary,old-system-migration,2026-08-11T15:45:16Z
G4184,very compassionate,Greek,M05,Love,old-system-migration,2026-08-11T15:45:16Z
G4189,evil,Greek,M10,Sin,old-system-migration,2026-08-11T15:45:16Z
G4190,evil/bad,Greek,M10,Sin,old-system-migration,2026-08-11T15:45:16Z
G4191,more evil,Greek,M27,Evil,old-system-migration,2026-08-11T15:45:16Z
G4192,travail,Greek,M03,Grief,old-system-migration,2026-08-11T15:45:16Z
G4236,gentleness,Greek,M05,Love,old-system-migration,2026-08-11T15:45:16Z
G4239,gentle,Greek,M05,Love,old-system-migration,2026-08-11T15:45:16Z
G4240,gentleness,Greek,M05,Love,old-system-migration,2026-08-11T15:45:16Z
G4255,to predetermine,Greek,M37,Calling,old-system-migration,2026-08-11T15:45:16Z
G4258,to sin beforehand,Greek,T2,Supplementary,old-system-migration,2026-08-11T15:45:16Z
G4267,to know/choose,Greek,M37,Calling,old-system-migration,2026-08-11T15:45:16Z
G4268,foreknowledge,Greek,M37,Calling,old-system-migration,2026-08-11T15:45:16Z
G4273,traitor,Greek,M14,Deceit,old-system-migration,2026-08-11T15:45:16Z
G4275,to foresee,Greek,FLAG,Flag,old-system-migration,2026-08-11T15:45:16Z
G4275,to foresee,Greek,T2,Supplementary,old-system-migration,2026-08-11T15:45:16Z
G4276,to hope beforehand,Greek,T2,Supplementary,old-system-migration,2026-08-11T15:45:16Z
G4286,purpose,Greek,M17,Counsel,old-system-migration,2026-08-11T15:45:16Z
G4288,eagerness,Greek,M29,Desire,old-system-migration,2026-08-11T15:45:16Z
G4289,eager,Greek,M34,Perseverance,old-system-migration,2026-08-11T15:45:16Z
G4290,eagerly,Greek,T2,Supplementary,old-system-migration,2026-08-11T15:45:16Z
G4305,to worry beforehand,Greek,T2,Supplementary,old-system-migration,2026-08-11T15:45:16Z
G4306,to care for,Greek,M05,Love,old-system-migration,2026-08-11T15:45:16Z
G4307,foresight,Greek,M15,Wisdom,old-system-migration,2026-08-11T15:45:16Z
G4328,to look for,Greek,M18,Hope,old-system-migration,2026-08-11T15:45:16Z
G4329,expectation,Greek,M18,Hope,old-system-migration,2026-08-11T15:45:16Z
G4335,prayer,Greek,M21,Prayer,old-system-migration,2026-08-11T15:45:16Z
G4336,to pray,Greek,M21,Prayer,old-system-migration,2026-08-11T15:45:16Z
G4341,to call to/summon,Greek,M37,Calling,old-system-migration,2026-08-11T15:45:16Z
G4348,stumbling block,Greek,M35,Testing,old-system-migration,2026-08-11T15:45:16Z
G4349,stumbling,Greek,M35,Testing,old-system-migration,2026-08-11T15:45:16Z
G4350,to strike,Greek,M35,Testing,old-system-migration,2026-08-11T15:45:16Z
G4352,to worship,Greek,M22,Praise,old-system-migration,2026-08-11T15:45:16Z
G4353,worshiper,Greek,T2,Supplementary,old-system-migration,2026-08-11T15:45:16Z
G4375,lovely,Greek,M05,Love,old-system-migration,2026-08-11T15:45:16Z
G4377,to call to/summon,Greek,M37,Calling,old-system-migration,2026-08-11T15:45:16Z
G4388,to plan/present,Greek,M15,Wisdom,old-system-migration,2026-08-11T15:45:16Z
G4394,prophecy,Greek,M43,Prophecy,old-system-migration,2026-08-11T15:45:16Z
G4395,to prophesy,Greek,M42,Speech,old-system-migration,2026-08-11T15:45:16Z
G4396,prophet,Greek,T2,Supplementary,old-system-migration,2026-08-11T15:45:16Z
G4397,prophetic,Greek,T2,Supplementary,old-system-migration,2026-08-11T15:45:16Z
G4398,prophetess,Greek,T2,Supplementary,old-system-migration,2026-08-11T15:45:16Z
G4400,to appoint,Greek,T2,Supplementary,old-system-migration,2026-08-11T15:45:16Z
G4401,to choose,Greek,M37,Calling,old-system-migration,2026-08-11T15:45:16Z
G4415,birthright,Greek,T2,Supplementary,old-system-migration,2026-08-11T15:45:16Z
G4416,firstborn,Greek,M37,Calling,old-system-migration,2026-08-11T15:45:16Z
G4417,to stumble,Greek,M35,Testing,old-system-migration,2026-08-11T15:45:16Z
G4422,to frighten,Greek,M01,Fear,old-system-migration,2026-08-11T15:45:16Z
G4423,fear,Greek,M01,Fear,old-system-migration,2026-08-11T15:45:16Z
G4426,to frighten,Greek,M01,Fear,old-system-migration,2026-08-11T15:45:16Z
G4433,be poor,Greek,M46,Abundance,old-system-migration,2026-08-11T15:45:16Z
G4434,poor,Greek,M46,Abundance,old-system-migration,2026-08-11T15:45:16Z
G4436,divining spirit,Greek,T2,Supplementary,old-system-migration,2026-08-11T15:45:16Z
G4456,to harden,Greek,M30,Obedience,old-system-migration,2026-08-11T15:45:16Z
G4457,hardening,Greek,M30,Obedience,old-system-migration,2026-08-11T15:45:16Z
G4519,hosts,Greek,M23,Strength,old-system-migration,2026-08-11T15:45:16Z
G4559,fleshly,Greek,M28,Envy,old-system-migration,2026-08-11T15:45:16Z
G4560,fleshly,Greek,M28,Envy,old-system-migration,2026-08-11T15:45:16Z
G4561,flesh,Greek,M47,Constitution,old-system-migration,2026-08-11T15:45:16Z
G4576,be devout,Greek,M21,Prayer,old-system-migration,2026-08-11T15:45:16Z
G4586,noble,Greek,M34,Perseverance,old-system-migration,2026-08-11T15:45:16Z
G4587,dignity,Greek,M09,Humility,old-system-migration,2026-08-11T15:45:16Z
G4599,to strengthen,Greek,M23,Strength,old-system-migration,2026-08-11T15:45:16Z
G4601,be silent,Greek,M42,Speech,old-system-migration,2026-08-11T15:45:16Z
G4602,silence,Greek,M33,Peace,old-system-migration,2026-08-11T15:45:16Z
G4617,to sift,Greek,M35,Testing,old-system-migration,2026-08-11T15:45:16Z
G4623,be quiet,Greek,M33,Peace,old-system-migration,2026-08-11T15:45:16Z
G4624,to cause to stumble,Greek,M35,Testing,old-system-migration,2026-08-11T15:45:16Z
G4625,stumbling block,Greek,M35,Testing,old-system-migration,2026-08-11T15:45:16Z
G4641,hardness of heart,Greek,M30,Obedience,old-system-migration,2026-08-11T15:45:16Z
G4643,hardness,Greek,M30,Obedience,old-system-migration,2026-08-11T15:45:16Z
G4652,dark,Greek,T2,Supplementary,old-system-migration,2026-08-11T15:45:16Z
G4653,darkness,Greek,T2,Supplementary,old-system-migration,2026-08-11T15:45:16Z
G4654,to darken,Greek,T2,Supplementary,old-system-migration,2026-08-11T15:45:16Z
G4655,darkness,Greek,T2,Supplementary,old-system-migration,2026-08-11T15:45:16Z
G4656,to darken,Greek,T2,Supplementary,old-system-migration,2026-08-11T15:45:16Z
G4658,Scythian,Greek,T2,Supplementary,old-system-migration,2026-08-11T15:45:16Z
G4660,to trouble,Greek,M03,Grief,old-system-migration,2026-08-11T15:45:16Z
G4661,plunder,Greek,M24,Weakness,old-system-migration,2026-08-11T15:45:16Z
G4678,wisdom,Greek,M15,Wisdom,old-system-migration,2026-08-11T15:45:16Z
G4679,to make wise,Greek,M15,Wisdom,old-system-migration,2026-08-11T15:45:16Z
G4680,wise,Greek,M15,Wisdom,old-system-migration,2026-08-11T15:45:16Z
G4697,to pity,Greek,M05,Love,old-system-migration,2026-08-11T15:45:16Z
G4698,affection/entrails,Greek,T2,Supplementary,old-system-migration,2026-08-11T15:45:16Z
G4704,be eager,Greek,M19,Trust,old-system-migration,2026-08-11T15:45:16Z
G4705,eager,Greek,M34,Perseverance,old-system-migration,2026-08-11T15:45:16Z
G4710,diligence,Greek,M34,Perseverance,old-system-migration,2026-08-11T15:45:16Z
G4726,groan,Greek,M03,Grief,old-system-migration,2026-08-11T15:45:16Z
G4727,to groan,Greek,M42,Speech,old-system-migration,2026-08-11T15:45:16Z
G4728,narrow,Greek,T2,Supplementary,old-system-migration,2026-08-11T15:45:16Z
G4729,to press upon,Greek,M03,Grief,old-system-migration,2026-08-11T15:45:16Z
G4730,hardship,Greek,M01,Fear,old-system-migration,2026-08-11T15:45:16Z
G4730,hardship,Greek,M24,Weakness,old-system-migration,2026-08-11T15:45:16Z
G4731,strong,Greek,M23,Strength,old-system-migration,2026-08-11T15:45:16Z
G4732,to strengthen,Greek,M23,Strength,old-system-migration,2026-08-11T15:45:16Z
G4733,firmness,Greek,M19,Trust,old-system-migration,2026-08-11T15:45:16Z
G4777,to suffer with,Greek,M24,Weakness,old-system-migration,2026-08-11T15:45:16Z
G4796,to rejoice with,Greek,M04,Joy,old-system-migration,2026-08-11T15:45:16Z
G4818,be grieved,Greek,M03,Grief,old-system-migration,2026-08-11T15:45:16Z
G4821,to reign with,Greek,M23,Strength,old-system-migration,2026-08-11T15:45:16Z
G4823,to consult,Greek,T2,Supplementary,old-system-migration,2026-08-11T15:45:16Z
G4824,counsel/council,Greek,M17,Counsel,old-system-migration,2026-08-11T15:45:16Z
G4825,counselor,Greek,M17,Counsel,old-system-migration,2026-08-11T15:45:16Z
G4829,to share,Greek,M44,Relational,old-system-migration,2026-08-11T15:45:16Z
G4832,conformed,Greek,M45,Transformation,old-system-migration,2026-08-11T15:45:16Z
G4833,to make like,Greek,T2,Supplementary,old-system-migration,2026-08-11T15:45:16Z
G4834,to sympathize,Greek,M05,Love,old-system-migration,2026-08-11T15:45:16Z
G4835,sympathetic,Greek,M05,Love,old-system-migration,2026-08-11T15:45:16Z
G4841,to suffer with,Greek,M03,Grief,old-system-migration,2026-08-11T15:45:16Z
G4861,harmonious,Greek,M33,Peace,old-system-migration,2026-08-11T15:45:16Z
G4862,with,Greek,FLAG,Flag,old-system-migration,2026-08-11T15:45:16Z
G4862,with,Greek,T2,Supplementary,old-system-migration,2026-08-11T15:45:16Z
G4865,to struggle,Greek,M34,Perseverance,old-system-migration,2026-08-11T15:45:16Z
G4880,to die with,Greek,T2,Supplementary,old-system-migration,2026-08-11T15:45:16Z
G4889,fellow slave,Greek,M44,Relational,old-system-migration,2026-08-11T15:45:16Z
G4893,conscience,Greek,M47,Constitution,old-system-migration,2026-08-11T15:45:16Z
G4894,be aware,Greek,M15,Wisdom,old-system-migration,2026-08-11T15:45:16Z
G4900,to bring together,Greek,T2,Supplementary,old-system-migration,2026-08-11T15:45:16Z
G4907,understanding,Greek,M15,Wisdom,old-system-migration,2026-08-11T15:45:16Z
G4908,intelligent,Greek,M15,Wisdom,old-system-migration,2026-08-11T15:45:16Z
G4912,to hold/oppress,Greek,M23,Strength,old-system-migration,2026-08-11T15:45:16Z
G4913,to delight,Greek,M04,Joy,old-system-migration,2026-08-11T15:45:16Z
G4918,to push against,Greek,T2,Supplementary,old-system-migration,2026-08-11T15:45:16Z
G4920,to understand,Greek,M15,Wisdom,old-system-migration,2026-08-11T15:45:16Z
G4924,to live with,Greek,T2,Supplementary,old-system-migration,2026-08-11T15:45:16Z
G4925,be built up with,Greek,T2,Supplementary,old-system-migration,2026-08-11T15:45:16Z
G4928,anguish,Greek,M03,Grief,old-system-migration,2026-08-11T15:45:16Z
G4942,to join hypocrisy,Greek,M10,Sin,old-system-migration,2026-08-11T15:45:16Z
G4944,to labor together,Greek,T2,Supplementary,old-system-migration,2026-08-11T15:45:16Z
G4959,to groan with,Greek,M03,Grief,old-system-migration,2026-08-11T15:45:16Z
G4977,to split,Greek,T2,Supplementary,old-system-migration,2026-08-11T15:45:16Z
G4978,split,Greek,T2,Supplementary,old-system-migration,2026-08-11T15:45:16Z
G4982,to save,Greek,M38,Salvation,old-system-migration,2026-08-11T15:45:16Z
G4990,savior,Greek,M38,Salvation,old-system-migration,2026-08-11T15:45:16Z
G4991,salvation,Greek,M38,Salvation,old-system-migration,2026-08-11T15:45:16Z
G4992,saving,Greek,M38,Salvation,old-system-migration,2026-08-11T15:45:16Z
G4993,be of sound mind,Greek,M15,Wisdom,old-system-migration,2026-08-11T15:45:16Z
G4993,be of sound mind,Greek,M47,Constitution,old-system-migration,2026-08-11T15:45:16Z
G4994,to train,Greek,M15,Wisdom,old-system-migration,2026-08-11T15:45:16Z
G4994,to train,Greek,T2,Supplementary,old-system-migration,2026-08-11T15:45:16Z
G4995,self-discipline,Greek,M19,Trust,old-system-migration,2026-08-11T15:45:16Z
G4996,in self-control,Greek,T2,Supplementary,old-system-migration,2026-08-11T15:45:16Z
G4997,mental soundness,Greek,M15,Wisdom,old-system-migration,2026-08-11T15:45:16Z
G4997,mental soundness,Greek,T2,Supplementary,old-system-migration,2026-08-11T15:45:16Z
G4998,self-controlled,Greek,M19,Trust,old-system-migration,2026-08-11T15:45:16Z
G5011,lowly,Greek,M09,Humility,old-system-migration,2026-08-11T15:45:16Z
G5012,humility,Greek,M09,Humility,old-system-migration,2026-08-11T15:45:16Z
G5013,to humble,Greek,M09,Humility,old-system-migration,2026-08-11T15:45:16Z
G5014,lowliness,Greek,M09,Humility,old-system-migration,2026-08-11T15:45:16Z
G5020,hell: Tartarus,Greek,T2,Supplementary,old-system-migration,2026-08-11T15:45:16Z
G5021,to appoint,Greek,T2,Supplementary,old-system-migration,2026-08-11T15:45:16Z
G5056,goal/tax,Greek,T2,Supplementary,old-system-migration,2026-08-11T15:45:16Z
G5111,be bold,Greek,M34,Perseverance,old-system-migration,2026-08-11T15:45:16Z
G5112,more boldly,Greek,T2,Supplementary,old-system-migration,2026-08-11T15:45:16Z
G5113,bold man,Greek,M08,Pride,old-system-migration,2026-08-11T15:45:16Z
G5156,trembling,Greek,M01,Fear,old-system-migration,2026-08-11T15:45:16Z
G5177,to obtain/happen,Greek,T2,Supplementary,old-system-migration,2026-08-11T15:45:16Z
G5185,blind,Greek,M24,Weakness,old-system-migration,2026-08-11T15:45:16Z
G5186,to blind,Greek,M24,Weakness,old-system-migration,2026-08-11T15:45:16Z
G5187,be conceited,Greek,M08,Pride,old-system-migration,2026-08-11T15:45:16Z
G5188,to smoulder,Greek,T2,Supplementary,old-system-migration,2026-08-11T15:45:16Z
G5195,to mistreat,Greek,M06,Hate,old-system-migration,2026-08-11T15:45:16Z
G5204,water,Greek,T2,Supplementary,old-system-migration,2026-08-11T15:45:16Z
G5214,to praise,Greek,M22,Praise,old-system-migration,2026-08-11T15:45:16Z
G5218,obedience,Greek,M09,Humility,old-system-migration,2026-08-11T15:45:16Z
G5219,to obey,Greek,M09,Humility,old-system-migration,2026-08-11T15:45:16Z
G5241,to intercede,Greek,M21,Prayer,old-system-migration,2026-08-11T15:45:16Z
G5242,be higher,Greek,M23,Strength,old-system-migration,2026-08-11T15:45:16Z
G5243,pride,Greek,M08,Pride,old-system-migration,2026-08-11T15:45:16Z
G5244,arrogant,Greek,M08,Pride,old-system-migration,2026-08-11T15:45:16Z
G5247,authority,Greek,M23,Strength,old-system-migration,2026-08-11T15:45:16Z
G5252,be haughty,Greek,M08,Pride,old-system-migration,2026-08-11T15:45:16Z
G5267,accountable,Greek,M26,Righteousness,old-system-migration,2026-08-11T15:45:16Z
G5271,to pretend,Greek,M14,Deceit,old-system-migration,2026-08-11T15:45:16Z
G5272,hypocrisy,Greek,M14,Deceit,old-system-migration,2026-08-11T15:45:16Z
G5273,hypocrite,Greek,M14,Deceit,old-system-migration,2026-08-11T15:45:16Z
G5278,to remain/endure,Greek,M34,Perseverance,old-system-migration,2026-08-11T15:45:16Z
G5279,to remind,Greek,M41,Remembrance,old-system-migration,2026-08-11T15:45:16Z
G5280,remembrance,Greek,M41,Remembrance,old-system-migration,2026-08-11T15:45:16Z
G5281,perseverance,Greek,M34,Perseverance,old-system-migration,2026-08-11T15:45:16Z
G5292,submission,Greek,M09,Humility,old-system-migration,2026-08-11T15:45:16Z
G5293,to subject,Greek,M23,Strength,old-system-migration,2026-08-11T15:45:16Z
G5308,high,Greek,M08,Pride,old-system-migration,2026-08-11T15:45:16Z
G5309,be arrogant,Greek,M08,Pride,old-system-migration,2026-08-11T15:45:16Z
G5326,ghost,Greek,T2,Supplementary,old-system-migration,2026-08-11T15:45:16Z
G5331,sorcery,Greek,T2,Supplementary,old-system-migration,2026-08-11T15:45:16Z
G5337,evil,Greek,M10,Sin,old-system-migration,2026-08-11T15:45:16Z
G5342,to bear/lead,Greek,M23,Strength,old-system-migration,2026-08-11T15:45:16Z
G5345,news,Greek,M41,Remembrance,old-system-migration,2026-08-11T15:45:16Z
G5351,to destroy,Greek,M10,Sin,old-system-migration,2026-08-11T15:45:16Z
G5354,to envy,Greek,M28,Envy,old-system-migration,2026-08-11T15:45:16Z
G5355,envy,Greek,M28,Envy,old-system-migration,2026-08-11T15:45:16Z
G5356,corruption,Greek,M10,Sin,old-system-migration,2026-08-11T15:45:16Z
G5358,lover of good,Greek,M05,Love,old-system-migration,2026-08-11T15:45:16Z
G5360,brotherly love,Greek,M05,Love,old-system-migration,2026-08-11T15:45:16Z
G5361,loving the brothers,Greek,M05,Love,old-system-migration,2026-08-11T15:45:16Z
G5362,husband-loving,Greek,M05,Love,old-system-migration,2026-08-11T15:45:16Z
G5363,benevolence,Greek,M05,Love,old-system-migration,2026-08-11T15:45:16Z
G5365,love of money,Greek,M28,Envy,old-system-migration,2026-08-11T15:45:16Z
G5366,money-loving,Greek,M28,Envy,old-system-migration,2026-08-11T15:45:16Z
G5367,selfish,Greek,M08,Pride,old-system-migration,2026-08-11T15:45:16Z
G5368,to love,Greek,M05,Love,old-system-migration,2026-08-11T15:45:16Z
G5369,pleasure-loving,Greek,M28,Envy,old-system-migration,2026-08-11T15:45:16Z
G5370,kiss,Greek,M05,Love,old-system-migration,2026-08-11T15:45:16Z
G5373,friendship,Greek,M05,Love,old-system-migration,2026-08-11T15:45:16Z
G5377,God-loving,Greek,M21,Prayer,old-system-migration,2026-08-11T15:45:16Z
G5379,love of dispute,Greek,M02,Anger,old-system-migration,2026-08-11T15:45:16Z
G5379,love of dispute,Greek,T2,Supplementary,old-system-migration,2026-08-11T15:45:16Z
G5380,dispute-loving,Greek,M02,Anger,old-system-migration,2026-08-11T15:45:16Z
G5381,hospitality,Greek,M05,Love,old-system-migration,2026-08-11T15:45:16Z
G5382,hospitable,Greek,M05,Love,old-system-migration,2026-08-11T15:45:16Z
G5383,to love to be first,Greek,T2,Supplementary,old-system-migration,2026-08-11T15:45:16Z
G5384,friendly/friend,Greek,M05,Love,old-system-migration,2026-08-11T15:45:16Z
G5385,philosophy,Greek,T2,Supplementary,old-system-migration,2026-08-11T15:45:16Z
G5386,philosopher,Greek,T2,Supplementary,old-system-migration,2026-08-11T15:45:16Z
G5387,affectionate,Greek,M05,Love,old-system-migration,2026-08-11T15:45:16Z
G5388,child loving,Greek,M05,Love,old-system-migration,2026-08-11T15:45:16Z
G5389,to aspire,Greek,M18,Hope,old-system-migration,2026-08-11T15:45:16Z
G5390,hospitably,Greek,T2,Supplementary,old-system-migration,2026-08-11T15:45:16Z
G5391,friendly,Greek,M05,Love,old-system-migration,2026-08-11T15:45:16Z
G5392,to muzzle,Greek,M07,Shame,old-system-migration,2026-08-11T15:45:16Z
G5398,fearful,Greek,M01,Fear,old-system-migration,2026-08-11T15:45:16Z
G5399,to fear,Greek,M01,Fear,old-system-migration,2026-08-11T15:45:16Z
G5400,fearful thing,Greek,M01,Fear,old-system-migration,2026-08-11T15:45:16Z
G5400,fearful thing,Greek,T2,Supplementary,old-system-migration,2026-08-11T15:45:16Z
G5401,fear,Greek,M01,Fear,old-system-migration,2026-08-11T15:45:16Z
G5424,thinking,Greek,M15,Wisdom,old-system-migration,2026-08-11T15:45:16Z
G5426,to reason,Greek,M15,Wisdom,old-system-migration,2026-08-11T15:45:16Z
G5427,purpose,Greek,M17,Counsel,old-system-migration,2026-08-11T15:45:16Z
G5428,understanding,Greek,M15,Wisdom,old-system-migration,2026-08-11T15:45:16Z
G5429,thoughtful,Greek,M15,Wisdom,old-system-migration,2026-08-11T15:45:16Z
G5430,shrewdly,Greek,T2,Supplementary,old-system-migration,2026-08-11T15:45:16Z
G5431,be careful,Greek,M19,Trust,old-system-migration,2026-08-11T15:45:16Z
G5448,to inflate,Greek,M08,Pride,old-system-migration,2026-08-11T15:45:16Z
G5450,arrogance,Greek,M08,Pride,old-system-migration,2026-08-11T15:45:16Z
G5455,to call,Greek,M42,Speech,old-system-migration,2026-08-11T15:45:16Z
G5456H,voice/sound: noise,Greek,M42,Speech,old-system-migration,2026-08-11T15:45:16Z
G5463,to rejoice,Greek,M04,Joy,old-system-migration,2026-08-11T15:45:16Z
G5479,joy,Greek,M04,Joy,old-system-migration,2026-08-11T15:45:16Z
G5483,to give grace,Greek,M39,Blessing,old-system-migration,2026-08-11T15:45:16Z
G5485,grace,Greek,M39,Blessing,old-system-migration,2026-08-11T15:45:16Z
G5486,gift,Greek,M39,Blessing,old-system-migration,2026-08-11T15:45:16Z
G5487,to favor,Greek,M39,Blessing,old-system-migration,2026-08-11T15:45:16Z
G5541,be kind,Greek,M05,Love,old-system-migration,2026-08-11T15:45:16Z
G5542,smooth talk,Greek,M14,Deceit,old-system-migration,2026-08-11T15:45:16Z
G5543,good/kind,Greek,M05,Love,old-system-migration,2026-08-11T15:45:16Z
G5544,kindness,Greek,M05,Love,old-system-migration,2026-08-11T15:45:16Z
G5545,anointing,Greek,T2,Supplementary,old-system-migration,2026-08-11T15:45:16Z
G5547,Christ,Greek,T2,Supplementary,old-system-migration,2026-08-11T15:45:16Z
G5548,to anoint,Greek,T2,Supplementary,old-system-migration,2026-08-11T15:45:16Z
G5561,country,Greek,T2,Supplementary,old-system-migration,2026-08-11T15:45:16Z
G5567,to sing praise,Greek,M22,Praise,old-system-migration,2026-08-11T15:45:16Z
G5569,false brother,Greek,M14,Deceit,old-system-migration,2026-08-11T15:45:16Z
G5578,false prophet,Greek,M14,Deceit,old-system-migration,2026-08-11T15:45:16Z
G5580,false Christ,Greek,M14,Deceit,old-system-migration,2026-08-11T15:45:16Z
G5590G,soul,Greek,M47,Constitution,old-system-migration,2026-08-11T15:45:16Z
G5590H,soul: life,Greek,M25,Life,old-system-migration,2026-08-11T15:45:16Z
G5590I,soul: myself,Greek,M47,Constitution,old-system-migration,2026-08-11T15:45:16Z
G5590J,soul: person,Greek,M47,Constitution,old-system-migration,2026-08-11T15:45:16Z
G5591,natural,Greek,M15,Wisdom,old-system-migration,2026-08-11T15:45:16Z
G5591,natural,Greek,T2,Supplementary,old-system-migration,2026-08-11T15:45:16Z
G5604,labor,Greek,M24,Weakness,old-system-migration,2026-08-11T15:45:16Z
G5605,be in labor,Greek,M03,Grief,old-system-migration,2026-08-11T15:45:16Z
G6015,fear,Greek,M01,Fear,old-system-migration,2026-08-11T15:45:16Z
G6041,to envy,Greek,M28,Envy,old-system-migration,2026-08-11T15:45:16Z
G6048,judgment,Greek,M26,Righteousness,old-system-migration,2026-08-11T15:45:16Z
G6063,to know,Greek,M15,Wisdom,old-system-migration,2026-08-11T15:45:16Z
G6066,little faith,Greek,M31,Faith,old-system-migration,2026-08-11T15:45:16Z
G6083,be conscious of,Greek,M26,Righteousness,old-system-migration,2026-08-11T15:45:16Z
G6110,a leap for joy,Greek,M04,Joy,old-system-migration,2026-08-11T15:45:16Z
G6347,without strength,Greek,M23,Strength,old-system-migration,2026-08-11T15:45:16Z
G6354,to listen in turn,Greek,T2,Supplementary,old-system-migration,2026-08-11T15:45:16Z
G6657,heavy-hearted,Greek,T2,Supplementary,old-system-migration,2026-08-11T15:45:16Z
G6928,court of justice,Greek,M26,Righteousness,old-system-migration,2026-08-11T15:45:16Z
G7143,to tear off flesh,Greek,M47,Constitution,old-system-migration,2026-08-11T15:45:16Z
G7214,to listen to attentively,Greek,T2,Supplementary,old-system-migration,2026-08-11T15:45:16Z
G7681,decaying flesh,Greek,M47,Constitution,old-system-migration,2026-08-11T15:45:16Z
G7684,bold-hearted,Greek,T2,Supplementary,old-system-migration,2026-08-11T15:45:16Z
G7774,evil-minded,Greek,M27,Evil,old-system-migration,2026-08-11T15:45:16Z
G7798,to take heart,Greek,M47,Constitution,old-system-migration,2026-08-11T15:45:16Z
G7949,fear,Greek,M01,Fear,old-system-migration,2026-08-11T15:45:16Z
G8272,high-minded,Greek,T2,Supplementary,old-system-migration,2026-08-11T15:45:16Z
G8419,dull of heart,Greek,M47,Constitution,old-system-migration,2026-08-11T15:45:16Z
G8878,gentle-minded,Greek,M09,Humility,old-system-migration,2026-08-11T15:45:16Z
H0014,be willing,Hebrew,M29,Desire,old-system-migration,2026-08-11T15:45:16Z
H0014,be willing,Hebrew,M30,Obedience,old-system-migration,2026-08-11T15:45:16Z
H0015,oh that!,Hebrew,T2,Supplementary,old-system-migration,2026-08-11T15:45:16Z
H0017,pain!,Hebrew,T2,Supplementary,old-system-migration,2026-08-11T15:45:16Z
H0034,needy,Hebrew,M24,Weakness,old-system-migration,2026-08-11T15:45:16Z
H0034,needy,Hebrew,T2,Supplementary,old-system-migration,2026-08-11T15:45:16Z
H0035,desire,Hebrew,M29,Desire,old-system-migration,2026-08-11T15:45:16Z
H0056,to mourn,Hebrew,M03,Grief,old-system-migration,2026-08-11T15:45:16Z
H0057,mourning,Hebrew,M03,Grief,old-system-migration,2026-08-11T15:45:16Z
H0060,mourning,Hebrew,M03,Grief,old-system-migration,2026-08-11T15:45:16Z
H0120G,man,Hebrew,T2,Supplementary,old-system-migration,2026-08-11T15:45:16Z
H0136,Lord [God],Hebrew,T2,Supplementary,old-system-migration,2026-08-11T15:45:16Z
H0157H,to love: friend,Hebrew,M05,Love,old-system-migration,2026-08-11T15:45:16Z
H0158,lover,Hebrew,M05,Love,old-system-migration,2026-08-11T15:45:16Z
H0160,love,Hebrew,M05,Love,old-system-migration,2026-08-11T15:45:16Z
H0178,medium,Hebrew,T2,Supplementary,old-system-migration,2026-08-11T15:45:16Z
H0181,firebrand,Hebrew,T2,Supplementary,old-system-migration,2026-08-11T15:45:16Z
H0183,to desire,Hebrew,M28,Envy,old-system-migration,2026-08-11T15:45:16Z
H0191,fool[ish],Hebrew,M16,Folly,old-system-migration,2026-08-11T15:45:16Z
H0193A,strength,Hebrew,M23,Strength,old-system-migration,2026-08-11T15:45:16Z
H0194,perhaps,Hebrew,T2,Supplementary,old-system-migration,2026-08-11T15:45:16Z
H0196,foolish,Hebrew,M16,Folly,old-system-migration,2026-08-11T15:45:16Z
H0197H,Hall [of Justice],Hebrew,M26,Righteousness,old-system-migration,2026-08-11T15:45:16Z
H0197I,Hall [of the Throne],Hebrew,T2,Supplementary,old-system-migration,2026-08-11T15:45:16Z
H0200,folly,Hebrew,M16,Folly,old-system-migration,2026-08-11T15:45:16Z
H0202,strength,Hebrew,M23,Strength,old-system-migration,2026-08-11T15:45:16Z
H0205G,evil: wickedness,Hebrew,M10,Sin,old-system-migration,2026-08-11T15:45:16Z
H0205H,evil: trouble,Hebrew,M10,Sin,old-system-migration,2026-08-11T15:45:16Z
H0206G,[Valley of] Aven,Hebrew,T2,Supplementary,old-system-migration,2026-08-11T15:45:16Z
H0226G,sign: miraculous,Hebrew,M43,Prophecy,old-system-migration,2026-08-11T15:45:16Z
H0234,memorial,Hebrew,T2,Supplementary,old-system-migration,2026-08-11T15:45:16Z
H0238,to listen,Hebrew,M41,Remembrance,old-system-migration,2026-08-11T15:45:16Z
H0240,weapon,Hebrew,T2,Supplementary,old-system-migration,2026-08-11T15:45:16Z
H0241G,ear,Hebrew,T2,Supplementary,old-system-migration,2026-08-11T15:45:16Z
H0241H,ear: hearing,Hebrew,T2,Supplementary,old-system-migration,2026-08-11T15:45:16Z
H0241I,ear: to ears,Hebrew,T2,Supplementary,old-system-migration,2026-08-11T15:45:16Z
H0248,arm,Hebrew,T2,Supplementary,old-system-migration,2026-08-11T15:45:16Z
H0259,one,Hebrew,T2,Supplementary,old-system-migration,2026-08-11T15:45:16Z
H0328B,softly,Hebrew,T2,Supplementary,old-system-migration,2026-08-11T15:45:16Z
H0340,be hostile,Hebrew,M06,Hate,old-system-migration,2026-08-11T15:45:16Z
H0341,enemy,Hebrew,M44,Relational,old-system-migration,2026-08-11T15:45:16Z
H0342,enmity,Hebrew,M44,Relational,old-system-migration,2026-08-11T15:45:16Z
H0352B,pillar,Hebrew,T2,Supplementary,old-system-migration,2026-08-11T15:45:16Z
H0352C,leader,Hebrew,T2,Supplementary,old-system-migration,2026-08-11T15:45:16Z
H0352D,terebinth,Hebrew,T2,Supplementary,old-system-migration,2026-08-11T15:45:16Z
H0353,strength,Hebrew,M23,Strength,old-system-migration,2026-08-11T15:45:16Z
H0354,deer,Hebrew,T2,Supplementary,old-system-migration,2026-08-11T15:45:16Z
H0355,doe,Hebrew,T2,Supplementary,old-system-migration,2026-08-11T15:45:16Z
H0360,strength,Hebrew,M23,Strength,old-system-migration,2026-08-11T15:45:16Z
H0361,arches,Hebrew,T2,Supplementary,old-system-migration,2026-08-11T15:45:16Z
H0363,tree,Hebrew,T2,Supplementary,old-system-migration,2026-08-11T15:45:16Z
H0366,terrible,Hebrew,M01,Fear,old-system-migration,2026-08-11T15:45:16Z
H0367,terror,Hebrew,M01,Fear,old-system-migration,2026-08-11T15:45:16Z
H0370,where?,Hebrew,T2,Supplementary,old-system-migration,2026-08-11T15:45:16Z
H0371,isn't?,Hebrew,T2,Supplementary,old-system-migration,2026-08-11T15:45:16Z
H0374,ephah,Hebrew,T2,Supplementary,old-system-migration,2026-08-11T15:45:16Z
H0386,strong,Hebrew,M23,Strength,old-system-migration,2026-08-11T15:45:16Z
H0393,cruel,Hebrew,M06,Hate,old-system-migration,2026-08-11T15:45:16Z
H0394,cruel,Hebrew,M06,Hate,old-system-migration,2026-08-11T15:45:16Z
H0395,cruel,Hebrew,M06,Hate,old-system-migration,2026-08-11T15:45:16Z
H0408,not,Hebrew,T2,Supplementary,old-system-migration,2026-08-11T15:45:16Z
H0410G,God,Hebrew,T2,Supplementary,old-system-migration,2026-08-11T15:45:16Z
H0413,to[wards],Hebrew,T2,Supplementary,old-system-migration,2026-08-11T15:45:16Z
H0423,oath,Hebrew,T2,Supplementary,old-system-migration,2026-08-11T15:45:16Z
H0424,oak,Hebrew,T2,Supplementary,old-system-migration,2026-08-11T15:45:16Z
H0425L,[Valley of] Elah,Hebrew,T2,Supplementary,old-system-migration,2026-08-11T15:45:16Z
H0436G,[Diviners'] Oak,Hebrew,T2,Supplementary,old-system-migration,2026-08-11T15:45:16Z
H0436H,terebinth,Hebrew,T2,Supplementary,old-system-migration,2026-08-11T15:45:16Z
H0444,to corrupt,Hebrew,M10,Sin,old-system-migration,2026-08-11T15:45:16Z
H0529,faithful,Hebrew,M13,Truth,old-system-migration,2026-08-11T15:45:16Z
H0530,faithfulness,Hebrew,M13,Truth,old-system-migration,2026-08-11T15:45:16Z
H0533,strong,Hebrew,M23,Strength,old-system-migration,2026-08-11T15:45:16Z
H0536,weak,Hebrew,M24,Weakness,old-system-migration,2026-08-11T15:45:16Z
H0539,be faithful,Hebrew,M13,Truth,old-system-migration,2026-08-11T15:45:16Z
H0540,to trust,Hebrew,M19,Trust,old-system-migration,2026-08-11T15:45:16Z
H0543,amen,Hebrew,T2,Supplementary,old-system-migration,2026-08-11T15:45:16Z
H0544,faithfulness,Hebrew,M13,Truth,old-system-migration,2026-08-11T15:45:16Z
H0548,sure,Hebrew,M13,Truth,old-system-migration,2026-08-11T15:45:16Z
H0551,truly,Hebrew,T2,Supplementary,old-system-migration,2026-08-11T15:45:16Z
H0552,truly,Hebrew,T2,Supplementary,old-system-migration,2026-08-11T15:45:16Z
H0553,to strengthen,Hebrew,M23,Strength,old-system-migration,2026-08-11T15:45:16Z
H0554,strong,Hebrew,M23,Strength,old-system-migration,2026-08-11T15:45:16Z
H0555,strength,Hebrew,M23,Strength,old-system-migration,2026-08-11T15:45:16Z
H0556,strength,Hebrew,M23,Strength,old-system-migration,2026-08-11T15:45:16Z
H0571G,truth: faithful,Hebrew,M13,Truth,old-system-migration,2026-08-11T15:45:16Z
H0571H,truth: true,Hebrew,M13,Truth,old-system-migration,2026-08-11T15:45:16Z
H0571I,truth: certain,Hebrew,M13,Truth,old-system-migration,2026-08-11T15:45:16Z
H0576B,me,Hebrew,T2,Supplementary,old-system-migration,2026-08-11T15:45:16Z
H0577,Please!,Hebrew,T2,Supplementary,old-system-migration,2026-08-11T15:45:16Z
H0578,to lament,Hebrew,M03,Grief,old-system-migration,2026-08-11T15:45:16Z
H0584,to sigh,Hebrew,M03,Grief,old-system-migration,2026-08-11T15:45:16Z
H0585,sighing,Hebrew,M03,Grief,old-system-migration,2026-08-11T15:45:16Z
H0587,we,Hebrew,T2,Supplementary,old-system-migration,2026-08-11T15:45:16Z
H0589,I,Hebrew,T2,Supplementary,old-system-migration,2026-08-11T15:45:16Z
H0592,lamentation,Hebrew,M42,Speech,old-system-migration,2026-08-11T15:45:16Z
H0599,be angry,Hebrew,M02,Anger,old-system-migration,2026-08-11T15:45:16Z
H0603,groaning,Hebrew,M03,Grief,old-system-migration,2026-08-11T15:45:16Z
H0605,be incurable,Hebrew,M24,Weakness,old-system-migration,2026-08-11T15:45:16Z
H0607,you,Hebrew,T2,Supplementary,old-system-migration,2026-08-11T15:45:16Z
H0610,flask,Hebrew,T2,Supplementary,old-system-migration,2026-08-11T15:45:16Z
H0629,diligently,Hebrew,T2,Supplementary,old-system-migration,2026-08-11T15:45:16Z
H0639G,face: anger,Hebrew,T2,Supplementary,old-system-migration,2026-08-11T15:45:16Z
H0644,to bake,Hebrew,T2,Supplementary,old-system-migration,2026-08-11T15:45:16Z
H0748,to prolong,Hebrew,M25,Life,old-system-migration,2026-08-11T15:45:16Z
H0750,slow,Hebrew,T2,Supplementary,old-system-migration,2026-08-11T15:45:16Z
H0752,long,Hebrew,T2,Supplementary,old-system-migration,2026-08-11T15:45:16Z
H0753,length,Hebrew,T2,Supplementary,old-system-migration,2026-08-11T15:45:16Z
H0779,to curse,Hebrew,M06,Hate,old-system-migration,2026-08-11T15:45:16Z
H0781,to betroth,Hebrew,M44,Relational,old-system-migration,2026-08-11T15:45:16Z
H0816,be guilty,Hebrew,M10,Sin,old-system-migration,2026-08-11T15:45:16Z
H0817,guilt [offering],Hebrew,M10,Sin,old-system-migration,2026-08-11T15:45:16Z
H0818,guilty,Hebrew,M10,Sin,old-system-migration,2026-08-11T15:45:16Z
H0819,guiltiness,Hebrew,M10,Sin,old-system-migration,2026-08-11T15:45:16Z
H0820,strong,Hebrew,M23,Strength,old-system-migration,2026-08-11T15:45:16Z
H0835,blessed,Hebrew,M39,Blessing,old-system-migration,2026-08-11T15:45:16Z
H0853,[Obj.],Hebrew,T2,Supplementary,old-system-migration,2026-08-11T15:45:16Z
H0859C,you [f.s.],Hebrew,T2,Supplementary,old-system-migration,2026-08-11T15:45:16Z
H0859D,you [m.p.],Hebrew,T2,Supplementary,old-system-migration,2026-08-11T15:45:16Z
H0859E,you [f.p.],Hebrew,T2,Supplementary,old-system-migration,2026-08-11T15:45:16Z
H0860,she-ass,Hebrew,T2,Supplementary,old-system-migration,2026-08-11T15:45:16Z
H0887,to stink,Hebrew,M06,Hate,old-system-migration,2026-08-11T15:45:16Z
H0888,be displeased,Hebrew,M02,Anger,old-system-migration,2026-08-11T15:45:16Z
H0898,to act treacherously,Hebrew,M10,Sin,old-system-migration,2026-08-11T15:45:16Z
H0899A,treachery,Hebrew,M14,Deceit,old-system-migration,2026-08-11T15:45:16Z
H0900,treachery,Hebrew,M14,Deceit,old-system-migration,2026-08-11T15:45:16Z
H0901,treacherous,Hebrew,M14,Deceit,old-system-migration,2026-08-11T15:45:16Z
H0924,hastely,Hebrew,T2,Supplementary,old-system-migration,2026-08-11T15:45:16Z
H0926,to dismay,Hebrew,M01,Fear,old-system-migration,2026-08-11T15:45:16Z
H0927,to dismay,Hebrew,M01,Fear,old-system-migration,2026-08-11T15:45:16Z
H0928,dismay,Hebrew,M01,Fear,old-system-migration,2026-08-11T15:45:16Z
H0928,dismay,Hebrew,M03,Grief,old-system-migration,2026-08-11T15:45:16Z
H0935G,to come [in]: come,Hebrew,T2,Supplementary,old-system-migration,2026-08-11T15:45:16Z
H0937,contempt,Hebrew,M06,Hate,old-system-migration,2026-08-11T15:45:16Z
H0954,be ashamed,Hebrew,M07,Shame,old-system-migration,2026-08-11T15:45:16Z
H0955,shame,Hebrew,M07,Shame,old-system-migration,2026-08-11T15:45:16Z
H0959,to despise,Hebrew,M06,Hate,old-system-migration,2026-08-11T15:45:16Z
H0963,contempt,Hebrew,M06,Hate,old-system-migration,2026-08-11T15:45:16Z
H0974,to test,Hebrew,M35,Testing,old-system-migration,2026-08-11T15:45:16Z
H0977,to choose,Hebrew,M37,Calling,old-system-migration,2026-08-11T15:45:16Z
H0982,to trust,Hebrew,M19,Trust,old-system-migration,2026-08-11T15:45:16Z
H0983,security,Hebrew,M19,Trust,old-system-migration,2026-08-11T15:45:16Z
H0985,trust,Hebrew,M19,Trust,old-system-migration,2026-08-11T15:45:16Z
H0986,trust,Hebrew,M19,Trust,old-system-migration,2026-08-11T15:45:16Z
H0987,security,Hebrew,M19,Trust,old-system-migration,2026-08-11T15:45:16Z
H0995,to understand,Hebrew,M15,Wisdom,old-system-migration,2026-08-11T15:45:16Z
H0998,understanding,Hebrew,M15,Wisdom,old-system-migration,2026-08-11T15:45:16Z
H0999,understanding,Hebrew,M15,Wisdom,old-system-migration,2026-08-11T15:45:16Z
H1058,to weep,Hebrew,M03,Grief,old-system-migration,2026-08-11T15:45:16Z
H1059,bitterly,Hebrew,M03,Grief,old-system-migration,2026-08-11T15:45:16Z
H1065,weeping,Hebrew,M03,Grief,old-system-migration,2026-08-11T15:45:16Z
H1068,weeping,Hebrew,M03,Grief,old-system-migration,2026-08-11T15:45:16Z
H1079,mind,Hebrew,M47,Constitution,old-system-migration,2026-08-11T15:45:16Z
H1082,be cheerful,Hebrew,M04,Joy,old-system-migration,2026-08-11T15:45:16Z
H1091,terror,Hebrew,M01,Fear,old-system-migration,2026-08-11T15:45:16Z
H1097,without,Hebrew,T2,Supplementary,old-system-migration,2026-08-11T15:45:16Z
H1098,fodder,Hebrew,T2,Supplementary,old-system-migration,2026-08-11T15:45:16Z
H1100I,Belial: worthless,Hebrew,T2,Supplementary,old-system-migration,2026-08-11T15:45:16Z
H1101A,to mix,Hebrew,T2,Supplementary,old-system-migration,2026-08-11T15:45:16Z
H1101B,to feed,Hebrew,T2,Supplementary,old-system-migration,2026-08-11T15:45:16Z
H1156,to ask,Hebrew,M21,Prayer,old-system-migration,2026-08-11T15:45:16Z
H1161,terror,Hebrew,M01,Fear,old-system-migration,2026-08-11T15:45:16Z
H1166H,rule: to rule,Hebrew,T2,Supplementary,old-system-migration,2026-08-11T15:45:16Z
H1166I,rule: to marry,Hebrew,T2,Supplementary,old-system-migration,2026-08-11T15:45:16Z
H1167G,master,Hebrew,T2,Supplementary,old-system-migration,2026-08-11T15:45:16Z
H1167H,master: husband,Hebrew,T2,Supplementary,old-system-migration,2026-08-11T15:45:16Z
H1167I,master: men,Hebrew,T2,Supplementary,old-system-migration,2026-08-11T15:45:16Z
H1167J,master: owning,Hebrew,T2,Supplementary,old-system-migration,2026-08-11T15:45:16Z
H1167K,master: [master of],Hebrew,T2,Supplementary,old-system-migration,2026-08-11T15:45:16Z
H1168I,[Bamoth]-baal,Hebrew,T2,Supplementary,old-system-migration,2026-08-11T15:45:16Z
H1172,mistress,Hebrew,T2,Supplementary,old-system-migration,2026-08-11T15:45:16Z
H1180,Baal [used for God],Hebrew,T2,Supplementary,old-system-migration,2026-08-11T15:45:16Z
H1198,stupid,Hebrew,M16,Folly,old-system-migration,2026-08-11T15:45:16Z
H1205,terror,Hebrew,M01,Fear,old-system-migration,2026-08-11T15:45:16Z
H1214I,to cut off: to gain,Hebrew,M29,Desire,old-system-migration,2026-08-11T15:45:16Z
H1245,to seek,Hebrew,M41,Remembrance,old-system-migration,2026-08-11T15:45:16Z
H1249,pure,Hebrew,M12,Purity,old-system-migration,2026-08-11T15:45:16Z
H1252,cleanness,Hebrew,M12,Purity,old-system-migration,2026-08-11T15:45:16Z
H1285,covenant,Hebrew,M44,Relational,old-system-migration,2026-08-11T15:45:16Z
H1286,[Baal]-berith,Hebrew,T2,Supplementary,old-system-migration,2026-08-11T15:45:16Z
H1288,to bless,Hebrew,M39,Blessing,old-system-migration,2026-08-11T15:45:16Z
H1293,blessing,Hebrew,M22,Praise,old-system-migration,2026-08-11T15:45:16Z
H1305,to purify,Hebrew,M12,Purity,old-system-migration,2026-08-11T15:45:16Z
H1317,shame,Hebrew,M07,Shame,old-system-migration,2026-08-11T15:45:16Z
H1320,flesh,Hebrew,M47,Constitution,old-system-migration,2026-08-11T15:45:16Z
H1321,flesh,Hebrew,M47,Constitution,old-system-migration,2026-08-11T15:45:16Z
H1322,shame,Hebrew,M07,Shame,old-system-migration,2026-08-11T15:45:16Z
H1341,proud,Hebrew,M08,Pride,old-system-migration,2026-08-11T15:45:16Z
H1342,to rise up,Hebrew,M08,Pride,old-system-migration,2026-08-11T15:45:16Z
H1343,proud,Hebrew,M08,Pride,old-system-migration,2026-08-11T15:45:16Z
H1344,pride,Hebrew,M08,Pride,old-system-migration,2026-08-11T15:45:16Z
H1346,pride,Hebrew,M08,Pride,old-system-migration,2026-08-11T15:45:16Z
H1347,pride,Hebrew,M08,Pride,old-system-migration,2026-08-11T15:45:16Z
H1348,majesty,Hebrew,M08,Pride,old-system-migration,2026-08-11T15:45:16Z
H1355,back,Hebrew,T2,Supplementary,old-system-migration,2026-08-11T15:45:16Z
H1358,den,Hebrew,T2,Supplementary,old-system-migration,2026-08-11T15:45:16Z
H1361,to exult,Hebrew,M04,Joy,old-system-migration,2026-08-11T15:45:16Z
H1361,to exult,Hebrew,M08,Pride,old-system-migration,2026-08-11T15:45:16Z
H1363,height,Hebrew,M08,Pride,old-system-migration,2026-08-11T15:45:16Z
H1364,high,Hebrew,M08,Pride,old-system-migration,2026-08-11T15:45:16Z
H1365,haughtiness,Hebrew,M08,Pride,old-system-migration,2026-08-11T15:45:16Z
H1368,mighty man,Hebrew,T2,Supplementary,old-system-migration,2026-08-11T15:45:16Z
H1369,might,Hebrew,M23,Strength,old-system-migration,2026-08-11T15:45:16Z
H1370,might,Hebrew,T2,Supplementary,old-system-migration,2026-08-11T15:45:16Z
H1376,lord,Hebrew,T2,Supplementary,old-system-migration,2026-08-11T15:45:16Z
H1377,queen,Hebrew,T2,Supplementary,old-system-migration,2026-08-11T15:45:16Z
H1396,to prevail,Hebrew,M23,Strength,old-system-migration,2026-08-11T15:45:16Z
H1397,great man,Hebrew,T2,Supplementary,old-system-migration,2026-08-11T15:45:16Z
H1404,lady,Hebrew,T2,Supplementary,old-system-migration,2026-08-11T15:45:16Z
H1419J,Great [Sea],Hebrew,T2,Supplementary,old-system-migration,2026-08-11T15:45:16Z
H1419K,great: old,Hebrew,T2,Supplementary,old-system-migration,2026-08-11T15:45:16Z
H1420,greatness,Hebrew,M22,Praise,old-system-migration,2026-08-11T15:45:16Z
H1431,to magnify,Hebrew,M22,Praise,old-system-migration,2026-08-11T15:45:16Z
H1432,growing,Hebrew,M23,Strength,old-system-migration,2026-08-11T15:45:16Z
H1433,greatness,Hebrew,M22,Praise,old-system-migration,2026-08-11T15:45:16Z
H1434,tassel,Hebrew,T2,Supplementary,old-system-migration,2026-08-11T15:45:16Z
H1454,this,Hebrew,T2,Supplementary,old-system-migration,2026-08-11T15:45:16Z
H1466,pride,Hebrew,M08,Pride,old-system-migration,2026-08-11T15:45:16Z
H1467,pride,Hebrew,M08,Pride,old-system-migration,2026-08-11T15:45:16Z
H1481C,to dread,Hebrew,M01,Fear,old-system-migration,2026-08-11T15:45:16Z
H1482,whelp,Hebrew,T2,Supplementary,old-system-migration,2026-08-11T15:45:16Z
H1518,to burst/come out,Hebrew,T2,Supplementary,old-system-migration,2026-08-11T15:45:16Z
H1519,to strive,Hebrew,M34,Perseverance,old-system-migration,2026-08-11T15:45:16Z
H1523,to rejoice,Hebrew,M04,Joy,old-system-migration,2026-08-11T15:45:16Z
H1524A,rejoicing,Hebrew,M04,Joy,old-system-migration,2026-08-11T15:45:16Z
H1524B,youth,Hebrew,T2,Supplementary,old-system-migration,2026-08-11T15:45:16Z
H1525,rejoicing,Hebrew,M04,Joy,old-system-migration,2026-08-11T15:45:16Z
H1571,also,Hebrew,T2,Supplementary,old-system-migration,2026-08-11T15:45:16Z
H1585,to complete,Hebrew,T2,Supplementary,old-system-migration,2026-08-11T15:45:16Z
H1588G,Garden [of Uzza],Hebrew,T2,Supplementary,old-system-migration,2026-08-11T15:45:16Z
H1588H,[Beth]-haggan,Hebrew,T2,Supplementary,old-system-migration,2026-08-11T15:45:16Z
H1588M,garden,Hebrew,T2,Supplementary,old-system-migration,2026-08-11T15:45:16Z
H1593,garden,Hebrew,T2,Supplementary,old-system-migration,2026-08-11T15:45:16Z
H1594,garden,Hebrew,T2,Supplementary,old-system-migration,2026-08-11T15:45:16Z
H1598,to defend,Hebrew,T2,Supplementary,old-system-migration,2026-08-11T15:45:16Z
H1602,to abhor,Hebrew,M06,Hate,old-system-migration,2026-08-11T15:45:16Z
H1668,this,Hebrew,T2,Supplementary,old-system-migration,2026-08-11T15:45:16Z
H1669,to languish,Hebrew,M24,Weakness,old-system-migration,2026-08-11T15:45:16Z
H1670,dismay,Hebrew,M01,Fear,old-system-migration,2026-08-11T15:45:16Z
H1670,dismay,Hebrew,M03,Grief,old-system-migration,2026-08-11T15:45:16Z
H1671,sorrow,Hebrew,M03,Grief,old-system-migration,2026-08-11T15:45:16Z
H1672,be anxious,Hebrew,M20,Doubt,old-system-migration,2026-08-11T15:45:16Z
H1674,anxiety,Hebrew,M01,Fear,old-system-migration,2026-08-11T15:45:16Z
H1679,strength,Hebrew,M23,Strength,old-system-migration,2026-08-11T15:45:16Z
H1680,to glide,Hebrew,T2,Supplementary,old-system-migration,2026-08-11T15:45:16Z
H1681,slander,Hebrew,M14,Deceit,old-system-migration,2026-08-11T15:45:16Z
H1701,cause,Hebrew,M17,Counsel,old-system-migration,2026-08-11T15:45:16Z
H1727,to pine,Hebrew,M24,Weakness,old-system-migration,2026-08-11T15:45:16Z
H1730G,beloved,Hebrew,T2,Supplementary,old-system-migration,2026-08-11T15:45:16Z
H1730H,beloved: love,Hebrew,T2,Supplementary,old-system-migration,2026-08-11T15:45:16Z
H1730I,beloved: male relative,Hebrew,T2,Supplementary,old-system-migration,2026-08-11T15:45:16Z
H1736,mandrake,Hebrew,T2,Supplementary,old-system-migration,2026-08-11T15:45:16Z
H1738,be sick,Hebrew,M24,Weakness,old-system-migration,2026-08-11T15:45:16Z
H1739,sick,Hebrew,M24,Weakness,old-system-migration,2026-08-11T15:45:16Z
H1741,illness,Hebrew,M24,Weakness,old-system-migration,2026-08-11T15:45:16Z
H1742,faint,Hebrew,M03,Grief,old-system-migration,2026-08-11T15:45:16Z
H1748,silence,Hebrew,T2,Supplementary,old-system-migration,2026-08-11T15:45:16Z
H1763,to fear,Hebrew,M01,Fear,old-system-migration,2026-08-11T15:45:16Z
H1768,that,Hebrew,T2,Supplementary,old-system-migration,2026-08-11T15:45:16Z
H1773,ink,Hebrew,T2,Supplementary,old-system-migration,2026-08-11T15:45:16Z
H1777,to judge,Hebrew,FLAG,Flag,old-system-migration,2026-08-11T15:45:16Z
H1777,to judge,Hebrew,M26,Righteousness,old-system-migration,2026-08-11T15:45:16Z
H1779,judgment,Hebrew,FLAG,Flag,old-system-migration,2026-08-11T15:45:16Z
H1779,judgment,Hebrew,M26,Righteousness,old-system-migration,2026-08-11T15:45:16Z
H1780,judgment,Hebrew,T2,Supplementary,old-system-migration,2026-08-11T15:45:16Z
H1781,judge,Hebrew,T2,Supplementary,old-system-migration,2026-08-11T15:45:16Z
H1791,this,Hebrew,T2,Supplementary,old-system-migration,2026-08-11T15:45:16Z
H1792,to crush,Hebrew,M24,Weakness,old-system-migration,2026-08-11T15:45:16Z
H1793A,contrite,Hebrew,M09,Humility,old-system-migration,2026-08-11T15:45:16Z
H1793A,contrite,Hebrew,M11,Repentance,old-system-migration,2026-08-11T15:45:16Z
H1793B,dust,Hebrew,T2,Supplementary,old-system-migration,2026-08-11T15:45:16Z
H1794,to crush,Hebrew,M24,Weakness,old-system-migration,2026-08-11T15:45:16Z
H1795,crushing,Hebrew,M24,Weakness,old-system-migration,2026-08-11T15:45:16Z
H1797,this,Hebrew,T2,Supplementary,old-system-migration,2026-08-11T15:45:16Z
H1819,to resemble,Hebrew,T2,Supplementary,old-system-migration,2026-08-11T15:45:16Z
H1820,to cease,Hebrew,T2,Supplementary,old-system-migration,2026-08-11T15:45:16Z
H1821,be like,Hebrew,T2,Supplementary,old-system-migration,2026-08-11T15:45:16Z
H1823,likeness,Hebrew,FLAG,Flag,old-system-migration,2026-08-11T15:45:16Z
H1823,likeness,Hebrew,T2,Supplementary,old-system-migration,2026-08-11T15:45:16Z
H1825,likeness,Hebrew,FLAG,Flag,old-system-migration,2026-08-11T15:45:16Z
H1825,likeness,Hebrew,T2,Supplementary,old-system-migration,2026-08-11T15:45:16Z
H1826A,to silence: stationary,Hebrew,M33,Peace,old-system-migration,2026-08-11T15:45:16Z
H1826H,to silence: silent,Hebrew,M33,Peace,old-system-migration,2026-08-11T15:45:16Z
H1827,silence,Hebrew,M33,Peace,old-system-migration,2026-08-11T15:45:16Z
H1830,to weep,Hebrew,M03,Grief,old-system-migration,2026-08-11T15:45:16Z
H1831,juice,Hebrew,T2,Supplementary,old-system-migration,2026-08-11T15:45:16Z
H1832,tears,Hebrew,M03,Grief,old-system-migration,2026-08-11T15:45:16Z
H1833,silk,Hebrew,T2,Supplementary,old-system-migration,2026-08-11T15:45:16Z
H1836,this,Hebrew,T2,Supplementary,old-system-migration,2026-08-11T15:45:16Z
H1843,knowledge,Hebrew,M15,Wisdom,old-system-migration,2026-08-11T15:45:16Z
H1844,knowledge,Hebrew,M15,Wisdom,old-system-migration,2026-08-11T15:45:16Z
H1847,knowledge,Hebrew,M15,Wisdom,old-system-migration,2026-08-11T15:45:16Z
H1848,slander,Hebrew,M14,Deceit,old-system-migration,2026-08-11T15:45:16Z
H1860,abhorrence,Hebrew,M06,Hate,old-system-migration,2026-08-11T15:45:16Z
H1875,to seek,Hebrew,M41,Remembrance,old-system-migration,2026-08-11T15:45:16Z
H1878,to prosper,Hebrew,M46,Abundance,old-system-migration,2026-08-11T15:45:16Z
H1879,fat,Hebrew,T2,Supplementary,old-system-migration,2026-08-11T15:45:16Z
H1880,ashes,Hebrew,T2,Supplementary,old-system-migration,2026-08-11T15:45:16Z
H1881,law,Hebrew,T2,Supplementary,old-system-migration,2026-08-11T15:45:16Z
H1882,law,Hebrew,T2,Supplementary,old-system-migration,2026-08-11T15:45:16Z
H1884,judge,Hebrew,T2,Supplementary,old-system-migration,2026-08-11T15:45:16Z
H1897,to mutter,Hebrew,M42,Speech,old-system-migration,2026-08-11T15:45:16Z
H1899,moaning,Hebrew,M42,Speech,old-system-migration,2026-08-11T15:45:16Z
H1900,meditation,Hebrew,M15,Wisdom,old-system-migration,2026-08-11T15:45:16Z
H1901,meditation,Hebrew,M15,Wisdom,old-system-migration,2026-08-11T15:45:16Z
H1902G,Higgaion,Hebrew,T2,Supplementary,old-system-migration,2026-08-11T15:45:16Z
H1902H,meditation,Hebrew,M15,Wisdom,old-system-migration,2026-08-11T15:45:16Z
H1906,shout,Hebrew,M42,Speech,old-system-migration,2026-08-11T15:45:16Z
H1921,to honor,Hebrew,M22,Praise,old-system-migration,2026-08-11T15:45:16Z
H1925,glory,Hebrew,M22,Praise,old-system-migration,2026-08-11T15:45:16Z
H1926,glory,Hebrew,M22,Praise,old-system-migration,2026-08-11T15:45:16Z
H1927,adornment,Hebrew,M22,Praise,old-system-migration,2026-08-11T15:45:16Z
H1931,he/she/it,Hebrew,T2,Supplementary,old-system-migration,2026-08-11T15:45:16Z
H1932,he/she/it,Hebrew,T2,Supplementary,old-system-migration,2026-08-11T15:45:16Z
H1934,to be,Hebrew,T2,Supplementary,old-system-migration,2026-08-11T15:45:16Z
H1935,splendor,Hebrew,M22,Praise,old-system-migration,2026-08-11T15:45:16Z
H1942,desire,Hebrew,M28,Envy,old-system-migration,2026-08-11T15:45:16Z
H1947,madness,Hebrew,M16,Folly,old-system-migration,2026-08-11T15:45:16Z
H1948,madness,Hebrew,M16,Folly,old-system-migration,2026-08-11T15:45:16Z
H1952,substance,Hebrew,M46,Abundance,old-system-migration,2026-08-11T15:45:16Z
H1959,shout,Hebrew,M42,Speech,old-system-migration,2026-08-11T15:45:16Z
H1960,praise,Hebrew,M22,Praise,old-system-migration,2026-08-11T15:45:16Z
H1966,Day Star,Hebrew,T2,Supplementary,old-system-migration,2026-08-11T15:45:16Z
H1974,praise,Hebrew,M22,Praise,old-system-migration,2026-08-11T15:45:16Z
H1976,this,Hebrew,T2,Supplementary,old-system-migration,2026-08-11T15:45:16Z
H1980G,to go: went,Hebrew,T2,Supplementary,old-system-migration,2026-08-11T15:45:16Z
H1984A,to shine,Hebrew,T2,Supplementary,old-system-migration,2026-08-11T15:45:16Z
H1984B,to boast: praise,Hebrew,M22,Praise,old-system-migration,2026-08-11T15:45:16Z
H1984C,to be foolish,Hebrew,M16,Folly,old-system-migration,2026-08-11T15:45:16Z
H1984H,to boast: boast,Hebrew,M08,Pride,old-system-migration,2026-08-11T15:45:16Z
H1984I,to boast: rave madly,Hebrew,M08,Pride,old-system-migration,2026-08-11T15:45:16Z
H1984I,to boast: rave madly,Hebrew,M16,Folly,old-system-migration,2026-08-11T15:45:16Z
H1992,they [masc.],Hebrew,T2,Supplementary,old-system-migration,2026-08-11T15:45:16Z
H2005,look!,Hebrew,T2,Supplementary,old-system-migration,2026-08-11T15:45:16Z
H2006A,if,Hebrew,T2,Supplementary,old-system-migration,2026-08-11T15:45:16Z
H2006B,therefore,Hebrew,T2,Supplementary,old-system-migration,2026-08-11T15:45:16Z
H2007,they [fem.],Hebrew,T2,Supplementary,old-system-migration,2026-08-11T15:45:16Z
H2008,here/thus,Hebrew,T2,Supplementary,old-system-migration,2026-08-11T15:45:16Z
H2009,behold,Hebrew,T2,Supplementary,old-system-migration,2026-08-11T15:45:16Z
H2010,holiday,Hebrew,T2,Supplementary,old-system-migration,2026-08-11T15:45:16Z
H2011G,[Topheth of] Hinnom,Hebrew,T2,Supplementary,old-system-migration,2026-08-11T15:45:16Z
H2011H,[Topheth of son of] Hinnom,Hebrew,T2,Supplementary,old-system-migration,2026-08-11T15:45:16Z
H2013,to silence,Hebrew,M33,Peace,old-system-migration,2026-08-11T15:45:16Z
H2015,to overturn,Hebrew,T2,Supplementary,old-system-migration,2026-08-11T15:45:16Z
H2016,contrariness,Hebrew,T2,Supplementary,old-system-migration,2026-08-11T15:45:16Z
H2017,perversity,Hebrew,M10,Sin,old-system-migration,2026-08-11T15:45:16Z
H2018,overthrow,Hebrew,T2,Supplementary,old-system-migration,2026-08-11T15:45:16Z
H2019,crooked,Hebrew,M14,Deceit,old-system-migration,2026-08-11T15:45:16Z
H2021,weapon,Hebrew,T2,Supplementary,old-system-migration,2026-08-11T15:45:16Z
H2023G,[Mount] Hor,Hebrew,T2,Supplementary,old-system-migration,2026-08-11T15:45:16Z
H2023H,[Mount] Hor,Hebrew,T2,Supplementary,old-system-migration,2026-08-11T15:45:16Z
H2031,fantasies,Hebrew,M16,Folly,old-system-migration,2026-08-11T15:45:16Z
H2086,arrogant,Hebrew,M08,Pride,old-system-migration,2026-08-11T15:45:16Z
H2087,arrogance,Hebrew,M08,Pride,old-system-migration,2026-08-11T15:45:16Z
H2090,this,Hebrew,T2,Supplementary,old-system-migration,2026-08-11T15:45:16Z
H2097,this,Hebrew,T2,Supplementary,old-system-migration,2026-08-11T15:45:16Z
H2098,this,Hebrew,T2,Supplementary,old-system-migration,2026-08-11T15:45:16Z
H2102,to boil,Hebrew,M02,Anger,old-system-migration,2026-08-11T15:45:16Z
H2102,to boil,Hebrew,M08,Pride,old-system-migration,2026-08-11T15:45:16Z
H2103,be proud,Hebrew,M08,Pride,old-system-migration,2026-08-11T15:45:16Z
H2113,trembling,Hebrew,M01,Fear,old-system-migration,2026-08-11T15:45:16Z
H2118,to remove,Hebrew,T2,Supplementary,old-system-migration,2026-08-11T15:45:16Z
H2135,to clean,Hebrew,M12,Purity,old-system-migration,2026-08-11T15:45:16Z
H2142,to remember,Hebrew,M41,Remembrance,old-system-migration,2026-08-11T15:45:16Z
H2143,memorial,Hebrew,T2,Supplementary,old-system-migration,2026-08-11T15:45:16Z
H2146,memorial,Hebrew,T2,Supplementary,old-system-migration,2026-08-11T15:45:16Z
H2149,vileness,Hebrew,M10,Sin,old-system-migration,2026-08-11T15:45:16Z
H2151A,to shake,Hebrew,T2,Supplementary,old-system-migration,2026-08-11T15:45:16Z
H2152,scorching,Hebrew,M02,Anger,old-system-migration,2026-08-11T15:45:16Z
H2154,wickedness,Hebrew,M27,Evil,old-system-migration,2026-08-11T15:45:16Z
H2158,song,Hebrew,M42,Speech,old-system-migration,2026-08-11T15:45:16Z
H2161,to plan,Hebrew,M15,Wisdom,old-system-migration,2026-08-11T15:45:16Z
H2162,plan,Hebrew,M17,Counsel,old-system-migration,2026-08-11T15:45:16Z
H2167,to sing,Hebrew,M42,Speech,old-system-migration,2026-08-11T15:45:16Z
H2168,to prune,Hebrew,T2,Supplementary,old-system-migration,2026-08-11T15:45:16Z
H2170,music,Hebrew,T2,Supplementary,old-system-migration,2026-08-11T15:45:16Z
H2172,melody,Hebrew,M22,Praise,old-system-migration,2026-08-11T15:45:16Z
H2176,song,Hebrew,M42,Speech,old-system-migration,2026-08-11T15:45:16Z
H2181,to fornicate,Hebrew,M28,Envy,old-system-migration,2026-08-11T15:45:16Z
H2183,fornication,Hebrew,M28,Envy,old-system-migration,2026-08-11T15:45:16Z
H2184,fornication,Hebrew,M28,Envy,old-system-migration,2026-08-11T15:45:16Z
H2186A,to reject,Hebrew,M06,Hate,old-system-migration,2026-08-11T15:45:16Z
H2189,horror,Hebrew,M01,Fear,old-system-migration,2026-08-11T15:45:16Z
H2194,be indignant,Hebrew,M02,Anger,old-system-migration,2026-08-11T15:45:16Z
H2195,indignation,Hebrew,M02,Anger,old-system-migration,2026-08-11T15:45:16Z
H2196,to enrage,Hebrew,M02,Anger,old-system-migration,2026-08-11T15:45:16Z
H2197,rage,Hebrew,M02,Anger,old-system-migration,2026-08-11T15:45:16Z
H2198,vexed,Hebrew,M02,Anger,old-system-migration,2026-08-11T15:45:16Z
H2199,to cry out,Hebrew,M42,Speech,old-system-migration,2026-08-11T15:45:16Z
H2201,outcry,Hebrew,M42,Speech,old-system-migration,2026-08-11T15:45:16Z
H2220,arm,Hebrew,T2,Supplementary,old-system-migration,2026-08-11T15:45:16Z
H2221,sowing,Hebrew,T2,Supplementary,old-system-migration,2026-08-11T15:45:16Z
H2232,to sow,Hebrew,T2,Supplementary,old-system-migration,2026-08-11T15:45:16Z
H2233G,seed,Hebrew,T2,Supplementary,old-system-migration,2026-08-11T15:45:16Z
H2233H,seed: children,Hebrew,T2,Supplementary,old-system-migration,2026-08-11T15:45:16Z
H2233I,seed: semen,Hebrew,T2,Supplementary,old-system-migration,2026-08-11T15:45:16Z
H2235A,vegetable,Hebrew,T2,Supplementary,old-system-migration,2026-08-11T15:45:16Z
H2235B,vegetable,Hebrew,T2,Supplementary,old-system-migration,2026-08-11T15:45:16Z
H2243,breast,Hebrew,T2,Supplementary,old-system-migration,2026-08-11T15:45:16Z
H2250,wound,Hebrew,T2,Supplementary,old-system-migration,2026-08-11T15:45:16Z
H2254A,to pledge,Hebrew,T2,Supplementary,old-system-migration,2026-08-11T15:45:16Z
H2254B,to destroy,Hebrew,M10,Sin,old-system-migration,2026-08-11T15:45:16Z
H2256B,pain,Hebrew,M03,Grief,old-system-migration,2026-08-11T15:45:16Z
H2256C,union,Hebrew,M44,Relational,old-system-migration,2026-08-11T15:45:16Z
H2256D,destruction,Hebrew,M10,Sin,old-system-migration,2026-08-11T15:45:16Z
H2258A,pledge,Hebrew,T2,Supplementary,old-system-migration,2026-08-11T15:45:16Z
H2258B,pledge,Hebrew,T2,Supplementary,old-system-migration,2026-08-11T15:45:16Z
H2259,pilot,Hebrew,T2,Supplementary,old-system-migration,2026-08-11T15:45:16Z
H2260,mast,Hebrew,T2,Supplementary,old-system-migration,2026-08-11T15:45:16Z
H2266,to unite,Hebrew,T2,Supplementary,old-system-migration,2026-08-11T15:45:16Z
H2267,spell,Hebrew,T2,Supplementary,old-system-migration,2026-08-11T15:45:16Z
H2270,companion,Hebrew,M44,Relational,old-system-migration,2026-08-11T15:45:16Z
H2271,associate,Hebrew,T2,Supplementary,old-system-migration,2026-08-11T15:45:16Z
H2272,spot,Hebrew,T2,Supplementary,old-system-migration,2026-08-11T15:45:16Z
H2274,company,Hebrew,T2,Supplementary,old-system-migration,2026-08-11T15:45:16Z
H2278,consort,Hebrew,T2,Supplementary,old-system-migration,2026-08-11T15:45:16Z
H2279,set,Hebrew,T2,Supplementary,old-system-migration,2026-08-11T15:45:16Z
H2283,terror,Hebrew,M01,Fear,old-system-migration,2026-08-11T15:45:16Z
H2302,to rejoice,Hebrew,M04,Joy,old-system-migration,2026-08-11T15:45:16Z
H2304,joy,Hebrew,M04,Joy,old-system-migration,2026-08-11T15:45:16Z
H2305,joy,Hebrew,M04,Joy,old-system-migration,2026-08-11T15:45:16Z
H2342I,to twist: writh in pain,Hebrew,M03,Grief,old-system-migration,2026-08-11T15:45:16Z
H2346G,wall,Hebrew,T2,Supplementary,old-system-migration,2026-08-11T15:45:16Z
H2346H,[Broad] Wall,Hebrew,T2,Supplementary,old-system-migration,2026-08-11T15:45:16Z
H2347,to pity,Hebrew,M05,Love,old-system-migration,2026-08-11T15:45:16Z
H2388G,to strengthen: strengthen,Hebrew,M23,Strength,old-system-migration,2026-08-11T15:45:16Z
H2388H,to strengthen: hold,Hebrew,M23,Strength,old-system-migration,2026-08-11T15:45:16Z
H2388I,to strengthen: ensure,Hebrew,M23,Strength,old-system-migration,2026-08-11T15:45:16Z
H2388J,to strengthen: prevail over,Hebrew,M23,Strength,old-system-migration,2026-08-11T15:45:16Z
H2388K,to strengthen: persevere,Hebrew,M34,Perseverance,old-system-migration,2026-08-11T15:45:16Z
H2389,strong,Hebrew,M23,Strength,old-system-migration,2026-08-11T15:45:16Z
H2390,stronger,Hebrew,M23,Strength,old-system-migration,2026-08-11T15:45:16Z
H2391,strength,Hebrew,M23,Strength,old-system-migration,2026-08-11T15:45:16Z
H2392,strength,Hebrew,M23,Strength,old-system-migration,2026-08-11T15:45:16Z
H2393,strength,Hebrew,M23,Strength,old-system-migration,2026-08-11T15:45:16Z
H2394,force,Hebrew,M23,Strength,old-system-migration,2026-08-11T15:45:16Z
H2398,to sin,Hebrew,M10,Sin,old-system-migration,2026-08-11T15:45:16Z
H2399,sin,Hebrew,M10,Sin,old-system-migration,2026-08-11T15:45:16Z
H2400,sinner,Hebrew,M10,Sin,old-system-migration,2026-08-11T15:45:16Z
H2401,sin,Hebrew,M10,Sin,old-system-migration,2026-08-11T15:45:16Z
H2402,sin offering,Hebrew,T2,Supplementary,old-system-migration,2026-08-11T15:45:16Z
H2403A,sin,Hebrew,M10,Sin,old-system-migration,2026-08-11T15:45:16Z
H2403B,sin,Hebrew,M10,Sin,old-system-migration,2026-08-11T15:45:16Z
H2403H,sin: sin offering,Hebrew,M10,Sin,old-system-migration,2026-08-11T15:45:16Z
H2403I,sin: punishment,Hebrew,M10,Sin,old-system-migration,2026-08-11T15:45:16Z
H2416A,alive,Hebrew,M25,Life,old-system-migration,2026-08-11T15:45:16Z
H2416B,kinsfolk,Hebrew,M25,Life,old-system-migration,2026-08-11T15:45:16Z
H2416C,living thing,Hebrew,M25,Life,old-system-migration,2026-08-11T15:45:16Z
H2416D,community,Hebrew,M44,Relational,old-system-migration,2026-08-11T15:45:16Z
H2416E,life,Hebrew,M25,Life,old-system-migration,2026-08-11T15:45:16Z
H2417,living,Hebrew,T2,Supplementary,old-system-migration,2026-08-11T15:45:16Z
H2418,to live,Hebrew,M25,Life,old-system-migration,2026-08-11T15:45:16Z
H2421,to live,Hebrew,M25,Life,old-system-migration,2026-08-11T15:45:16Z
H2422,vigorous,Hebrew,M25,Life,old-system-migration,2026-08-11T15:45:16Z
H2423,beast,Hebrew,T2,Supplementary,old-system-migration,2026-08-11T15:45:16Z
H2424,living,Hebrew,M25,Life,old-system-migration,2026-08-11T15:45:16Z
H2425,to live,Hebrew,M25,Life,old-system-migration,2026-08-11T15:45:16Z
H2427A,agony,Hebrew,M03,Grief,old-system-migration,2026-08-11T15:45:16Z
H2428A,strength: soldiers,Hebrew,M23,Strength,old-system-migration,2026-08-11T15:45:16Z
H2428G,strength,Hebrew,M23,Strength,old-system-migration,2026-08-11T15:45:16Z
H2428H,strength: rich,Hebrew,M23,Strength,old-system-migration,2026-08-11T15:45:16Z
H2428I,strength: worthy,Hebrew,M23,Strength,old-system-migration,2026-08-11T15:45:16Z
H2429,strength,Hebrew,M23,Strength,old-system-migration,2026-08-11T15:45:16Z
H2436G,bosom: embrace,Hebrew,M05,Love,old-system-migration,2026-08-11T15:45:16Z
H2442,to wait,Hebrew,M18,Hope,old-system-migration,2026-08-11T15:45:16Z
H2445,wise,Hebrew,M15,Wisdom,old-system-migration,2026-08-11T15:45:16Z
H2450,wise,Hebrew,M15,Wisdom,old-system-migration,2026-08-11T15:45:16Z
H2451,wisdom,Hebrew,M15,Wisdom,old-system-migration,2026-08-11T15:45:16Z
H2452,wisdom,Hebrew,M15,Wisdom,old-system-migration,2026-08-11T15:45:16Z
H2455,common,Hebrew,T2,Supplementary,old-system-migration,2026-08-11T15:45:16Z
H2470A,be weak: weak,Hebrew,M24,Weakness,old-system-migration,2026-08-11T15:45:16Z
H2470B,to beg,Hebrew,M21,Prayer,old-system-migration,2026-08-11T15:45:16Z
H2470H,be weak: ill,Hebrew,M24,Weakness,old-system-migration,2026-08-11T15:45:16Z
H2470I,be weak: grieved,Hebrew,M03,Grief,old-system-migration,2026-08-11T15:45:16Z
H2475,destruction,Hebrew,M10,Sin,old-system-migration,2026-08-11T15:45:16Z
H2483,sickness,Hebrew,M24,Weakness,old-system-migration,2026-08-11T15:45:16Z
H2485,flute,Hebrew,T2,Supplementary,old-system-migration,2026-08-11T15:45:16Z
H2486,forbid,Hebrew,T2,Supplementary,old-system-migration,2026-08-11T15:45:16Z
H2487,change,Hebrew,M45,Transformation,old-system-migration,2026-08-11T15:45:16Z
H2489,helpless,Hebrew,M24,Weakness,old-system-migration,2026-08-11T15:45:16Z
H2490A,to bore,Hebrew,T2,Supplementary,old-system-migration,2026-08-11T15:45:16Z
H2490B,to play flute,Hebrew,T2,Supplementary,old-system-migration,2026-08-11T15:45:16Z
H2490C,to profane/begin: begin,Hebrew,T2,Supplementary,old-system-migration,2026-08-11T15:45:16Z
H2490H,to profane/begin: profane,Hebrew,T2,Supplementary,old-system-migration,2026-08-11T15:45:16Z
H2490I,to profane/begin: fruit,Hebrew,T2,Supplementary,old-system-migration,2026-08-11T15:45:16Z
H2491A,slain: killed,Hebrew,T2,Supplementary,old-system-migration,2026-08-11T15:45:16Z
H2491B,profaned,Hebrew,T2,Supplementary,old-system-migration,2026-08-11T15:45:16Z
H2491H,slain: wounded,Hebrew,T2,Supplementary,old-system-migration,2026-08-11T15:45:16Z
H2493,dream,Hebrew,T2,Supplementary,old-system-migration,2026-08-11T15:45:16Z
H2498,to pass,Hebrew,FLAG,Flag,old-system-migration,2026-08-11T15:45:16Z
H2498,to pass,Hebrew,T2,Supplementary,old-system-migration,2026-08-11T15:45:16Z
H2500,for,Hebrew,T2,Supplementary,old-system-migration,2026-08-11T15:45:16Z
H2504,loin,Hebrew,T2,Supplementary,old-system-migration,2026-08-11T15:45:16Z
H2505A,to divide,Hebrew,T2,Supplementary,old-system-migration,2026-08-11T15:45:16Z
H2506A,portion,Hebrew,FLAG,Flag,old-system-migration,2026-08-11T15:45:16Z
H2506A,portion,Hebrew,T2,Supplementary,old-system-migration,2026-08-11T15:45:16Z
H2506B,smoothness,Hebrew,T2,Supplementary,old-system-migration,2026-08-11T15:45:16Z
H2508,portion,Hebrew,T2,Supplementary,old-system-migration,2026-08-11T15:45:16Z
H2513A,portion,Hebrew,T2,Supplementary,old-system-migration,2026-08-11T15:45:16Z
H2513B,smoothness,Hebrew,T2,Supplementary,old-system-migration,2026-08-11T15:45:16Z
H2515,division,Hebrew,T2,Supplementary,old-system-migration,2026-08-11T15:45:16Z
H2528,rage,Hebrew,M02,Anger,old-system-migration,2026-08-11T15:45:16Z
H2530A,to desire,Hebrew,M28,Envy,old-system-migration,2026-08-11T15:45:16Z
H2530B,precious thing,Hebrew,M28,Envy,old-system-migration,2026-08-11T15:45:16Z
H2531,delight,Hebrew,M04,Joy,old-system-migration,2026-08-11T15:45:16Z
H2532A,desire,Hebrew,M28,Envy,old-system-migration,2026-08-11T15:45:16Z
H2532B,desirable thing,Hebrew,M28,Envy,old-system-migration,2026-08-11T15:45:16Z
H2534,rage,Hebrew,M02,Anger,old-system-migration,2026-08-11T15:45:16Z
H2550,to spare,Hebrew,M05,Love,old-system-migration,2026-08-11T15:45:16Z
H2551,compassion,Hebrew,M05,Love,old-system-migration,2026-08-11T15:45:16Z
H2552,to warm,Hebrew,FLAG,Flag,old-system-migration,2026-08-11T15:45:16Z
H2552,to warm,Hebrew,T2,Supplementary,old-system-migration,2026-08-11T15:45:16Z
H2555,violence,Hebrew,M27,Evil,old-system-migration,2026-08-11T15:45:16Z
H2573,bottle,Hebrew,T2,Supplementary,old-system-migration,2026-08-11T15:45:16Z
H2574H,[Zobah]-Hamath,Hebrew,T2,Supplementary,old-system-migration,2026-08-11T15:45:16Z
H2579,Hamath the great,Hebrew,T2,Supplementary,old-system-migration,2026-08-11T15:45:16Z
H2580,favor,Hebrew,M39,Blessing,old-system-migration,2026-08-11T15:45:16Z
H2587,gracious,Hebrew,M39,Blessing,old-system-migration,2026-08-11T15:45:16Z
H2594,favor,Hebrew,M39,Blessing,old-system-migration,2026-08-11T15:45:16Z
H2600,for nothing,Hebrew,T2,Supplementary,old-system-migration,2026-08-11T15:45:16Z
H2603A,be gracious,Hebrew,M39,Blessing,old-system-migration,2026-08-11T15:45:16Z
H2603B,be loathsome,Hebrew,T2,Supplementary,old-system-migration,2026-08-11T15:45:16Z
H2604,be gracious,Hebrew,M39,Blessing,old-system-migration,2026-08-11T15:45:16Z
H2616A,be kind,Hebrew,M05,Love,old-system-migration,2026-08-11T15:45:16Z
H2616B,to shame,Hebrew,M05,Love,old-system-migration,2026-08-11T15:45:16Z
H2616B,to shame,Hebrew,M07,Shame,old-system-migration,2026-08-11T15:45:16Z
H2617A,kindness,Hebrew,M05,Love,old-system-migration,2026-08-11T15:45:16Z
H2617B,shame,Hebrew,M05,Love,old-system-migration,2026-08-11T15:45:16Z
H2617B,shame,Hebrew,M07,Shame,old-system-migration,2026-08-11T15:45:16Z
H2620,to seek refuge,Hebrew,M19,Trust,old-system-migration,2026-08-11T15:45:16Z
H2622,refuge,Hebrew,M19,Trust,old-system-migration,2026-08-11T15:45:16Z
H2623,pious,Hebrew,M05,Love,old-system-migration,2026-08-11T15:45:16Z
H2626,mighty,Hebrew,M23,Strength,old-system-migration,2026-08-11T15:45:16Z
H2630,to hoard,Hebrew,M46,Abundance,old-system-migration,2026-08-11T15:45:16Z
H2631,to possess,Hebrew,T2,Supplementary,old-system-migration,2026-08-11T15:45:16Z
H2632,authority,Hebrew,M23,Strength,old-system-migration,2026-08-11T15:45:16Z
H2632,authority,Hebrew,T2,Supplementary,old-system-migration,2026-08-11T15:45:16Z
H2633,wealth,Hebrew,M46,Abundance,old-system-migration,2026-08-11T15:45:16Z
H2634,strong,Hebrew,M23,Strength,old-system-migration,2026-08-11T15:45:16Z
H2636,to peel,Hebrew,T2,Supplementary,old-system-migration,2026-08-11T15:45:16Z
H2654A,to delight in,Hebrew,M04,Joy,old-system-migration,2026-08-11T15:45:16Z
H2654B,to sway,Hebrew,FLAG,Flag,old-system-migration,2026-08-11T15:45:16Z
H2654B,to sway,Hebrew,T2,Supplementary,old-system-migration,2026-08-11T15:45:16Z
H2655,delighting,Hebrew,M04,Joy,old-system-migration,2026-08-11T15:45:16Z
H2656,pleasure,Hebrew,M04,Joy,old-system-migration,2026-08-11T15:45:16Z
H2657G,Hephzibah,Hebrew,T2,Supplementary,old-system-migration,2026-08-11T15:45:16Z
H2657H,My Delight Is in Her,Hebrew,T2,Supplementary,old-system-migration,2026-08-11T15:45:16Z
H2659,be ashamed,Hebrew,M07,Shame,old-system-migration,2026-08-11T15:45:16Z
H2665,plot,Hebrew,M14,Deceit,old-system-migration,2026-08-11T15:45:16Z
H2729,to tremble,Hebrew,M01,Fear,old-system-migration,2026-08-11T15:45:16Z
H2730,trembling,Hebrew,M01,Fear,old-system-migration,2026-08-11T15:45:16Z
H2731,trembling,Hebrew,M01,Fear,old-system-migration,2026-08-11T15:45:16Z
H2734,to be incensed,Hebrew,M02,Anger,old-system-migration,2026-08-11T15:45:16Z
H2740,burning anger,Hebrew,M02,Anger,old-system-migration,2026-08-11T15:45:16Z
H2750,burning,Hebrew,M01,Fear,old-system-migration,2026-08-11T15:45:16Z
H2750,burning,Hebrew,M02,Anger,old-system-migration,2026-08-11T15:45:16Z
H2758,plowing,Hebrew,T2,Supplementary,old-system-migration,2026-08-11T15:45:16Z
H2759,scorching,Hebrew,T2,Supplementary,old-system-migration,2026-08-11T15:45:16Z
H2778A,to taunt,Hebrew,M06,Hate,old-system-migration,2026-08-11T15:45:16Z
H2781,reproach,Hebrew,M06,Hate,old-system-migration,2026-08-11T15:45:16Z
H2787,to scorch,Hebrew,T2,Supplementary,old-system-migration,2026-08-11T15:45:16Z
H2790A,to plow/plot,Hebrew,M14,Deceit,old-system-migration,2026-08-11T15:45:16Z
H2790B,be quiet,Hebrew,M33,Peace,old-system-migration,2026-08-11T15:45:16Z
H2791A,silently,Hebrew,T2,Supplementary,old-system-migration,2026-08-11T15:45:16Z
H2791B,craftily,Hebrew,T2,Supplementary,old-system-migration,2026-08-11T15:45:16Z
H2793H,wood,Hebrew,T2,Supplementary,old-system-migration,2026-08-11T15:45:16Z
H2794,artificer,Hebrew,T2,Supplementary,old-system-migration,2026-08-11T15:45:16Z
H2795,deaf,Hebrew,T2,Supplementary,old-system-migration,2026-08-11T15:45:16Z
H2796,artificer,Hebrew,T2,Supplementary,old-system-migration,2026-08-11T15:45:16Z
H2799,carving,Hebrew,T2,Supplementary,old-system-migration,2026-08-11T15:45:16Z
H2803G,to devise: design,Hebrew,M15,Wisdom,old-system-migration,2026-08-11T15:45:16Z
H2803H,to devise: count,Hebrew,M15,Wisdom,old-system-migration,2026-08-11T15:45:16Z
H2803I,to devise: devise,Hebrew,M15,Wisdom,old-system-migration,2026-08-11T15:45:16Z
H2803J,to devise: think,Hebrew,M15,Wisdom,old-system-migration,2026-08-11T15:45:16Z
H2808,explanation,Hebrew,M15,Wisdom,old-system-migration,2026-08-11T15:45:16Z
H2810,invention,Hebrew,M14,Deceit,old-system-migration,2026-08-11T15:45:16Z
H2814,be silent,Hebrew,M42,Speech,old-system-migration,2026-08-11T15:45:16Z
H2836A,to desire,Hebrew,M28,Envy,old-system-migration,2026-08-11T15:45:16Z
H2836B,to connect,Hebrew,M44,Relational,old-system-migration,2026-08-11T15:45:16Z
H2837,desire,Hebrew,M28,Envy,old-system-migration,2026-08-11T15:45:16Z
H2844A,terror,Hebrew,M01,Fear,old-system-migration,2026-08-11T15:45:16Z
H2844B,shattered,Hebrew,FLAG,Flag,old-system-migration,2026-08-11T15:45:16Z
H2844B,shattered,Hebrew,T2,Supplementary,old-system-migration,2026-08-11T15:45:16Z
H2847,terror,Hebrew,M01,Fear,old-system-migration,2026-08-11T15:45:16Z
H2849,terror,Hebrew,M01,Fear,old-system-migration,2026-08-11T15:45:16Z
H2851,terror,Hebrew,M01,Fear,old-system-migration,2026-08-11T15:45:16Z
H2865,to to be dismayed,Hebrew,M01,Fear,old-system-migration,2026-08-11T15:45:16Z
H2866,terror,Hebrew,M01,Fear,old-system-migration,2026-08-11T15:45:16Z
H2868,be good,Hebrew,M04,Joy,old-system-migration,2026-08-11T15:45:16Z
H2889,pure,Hebrew,M12,Purity,old-system-migration,2026-08-11T15:45:16Z
H2890,pureness,Hebrew,M12,Purity,old-system-migration,2026-08-11T15:45:16Z
H2891,be pure,Hebrew,M12,Purity,old-system-migration,2026-08-11T15:45:16Z
H2892A,purity,Hebrew,M12,Purity,old-system-migration,2026-08-11T15:45:16Z
H2892B,clearness,Hebrew,M12,Purity,old-system-migration,2026-08-11T15:45:16Z
H2893,purifying,Hebrew,M12,Purity,old-system-migration,2026-08-11T15:45:16Z
H2895,be pleasing,Hebrew,M39,Blessing,old-system-migration,2026-08-11T15:45:16Z
H2896A,pleasant,Hebrew,M04,Joy,old-system-migration,2026-08-11T15:45:16Z
H2898,goodness,Hebrew,T2,Supplementary,old-system-migration,2026-08-11T15:45:16Z
H2906,mountain,Hebrew,T2,Supplementary,old-system-migration,2026-08-11T15:45:16Z
H2910,inner parts,Hebrew,T2,Supplementary,old-system-migration,2026-08-11T15:45:16Z
H2930A,to defile,Hebrew,M10,Sin,old-system-migration,2026-08-11T15:45:16Z
H2931,unclean,Hebrew,M10,Sin,old-system-migration,2026-08-11T15:45:16Z
H2932,uncleanness,Hebrew,M12,Purity,old-system-migration,2026-08-11T15:45:16Z
H2938,to perceive,Hebrew,M15,Wisdom,old-system-migration,2026-08-11T15:45:16Z
H2939,to feed,Hebrew,T2,Supplementary,old-system-migration,2026-08-11T15:45:16Z
H2940,taste,Hebrew,T2,Supplementary,old-system-migration,2026-08-11T15:45:16Z
H2941,account,Hebrew,T2,Supplementary,old-system-migration,2026-08-11T15:45:16Z
H2942,command,Hebrew,T2,Supplementary,old-system-migration,2026-08-11T15:45:16Z
H2953,nail/claw,Hebrew,T2,Supplementary,old-system-migration,2026-08-11T15:45:16Z
H2954,be insensitive,Hebrew,M30,Obedience,old-system-migration,2026-08-11T15:45:16Z
H2963,to tear,Hebrew,T2,Supplementary,old-system-migration,2026-08-11T15:45:16Z
H2964,prey,Hebrew,T2,Supplementary,old-system-migration,2026-08-11T15:45:16Z
H2965,fresh-plucked,Hebrew,T2,Supplementary,old-system-migration,2026-08-11T15:45:16Z
H2966,torn animal,Hebrew,T2,Supplementary,old-system-migration,2026-08-11T15:45:16Z
H2973,be foolish,Hebrew,M16,Folly,old-system-migration,2026-08-11T15:45:16Z
H2974,be willing,Hebrew,M29,Desire,old-system-migration,2026-08-11T15:45:16Z
H2976,to despair,Hebrew,M20,Doubt,old-system-migration,2026-08-11T15:45:16Z
H3013,to suffer,Hebrew,M24,Weakness,old-system-migration,2026-08-11T15:45:16Z
H3015,sorrow,Hebrew,M03,Grief,old-system-migration,2026-08-11T15:45:16Z
H3016,fearing,Hebrew,M01,Fear,old-system-migration,2026-08-11T15:45:16Z
H3021,be weary/toil,Hebrew,M24,Weakness,old-system-migration,2026-08-11T15:45:16Z
H3025,to fear,Hebrew,M01,Fear,old-system-migration,2026-08-11T15:45:16Z
H3027G,hand,Hebrew,T2,Supplementary,old-system-migration,2026-08-11T15:45:16Z
H3027H,hand: power,Hebrew,T2,Supplementary,old-system-migration,2026-08-11T15:45:16Z
H3027I,hand: themselves,Hebrew,T2,Supplementary,old-system-migration,2026-08-11T15:45:16Z
H3027J,hand: by,Hebrew,T2,Supplementary,old-system-migration,2026-08-11T15:45:16Z
H3027K,hand: to,Hebrew,T2,Supplementary,old-system-migration,2026-08-11T15:45:16Z
H3027L,hand: times,Hebrew,T2,Supplementary,old-system-migration,2026-08-11T15:45:16Z
H3027M,hand: monument,Hebrew,T2,Supplementary,old-system-migration,2026-08-11T15:45:16Z
H3027O,hand: tool,Hebrew,T2,Supplementary,old-system-migration,2026-08-11T15:45:16Z
H3027P,hand: bank,Hebrew,T2,Supplementary,old-system-migration,2026-08-11T15:45:16Z
H3027Q,hand: spacious,Hebrew,T2,Supplementary,old-system-migration,2026-08-11T15:45:16Z
H3027R,hand: donate,Hebrew,T2,Supplementary,old-system-migration,2026-08-11T15:45:16Z
H3027S,hand: vow,Hebrew,T2,Supplementary,old-system-migration,2026-08-11T15:45:16Z
H3027T,hand: expend,Hebrew,T2,Supplementary,old-system-migration,2026-08-11T15:45:16Z
H3027U,hand: undertake,Hebrew,T2,Supplementary,old-system-migration,2026-08-11T15:45:16Z
H3027V,hand: certainly,Hebrew,T2,Supplementary,old-system-migration,2026-08-11T15:45:16Z
H3027W,hand: owner,Hebrew,M23,Strength,old-system-migration,2026-08-11T15:45:16Z
H3027W,hand: owner,Hebrew,T2,Supplementary,old-system-migration,2026-08-11T15:45:16Z
H3027X,hand: swear,Hebrew,T2,Supplementary,old-system-migration,2026-08-11T15:45:16Z
H3028,hand,Hebrew,T2,Supplementary,old-system-migration,2026-08-11T15:45:16Z
H3029,to praise,Hebrew,M22,Praise,old-system-migration,2026-08-11T15:45:16Z
H3033,beloved,Hebrew,M05,Love,old-system-migration,2026-08-11T15:45:16Z
H3034,to give thanks,Hebrew,M22,Praise,old-system-migration,2026-08-11T15:45:16Z
H3039A,beloved,Hebrew,T2,Supplementary,old-system-migration,2026-08-11T15:45:16Z
H3045,to know,Hebrew,M15,Wisdom,old-system-migration,2026-08-11T15:45:16Z
H3068G,LORD,Hebrew,T2,Supplementary,old-system-migration,2026-08-11T15:45:16Z
H3157L,[Valley of] Jezreel,Hebrew,T2,Supplementary,old-system-migration,2026-08-11T15:45:16Z
H3161,be joined,Hebrew,T2,Supplementary,old-system-migration,2026-08-11T15:45:16Z
H3162A,unitedness,Hebrew,T2,Supplementary,old-system-migration,2026-08-11T15:45:16Z
H3162B,together,Hebrew,T2,Supplementary,old-system-migration,2026-08-11T15:45:16Z
H3173,only,Hebrew,T2,Supplementary,old-system-migration,2026-08-11T15:45:16Z
H3175,waiting,Hebrew,M18,Hope,old-system-migration,2026-08-11T15:45:16Z
H3176G,to wait: wait,Hebrew,M18,Hope,old-system-migration,2026-08-11T15:45:16Z
H3176H,to wait: hope,Hebrew,M18,Hope,old-system-migration,2026-08-11T15:45:16Z
H3190,be good,Hebrew,M39,Blessing,old-system-migration,2026-08-11T15:45:16Z
H3201,be able,Hebrew,M23,Strength,old-system-migration,2026-08-11T15:45:16Z
H3245,to found,Hebrew,T2,Supplementary,old-system-migration,2026-08-11T15:45:16Z
H3251,to pour,Hebrew,T2,Supplementary,old-system-migration,2026-08-11T15:45:16Z
H3286,to faint,Hebrew,M24,Weakness,old-system-migration,2026-08-11T15:45:16Z
H3289,to advise,Hebrew,M15,Wisdom,old-system-migration,2026-08-11T15:45:16Z
H3318G,to come out: come,Hebrew,T2,Supplementary,old-system-migration,2026-08-11T15:45:16Z
H3332G,to pour: pour,Hebrew,T2,Supplementary,old-system-migration,2026-08-11T15:45:16Z
H3332H,to pour: cast metal,Hebrew,T2,Supplementary,old-system-migration,2026-08-11T15:45:16Z
H3332I,to pour: set down,Hebrew,T2,Supplementary,old-system-migration,2026-08-11T15:45:16Z
H3332J,to pour: firm,Hebrew,T2,Supplementary,old-system-migration,2026-08-11T15:45:16Z
H3333,casting,Hebrew,T2,Supplementary,old-system-migration,2026-08-11T15:45:16Z
H3334,be distressed,Hebrew,T2,Supplementary,old-system-migration,2026-08-11T15:45:16Z
H3335G,to form: formed,Hebrew,FLAG,Flag,old-system-migration,2026-08-11T15:45:16Z
H3335G,to form: formed,Hebrew,T2,Supplementary,old-system-migration,2026-08-11T15:45:16Z
H3335H,to form: potter,Hebrew,FLAG,Flag,old-system-migration,2026-08-11T15:45:16Z
H3335H,to form: potter,Hebrew,T2,Supplementary,old-system-migration,2026-08-11T15:45:16Z
H3335I,to form: plan,Hebrew,FLAG,Flag,old-system-migration,2026-08-11T15:45:16Z
H3335I,to form: plan,Hebrew,T2,Supplementary,old-system-migration,2026-08-11T15:45:16Z
H3336,intention,Hebrew,M29,Desire,old-system-migration,2026-08-11T15:45:16Z
H3349,obedience,Hebrew,M09,Humility,old-system-migration,2026-08-11T15:45:16Z
H3351,existence,Hebrew,T2,Supplementary,old-system-migration,2026-08-11T15:45:16Z
H3365,be precious,Hebrew,M29,Desire,old-system-migration,2026-08-11T15:45:16Z
H3368,precious,Hebrew,M29,Desire,old-system-migration,2026-08-11T15:45:16Z
H3372G,to fear,Hebrew,M01,Fear,old-system-migration,2026-08-11T15:45:16Z
H3372H,to fear: revere,Hebrew,M01,Fear,old-system-migration,2026-08-11T15:45:16Z
H3373,afraid,Hebrew,M01,Fear,old-system-migration,2026-08-11T15:45:16Z
H3374,fear,Hebrew,M01,Fear,old-system-migration,2026-08-11T15:45:16Z
H3377,`great`,Hebrew,T2,Supplementary,old-system-migration,2026-08-11T15:45:16Z
H3401,opponent,Hebrew,M06,Hate,old-system-migration,2026-08-11T15:45:16Z
H3426,there,Hebrew,T2,Supplementary,old-system-migration,2026-08-11T15:45:16Z
H3427,to dwell,Hebrew,T2,Supplementary,old-system-migration,2026-08-11T15:45:16Z
H3444,salvation,Hebrew,M38,Salvation,old-system-migration,2026-08-11T15:45:16Z
H3468,salvation,Hebrew,M38,Salvation,old-system-migration,2026-08-11T15:45:16Z
H3474,to smooth,Hebrew,FLAG,Flag,old-system-migration,2026-08-11T15:45:16Z
H3474,to smooth,Hebrew,T2,Supplementary,old-system-migration,2026-08-11T15:45:16Z
H3476,uprightness,Hebrew,M26,Righteousness,old-system-migration,2026-08-11T15:45:16Z
H3477G,upright:right,Hebrew,M13,Truth,old-system-migration,2026-08-11T15:45:16Z
H3477I,upright:straight,Hebrew,M13,Truth,old-system-migration,2026-08-11T15:45:16Z
H3483,uprightness,Hebrew,M26,Righteousness,old-system-migration,2026-08-11T15:45:16Z
H3510,to pain,Hebrew,M03,Grief,old-system-migration,2026-08-11T15:45:16Z
H3511,pain,Hebrew,M03,Grief,old-system-migration,2026-08-11T15:45:16Z
H3512A,be disheartened,Hebrew,M20,Doubt,old-system-migration,2026-08-11T15:45:16Z
H3512B,disheartened,Hebrew,M20,Doubt,old-system-migration,2026-08-11T15:45:16Z
H3513H,to honor: heavy,Hebrew,FLAG,Flag,old-system-migration,2026-08-11T15:45:16Z
H3513H,to honor: heavy,Hebrew,M22,Praise,old-system-migration,2026-08-11T15:45:16Z
H3513I,to honor: many,Hebrew,FLAG,Flag,old-system-migration,2026-08-11T15:45:16Z
H3513I,to honor: many,Hebrew,M22,Praise,old-system-migration,2026-08-11T15:45:16Z
H3513J,to honor: dull,Hebrew,FLAG,Flag,old-system-migration,2026-08-11T15:45:16Z
H3513J,to honor: dull,Hebrew,M22,Praise,old-system-migration,2026-08-11T15:45:16Z
H3514,heaviness,Hebrew,FLAG,Flag,old-system-migration,2026-08-11T15:45:16Z
H3514,heaviness,Hebrew,T2,Supplementary,old-system-migration,2026-08-11T15:45:16Z
H3516,liver,Hebrew,T2,Supplementary,old-system-migration,2026-08-11T15:45:16Z
H3517,heaviness,Hebrew,FLAG,Flag,old-system-migration,2026-08-11T15:45:16Z
H3517,heaviness,Hebrew,T2,Supplementary,old-system-migration,2026-08-11T15:45:16Z
H3519,glory,Hebrew,M22,Praise,old-system-migration,2026-08-11T15:45:16Z
H3520A,glorious,Hebrew,M22,Praise,old-system-migration,2026-08-11T15:45:16Z
H3520B,riches,Hebrew,M22,Praise,old-system-migration,2026-08-11T15:45:16Z
H3520B,riches,Hebrew,M46,Abundance,old-system-migration,2026-08-11T15:45:16Z
H3576,to lie,Hebrew,M14,Deceit,old-system-migration,2026-08-11T15:45:16Z
H3577,lie,Hebrew,M14,Deceit,old-system-migration,2026-08-11T15:45:16Z
H3581A,reptile,Hebrew,T2,Supplementary,old-system-migration,2026-08-11T15:45:16Z
H3581B,strength,Hebrew,M23,Strength,old-system-migration,2026-08-11T15:45:16Z
H3605,all,Hebrew,T2,Supplementary,old-system-migration,2026-08-11T15:45:16Z
H3615G,to end: finish,Hebrew,T2,Supplementary,old-system-migration,2026-08-11T15:45:16Z
H3615H,to end: destroy,Hebrew,T2,Supplementary,old-system-migration,2026-08-11T15:45:16Z
H3615I,to end: decides,Hebrew,T2,Supplementary,old-system-migration,2026-08-11T15:45:16Z
H3615J,to end: expend,Hebrew,T2,Supplementary,old-system-migration,2026-08-11T15:45:16Z
H3616,longing,Hebrew,M18,Hope,old-system-migration,2026-08-11T15:45:16Z
H3617,consumption,Hebrew,T2,Supplementary,old-system-migration,2026-08-11T15:45:16Z
H3627,article/utensil,Hebrew,T2,Supplementary,old-system-migration,2026-08-11T15:45:16Z
H3629,kidney,Hebrew,T2,Supplementary,old-system-migration,2026-08-11T15:45:16Z
H3631,failing,Hebrew,M24,Weakness,old-system-migration,2026-08-11T15:45:16Z
H3637,be humiliated,Hebrew,M07,Shame,old-system-migration,2026-08-11T15:45:16Z
H3639,shame,Hebrew,M07,Shame,old-system-migration,2026-08-11T15:45:16Z
H3640,shame,Hebrew,M07,Shame,old-system-migration,2026-08-11T15:45:16Z
H3642,to pine,Hebrew,M29,Desire,old-system-migration,2026-08-11T15:45:16Z
H3644G,like,Hebrew,T2,Supplementary,old-system-migration,2026-08-11T15:45:16Z
H3665,be humble,Hebrew,M09,Humility,old-system-migration,2026-08-11T15:45:16Z
H3676,throne,Hebrew,T2,Supplementary,old-system-migration,2026-08-11T15:45:16Z
H3678G,throne,Hebrew,T2,Supplementary,old-system-migration,2026-08-11T15:45:16Z
H3678H,[Hall of] the Throne,Hebrew,T2,Supplementary,old-system-migration,2026-08-11T15:45:16Z
H3678I,throne: seat,Hebrew,T2,Supplementary,old-system-migration,2026-08-11T15:45:16Z
H3681,covering,Hebrew,T2,Supplementary,old-system-migration,2026-08-11T15:45:16Z
H3682,covering,Hebrew,T2,Supplementary,old-system-migration,2026-08-11T15:45:16Z
H3684,fool,Hebrew,M16,Folly,old-system-migration,2026-08-11T15:45:16Z
H3688,be stupid,Hebrew,M16,Folly,old-system-migration,2026-08-11T15:45:16Z
H3690,confidence,Hebrew,M19,Trust,old-system-migration,2026-08-11T15:45:16Z
H3700,to long,Hebrew,M18,Hope,old-system-migration,2026-08-11T15:45:16Z
H3707,to provoke,Hebrew,M02,Anger,old-system-migration,2026-08-11T15:45:16Z
H3708B,vexation,Hebrew,M02,Anger,old-system-migration,2026-08-11T15:45:16Z
H3709G,palm,Hebrew,T2,Supplementary,old-system-migration,2026-08-11T15:45:16Z
H3709H,palm: sole,Hebrew,T2,Supplementary,old-system-migration,2026-08-11T15:45:16Z
H3722A,to atone,Hebrew,M11,Repentance,old-system-migration,2026-08-11T15:45:16Z
H3722B,to cover,Hebrew,M38,Salvation,old-system-migration,2026-08-11T15:45:16Z
H3724A,ransom,Hebrew,T2,Supplementary,old-system-migration,2026-08-11T15:45:16Z
H3725,atonement,Hebrew,M10,Sin,old-system-migration,2026-08-11T15:45:16Z
H3727,mercy seat,Hebrew,T2,Supplementary,old-system-migration,2026-08-11T15:45:16Z
H3735,be distressed,Hebrew,M01,Fear,old-system-migration,2026-08-11T15:45:16Z
H3737,helmet,Hebrew,T2,Supplementary,old-system-migration,2026-08-11T15:45:16Z
H3738B,to pierce,Hebrew,T2,Supplementary,old-system-migration,2026-08-11T15:45:16Z
H3744,proclaimer,Hebrew,T2,Supplementary,old-system-migration,2026-08-11T15:45:16Z
H3745,to proclaim,Hebrew,T2,Supplementary,old-system-migration,2026-08-11T15:45:16Z
H3748,divorce,Hebrew,T2,Supplementary,old-system-migration,2026-08-11T15:45:16Z
H3764,throne,Hebrew,T2,Supplementary,old-system-migration,2026-08-11T15:45:16Z
H3772G,to cut: cut,Hebrew,T2,Supplementary,old-system-migration,2026-08-11T15:45:16Z
H3772H,to cut: make [covenant],Hebrew,M44,Relational,old-system-migration,2026-08-11T15:45:16Z
H3772J,to cut: lack,Hebrew,T2,Supplementary,old-system-migration,2026-08-11T15:45:16Z
H3784,to practice sorcery,Hebrew,T2,Supplementary,old-system-migration,2026-08-11T15:45:16Z
H3785,sorcery,Hebrew,T2,Supplementary,old-system-migration,2026-08-11T15:45:16Z
H3786,sorcerer,Hebrew,T2,Supplementary,old-system-migration,2026-08-11T15:45:16Z
H3795,beaten,Hebrew,T2,Supplementary,old-system-migration,2026-08-11T15:45:16Z
H3807,to crush,Hebrew,M24,Weakness,old-system-migration,2026-08-11T15:45:16Z
H3808,not,Hebrew,T2,Supplementary,old-system-migration,2026-08-11T15:45:16Z
H3809,not,Hebrew,T2,Supplementary,old-system-migration,2026-08-11T15:45:16Z
H3811,be weary,Hebrew,M24,Weakness,old-system-migration,2026-08-11T15:45:16Z
H3818,Not My People,Hebrew,T2,Supplementary,old-system-migration,2026-08-11T15:45:16Z
H3819,No Mercy,Hebrew,T2,Supplementary,old-system-migration,2026-08-11T15:45:16Z
H3820A,heart,Hebrew,M47,Constitution,old-system-migration,2026-08-11T15:45:16Z
H3821,heart,Hebrew,M47,Constitution,old-system-migration,2026-08-11T15:45:16Z
H3823A,to encourage,Hebrew,M05,Love,old-system-migration,2026-08-11T15:45:16Z
H3824,heart,Hebrew,M47,Constitution,old-system-migration,2026-08-11T15:45:16Z
H3825,heart,Hebrew,M47,Constitution,old-system-migration,2026-08-11T15:45:16Z
H3826,heart,Hebrew,M47,Constitution,old-system-migration,2026-08-11T15:45:16Z
H3868,be devious,Hebrew,M14,Deceit,old-system-migration,2026-08-11T15:45:16Z
H3869,almond,Hebrew,T2,Supplementary,old-system-migration,2026-08-11T15:45:16Z
H3887,to mock,Hebrew,M08,Pride,old-system-migration,2026-08-11T15:45:16Z
H3891,perversity,Hebrew,M10,Sin,old-system-migration,2026-08-11T15:45:16Z
H3894,intestine,Hebrew,T2,Supplementary,old-system-migration,2026-08-11T15:45:16Z
H3908,charm,Hebrew,M14,Deceit,old-system-migration,2026-08-11T15:45:16Z
H3932,to mock,Hebrew,M08,Pride,old-system-migration,2026-08-11T15:45:16Z
H3933,derision,Hebrew,M08,Pride,old-system-migration,2026-08-11T15:45:16Z
H3955,juicy bit,Hebrew,T2,Supplementary,old-system-migration,2026-08-11T15:45:16Z
H3960,to slander,Hebrew,M42,Speech,old-system-migration,2026-08-11T15:45:16Z
H3964,what,Hebrew,T2,Supplementary,old-system-migration,2026-08-11T15:45:16Z
H3966,much,Hebrew,T2,Supplementary,old-system-migration,2026-08-11T15:45:16Z
H3970,desire,Hebrew,M29,Desire,old-system-migration,2026-08-11T15:45:16Z
H3981,power,Hebrew,M23,Strength,old-system-migration,2026-08-11T15:45:16Z
H3988A,to reject,Hebrew,M06,Hate,old-system-migration,2026-08-11T15:45:16Z
H4007,expectation,Hebrew,M18,Hope,old-system-migration,2026-08-11T15:45:16Z
H4009,confidence,Hebrew,M19,Trust,old-system-migration,2026-08-11T15:45:16Z
H4010,cheer,Hebrew,M04,Joy,old-system-migration,2026-08-11T15:45:16Z
H4024A,tower,Hebrew,T2,Supplementary,old-system-migration,2026-08-11T15:45:16Z
H4026G,[Hananel] Tower,Hebrew,T2,Supplementary,old-system-migration,2026-08-11T15:45:16Z
H4026H,Tower [of the Hundred],Hebrew,T2,Supplementary,old-system-migration,2026-08-11T15:45:16Z
H4026I,Tower [Of the Ovens],Hebrew,T2,Supplementary,old-system-migration,2026-08-11T15:45:16Z
H4026M,tower,Hebrew,T2,Supplementary,old-system-migration,2026-08-11T15:45:16Z
H4029,tower of Eder,Hebrew,T2,Supplementary,old-system-migration,2026-08-11T15:45:16Z
H4032,terror,Hebrew,M01,Fear,old-system-migration,2026-08-11T15:45:16Z
H4034,fear,Hebrew,M01,Fear,old-system-migration,2026-08-11T15:45:16Z
H4035,fear,Hebrew,M01,Fear,old-system-migration,2026-08-11T15:45:16Z
H4041,horde,Hebrew,T2,Supplementary,old-system-migration,2026-08-11T15:45:16Z
H4042,to deliver,Hebrew,T2,Supplementary,old-system-migration,2026-08-11T15:45:16Z
H4043,shield,Hebrew,T2,Supplementary,old-system-migration,2026-08-11T15:45:16Z
H4044,covering,Hebrew,T2,Supplementary,old-system-migration,2026-08-11T15:45:16Z
H4062,insolence,Hebrew,T2,Supplementary,old-system-migration,2026-08-11T15:45:16Z
H4064,disease,Hebrew,M24,Weakness,old-system-migration,2026-08-11T15:45:16Z
H4066,strife,Hebrew,M02,Anger,old-system-migration,2026-08-11T15:45:16Z
H4069,why?,Hebrew,T2,Supplementary,old-system-migration,2026-08-11T15:45:16Z
H4093,knowledge,Hebrew,M15,Wisdom,old-system-migration,2026-08-11T15:45:16Z
H4097,story,Hebrew,T2,Supplementary,old-system-migration,2026-08-11T15:45:16Z
H4101,what?,Hebrew,T2,Supplementary,old-system-migration,2026-08-11T15:45:16Z
H4110,praise,Hebrew,M22,Praise,old-system-migration,2026-08-11T15:45:16Z
H4114,overthrow,Hebrew,T2,Supplementary,old-system-migration,2026-08-11T15:45:16Z
H4115,stocks,Hebrew,T2,Supplementary,old-system-migration,2026-08-11T15:45:16Z
H4134,be poor,Hebrew,M24,Weakness,old-system-migration,2026-08-11T15:45:16Z
H4148G,discipline,Hebrew,M15,Wisdom,old-system-migration,2026-08-11T15:45:16Z
H4156,counsel,Hebrew,M17,Counsel,old-system-migration,2026-08-11T15:45:16Z
H4157,distress,Hebrew,M03,Grief,old-system-migration,2026-08-11T15:45:16Z
H4164,constraint,Hebrew,M01,Fear,old-system-migration,2026-08-11T15:45:16Z
H4164,constraint,Hebrew,M24,Weakness,old-system-migration,2026-08-11T15:45:16Z
H4165,casting,Hebrew,T2,Supplementary,old-system-migration,2026-08-11T15:45:16Z
H4166,casting,Hebrew,T2,Supplementary,old-system-migration,2026-08-11T15:45:16Z
H4172A,fear,Hebrew,M01,Fear,old-system-migration,2026-08-11T15:45:16Z
H4172B,fear,Hebrew,M01,Fear,old-system-migration,2026-08-11T15:45:16Z
H4177,razor,Hebrew,T2,Supplementary,old-system-migration,2026-08-11T15:45:16Z
H4190,salvation,Hebrew,M38,Salvation,old-system-migration,2026-08-11T15:45:16Z
H4191,to die,Hebrew,T2,Supplementary,old-system-migration,2026-08-11T15:45:16Z
H4192,[Muth-]labben,Hebrew,T2,Supplementary,old-system-migration,2026-08-11T15:45:16Z
H4194,death,Hebrew,T2,Supplementary,old-system-migration,2026-08-11T15:45:16Z
H4206A,belt,Hebrew,T2,Supplementary,old-system-migration,2026-08-11T15:45:16Z
H4206B,belt,Hebrew,T2,Supplementary,old-system-migration,2026-08-11T15:45:16Z
H4208,constellation,Hebrew,T2,Supplementary,old-system-migration,2026-08-11T15:45:16Z
H4209,plot,Hebrew,M14,Deceit,old-system-migration,2026-08-11T15:45:16Z
H4210,melody,Hebrew,M22,Praise,old-system-migration,2026-08-11T15:45:16Z
H4218,sowing,Hebrew,T2,Supplementary,old-system-migration,2026-08-11T15:45:16Z
H4225,joining,Hebrew,T2,Supplementary,old-system-migration,2026-08-11T15:45:16Z
H4226,clamp,Hebrew,T2,Supplementary,old-system-migration,2026-08-11T15:45:16Z
H4241,recovery,Hebrew,M25,Life,old-system-migration,2026-08-11T15:45:16Z
H4245A,sickness,Hebrew,T2,Supplementary,old-system-migration,2026-08-11T15:45:16Z
H4245B,sickness,Hebrew,T2,Supplementary,old-system-migration,2026-08-11T15:45:16Z
H4247,hole,Hebrew,T2,Supplementary,old-system-migration,2026-08-11T15:45:16Z
H4251,suffering,Hebrew,M24,Weakness,old-system-migration,2026-08-11T15:45:16Z
H4253,lock,Hebrew,T2,Supplementary,old-system-migration,2026-08-11T15:45:16Z
H4254,robe,Hebrew,T2,Supplementary,old-system-migration,2026-08-11T15:45:16Z
H4256,division,Hebrew,T2,Supplementary,old-system-migration,2026-08-11T15:45:16Z
H4261,desire,Hebrew,M28,Envy,old-system-migration,2026-08-11T15:45:16Z
H4263,compassion,Hebrew,M05,Love,old-system-migration,2026-08-11T15:45:16Z
H4268,refuge,Hebrew,M19,Trust,old-system-migration,2026-08-11T15:45:16Z
H4281,plowshare,Hebrew,T2,Supplementary,old-system-migration,2026-08-11T15:45:16Z
H4284,plot,Hebrew,M14,Deceit,old-system-migration,2026-08-11T15:45:16Z
H4288,terror,Hebrew,M01,Fear,old-system-migration,2026-08-11T15:45:16Z
H4297,perversion,Hebrew,M10,Sin,old-system-migration,2026-08-11T15:45:16Z
H4303,delicacy,Hebrew,T2,Supplementary,old-system-migration,2026-08-11T15:45:16Z
H4310,who?,Hebrew,T2,Supplementary,old-system-migration,2026-08-11T15:45:16Z
H4339,uprightness,Hebrew,M26,Righteousness,old-system-migration,2026-08-11T15:45:16Z
H4341,pain,Hebrew,M03,Grief,old-system-migration,2026-08-11T15:45:16Z
H4372,covering,Hebrew,T2,Supplementary,old-system-migration,2026-08-11T15:45:16Z
H4374,covering,Hebrew,T2,Supplementary,old-system-migration,2026-08-11T15:45:16Z
H4386,fragment,Hebrew,T2,Supplementary,old-system-migration,2026-08-11T15:45:16Z
H4399,work,Hebrew,T2,Supplementary,old-system-migration,2026-08-11T15:45:16Z
H4436G,Queen [of Sheba],Hebrew,T2,Supplementary,old-system-migration,2026-08-11T15:45:16Z
H4436H,queen,Hebrew,T2,Supplementary,old-system-migration,2026-08-11T15:45:16Z
H4463,death,Hebrew,T2,Supplementary,old-system-migration,2026-08-11T15:45:16Z
H4468,kingdom,Hebrew,M23,Strength,old-system-migration,2026-08-11T15:45:16Z
H4470,bitterness,Hebrew,M03,Grief,old-system-migration,2026-08-11T15:45:16Z
H4472,bitterness,Hebrew,M03,Grief,old-system-migration,2026-08-11T15:45:16Z
H4473,expanded,Hebrew,T2,Supplementary,old-system-migration,2026-08-11T15:45:16Z
H4474,dominion,Hebrew,M23,Strength,old-system-migration,2026-08-11T15:45:16Z
H4475,dominion,Hebrew,M23,Strength,old-system-migration,2026-08-11T15:45:16Z
H4478A,manna,Hebrew,T2,Supplementary,old-system-migration,2026-08-11T15:45:16Z
H4479,who?,Hebrew,T2,Supplementary,old-system-migration,2026-08-11T15:45:16Z
H4480A,from,Hebrew,T2,Supplementary,old-system-migration,2026-08-11T15:45:16Z
H4481,from,Hebrew,T2,Supplementary,old-system-migration,2026-08-11T15:45:16Z
H4486,knowledge,Hebrew,M15,Wisdom,old-system-migration,2026-08-11T15:45:16Z
H4494,resting,Hebrew,M33,Peace,old-system-migration,2026-08-11T15:45:16Z
H4496H,resting,Hebrew,M33,Peace,old-system-migration,2026-08-11T15:45:16Z
H4502,prince,Hebrew,T2,Supplementary,old-system-migration,2026-08-11T15:45:16Z
H4516,delicacy,Hebrew,T2,Supplementary,old-system-migration,2026-08-11T15:45:16Z
H4518,bowl,Hebrew,T2,Supplementary,old-system-migration,2026-08-11T15:45:16Z
H4525,locksmith,Hebrew,T2,Supplementary,old-system-migration,2026-08-11T15:45:16Z
H4526,perimeter,Hebrew,T2,Supplementary,old-system-migration,2026-08-11T15:45:16Z
H4549,to melt,Hebrew,T2,Supplementary,old-system-migration,2026-08-11T15:45:16Z
H4553,mourning,Hebrew,M03,Grief,old-system-migration,2026-08-11T15:45:16Z
H4566,work,Hebrew,T2,Supplementary,old-system-migration,2026-08-11T15:45:16Z
H4574,delicacy,Hebrew,T2,Supplementary,old-system-migration,2026-08-11T15:45:16Z
H4577,belly,Hebrew,T2,Supplementary,old-system-migration,2026-08-11T15:45:16Z
H4578,belly,Hebrew,T2,Supplementary,old-system-migration,2026-08-11T15:45:16Z
H4581,security,Hebrew,M19,Trust,old-system-migration,2026-08-11T15:45:16Z
H4589,nakedness,Hebrew,T2,Supplementary,old-system-migration,2026-08-11T15:45:16Z
H4592,little,Hebrew,T2,Supplementary,old-system-migration,2026-08-11T15:45:16Z
H4603,be unfaithful,Hebrew,M10,Sin,old-system-migration,2026-08-11T15:45:16Z
H4604,unfaithfulness,Hebrew,M10,Sin,old-system-migration,2026-08-11T15:45:16Z
H4616,because,Hebrew,T2,Supplementary,old-system-migration,2026-08-11T15:45:16Z
H4617,answer,Hebrew,M42,Speech,old-system-migration,2026-08-11T15:45:16Z
H4618,furrow,Hebrew,T2,Supplementary,old-system-migration,2026-08-11T15:45:16Z
H4620,torment,Hebrew,M03,Grief,old-system-migration,2026-08-11T15:45:16Z
H4622,restraint,Hebrew,T2,Supplementary,old-system-migration,2026-08-11T15:45:16Z
H4623,restraint,Hebrew,T2,Supplementary,old-system-migration,2026-08-11T15:45:16Z
H4626,nakedness,Hebrew,T2,Supplementary,old-system-migration,2026-08-11T15:45:16Z
H4629H,gap,Hebrew,T2,Supplementary,old-system-migration,2026-08-11T15:45:16Z
H4633,plan,Hebrew,T2,Supplementary,old-system-migration,2026-08-11T15:45:16Z
H4634,rank,Hebrew,T2,Supplementary,old-system-migration,2026-08-11T15:45:16Z
H4635,row,Hebrew,T2,Supplementary,old-system-migration,2026-08-11T15:45:16Z
H4636,naked,Hebrew,T2,Supplementary,old-system-migration,2026-08-11T15:45:16Z
H4637,terror,Hebrew,M01,Fear,old-system-migration,2026-08-11T15:45:16Z
H4642,oppression,Hebrew,T2,Supplementary,old-system-migration,2026-08-11T15:45:16Z
H4652,wonder,Hebrew,M04,Joy,old-system-migration,2026-08-11T15:45:16Z
H4662H,appointment,Hebrew,T2,Supplementary,old-system-migration,2026-08-11T15:45:16Z
H4672,to find,Hebrew,T2,Supplementary,old-system-migration,2026-08-11T15:45:16Z
H4683,strife,Hebrew,M02,Anger,old-system-migration,2026-08-11T15:45:16Z
H4689,distress,Hebrew,M03,Grief,old-system-migration,2026-08-11T15:45:16Z
H4691,distress,Hebrew,M03,Grief,old-system-migration,2026-08-11T15:45:16Z
H4692,siege,Hebrew,T2,Supplementary,old-system-migration,2026-08-11T15:45:16Z
H4695,strife,Hebrew,M02,Anger,old-system-migration,2026-08-11T15:45:16Z
H4712,terror,Hebrew,M01,Fear,old-system-migration,2026-08-11T15:45:16Z
H4712,terror,Hebrew,M24,Weakness,old-system-migration,2026-08-11T15:45:16Z
H4714I,[Sea of] Egypt,Hebrew,T2,Supplementary,old-system-migration,2026-08-11T15:45:16Z
H4714J,[Brook of] Egypt,Hebrew,T2,Supplementary,old-system-migration,2026-08-11T15:45:16Z
H4720,sanctuary,Hebrew,T2,Supplementary,old-system-migration,2026-08-11T15:45:16Z
H4723B,hope,Hebrew,M18,Hope,old-system-migration,2026-08-11T15:45:16Z
H4725,place,Hebrew,T2,Supplementary,old-system-migration,2026-08-11T15:45:16Z
H4744,assembly,Hebrew,M05,Love,old-system-migration,2026-08-11T15:45:16Z
H4748,hairstyle,Hebrew,T2,Supplementary,old-system-migration,2026-08-11T15:45:16Z
H4751,bitter,Hebrew,M03,Grief,old-system-migration,2026-08-11T15:45:16Z
H4751,bitter,Hebrew,T2,Supplementary,old-system-migration,2026-08-11T15:45:16Z
H4766,abundance,Hebrew,M33,Peace,old-system-migration,2026-08-11T15:45:16Z
H4768,greatness,Hebrew,M23,Strength,old-system-migration,2026-08-11T15:45:16Z
H4771,rest,Hebrew,M33,Peace,old-system-migration,2026-08-11T15:45:16Z
H4772,feet,Hebrew,T2,Supplementary,old-system-migration,2026-08-11T15:45:16Z
H4774,repose,Hebrew,M33,Peace,old-system-migration,2026-08-11T15:45:16Z
H4775,to rebel,Hebrew,M30,Obedience,old-system-migration,2026-08-11T15:45:16Z
H4776,rebellion,Hebrew,M30,Obedience,old-system-migration,2026-08-11T15:45:16Z
H4777,rebellion,Hebrew,M30,Obedience,old-system-migration,2026-08-11T15:45:16Z
H4780,rebellious,Hebrew,M30,Obedience,old-system-migration,2026-08-11T15:45:16Z
H4784,to rebel,Hebrew,M30,Obedience,old-system-migration,2026-08-11T15:45:16Z
H4786,bitterness,Hebrew,M03,Grief,old-system-migration,2026-08-11T15:45:16Z
H4787,bitterness,Hebrew,M03,Grief,old-system-migration,2026-08-11T15:45:16Z
H4791,height,Hebrew,M08,Pride,old-system-migration,2026-08-11T15:45:16Z
H4798,mourning,Hebrew,M03,Grief,old-system-migration,2026-08-11T15:45:16Z
H4804,to pluck,Hebrew,T2,Supplementary,old-system-migration,2026-08-11T15:45:16Z
H4805H,rebellion,Hebrew,M30,Obedience,old-system-migration,2026-08-11T15:45:16Z
H4808,provocation,Hebrew,M02,Anger,old-system-migration,2026-08-11T15:45:16Z
H4820,deceit,Hebrew,M14,Deceit,old-system-migration,2026-08-11T15:45:16Z
H4828,companion,Hebrew,T2,Supplementary,old-system-migration,2026-08-11T15:45:16Z
H4835,oppression,Hebrew,M24,Weakness,old-system-migration,2026-08-11T15:45:16Z
H4843,to provoke,Hebrew,M02,Anger,old-system-migration,2026-08-11T15:45:16Z
H4843,to provoke,Hebrew,M03,Grief,old-system-migration,2026-08-11T15:45:16Z
H4844,bitterness,Hebrew,M03,Grief,old-system-migration,2026-08-11T15:45:16Z
H4849,wickedness,Hebrew,M10,Sin,old-system-migration,2026-08-11T15:45:16Z
H4862,petition,Hebrew,M21,Prayer,old-system-migration,2026-08-11T15:45:16Z
H4865,filigree,Hebrew,T2,Supplementary,old-system-migration,2026-08-11T15:45:16Z
H4866,birth,Hebrew,T2,Supplementary,old-system-migration,2026-08-11T15:45:16Z
H4867,wave,Hebrew,M01,Fear,old-system-migration,2026-08-11T15:45:16Z
H4885,rejoicing,Hebrew,M04,Joy,old-system-migration,2026-08-11T15:45:16Z
H4886,to anoint,Hebrew,T2,Supplementary,old-system-migration,2026-08-11T15:45:16Z
H4887,oil,Hebrew,T2,Supplementary,old-system-migration,2026-08-11T15:45:16Z
H4888A,anointing,Hebrew,T2,Supplementary,old-system-migration,2026-08-11T15:45:16Z
H4888B,consecrated portion,Hebrew,T2,Supplementary,old-system-migration,2026-08-11T15:45:16Z
H4889,destruction,Hebrew,M10,Sin,old-system-migration,2026-08-11T15:45:16Z
H4892,destruction,Hebrew,M10,Sin,old-system-migration,2026-08-11T15:45:16Z
H4893A,mutilation,Hebrew,M07,Shame,old-system-migration,2026-08-11T15:45:16Z
H4893B,corruption,Hebrew,M10,Sin,old-system-migration,2026-08-11T15:45:16Z
H4895,hatred,Hebrew,M06,Hate,old-system-migration,2026-08-11T15:45:16Z
H4896,rule,Hebrew,M23,Strength,old-system-migration,2026-08-11T15:45:16Z
H4897,silk,Hebrew,T2,Supplementary,old-system-migration,2026-08-11T15:45:16Z
H4899,anointed,Hebrew,T2,Supplementary,old-system-migration,2026-08-11T15:45:16Z
H4905,Maskil,Hebrew,T2,Supplementary,old-system-migration,2026-08-11T15:45:16Z
H4906,figure,Hebrew,T2,Supplementary,old-system-migration,2026-08-11T15:45:16Z
H4910,to rule,Hebrew,M23,Strength,old-system-migration,2026-08-11T15:45:16Z
H4911A,to liken,Hebrew,T2,Supplementary,old-system-migration,2026-08-11T15:45:16Z
H4911B,to use a proverb,Hebrew,T2,Supplementary,old-system-migration,2026-08-11T15:45:16Z
H4915B,dominion,Hebrew,M23,Strength,old-system-migration,2026-08-11T15:45:16Z
H4924A,fat,Hebrew,T2,Supplementary,old-system-migration,2026-08-11T15:45:16Z
H4924B,fatness,Hebrew,M46,Abundance,old-system-migration,2026-08-11T15:45:16Z
H4924C,fat piece,Hebrew,T2,Supplementary,old-system-migration,2026-08-11T15:45:16Z
H4926,hearing,Hebrew,M41,Remembrance,old-system-migration,2026-08-11T15:45:16Z
H4928,guard,Hebrew,T2,Supplementary,old-system-migration,2026-08-11T15:45:16Z
H4937A,support,Hebrew,M19,Trust,old-system-migration,2026-08-11T15:45:16Z
H4937B,support,Hebrew,M19,Trust,old-system-migration,2026-08-11T15:45:16Z
H4941G,justice: judgement,Hebrew,FLAG,Flag,old-system-migration,2026-08-11T15:45:16Z
H4941G,justice: judgement,Hebrew,M26,Righteousness,old-system-migration,2026-08-11T15:45:16Z
H4941H,justice,Hebrew,FLAG,Flag,old-system-migration,2026-08-11T15:45:16Z
H4941H,justice,Hebrew,M26,Righteousness,old-system-migration,2026-08-11T15:45:16Z
H4941I,justice: rule,Hebrew,M26,Righteousness,old-system-migration,2026-08-11T15:45:16Z
H4941I,justice: rule,Hebrew,T2,Supplementary,old-system-migration,2026-08-11T15:45:16Z
H4941J,justice: custom,Hebrew,M26,Righteousness,old-system-migration,2026-08-11T15:45:16Z
H4941J,justice: custom,Hebrew,T2,Supplementary,old-system-migration,2026-08-11T15:45:16Z
H4941K,[Hall of] Judgment,Hebrew,M26,Righteousness,old-system-migration,2026-08-11T15:45:16Z
H4944,rushing,Hebrew,T2,Supplementary,old-system-migration,2026-08-11T15:45:16Z
H4951,dominion,Hebrew,M23,Strength,old-system-migration,2026-08-11T15:45:16Z
H4970,how,Hebrew,T2,Supplementary,old-system-migration,2026-08-11T15:45:16Z
H4974,soundness,Hebrew,M12,Purity,old-system-migration,2026-08-11T15:45:16Z
H4994,please,Hebrew,T2,Supplementary,old-system-migration,2026-08-11T15:45:16Z
H5000,lovely,Hebrew,M05,Love,old-system-migration,2026-08-11T15:45:16Z
H5003,to commit adultery,Hebrew,M10,Sin,old-system-migration,2026-08-11T15:45:16Z
H5006,to spurn,Hebrew,M06,Hate,old-system-migration,2026-08-11T15:45:16Z
H5007A,contempt,Hebrew,M06,Hate,old-system-migration,2026-08-11T15:45:16Z
H5007B,contempt,Hebrew,M06,Hate,old-system-migration,2026-08-11T15:45:16Z
H5008,to groan,Hebrew,M42,Speech,old-system-migration,2026-08-11T15:45:16Z
H5009,groan,Hebrew,M03,Grief,old-system-migration,2026-08-11T15:45:16Z
H5010,to disown,Hebrew,M06,Hate,old-system-migration,2026-08-11T15:45:16Z
H5012,to prophesy,Hebrew,M42,Speech,old-system-migration,2026-08-11T15:45:16Z
H5016,prophecy,Hebrew,M43,Prophecy,old-system-migration,2026-08-11T15:45:16Z
H5017,prophesying,Hebrew,M43,Prophecy,old-system-migration,2026-08-11T15:45:16Z
H5027,to look,Hebrew,T2,Supplementary,old-system-migration,2026-08-11T15:45:16Z
H5030,prophet,Hebrew,T2,Supplementary,old-system-migration,2026-08-11T15:45:16Z
H5031,prophetess,Hebrew,T2,Supplementary,old-system-migration,2026-08-11T15:45:16Z
H5034B,to wither,Hebrew,M24,Weakness,old-system-migration,2026-08-11T15:45:16Z
H5036,foolish,Hebrew,M16,Folly,old-system-migration,2026-08-11T15:45:16Z
H5039,folly,Hebrew,M16,Folly,old-system-migration,2026-08-11T15:45:16Z
H5040,lewdness,Hebrew,M10,Sin,old-system-migration,2026-08-11T15:45:16Z
H5046,to tell,Hebrew,M42,Speech,old-system-migration,2026-08-11T15:45:16Z
H5065,to oppress,Hebrew,M24,Weakness,old-system-migration,2026-08-11T15:45:16Z
H5068,be willing,Hebrew,M29,Desire,old-system-migration,2026-08-11T15:45:16Z
H5069,be willing,Hebrew,M29,Desire,old-system-migration,2026-08-11T15:45:16Z
H5071,freewill offering,Hebrew,T2,Supplementary,old-system-migration,2026-08-11T15:45:16Z
H5074,to wander,Hebrew,M18,Hope,old-system-migration,2026-08-11T15:45:16Z
H5076,tossing,Hebrew,M03,Grief,old-system-migration,2026-08-11T15:45:16Z
H5079,impurity,Hebrew,M10,Sin,old-system-migration,2026-08-11T15:45:16Z
H5081G,noble: willing,Hebrew,M09,Humility,old-system-migration,2026-08-11T15:45:16Z
H5081H,noble,Hebrew,M34,Perseverance,old-system-migration,2026-08-11T15:45:16Z
H5082,honor,Hebrew,M22,Praise,old-system-migration,2026-08-11T15:45:16Z
H5098,to groan,Hebrew,M42,Speech,old-system-migration,2026-08-11T15:45:16Z
H5099,roaring,Hebrew,M42,Speech,old-system-migration,2026-08-11T15:45:16Z
H5115A,to beautify,Hebrew,T2,Supplementary,old-system-migration,2026-08-11T15:45:16Z
H5117,to rest,Hebrew,M33,Peace,old-system-migration,2026-08-11T15:45:16Z
H5118,rest,Hebrew,M33,Peace,old-system-migration,2026-08-11T15:45:16Z
H5136,be sick,Hebrew,M24,Weakness,old-system-migration,2026-08-11T15:45:16Z
H5144A,to dedicate,Hebrew,M12,Purity,old-system-migration,2026-08-11T15:45:16Z
H5144B,be a Nazarite,Hebrew,T2,Supplementary,old-system-migration,2026-08-11T15:45:16Z
H5145G,consecration: Nazirite vow,Hebrew,T2,Supplementary,old-system-migration,2026-08-11T15:45:16Z
H5145H,consecration: crown,Hebrew,T2,Supplementary,old-system-migration,2026-08-11T15:45:16Z
H5145I,consecration: hair,Hebrew,T2,Supplementary,old-system-migration,2026-08-11T15:45:16Z
H5150,comfort,Hebrew,M33,Peace,old-system-migration,2026-08-11T15:45:16Z
H5157,to inherit,Hebrew,T2,Supplementary,old-system-migration,2026-08-11T15:45:16Z
H5159,inheritance,Hebrew,T2,Supplementary,old-system-migration,2026-08-11T15:45:16Z
H5162G,to be sorry: comfort,Hebrew,M05,Love,old-system-migration,2026-08-11T15:45:16Z
H5162H,to be sorry: relent,Hebrew,M11,Repentance,old-system-migration,2026-08-11T15:45:16Z
H5164,repentance,Hebrew,M45,Transformation,old-system-migration,2026-08-11T15:45:16Z
H5165,comfort,Hebrew,M33,Peace,old-system-migration,2026-08-11T15:45:16Z
H5178A,bronze,Hebrew,T2,Supplementary,old-system-migration,2026-08-11T15:45:16Z
H5183A,quietness,Hebrew,M33,Peace,old-system-migration,2026-08-11T15:45:16Z
H5201,to keep,Hebrew,M30,Obedience,old-system-migration,2026-08-11T15:45:16Z
H5206,filth,Hebrew,M07,Shame,old-system-migration,2026-08-11T15:45:16Z
H5207,soothing,Hebrew,M04,Joy,old-system-migration,2026-08-11T15:45:16Z
H5222,smitten,Hebrew,M24,Weakness,old-system-migration,2026-08-11T15:45:16Z
H5223,crippled,Hebrew,M24,Weakness,old-system-migration,2026-08-11T15:45:16Z
H5227,before,Hebrew,T2,Supplementary,old-system-migration,2026-08-11T15:45:16Z
H5228,straightforward,Hebrew,M13,Truth,old-system-migration,2026-08-11T15:45:16Z
H5229,upright,Hebrew,M26,Righteousness,old-system-migration,2026-08-11T15:45:16Z
H5251H,ensign,Hebrew,T2,Supplementary,old-system-migration,2026-08-11T15:45:16Z
H5254G,to test,Hebrew,M35,Testing,old-system-migration,2026-08-11T15:45:16Z
H5273A,pleasant,Hebrew,M04,Joy,old-system-migration,2026-08-11T15:45:16Z
H5273B,musical,Hebrew,M22,Praise,old-system-migration,2026-08-11T15:45:16Z
H5276,be pleasant,Hebrew,M04,Joy,old-system-migration,2026-08-11T15:45:16Z
H5278,pleasantness,Hebrew,M04,Joy,old-system-migration,2026-08-11T15:45:16Z
H5282,pleasantness,Hebrew,M04,Joy,old-system-migration,2026-08-11T15:45:16Z
H5301,to breathe,Hebrew,M25,Life,old-system-migration,2026-08-11T15:45:16Z
H5307K,to fall: angry,Hebrew,M02,Anger,old-system-migration,2026-08-11T15:45:16Z
H5312,to go out,Hebrew,T2,Supplementary,old-system-migration,2026-08-11T15:45:16Z
H5313,cost,Hebrew,T2,Supplementary,old-system-migration,2026-08-11T15:45:16Z
H5314,be refreshed,Hebrew,M25,Life,old-system-migration,2026-08-11T15:45:16Z
H5315G,soul,Hebrew,M47,Constitution,old-system-migration,2026-08-11T15:45:16Z
H5315H,soul: life,Hebrew,M25,Life,old-system-migration,2026-08-11T15:45:16Z
H5315I,soul: myself,Hebrew,M47,Constitution,old-system-migration,2026-08-11T15:45:16Z
H5315J,soul: person,Hebrew,M47,Constitution,old-system-migration,2026-08-11T15:45:16Z
H5315K,soul: animal,Hebrew,M47,Constitution,old-system-migration,2026-08-11T15:45:16Z
H5315L,soul: appetite,Hebrew,M47,Constitution,old-system-migration,2026-08-11T15:45:16Z
H5315M,soul: dead,Hebrew,M47,Constitution,old-system-migration,2026-08-11T15:45:16Z
H5315N,soul: neck,Hebrew,M47,Constitution,old-system-migration,2026-08-11T15:45:16Z
H5317,honey,Hebrew,T2,Supplementary,old-system-migration,2026-08-11T15:45:16Z
H5324,to stand,Hebrew,T2,Supplementary,old-system-migration,2026-08-11T15:45:16Z
H5326,firmness,Hebrew,T2,Supplementary,old-system-migration,2026-08-11T15:45:16Z
H5327A,to struggle,Hebrew,M34,Perseverance,old-system-migration,2026-08-11T15:45:16Z
H5327B,to desolate,Hebrew,T2,Supplementary,old-system-migration,2026-08-11T15:45:16Z
H5329,to conduct,Hebrew,M22,Praise,old-system-migration,2026-08-11T15:45:16Z
H5330,to distinguish oneself,Hebrew,T2,Supplementary,old-system-migration,2026-08-11T15:45:16Z
H5331,perpetuity,Hebrew,M34,Perseverance,old-system-migration,2026-08-11T15:45:16Z
H5332,lifeblood,Hebrew,T2,Supplementary,old-system-migration,2026-08-11T15:45:16Z
H5341,to watch,Hebrew,M30,Obedience,old-system-migration,2026-08-11T15:45:16Z
H5352,to clear,Hebrew,M12,Purity,old-system-migration,2026-08-11T15:45:16Z
H5355A,innocent,Hebrew,M12,Purity,old-system-migration,2026-08-11T15:45:16Z
H5355B,innocent,Hebrew,M12,Purity,old-system-migration,2026-08-11T15:45:16Z
H5356A,innocence,Hebrew,M07,Shame,old-system-migration,2026-08-11T15:45:16Z
H5356B,bluntness,Hebrew,M07,Shame,old-system-migration,2026-08-11T15:45:16Z
H5359,vengeance,Hebrew,M02,Anger,old-system-migration,2026-08-11T15:45:16Z
H5360,vengeance,Hebrew,M02,Anger,old-system-migration,2026-08-11T15:45:16Z
H5375O,to lift: trust,Hebrew,M19,Trust,old-system-migration,2026-08-11T15:45:16Z
H5397,breath,Hebrew,M25,Life,old-system-migration,2026-08-11T15:45:16Z
H5414G,to give: give,Hebrew,M12,Purity,old-system-migration,2026-08-11T15:45:16Z
H5452,to intend,Hebrew,T2,Supplementary,old-system-migration,2026-08-11T15:45:16Z
H5456,to prostrate,Hebrew,T2,Supplementary,old-system-migration,2026-08-11T15:45:16Z
H5457,to do homage,Hebrew,T2,Supplementary,old-system-migration,2026-08-11T15:45:16Z
H5458,enclosure,Hebrew,T2,Supplementary,old-system-migration,2026-08-11T15:45:16Z
H5460,prefect,Hebrew,T2,Supplementary,old-system-migration,2026-08-11T15:45:16Z
H5462,to shut,Hebrew,T2,Supplementary,old-system-migration,2026-08-11T15:45:16Z
H5463,to shut,Hebrew,T2,Supplementary,old-system-migration,2026-08-11T15:45:16Z
H5474,cage,Hebrew,T2,Supplementary,old-system-migration,2026-08-11T15:45:16Z
H5475,counsel,Hebrew,M17,Counsel,old-system-migration,2026-08-11T15:45:16Z
H5480,to anoint,Hebrew,T2,Supplementary,old-system-migration,2026-08-11T15:45:16Z
H5481,bagpipe,Hebrew,T2,Supplementary,old-system-migration,2026-08-11T15:45:16Z
H5493G,to turn aside: remove,Hebrew,M30,Obedience,old-system-migration,2026-08-11T15:45:16Z
H5493H,to turn aside: depart,Hebrew,M30,Obedience,old-system-migration,2026-08-11T15:45:16Z
H5493I,to turn aside: turn aside,Hebrew,M30,Obedience,old-system-migration,2026-08-11T15:45:16Z
H5494,degenerate,Hebrew,M10,Sin,old-system-migration,2026-08-11T15:45:16Z
H5512A,Pelusium,Hebrew,T2,Supplementary,old-system-migration,2026-08-11T15:45:16Z
H5529,folly,Hebrew,M16,Folly,old-system-migration,2026-08-11T15:45:16Z
H5530,fool,Hebrew,M16,Folly,old-system-migration,2026-08-11T15:45:16Z
H5531A,folly,Hebrew,M16,Folly,old-system-migration,2026-08-11T15:45:16Z
H5531B,folly,Hebrew,M16,Folly,old-system-migration,2026-08-11T15:45:16Z
H5539,to rejoice,Hebrew,M04,Joy,old-system-migration,2026-08-11T15:45:16Z
H5545,to forgive,Hebrew,M11,Repentance,old-system-migration,2026-08-11T15:45:16Z
H5546,forgiving,Hebrew,M11,Repentance,old-system-migration,2026-08-11T15:45:16Z
H5547,forgiveness,Hebrew,M11,Repentance,old-system-migration,2026-08-11T15:45:16Z
H5557,to pervert,Hebrew,M10,Sin,old-system-migration,2026-08-11T15:45:16Z
H5558,crookedness,Hebrew,M14,Deceit,old-system-migration,2026-08-11T15:45:16Z
H5587A,division,Hebrew,T2,Supplementary,old-system-migration,2026-08-11T15:45:16Z
H5587B,disquietings,Hebrew,FLAG,Flag,old-system-migration,2026-08-11T15:45:16Z
H5587B,disquietings,Hebrew,T2,Supplementary,old-system-migration,2026-08-11T15:45:16Z
H5588,divided,Hebrew,T2,Supplementary,old-system-migration,2026-08-11T15:45:16Z
H5594,to mourn,Hebrew,M03,Grief,old-system-migration,2026-08-11T15:45:16Z
H5627,revolt,Hebrew,M10,Sin,old-system-migration,2026-08-11T15:45:16Z
H5641,to hide,Hebrew,M20,Doubt,old-system-migration,2026-08-11T15:45:16Z
H5647G,to serve,Hebrew,M36,Service,old-system-migration,2026-08-11T15:45:16Z
H5647H,to serve: minister,Hebrew,M36,Service,old-system-migration,2026-08-11T15:45:16Z
H5647I,to serve: labour,Hebrew,M36,Service,old-system-migration,2026-08-11T15:45:16Z
H5647J,to serve: burden,Hebrew,M36,Service,old-system-migration,2026-08-11T15:45:16Z
H5648,to make,Hebrew,M36,Service,old-system-migration,2026-08-11T15:45:16Z
H5652,work,Hebrew,T2,Supplementary,old-system-migration,2026-08-11T15:45:16Z
H5656G,service,Hebrew,M36,Service,old-system-migration,2026-08-11T15:45:16Z
H5656H,service: ministry,Hebrew,M36,Service,old-system-migration,2026-08-11T15:45:16Z
H5656I,service: work,Hebrew,M36,Service,old-system-migration,2026-08-11T15:45:16Z
H5657,service,Hebrew,M36,Service,old-system-migration,2026-08-11T15:45:16Z
H5659,slavery,Hebrew,M36,Service,old-system-migration,2026-08-11T15:45:16Z
H5689,to lust,Hebrew,M29,Desire,old-system-migration,2026-08-11T15:45:16Z
H5690,lust,Hebrew,M28,Envy,old-system-migration,2026-08-11T15:45:16Z
H5691,lust,Hebrew,M28,Envy,old-system-migration,2026-08-11T15:45:16Z
H5707,witness,Hebrew,T2,Supplementary,old-system-migration,2026-08-11T15:45:16Z
H5713A,witness,Hebrew,T2,Supplementary,old-system-migration,2026-08-11T15:45:16Z
H5713B,testimony,Hebrew,T2,Supplementary,old-system-migration,2026-08-11T15:45:16Z
H5715,testimony,Hebrew,T2,Supplementary,old-system-migration,2026-08-11T15:45:16Z
H5719,voluptuous,Hebrew,M08,Pride,old-system-migration,2026-08-11T15:45:16Z
H5727,to luxuriate,Hebrew,M46,Abundance,old-system-migration,2026-08-11T15:45:16Z
H5730A,delicacy,Hebrew,T2,Supplementary,old-system-migration,2026-08-11T15:45:16Z
H5730B,delight,Hebrew,M04,Joy,old-system-migration,2026-08-11T15:45:16Z
H5749A,to return,Hebrew,M11,Repentance,old-system-migration,2026-08-11T15:45:16Z
H5749B,to testify,Hebrew,M13,Truth,old-system-migration,2026-08-11T15:45:16Z
H5750,still,Hebrew,T2,Supplementary,old-system-migration,2026-08-11T15:45:16Z
H5753A,to twist,Hebrew,M10,Sin,old-system-migration,2026-08-11T15:45:16Z
H5753B,to pervert,Hebrew,M10,Sin,old-system-migration,2026-08-11T15:45:16Z
H5760,unjust one,Hebrew,M10,Sin,old-system-migration,2026-08-11T15:45:16Z
H5765,to act unjustly,Hebrew,M26,Righteousness,old-system-migration,2026-08-11T15:45:16Z
H5766A,injustice,Hebrew,M10,Sin,old-system-migration,2026-08-11T15:45:16Z
H5766B,injustice,Hebrew,M10,Sin,old-system-migration,2026-08-11T15:45:16Z
H5767,unjust,Hebrew,M10,Sin,old-system-migration,2026-08-11T15:45:16Z
H5769G,forever: enduring,Hebrew,T2,Supplementary,old-system-migration,2026-08-11T15:45:16Z
H5769H,Everlasting [God],Hebrew,T2,Supplementary,old-system-migration,2026-08-11T15:45:16Z
H5771G,iniquity: crime,Hebrew,M10,Sin,old-system-migration,2026-08-11T15:45:16Z
H5771H,iniquity: guilt,Hebrew,M10,Sin,old-system-migration,2026-08-11T15:45:16Z
H5771I,iniquity: punishment,Hebrew,M10,Sin,old-system-migration,2026-08-11T15:45:16Z
H5779,to plan,Hebrew,M15,Wisdom,old-system-migration,2026-08-11T15:45:16Z
H5782,to rouse,Hebrew,M25,Life,old-system-migration,2026-08-11T15:45:16Z
H5783,be exposed,Hebrew,T2,Supplementary,old-system-migration,2026-08-11T15:45:16Z
H5794,strong,Hebrew,M23,Strength,old-system-migration,2026-08-11T15:45:16Z
H5796,goat,Hebrew,T2,Supplementary,old-system-migration,2026-08-11T15:45:16Z
H5797,strength,Hebrew,M23,Strength,old-system-migration,2026-08-11T15:45:16Z
H5798G,[Garden of] Uzza,Hebrew,T2,Supplementary,old-system-migration,2026-08-11T15:45:16Z
H5800A,to leave: forsake,Hebrew,M20,Doubt,old-system-migration,2026-08-11T15:45:16Z
H5807,strength,Hebrew,M23,Strength,old-system-migration,2026-08-11T15:45:16Z
H5808,mighty,Hebrew,M23,Strength,old-system-migration,2026-08-11T15:45:16Z
H5810,be strong,Hebrew,M23,Strength,old-system-migration,2026-08-11T15:45:16Z
H5822,vulture,Hebrew,T2,Supplementary,old-system-migration,2026-08-11T15:45:16Z
H5826,to help,Hebrew,M38,Salvation,old-system-migration,2026-08-11T15:45:16Z
H5848C,to enfeeble,Hebrew,M24,Weakness,old-system-migration,2026-08-11T15:45:16Z
H5860A,to scream,Hebrew,T2,Supplementary,old-system-migration,2026-08-11T15:45:16Z
H5903,naked,Hebrew,T2,Supplementary,old-system-migration,2026-08-11T15:45:16Z
H5923,yoke,Hebrew,T2,Supplementary,old-system-migration,2026-08-11T15:45:16Z
H5932,iniquity,Hebrew,M10,Sin,old-system-migration,2026-08-11T15:45:16Z
H5934,youth,Hebrew,T2,Supplementary,old-system-migration,2026-08-11T15:45:16Z
H5937,to exult,Hebrew,M04,Joy,old-system-migration,2026-08-11T15:45:16Z
H5943,Most High [God],Hebrew,M23,Strength,old-system-migration,2026-08-11T15:45:16Z
H5946,Most High [God],Hebrew,T2,Supplementary,old-system-migration,2026-08-11T15:45:16Z
H5948,furnace,Hebrew,T2,Supplementary,old-system-migration,2026-08-11T15:45:16Z
H5951,exultation,Hebrew,M04,Joy,old-system-migration,2026-08-11T15:45:16Z
H5954,to come,Hebrew,T2,Supplementary,old-system-migration,2026-08-11T15:45:16Z
H5956,to conceal,Hebrew,M14,Deceit,old-system-migration,2026-08-11T15:45:16Z
H5958,youth,Hebrew,T2,Supplementary,old-system-migration,2026-08-11T15:45:16Z
H5959,maiden,Hebrew,T2,Supplementary,old-system-migration,2026-08-11T15:45:16Z
H5965,to rejoice,Hebrew,M04,Joy,old-system-migration,2026-08-11T15:45:16Z
H5970,to rejoice,Hebrew,M04,Joy,old-system-migration,2026-08-11T15:45:16Z
H5971B,kinsman,Hebrew,T2,Supplementary,old-system-migration,2026-08-11T15:45:16Z
H5971H,People's [Gate],Hebrew,T2,Supplementary,old-system-migration,2026-08-11T15:45:16Z
H5971I,[Ibleam]-am,Hebrew,T2,Supplementary,old-system-migration,2026-08-11T15:45:16Z
H5971K,people: soldiers,Hebrew,T2,Supplementary,old-system-migration,2026-08-11T15:45:16Z
H5971L,people: creatures,Hebrew,T2,Supplementary,old-system-migration,2026-08-11T15:45:16Z
H5973B,from with,Hebrew,T2,Supplementary,old-system-migration,2026-08-11T15:45:16Z
H5974,with,Hebrew,T2,Supplementary,old-system-migration,2026-08-11T15:45:16Z
H5978,with me,Hebrew,T2,Supplementary,old-system-migration,2026-08-11T15:45:16Z
H5980,close,Hebrew,T2,Supplementary,old-system-migration,2026-08-11T15:45:16Z
H5998,to toil,Hebrew,T2,Supplementary,old-system-migration,2026-08-11T15:45:16Z
H5999,trouble,Hebrew,M03,Grief,old-system-migration,2026-08-11T15:45:16Z
H6001A,labour[er],Hebrew,M24,Weakness,old-system-migration,2026-08-11T15:45:16Z
H6001B,laborious,Hebrew,T2,Supplementary,old-system-migration,2026-08-11T15:45:16Z
H6004,to darken,Hebrew,T2,Supplementary,old-system-migration,2026-08-11T15:45:16Z
H6026,to delight,Hebrew,M04,Joy,old-system-migration,2026-08-11T15:45:16Z
H6027,delight,Hebrew,M04,Joy,old-system-migration,2026-08-11T15:45:16Z
H6028,dainty,Hebrew,M04,Joy,old-system-migration,2026-08-11T15:45:16Z
H6031A,be occupied,Hebrew,FLAG,Flag,old-system-migration,2026-08-11T15:45:16Z
H6031A,be occupied,Hebrew,T2,Supplementary,old-system-migration,2026-08-11T15:45:16Z
H6031B,to afflict,Hebrew,M24,Weakness,old-system-migration,2026-08-11T15:45:16Z
H6033,to afflict,Hebrew,FLAG,Flag,old-system-migration,2026-08-11T15:45:16Z
H6033,to afflict,Hebrew,T2,Supplementary,old-system-migration,2026-08-11T15:45:16Z
H6035,poor,Hebrew,M24,Weakness,old-system-migration,2026-08-11T15:45:16Z
H6037,gentleness,Hebrew,M05,Love,old-system-migration,2026-08-11T15:45:16Z
H6038,gentleness,Hebrew,M05,Love,old-system-migration,2026-08-11T15:45:16Z
H6039,affliction,Hebrew,FLAG,Flag,old-system-migration,2026-08-11T15:45:16Z
H6039,affliction,Hebrew,M24,Weakness,old-system-migration,2026-08-11T15:45:16Z
H6040,affliction,Hebrew,M24,Weakness,old-system-migration,2026-08-11T15:45:16Z
H6041,afflicted,Hebrew,M24,Weakness,old-system-migration,2026-08-11T15:45:16Z
H6045,task,Hebrew,T2,Supplementary,old-system-migration,2026-08-11T15:45:16Z
H6087A,to hurt,Hebrew,M24,Weakness,old-system-migration,2026-08-11T15:45:16Z
H6087B,to shape,Hebrew,T2,Supplementary,old-system-migration,2026-08-11T15:45:16Z
H6088,to pain,Hebrew,M03,Grief,old-system-migration,2026-08-11T15:45:16Z
H6089A,toil,Hebrew,M03,Grief,old-system-migration,2026-08-11T15:45:16Z
H6089B,vessel,Hebrew,T2,Supplementary,old-system-migration,2026-08-11T15:45:16Z
H6090A,pain,Hebrew,M03,Grief,old-system-migration,2026-08-11T15:45:16Z
H6090B,idol,Hebrew,T2,Supplementary,old-system-migration,2026-08-11T15:45:16Z
H6091,idol,Hebrew,M27,Evil,old-system-migration,2026-08-11T15:45:16Z
H6092,worker,Hebrew,T2,Supplementary,old-system-migration,2026-08-11T15:45:16Z
H6093,toil,Hebrew,M03,Grief,old-system-migration,2026-08-11T15:45:16Z
H6094,injury,Hebrew,M03,Grief,old-system-migration,2026-08-11T15:45:16Z
H6094,injury,Hebrew,T2,Supplementary,old-system-migration,2026-08-11T15:45:16Z
H6098,counsel,Hebrew,M17,Counsel,old-system-migration,2026-08-11T15:45:16Z
H6099,mighty,Hebrew,M23,Strength,old-system-migration,2026-08-11T15:45:16Z
H6101,be sluggish,Hebrew,M24,Weakness,old-system-migration,2026-08-11T15:45:16Z
H6102,sluggish,Hebrew,M24,Weakness,old-system-migration,2026-08-11T15:45:16Z
H6103,sluggishness,Hebrew,M24,Weakness,old-system-migration,2026-08-11T15:45:16Z
H6104,sluggishness,Hebrew,M24,Weakness,old-system-migration,2026-08-11T15:45:16Z
H6105A,be vast,Hebrew,M23,Strength,old-system-migration,2026-08-11T15:45:16Z
H6105B,to shut eyes,Hebrew,T2,Supplementary,old-system-migration,2026-08-11T15:45:16Z
H6106G,bone,Hebrew,T2,Supplementary,old-system-migration,2026-08-11T15:45:16Z
H6106H,bone: same,Hebrew,T2,Supplementary,old-system-migration,2026-08-11T15:45:16Z
H6106I,bone: body,Hebrew,T2,Supplementary,old-system-migration,2026-08-11T15:45:16Z
H6108,strength,Hebrew,M23,Strength,old-system-migration,2026-08-11T15:45:16Z
H6109,strength,Hebrew,M23,Strength,old-system-migration,2026-08-11T15:45:16Z
H6113,to restrain,Hebrew,M30,Obedience,old-system-migration,2026-08-11T15:45:16Z
H6114,magistrate,Hebrew,T2,Supplementary,old-system-migration,2026-08-11T15:45:16Z
H6115,coercion,Hebrew,M24,Weakness,old-system-migration,2026-08-11T15:45:16Z
H6116,assembly,Hebrew,M05,Love,old-system-migration,2026-08-11T15:45:16Z
H6121A,insidious,Hebrew,M14,Deceit,old-system-migration,2026-08-11T15:45:16Z
H6122,cunning,Hebrew,M14,Deceit,old-system-migration,2026-08-11T15:45:16Z
H6125,pressure,Hebrew,M01,Fear,old-system-migration,2026-08-11T15:45:16Z
H6141,twisted,Hebrew,M14,Deceit,old-system-migration,2026-08-11T15:45:16Z
H6149,to please,Hebrew,M04,Joy,old-system-migration,2026-08-11T15:45:16Z
H6165,to long for,Hebrew,M29,Desire,old-system-migration,2026-08-11T15:45:16Z
H6168,to uncover,Hebrew,T2,Supplementary,old-system-migration,2026-08-11T15:45:16Z
H6169,bulrush,Hebrew,T2,Supplementary,old-system-migration,2026-08-11T15:45:16Z
H6172,nakedness,Hebrew,T2,Supplementary,old-system-migration,2026-08-11T15:45:16Z
H6174,naked,Hebrew,T2,Supplementary,old-system-migration,2026-08-11T15:45:16Z
H6175,prudent,Hebrew,M15,Wisdom,old-system-migration,2026-08-11T15:45:16Z
H6178,dreadful,Hebrew,M01,Fear,old-system-migration,2026-08-11T15:45:16Z
H6181,nakedness,Hebrew,T2,Supplementary,old-system-migration,2026-08-11T15:45:16Z
H6184,ruthless,Hebrew,M06,Hate,old-system-migration,2026-08-11T15:45:16Z
H6186A,to arrange,Hebrew,T2,Supplementary,old-system-migration,2026-08-11T15:45:16Z
H6186B,to value,Hebrew,M26,Righteousness,old-system-migration,2026-08-11T15:45:16Z
H6187,valuation,Hebrew,T2,Supplementary,old-system-migration,2026-08-11T15:45:16Z
H6191,be shrewd,Hebrew,M15,Wisdom,old-system-migration,2026-08-11T15:45:16Z
H6195,craftiness,Hebrew,M14,Deceit,old-system-migration,2026-08-11T15:45:16Z
H6199,destitute,Hebrew,M24,Weakness,old-system-migration,2026-08-11T15:45:16Z
H6206,to tremble,Hebrew,M01,Fear,old-system-migration,2026-08-11T15:45:16Z
H6213A,to make: do,Hebrew,T2,Supplementary,old-system-migration,2026-08-11T15:45:16Z
H6216,oppressor,Hebrew,T2,Supplementary,old-system-migration,2026-08-11T15:45:16Z
H6217,oppression,Hebrew,T2,Supplementary,old-system-migration,2026-08-11T15:45:16Z
H6223,rich,Hebrew,M46,Abundance,old-system-migration,2026-08-11T15:45:16Z
H6229,to contend,Hebrew,T2,Supplementary,old-system-migration,2026-08-11T15:45:16Z
H6231,to oppress,Hebrew,T2,Supplementary,old-system-migration,2026-08-11T15:45:16Z
H6233,oppression,Hebrew,T2,Supplementary,old-system-migration,2026-08-11T15:45:16Z
H6234,oppression,Hebrew,T2,Supplementary,old-system-migration,2026-08-11T15:45:16Z
H6238,to enrich,Hebrew,M46,Abundance,old-system-migration,2026-08-11T15:45:16Z
H6239,riches,Hebrew,M46,Abundance,old-system-migration,2026-08-11T15:45:16Z
H6245A,to gleam,Hebrew,T2,Supplementary,old-system-migration,2026-08-11T15:45:16Z
H6245B,to think,Hebrew,M15,Wisdom,old-system-migration,2026-08-11T15:45:16Z
H6246,to plan,Hebrew,M15,Wisdom,old-system-migration,2026-08-11T15:45:16Z
H6248,thought,Hebrew,M15,Wisdom,old-system-migration,2026-08-11T15:45:16Z
H6250,thought,Hebrew,M15,Wisdom,old-system-migration,2026-08-11T15:45:16Z
H6277,arrogant,Hebrew,M08,Pride,old-system-migration,2026-08-11T15:45:16Z
H6279,to pray,Hebrew,M21,Prayer,old-system-migration,2026-08-11T15:45:16Z
H6292,refuse,Hebrew,M27,Evil,old-system-migration,2026-08-11T15:45:16Z
H6293,to fall on,Hebrew,T2,Supplementary,old-system-migration,2026-08-11T15:45:16Z
H6299,to ransom,Hebrew,M38,Salvation,old-system-migration,2026-08-11T15:45:16Z
H6302,ransomed,Hebrew,T2,Supplementary,old-system-migration,2026-08-11T15:45:16Z
H6304,redemption,Hebrew,T2,Supplementary,old-system-migration,2026-08-11T15:45:16Z
H6306A,redemption,Hebrew,T2,Supplementary,old-system-migration,2026-08-11T15:45:16Z
H6306B,redemption,Hebrew,T2,Supplementary,old-system-migration,2026-08-11T15:45:16Z
H6310G,lip,Hebrew,T2,Supplementary,old-system-migration,2026-08-11T15:45:16Z
H6330,staggering,Hebrew,M10,Sin,old-system-migration,2026-08-11T15:45:16Z
H6342,to dread,Hebrew,M01,Fear,old-system-migration,2026-08-11T15:45:16Z
H6343,dread,Hebrew,M01,Fear,old-system-migration,2026-08-11T15:45:16Z
H6345,dread,Hebrew,M01,Fear,old-system-migration,2026-08-11T15:45:16Z
H6349,recklessness,Hebrew,M16,Folly,old-system-migration,2026-08-11T15:45:16Z
H6365,disaster,Hebrew,M03,Grief,old-system-migration,2026-08-11T15:45:16Z
H6371,excess fat,Hebrew,T2,Supplementary,old-system-migration,2026-08-11T15:45:16Z
H6381,to wonder,Hebrew,M04,Joy,old-system-migration,2026-08-11T15:45:16Z
H6382,wonder,Hebrew,M04,Joy,old-system-migration,2026-08-11T15:45:16Z
H6383,incomprehensible,Hebrew,T2,Supplementary,old-system-migration,2026-08-11T15:45:16Z
H6419,to pray,Hebrew,M21,Prayer,old-system-migration,2026-08-11T15:45:16Z
H6426,to shudder,Hebrew,M01,Fear,old-system-migration,2026-08-11T15:45:16Z
H6427,shuddering,Hebrew,M01,Fear,old-system-migration,2026-08-11T15:45:16Z
H6435,lest,Hebrew,T2,Supplementary,old-system-migration,2026-08-11T15:45:16Z
H6440G,face: before,Hebrew,T2,Supplementary,old-system-migration,2026-08-11T15:45:16Z
H6485A,to reckon: list,Hebrew,T2,Supplementary,old-system-migration,2026-08-11T15:45:16Z
H6485H,to reckon: punish,Hebrew,T2,Supplementary,old-system-migration,2026-08-11T15:45:16Z
H6485I,to reckon: visit,Hebrew,T2,Supplementary,old-system-migration,2026-08-11T15:45:16Z
H6485J,to reckon: overseer,Hebrew,T2,Supplementary,old-system-migration,2026-08-11T15:45:16Z
H6485K,to reckon: missing,Hebrew,T2,Supplementary,old-system-migration,2026-08-11T15:45:16Z
H6486,punishment,Hebrew,T2,Supplementary,old-system-migration,2026-08-11T15:45:16Z
H6487,deposit,Hebrew,T2,Supplementary,old-system-migration,2026-08-11T15:45:16Z
H6488,oversight,Hebrew,T2,Supplementary,old-system-migration,2026-08-11T15:45:16Z
H6490,precept,Hebrew,T2,Supplementary,old-system-migration,2026-08-11T15:45:16Z
H6496,overseer,Hebrew,T2,Supplementary,old-system-migration,2026-08-11T15:45:16Z
H6531,severity,Hebrew,M06,Hate,old-system-migration,2026-08-11T15:45:16Z
H6580,folly,Hebrew,M16,Folly,old-system-migration,2026-08-11T15:45:16Z
H6586,to transgress,Hebrew,M10,Sin,old-system-migration,2026-08-11T15:45:16Z
H6588,transgression,Hebrew,M10,Sin,old-system-migration,2026-08-11T15:45:16Z
H6589,to open,Hebrew,T2,Supplementary,old-system-migration,2026-08-11T15:45:16Z
H6592,interpretation,Hebrew,M15,Wisdom,old-system-migration,2026-08-11T15:45:16Z
H6593,flax,Hebrew,T2,Supplementary,old-system-migration,2026-08-11T15:45:16Z
H6594,flax,Hebrew,T2,Supplementary,old-system-migration,2026-08-11T15:45:16Z
H6596,hinge,Hebrew,T2,Supplementary,old-system-migration,2026-08-11T15:45:16Z
H6598,choice,Hebrew,T2,Supplementary,old-system-migration,2026-08-11T15:45:16Z
H6599,edict,Hebrew,FLAG,Flag,old-system-migration,2026-08-11T15:45:16Z
H6599,edict,Hebrew,T2,Supplementary,old-system-migration,2026-08-11T15:45:16Z
H6612A,simple,Hebrew,M16,Folly,old-system-migration,2026-08-11T15:45:16Z
H6631,offspring,Hebrew,T2,Supplementary,old-system-migration,2026-08-11T15:45:16Z
H6634,to will,Hebrew,M29,Desire,old-system-migration,2026-08-11T15:45:16Z
H6635A,army,Hebrew,T2,Supplementary,old-system-migration,2026-08-11T15:45:16Z
H6635B,[Lord of] Hosts,Hebrew,M23,Strength,old-system-migration,2026-08-11T15:45:16Z
H6656,intended,Hebrew,T2,Supplementary,old-system-migration,2026-08-11T15:45:16Z
H6662,righteous,Hebrew,M26,Righteousness,old-system-migration,2026-08-11T15:45:16Z
H6663,to justify,Hebrew,M26,Righteousness,old-system-migration,2026-08-11T15:45:16Z
H6664G,righteousness,Hebrew,M26,Righteousness,old-system-migration,2026-08-11T15:45:16Z
H6664H,Righteousness [God],Hebrew,M26,Righteousness,old-system-migration,2026-08-11T15:45:16Z
H6666,righteousness,Hebrew,M26,Righteousness,old-system-migration,2026-08-11T15:45:16Z
H6681,to cry aloud,Hebrew,M42,Speech,old-system-migration,2026-08-11T15:45:16Z
H6682,outcry,Hebrew,M42,Speech,old-system-migration,2026-08-11T15:45:16Z
H6693,to press,Hebrew,FLAG,Flag,old-system-migration,2026-08-11T15:45:16Z
H6693,to press,Hebrew,T2,Supplementary,old-system-migration,2026-08-11T15:45:16Z
H6695A,distress,Hebrew,M03,Grief,old-system-migration,2026-08-11T15:45:16Z
H6695B,anguish,Hebrew,M03,Grief,old-system-migration,2026-08-11T15:45:16Z
H6696A,to confine,Hebrew,M23,Strength,old-system-migration,2026-08-11T15:45:16Z
H6696C,to form,Hebrew,M12,Purity,old-system-migration,2026-08-11T15:45:16Z
H6697G,Rocks [of Goats],Hebrew,T2,Supplementary,old-system-migration,2026-08-11T15:45:16Z
H6697H,rock,Hebrew,T2,Supplementary,old-system-migration,2026-08-11T15:45:16Z
H6735A,envoy,Hebrew,T2,Supplementary,old-system-migration,2026-08-11T15:45:16Z
H6735B,hinge,Hebrew,T2,Supplementary,old-system-migration,2026-08-11T15:45:16Z
H6736,image,Hebrew,T2,Supplementary,old-system-migration,2026-08-11T15:45:16Z
H6737,to take provision,Hebrew,T2,Supplementary,old-system-migration,2026-08-11T15:45:16Z
H6739,to pray,Hebrew,M21,Prayer,old-system-migration,2026-08-11T15:45:16Z
H6754,image,Hebrew,M43,Prophecy,old-system-migration,2026-08-11T15:45:16Z
H6755,image,Hebrew,T2,Supplementary,old-system-migration,2026-08-11T15:45:16Z
H6756A,[Mount] Zalmon,Hebrew,T2,Supplementary,old-system-migration,2026-08-11T15:45:16Z
H6770,to thirst,Hebrew,M29,Desire,old-system-migration,2026-08-11T15:45:16Z
H6800A,be humble,Hebrew,M09,Humility,old-system-migration,2026-08-11T15:45:16Z
H6800B,humble,Hebrew,M09,Humility,old-system-migration,2026-08-11T15:45:16Z
H6862A,narrow,Hebrew,T2,Supplementary,old-system-migration,2026-08-11T15:45:16Z
H6862B,distress,Hebrew,M03,Grief,old-system-migration,2026-08-11T15:45:16Z
H6862C,enemy,Hebrew,M44,Relational,old-system-migration,2026-08-11T15:45:16Z
H6862D,hard,Hebrew,M23,Strength,old-system-migration,2026-08-11T15:45:16Z
H6869A,dearth,Hebrew,M24,Weakness,old-system-migration,2026-08-11T15:45:16Z
H6869B,distress,Hebrew,M03,Grief,old-system-migration,2026-08-11T15:45:16Z
H6869C,vexer,Hebrew,M02,Anger,old-system-migration,2026-08-11T15:45:16Z
H6869C,vexer,Hebrew,M24,Weakness,old-system-migration,2026-08-11T15:45:16Z
H6872A,bundle,Hebrew,T2,Supplementary,old-system-migration,2026-08-11T15:45:16Z
H6872B,pebble,Hebrew,T2,Supplementary,old-system-migration,2026-08-11T15:45:16Z
H6887B,to constrain,Hebrew,FLAG,Flag,old-system-migration,2026-08-11T15:45:16Z
H6887B,to constrain,Hebrew,T2,Supplementary,old-system-migration,2026-08-11T15:45:16Z
H6887C,to distress,Hebrew,M24,Weakness,old-system-migration,2026-08-11T15:45:16Z
H6887D,to vex,Hebrew,FLAG,Flag,old-system-migration,2026-08-11T15:45:16Z
H6887D,to vex,Hebrew,T2,Supplementary,old-system-migration,2026-08-11T15:45:16Z
H6887E,to rival,Hebrew,M06,Hate,old-system-migration,2026-08-11T15:45:16Z
H6887E,to rival,Hebrew,M28,Envy,old-system-migration,2026-08-11T15:45:16Z
H6918G,holy,Hebrew,M22,Praise,old-system-migration,2026-08-11T15:45:16Z
H6918H,holy: saint,Hebrew,M12,Purity,old-system-migration,2026-08-11T15:45:16Z
H6922,holy,Hebrew,M22,Praise,old-system-migration,2026-08-11T15:45:16Z
H6937,be dark,Hebrew,T2,Supplementary,old-system-migration,2026-08-11T15:45:16Z
H6941,mournfully,Hebrew,M03,Grief,old-system-migration,2026-08-11T15:45:16Z
H6942G,to consecrate: consecate,Hebrew,M12,Purity,old-system-migration,2026-08-11T15:45:16Z
H6942H,to consecrate: dedicate,Hebrew,M12,Purity,old-system-migration,2026-08-11T15:45:16Z
H6942I,to consecrate: forfeit,Hebrew,M12,Purity,old-system-migration,2026-08-11T15:45:16Z
H6942J,to consecrate: prepare,Hebrew,M12,Purity,old-system-migration,2026-08-11T15:45:16Z
H6942K,to consecrate: holiness,Hebrew,M12,Purity,old-system-migration,2026-08-11T15:45:16Z
H6944G,holiness,Hebrew,M22,Praise,old-system-migration,2026-08-11T15:45:16Z
H6944H,Most Holy Place,Hebrew,T2,Supplementary,old-system-migration,2026-08-11T15:45:16Z
H6944I,[Way of] Holiness,Hebrew,T2,Supplementary,old-system-migration,2026-08-11T15:45:16Z
H6944J,Holy Place,Hebrew,T2,Supplementary,old-system-migration,2026-08-11T15:45:16Z
H6945,male cult prostitute,Hebrew,T2,Supplementary,old-system-migration,2026-08-11T15:45:16Z
H6946H,[Meribath]-kadesh,Hebrew,T2,Supplementary,old-system-migration,2026-08-11T15:45:16Z
H6948,cult prostitute,Hebrew,T2,Supplementary,old-system-migration,2026-08-11T15:45:16Z
H6960A,to await,Hebrew,M17,Counsel,old-system-migration,2026-08-11T15:45:16Z
H6962,to loath,Hebrew,M06,Hate,old-system-migration,2026-08-11T15:45:16Z
H6963A,voice,Hebrew,T2,Supplementary,old-system-migration,2026-08-11T15:45:16Z
H6963B,frivolity,Hebrew,T2,Supplementary,old-system-migration,2026-08-11T15:45:16Z
H6963H,voice: sound,Hebrew,T2,Supplementary,old-system-migration,2026-08-11T15:45:16Z
H6963I,voice: thunder,Hebrew,T2,Supplementary,old-system-migration,2026-08-11T15:45:16Z
H6963J,voice: message,Hebrew,T2,Supplementary,old-system-migration,2026-08-11T15:45:16Z
H6963K,voice: [sound of],Hebrew,T2,Supplementary,old-system-migration,2026-08-11T15:45:16Z
H6963L,voice: listen,Hebrew,T2,Supplementary,old-system-migration,2026-08-11T15:45:16Z
H6967,height,Hebrew,M08,Pride,old-system-migration,2026-08-11T15:45:16Z
H6968,uprightness,Hebrew,M26,Righteousness,old-system-migration,2026-08-11T15:45:16Z
H6969,to chant,Hebrew,M42,Speech,old-system-migration,2026-08-11T15:45:16Z
H6971,ape,Hebrew,T2,Supplementary,old-system-migration,2026-08-11T15:45:16Z
H6973,to loathe,Hebrew,M06,Hate,old-system-migration,2026-08-11T15:45:16Z
H7009,adversary,Hebrew,M06,Hate,old-system-migration,2026-08-11T15:45:16Z
H7012,rising,Hebrew,T2,Supplementary,old-system-migration,2026-08-11T15:45:16Z
H7022,disgrace,Hebrew,M07,Shame,old-system-migration,2026-08-11T15:45:16Z
H7032G,voice: sound,Hebrew,M42,Speech,old-system-migration,2026-08-11T15:45:16Z
H7032H,voice,Hebrew,M42,Speech,old-system-migration,2026-08-11T15:45:16Z
H7034,to dishonor,Hebrew,M07,Shame,old-system-migration,2026-08-11T15:45:16Z
H7036,dishonor,Hebrew,M07,Shame,old-system-migration,2026-08-11T15:45:16Z
H7043,to lighten,Hebrew,T2,Supplementary,old-system-migration,2026-08-11T15:45:16Z
H7047,derision,Hebrew,M08,Pride,old-system-migration,2026-08-11T15:45:16Z
H7054,standing grain,Hebrew,T2,Supplementary,old-system-migration,2026-08-11T15:45:16Z
H7065,be jealous,Hebrew,M02,Anger,old-system-migration,2026-08-11T15:45:16Z
H7067G,Jealous [God],Hebrew,FLAG,Flag,old-system-migration,2026-08-11T15:45:16Z
H7067G,Jealous [God],Hebrew,M28,Envy,old-system-migration,2026-08-11T15:45:16Z
H7067H,jealous,Hebrew,M02,Anger,old-system-migration,2026-08-11T15:45:16Z
H7068,jealousy,Hebrew,M02,Anger,old-system-migration,2026-08-11T15:45:16Z
H7072,jealous,Hebrew,M02,Anger,old-system-migration,2026-08-11T15:45:16Z
H7088,to roll,Hebrew,T2,Supplementary,old-system-migration,2026-08-11T15:45:16Z
H7089,anguish,Hebrew,M03,Grief,old-system-migration,2026-08-11T15:45:16Z
H7090,porcupine,Hebrew,T2,Supplementary,old-system-migration,2026-08-11T15:45:16Z
H7107,be angry,Hebrew,M02,Anger,old-system-migration,2026-08-11T15:45:16Z
H7109,wrath,Hebrew,M02,Anger,old-system-migration,2026-08-11T15:45:16Z
H7110A,wrath,Hebrew,M02,Anger,old-system-migration,2026-08-11T15:45:16Z
H7114A,be short,Hebrew,T2,Supplementary,old-system-migration,2026-08-11T15:45:16Z
H7114B,to reap,Hebrew,T2,Supplementary,old-system-migration,2026-08-11T15:45:16Z
H7115,shortness,Hebrew,T2,Supplementary,old-system-migration,2026-08-11T15:45:16Z
H7116,short,Hebrew,T2,Supplementary,old-system-migration,2026-08-11T15:45:16Z
H7121G,to call: call to,Hebrew,M37,Calling,old-system-migration,2026-08-11T15:45:16Z
H7121H,to call: call by,Hebrew,M37,Calling,old-system-migration,2026-08-11T15:45:16Z
H7121I,to call: call out,Hebrew,M37,Calling,old-system-migration,2026-08-11T15:45:16Z
H7121J,to call: read out,Hebrew,M37,Calling,old-system-migration,2026-08-11T15:45:16Z
H7122G,to encounter: meet,Hebrew,M37,Calling,old-system-migration,2026-08-11T15:45:16Z
H7122H,to encounter: toward,Hebrew,M37,Calling,old-system-migration,2026-08-11T15:45:16Z
H7122I,to encounter: chanced,Hebrew,M37,Calling,old-system-migration,2026-08-11T15:45:16Z
H7123,to read,Hebrew,M37,Calling,old-system-migration,2026-08-11T15:45:16Z
H7124,partridge,Hebrew,T2,Supplementary,old-system-migration,2026-08-11T15:45:16Z
H7130H,entrails: inner parts,Hebrew,T2,Supplementary,old-system-migration,2026-08-11T15:45:16Z
H7148,chosen,Hebrew,M29,Desire,old-system-migration,2026-08-11T15:45:16Z
H7150,proclamation,Hebrew,T2,Supplementary,old-system-migration,2026-08-11T15:45:16Z
H7161A,horn,Hebrew,T2,Supplementary,old-system-migration,2026-08-11T15:45:16Z
H7181,to listen,Hebrew,M41,Remembrance,old-system-migration,2026-08-11T15:45:16Z
H7182,attentiveness,Hebrew,M41,Remembrance,old-system-migration,2026-08-11T15:45:16Z
H7183A,attentive,Hebrew,M41,Remembrance,old-system-migration,2026-08-11T15:45:16Z
H7183B,attentive,Hebrew,M41,Remembrance,old-system-migration,2026-08-11T15:45:16Z
H7185,to harden,Hebrew,FLAG,Flag,old-system-migration,2026-08-11T15:45:16Z
H7185,to harden,Hebrew,T2,Supplementary,old-system-migration,2026-08-11T15:45:16Z
H7186,severe,Hebrew,M24,Weakness,old-system-migration,2026-08-11T15:45:16Z
H7190,stubbornness,Hebrew,M30,Obedience,old-system-migration,2026-08-11T15:45:16Z
H7200G,to see: see,Hebrew,T2,Supplementary,old-system-migration,2026-08-11T15:45:16Z
H7219,poison,Hebrew,M24,Weakness,old-system-migration,2026-08-11T15:45:16Z
H7230,abundance,Hebrew,M46,Abundance,old-system-migration,2026-08-11T15:45:16Z
H7235A,to multiply,Hebrew,M23,Strength,old-system-migration,2026-08-11T15:45:16Z
H7236,to grow great,Hebrew,M23,Strength,old-system-migration,2026-08-11T15:45:16Z
H7238,greatness,Hebrew,T2,Supplementary,old-system-migration,2026-08-11T15:45:16Z
H7264,to tremble,Hebrew,M01,Fear,old-system-migration,2026-08-11T15:45:16Z
H7265,to enrage,Hebrew,M02,Anger,old-system-migration,2026-08-11T15:45:16Z
H7268,quivering,Hebrew,M01,Fear,old-system-migration,2026-08-11T15:45:16Z
H7269,quivering,Hebrew,M01,Fear,old-system-migration,2026-08-11T15:45:16Z
H7270,to spy,Hebrew,T2,Supplementary,old-system-migration,2026-08-11T15:45:16Z
H7272,foot,Hebrew,T2,Supplementary,old-system-migration,2026-08-11T15:45:16Z
H7273,on foot,Hebrew,T2,Supplementary,old-system-migration,2026-08-11T15:45:16Z
H7279,to grumble,Hebrew,M20,Doubt,old-system-migration,2026-08-11T15:45:16Z
H7280A,to disturb,Hebrew,T2,Supplementary,old-system-migration,2026-08-11T15:45:16Z
H7280B,to rest,Hebrew,M33,Peace,old-system-migration,2026-08-11T15:45:16Z
H7282,restful,Hebrew,M33,Peace,old-system-migration,2026-08-11T15:45:16Z
H7287A,to rule,Hebrew,M23,Strength,old-system-migration,2026-08-11T15:45:16Z
H7292,to be assertive,Hebrew,M08,Pride,old-system-migration,2026-08-11T15:45:16Z
H7293,Rahab,Hebrew,M08,Pride,old-system-migration,2026-08-11T15:45:16Z
H7293,Rahab,Hebrew,T2,Supplementary,old-system-migration,2026-08-11T15:45:16Z
H7294,Rahab monster,Hebrew,T2,Supplementary,old-system-migration,2026-08-11T15:45:16Z
H7295,proud,Hebrew,M08,Pride,old-system-migration,2026-08-11T15:45:16Z
H7296,pride,Hebrew,M08,Pride,old-system-migration,2026-08-11T15:45:16Z
H7297,to fear,Hebrew,M01,Fear,old-system-migration,2026-08-11T15:45:16Z
H7300,to roam,Hebrew,T2,Supplementary,old-system-migration,2026-08-11T15:45:16Z
H7308,spirit,Hebrew,M47,Constitution,old-system-migration,2026-08-11T15:45:16Z
H7311A,to exalt,Hebrew,M08,Pride,old-system-migration,2026-08-11T15:45:16Z
H7311B,be rotten,Hebrew,T2,Supplementary,old-system-migration,2026-08-11T15:45:16Z
H7312,height,Hebrew,M08,Pride,old-system-migration,2026-08-11T15:45:16Z
H7315,hight,Hebrew,T2,Supplementary,old-system-migration,2026-08-11T15:45:16Z
H7317,haughtily,Hebrew,T2,Supplementary,old-system-migration,2026-08-11T15:45:16Z
H7318,extolling,Hebrew,M22,Praise,old-system-migration,2026-08-11T15:45:16Z
H7321,to shout,Hebrew,M22,Praise,old-system-migration,2026-08-11T15:45:16Z
H7326,be poor,Hebrew,M24,Weakness,old-system-migration,2026-08-11T15:45:16Z
H7337,to enlarge,Hebrew,M23,Strength,old-system-migration,2026-08-11T15:45:16Z
H7349,compassionate,Hebrew,M05,Love,old-system-migration,2026-08-11T15:45:16Z
H7355,to have compassion,Hebrew,M05,Love,old-system-migration,2026-08-11T15:45:16Z
H7356A,womb,Hebrew,T2,Supplementary,old-system-migration,2026-08-11T15:45:16Z
H7356B,compassion,Hebrew,M05,Love,old-system-migration,2026-08-11T15:45:16Z
H7358,womb,Hebrew,T2,Supplementary,old-system-migration,2026-08-11T15:45:16Z
H7359,compassion,Hebrew,M05,Love,old-system-migration,2026-08-11T15:45:16Z
H7362,compassionate,Hebrew,M05,Love,old-system-migration,2026-08-11T15:45:16Z
H7365,to trust,Hebrew,M19,Trust,old-system-migration,2026-08-11T15:45:16Z
H7374,panic,Hebrew,M01,Fear,old-system-migration,2026-08-11T15:45:16Z
H7378,to contend,Hebrew,M44,Relational,old-system-migration,2026-08-11T15:45:16Z
H7379,strife,Hebrew,M02,Anger,old-system-migration,2026-08-11T15:45:16Z
H7400,slander,Hebrew,M14,Deceit,old-system-migration,2026-08-11T15:45:16Z
H7411A,to shoot,Hebrew,T2,Supplementary,old-system-migration,2026-08-11T15:45:16Z
H7411B,to deceive,Hebrew,M14,Deceit,old-system-migration,2026-08-11T15:45:16Z
H7413,high place,Hebrew,T2,Supplementary,old-system-migration,2026-08-11T15:45:16Z
H7419,refuse,Hebrew,M27,Evil,old-system-migration,2026-08-11T15:45:16Z
H7423A,deceit,Hebrew,M14,Deceit,old-system-migration,2026-08-11T15:45:16Z
H7423B,slackness,Hebrew,M14,Deceit,old-system-migration,2026-08-11T15:45:16Z
H7426,be exalted,Hebrew,M08,Pride,old-system-migration,2026-08-11T15:45:16Z
H7427,uplifting,Hebrew,T2,Supplementary,old-system-migration,2026-08-11T15:45:16Z
H7433,Ramoth [Gilead],Hebrew,T2,Supplementary,old-system-migration,2026-08-11T15:45:16Z
H7438,song,Hebrew,M42,Speech,old-system-migration,2026-08-11T15:45:16Z
H7440,cry,Hebrew,M42,Speech,old-system-migration,2026-08-11T15:45:16Z
H7442A,to overcome,Hebrew,T2,Supplementary,old-system-migration,2026-08-11T15:45:16Z
H7442B,to sing,Hebrew,M42,Speech,old-system-migration,2026-08-11T15:45:16Z
H7444,to sing,Hebrew,T2,Supplementary,old-system-migration,2026-08-11T15:45:16Z
H7445,triumphing,Hebrew,M04,Joy,old-system-migration,2026-08-11T15:45:16Z
H7451A,bad: harmful,Hebrew,M27,Evil,old-system-migration,2026-08-11T15:45:16Z
H7451C,distress: harm,Hebrew,M03,Grief,old-system-migration,2026-08-11T15:45:16Z
H7451I,distress: evil,Hebrew,M03,Grief,old-system-migration,2026-08-11T15:45:16Z
H7451I,distress: evil,Hebrew,M27,Evil,old-system-migration,2026-08-11T15:45:16Z
H7453,neighbor,Hebrew,T2,Supplementary,old-system-migration,2026-08-11T15:45:16Z
H7454,thought,Hebrew,M15,Wisdom,old-system-migration,2026-08-11T15:45:16Z
H7455,evil,Hebrew,M10,Sin,old-system-migration,2026-08-11T15:45:16Z
H7460,to tremble,Hebrew,M01,Fear,old-system-migration,2026-08-11T15:45:16Z
H7461A,trembling,Hebrew,M01,Fear,old-system-migration,2026-08-11T15:45:16Z
H7461B,trembling,Hebrew,M01,Fear,old-system-migration,2026-08-11T15:45:16Z
H7463,friend,Hebrew,M05,Love,old-system-migration,2026-08-11T15:45:16Z
H7464,companion,Hebrew,T2,Supplementary,old-system-migration,2026-08-11T15:45:16Z
H7465,to shatter,Hebrew,T2,Supplementary,old-system-migration,2026-08-11T15:45:16Z
H7468,neighbor,Hebrew,T2,Supplementary,old-system-migration,2026-08-11T15:45:16Z
H7474,darling,Hebrew,T2,Supplementary,old-system-migration,2026-08-11T15:45:16Z
H7476,thought,Hebrew,M15,Wisdom,old-system-migration,2026-08-11T15:45:16Z
H7489A,be evil,Hebrew,M27,Evil,old-system-migration,2026-08-11T15:45:16Z
H7490,to break,Hebrew,T2,Supplementary,old-system-migration,2026-08-11T15:45:16Z
H7496,shade,Hebrew,M27,Evil,old-system-migration,2026-08-11T15:45:16Z
H7503,to slacken,Hebrew,M24,Weakness,old-system-migration,2026-08-11T15:45:16Z
H7518,piece,Hebrew,T2,Supplementary,old-system-migration,2026-08-11T15:45:16Z
H7520,to watch with envy,Hebrew,M06,Hate,old-system-migration,2026-08-11T15:45:16Z
H7520,to watch with envy,Hebrew,M28,Envy,old-system-migration,2026-08-11T15:45:16Z
H7521,to accept,Hebrew,M39,Blessing,old-system-migration,2026-08-11T15:45:16Z
H7522,acceptance,Hebrew,M29,Desire,old-system-migration,2026-08-11T15:45:16Z
H7533,to crush,Hebrew,M24,Weakness,old-system-migration,2026-08-11T15:45:16Z
H7535,except,Hebrew,T2,Supplementary,old-system-migration,2026-08-11T15:45:16Z
H7558,permission,Hebrew,T2,Supplementary,old-system-migration,2026-08-11T15:45:16Z
H7561,be wicked,Hebrew,M26,Righteousness,old-system-migration,2026-08-11T15:45:16Z
H7562,wickedness,Hebrew,M10,Sin,old-system-migration,2026-08-11T15:45:16Z
H7563,wicked,Hebrew,M10,Sin,old-system-migration,2026-08-11T15:45:16Z
H7564,wickedness,Hebrew,M10,Sin,old-system-migration,2026-08-11T15:45:16Z
H7578,trembling,Hebrew,M01,Fear,old-system-migration,2026-08-11T15:45:16Z
H7580,to roar,Hebrew,M42,Speech,old-system-migration,2026-08-11T15:45:16Z
H7581,roaring,Hebrew,M42,Speech,old-system-migration,2026-08-11T15:45:16Z
H7589,scorn,Hebrew,M06,Hate,old-system-migration,2026-08-11T15:45:16Z
H7590,to despise,Hebrew,M06,Hate,old-system-migration,2026-08-11T15:45:16Z
H7592,to ask,Hebrew,M21,Prayer,old-system-migration,2026-08-11T15:45:16Z
H7599,to rest,Hebrew,M33,Peace,old-system-migration,2026-08-11T15:45:16Z
H7600,secure,Hebrew,M19,Trust,old-system-migration,2026-08-11T15:45:16Z
H7600,secure,Hebrew,M46,Abundance,old-system-migration,2026-08-11T15:45:16Z
H7602A,to long for,Hebrew,M18,Hope,old-system-migration,2026-08-11T15:45:16Z
H7607,flesh,Hebrew,M47,Constitution,old-system-migration,2026-08-11T15:45:16Z
H7608,kinswomen,Hebrew,T2,Supplementary,old-system-migration,2026-08-11T15:45:16Z
H7620I,week,Hebrew,T2,Supplementary,old-system-migration,2026-08-11T15:45:16Z
H7621,oath,Hebrew,T2,Supplementary,old-system-migration,2026-08-11T15:45:16Z
H7623A,to soothe,Hebrew,M33,Peace,old-system-migration,2026-08-11T15:45:16Z
H7624,to praise,Hebrew,M22,Praise,old-system-migration,2026-08-11T15:45:16Z
H7642,snail,Hebrew,T2,Supplementary,old-system-migration,2026-08-11T15:45:16Z
H7646,to satisfy,Hebrew,M46,Abundance,old-system-migration,2026-08-11T15:45:16Z
H7650,to swear,Hebrew,T2,Supplementary,old-system-migration,2026-08-11T15:45:16Z
H7660,to weave,Hebrew,T2,Supplementary,old-system-migration,2026-08-11T15:45:16Z
H7661,agony,Hebrew,M01,Fear,old-system-migration,2026-08-11T15:45:16Z
H7663A,to inspect,Hebrew,T2,Supplementary,old-system-migration,2026-08-11T15:45:16Z
H7663B,to await,Hebrew,M17,Counsel,old-system-migration,2026-08-11T15:45:16Z
H7664,hope,Hebrew,M18,Hope,old-system-migration,2026-08-11T15:45:16Z
H7665,to break,Hebrew,M24,Weakness,old-system-migration,2026-08-11T15:45:16Z
H7665,to break,Hebrew,T2,Supplementary,old-system-migration,2026-08-11T15:45:16Z
H7666,to buy grain,Hebrew,T2,Supplementary,old-system-migration,2026-08-11T15:45:16Z
H7667,breaking,Hebrew,M24,Weakness,old-system-migration,2026-08-11T15:45:16Z
H7668,grain,Hebrew,T2,Supplementary,old-system-migration,2026-08-11T15:45:16Z
H7670,breaking,Hebrew,M24,Weakness,old-system-migration,2026-08-11T15:45:16Z
H7672,be perplexed,Hebrew,M20,Doubt,old-system-migration,2026-08-11T15:45:16Z
H7683,to go astray,Hebrew,M30,Obedience,old-system-migration,2026-08-11T15:45:16Z
H7686,to wander,Hebrew,M30,Obedience,old-system-migration,2026-08-11T15:45:16Z
H7696,be mad,Hebrew,M16,Folly,old-system-migration,2026-08-11T15:45:16Z
H7697,madness,Hebrew,M16,Folly,old-system-migration,2026-08-11T15:45:16Z
H7706,Almighty [God],Hebrew,T2,Supplementary,old-system-migration,2026-08-11T15:45:16Z
H7723G,vanity: false,Hebrew,M14,Deceit,old-system-migration,2026-08-11T15:45:16Z
H7725N,to return: recall,Hebrew,M11,Repentance,old-system-migration,2026-08-11T15:45:16Z
H7725O,to return: repent,Hebrew,M45,Transformation,old-system-migration,2026-08-11T15:45:16Z
H7737A,be like,Hebrew,T2,Supplementary,old-system-migration,2026-08-11T15:45:16Z
H7737B,to set,Hebrew,T2,Supplementary,old-system-migration,2026-08-11T15:45:16Z
H7739A,be like,Hebrew,T2,Supplementary,old-system-migration,2026-08-11T15:45:16Z
H7739B,be set,Hebrew,T2,Supplementary,old-system-migration,2026-08-11T15:45:16Z
H7750,to swerve,Hebrew,T2,Supplementary,old-system-migration,2026-08-11T15:45:16Z
H7797,to rejoice,Hebrew,M04,Joy,old-system-migration,2026-08-11T15:45:16Z
H7808,thought,Hebrew,M15,Wisdom,old-system-migration,2026-08-11T15:45:16Z
H7812,to bow,Hebrew,T2,Supplementary,old-system-migration,2026-08-11T15:45:16Z
H7816,pit,Hebrew,T2,Supplementary,old-system-migration,2026-08-11T15:45:16Z
H7825,pit,Hebrew,T2,Supplementary,old-system-migration,2026-08-11T15:45:16Z
H7830,pride,Hebrew,M08,Pride,old-system-migration,2026-08-11T15:45:16Z
H7832,to laugh,Hebrew,M04,Joy,old-system-migration,2026-08-11T15:45:16Z
H7836,to seek,Hebrew,M41,Remembrance,old-system-migration,2026-08-11T15:45:16Z
H7843,to ruin,Hebrew,M27,Evil,old-system-migration,2026-08-11T15:45:16Z
H7845G,Pit: hell,Hebrew,T2,Supplementary,old-system-migration,2026-08-11T15:45:16Z
H7845H,pit: grave,Hebrew,T2,Supplementary,old-system-migration,2026-08-11T15:45:16Z
H7848,acacia,Hebrew,T2,Supplementary,old-system-migration,2026-08-11T15:45:16Z
H7850,scourge,Hebrew,M06,Hate,old-system-migration,2026-08-11T15:45:16Z
H7851H,[Valley of] Shittim,Hebrew,T2,Supplementary,old-system-migration,2026-08-11T15:45:16Z
H7852,to hate,Hebrew,M06,Hate,old-system-migration,2026-08-11T15:45:16Z
H7853,to oppose,Hebrew,M06,Hate,old-system-migration,2026-08-11T15:45:16Z
H7860,official,Hebrew,T2,Supplementary,old-system-migration,2026-08-11T15:45:16Z
H7862,gift,Hebrew,M39,Blessing,old-system-migration,2026-08-11T15:45:16Z
H7878,to muse,Hebrew,M15,Wisdom,old-system-migration,2026-08-11T15:45:16Z
H7879,complaint,Hebrew,M03,Grief,old-system-migration,2026-08-11T15:45:16Z
H7881,meditation,Hebrew,M15,Wisdom,old-system-migration,2026-08-11T15:45:16Z
H7886,`tribute`,Hebrew,T2,Supplementary,old-system-migration,2026-08-11T15:45:16Z
H7896K,to set: consider,Hebrew,M15,Wisdom,old-system-migration,2026-08-11T15:45:16Z
H7907,heart,Hebrew,M47,Constitution,old-system-migration,2026-08-11T15:45:16Z
H7908,bereavement,Hebrew,M03,Grief,old-system-migration,2026-08-11T15:45:16Z
H7919A,be prudent,Hebrew,M15,Wisdom,old-system-migration,2026-08-11T15:45:16Z
H7920,to contemplate,Hebrew,M15,Wisdom,old-system-migration,2026-08-11T15:45:16Z
H7922,understanding,Hebrew,M15,Wisdom,old-system-migration,2026-08-11T15:45:16Z
H7924,insight,Hebrew,M43,Prophecy,old-system-migration,2026-08-11T15:45:16Z
H7946,at ease,Hebrew,T2,Supplementary,old-system-migration,2026-08-11T15:45:16Z
H7965G,peace,Hebrew,M33,Peace,old-system-migration,2026-08-11T15:45:16Z
H7965H,Peace [God],Hebrew,M33,Peace,old-system-migration,2026-08-11T15:45:16Z
H7965I,peace: well-being,Hebrew,M33,Peace,old-system-migration,2026-08-11T15:45:16Z
H7965J,peace: friendship,Hebrew,M33,Peace,old-system-migration,2026-08-11T15:45:16Z
H7965K,peace: greeting,Hebrew,M33,Peace,old-system-migration,2026-08-11T15:45:16Z
H7965L,peace: completely,Hebrew,M33,Peace,old-system-migration,2026-08-11T15:45:16Z
H7980,to domineer,Hebrew,M23,Strength,old-system-migration,2026-08-11T15:45:16Z
H7981,to rule,Hebrew,M23,Strength,old-system-migration,2026-08-11T15:45:16Z
H7983,power,Hebrew,M23,Strength,old-system-migration,2026-08-11T15:45:16Z
H7984,governor,Hebrew,T2,Supplementary,old-system-migration,2026-08-11T15:45:16Z
H7985,dominion,Hebrew,M23,Strength,old-system-migration,2026-08-11T15:45:16Z
H7986,imperious,Hebrew,M08,Pride,old-system-migration,2026-08-11T15:45:16Z
H7989,domineering,Hebrew,M08,Pride,old-system-migration,2026-08-11T15:45:16Z
H7989,domineering,Hebrew,M23,Strength,old-system-migration,2026-08-11T15:45:16Z
H7990,ruling,Hebrew,M23,Strength,old-system-migration,2026-08-11T15:45:16Z
H8034,name,Hebrew,FLAG,Flag,old-system-migration,2026-08-11T15:45:16Z
H8034,name,Hebrew,T2,Supplementary,old-system-migration,2026-08-11T15:45:16Z
H8047G,horror: destroyed,Hebrew,M01,Fear,old-system-migration,2026-08-11T15:45:16Z
H8052,tidings,Hebrew,M41,Remembrance,old-system-migration,2026-08-11T15:45:16Z
H8055,to rejoice,Hebrew,M04,Joy,old-system-migration,2026-08-11T15:45:16Z
H8056,glad,Hebrew,M04,Joy,old-system-migration,2026-08-11T15:45:16Z
H8057,joy,Hebrew,M04,Joy,old-system-migration,2026-08-11T15:45:16Z
H8074G,be desolate: destroyed,Hebrew,M27,Evil,old-system-migration,2026-08-11T15:45:16Z
H8077A,devastation,Hebrew,M27,Evil,old-system-migration,2026-08-11T15:45:16Z
H8080,to grow fat,Hebrew,M46,Abundance,old-system-migration,2026-08-11T15:45:16Z
H8081,oil,Hebrew,T2,Supplementary,old-system-migration,2026-08-11T15:45:16Z
H8082,rich,Hebrew,M46,Abundance,old-system-migration,2026-08-11T15:45:16Z
H8085G,to hear: hear,Hebrew,M41,Remembrance,old-system-migration,2026-08-11T15:45:16Z
H8085H,to hear: obey,Hebrew,M41,Remembrance,old-system-migration,2026-08-11T15:45:16Z
H8085I,to hear: proclaim,Hebrew,M41,Remembrance,old-system-migration,2026-08-11T15:45:16Z
H8085J,to hear: understand,Hebrew,M41,Remembrance,old-system-migration,2026-08-11T15:45:16Z
H8085K,to hear: judge,Hebrew,M41,Remembrance,old-system-migration,2026-08-11T15:45:16Z
H8085L,to hear: welcome,Hebrew,M41,Remembrance,old-system-migration,2026-08-11T15:45:16Z
H8086,to hear,Hebrew,T2,Supplementary,old-system-migration,2026-08-11T15:45:16Z
H8088A,sound,Hebrew,M13,Truth,old-system-migration,2026-08-11T15:45:16Z
H8088B,report,Hebrew,M41,Remembrance,old-system-migration,2026-08-11T15:45:16Z
H8089,report,Hebrew,M41,Remembrance,old-system-migration,2026-08-11T15:45:16Z
H8103,derision,Hebrew,M06,Hate,old-system-migration,2026-08-11T15:45:16Z
H8104G,to keep: obey,Hebrew,M30,Obedience,old-system-migration,2026-08-11T15:45:16Z
H8104H,to keep: guard,Hebrew,M30,Obedience,old-system-migration,2026-08-11T15:45:16Z
H8104I,to keep: look at,Hebrew,M30,Obedience,old-system-migration,2026-08-11T15:45:16Z
H8104J,to keep: careful,Hebrew,M30,Obedience,old-system-migration,2026-08-11T15:45:16Z
H8130,to hate,Hebrew,M06,Hate,old-system-migration,2026-08-11T15:45:16Z
H8131,to hate,Hebrew,M06,Hate,old-system-migration,2026-08-11T15:45:16Z
H8135,hating,Hebrew,M06,Hate,old-system-migration,2026-08-11T15:45:16Z
H8146,hated,Hebrew,M06,Hate,old-system-migration,2026-08-11T15:45:16Z
H8172,to lean,Hebrew,M19,Trust,old-system-migration,2026-08-11T15:45:16Z
H8173A,to smear,Hebrew,T2,Supplementary,old-system-migration,2026-08-11T15:45:16Z
H8173B,to delight,Hebrew,M04,Joy,old-system-migration,2026-08-11T15:45:16Z
H8175A,to shudder,Hebrew,M01,Fear,old-system-migration,2026-08-11T15:45:16Z
H8178A,shuddering,Hebrew,M01,Fear,old-system-migration,2026-08-11T15:45:16Z
H8191,delight,Hebrew,M04,Joy,old-system-migration,2026-08-11T15:45:16Z
H8196,judgment,Hebrew,M26,Righteousness,old-system-migration,2026-08-11T15:45:16Z
H8199,to judge,Hebrew,FLAG,Flag,old-system-migration,2026-08-11T15:45:16Z
H8199,to judge,Hebrew,M26,Righteousness,old-system-migration,2026-08-11T15:45:16Z
H8200,to judge,Hebrew,M26,Righteousness,old-system-migration,2026-08-11T15:45:16Z
H8201,judgment,Hebrew,FLAG,Flag,old-system-migration,2026-08-11T15:45:16Z
H8201,judgment,Hebrew,M26,Righteousness,old-system-migration,2026-08-11T15:45:16Z
H8213,to abase,Hebrew,M07,Shame,old-system-migration,2026-08-11T15:45:16Z
H8217,low,Hebrew,M09,Humility,old-system-migration,2026-08-11T15:45:16Z
H8251,abomination,Hebrew,M10,Sin,old-system-migration,2026-08-11T15:45:16Z
H8252,to quiet,Hebrew,M33,Peace,old-system-migration,2026-08-11T15:45:16Z
H8253,quietness,Hebrew,M33,Peace,old-system-migration,2026-08-11T15:45:16Z
H8262,to detest,Hebrew,M27,Evil,old-system-migration,2026-08-11T15:45:16Z
H8263,detestation,Hebrew,M06,Hate,old-system-migration,2026-08-11T15:45:16Z
H8264,to rush,Hebrew,T2,Supplementary,old-system-migration,2026-08-11T15:45:16Z
H8266,to deal,Hebrew,M13,Truth,old-system-migration,2026-08-11T15:45:16Z
H8267,deception,Hebrew,M14,Deceit,old-system-migration,2026-08-11T15:45:16Z
H8270,umbilical cord,Hebrew,T2,Supplementary,old-system-migration,2026-08-11T15:45:16Z
H8280,to strive,Hebrew,M34,Perseverance,old-system-migration,2026-08-11T15:45:16Z
H8306,muscle,Hebrew,T2,Supplementary,old-system-migration,2026-08-11T15:45:16Z
H8307,stubbornness,Hebrew,M30,Obedience,old-system-migration,2026-08-11T15:45:16Z
H8312,anxiety,Hebrew,M01,Fear,old-system-migration,2026-08-11T15:45:16Z
H8326,navel,Hebrew,T2,Supplementary,old-system-migration,2026-08-11T15:45:16Z
H8334,to minister,Hebrew,M36,Service,old-system-migration,2026-08-11T15:45:16Z
H8342,rejoicing,Hebrew,M04,Joy,old-system-migration,2026-08-11T15:45:16Z
H8373,to long for,Hebrew,M29,Desire,old-system-migration,2026-08-11T15:45:16Z
H8374,to loathe,Hebrew,M06,Hate,old-system-migration,2026-08-11T15:45:16Z
H8375,longing,Hebrew,M18,Hope,old-system-migration,2026-08-11T15:45:16Z
H8378,desire,Hebrew,M28,Envy,old-system-migration,2026-08-11T15:45:16Z
H8382,be double,Hebrew,T2,Supplementary,old-system-migration,2026-08-11T15:45:16Z
H8383,toil,Hebrew,M03,Grief,old-system-migration,2026-08-11T15:45:16Z
H8383,toil,Hebrew,M36,Service,old-system-migration,2026-08-11T15:45:16Z
H8385A,estrous,Hebrew,T2,Supplementary,old-system-migration,2026-08-11T15:45:16Z
H8386,mourning,Hebrew,M03,Grief,old-system-migration,2026-08-11T15:45:16Z
H8394,understanding,Hebrew,M15,Wisdom,old-system-migration,2026-08-11T15:45:16Z
H8397,perversion,Hebrew,M10,Sin,old-system-migration,2026-08-11T15:45:16Z
H8400,defect,Hebrew,T2,Supplementary,old-system-migration,2026-08-11T15:45:16Z
H8406,to break,Hebrew,T2,Supplementary,old-system-migration,2026-08-11T15:45:16Z
H8416,praise,Hebrew,M22,Praise,old-system-migration,2026-08-11T15:45:16Z
H8419,perversity,Hebrew,M10,Sin,old-system-migration,2026-08-11T15:45:16Z
H8424,grief,Hebrew,M03,Grief,old-system-migration,2026-08-11T15:45:16Z
H8426,thanksgiving,Hebrew,M22,Praise,old-system-migration,2026-08-11T15:45:16Z
H8428,to wound,Hebrew,M03,Grief,old-system-migration,2026-08-11T15:45:16Z
H8429,be startled,Hebrew,M01,Fear,old-system-migration,2026-08-11T15:45:16Z
H8431,hope,Hebrew,M18,Hope,old-system-migration,2026-08-11T15:45:16Z
H8441,abomination,Hebrew,M10,Sin,old-system-migration,2026-08-11T15:45:16Z
H8443,peak,Hebrew,T2,Supplementary,old-system-migration,2026-08-11T15:45:16Z
H8454,wisdom,Hebrew,M15,Wisdom,old-system-migration,2026-08-11T15:45:16Z
H8457,fornication,Hebrew,M28,Envy,old-system-migration,2026-08-11T15:45:16Z
H8458,counsel,Hebrew,M17,Counsel,old-system-migration,2026-08-11T15:45:16Z
H8462,beginning,Hebrew,M17,Counsel,old-system-migration,2026-08-11T15:45:16Z
H8463,disease,Hebrew,M24,Weakness,old-system-migration,2026-08-11T15:45:16Z
H8467,supplication,Hebrew,M21,Prayer,old-system-migration,2026-08-11T15:45:16Z
H8469,supplication,Hebrew,M21,Prayer,old-system-migration,2026-08-11T15:45:16Z
H8474,to contend,Hebrew,M44,Relational,old-system-migration,2026-08-11T15:45:16Z
H8502,perfection,Hebrew,M12,Purity,old-system-migration,2026-08-11T15:45:16Z
H8503,limit,Hebrew,T2,Supplementary,old-system-migration,2026-08-11T15:45:16Z
H8513,hardship,Hebrew,M24,Weakness,old-system-migration,2026-08-11T15:45:16Z
H8535,complete,Hebrew,M34,Perseverance,old-system-migration,2026-08-11T15:45:16Z
H8537,integrity,Hebrew,M13,Truth,old-system-migration,2026-08-11T15:45:16Z
H8538,integrity,Hebrew,M13,Truth,old-system-migration,2026-08-11T15:45:16Z
H8539,to astounded,Hebrew,M01,Fear,old-system-migration,2026-08-11T15:45:16Z
H8540,wonder,Hebrew,M04,Joy,old-system-migration,2026-08-11T15:45:16Z
H8541,bewilderment,Hebrew,M01,Fear,old-system-migration,2026-08-11T15:45:16Z
H8546,death,Hebrew,T2,Supplementary,old-system-migration,2026-08-11T15:45:16Z
H8549G,unblemished,Hebrew,M12,Purity,old-system-migration,2026-08-11T15:45:16Z
H8549H,unblemished: blameless,Hebrew,M12,Purity,old-system-migration,2026-08-11T15:45:16Z
H8549I,unblemished: complete,Hebrew,M12,Purity,old-system-migration,2026-08-11T15:45:16Z
H8549J,unblemished: Thummim,Hebrew,M12,Purity,old-system-migration,2026-08-11T15:45:16Z
H8552,to finish,Hebrew,FLAG,Flag,old-system-migration,2026-08-11T15:45:16Z
H8552,to finish,Hebrew,T2,Supplementary,old-system-migration,2026-08-11T15:45:16Z
H8557,melting,Hebrew,T2,Supplementary,old-system-migration,2026-08-11T15:45:16Z
H8575,consolation,Hebrew,M05,Love,old-system-migration,2026-08-11T15:45:16Z
H8581,to abhor,Hebrew,M06,Hate,old-system-migration,2026-08-11T15:45:16Z
H8582,to go astray,Hebrew,M30,Obedience,old-system-migration,2026-08-11T15:45:16Z
H8584,testimony,Hebrew,T2,Supplementary,old-system-migration,2026-08-11T15:45:16Z
H8588,luxury,Hebrew,M04,Joy,old-system-migration,2026-08-11T15:45:16Z
H8589,fasting,Hebrew,M21,Prayer,old-system-migration,2026-08-11T15:45:16Z
H8592,power,Hebrew,M23,Strength,old-system-migration,2026-08-11T15:45:16Z
H8593,razor,Hebrew,T2,Supplementary,old-system-migration,2026-08-11T15:45:16Z
H8605,prayer,Hebrew,M21,Prayer,old-system-migration,2026-08-11T15:45:16Z
H8606,terror,Hebrew,M01,Fear,old-system-migration,2026-08-11T15:45:16Z
H8614,magistrate,Hebrew,T2,Supplementary,old-system-migration,2026-08-11T15:45:16Z
H8615B,hope,Hebrew,M18,Hope,old-system-migration,2026-08-11T15:45:16Z
H8617,standing,Hebrew,T2,Supplementary,old-system-migration,2026-08-11T15:45:16Z
H8618,to confront,Hebrew,T2,Supplementary,old-system-migration,2026-08-11T15:45:16Z
H8623,mighty,Hebrew,M23,Strength,old-system-migration,2026-08-11T15:45:16Z
H8624,strong,Hebrew,M23,Strength,old-system-migration,2026-08-11T15:45:16Z
H8630,to prevail,Hebrew,M23,Strength,old-system-migration,2026-08-11T15:45:16Z
H8631,to grow strong,Hebrew,M23,Strength,old-system-migration,2026-08-11T15:45:16Z
H8632A,might,Hebrew,M23,Strength,old-system-migration,2026-08-11T15:45:16Z
H8632B,might,Hebrew,T2,Supplementary,old-system-migration,2026-08-11T15:45:16Z
H8633,power,Hebrew,M23,Strength,old-system-migration,2026-08-11T15:45:16Z
H8637,to teach,Hebrew,M15,Wisdom,old-system-migration,2026-08-11T15:45:16Z
H8641,contribution,Hebrew,T2,Supplementary,old-system-migration,2026-08-11T15:45:16Z
H8642,contribution,Hebrew,T2,Supplementary,old-system-migration,2026-08-11T15:45:16Z
H8649A,treachery,Hebrew,M14,Deceit,old-system-migration,2026-08-11T15:45:16Z
H8649B,deceitfulness,Hebrew,M14,Deceit,old-system-migration,2026-08-11T15:45:16Z
H8651,door,Hebrew,T2,Supplementary,old-system-migration,2026-08-11T15:45:16Z
H8652,doorkeeper,Hebrew,T2,Supplementary,old-system-migration,2026-08-11T15:45:16Z
H8660,governor,Hebrew,T2,Supplementary,old-system-migration,2026-08-11T15:45:16Z
H8665,checkered,Hebrew,T2,Supplementary,old-system-migration,2026-08-11T15:45:16Z
H8668G,deliverance: salvation,Hebrew,M38,Salvation,old-system-migration,2026-08-11T15:45:16Z
H8669,desire,Hebrew,M28,Envy,old-system-migration,2026-08-11T15:45:16Z
