word_id,word,word_status,strong,cluster_codes,cluster_names
178,Cursing,raw-complete,G0331,,
178,Cursing,raw-complete,G0332,,
178,Cursing,raw-complete,G0685,,
178,Cursing,raw-complete,G0987,M10,M10(Sin)
178,Cursing,raw-complete,G1944,,
178,Cursing,raw-complete,G2551,M07,M07(Shame)
178,Cursing,raw-complete,G2616,M24,M24(Weakness)
178,Cursing,raw-complete,G2617,M07,M07(Shame)
178,Cursing,raw-complete,G2652,,
178,Cursing,raw-complete,G2653,,
178,Cursing,raw-complete,G2671,,
178,Cursing,raw-complete,G2672,,
178,Cursing,raw-complete,G6522,,
178,Cursing,raw-complete,G7906,,
178,Cursing,raw-complete,H0422,,
178,Cursing,raw-complete,H0423,T2,T2(Supplementary)
178,Cursing,raw-complete,H0779,M06,M06(Hate)
178,Cursing,raw-complete,H1288,M39,M39(Blessing)
178,Cursing,raw-complete,H1697G,,
178,Cursing,raw-complete,H3994,,
178,Cursing,raw-complete,H5173,,
178,Cursing,raw-complete,H5344A,,
178,Cursing,raw-complete,H5344B,,
178,Cursing,raw-complete,H6895,,
178,Cursing,raw-complete,H7043,T2,T2(Supplementary)
178,Cursing,raw-complete,H7045,,
178,Cursing,raw-complete,H7621,T2,T2(Supplementary)
178,Cursing,raw-complete,H7650,T2,T2(Supplementary)
178,Cursing,raw-complete,H8381,,
175,Ruthlessness,raw-complete,G0415,M05,M05(Love)
175,Ruthlessness,raw-complete,G0786,,
175,Ruthlessness,raw-complete,H0393,M06,M06(Hate)
175,Ruthlessness,raw-complete,H0394,M06,M06(Hate)
175,Ruthlessness,raw-complete,H0395,M06,M06(Hate)
175,Ruthlessness,raw-complete,H2556C,,
175,Ruthlessness,raw-complete,H4751,"M03,T2","M03(Grief),T2(Supplementary)"
175,Ruthlessness,raw-complete,H5794,M23,M23(Strength)
175,Ruthlessness,raw-complete,H6184,M06,M06(Hate)
147,Soul,raw-complete,G5590G,M47,M47(Constitution)
147,Soul,raw-complete,G5590H,M25,M25(Life)
147,Soul,raw-complete,G5590I,M47,M47(Constitution)
147,Soul,raw-complete,G5590J,M47,M47(Constitution)
147,Soul,raw-complete,G5590K,,
147,Soul,raw-complete,H4578,T2,T2(Supplementary)
147,Soul,raw-complete,H5315G,M47,M47(Constitution)
147,Soul,raw-complete,H5315H,M25,M25(Life)
147,Soul,raw-complete,H5315I,M47,M47(Constitution)
147,Soul,raw-complete,H5315J,M47,M47(Constitution)
147,Soul,raw-complete,H5315K,M47,M47(Constitution)
147,Soul,raw-complete,H5315L,M47,M47(Constitution)
147,Soul,raw-complete,H5315M,M47,M47(Constitution)
147,Soul,raw-complete,H5315N,M47,M47(Constitution)
147,Soul,raw-complete,H5397,M25,M25(Life)
177,Suffering,raw-complete,G2983,,
177,Suffering,raw-complete,G6103,,
177,Suffering,raw-complete,G6345,,
177,Suffering,raw-complete,G7474,,
177,Suffering,raw-complete,H0605,M24,M24(Weakness)
177,Suffering,raw-complete,H2470I,M03,M03(Grief)
177,Suffering,raw-complete,H3511,M03,M03(Grief)
177,Suffering,raw-complete,H4251,M24,M24(Weakness)
177,Suffering,raw-complete,H4341,M03,M03(Grief)
177,Suffering,raw-complete,H5375J,,
177,Suffering,raw-complete,H6039,"FLAG,M24","FLAG(Flag),M24(Weakness)"
177,Suffering,raw-complete,H6040,M24,M24(Weakness)
177,Suffering,raw-complete,H6094,"M03,T2","M03(Grief),T2(Supplementary)"
177,Suffering,raw-complete,H6869B,M03,M03(Grief)
177,Suffering,raw-complete,H7185,"FLAG,T2","FLAG(Flag),T2(Supplementary)"
4,abomination,raw-complete,G0111,,
4,abomination,raw-complete,G0655,,
4,abomination,raw-complete,G0946,M10,M10(Sin)
4,abomination,raw-complete,G0947,M10,M10(Sin)
4,abomination,raw-complete,G0948,M06,M06(Hate)
4,abomination,raw-complete,G6662,,
4,abomination,raw-complete,G8238,,
4,abomination,raw-complete,H0887,M06,M06(Hate)
4,abomination,raw-complete,H2194,M02,M02(Anger)
4,abomination,raw-complete,H2214,,
4,abomination,raw-complete,H4656,,
4,abomination,raw-complete,H6292,M27,M27(Evil)
4,abomination,raw-complete,H8251,M10,M10(Sin)
4,abomination,raw-complete,H8262,M27,M27(Evil)
4,abomination,raw-complete,H8263,M06,M06(Hate)
4,abomination,raw-complete,H8441,M10,M10(Sin)
4,abomination,raw-complete,H8581,M06,M06(Hate)
5,agony,raw-complete,G0074,M34,M34(Perseverance)
5,agony,raw-complete,G0928H,M03,M03(Grief)
5,agony,raw-complete,G3600,M03,M03(Grief)
5,agony,raw-complete,G5604,M24,M24(Weakness)
5,agony,raw-complete,H1518,T2,T2(Supplementary)
5,agony,raw-complete,H2256B,M03,M03(Grief)
5,agony,raw-complete,H2342I,M03,M03(Grief)
5,agony,raw-complete,H2427A,M03,M03(Grief)
5,agony,raw-complete,H2427B,,
5,agony,raw-complete,H7661,M01,M01(Fear)
5,agony,raw-complete,H8463,M24,M24(Weakness)
6,ambition,raw-complete,G2052,M28,M28(Envy)
6,ambition,raw-complete,G5389,M18,M18(Hope)
7,anger,raw-complete,G2042,M02,M02(Anger)
7,anger,raw-complete,G2372,,
7,anger,raw-complete,G2373,"M02,T2","M02(Anger),T2(Supplementary)"
7,anger,raw-complete,G3709,M02,M02(Anger)
7,anger,raw-complete,G3710,M02,M02(Anger)
7,anger,raw-complete,G3947,M02,M02(Anger)
7,anger,raw-complete,G3949,M02,M02(Anger)
7,anger,raw-complete,G3950,M02,M02(Anger)
7,anger,raw-complete,G4292,,
7,anger,raw-complete,G7026,,
7,anger,raw-complete,G8318,,
7,anger,raw-complete,H0639G,T2,T2(Supplementary)
7,anger,raw-complete,H0639H,,
7,anger,raw-complete,H0639I,,
7,anger,raw-complete,H0644,T2,T2(Supplementary)
7,anger,raw-complete,H2195,M02,M02(Anger)
7,anger,raw-complete,H2198,M02,M02(Anger)
7,anger,raw-complete,H2528,M02,M02(Anger)
7,anger,raw-complete,H2534,M02,M02(Anger)
7,anger,raw-complete,H2552,"FLAG,T2","FLAG(Flag),T2(Supplementary)"
7,anger,raw-complete,H2734,M02,M02(Anger)
7,anger,raw-complete,H2740,M02,M02(Anger)
7,anger,raw-complete,H3707,M02,M02(Anger)
7,anger,raw-complete,H3708A,,
7,anger,raw-complete,H3708B,M02,M02(Anger)
7,anger,raw-complete,H5006,M06,M06(Hate)
7,anger,raw-complete,H5201,M30,M30(Obedience)
7,anger,raw-complete,H5307K,M02,M02(Anger)
7,anger,raw-complete,H5674B,,
7,anger,raw-complete,H5678,,
7,anger,raw-complete,H5860A,T2,T2(Supplementary)
7,anger,raw-complete,H6440M,,
7,anger,raw-complete,H7107,M02,M02(Anger)
7,anger,raw-complete,H7110A,M02,M02(Anger)
7,anger,raw-complete,H7110B,,
7,anger,raw-complete,H7265,M02,M02(Anger)
7,anger,raw-complete,H7267,,
7,anger,raw-complete,H7307J,,
7,anger,raw-complete,H8474,M44,M44(Relational)
8,anguish,raw-complete,G0074,M34,M34(Perseverance)
8,anguish,raw-complete,G0928H,M03,M03(Grief)
8,anguish,raw-complete,G2347,"M01,M24","M01(Fear),M24(Weakness)"
8,anguish,raw-complete,G3600,M03,M03(Grief)
8,anguish,raw-complete,G3601,M03,M03(Grief)
8,anguish,raw-complete,G4192,M03,M03(Grief)
8,anguish,raw-complete,G4730,"M01,M24","M01(Fear),M24(Weakness)"
8,anguish,raw-complete,G4928,M03,M03(Grief)
8,anguish,raw-complete,H2256B,M03,M03(Grief)
8,anguish,raw-complete,H2342A,,
8,anguish,raw-complete,H2342B,,
8,anguish,raw-complete,H2342H,,
8,anguish,raw-complete,H2342I,M03,M03(Grief)
8,anguish,raw-complete,H2342J,,
8,anguish,raw-complete,H2342K,,
8,anguish,raw-complete,H2427A,M03,M03(Grief)
8,anguish,raw-complete,H2479,,
8,anguish,raw-complete,H3015,M03,M03(Grief)
8,anguish,raw-complete,H4164,"M01,M24","M01(Fear),M24(Weakness)"
8,anguish,raw-complete,H4689,M03,M03(Grief)
8,anguish,raw-complete,H4691,M03,M03(Grief)
8,anguish,raw-complete,H4712,"M01,M24","M01(Fear),M24(Weakness)"
8,anguish,raw-complete,H4751,"M03,T2","M03(Grief),T2(Supplementary)"
8,anguish,raw-complete,H5100,,
8,anguish,raw-complete,H5892A,,
8,anguish,raw-complete,H5999,M03,M03(Grief)
8,anguish,raw-complete,H6088,M03,M03(Grief)
8,anguish,raw-complete,H6695B,M03,M03(Grief)
8,anguish,raw-complete,H6735C,,
8,anguish,raw-complete,H6862B,M03,M03(Grief)
8,anguish,raw-complete,H6862C,M44,M44(Relational)
8,anguish,raw-complete,H6869B,M03,M03(Grief)
8,anguish,raw-complete,H7089,M03,M03(Grief)
8,anguish,raw-complete,H7115,T2,T2(Supplementary)
8,anguish,raw-complete,H7451C,M03,M03(Grief)
8,anguish,raw-complete,H7661,M01,M01(Fear)
9,anointing,raw-complete,G0218,T2,T2(Supplementary)
9,anointing,raw-complete,G1472,M12,M12(Purity)
9,anointing,raw-complete,G2025,M12,M12(Purity)
9,anointing,raw-complete,G3462,T2,T2(Supplementary)
9,anointing,raw-complete,G5545,T2,T2(Supplementary)
9,anointing,raw-complete,G5547,T2,T2(Supplementary)
9,anointing,raw-complete,G5548,T2,T2(Supplementary)
9,anointing,raw-complete,G6221,,
9,anointing,raw-complete,G8202,,
9,anointing,raw-complete,H1101A,T2,T2(Supplementary)
9,anointing,raw-complete,H1878,M46,M46(Abundance)
9,anointing,raw-complete,H3251,T2,T2(Supplementary)
9,anointing,raw-complete,H3332G,T2,T2(Supplementary)
9,anointing,raw-complete,H4473,T2,T2(Supplementary)
9,anointing,raw-complete,H4886,T2,T2(Supplementary)
9,anointing,raw-complete,H4887,T2,T2(Supplementary)
9,anointing,raw-complete,H4888A,T2,T2(Supplementary)
9,anointing,raw-complete,H4888B,T2,T2(Supplementary)
9,anointing,raw-complete,H4899,T2,T2(Supplementary)
9,anointing,raw-complete,H5480,T2,T2(Supplementary)
9,anointing,raw-complete,H8081,T2,T2(Supplementary)
10,anxiety,raw-complete,G0253,M33,M33(Peace)
10,anxiety,raw-complete,G0275,M18,M18(Hope)
10,anxiety,raw-complete,G3308,M20,M20(Doubt)
10,anxiety,raw-complete,G4305,T2,T2(Supplementary)
10,anxiety,raw-complete,G4329,M18,M18(Hope)
10,anxiety,raw-complete,H1672,M20,M20(Doubt)
10,anxiety,raw-complete,H1674,M01,M01(Fear)
10,anxiety,raw-complete,H1804,,
10,anxiety,raw-complete,H5916,,
10,anxiety,raw-complete,H6470,,
10,anxiety,raw-complete,H7599,M33,M33(Peace)
10,anxiety,raw-complete,H8312,M01,M01(Fear)
11,appetite,raw-complete,G0776,,
11,appetite,raw-complete,G2836,,
11,appetite,raw-complete,G3042,,
11,appetite,raw-complete,G3983,,
11,appetite,raw-complete,H0398,,
11,appetite,raw-complete,H2421,M25,M25(Life)
11,appetite,raw-complete,H5315L,M47,M47(Constitution)
11,appetite,raw-complete,H7457,,
11,appetite,raw-complete,H8264,T2,T2(Supplementary)
160,authority,raw-complete,G0746,M17,M17(Counsel)
160,authority,raw-complete,G0747,"FLAG,T2","FLAG(Flag),T2(Supplementary)"
160,authority,raw-complete,G0758,T2,T2(Supplementary)
160,authority,raw-complete,G0831,M23,M23(Strength)
160,authority,raw-complete,G0922,,
160,authority,raw-complete,G1291,T2,T2(Supplementary)
160,authority,raw-complete,G1299,M09,M09(Humility)
160,authority,raw-complete,G1413,T2,T2(Supplementary)
160,authority,raw-complete,G1415,"M23,T2","M23(Strength),T2(Supplementary)"
160,authority,raw-complete,G1849,M23,M23(Strength)
160,authority,raw-complete,G1850,M23,M23(Strength)
160,authority,raw-complete,G2003,T2,T2(Supplementary)
160,authority,raw-complete,G2715,M23,M23(Strength)
160,authority,raw-complete,G2963,M23,M23(Strength)
160,authority,raw-complete,G4173,T2,T2(Supplementary)
160,authority,raw-complete,G5242,M23,M23(Strength)
160,authority,raw-complete,G5247,M23,M23(Strength)
160,authority,raw-complete,G6094,,
160,authority,raw-complete,H1935,M22,M22(Praise)
160,authority,raw-complete,H2632,"M23,T2","M23(Strength),T2(Supplementary)"
160,authority,raw-complete,H3027H,T2,T2(Supplementary)
160,authority,raw-complete,H3027W,"M23,T2","M23(Strength),T2(Supplementary)"
160,authority,raw-complete,H3678I,T2,T2(Supplementary)
160,authority,raw-complete,H4474,M23,M23(Strength)
160,authority,raw-complete,H4475,M23,M23(Strength)
160,authority,raw-complete,H4910,M23,M23(Strength)
160,authority,raw-complete,H4915B,M23,M23(Strength)
160,authority,raw-complete,H6485J,T2,T2(Supplementary)
160,authority,raw-complete,H7235A,M23,M23(Strength)
160,authority,raw-complete,H7287A,M23,M23(Strength)
160,authority,raw-complete,H7558,T2,T2(Supplementary)
160,authority,raw-complete,H7980,M23,M23(Strength)
160,authority,raw-complete,H7981,M23,M23(Strength)
160,authority,raw-complete,H7983,M23,M23(Strength)
160,authority,raw-complete,H7985,M23,M23(Strength)
160,authority,raw-complete,H7989,"M08,M23","M08(Pride),M23(Strength)"
160,authority,raw-complete,H7990,M23,M23(Strength)
160,authority,raw-complete,H8633,M23,M23(Strength)
12,awe,raw-complete,G1169,M01,M01(Fear)
12,awe,raw-complete,G1568,M01,M01(Fear)
12,awe,raw-complete,G2124,M21,M21(Prayer)
12,awe,raw-complete,G2284,M04,M04(Joy)
12,awe,raw-complete,G2317,M21,M21(Prayer)
12,awe,raw-complete,G5401,M01,M01(Fear)
12,awe,raw-complete,G6156,,
12,awe,raw-complete,G6786,,
12,awe,raw-complete,G6791,,
12,awe,raw-complete,G7904,,
12,awe,raw-complete,H1481C,M01,M01(Fear)
12,awe,raw-complete,H1945,,
12,awe,raw-complete,H2865,M01,M01(Fear)
12,awe,raw-complete,H3372G,M01,M01(Fear)
12,awe,raw-complete,H3372H,M01,M01(Fear)
12,awe,raw-complete,H6206,M01,M01(Fear)
12,awe,raw-complete,H6342,M01,M01(Fear)
12,awe,raw-complete,H6343,M01,M01(Fear)
12,awe,raw-complete,H7264,M01,M01(Fear)
172,being,raw-complete,G0023,,
172,being,raw-complete,G0050,M15,M15(Wisdom)
172,being,raw-complete,G0069,,
172,being,raw-complete,G0085,M01,M01(Fear)
172,being,raw-complete,G0101,,
172,being,raw-complete,G0120,M20,M20(Doubt)
172,being,raw-complete,G0153,M07,M07(Shame)
172,being,raw-complete,G0198,,
172,being,raw-complete,G0226,M13,M13(Truth)
172,being,raw-complete,G0416,,
172,being,raw-complete,G0433,,
172,being,raw-complete,G0445,,
172,being,raw-complete,G0480,,
172,being,raw-complete,G0548,,
172,being,raw-complete,G0566,,
172,being,raw-complete,G0567,,
172,being,raw-complete,G0568G,,
172,being,raw-complete,G0581,,
172,being,raw-complete,G0639,M20,M20(Doubt)
172,being,raw-complete,G0662,M34,M34(Perseverance)
172,being,raw-complete,G0691,,
172,being,raw-complete,G0714,,
172,being,raw-complete,G0757,M08,M08(Pride)
172,being,raw-complete,G0764,,
172,being,raw-complete,G0770G,M24,M24(Weakness)
172,being,raw-complete,G0770H,M24,M24(Weakness)
172,being,raw-complete,G0790,,
172,being,raw-complete,G0812,,
172,being,raw-complete,G0992,,
172,being,raw-complete,G1073,,
172,being,raw-complete,G1096,T2,T2(Supplementary)
172,being,raw-complete,G1130,T2,T2(Supplementary)
172,being,raw-complete,G1139,,
172,being,raw-complete,G1163,,
172,being,raw-complete,G1168,M01,M01(Fear)
172,being,raw-complete,G1259,M33,M33(Peace)
172,being,raw-complete,G1278,,
172,being,raw-complete,G1280,M20,M20(Doubt)
172,being,raw-complete,G1282,,
172,being,raw-complete,G1316,,
172,being,raw-complete,G1398,M36,M36(Service)
172,being,raw-complete,G1410,T2,T2(Supplementary)
172,being,raw-complete,G1414,"M23,T2","M23(Strength),T2(Supplementary)"
172,being,raw-complete,G1480,,
172,being,raw-complete,G1498,,
172,being,raw-complete,G1510,T2,T2(Supplementary)
172,being,raw-complete,G1514,M33,M33(Peace)
172,being,raw-complete,G1553,,
172,being,raw-complete,G1568,M01,M01(Fear)
172,being,raw-complete,G1572,,
172,being,raw-complete,G1605,,
172,being,raw-complete,G1612,,
172,being,raw-complete,G1690,,
172,being,raw-complete,G1693,,
172,being,raw-complete,G1735,,
172,being,raw-complete,G1736,,
172,being,raw-complete,G1740,,
172,being,raw-complete,G1751,,
172,being,raw-complete,G1754,M23,M23(Strength)
172,being,raw-complete,G1757,,
172,being,raw-complete,G1764,,
172,being,raw-complete,G1789,,
172,being,raw-complete,G1832,M31,M31(Faith)
172,being,raw-complete,G1847,T2,T2(Supplementary)
172,being,raw-complete,G1870,M07,M07(Shame)
172,being,raw-complete,G1902,,
172,being,raw-complete,G1952,,
172,being,raw-complete,G20125,,
172,being,raw-complete,G2071,,
172,being,raw-complete,G2077,,
172,being,raw-complete,G2114,M04,M04(Joy)
172,being,raw-complete,G21401,,
172,being,raw-complete,G2141,,
172,being,raw-complete,G21410,,
172,being,raw-complete,G2164,,
172,being,raw-complete,G2174,M04,M04(Joy)
172,being,raw-complete,G2192,M23,M23(Strength)
172,being,raw-complete,G2204,M19,M19(Trust)
172,being,raw-complete,G2206,M19,M19(Trust)
172,being,raw-complete,G2240,,
172,being,raw-complete,G2270,M33,M33(Peace)
172,being,raw-complete,G2274,,
172,being,raw-complete,G2277,,
172,being,raw-complete,G2292,"M04,M23","M04(Joy),M23(Strength)"
172,being,raw-complete,G2348,T2,T2(Supplementary)
172,being,raw-complete,G2450,,
172,being,raw-complete,G2468,,
172,being,raw-complete,G2480,M23,M23(Strength)
172,being,raw-complete,G2520,,
172,being,raw-complete,G2577G,,
172,being,raw-complete,G2577H,,
172,being,raw-complete,G2686,M14,M14(Deceit)
172,being,raw-complete,G2693,,
172,being,raw-complete,G2749,,
172,being,raw-complete,G2793,,
172,being,raw-complete,G2863,,
172,being,raw-complete,G2865,,
172,being,raw-complete,G2929,,
172,being,raw-complete,G2990,,
172,being,raw-complete,G3195,T2,T2(Supplementary)
172,being,raw-complete,G3322,,
172,being,raw-complete,G3356,M09,M09(Humility)
172,being,raw-complete,G3415,M41,M41(Remembrance)
172,being,raw-complete,G3467,,
172,being,raw-complete,G3471,M16,M16(Folly)
172,being,raw-complete,G3489,,
172,being,raw-complete,G3515,,
172,being,raw-complete,G3525,M33,M33(Peace)
172,being,raw-complete,G3552,M24,M24(Weakness)
172,being,raw-complete,G3600,M03,M03(Grief)
172,being,raw-complete,G3716,,
172,being,raw-complete,G3801,,
172,being,raw-complete,G3873,,
172,being,raw-complete,G3909,,
172,being,raw-complete,G3912,M16,M16(Folly)
172,being,raw-complete,G3918,,
172,being,raw-complete,G3939,,
172,being,raw-complete,G4020,,
172,being,raw-complete,G4104,M19,M19(Trust)
172,being,raw-complete,G4147,M46,M46(Abundance)
172,being,raw-complete,G4176,T2,T2(Supplementary)
172,being,raw-complete,G4241,,
172,being,raw-complete,G4243,,
172,being,raw-complete,G4360,,
172,being,raw-complete,G4391,,
172,being,raw-complete,G4409,,
172,being,raw-complete,G4433,M46,M46(Abundance)
172,being,raw-complete,G4445,,
172,being,raw-complete,G4449,,
172,being,raw-complete,G4576,M21,M21(Prayer)
172,being,raw-complete,G4583,,
172,being,raw-complete,G4601,M42,M42(Speech)
172,being,raw-complete,G4623,M33,M33(Peace)
172,being,raw-complete,G4659,,
172,being,raw-complete,G4704,M19,M19(Trust)
172,being,raw-complete,G4768,,
172,being,raw-complete,G4818,M03,M03(Grief)
172,being,raw-complete,G4840,,
172,being,raw-complete,G4851,,
172,being,raw-complete,G4894,M15,M15(Wisdom)
172,being,raw-complete,G4895,,
172,being,raw-complete,G4916,,
172,being,raw-complete,G4925,T2,T2(Supplementary)
172,being,raw-complete,G4927,,
172,being,raw-complete,G4980,,
172,being,raw-complete,G4993,"M15,M47","M15(Wisdom),M47(Constitution)"
172,being,raw-complete,G5075,,
172,being,raw-complete,G5111,M34,M34(Perseverance)
172,being,raw-complete,G5187,M08,M08(Pride)
172,being,raw-complete,G5198,,
172,being,raw-complete,G5225,,
172,being,raw-complete,G5229,,
172,being,raw-complete,G5242,M23,M23(Strength)
172,being,raw-complete,G5252,M08,M08(Pride)
172,being,raw-complete,G5309,M08,M08(Pride)
172,being,raw-complete,G5383,T2,T2(Supplementary)
172,being,raw-complete,G5431,M19,M19(Trust)
172,being,raw-complete,G5492,,
172,being,raw-complete,G5520,,
172,being,raw-complete,G5534,,
172,being,raw-complete,G5541,M05,M05(Love)
172,being,raw-complete,G5600,,
172,being,raw-complete,G5605,M03,M03(Grief)
172,being,raw-complete,G5607,,
172,being,raw-complete,G6023,,
172,being,raw-complete,G6028,,
172,being,raw-complete,G6081,,
172,being,raw-complete,G6083,M26,M26(Righteousness)
172,being,raw-complete,G6108,,
172,being,raw-complete,G6124,,
172,being,raw-complete,G6131,,
172,being,raw-complete,G6141,,
172,being,raw-complete,G6185,,
172,being,raw-complete,G6215,,
172,being,raw-complete,G6297,,
172,being,raw-complete,G6300,,
172,being,raw-complete,G6306,,
172,being,raw-complete,G6441,,
172,being,raw-complete,G6452,,
172,being,raw-complete,G6461,,
172,being,raw-complete,G6542,,
172,being,raw-complete,G6589,,
172,being,raw-complete,G6596,,
172,being,raw-complete,G6629,,
172,being,raw-complete,G6656,,
172,being,raw-complete,G6772,,
172,being,raw-complete,G6786,,
172,being,raw-complete,G6802,,
172,being,raw-complete,G6804,,
172,being,raw-complete,G6893,,
172,being,raw-complete,G6948,,
172,being,raw-complete,G6975,,
172,being,raw-complete,G7025,,
172,being,raw-complete,G7124,,
172,being,raw-complete,G7140,,
172,being,raw-complete,G7223,,
172,being,raw-complete,G7235,,
172,being,raw-complete,G7255,,
172,being,raw-complete,G7301,,
172,being,raw-complete,G7303,,
172,being,raw-complete,G7376,,
172,being,raw-complete,G7405,,
172,being,raw-complete,G7428,,
172,being,raw-complete,G7435,,
172,being,raw-complete,G7518,,
172,being,raw-complete,G7533,,
172,being,raw-complete,G7565,,
172,being,raw-complete,G7567,,
172,being,raw-complete,G7576,,
172,being,raw-complete,G7589,,
172,being,raw-complete,G7618,,
172,being,raw-complete,G7619,,
172,being,raw-complete,G7635,,
172,being,raw-complete,G7752,,
172,being,raw-complete,G7767,,
172,being,raw-complete,G7973,,
172,being,raw-complete,G7994,,
172,being,raw-complete,G8083,,
172,being,raw-complete,G8128,,
172,being,raw-complete,G8146,,
172,being,raw-complete,G8147,,
172,being,raw-complete,G8186,,
172,being,raw-complete,G8199,,
172,being,raw-complete,G8229,,
172,being,raw-complete,G8242,,
172,being,raw-complete,G8313,,
172,being,raw-complete,G8320,,
172,being,raw-complete,G8363,,
172,being,raw-complete,G8376,,
172,being,raw-complete,G8422,,
172,being,raw-complete,G8463,,
172,being,raw-complete,G8466,,
172,being,raw-complete,G8468,,
172,being,raw-complete,G8485,,
172,being,raw-complete,G8513,,
172,being,raw-complete,G8546,,
172,being,raw-complete,G8642,,
172,being,raw-complete,G8658,,
172,being,raw-complete,G8687,,
172,being,raw-complete,G8694,,
172,being,raw-complete,G8721,,
172,being,raw-complete,G8825,,
172,being,raw-complete,G8854,,
172,being,raw-complete,G8898,,
172,being,raw-complete,G8926,,
172,being,raw-complete,G8963,,
172,being,raw-complete,G8997,,
172,being,raw-complete,H0014,"M29,M30","M29(Desire),M30(Obedience)"
172,being,raw-complete,H0142,,
172,being,raw-complete,H0235,,
172,being,raw-complete,H0340,M06,M06(Hate)
172,being,raw-complete,H0377,,
172,being,raw-complete,H0383,,
172,being,raw-complete,H0481,,
172,being,raw-complete,H0539,M13,M13(Truth)
172,being,raw-complete,H0599,M02,M02(Anger)
172,being,raw-complete,H0605,M24,M24(Weakness)
172,being,raw-complete,H0749,,
172,being,raw-complete,H0816,M10,M10(Sin)
172,being,raw-complete,H0888,M02,M02(Anger)
172,being,raw-complete,H0909,,
172,being,raw-complete,H0954,M07,M07(Shame)
172,being,raw-complete,H0973A,,
172,being,raw-complete,H0973B,,
172,being,raw-complete,H1069,,
172,being,raw-complete,H1082,M04,M04(Joy)
172,being,raw-complete,H1149,,
172,being,raw-complete,H1197B,,
172,being,raw-complete,H1203,,
172,being,raw-complete,H1238A,,
172,being,raw-complete,H1672,M20,M20(Doubt)
172,being,raw-complete,H1738,M24,M24(Weakness)
172,being,raw-complete,H1821,T2,T2(Supplementary)
172,being,raw-complete,H1933A,,
172,being,raw-complete,H1933B,,
172,being,raw-complete,H1934,T2,T2(Supplementary)
172,being,raw-complete,H1951,,
172,being,raw-complete,H1961,,
172,being,raw-complete,H1984C,M16,M16(Folly)
172,being,raw-complete,H1995B,,
172,being,raw-complete,H2103,M08,M08(Pride)
172,being,raw-complete,H2114A,,
172,being,raw-complete,H2114B,,
172,being,raw-complete,H2141,,
172,being,raw-complete,H2151B,,
172,being,raw-complete,H2194,M02,M02(Anger)
172,being,raw-complete,H2204,,
172,being,raw-complete,H2254C,,
172,being,raw-complete,H2300A,,
172,being,raw-complete,H2342B,,
172,being,raw-complete,H2421,M25,M25(Life)
172,being,raw-complete,H2449,,
172,being,raw-complete,H2456,,
172,being,raw-complete,H2470A,M24,M24(Weakness)
172,being,raw-complete,H2470H,M24,M24(Weakness)
172,being,raw-complete,H2470I,M03,M03(Grief)
172,being,raw-complete,H2492A,,
172,being,raw-complete,H2556B,,
172,being,raw-complete,H2560C,,
172,being,raw-complete,H2603A,M39,M39(Blessing)
172,being,raw-complete,H2603B,T2,T2(Supplementary)
172,being,raw-complete,H2604,M39,M39(Blessing)
172,being,raw-complete,H2616A,M05,M05(Love)
172,being,raw-complete,H2659,M07,M07(Shame)
172,being,raw-complete,H2666,,
172,being,raw-complete,H2685,,
172,being,raw-complete,H2718,,
172,being,raw-complete,H2734,M02,M02(Anger)
172,being,raw-complete,H2790A,M14,M14(Deceit)
172,being,raw-complete,H2790B,M33,M33(Peace)
172,being,raw-complete,H2814,M42,M42(Speech)
172,being,raw-complete,H2826,,
172,being,raw-complete,H2859B,,
172,being,raw-complete,H2865,M01,M01(Fear)
172,being,raw-complete,H2868,M04,M04(Joy)
172,being,raw-complete,H2891,M12,M12(Purity)
172,being,raw-complete,H2895,M39,M39(Blessing)
172,being,raw-complete,H2902B,,
172,being,raw-complete,H2954,M30,M30(Obedience)
172,being,raw-complete,H2973,M16,M16(Folly)
172,being,raw-complete,H2974,M29,M29(Desire)
172,being,raw-complete,H2992,,
172,being,raw-complete,H3021,M24,M24(Weakness)
172,being,raw-complete,H3161,T2,T2(Supplementary)
172,being,raw-complete,H3190,M39,M39(Blessing)
172,being,raw-complete,H3191,,
172,being,raw-complete,H3201,M23,M23(Strength)
172,being,raw-complete,H3202,,
172,being,raw-complete,H3267,,
172,being,raw-complete,H3302,,
172,being,raw-complete,H3334,T2,T2(Supplementary)
172,being,raw-complete,H3365,M29,M29(Desire)
172,being,raw-complete,H3415,,
172,being,raw-complete,H3426,T2,T2(Supplementary)
172,being,raw-complete,H3456,,
172,being,raw-complete,H3512A,M20,M20(Doubt)
172,being,raw-complete,H3546,,
172,being,raw-complete,H3637,M07,M07(Shame)
172,being,raw-complete,H3665,M09,M09(Humility)
172,being,raw-complete,H3688,M16,M16(Folly)
172,being,raw-complete,H3735,M01,M01(Fear)
172,being,raw-complete,H3736,,
172,being,raw-complete,H3780,,
172,being,raw-complete,H3799,,
172,being,raw-complete,H3811,M24,M24(Weakness)
172,being,raw-complete,H3868,M14,M14(Deceit)
172,being,raw-complete,H4134,M24,M24(Weakness)
172,being,raw-complete,H4229C,,
172,being,raw-complete,H4603,M10,M10(Sin)
172,being,raw-complete,H4834,,
172,being,raw-complete,H4985,,
172,being,raw-complete,H4998,,
172,being,raw-complete,H5014,,
172,being,raw-complete,H5034A,,
172,being,raw-complete,H5068,M29,M29(Desire)
172,being,raw-complete,H5069,M29,M29(Desire)
172,being,raw-complete,H5136,M24,M24(Weakness)
172,being,raw-complete,H5144B,T2,T2(Supplementary)
172,being,raw-complete,H5162G,M05,M05(Love)
172,being,raw-complete,H5162H,M11,M11(Repentance)
172,being,raw-complete,H5276,M04,M04(Joy)
172,being,raw-complete,H5314,M25,M25(Life)
172,being,raw-complete,H5361,,
172,being,raw-complete,H5405,,
172,being,raw-complete,H5433B,,
172,being,raw-complete,H5487,,
172,being,raw-complete,H5528,,
172,being,raw-complete,H5532,,
172,being,raw-complete,H5535,,
172,being,raw-complete,H5674B,,
172,being,raw-complete,H5674H,,
172,being,raw-complete,H5701,,
172,being,raw-complete,H5783,T2,T2(Supplementary)
172,being,raw-complete,H5810,M23,M23(Strength)
172,being,raw-complete,H5888,,
172,being,raw-complete,H6009,,
172,being,raw-complete,H6031A,"FLAG,T2","FLAG(Flag),T2(Supplementary)"
172,being,raw-complete,H6101,M24,M24(Weakness)
172,being,raw-complete,H6105A,M23,M23(Strength)
172,being,raw-complete,H6132,,
172,being,raw-complete,H6188,,
172,being,raw-complete,H6191,M15,M15(Wisdom)
172,being,raw-complete,H6225,,
172,being,raw-complete,H6257,,
172,being,raw-complete,H6280,,
172,being,raw-complete,H6313,,
172,being,raw-complete,H6338,,
172,being,raw-complete,H6339,,
172,being,raw-complete,H6348,,
172,being,raw-complete,H6395,,
172,being,raw-complete,H6500,,
172,being,raw-complete,H6509,,
172,being,raw-complete,H6705,,
172,being,raw-complete,H6800A,M09,M09(Humility)
172,being,raw-complete,H6819,,
172,being,raw-complete,H6879,,
172,being,raw-complete,H6937,T2,T2(Supplementary)
172,being,raw-complete,H6949,,
172,being,raw-complete,H6994,,
172,being,raw-complete,H7038,,
172,being,raw-complete,H7065,M02,M02(Anger)
172,being,raw-complete,H7107,M02,M02(Anger)
172,being,raw-complete,H7108,,
172,being,raw-complete,H7114A,T2,T2(Supplementary)
172,being,raw-complete,H7292,M08,M08(Pride)
172,being,raw-complete,H7304,,
172,being,raw-complete,H7311B,T2,T2(Supplementary)
172,being,raw-complete,H7326,M24,M24(Weakness)
172,being,raw-complete,H7363A,,
172,being,raw-complete,H7372,,
172,being,raw-complete,H7375,,
172,being,raw-complete,H7401,,
172,being,raw-complete,H7426,M08,M08(Pride)
172,being,raw-complete,H7456,,
172,being,raw-complete,H7488A,,
172,being,raw-complete,H7489A,M27,M27(Evil)
172,being,raw-complete,H7561,M26,M26(Righteousness)
172,being,raw-complete,H7662,,
172,being,raw-complete,H7672,M20,M20(Doubt)
172,being,raw-complete,H7696,M16,M16(Folly)
172,being,raw-complete,H7737A,T2,T2(Supplementary)
172,being,raw-complete,H7739A,T2,T2(Supplementary)
172,being,raw-complete,H7739B,T2,T2(Supplementary)
172,being,raw-complete,H7835,,
172,being,raw-complete,H7867,,
172,being,raw-complete,H7868,,
172,being,raw-complete,H7901J,,
172,being,raw-complete,H7919A,M15,M15(Wisdom)
172,being,raw-complete,H7921A,,
172,being,raw-complete,H7937,,
172,being,raw-complete,H7954,,
172,being,raw-complete,H7965I,M33,M33(Peace)
172,being,raw-complete,H8000,,
172,being,raw-complete,H8074G,M27,M27(Evil)
172,being,raw-complete,H8074H,,
172,being,raw-complete,H8075,,
172,being,raw-complete,H8192,,
172,being,raw-complete,H8214,,
172,being,raw-complete,H8246,,
172,being,raw-complete,H8367,,
172,being,raw-complete,H8382,T2,T2(Supplementary)
172,being,raw-complete,H8429,M01,M01(Fear)
172,being,raw-complete,H8524,,
172,being,raw-complete,H8626,,
13,bitterness,raw-complete,G4087,M03,M03(Grief)
13,bitterness,raw-complete,G4088,M02,M02(Anger)
13,bitterness,raw-complete,G4089,M28,M28(Envy)
13,bitterness,raw-complete,G7895,,
13,bitterness,raw-complete,G8793,,
13,bitterness,raw-complete,G8794,,
13,bitterness,raw-complete,H3939,,
13,bitterness,raw-complete,H4470,M03,M03(Grief)
13,bitterness,raw-complete,H4472,M03,M03(Grief)
13,bitterness,raw-complete,H4751,"M03,T2","M03(Grief),T2(Supplementary)"
13,bitterness,raw-complete,H4784,M30,M30(Obedience)
13,bitterness,raw-complete,H4786,M03,M03(Grief)
13,bitterness,raw-complete,H4787,M03,M03(Grief)
13,bitterness,raw-complete,H4805H,M30,M30(Obedience)
13,bitterness,raw-complete,H4814,,
13,bitterness,raw-complete,H4815,,
13,bitterness,raw-complete,H4834,,
13,bitterness,raw-complete,H4843,"M02,M03","M02(Anger),M03(Grief)"
13,bitterness,raw-complete,H4844,M03,M03(Grief)
13,bitterness,raw-complete,H4846,,
13,bitterness,raw-complete,H7219,M24,M24(Weakness)
13,bitterness,raw-complete,H8563,,
158,blessing,raw-complete,G1757,,
158,blessing,raw-complete,G2036,,
158,blessing,raw-complete,G2127,M22,M22(Praise)
158,blessing,raw-complete,G2128,,
158,blessing,raw-complete,G2129,,
158,blessing,raw-complete,G3106,,
158,blessing,raw-complete,G3107,,
158,blessing,raw-complete,G3108,M04,M04(Joy)
158,blessing,raw-complete,G5485,M39,M39(Blessing)
158,blessing,raw-complete,G5486,M39,M39(Blessing)
158,blessing,raw-complete,G5487,M39,M39(Blessing)
158,blessing,raw-complete,G6050,,
158,blessing,raw-complete,G8231,,
158,blessing,raw-complete,H0833,,
158,blessing,raw-complete,H0835,M39,M39(Blessing)
158,blessing,raw-complete,H1288,M39,M39(Blessing)
158,blessing,raw-complete,H1289,,
158,blessing,raw-complete,H1293,M22,M22(Praise)
158,blessing,raw-complete,H1926,M22,M22(Praise)
158,blessing,raw-complete,H3190,M39,M39(Blessing)
14,boastfulness,raw-complete,G0212,M08,M08(Pride)
14,boastfulness,raw-complete,G0213,M08,M08(Pride)
14,boastfulness,raw-complete,G0850,,
14,boastfulness,raw-complete,G2620,,
14,boastfulness,raw-complete,G2744,M08,M08(Pride)
14,boastfulness,raw-complete,G2745,M08,M08(Pride)
14,boastfulness,raw-complete,G2746,M08,M08(Pride)
14,boastfulness,raw-complete,G2755,,
14,boastfulness,raw-complete,G3004G,,
14,boastfulness,raw-complete,G3166,,
14,boastfulness,raw-complete,G4068,,
14,boastfulness,raw-complete,G5111,M34,M34(Perseverance)
14,boastfulness,raw-complete,G5246,,
14,boastfulness,raw-complete,G6094,,
14,boastfulness,raw-complete,G7013,,
14,boastfulness,raw-complete,H0907,,
14,boastfulness,raw-complete,H1346,M08,M08(Pride)
14,boastfulness,raw-complete,H1431,M22,M22(Praise)
14,boastfulness,raw-complete,H1696G,,
14,boastfulness,raw-complete,H1984A,T2,T2(Supplementary)
14,boastfulness,raw-complete,H1984B,M22,M22(Praise)
14,boastfulness,raw-complete,H1984C,M16,M16(Folly)
14,boastfulness,raw-complete,H1984H,M08,M08(Pride)
14,boastfulness,raw-complete,H1984I,"M08,M16","M08(Pride),M16(Folly)"
14,boastfulness,raw-complete,H3235,,
14,boastfulness,raw-complete,H3513G,,
14,boastfulness,raw-complete,H5947,,
14,boastfulness,raw-complete,H6286A,,
14,boastfulness,raw-complete,H6350,,
14,boastfulness,raw-complete,H7235A,M23,M23(Strength)
14,boastfulness,raw-complete,H7312,M08,M08(Pride)
15,boldness,raw-complete,G0662,M34,M34(Perseverance)
15,boldness,raw-complete,G2292,"M04,M23","M04(Joy),M23(Strength)"
15,boldness,raw-complete,G3954,M34,M34(Perseverance)
15,boldness,raw-complete,G3955,M21,M21(Prayer)
15,boldness,raw-complete,G4006,M19,M19(Trust)
15,boldness,raw-complete,G5111,M34,M34(Perseverance)
15,boldness,raw-complete,G5112,T2,T2(Supplementary)
15,boldness,raw-complete,G5113,M08,M08(Pride)
15,boldness,raw-complete,G7683,,
15,boldness,raw-complete,G7684,T2,T2(Supplementary)
15,boldness,raw-complete,G7686,,
15,boldness,raw-complete,H5797,M23,M23(Strength)
15,boldness,raw-complete,H5810,M23,M23(Strength)
15,boldness,raw-complete,H7292,M08,M08(Pride)
16,bondage,raw-complete,G0509,,
16,bondage,raw-complete,G1397,M36,M36(Service)
16,bondage,raw-complete,G1398,M36,M36(Service)
16,bondage,raw-complete,G1402,M36,M36(Service)
16,bondage,raw-complete,G2615,M36,M36(Service)
16,bondage,raw-complete,H0631,,
16,bondage,raw-complete,H3533,,
16,bondage,raw-complete,H4805H,M30,M30(Obedience)
16,bondage,raw-complete,H5647G,M36,M36(Service)
16,bondage,raw-complete,H5650,,
16,bondage,raw-complete,H5656G,M36,M36(Service)
16,bondage,raw-complete,H5656I,M36,M36(Service)
16,bondage,raw-complete,H5659,M36,M36(Service)
17,brokenness,raw-complete,G1284,,
17,brokenness,raw-complete,G1288,,
17,brokenness,raw-complete,G1358,,
17,brokenness,raw-complete,G1575,,
17,brokenness,raw-complete,G1846,,
17,brokenness,raw-complete,G2801,,
17,brokenness,raw-complete,G2806,,
17,brokenness,raw-complete,G3089,,
17,brokenness,raw-complete,G4917,,
17,brokenness,raw-complete,G4937,,
17,brokenness,raw-complete,G4977,T2,T2(Supplementary)
17,brokenness,raw-complete,G5259G,,
17,brokenness,raw-complete,G6485,,
17,brokenness,raw-complete,H0006,,
17,brokenness,raw-complete,H1438,,
17,brokenness,raw-complete,H1505,,
17,brokenness,raw-complete,H1638,,
17,brokenness,raw-complete,H1790,,
17,brokenness,raw-complete,H1792,M24,M24(Weakness)
17,brokenness,raw-complete,H1794,M24,M24(Weakness)
17,brokenness,raw-complete,H1855,,
17,brokenness,raw-complete,H1986,,
17,brokenness,raw-complete,H2040,,
17,brokenness,raw-complete,H2116,,
17,brokenness,raw-complete,H2254B,M10,M10(Sin)
17,brokenness,raw-complete,H2490H,T2,T2(Supplementary)
17,brokenness,raw-complete,H2844B,"FLAG,T2","FLAG(Flag),T2(Supplementary)"
17,brokenness,raw-complete,H2865,M01,M01(Fear)
17,brokenness,raw-complete,H3512A,M20,M20(Doubt)
17,brokenness,raw-complete,H3782,,
17,brokenness,raw-complete,H3807,M24,M24(Weakness)
17,brokenness,raw-complete,H4347,,
17,brokenness,raw-complete,H4790,,
17,brokenness,raw-complete,H5181,,
17,brokenness,raw-complete,H5218B,,
17,brokenness,raw-complete,H5310A,,
17,brokenness,raw-complete,H5421,,
17,brokenness,raw-complete,H5423,,
17,brokenness,raw-complete,H5927L,,
17,brokenness,raw-complete,H6031B,M24,M24(Weakness)
17,brokenness,raw-complete,H6202,,
17,brokenness,raw-complete,H6331,,
17,brokenness,raw-complete,H6480,,
17,brokenness,raw-complete,H6481,,
17,brokenness,raw-complete,H6524B,,
17,brokenness,raw-complete,H6528,,
17,brokenness,raw-complete,H6555,,
17,brokenness,raw-complete,H6556,,
17,brokenness,raw-complete,H6561,,
17,brokenness,raw-complete,H6565A,,
17,brokenness,raw-complete,H6565B,,
17,brokenness,raw-complete,H7115,T2,T2(Supplementary)
17,brokenness,raw-complete,H7280C,,
17,brokenness,raw-complete,H7462B,,
17,brokenness,raw-complete,H7465,T2,T2(Supplementary)
17,brokenness,raw-complete,H7489B,,
17,brokenness,raw-complete,H7533,M24,M24(Weakness)
17,brokenness,raw-complete,H7576,,
17,brokenness,raw-complete,H7616,,
17,brokenness,raw-complete,H7665,"M24,T2","M24(Weakness),T2(Supplementary)"
17,brokenness,raw-complete,H7667,M24,M24(Weakness)
17,brokenness,raw-complete,H7670,M24,M24(Weakness)
17,brokenness,raw-complete,H8406,T2,T2(Supplementary)
17,brokenness,raw-complete,H8601,,
18,calling,raw-complete,G0235,,
18,calling,raw-complete,G0994,,
18,calling,raw-complete,G1528,,
18,calling,raw-complete,G1793,M37,M37(Calling)
18,calling,raw-complete,G1941,M37,M37(Calling)
18,calling,raw-complete,G1951,,
18,calling,raw-complete,G2028,,
18,calling,raw-complete,G2036,,
18,calling,raw-complete,G2046,,
18,calling,raw-complete,G2564G,M37,M37(Calling)
18,calling,raw-complete,G2564H,,
18,calling,raw-complete,G2821,M31,M31(Faith)
18,calling,raw-complete,G2822,M31,M31(Faith)
18,calling,raw-complete,G2896,M42,M42(Speech)
18,calling,raw-complete,G3004G,,
18,calling,raw-complete,G3004H,,
18,calling,raw-complete,G3333,,
18,calling,raw-complete,G3686,T2,T2(Supplementary)
18,calling,raw-complete,G3687,T2,T2(Supplementary)
18,calling,raw-complete,G3870,M05,M05(Love)
18,calling,raw-complete,G4316,,
18,calling,raw-complete,G4341,M37,M37(Calling)
18,calling,raw-complete,G4377,M37,M37(Calling)
18,calling,raw-complete,G4779,,
18,calling,raw-complete,G5455,M42,M42(Speech)
18,calling,raw-complete,G5537,,
18,calling,raw-complete,G5581,,
18,calling,raw-complete,G6285,,
18,calling,raw-complete,G7099,,
18,calling,raw-complete,G7115,,
18,calling,raw-complete,H0559,,
18,calling,raw-complete,H0560,,
18,calling,raw-complete,H0833,,
18,calling,raw-complete,H5414I,,
18,calling,raw-complete,H6030B,,
18,calling,raw-complete,H6817,,
18,calling,raw-complete,H6950,,
18,calling,raw-complete,H7121G,M37,M37(Calling)
18,calling,raw-complete,H7121H,M37,M37(Calling)
18,calling,raw-complete,H7121I,M37,M37(Calling)
18,calling,raw-complete,H7121J,M37,M37(Calling)
18,calling,raw-complete,H7123,M37,M37(Calling)
18,calling,raw-complete,H7148,M29,M29(Desire)
18,calling,raw-complete,H7760A,,
18,calling,raw-complete,H7760M,,
18,calling,raw-complete,H7768,,
18,calling,raw-complete,H7971G,,
18,calling,raw-complete,H8034,"FLAG,T2","FLAG(Flag),T2(Supplementary)"
18,calling,raw-complete,H8085I,M41,M41(Remembrance)
19,character,raw-complete,G1382,M35,M35(Testing)
19,character,raw-complete,G2239,,
19,character,raw-complete,H2747,,
156,comfort,raw-complete,G2174,M04,M04(Joy)
156,comfort,raw-complete,G2293,"M04,M23","M04(Joy),M23(Strength)"
156,comfort,raw-complete,G3870,M05,M05(Love)
156,comfort,raw-complete,G3874,M05,M05(Love)
156,comfort,raw-complete,G3875,M17,M17(Counsel)
156,comfort,raw-complete,G3888,,
156,comfort,raw-complete,G3889,,
156,comfort,raw-complete,G3890,M33,M33(Peace)
156,comfort,raw-complete,G3931,M33,M33(Peace)
156,comfort,raw-complete,G8618,,
156,comfort,raw-complete,G8619,,
156,comfort,raw-complete,H1082,M04,M04(Joy)
156,comfort,raw-complete,H4010,M04,M04(Joy)
156,comfort,raw-complete,H5117,M33,M33(Peace)
156,comfort,raw-complete,H5150,M33,M33(Peace)
156,comfort,raw-complete,H5162G,M05,M05(Love)
156,comfort,raw-complete,H5162H,M11,M11(Repentance)
156,comfort,raw-complete,H5165,M33,M33(Peace)
156,comfort,raw-complete,H5205,,
156,comfort,raw-complete,H5582,,
156,comfort,raw-complete,H7309,,
156,comfort,raw-complete,H7502,,
156,comfort,raw-complete,H8172,M19,M19(Trust)
156,comfort,raw-complete,H8575,M05,M05(Love)
20,compassion,raw-complete,G1653,M05,M05(Love)
20,compassion,raw-complete,G1656,M05,M05(Love)
20,compassion,raw-complete,G2944,,
20,compassion,raw-complete,G3388,,
20,compassion,raw-complete,G3627,M05,M05(Love)
20,compassion,raw-complete,G3628,M05,M05(Love)
20,compassion,raw-complete,G4013,,
20,compassion,raw-complete,G4022,,
20,compassion,raw-complete,G4033,,
20,compassion,raw-complete,G4184,M05,M05(Love)
20,compassion,raw-complete,G4697,M05,M05(Love)
20,compassion,raw-complete,G4698,T2,T2(Supplementary)
20,compassion,raw-complete,G4777,M24,M24(Weakness)
20,compassion,raw-complete,G4834,M05,M05(Love)
20,compassion,raw-complete,G4835,M05,M05(Love)
20,compassion,raw-complete,G4841,M03,M03(Grief)
20,compassion,raw-complete,G7451,,
20,compassion,raw-complete,H0661,,
20,compassion,raw-complete,H2328,,
20,compassion,raw-complete,H2329,,
20,compassion,raw-complete,H2347,M05,M05(Love)
20,compassion,raw-complete,H2550,M05,M05(Love)
20,compassion,raw-complete,H2551,M05,M05(Love)
20,compassion,raw-complete,H2594,M39,M39(Blessing)
20,compassion,raw-complete,H2603A,M39,M39(Blessing)
20,compassion,raw-complete,H2617A,M05,M05(Love)
20,compassion,raw-complete,H2949,,
20,compassion,raw-complete,H3749,,
20,compassion,raw-complete,H3803,,
20,compassion,raw-complete,H4230,,
20,compassion,raw-complete,H4263,M05,M05(Love)
20,compassion,raw-complete,H5150,M33,M33(Peace)
20,compassion,raw-complete,H5162G,M05,M05(Love)
20,compassion,raw-complete,H5162H,M11,M11(Repentance)
20,compassion,raw-complete,H5164,M45,M45(Transformation)
20,compassion,raw-complete,H5362B,,
20,compassion,raw-complete,H5437G,,
20,compassion,raw-complete,H5437H,,
20,compassion,raw-complete,H5439G,,
20,compassion,raw-complete,H5849A,,
20,compassion,raw-complete,H7349,M05,M05(Love)
20,compassion,raw-complete,H7355,M05,M05(Love)
20,compassion,raw-complete,H7356A,T2,T2(Supplementary)
20,compassion,raw-complete,H7356B,M05,M05(Love)
20,compassion,raw-complete,H7358,T2,T2(Supplementary)
20,compassion,raw-complete,H7359,M05,M05(Love)
20,compassion,raw-complete,H7362,M05,M05(Love)
21,condemnation,raw-complete,G0176,,
21,condemnation,raw-complete,G0843,M26,M26(Righteousness)
21,condemnation,raw-complete,G1349,M26,M26(Righteousness)
21,condemnation,raw-complete,G1935,,
21,condemnation,raw-complete,G2607,,
21,condemnation,raw-complete,G2613,M26,M26(Righteousness)
21,condemnation,raw-complete,G2631,T2,T2(Supplementary)
21,condemnation,raw-complete,G2632,M26,M26(Righteousness)
21,condemnation,raw-complete,G2633,M26,M26(Righteousness)
21,condemnation,raw-complete,G2917,,
21,condemnation,raw-complete,G2919,"FLAG,M26","FLAG(Flag),M26(Righteousness)"
21,condemnation,raw-complete,G2920,"FLAG,M26","FLAG(Flag),M26(Righteousness)"
21,condemnation,raw-complete,G5020,T2,T2(Supplementary)
21,condemnation,raw-complete,G5272,M14,M14(Deceit)
21,condemnation,raw-complete,H0816,M10,M10(Sin)
21,condemnation,raw-complete,H4191,T2,T2(Supplementary)
21,condemnation,raw-complete,H6064,,
21,condemnation,raw-complete,H7561,M26,M26(Righteousness)
21,condemnation,raw-complete,H7563,M10,M10(Sin)
21,condemnation,raw-complete,H7725K,,
21,condemnation,raw-complete,H8199,"FLAG,M26","FLAG(Flag),M26(Righteousness)"
21,condemnation,raw-complete,H8201,"FLAG,M26","FLAG(Flag),M26(Righteousness)"
22,conscience,raw-complete,G4893,M47,M47(Constitution)
22,conscience,raw-complete,G4894,M15,M15(Wisdom)
22,conscience,raw-complete,H3629,T2,T2(Supplementary)
23,consecration,raw-complete,G0037,,
23,consecration,raw-complete,G0040G,M22,M22(Praise)
23,consecration,raw-complete,G0334,,
23,consecration,raw-complete,G2564G,M37,M37(Calling)
23,consecration,raw-complete,G4286,M17,M17(Counsel)
23,consecration,raw-complete,G5048,,
23,consecration,raw-complete,G7751,,
23,consecration,raw-complete,H3027R,T2,T2(Supplementary)
23,consecration,raw-complete,H4390,,
23,consecration,raw-complete,H4394,,
23,consecration,raw-complete,H4888B,T2,T2(Supplementary)
23,consecration,raw-complete,H5087,,
23,consecration,raw-complete,H5088,,
23,consecration,raw-complete,H5139,,
23,consecration,raw-complete,H5144A,M12,M12(Purity)
23,consecration,raw-complete,H5144B,T2,T2(Supplementary)
23,consecration,raw-complete,H5145G,T2,T2(Supplementary)
23,consecration,raw-complete,H5145H,T2,T2(Supplementary)
23,consecration,raw-complete,H5145I,T2,T2(Supplementary)
23,consecration,raw-complete,H6918G,M22,M22(Praise)
23,consecration,raw-complete,H6942G,M12,M12(Purity)
23,consecration,raw-complete,H6942H,M12,M12(Purity)
23,consecration,raw-complete,H6942I,M12,M12(Purity)
23,consecration,raw-complete,H6942J,M12,M12(Purity)
23,consecration,raw-complete,H6942K,M12,M12(Purity)
23,consecration,raw-complete,H6944G,M22,M22(Praise)
154,contempt,raw-complete,G1609,,
154,contempt,raw-complete,G1702,,
154,contempt,raw-complete,G1847,T2,T2(Supplementary)
154,contempt,raw-complete,G1848,M07,M07(Shame)
154,contempt,raw-complete,G2706,,
154,contempt,raw-complete,G3058,,
154,contempt,raw-complete,G3643,,
154,contempt,raw-complete,G3679,,
154,contempt,raw-complete,G3680,,
154,contempt,raw-complete,G3856,M07,M07(Shame)
154,contempt,raw-complete,G4065,,
154,contempt,raw-complete,G7351,,
154,contempt,raw-complete,G7352,,
154,contempt,raw-complete,G7353,,
154,contempt,raw-complete,H0936,,
154,contempt,raw-complete,H0937,M06,M06(Hate)
154,contempt,raw-complete,H0939,,
154,contempt,raw-complete,H0959,M06,M06(Hate)
154,contempt,raw-complete,H0963,M06,M06(Hate)
154,contempt,raw-complete,H1163,,
154,contempt,raw-complete,H1422,,
154,contempt,raw-complete,H1860,M06,M06(Hate)
154,contempt,raw-complete,H2048,,
154,contempt,raw-complete,H2049,,
154,contempt,raw-complete,H2107,,
154,contempt,raw-complete,H2778A,M06,M06(Hate)
154,contempt,raw-complete,H2781,M06,M06(Hate)
154,contempt,raw-complete,H3887,M08,M08(Pride)
154,contempt,raw-complete,H3932,M08,M08(Pride)
154,contempt,raw-complete,H3933,M08,M08(Pride)
154,contempt,raw-complete,H3934,,
154,contempt,raw-complete,H3944,,
154,contempt,raw-complete,H4426,,
154,contempt,raw-complete,H4485,,
154,contempt,raw-complete,H4912,,
154,contempt,raw-complete,H5006,M06,M06(Hate)
154,contempt,raw-complete,H5007A,M06,M06(Hate)
154,contempt,raw-complete,H5007B,M06,M06(Hate)
154,contempt,raw-complete,H5034A,,
154,contempt,raw-complete,H5607,,
154,contempt,raw-complete,H6962,M06,M06(Hate)
154,contempt,raw-complete,H7034,M07,M07(Shame)
154,contempt,raw-complete,H7043,T2,T2(Supplementary)
154,contempt,raw-complete,H7046,,
154,contempt,raw-complete,H7047,M08,M08(Pride)
154,contempt,raw-complete,H7048,,
154,contempt,raw-complete,H7589,M06,M06(Hate)
154,contempt,raw-complete,H7590,M06,M06(Hate)
154,contempt,raw-complete,H8148,,
154,contempt,raw-complete,H8322,,
154,contempt,raw-complete,H8591,,
24,contentment,raw-complete,G0073,M35,M35(Testing)
24,contentment,raw-complete,G0714,,
24,contentment,raw-complete,G0841,T2,T2(Supplementary)
24,contentment,raw-complete,G0842,M46,M46(Abundance)
24,contentment,raw-complete,G2052,M28,M28(Envy)
24,contentment,raw-complete,G2054,M02,M02(Anger)
24,contentment,raw-complete,G2106,M04,M04(Joy)
24,contentment,raw-complete,G2213,,
24,contentment,raw-complete,G3859,,
24,contentment,raw-complete,G3948,M02,M02(Anger)
24,contentment,raw-complete,G8313,,
24,contentment,raw-complete,H2974,M29,M29(Desire)
24,contentment,raw-complete,H3190,M39,M39(Blessing)
24,contentment,raw-complete,H4066,M02,M02(Anger)
24,contentment,raw-complete,H4079,,
24,contentment,raw-complete,H4390,,
24,contentment,raw-complete,H4490,,
24,contentment,raw-complete,H4683,M02,M02(Anger)
24,contentment,raw-complete,H4808,M02,M02(Anger)
24,contentment,raw-complete,H7378,M44,M44(Relational)
24,contentment,raw-complete,H7379,M02,M02(Anger)
24,contentment,raw-complete,H7646,M46,M46(Abundance)
24,contentment,raw-complete,H7648,,
24,contentment,raw-complete,H7649,,
24,contentment,raw-complete,H7961,,
24,contentment,raw-complete,H8085G,M41,M41(Remembrance)
25,contrition,raw-complete,H1792,M24,M24(Weakness)
25,contrition,raw-complete,H1793A,"M09,M11","M09(Humility),M11(Repentance)"
25,contrition,raw-complete,H1793B,T2,T2(Supplementary)
25,contrition,raw-complete,H1794,M24,M24(Weakness)
25,contrition,raw-complete,H5223,M24,M24(Weakness)
26,corruption,raw-complete,G0853,,
26,corruption,raw-complete,G0889,,
26,corruption,raw-complete,G1311,M10,M10(Sin)
26,corruption,raw-complete,G1312,M25,M25(Life)
26,corruption,raw-complete,G1612,,
26,corruption,raw-complete,G2585,,
26,corruption,raw-complete,G2679,,
26,corruption,raw-complete,G2692,,
26,corruption,raw-complete,G2704,,
26,corruption,raw-complete,G3393,,
26,corruption,raw-complete,G3394,M10,M10(Sin)
26,corruption,raw-complete,G4550,,
26,corruption,raw-complete,G4595,,
26,corruption,raw-complete,G4646,,
26,corruption,raw-complete,G4938,,
26,corruption,raw-complete,G5349,,
26,corruption,raw-complete,G5351,M10,M10(Sin)
26,corruption,raw-complete,G5356,M10,M10(Sin)
26,corruption,raw-complete,G7946,,
26,corruption,raw-complete,H0006,,
26,corruption,raw-complete,H0444,M10,M10(Sin)
26,corruption,raw-complete,H1097,T2,T2(Supplementary)
26,corruption,raw-complete,H1100I,T2,T2(Supplementary)
26,corruption,raw-complete,H1942,M28,M28(Envy)
26,corruption,raw-complete,H2015,T2,T2(Supplementary)
26,corruption,raw-complete,H2254B,M10,M10(Sin)
26,corruption,raw-complete,H2610,,
26,corruption,raw-complete,H3589,,
26,corruption,raw-complete,H3832,,
26,corruption,raw-complete,H4072,,
26,corruption,raw-complete,H4167,,
26,corruption,raw-complete,H4654,,
26,corruption,raw-complete,H4743,,
26,corruption,raw-complete,H4889,M10,M10(Sin)
26,corruption,raw-complete,H4893B,M10,M10(Sin)
26,corruption,raw-complete,H5754,,
26,corruption,raw-complete,H5856,,
26,corruption,raw-complete,H7591,,
26,corruption,raw-complete,H7703,,
26,corruption,raw-complete,H7843,M27,M27(Evil)
26,corruption,raw-complete,H7844,,
26,corruption,raw-complete,H7845G,T2,T2(Supplementary)
26,corruption,raw-complete,H7845H,T2,T2(Supplementary)
26,corruption,raw-complete,H8395,,
27,counsel,raw-complete,G1011,M15,M15(Wisdom)
27,counsel,raw-complete,G1012,M17,M17(Counsel)
27,counsel,raw-complete,G4823,T2,T2(Supplementary)
27,counsel,raw-complete,G4824,M17,M17(Counsel)
27,counsel,raw-complete,H1697G,,
27,counsel,raw-complete,H1697I,,
27,counsel,raw-complete,H3272A,,
27,counsel,raw-complete,H3272B,,
27,counsel,raw-complete,H3289,M15,M15(Wisdom)
27,counsel,raw-complete,H4156,M17,M17(Counsel)
27,counsel,raw-complete,H4427B,,
27,counsel,raw-complete,H4431,,
27,counsel,raw-complete,H5475,M17,M17(Counsel)
27,counsel,raw-complete,H5779,M15,M15(Wisdom)
27,counsel,raw-complete,H5843,,
27,counsel,raw-complete,H6098,M17,M17(Counsel)
27,counsel,raw-complete,H6310I,,
27,counsel,raw-complete,H8458,M17,M17(Counsel)
28,courage,raw-complete,G0407,,
28,courage,raw-complete,G2114,M04,M04(Joy)
28,courage,raw-complete,G2292,"M04,M23","M04(Joy),M23(Strength)"
28,courage,raw-complete,G2293,"M04,M23","M04(Joy),M23(Strength)"
28,courage,raw-complete,G2294,,
28,courage,raw-complete,G5111,M34,M34(Perseverance)
28,courage,raw-complete,G6326,,
28,courage,raw-complete,H0533,M23,M23(Strength)
28,courage,raw-complete,H0553,M23,M23(Strength)
28,courage,raw-complete,H1361,"M04,M08","M04(Joy),M08(Pride)"
28,courage,raw-complete,H1369,M23,M23(Strength)
28,courage,raw-complete,H2388G,M23,M23(Strength)
28,courage,raw-complete,H2428G,M23,M23(Strength)
28,courage,raw-complete,H5543,,
28,courage,raw-complete,H7307G,,
29,covenant,raw-complete,G1242,M44,M44(Relational)
29,covenant,raw-complete,G1303,M21,M21(Prayer)
29,covenant,raw-complete,G2787G,T2,T2(Supplementary)
29,covenant,raw-complete,G4934,,
29,covenant,raw-complete,H1285,M44,M44(Relational)
29,covenant,raw-complete,H3772H,M44,M44(Relational)
29,covenant,raw-complete,H3772J,T2,T2(Supplementary)
29,covenant,raw-complete,H6148,,
29,covenant,raw-complete,H7650,T2,T2(Supplementary)
29,covenant,raw-complete,H7802,,
29,covenant,raw-complete,H7999B,,
30,covetousness,raw-complete,G0866,M05,M05(Love)
30,covetousness,raw-complete,G1937,M18,M18(Hope)
30,covetousness,raw-complete,G1939,M28,M28(Envy)
30,covetousness,raw-complete,G2206,M19,M19(Trust)
30,covetousness,raw-complete,G3713,M18,M18(Hope)
30,covetousness,raw-complete,G4123,M28,M28(Envy)
30,covetousness,raw-complete,G4124,M28,M28(Envy)
30,covetousness,raw-complete,G5366,M28,M28(Envy)
30,covetousness,raw-complete,H0183,M28,M28(Envy)
30,covetousness,raw-complete,H1214G,,
30,covetousness,raw-complete,H1214H,,
30,covetousness,raw-complete,H1214I,M29,M29(Desire)
30,covetousness,raw-complete,H1215,,
30,covetousness,raw-complete,H2530A,M28,M28(Envy)
30,covetousness,raw-complete,H2530B,M28,M28(Envy)
157,craving,raw-complete,G0025,M05,M05(Love)
157,craving,raw-complete,G0154,,
157,craving,raw-complete,G1934,M21,M21(Prayer)
157,craving,raw-complete,G1937,M18,M18(Hope)
157,craving,raw-complete,G1938,M29,M29(Desire)
157,craving,raw-complete,G1939,M28,M28(Envy)
157,craving,raw-complete,G1971,M18,M18(Hope)
157,craving,raw-complete,G3552,M24,M24(Weakness)
157,craving,raw-complete,G3713,M18,M18(Hope)
157,craving,raw-complete,G4124,M28,M28(Envy)
157,craving,raw-complete,G7114,,
157,craving,raw-complete,G8013,,
157,craving,raw-complete,H0183,M28,M28(Envy)
157,craving,raw-complete,H0404,,
157,craving,raw-complete,H1942,M28,M28(Envy)
157,craving,raw-complete,H2637,,
157,craving,raw-complete,H7592,M21,M21(Prayer)
157,craving,raw-complete,H8378,M28,M28(Envy)
171,deadness,raw-complete,G0581,,
171,deadness,raw-complete,G0599,,
171,deadness,raw-complete,G2253,M24,M24(Weakness)
171,deadness,raw-complete,G2288,T2,T2(Supplementary)
171,deadness,raw-complete,G2289,,
171,deadness,raw-complete,G2348,T2,T2(Supplementary)
171,deadness,raw-complete,G2659,,
171,deadness,raw-complete,G2837,,
171,deadness,raw-complete,G2966,,
171,deadness,raw-complete,G3498,T2,T2(Supplementary)
171,deadness,raw-complete,G3499,M24,M24(Weakness)
171,deadness,raw-complete,G3500,,
171,deadness,raw-complete,G4430,,
171,deadness,raw-complete,G5053,,
171,deadness,raw-complete,H0330,,
171,deadness,raw-complete,H1472,,
171,deadness,raw-complete,H1478,,
171,deadness,raw-complete,H2491A,T2,T2(Supplementary)
171,deadness,raw-complete,H4191,T2,T2(Supplementary)
171,deadness,raw-complete,H4194,T2,T2(Supplementary)
171,deadness,raw-complete,H5038,,
171,deadness,raw-complete,H5315M,M47,M47(Constitution)
171,deadness,raw-complete,H6297,,
171,deadness,raw-complete,H7290,,
171,deadness,raw-complete,H7496,M27,M27(Evil)
171,deadness,raw-complete,H7901J,,
31,debauchery,raw-complete,G0766,M28,M28(Envy)
31,debauchery,raw-complete,G0810,M28,M28(Envy)
31,debauchery,raw-complete,G0811,T2,T2(Supplementary)
32,deceit,raw-complete,G0539,M14,M14(Deceit)
32,deceit,raw-complete,G1386,M14,M14(Deceit)
32,deceit,raw-complete,G1387,M14,M14(Deceit)
32,deceit,raw-complete,G1388,M14,M14(Deceit)
32,deceit,raw-complete,G1818,,
32,deceit,raw-complete,G3834,,
32,deceit,raw-complete,G4106,,
32,deceit,raw-complete,G4108,,
32,deceit,raw-complete,G5573,,
32,deceit,raw-complete,G5574,,
32,deceit,raw-complete,G5579,,
32,deceit,raw-complete,G5582,,
32,deceit,raw-complete,G6957,,
32,deceit,raw-complete,H0205G,M10,M10(Sin)
32,deceit,raw-complete,H0391,,
32,deceit,raw-complete,H0693,,
32,deceit,raw-complete,H0898,M10,M10(Sin)
32,deceit,raw-complete,H2505B,,
32,deceit,raw-complete,H2514,,
32,deceit,raw-complete,H2665,M14,M14(Deceit)
32,deceit,raw-complete,H3576,M14,M14(Deceit)
32,deceit,raw-complete,H3577,M14,M14(Deceit)
32,deceit,raw-complete,H3582,,
32,deceit,raw-complete,H3584,,
32,deceit,raw-complete,H3586,,
32,deceit,raw-complete,H3655,,
32,deceit,raw-complete,H3868,M14,M14(Deceit)
32,deceit,raw-complete,H4123,,
32,deceit,raw-complete,H4209,M14,M14(Deceit)
32,deceit,raw-complete,H4820,M14,M14(Deceit)
32,deceit,raw-complete,H4860,,
32,deceit,raw-complete,H5230,,
32,deceit,raw-complete,H5377,,
32,deceit,raw-complete,H5641,M20,M20(Doubt)
32,deceit,raw-complete,H5956,M14,M14(Deceit)
32,deceit,raw-complete,H6121A,M14,M14(Deceit)
32,deceit,raw-complete,H6280,,
32,deceit,raw-complete,H6601,,
32,deceit,raw-complete,H7423A,M14,M14(Deceit)
32,deceit,raw-complete,H7423B,M14,M14(Deceit)
32,deceit,raw-complete,H7723G,M14,M14(Deceit)
32,deceit,raw-complete,H8266,M13,M13(Truth)
32,deceit,raw-complete,H8267,M14,M14(Deceit)
32,deceit,raw-complete,H8419,M10,M10(Sin)
32,deceit,raw-complete,H8496,,
32,deceit,raw-complete,H8649B,M14,M14(Deceit)
33,defilement,raw-complete,G0234,,
33,defilement,raw-complete,G0449,,
33,defilement,raw-complete,G2839G,,
33,defilement,raw-complete,G2840,,
33,defilement,raw-complete,G3392,M12,M12(Purity)
33,defilement,raw-complete,G3393,,
33,defilement,raw-complete,G3394,M10,M10(Sin)
33,defilement,raw-complete,G3435,M10,M10(Sin)
33,defilement,raw-complete,G3436,M10,M10(Sin)
33,defilement,raw-complete,G4510,,
33,defilement,raw-complete,G4695,,
33,defilement,raw-complete,G5351,M10,M10(Sin)
33,defilement,raw-complete,G7121,,
33,defilement,raw-complete,G7170,,
33,defilement,raw-complete,G8327,,
33,defilement,raw-complete,H1351,,
33,defilement,raw-complete,H1352,,
33,defilement,raw-complete,H1602,M06,M06(Hate)
33,defilement,raw-complete,H2490H,T2,T2(Supplementary)
33,defilement,raw-complete,H2491B,T2,T2(Supplementary)
33,defilement,raw-complete,H2610,,
33,defilement,raw-complete,H2930A,M10,M10(Sin)
33,defilement,raw-complete,H2931,M10,M10(Sin)
33,defilement,raw-complete,H2932,M12,M12(Purity)
33,defilement,raw-complete,H2933,,
33,defilement,raw-complete,H2936,,
33,defilement,raw-complete,H5079,M10,M10(Sin)
33,defilement,raw-complete,H5953D,,
33,defilement,raw-complete,H6942I,M12,M12(Purity)
33,defilement,raw-complete,H8262,M27,M27(Evil)
34,delight,raw-complete,G0020,M04,M04(Joy)
34,delight,raw-complete,G0587,,
34,delight,raw-complete,G0699,,
34,delight,raw-complete,G0700,,
34,delight,raw-complete,G2100,,
34,delight,raw-complete,G2106,M04,M04(Joy)
34,delight,raw-complete,G2234,M04,M04(Joy)
34,delight,raw-complete,G4913,M04,M04(Joy)
34,delight,raw-complete,G5463,M04,M04(Joy)
34,delight,raw-complete,G5479,M04,M04(Joy)
34,delight,raw-complete,G7936,,
34,delight,raw-complete,H1523,M04,M04(Joy)
34,delight,raw-complete,H2530A,M28,M28(Envy)
34,delight,raw-complete,H2531,M04,M04(Joy)
34,delight,raw-complete,H2532A,M28,M28(Envy)
34,delight,raw-complete,H2532B,M28,M28(Envy)
34,delight,raw-complete,H2654A,M04,M04(Joy)
34,delight,raw-complete,H2654B,"FLAG,T2","FLAG(Flag),T2(Supplementary)"
34,delight,raw-complete,H2655,M04,M04(Joy)
34,delight,raw-complete,H2656,M04,M04(Joy)
34,delight,raw-complete,H2657H,T2,T2(Supplementary)
34,delight,raw-complete,H2896A,M04,M04(Joy)
34,delight,raw-complete,H3302,,
34,delight,raw-complete,H4261,M28,M28(Envy)
34,delight,raw-complete,H4263,M05,M05(Love)
34,delight,raw-complete,H4574,T2,T2(Supplementary)
34,delight,raw-complete,H4885,M04,M04(Joy)
34,delight,raw-complete,H4998,,
34,delight,raw-complete,H5000,M05,M05(Love)
34,delight,raw-complete,H5273A,M04,M04(Joy)
34,delight,raw-complete,H5276,M04,M04(Joy)
34,delight,raw-complete,H5282,M04,M04(Joy)
34,delight,raw-complete,H5414G,M12,M12(Purity)
34,delight,raw-complete,H5727,M46,M46(Abundance)
34,delight,raw-complete,H5730A,T2,T2(Supplementary)
34,delight,raw-complete,H5730B,M04,M04(Joy)
34,delight,raw-complete,H5965,M04,M04(Joy)
34,delight,raw-complete,H6026,M04,M04(Joy)
34,delight,raw-complete,H6027,M04,M04(Joy)
34,delight,raw-complete,H6149,M04,M04(Joy)
34,delight,raw-complete,H7306,,
34,delight,raw-complete,H7470,,
34,delight,raw-complete,H7521,M39,M39(Blessing)
34,delight,raw-complete,H7522,M29,M29(Desire)
34,delight,raw-complete,H7797,M04,M04(Joy)
34,delight,raw-complete,H7814,,
34,delight,raw-complete,H8055,M04,M04(Joy)
34,delight,raw-complete,H8056,M04,M04(Joy)
34,delight,raw-complete,H8057,M04,M04(Joy)
34,delight,raw-complete,H8173A,T2,T2(Supplementary)
34,delight,raw-complete,H8173B,M04,M04(Joy)
34,delight,raw-complete,H8191,M04,M04(Joy)
34,delight,raw-complete,H8231,,
34,delight,raw-complete,H8342,M04,M04(Joy)
34,delight,raw-complete,H8378,M28,M28(Envy)
34,delight,raw-complete,H8588,M04,M04(Joy)
35,desire,raw-complete,G0154,,
35,desire,raw-complete,G0701,M04,M04(Joy)
35,desire,raw-complete,G1013,M17,M17(Counsel)
35,desire,raw-complete,G1014,M15,M15(Wisdom)
35,desire,raw-complete,G1809,T2,T2(Supplementary)
35,desire,raw-complete,G1934,M21,M21(Prayer)
35,desire,raw-complete,G1937,M18,M18(Hope)
35,desire,raw-complete,G1938,M29,M29(Desire)
35,desire,raw-complete,G1939,M28,M28(Envy)
35,desire,raw-complete,G1971,M18,M18(Hope)
35,desire,raw-complete,G1972,M18,M18(Hope)
35,desire,raw-complete,G1974,M18,M18(Hope)
35,desire,raw-complete,G2065,M21,M21(Prayer)
35,desire,raw-complete,G2107,M39,M39(Blessing)
35,desire,raw-complete,G21415,,
35,desire,raw-complete,G2212,M41,M41(Remembrance)
35,desire,raw-complete,G2307,M29,M29(Desire)
35,desire,raw-complete,G2309,M29,M29(Desire)
35,desire,raw-complete,G2442,M28,M28(Envy)
35,desire,raw-complete,G2691,M28,M28(Envy)
35,desire,raw-complete,G3713,M18,M18(Hope)
35,desire,raw-complete,G3715,M28,M28(Envy)
35,desire,raw-complete,G3870,M05,M05(Love)
35,desire,raw-complete,G7410,,
35,desire,raw-complete,G7411,,
35,desire,raw-complete,H0015,T2,T2(Supplementary)
35,desire,raw-complete,H0035,M29,M29(Desire)
35,desire,raw-complete,H0157G,,
35,desire,raw-complete,H0183,M28,M28(Envy)
35,desire,raw-complete,H0185,,
35,desire,raw-complete,H0977,M37,M37(Calling)
35,desire,raw-complete,H1156,M21,M21(Prayer)
35,desire,raw-complete,H1245,M41,M41(Remembrance)
35,desire,raw-complete,H1697H,,
35,desire,raw-complete,H1942,M28,M28(Envy)
35,desire,raw-complete,H2530A,M28,M28(Envy)
35,desire,raw-complete,H2530B,M28,M28(Envy)
35,desire,raw-complete,H2531,M04,M04(Joy)
35,desire,raw-complete,H2532A,M28,M28(Envy)
35,desire,raw-complete,H2532B,M28,M28(Envy)
35,desire,raw-complete,H2550,M05,M05(Love)
35,desire,raw-complete,H2654A,M04,M04(Joy)
35,desire,raw-complete,H2655,M04,M04(Joy)
35,desire,raw-complete,H2656,M04,M04(Joy)
35,desire,raw-complete,H2836A,M28,M28(Envy)
35,desire,raw-complete,H2836B,M44,M44(Relational)
35,desire,raw-complete,H2837,M28,M28(Envy)
35,desire,raw-complete,H3700,M18,M18(Hope)
35,desire,raw-complete,H3970,M29,M29(Desire)
35,desire,raw-complete,H4180,,
35,desire,raw-complete,H4261,M28,M28(Envy)
35,desire,raw-complete,H4262,,
35,desire,raw-complete,H4862,M21,M21(Prayer)
35,desire,raw-complete,H5315L,M47,M47(Constitution)
35,desire,raw-complete,H5375O,M19,M19(Trust)
35,desire,raw-complete,H5690,M28,M28(Envy)
35,desire,raw-complete,H6634,M29,M29(Desire)
35,desire,raw-complete,H7522,M29,M29(Desire)
35,desire,raw-complete,H7592,M21,M21(Prayer)
35,desire,raw-complete,H7602A,M18,M18(Hope)
35,desire,raw-complete,H8378,M28,M28(Envy)
35,desire,raw-complete,H8669,M28,M28(Envy)
36,despair,raw-complete,G0560,M18,M18(Hope)
36,despair,raw-complete,G1820,M20,M20(Doubt)
36,despair,raw-complete,H0605,M24,M24(Weakness)
36,despair,raw-complete,H0954,M07,M07(Shame)
36,despair,raw-complete,H1671,M03,M03(Grief)
36,despair,raw-complete,H2976,M20,M20(Doubt)
36,despair,raw-complete,H3372G,M01,M01(Fear)
36,despair,raw-complete,H3544,,
36,despair,raw-complete,H3856,,
36,despair,raw-complete,H4127,,
36,despair,raw-complete,H4523,,
36,despair,raw-complete,H4531A,,
36,despair,raw-complete,H4549,T2,T2(Supplementary)
36,despair,raw-complete,H4816,,
36,despair,raw-complete,H5136,M24,M24(Weakness)
36,despair,raw-complete,H6323,,
36,despair,raw-complete,H7817,,
36,despair,raw-complete,H8077A,M27,M27(Evil)
36,despair,raw-complete,H8078,,
182,devious,raw-complete,G3835,,
182,devious,raw-complete,H2505B,,
182,devious,raw-complete,H3868,M14,M14(Deceit)
182,devious,raw-complete,H3891,M10,M10(Sin)
182,devious,raw-complete,H4209,M14,M14(Deceit)
37,devotion,raw-complete,G0472,,
37,devotion,raw-complete,G1872,,
37,devotion,raw-complete,G2138,,
37,devotion,raw-complete,G2145,,
37,devotion,raw-complete,G4043,,
37,devotion,raw-complete,G4291,,
37,devotion,raw-complete,G4337,,
37,devotion,raw-complete,G4342,,
37,devotion,raw-complete,G4574,,
37,devotion,raw-complete,G4980,,
37,devotion,raw-complete,G5021,T2,T2(Supplementary)
37,devotion,raw-complete,G5387,M05,M05(Love)
37,devotion,raw-complete,H1692,,
37,devotion,raw-complete,H2388K,M34,M34(Perseverance)
37,devotion,raw-complete,H2617A,M05,M05(Love)
37,devotion,raw-complete,H2763A,,
37,devotion,raw-complete,H2763B,,
37,devotion,raw-complete,H2764A,,
37,devotion,raw-complete,H2764B,,
37,devotion,raw-complete,H4376,,
37,devotion,raw-complete,H5144A,M12,M12(Purity)
37,devotion,raw-complete,H5414H,,
37,devotion,raw-complete,H5674C,,
37,devotion,raw-complete,H5737A,,
37,devotion,raw-complete,H7521,M39,M39(Blessing)
37,devotion,raw-complete,H8003,,
37,devotion,raw-complete,H8104I,M30,M30(Obedience)
38,dignity,raw-complete,G1391,M22,M22(Praise)
38,dignity,raw-complete,G4586,M34,M34(Perseverance)
38,dignity,raw-complete,G4587,M09,M09(Humility)
38,dignity,raw-complete,G8117,,
38,dignity,raw-complete,H1363,M08,M08(Pride)
38,dignity,raw-complete,H1420,M22,M22(Praise)
38,dignity,raw-complete,H1926,M22,M22(Praise)
38,dignity,raw-complete,H3367,,
38,dignity,raw-complete,H3519,M22,M22(Praise)
38,dignity,raw-complete,H4791,M08,M08(Pride)
38,dignity,raw-complete,H5082,M22,M22(Praise)
38,dignity,raw-complete,H7613,,
39,discernment,raw-complete,G0144,M43,M43(Prophecy)
39,discernment,raw-complete,G0145,M15,M15(Wisdom)
39,discernment,raw-complete,G0350,,
39,discernment,raw-complete,G1252,M15,M15(Wisdom)
39,discernment,raw-complete,G1253,M43,M43(Prophecy)
39,discernment,raw-complete,G1260,M15,M15(Wisdom)
39,discernment,raw-complete,G1381,M35,M35(Testing)
39,discernment,raw-complete,G2924,,
39,discernment,raw-complete,G4907,M15,M15(Wisdom)
39,discernment,raw-complete,G4908,M15,M15(Wisdom)
39,discernment,raw-complete,H0995,M15,M15(Wisdom)
39,discernment,raw-complete,H0998,M15,M15(Wisdom)
39,discernment,raw-complete,H0999,M15,M15(Wisdom)
39,discernment,raw-complete,H2095,,
39,discernment,raw-complete,H2940,T2,T2(Supplementary)
39,discernment,raw-complete,H2942,T2,T2(Supplementary)
39,discernment,raw-complete,H3045,M15,M15(Wisdom)
39,discernment,raw-complete,H3046,,
39,discernment,raw-complete,H4209,M14,M14(Deceit)
39,discernment,raw-complete,H5234A,,
39,discernment,raw-complete,H6175,M15,M15(Wisdom)
39,discernment,raw-complete,H7200G,T2,T2(Supplementary)
39,discernment,raw-complete,H7922,M15,M15(Wisdom)
39,discernment,raw-complete,H8085G,M41,M41(Remembrance)
39,discernment,raw-complete,H8085K,M41,M41(Remembrance)
39,discernment,raw-complete,H8394,M15,M15(Wisdom)
40,disobedience,raw-complete,G0506,,
40,disobedience,raw-complete,G0543,M30,M30(Obedience)
40,disobedience,raw-complete,G0544,M30,M30(Obedience)
40,disobedience,raw-complete,G0545,,
40,disobedience,raw-complete,G3876,M30,M30(Obedience)
40,disobedience,raw-complete,H4784,M30,M30(Obedience)
41,distress,raw-complete,G0085,M01,M01(Fear)
41,distress,raw-complete,G0318,M01,M01(Fear)
41,distress,raw-complete,G1568,M01,M01(Fear)
41,distress,raw-complete,G2346,M03,M03(Grief)
41,distress,raw-complete,G2347,"M01,M24","M01(Fear),M24(Weakness)"
41,distress,raw-complete,G2669,M24,M24(Weakness)
41,distress,raw-complete,G3076,M03,M03(Grief)
41,distress,raw-complete,G3600,M03,M03(Grief)
41,distress,raw-complete,G4660,M03,M03(Grief)
41,distress,raw-complete,G4729,M03,M03(Grief)
41,distress,raw-complete,G4730,"M01,M24","M01(Fear),M24(Weakness)"
41,distress,raw-complete,G4912,M23,M23(Strength)
41,distress,raw-complete,G4928,M03,M03(Grief)
41,distress,raw-complete,G8214,,
41,distress,raw-complete,H0205H,M10,M10(Sin)
41,distress,raw-complete,H0888,M02,M02(Anger)
41,distress,raw-complete,H0926,M01,M01(Fear)
41,distress,raw-complete,H2201,M42,M42(Speech)
41,distress,raw-complete,H2342A,,
41,distress,raw-complete,H2734,M02,M02(Anger)
41,distress,raw-complete,H3334,T2,T2(Supplementary)
41,distress,raw-complete,H3510,M03,M03(Grief)
41,distress,raw-complete,H3511,M03,M03(Grief)
41,distress,raw-complete,H3735,M01,M01(Fear)
41,distress,raw-complete,H4157,M03,M03(Grief)
41,distress,raw-complete,H4164,"M01,M24","M01(Fear),M24(Weakness)"
41,distress,raw-complete,H4689,M03,M03(Grief)
41,distress,raw-complete,H4691,M03,M03(Grief)
41,distress,raw-complete,H4712,"M01,M24","M01(Fear),M24(Weakness)"
41,distress,raw-complete,H4751,"M03,T2","M03(Grief),T2(Supplementary)"
41,distress,raw-complete,H5065,M24,M24(Weakness)
41,distress,raw-complete,H6087A,M24,M24(Weakness)
41,distress,raw-complete,H6365,M03,M03(Grief)
41,distress,raw-complete,H6682,M42,M42(Speech)
41,distress,raw-complete,H6693,"FLAG,T2","FLAG(Flag),T2(Supplementary)"
41,distress,raw-complete,H6695A,M03,M03(Grief)
41,distress,raw-complete,H6695B,M03,M03(Grief)
41,distress,raw-complete,H6696A,M23,M23(Strength)
41,distress,raw-complete,H6696B,,
41,distress,raw-complete,H6862A,T2,T2(Supplementary)
41,distress,raw-complete,H6862B,M03,M03(Grief)
41,distress,raw-complete,H6862C,M44,M44(Relational)
41,distress,raw-complete,H6862D,M23,M23(Strength)
41,distress,raw-complete,H6869A,M24,M24(Weakness)
41,distress,raw-complete,H6869B,M03,M03(Grief)
41,distress,raw-complete,H6869C,"M02,M24","M02(Anger),M24(Weakness)"
41,distress,raw-complete,H6887B,"FLAG,T2","FLAG(Flag),T2(Supplementary)"
41,distress,raw-complete,H6887C,M24,M24(Weakness)
41,distress,raw-complete,H6887D,"FLAG,T2","FLAG(Flag),T2(Supplementary)"
41,distress,raw-complete,H6887E,"M06,M28","M06(Hate),M28(Envy)"
41,distress,raw-complete,H6973,M06,M06(Hate)
41,distress,raw-complete,H7185,"FLAG,T2","FLAG(Flag),T2(Supplementary)"
41,distress,raw-complete,H7379,M02,M02(Anger)
41,distress,raw-complete,H7451A,M27,M27(Evil)
41,distress,raw-complete,H7451C,M03,M03(Grief)
41,distress,raw-complete,H7451I,"M03,M27","M03(Grief),M27(Evil)"
41,distress,raw-complete,H7489A,M27,M27(Evil)
41,distress,raw-complete,H7878,M15,M15(Wisdom)
42,division,raw-complete,G0139,T2,T2(Supplementary)
42,division,raw-complete,G0141,T2,T2(Supplementary)
42,division,raw-complete,G0592,,
42,division,raw-complete,G1267,T2,T2(Supplementary)
42,division,raw-complete,G1370,,
42,division,raw-complete,G2183,T2,T2(Supplementary)
42,division,raw-complete,G3311,T2,T2(Supplementary)
42,division,raw-complete,G4978,T2,T2(Supplementary)
42,division,raw-complete,G5010,,
42,division,raw-complete,H0505H,,
42,division,raw-complete,H1416,,
42,division,raw-complete,H2506A,"FLAG,T2","FLAG(Flag),T2(Supplementary)"
42,division,raw-complete,H2515,T2,T2(Supplementary)
42,division,raw-complete,H4255,,
42,division,raw-complete,H4256,T2,T2(Supplementary)
42,division,raw-complete,H4653,,
42,division,raw-complete,H4929,,
42,division,raw-complete,H4931,,
42,division,raw-complete,H5587A,T2,T2(Supplementary)
42,division,raw-complete,H6304,T2,T2(Supplementary)
42,division,raw-complete,H6390,,
42,division,raw-complete,H6391,,
42,division,raw-complete,H6392,,
42,division,raw-complete,H6635A,T2,T2(Supplementary)
42,division,raw-complete,H7218K,,
162,dominion,raw-complete,G0746,M17,M17(Counsel)
162,dominion,raw-complete,G0932,M23,M23(Strength)
162,dominion,raw-complete,G1849,M23,M23(Strength)
162,dominion,raw-complete,G2634,M23,M23(Strength)
162,dominion,raw-complete,G2904,M23,M23(Strength)
162,dominion,raw-complete,G2961,M23,M23(Strength)
162,dominion,raw-complete,G2963,M23,M23(Strength)
162,dominion,raw-complete,H1166H,T2,T2(Supplementary)
162,dominion,raw-complete,H2508,T2,T2(Supplementary)
162,dominion,raw-complete,H3027H,T2,T2(Supplementary)
162,dominion,raw-complete,H3027W,"M23,T2","M23(Strength),T2(Supplementary)"
162,dominion,raw-complete,H4410,,
162,dominion,raw-complete,H4438,,
162,dominion,raw-complete,H4467,,
162,dominion,raw-complete,H4474,M23,M23(Strength)
162,dominion,raw-complete,H4475,M23,M23(Strength)
162,dominion,raw-complete,H4896,M23,M23(Strength)
162,dominion,raw-complete,H4910,M23,M23(Strength)
162,dominion,raw-complete,H4915A,,
162,dominion,raw-complete,H4915B,M23,M23(Strength)
162,dominion,raw-complete,H4951,M23,M23(Strength)
162,dominion,raw-complete,H7287A,M23,M23(Strength)
162,dominion,raw-complete,H7287B,,
162,dominion,raw-complete,H7300,T2,T2(Supplementary)
162,dominion,raw-complete,H7980,M23,M23(Strength)
162,dominion,raw-complete,H7985,M23,M23(Strength)
155,doubt,raw-complete,G0571,M31,M31(Faith)
155,doubt,raw-complete,G0639,M20,M20(Doubt)
155,doubt,raw-complete,G1252,M15,M15(Wisdom)
155,doubt,raw-complete,G1261,M15,M15(Wisdom)
155,doubt,raw-complete,G1280,M20,M20(Doubt)
155,doubt,raw-complete,G1365,M20,M20(Doubt)
155,doubt,raw-complete,G3349,,
155,doubt,raw-complete,G3843,T2,T2(Supplementary)
155,doubt,raw-complete,H4102,,
155,doubt,raw-complete,H7001,,
43,dread,raw-complete,G5015,,
43,dread,raw-complete,H0366,M01,M01(Fear)
43,dread,raw-complete,H0367,M01,M01(Fear)
43,dread,raw-complete,H0574,,
43,dread,raw-complete,H0927,M01,M01(Fear)
43,dread,raw-complete,H1091,M01,M01(Fear)
43,dread,raw-complete,H1161,M01,M01(Fear)
43,dread,raw-complete,H1481C,M01,M01(Fear)
43,dread,raw-complete,H1672,M20,M20(Doubt)
43,dread,raw-complete,H1763,M01,M01(Fear)
43,dread,raw-complete,H2111,,
43,dread,raw-complete,H2727,,
43,dread,raw-complete,H2844A,M01,M01(Fear)
43,dread,raw-complete,H3016,M01,M01(Fear)
43,dread,raw-complete,H3025,M01,M01(Fear)
43,dread,raw-complete,H3372G,M01,M01(Fear)
43,dread,raw-complete,H3372H,M01,M01(Fear)
43,dread,raw-complete,H3374,M01,M01(Fear)
43,dread,raw-complete,H4034,M01,M01(Fear)
43,dread,raw-complete,H4131,,
43,dread,raw-complete,H4172A,M01,M01(Fear)
43,dread,raw-complete,H6178,M01,M01(Fear)
43,dread,raw-complete,H6206,M01,M01(Fear)
43,dread,raw-complete,H6342,M01,M01(Fear)
43,dread,raw-complete,H6343,M01,M01(Fear)
43,dread,raw-complete,H6345,M01,M01(Fear)
43,dread,raw-complete,H6381,M04,M04(Joy)
43,dread,raw-complete,H6426,M01,M01(Fear)
43,dread,raw-complete,H6973,M06,M06(Hate)
43,dread,raw-complete,H7322,,
43,dread,raw-complete,H7460,M01,M01(Fear)
43,dread,raw-complete,H7494,,
43,dread,raw-complete,H7578,M01,M01(Fear)
43,dread,raw-complete,H8078,,
43,dread,raw-complete,H8175A,M01,M01(Fear)
43,dread,raw-complete,H8175B,,
43,dread,raw-complete,H8175C,,
43,dread,raw-complete,H8178,,
44,endurance,raw-complete,G0420,M05,M05(Love)
44,endurance,raw-complete,G0430,M35,M35(Testing)
44,endurance,raw-complete,G0941,,
44,endurance,raw-complete,G1476,,
44,endurance,raw-complete,G1526,,
44,endurance,raw-complete,G2553,M34,M34(Perseverance)
44,endurance,raw-complete,G2594,,
44,endurance,raw-complete,G3114,M34,M34(Perseverance)
44,endurance,raw-complete,G3115,M33,M33(Peace)
44,endurance,raw-complete,G3306,,
44,endurance,raw-complete,G3958,M24,M24(Weakness)
44,endurance,raw-complete,G3984,M35,M35(Testing)
44,endurance,raw-complete,G4343,,
44,endurance,raw-complete,G4722,,
44,endurance,raw-complete,G4778,,
44,endurance,raw-complete,G5159,,
44,endurance,raw-complete,G5278,M34,M34(Perseverance)
44,endurance,raw-complete,G5281,M34,M34(Perseverance)
44,endurance,raw-complete,G5297,,
44,endurance,raw-complete,G5342,M23,M23(Strength)
44,endurance,raw-complete,H0386,M23,M23(Strength)
44,endurance,raw-complete,H0539,M13,M13(Truth)
44,endurance,raw-complete,H0748,M25,M25(Life)
44,endurance,raw-complete,H1961,,
44,endurance,raw-complete,H2342B,,
44,endurance,raw-complete,H3201,M23,M23(Strength)
44,endurance,raw-complete,H3427,T2,T2(Supplementary)
44,endurance,raw-complete,H3557,,
44,endurance,raw-complete,H3559H,,
44,endurance,raw-complete,H3885A,,
44,endurance,raw-complete,H5375H,,
44,endurance,raw-complete,H5375J,,
44,endurance,raw-complete,H5375P,,
44,endurance,raw-complete,H5769G,T2,T2(Supplementary)
44,endurance,raw-complete,H5769H,T2,T2(Supplementary)
44,endurance,raw-complete,H5769I,,
44,endurance,raw-complete,H5769J,,
44,endurance,raw-complete,H5975G,,
44,endurance,raw-complete,H6031B,M24,M24(Weakness)
44,endurance,raw-complete,H6276,,
44,endurance,raw-complete,H6965B,,
44,endurance,raw-complete,H6965I,,
44,endurance,raw-complete,H6966I,,
44,endurance,raw-complete,H7011,,
44,endurance,raw-complete,H7114A,T2,T2(Supplementary)
44,endurance,raw-complete,H7323,,
44,endurance,raw-complete,H7646,M46,M46(Abundance)
45,envy,raw-complete,G2205,M21,M21(Prayer)
45,envy,raw-complete,G2206,M19,M19(Trust)
45,envy,raw-complete,G3788,T2,T2(Supplementary)
45,envy,raw-complete,G5354,M28,M28(Envy)
45,envy,raw-complete,G5355,M28,M28(Envy)
45,envy,raw-complete,G6041,M28,M28(Envy)
45,envy,raw-complete,H6424,,
45,envy,raw-complete,H7065,M02,M02(Anger)
45,envy,raw-complete,H7068,M02,M02(Anger)
45,envy,raw-complete,H7520,"M06,M28","M06(Hate),M28(Envy)"
46,evil,raw-complete,G0093,M10,M10(Sin)
46,evil,raw-complete,G0824,M10,M10(Sin)
46,evil,raw-complete,G0983,,
46,evil,raw-complete,G1426,M14,M14(Deceit)
46,evil,raw-complete,G2549,M10,M10(Sin)
46,evil,raw-complete,G2551,M07,M07(Shame)
46,evil,raw-complete,G2554,M27,M27(Evil)
46,evil,raw-complete,G2555,M10,M10(Sin)
46,evil,raw-complete,G2556G,,
46,evil,raw-complete,G2556H,,
46,evil,raw-complete,G2557,,
46,evil,raw-complete,G2559,M24,M24(Weakness)
46,evil,raw-complete,G2560,T2,T2(Supplementary)
46,evil,raw-complete,G2636,M14,M14(Deceit)
46,evil,raw-complete,G4189,M10,M10(Sin)
46,evil,raw-complete,G4190,M10,M10(Sin)
46,evil,raw-complete,G4191,M27,M27(Evil)
46,evil,raw-complete,G5337,M10,M10(Sin)
46,evil,raw-complete,G7771,,
46,evil,raw-complete,G7772,,
46,evil,raw-complete,G7773,,
46,evil,raw-complete,G7774,M27,M27(Evil)
46,evil,raw-complete,H0192,,
46,evil,raw-complete,H0205G,M10,M10(Sin)
46,evil,raw-complete,H0205H,M10,M10(Sin)
46,evil,raw-complete,H0873,,
46,evil,raw-complete,H1100H,,
46,evil,raw-complete,H1942,M28,M28(Envy)
46,evil,raw-complete,H2154,M27,M27(Evil)
46,evil,raw-complete,H2161,M15,M15(Wisdom)
46,evil,raw-complete,H3415,,
46,evil,raw-complete,H4209,M14,M14(Deceit)
46,evil,raw-complete,H4827,,
46,evil,raw-complete,H7451A,M27,M27(Evil)
46,evil,raw-complete,H7451B,,
46,evil,raw-complete,H7451C,M03,M03(Grief)
46,evil,raw-complete,H7451H,,
46,evil,raw-complete,H7451I,"M03,M27","M03(Grief),M27(Evil)"
46,evil,raw-complete,H7455,M10,M10(Sin)
46,evil,raw-complete,H7489A,M27,M27(Evil)
46,evil,raw-complete,H7489B,,
46,evil,raw-complete,H7562,M10,M10(Sin)
46,evil,raw-complete,H7563,M10,M10(Sin)
46,evil,raw-complete,H7854,,
47,experience,raw-complete,G1382,M35,M35(Testing)
47,experience,raw-complete,G2334,,
47,experience,raw-complete,G3958,M24,M24(Weakness)
47,experience,raw-complete,G3984,M35,M35(Testing)
47,experience,raw-complete,H7200G,T2,T2(Supplementary)
47,experience,raw-complete,H7200H,,
48,faith,raw-complete,G0569,M31,M31(Faith)
48,faith,raw-complete,G0570,M31,M31(Faith)
48,faith,raw-complete,G1680,M18,M18(Hope)
48,faith,raw-complete,G3640,M31,M31(Faith)
48,faith,raw-complete,G4100,M31,M31(Faith)
48,faith,raw-complete,G4102G,M31,M31(Faith)
48,faith,raw-complete,G4102H,M31,M31(Faith)
48,faith,raw-complete,G4103,M13,M13(Truth)
48,faith,raw-complete,G6066,M31,M31(Faith)
48,faith,raw-complete,H0529,M13,M13(Truth)
48,faith,raw-complete,H0530,M13,M13(Truth)
48,faith,raw-complete,H0539,M13,M13(Truth)
48,faith,raw-complete,H0540,M19,M19(Trust)
48,faith,raw-complete,H0544,M13,M13(Truth)
48,faith,raw-complete,H0571G,M13,M13(Truth)
48,faith,raw-complete,H0571H,M13,M13(Truth)
48,faith,raw-complete,H0571I,M13,M13(Truth)
48,faith,raw-complete,H0898,M10,M10(Sin)
48,faith,raw-complete,H2616A,M05,M05(Love)
48,faith,raw-complete,H2617A,M05,M05(Love)
48,faith,raw-complete,H2623,M05,M05(Love)
48,faith,raw-complete,H3559K,,
48,faith,raw-complete,H4395,,
48,faith,raw-complete,H4603,M10,M10(Sin)
48,faith,raw-complete,H4604,M10,M10(Sin)
49,faithfulness,raw-complete,G0569,M31,M31(Faith)
49,faithfulness,raw-complete,G0570,M31,M31(Faith)
49,faithfulness,raw-complete,G1680,M18,M18(Hope)
49,faithfulness,raw-complete,G3640,M31,M31(Faith)
49,faithfulness,raw-complete,G4100,M31,M31(Faith)
49,faithfulness,raw-complete,G4102G,M31,M31(Faith)
49,faithfulness,raw-complete,G4102H,M31,M31(Faith)
49,faithfulness,raw-complete,G4103,M13,M13(Truth)
49,faithfulness,raw-complete,G6066,M31,M31(Faith)
49,faithfulness,raw-complete,H0529,M13,M13(Truth)
49,faithfulness,raw-complete,H0530,M13,M13(Truth)
49,faithfulness,raw-complete,H0539,M13,M13(Truth)
49,faithfulness,raw-complete,H0540,M19,M19(Trust)
49,faithfulness,raw-complete,H0544,M13,M13(Truth)
49,faithfulness,raw-complete,H0571G,M13,M13(Truth)
49,faithfulness,raw-complete,H0571H,M13,M13(Truth)
49,faithfulness,raw-complete,H0571I,M13,M13(Truth)
49,faithfulness,raw-complete,H0898,M10,M10(Sin)
49,faithfulness,raw-complete,H2616A,M05,M05(Love)
49,faithfulness,raw-complete,H2617A,M05,M05(Love)
49,faithfulness,raw-complete,H2623,M05,M05(Love)
49,faithfulness,raw-complete,H3559K,,
49,faithfulness,raw-complete,H4395,,
49,faithfulness,raw-complete,H4603,M10,M10(Sin)
49,faithfulness,raw-complete,H4604,M10,M10(Sin)
50,fear,raw-complete,G0870,T2,T2(Supplementary)
50,fear,raw-complete,G1167,M01,M01(Fear)
50,fear,raw-complete,G1168,M01,M01(Fear)
50,fear,raw-complete,G1169,M01,M01(Fear)
50,fear,raw-complete,G1630,M01,M01(Fear)
50,fear,raw-complete,G1719,M01,M01(Fear)
50,fear,raw-complete,G1790,M01,M01(Fear)
50,fear,raw-complete,G2124,M21,M21(Prayer)
50,fear,raw-complete,G2125,M21,M21(Prayer)
50,fear,raw-complete,G2126,M31,M31(Faith)
50,fear,raw-complete,G2316,,
50,fear,raw-complete,G2318,M21,M21(Prayer)
50,fear,raw-complete,G2360,,
50,fear,raw-complete,G4423,M01,M01(Fear)
50,fear,raw-complete,G4576,M21,M21(Prayer)
50,fear,raw-complete,G5156,M01,M01(Fear)
50,fear,raw-complete,G5398,M01,M01(Fear)
50,fear,raw-complete,G5399,M01,M01(Fear)
50,fear,raw-complete,G5400,"M01,T2","M01(Fear),T2(Supplementary)"
50,fear,raw-complete,G5401,M01,M01(Fear)
50,fear,raw-complete,G6015,M01,M01(Fear)
50,fear,raw-complete,G7949,M01,M01(Fear)
50,fear,raw-complete,H0367,M01,M01(Fear)
50,fear,raw-complete,H1272,,
50,fear,raw-complete,H1481C,M01,M01(Fear)
50,fear,raw-complete,H1672,M20,M20(Doubt)
50,fear,raw-complete,H1674,M01,M01(Fear)
50,fear,raw-complete,H1763,M01,M01(Fear)
50,fear,raw-complete,H2119B,,
50,fear,raw-complete,H2342A,,
50,fear,raw-complete,H2729,M01,M01(Fear)
50,fear,raw-complete,H2730,M01,M01(Fear)
50,fear,raw-complete,H2731,M01,M01(Fear)
50,fear,raw-complete,H2844A,M01,M01(Fear)
50,fear,raw-complete,H3016,M01,M01(Fear)
50,fear,raw-complete,H3025,M01,M01(Fear)
50,fear,raw-complete,H3372G,M01,M01(Fear)
50,fear,raw-complete,H3372H,M01,M01(Fear)
50,fear,raw-complete,H3373,M01,M01(Fear)
50,fear,raw-complete,H3374,M01,M01(Fear)
50,fear,raw-complete,H3512A,M20,M20(Doubt)
50,fear,raw-complete,H4032,M01,M01(Fear)
50,fear,raw-complete,H4034,M01,M01(Fear)
50,fear,raw-complete,H4035,M01,M01(Fear)
50,fear,raw-complete,H4116A,,
50,fear,raw-complete,H4172A,M01,M01(Fear)
50,fear,raw-complete,H4172B,M01,M01(Fear)
50,fear,raw-complete,H4177,T2,T2(Supplementary)
50,fear,raw-complete,H4549,T2,T2(Supplementary)
50,fear,raw-complete,H6206,M01,M01(Fear)
50,fear,raw-complete,H6342,M01,M01(Fear)
50,fear,raw-complete,H6343,M01,M01(Fear)
50,fear,raw-complete,H6345,M01,M01(Fear)
50,fear,raw-complete,H6427,M01,M01(Fear)
50,fear,raw-complete,H6973,M06,M06(Hate)
50,fear,raw-complete,H7200L,,
50,fear,raw-complete,H7267,,
50,fear,raw-complete,H7297,M01,M01(Fear)
50,fear,raw-complete,H7374,M01,M01(Fear)
50,fear,raw-complete,H7461B,M01,M01(Fear)
50,fear,raw-complete,H8175C,,
50,fear,raw-complete,H8539,M01,M01(Fear)
51,fellowship,raw-complete,G2842,M05,M05(Love)
51,fellowship,raw-complete,G2844,M05,M05(Love)
51,fellowship,raw-complete,G3352,,
51,fellowship,raw-complete,G4790,,
51,fellowship,raw-complete,H2266,T2,T2(Supplementary)
51,fellowship,raw-complete,H3867,,
51,fellowship,raw-complete,H5475,M17,M17(Counsel)
51,fellowship,raw-complete,H7931,,
51,fellowship,raw-complete,H8667,,
150,flesh,raw-complete,G0766,M28,M28(Envy)
150,flesh,raw-complete,G1939,M28,M28(Envy)
150,flesh,raw-complete,G2699,M07,M07(Shame)
150,flesh,raw-complete,G2907,T2,T2(Supplementary)
150,flesh,raw-complete,G4559,M28,M28(Envy)
150,flesh,raw-complete,G4561,M47,M47(Constitution)
150,flesh,raw-complete,G7143,M47,M47(Constitution)
150,flesh,raw-complete,G7681,M47,M47(Constitution)
150,flesh,raw-complete,H1320,M47,M47(Constitution)
150,flesh,raw-complete,H1321,M47,M47(Constitution)
150,flesh,raw-complete,H3318G,T2,T2(Supplementary)
150,flesh,raw-complete,H3894,T2,T2(Supplementary)
150,flesh,raw-complete,H4578,T2,T2(Supplementary)
150,flesh,raw-complete,H6371,T2,T2(Supplementary)
150,flesh,raw-complete,H7607,M47,M47(Constitution)
150,flesh,raw-complete,H8270,T2,T2(Supplementary)
52,foolishness,raw-complete,G0453,,
52,foolishness,raw-complete,G0454,,
52,foolishness,raw-complete,G0801,M15,M15(Wisdom)
52,foolishness,raw-complete,G0877,M16,M16(Folly)
52,foolishness,raw-complete,G0878,M16,M16(Folly)
52,foolishness,raw-complete,G2756,,
52,foolishness,raw-complete,G3471,M16,M16(Folly)
52,foolishness,raw-complete,G3472,M16,M16(Folly)
52,foolishness,raw-complete,G3473,,
52,foolishness,raw-complete,G3474,M16,M16(Folly)
52,foolishness,raw-complete,G4654,T2,T2(Supplementary)
52,foolishness,raw-complete,G4656,T2,T2(Supplementary)
52,foolishness,raw-complete,H0191,M16,M16(Folly)
52,foolishness,raw-complete,H0196,M16,M16(Folly)
52,foolishness,raw-complete,H0200,M16,M16(Folly)
52,foolishness,raw-complete,H0981,,
52,foolishness,raw-complete,H1198,M16,M16(Folly)
52,foolishness,raw-complete,H1892,,
52,foolishness,raw-complete,H1984C,M16,M16(Folly)
52,foolishness,raw-complete,H1984I,"M08,M16","M08(Pride),M16(Folly)"
52,foolishness,raw-complete,H2821,,
52,foolishness,raw-complete,H2973,M16,M16(Folly)
52,foolishness,raw-complete,H3684,M16,M16(Folly)
52,foolishness,raw-complete,H3687,,
52,foolishness,raw-complete,H3688,M16,M16(Folly)
52,foolishness,raw-complete,H3689,,
52,foolishness,raw-complete,H3690,M19,M19(Trust)
52,foolishness,raw-complete,H5034A,,
52,foolishness,raw-complete,H5036,M16,M16(Folly)
52,foolishness,raw-complete,H5528,,
52,foolishness,raw-complete,H5529,M16,M16(Folly)
52,foolishness,raw-complete,H5530,M16,M16(Folly)
52,foolishness,raw-complete,H5531A,M16,M16(Folly)
52,foolishness,raw-complete,H5531B,M16,M16(Folly)
52,foolishness,raw-complete,H6004,T2,T2(Supplementary)
52,foolishness,raw-complete,H6612A,M16,M16(Folly)
52,foolishness,raw-complete,H8604,,
53,forgiveness,raw-complete,G0630G,,
53,forgiveness,raw-complete,G0859,M11,M11(Repentance)
53,forgiveness,raw-complete,G0863G,M11,M11(Repentance)
53,forgiveness,raw-complete,G0863H,M11,M11(Repentance)
53,forgiveness,raw-complete,G0863I,M11,M11(Repentance)
53,forgiveness,raw-complete,G2436,M38,M38(Salvation)
53,forgiveness,raw-complete,G5483,M39,M39(Blessing)
53,forgiveness,raw-complete,H3680,,
53,forgiveness,raw-complete,H3722A,M11,M11(Repentance)
53,forgiveness,raw-complete,H5375I,,
53,forgiveness,raw-complete,H5545,M11,M11(Repentance)
53,forgiveness,raw-complete,H5546,M11,M11(Repentance)
53,forgiveness,raw-complete,H5547,M11,M11(Repentance)
53,forgiveness,raw-complete,H8058,,
54,generosity,raw-complete,G0018,M05,M05(Love)
54,generosity,raw-complete,G0572,M05,M05(Love)
54,generosity,raw-complete,H3051,,
55,gentleness,raw-complete,G1932,M05,M05(Love)
55,gentleness,raw-complete,G1933,M05,M05(Love)
55,gentleness,raw-complete,G2261,,
55,gentleness,raw-complete,G3356,M09,M09(Humility)
55,gentleness,raw-complete,G4235,,
55,gentleness,raw-complete,G4236,M05,M05(Love)
55,gentleness,raw-complete,G4239,M05,M05(Love)
55,gentleness,raw-complete,G4240,M05,M05(Love)
55,gentleness,raw-complete,G5544,M05,M05(Love)
55,gentleness,raw-complete,G6073,,
55,gentleness,raw-complete,G8878,M09,M09(Humility)
55,gentleness,raw-complete,H1851,,
55,gentleness,raw-complete,H4832,,
55,gentleness,raw-complete,H6031B,M24,M24(Weakness)
55,gentleness,raw-complete,H6037,M05,M05(Love)
55,gentleness,raw-complete,H6038,M05,M05(Love)
55,gentleness,raw-complete,H7390,,
55,gentleness,raw-complete,H7391,,
151,gladness,raw-complete,G0020,M04,M04(Joy)
151,gladness,raw-complete,G0021,M04,M04(Joy)
151,gladness,raw-complete,G2165,M22,M22(Praise)
151,gladness,raw-complete,G2167,M04,M04(Joy)
151,gladness,raw-complete,G2174,M04,M04(Joy)
151,gladness,raw-complete,G2431,,
151,gladness,raw-complete,G5463,M04,M04(Joy)
151,gladness,raw-complete,G5479,M04,M04(Joy)
151,gladness,raw-complete,H1523,M04,M04(Joy)
151,gladness,raw-complete,H1524A,M04,M04(Joy)
151,gladness,raw-complete,H2302,M04,M04(Joy)
151,gladness,raw-complete,H2304,M04,M04(Joy)
151,gladness,raw-complete,H2868,M04,M04(Joy)
151,gladness,raw-complete,H2896A,M04,M04(Joy)
151,gladness,raw-complete,H2896C,,
151,gladness,raw-complete,H2898,T2,T2(Supplementary)
151,gladness,raw-complete,H3190,M39,M39(Blessing)
151,gladness,raw-complete,H4885,M04,M04(Joy)
151,gladness,raw-complete,H7440,M42,M42(Speech)
151,gladness,raw-complete,H7797,M04,M04(Joy)
151,gladness,raw-complete,H8055,M04,M04(Joy)
151,gladness,raw-complete,H8056,M04,M04(Joy)
151,gladness,raw-complete,H8057,M04,M04(Joy)
151,gladness,raw-complete,H8342,M04,M04(Joy)
56,goodness,raw-complete,G0014,M05,M05(Love)
56,goodness,raw-complete,G0015,M05,M05(Love)
56,goodness,raw-complete,G0016,M05,M05(Love)
56,goodness,raw-complete,G0017,M05,M05(Love)
56,goodness,raw-complete,G0018,M05,M05(Love)
56,goodness,raw-complete,G0019,"M39,M46","M39(Blessing),M46(Abundance)"
56,goodness,raw-complete,G0865,M06,M06(Hate)
56,goodness,raw-complete,G0979,,
56,goodness,raw-complete,G2097,,
56,goodness,raw-complete,G2108,,
56,goodness,raw-complete,G2109,,
56,goodness,raw-complete,G2140,,
56,goodness,raw-complete,G2162,M22,M22(Praise)
56,goodness,raw-complete,G2566,,
56,goodness,raw-complete,G2567,,
56,goodness,raw-complete,G2569,,
56,goodness,raw-complete,G2570G,,
56,goodness,raw-complete,G2570H,,
56,goodness,raw-complete,G3776,,
56,goodness,raw-complete,G4147,M46,M46(Abundance)
56,goodness,raw-complete,G4283,,
56,goodness,raw-complete,G4469,,
56,goodness,raw-complete,G4632,,
56,goodness,raw-complete,G5223,,
56,goodness,raw-complete,G5224,,
56,goodness,raw-complete,G5358,M05,M05(Love)
56,goodness,raw-complete,G5543,M05,M05(Love)
56,goodness,raw-complete,G5544,M05,M05(Love)
56,goodness,raw-complete,G6107,,
56,goodness,raw-complete,G7527,,
56,goodness,raw-complete,G7534,,
56,goodness,raw-complete,G7548,,
56,goodness,raw-complete,G7559,,
56,goodness,raw-complete,H0202,M23,M23(Strength)
56,goodness,raw-complete,H1309,,
56,goodness,raw-complete,H1319,,
56,goodness,raw-complete,H1580,,
56,goodness,raw-complete,H2617A,M05,M05(Love)
56,goodness,raw-complete,H2868,M04,M04(Joy)
56,goodness,raw-complete,H2895,M39,M39(Blessing)
56,goodness,raw-complete,H2896A,M04,M04(Joy)
56,goodness,raw-complete,H2896B,,
56,goodness,raw-complete,H2896C,,
56,goodness,raw-complete,H2898,T2,T2(Supplementary)
56,goodness,raw-complete,H3190,M39,M39(Blessing)
56,goodness,raw-complete,H3191,,
56,goodness,raw-complete,H3520B,"M22,M46","M22(Praise),M46(Abundance)"
56,goodness,raw-complete,H4377,,
56,goodness,raw-complete,H4465,,
56,goodness,raw-complete,H4627,,
56,goodness,raw-complete,H4728,,
56,goodness,raw-complete,H5232,,
56,goodness,raw-complete,H7075,,
56,goodness,raw-complete,H7399,,
56,goodness,raw-complete,H7998,,
56,goodness,raw-complete,H8408,,
57,grace,raw-complete,G2143,,
57,grace,raw-complete,G4380,,
57,grace,raw-complete,G5483,M39,M39(Blessing)
57,grace,raw-complete,G5485,M39,M39(Blessing)
57,grace,raw-complete,H2433,,
57,grace,raw-complete,H2580,M39,M39(Blessing)
57,grace,raw-complete,H2603A,M39,M39(Blessing)
57,grace,raw-complete,H2617A,M05,M05(Love)
57,grace,raw-complete,H8469,M21,M21(Prayer)
58,gratitude,raw-complete,G2169,M04,M04(Joy)
58,gratitude,raw-complete,G2170,M04,M04(Joy)
58,gratitude,raw-complete,G5485,M39,M39(Blessing)
59,greed,raw-complete,G0146,,
59,greed,raw-complete,G0147,,
59,greed,raw-complete,G0724,M24,M24(Weakness)
59,greed,raw-complete,G4123,M28,M28(Envy)
59,greed,raw-complete,G4124,M28,M28(Envy)
59,greed,raw-complete,H1215,,
59,greed,raw-complete,H5392,,
60,grief,raw-complete,G3076,M03,M03(Grief)
60,grief,raw-complete,G3077,M03,M03(Grief)
60,grief,raw-complete,G3601,M03,M03(Grief)
60,grief,raw-complete,G3996,M03,M03(Grief)
60,grief,raw-complete,G3997,M03,M03(Grief)
60,grief,raw-complete,G4727,M42,M42(Speech)
60,grief,raw-complete,G5003,,
60,grief,raw-complete,H0056,M03,M03(Grief)
60,grief,raw-complete,H0057,M03,M03(Grief)
60,grief,raw-complete,H0099,,
60,grief,raw-complete,H0109,,
60,grief,raw-complete,H2470I,M03,M03(Grief)
60,grief,raw-complete,H2483,M24,M24(Weakness)
60,grief,raw-complete,H3013,M24,M24(Weakness)
60,grief,raw-complete,H3015,M03,M03(Grief)
60,grief,raw-complete,H3510,M03,M03(Grief)
60,grief,raw-complete,H3511,M03,M03(Grief)
60,grief,raw-complete,H3708A,,
60,grief,raw-complete,H3708B,M02,M02(Anger)
60,grief,raw-complete,H4341,M03,M03(Grief)
60,grief,raw-complete,H4786,M03,M03(Grief)
60,grief,raw-complete,H6001A,M24,M24(Weakness)
60,grief,raw-complete,H6040,M24,M24(Weakness)
60,grief,raw-complete,H6087A,M24,M24(Weakness)
60,grief,raw-complete,H6094,"M03,T2","M03(Grief),T2(Supplementary)"
60,grief,raw-complete,H6330,M10,M10(Sin)
60,grief,raw-complete,H6937,T2,T2(Supplementary)
60,grief,raw-complete,H7451C,M03,M03(Grief)
60,grief,raw-complete,H7908,M03,M03(Grief)
60,grief,raw-complete,H8424,M03,M03(Grief)
61,groaning,raw-complete,G0389,,
61,groaning,raw-complete,G1690,,
61,groaning,raw-complete,G4726,M03,M03(Grief)
61,groaning,raw-complete,G4727,M42,M42(Speech)
61,groaning,raw-complete,G4959,M03,M03(Grief)
61,groaning,raw-complete,G6697,,
61,groaning,raw-complete,G7929,,
61,groaning,raw-complete,H0584,M03,M03(Grief)
61,groaning,raw-complete,H0585,M03,M03(Grief)
61,groaning,raw-complete,H0602,,
61,groaning,raw-complete,H0603,M03,M03(Grief)
61,groaning,raw-complete,H1518,T2,T2(Supplementary)
61,groaning,raw-complete,H1901,M15,M15(Wisdom)
61,groaning,raw-complete,H1993,,
61,groaning,raw-complete,H2603A,M39,M39(Blessing)
61,groaning,raw-complete,H5008,M42,M42(Speech)
61,groaning,raw-complete,H5009,M03,M03(Grief)
61,groaning,raw-complete,H5098,M42,M42(Speech)
61,groaning,raw-complete,H5100,,
61,groaning,raw-complete,H6463,,
61,groaning,raw-complete,H7580,M42,M42(Speech)
61,groaning,raw-complete,H7581,M42,M42(Speech)
62,guilt,raw-complete,G0156,M26,M26(Righteousness)
62,guilt,raw-complete,G0159,M26,M26(Righteousness)
62,guilt,raw-complete,G0266,M10,M10(Sin)
62,guilt,raw-complete,G4893,M47,M47(Constitution)
62,guilt,raw-complete,H0816,M10,M10(Sin)
62,guilt,raw-complete,H0817,M10,M10(Sin)
62,guilt,raw-complete,H0818,M10,M10(Sin)
62,guilt,raw-complete,H0819,M10,M10(Sin)
62,guilt,raw-complete,H2054,,
62,guilt,raw-complete,H2398,M10,M10(Sin)
62,guilt,raw-complete,H2399,M10,M10(Sin)
62,guilt,raw-complete,H2401,M10,M10(Sin)
62,guilt,raw-complete,H2600,T2,T2(Supplementary)
62,guilt,raw-complete,H5375J,,
62,guilt,raw-complete,H5771G,M10,M10(Sin)
62,guilt,raw-complete,H5771H,M10,M10(Sin)
62,guilt,raw-complete,H5771I,M10,M10(Sin)
63,hardness,raw-complete,G1171,,
63,hardness,raw-complete,G1418,,
63,hardness,raw-complete,G1419,,
63,hardness,raw-complete,G1421,T2,T2(Supplementary)
63,hardness,raw-complete,G1422,,
63,hardness,raw-complete,G1423,,
63,hardness,raw-complete,G1425,,
63,hardness,raw-complete,G21419,,
63,hardness,raw-complete,G2346,M03,M03(Grief)
63,hardness,raw-complete,G2872,,
63,hardness,raw-complete,G4456,M30,M30(Obedience)
63,hardness,raw-complete,G4457,M30,M30(Obedience)
63,hardness,raw-complete,G4641,M30,M30(Obedience)
63,hardness,raw-complete,G4642,,
63,hardness,raw-complete,G4643,M30,M30(Obedience)
63,hardness,raw-complete,G4912,M23,M23(Strength)
63,hardness,raw-complete,G6980,,
63,hardness,raw-complete,H0280,,
63,hardness,raw-complete,H1419A,,
63,hardness,raw-complete,H2388G,M23,M23(Strength)
63,hardness,raw-complete,H2389,M23,M23(Strength)
63,hardness,raw-complete,H2459,,
63,hardness,raw-complete,H2795,T2,T2(Supplementary)
63,hardness,raw-complete,H2954,M30,M30(Obedience)
63,hardness,raw-complete,H3332J,T2,T2(Supplementary)
63,hardness,raw-complete,H3513H,"FLAG,M22","FLAG(Flag),M22(Praise)"
63,hardness,raw-complete,H3515,,
63,hardness,raw-complete,H4044,T2,T2(Supplementary)
63,hardness,raw-complete,H4165,T2,T2(Supplementary)
63,hardness,raw-complete,H5450,,
63,hardness,raw-complete,H5797,M23,M23(Strength)
63,hardness,raw-complete,H6089A,M03,M03(Grief)
63,hardness,raw-complete,H6093,M03,M03(Grief)
63,hardness,raw-complete,H6277,M08,M08(Pride)
63,hardness,raw-complete,H6381,M04,M04(Joy)
63,hardness,raw-complete,H6693,"FLAG,T2","FLAG(Flag),T2(Supplementary)"
63,hardness,raw-complete,H6862D,M23,M23(Strength)
63,hardness,raw-complete,H7185,"FLAG,T2","FLAG(Flag),T2(Supplementary)"
63,hardness,raw-complete,H7186,M24,M24(Weakness)
63,hardness,raw-complete,H7188,,
63,hardness,raw-complete,H7451H,,
63,hardness,raw-complete,H7489A,M27,M27(Evil)
64,hatred,raw-complete,G2189,,
64,hatred,raw-complete,G3404,,
64,hatred,raw-complete,G7590,,
64,hatred,raw-complete,G8332,,
64,hatred,raw-complete,H0342,M44,M44(Relational)
64,hatred,raw-complete,H1604,,
64,hatred,raw-complete,H2092,,
64,hatred,raw-complete,H4895,M06,M06(Hate)
64,hatred,raw-complete,H7520,"M06,M28","M06(Hate),M28(Envy)"
64,hatred,raw-complete,H7852,M06,M06(Hate)
64,hatred,raw-complete,H8130,M06,M06(Hate)
64,hatred,raw-complete,H8131,M06,M06(Hate)
64,hatred,raw-complete,H8135,M06,M06(Hate)
64,hatred,raw-complete,H8374,M06,M06(Hate)
184,healing,approved,G0018,M05,M05(Love)
184,healing,approved,G0573,M13,M13(Truth)
184,healing,approved,G1295,,
184,healing,approved,G2322,,
184,healing,approved,G2323,,
184,healing,approved,G2386,,
184,healing,approved,G2390,,
184,healing,approved,G2392,,
184,healing,approved,G2480,M23,M23(Strength)
184,healing,approved,G3647,,
184,healing,approved,G4982,M38,M38(Salvation)
184,healing,approved,G4991,M38,M38(Salvation)
184,healing,approved,G5198,,
184,healing,approved,G5199,,
184,healing,approved,G7534,,
184,healing,approved,H0724,,
184,healing,approved,H0820,M23,M23(Strength)
184,healing,approved,H1274,,
184,healing,approved,H1277,,
184,healing,approved,H1455,,
184,healing,approved,H1879,T2,T2(Supplementary)
184,healing,approved,H2280,,
184,healing,approved,H2418,M25,M25(Life)
184,healing,approved,H2421,M25,M25(Life)
184,healing,approved,H2425,M25,M25(Life)
184,healing,approved,H2492A,,
184,healing,approved,H2949,,
184,healing,approved,H3545,,
184,healing,approved,H4010,M04,M04(Joy)
184,healing,approved,H4832,,
184,healing,approved,H4974,M12,M12(Purity)
184,healing,approved,H5324,T2,T2(Supplementary)
184,healing,approved,H5414P,,
184,healing,approved,H7495,,
184,healing,approved,H7499,,
184,healing,approved,H7500,,
184,healing,approved,H7965G,M33,M33(Peace)
184,healing,approved,H7965H,M33,M33(Peace)
184,healing,approved,H7965I,M33,M33(Peace)
184,healing,approved,H7965J,M33,M33(Peace)
184,healing,approved,H7965K,M33,M33(Peace)
184,healing,approved,H7965L,M33,M33(Peace)
184,healing,approved,H8585B,,
184,healing,approved,H8644,,
148,heart,raw-complete,G1457,T2,T2(Supplementary)
148,heart,raw-complete,G1573,M20,M20(Doubt)
148,heart,raw-complete,G2155,M05,M05(Love)
148,heart,raw-complete,G2293,"M04,M23","M04(Joy),M23(Strength)"
148,heart,raw-complete,G2588,M47,M47(Constitution)
148,heart,raw-complete,G2589,M26,M26(Righteousness)
148,heart,raw-complete,G4641,M30,M30(Obedience)
148,heart,raw-complete,G4698,T2,T2(Supplementary)
148,heart,raw-complete,G5590G,M47,M47(Constitution)
148,heart,raw-complete,G6657,T2,T2(Supplementary)
148,heart,raw-complete,G7684,T2,T2(Supplementary)
148,heart,raw-complete,G7798,M47,M47(Constitution)
148,heart,raw-complete,G8419,M47,M47(Constitution)
148,heart,raw-complete,G8485,,
148,heart,raw-complete,H1079,M47,M47(Constitution)
148,heart,raw-complete,H2243,T2,T2(Supplementary)
148,heart,raw-complete,H2436G,M05,M05(Love)
148,heart,raw-complete,H2450,M15,M15(Wisdom)
148,heart,raw-complete,H2504,T2,T2(Supplementary)
148,heart,raw-complete,H2836A,M28,M28(Envy)
148,heart,raw-complete,H2910,T2,T2(Supplementary)
148,heart,raw-complete,H3512A,M20,M20(Doubt)
148,heart,raw-complete,H3516,T2,T2(Supplementary)
148,heart,raw-complete,H3629,T2,T2(Supplementary)
148,heart,raw-complete,H3820A,M47,M47(Constitution)
148,heart,raw-complete,H3821,M47,M47(Constitution)
148,heart,raw-complete,H3823A,M05,M05(Love)
148,heart,raw-complete,H3824,M47,M47(Constitution)
148,heart,raw-complete,H3825,M47,M47(Constitution)
148,heart,raw-complete,H3826,M47,M47(Constitution)
148,heart,raw-complete,H4578,T2,T2(Supplementary)
148,heart,raw-complete,H5034B,M24,M24(Weakness)
148,heart,raw-complete,H5315G,M47,M47(Constitution)
148,heart,raw-complete,H5315I,M47,M47(Constitution)
148,heart,raw-complete,H5315L,M47,M47(Constitution)
148,heart,raw-complete,H7130H,T2,T2(Supplementary)
148,heart,raw-complete,H7907,M47,M47(Constitution)
148,heart,raw-complete,H8056,M04,M04(Joy)
65,holiness,raw-complete,G0037,,
65,holiness,raw-complete,G0038,M22,M22(Praise)
65,holiness,raw-complete,G0039G,T2,T2(Supplementary)
65,holiness,raw-complete,G0039H,,
65,holiness,raw-complete,G0040G,M22,M22(Praise)
65,holiness,raw-complete,G0040H,,
65,holiness,raw-complete,G0041,M22,M22(Praise)
65,holiness,raw-complete,G0042,M22,M22(Praise)
65,holiness,raw-complete,G0572,M05,M05(Love)
65,holiness,raw-complete,G2150,,
65,holiness,raw-complete,G2412,,
65,holiness,raw-complete,G2413,,
65,holiness,raw-complete,G3741,M12,M12(Purity)
65,holiness,raw-complete,G3742,M22,M22(Praise)
65,holiness,raw-complete,G3743,T2,T2(Supplementary)
65,holiness,raw-complete,G4151G,M25,M25(Life)
65,holiness,raw-complete,H2623,M05,M05(Love)
65,holiness,raw-complete,H4720,T2,T2(Supplementary)
65,holiness,raw-complete,H6422,,
65,holiness,raw-complete,H6918G,M22,M22(Praise)
65,holiness,raw-complete,H6918H,M12,M12(Purity)
65,holiness,raw-complete,H6922,M22,M22(Praise)
65,holiness,raw-complete,H6942G,M12,M12(Purity)
65,holiness,raw-complete,H6942H,M12,M12(Purity)
65,holiness,raw-complete,H6942I,M12,M12(Purity)
65,holiness,raw-complete,H6942J,M12,M12(Purity)
65,holiness,raw-complete,H6942K,M12,M12(Purity)
65,holiness,raw-complete,H6944G,M22,M22(Praise)
65,holiness,raw-complete,H6944H,T2,T2(Supplementary)
65,holiness,raw-complete,H6944I,T2,T2(Supplementary)
65,holiness,raw-complete,H6944J,T2,T2(Supplementary)
66,honesty,raw-complete,G4587,M09,M09(Humility)
66,honesty,raw-complete,H0530,M13,M13(Truth)
66,honesty,raw-complete,H0571G,M13,M13(Truth)
66,honesty,raw-complete,H3476,M26,M26(Righteousness)
66,honesty,raw-complete,H5229,M26,M26(Righteousness)
66,honesty,raw-complete,H6666,M26,M26(Righteousness)
67,hope,raw-complete,G0362,,
67,hope,raw-complete,G0560,M18,M18(Hope)
67,hope,raw-complete,G0603,M18,M18(Hope)
67,hope,raw-complete,G1561,,
67,hope,raw-complete,G1679,M18,M18(Hope)
67,hope,raw-complete,G1680,M18,M18(Hope)
67,hope,raw-complete,G3785,T2,T2(Supplementary)
67,hope,raw-complete,G4276,T2,T2(Supplementary)
67,hope,raw-complete,G7379,,
67,hope,raw-complete,H0982,M19,M19(Trust)
67,hope,raw-complete,H0986,M19,M19(Trust)
67,hope,raw-complete,H2342I,M03,M03(Grief)
67,hope,raw-complete,H2442,M18,M18(Hope)
67,hope,raw-complete,H2620,M19,M19(Trust)
67,hope,raw-complete,H2976,M20,M20(Doubt)
67,hope,raw-complete,H3175,M18,M18(Hope)
67,hope,raw-complete,H3176G,M18,M18(Hope)
67,hope,raw-complete,H3176H,M18,M18(Hope)
67,hope,raw-complete,H3689,,
67,hope,raw-complete,H4007,M18,M18(Hope)
67,hope,raw-complete,H4009,M19,M19(Trust)
67,hope,raw-complete,H4268,M19,M19(Trust)
67,hope,raw-complete,H4723A,,
67,hope,raw-complete,H4723B,M18,M18(Hope)
67,hope,raw-complete,H4723C,,
67,hope,raw-complete,H6960A,M17,M17(Counsel)
67,hope,raw-complete,H6960B,,
67,hope,raw-complete,H7663B,M17,M17(Counsel)
67,hope,raw-complete,H7664,M18,M18(Hope)
67,hope,raw-complete,H7951,,
67,hope,raw-complete,H8431,M18,M18(Hope)
67,hope,raw-complete,H8615A,,
67,hope,raw-complete,H8615B,M18,M18(Hope)
68,humility,raw-complete,G0036,,
68,humility,raw-complete,G4240,M05,M05(Love)
68,humility,raw-complete,G5011,M09,M09(Humility)
68,humility,raw-complete,G5012,M09,M09(Humility)
68,humility,raw-complete,G5013,M09,M09(Humility)
68,humility,raw-complete,G5014,M09,M09(Humility)
68,humility,raw-complete,H6037,M05,M05(Love)
68,humility,raw-complete,H6038,M05,M05(Love)
68,humility,raw-complete,H6800B,M09,M09(Humility)
68,humility,raw-complete,H7807,,
68,humility,raw-complete,H8217,M09,M09(Humility)
68,humility,raw-complete,H8438,,
1,hypocrisy,raw-complete,G0505,M12,M12(Purity)
1,hypocrisy,raw-complete,G4942,M10,M10(Sin)
1,hypocrisy,raw-complete,G5272,M14,M14(Deceit)
1,hypocrisy,raw-complete,H2519,,
1,hypocrisy,raw-complete,H2612,,
69,idolatry,raw-complete,G1495,M27,M27(Evil)
69,idolatry,raw-complete,G2712,M27,M27(Evil)
69,idolatry,raw-complete,H1544,,
69,idolatry,raw-complete,H2183,M28,M28(Envy)
69,idolatry,raw-complete,H8655,,
163,image,raw-complete,G1504,M43,M43(Prophecy)
163,image,raw-complete,G5480,,
163,image,raw-complete,G5481,,
163,image,raw-complete,H0457,,
163,image,raw-complete,H1544,,
163,image,raw-complete,H1823,"FLAG,T2","FLAG(Flag),T2(Supplementary)"
163,image,raw-complete,H2553,,
163,image,raw-complete,H4541A,,
163,image,raw-complete,H4541B,,
163,image,raw-complete,H4656,,
163,image,raw-complete,H4676,,
163,image,raw-complete,H4906,T2,T2(Supplementary)
163,image,raw-complete,H5566,,
163,image,raw-complete,H6087B,T2,T2(Supplementary)
163,image,raw-complete,H6091,M27,M27(Evil)
163,image,raw-complete,H6456,,
163,image,raw-complete,H6459,,
163,image,raw-complete,H6736,T2,T2(Supplementary)
163,image,raw-complete,H6754,M43,M43(Prophecy)
163,image,raw-complete,H6755,T2,T2(Supplementary)
163,image,raw-complete,H6816,,
163,image,raw-complete,H7914,,
163,image,raw-complete,H8403,,
163,image,raw-complete,H8544,,
163,image,raw-complete,H8655,,
70,imagination,raw-complete,G1261,M15,M15(Wisdom)
70,imagination,raw-complete,G1271,M47,M47(Constitution)
70,imagination,raw-complete,G1380,,
70,imagination,raw-complete,G1761,M15,M15(Wisdom)
70,imagination,raw-complete,G3053,M15,M15(Wisdom)
70,imagination,raw-complete,G3191,,
70,imagination,raw-complete,G3539,,
70,imagination,raw-complete,G3543,,
70,imagination,raw-complete,G7050,,
70,imagination,raw-complete,H1819,T2,T2(Supplementary)
70,imagination,raw-complete,H1897,M42,M42(Speech)
70,imagination,raw-complete,H2161,M15,M15(Wisdom)
70,imagination,raw-complete,H2803I,M15,M15(Wisdom)
70,imagination,raw-complete,H3336,M29,M29(Desire)
70,imagination,raw-complete,H4284,M14,M14(Deceit)
70,imagination,raw-complete,H4906,T2,T2(Supplementary)
70,imagination,raw-complete,H8307,M30,M30(Obedience)
71,impurity,raw-complete,G0167,M10,M10(Sin)
71,impurity,raw-complete,G0168,,
71,impurity,raw-complete,G0169,M10,M10(Sin)
71,impurity,raw-complete,G2839G,,
71,impurity,raw-complete,G2840,,
71,impurity,raw-complete,G6410,,
71,impurity,raw-complete,H2930A,M10,M10(Sin)
71,impurity,raw-complete,H2932,M12,M12(Purity)
71,impurity,raw-complete,H3971A,,
71,impurity,raw-complete,H5079,M10,M10(Sin)
71,impurity,raw-complete,H5509,,
72,indignation,raw-complete,G0023,,
72,indignation,raw-complete,G0024,M02,M02(Anger)
72,indignation,raw-complete,G2205,M21,M21(Prayer)
72,indignation,raw-complete,G2372,,
72,indignation,raw-complete,G3709,M02,M02(Anger)
72,indignation,raw-complete,G4448,,
72,indignation,raw-complete,H2152,M02,M02(Anger)
72,indignation,raw-complete,H2194,M02,M02(Anger)
72,indignation,raw-complete,H2195,M02,M02(Anger)
72,indignation,raw-complete,H2197,M02,M02(Anger)
72,indignation,raw-complete,H2534,M02,M02(Anger)
72,indignation,raw-complete,H3707,M02,M02(Anger)
72,indignation,raw-complete,H3708A,,
72,indignation,raw-complete,H3708B,M02,M02(Anger)
72,indignation,raw-complete,H6087A,M24,M24(Weakness)
72,indignation,raw-complete,H7110A,M02,M02(Anger)
72,indignation,raw-complete,H8104I,M30,M30(Obedience)
73,iniquity,raw-complete,G0092,M10,M10(Sin)
73,iniquity,raw-complete,G0093,M10,M10(Sin)
73,iniquity,raw-complete,G0094,M10,M10(Sin)
73,iniquity,raw-complete,G0458,M30,M30(Obedience)
73,iniquity,raw-complete,G3892,M30,M30(Obedience)
73,iniquity,raw-complete,G4189,M10,M10(Sin)
73,iniquity,raw-complete,H0205G,M10,M10(Sin)
73,iniquity,raw-complete,H0205H,M10,M10(Sin)
73,iniquity,raw-complete,H1697M,,
73,iniquity,raw-complete,H5753B,M10,M10(Sin)
73,iniquity,raw-complete,H5758,,
73,iniquity,raw-complete,H5760,M10,M10(Sin)
73,iniquity,raw-complete,H5766A,M10,M10(Sin)
73,iniquity,raw-complete,H5766B,M10,M10(Sin)
73,iniquity,raw-complete,H5771G,M10,M10(Sin)
73,iniquity,raw-complete,H5771H,M10,M10(Sin)
73,iniquity,raw-complete,H5771I,M10,M10(Sin)
73,iniquity,raw-complete,H5868,,
73,iniquity,raw-complete,H5869K,,
73,iniquity,raw-complete,H5932,M10,M10(Sin)
73,iniquity,raw-complete,H5999,M03,M03(Grief)
73,iniquity,raw-complete,H6041,M24,M24(Weakness)
73,iniquity,raw-complete,H7562,M10,M10(Sin)
73,iniquity,raw-complete,H7725I,,
74,innocence,raw-complete,G0053,M12,M12(Purity)
74,innocence,raw-complete,G0121,,
74,innocence,raw-complete,G0172,M12,M12(Purity)
74,innocence,raw-complete,G0185,,
74,innocence,raw-complete,G0338,M12,M12(Purity)
74,innocence,raw-complete,G1342,M26,M26(Righteousness)
74,innocence,raw-complete,G2513,M12,M12(Purity)
74,innocence,raw-complete,G6177,,
74,innocence,raw-complete,H1249,M12,M12(Purity)
74,innocence,raw-complete,H1818,,
74,innocence,raw-complete,H2134,,
74,innocence,raw-complete,H2136,,
74,innocence,raw-complete,H2643,,
74,innocence,raw-complete,H3682,T2,T2(Supplementary)
74,innocence,raw-complete,H5352,M12,M12(Purity)
74,innocence,raw-complete,H5355A,M12,M12(Purity)
74,innocence,raw-complete,H5355B,M12,M12(Purity)
74,innocence,raw-complete,H5356A,M07,M07(Shame)
74,innocence,raw-complete,H5356B,M07,M07(Shame)
74,innocence,raw-complete,H6662,M26,M26(Righteousness)
74,innocence,raw-complete,H6663,M26,M26(Righteousness)
74,innocence,raw-complete,H8535,M34,M34(Perseverance)
74,innocence,raw-complete,H8537,M13,M13(Truth)
74,innocence,raw-complete,H8552,"FLAG,T2","FLAG(Flag),T2(Supplementary)"
75,insight,raw-complete,G0143,,
75,insight,raw-complete,G0144,M43,M43(Prophecy)
75,insight,raw-complete,G2529,,
75,insight,raw-complete,G3563,M47,M47(Constitution)
75,insight,raw-complete,G4907,M15,M15(Wisdom)
75,insight,raw-complete,G4920,M15,M15(Wisdom)
75,insight,raw-complete,G5428,M15,M15(Wisdom)
75,insight,raw-complete,H0995,M15,M15(Wisdom)
75,insight,raw-complete,H0998,M15,M15(Wisdom)
75,insight,raw-complete,H2938,M15,M15(Wisdom)
75,insight,raw-complete,H5094B,,
75,insight,raw-complete,H7919A,M15,M15(Wisdom)
75,insight,raw-complete,H7922,M15,M15(Wisdom)
75,insight,raw-complete,H7924,M43,M43(Prophecy)
75,insight,raw-complete,H8394,M15,M15(Wisdom)
75,insight,raw-complete,H8454,M15,M15(Wisdom)
76,integrity,raw-complete,G0090,,
76,integrity,raw-complete,G0273,,
76,integrity,raw-complete,G0298,,
76,integrity,raw-complete,G0299,,
76,integrity,raw-complete,G0573,M13,M13(Truth)
76,integrity,raw-complete,G0658,,
76,integrity,raw-complete,G0861,M12,M12(Purity)
76,integrity,raw-complete,G2005,,
76,integrity,raw-complete,G2279,,
76,integrity,raw-complete,G2675,,
76,integrity,raw-complete,G3648,,
76,integrity,raw-complete,G3833,,
76,integrity,raw-complete,G4537,,
76,integrity,raw-complete,G4931,,
76,integrity,raw-complete,G5353,,
76,integrity,raw-complete,G5456,,
76,integrity,raw-complete,H0530,M13,M13(Truth)
76,integrity,raw-complete,H3476,M26,M26(Righteousness)
76,integrity,raw-complete,H3635,,
76,integrity,raw-complete,H4339,M26,M26(Righteousness)
76,integrity,raw-complete,H4974,M12,M12(Purity)
76,integrity,raw-complete,H7032,,
76,integrity,raw-complete,H8088,,
76,integrity,raw-complete,H8535,M34,M34(Perseverance)
76,integrity,raw-complete,H8537,M13,M13(Truth)
76,integrity,raw-complete,H8538,M13,M13(Truth)
76,integrity,raw-complete,H8549H,M12,M12(Purity)
77,intention,raw-complete,G0816,,
77,intention,raw-complete,G1013,M17,M17(Counsel)
77,intention,raw-complete,G1014,M15,M15(Wisdom)
77,intention,raw-complete,G1227,,
77,intention,raw-complete,G1619,,
77,intention,raw-complete,G1771,M15,M15(Wisdom)
77,intention,raw-complete,G1963,M15,M15(Wisdom)
77,intention,raw-complete,G2212,M41,M41(Remembrance)
77,intention,raw-complete,G3879,,
77,intention,raw-complete,G5426,M15,M15(Wisdom)
77,intention,raw-complete,H0908,,
77,intention,raw-complete,H1701,M17,M17(Counsel)
77,intention,raw-complete,H2161,M15,M15(Wisdom)
77,intention,raw-complete,H3336,M29,M29(Desire)
77,intention,raw-complete,H3615I,T2,T2(Supplementary)
77,intention,raw-complete,H4209,M14,M14(Deceit)
77,intention,raw-complete,H4284,M14,M14(Deceit)
77,intention,raw-complete,H4616,T2,T2(Supplementary)
77,intention,raw-complete,H5668,,
77,intention,raw-complete,H6660,,
77,intention,raw-complete,H7760A,,
77,intention,raw-complete,H8245,,
78,intercession,raw-complete,G1783,M21,M21(Prayer)
78,intercession,raw-complete,G1793,M37,M37(Calling)
78,intercession,raw-complete,G5241,M21,M21(Prayer)
78,intercession,raw-complete,H6293,T2,T2(Supplementary)
79,jealousy,raw-complete,G2205,M21,M21(Prayer)
79,jealousy,raw-complete,G3863,M28,M28(Envy)
79,jealousy,raw-complete,G7600,,
79,jealousy,raw-complete,G7601,,
79,jealousy,raw-complete,H7067,,
79,jealousy,raw-complete,H7068,M02,M02(Anger)
79,jealousy,raw-complete,H7069,,
79,jealousy,raw-complete,H7072,M02,M02(Anger)
80,joy,raw-complete,G0020,M04,M04(Joy)
80,joy,raw-complete,G0021,M04,M04(Joy)
80,joy,raw-complete,G2167,M04,M04(Joy)
80,joy,raw-complete,G2744,M08,M08(Pride)
80,joy,raw-complete,G3685,M04,M04(Joy)
80,joy,raw-complete,G4796,M04,M04(Joy)
80,joy,raw-complete,G5463,M04,M04(Joy)
80,joy,raw-complete,G5479,M04,M04(Joy)
80,joy,raw-complete,G6110,M04,M04(Joy)
80,joy,raw-complete,H1523,M04,M04(Joy)
80,joy,raw-complete,H1524A,M04,M04(Joy)
80,joy,raw-complete,H1525,M04,M04(Joy)
80,joy,raw-complete,H1750,,
80,joy,raw-complete,H1959,M42,M42(Speech)
80,joy,raw-complete,H2304,M04,M04(Joy)
80,joy,raw-complete,H2305,M04,M04(Joy)
80,joy,raw-complete,H4010,M04,M04(Joy)
80,joy,raw-complete,H4885,M04,M04(Joy)
80,joy,raw-complete,H5539,M04,M04(Joy)
80,joy,raw-complete,H6681,M42,M42(Speech)
80,joy,raw-complete,H7440,M42,M42(Speech)
80,joy,raw-complete,H7442A,T2,T2(Supplementary)
80,joy,raw-complete,H7442B,M42,M42(Speech)
80,joy,raw-complete,H7444,T2,T2(Supplementary)
80,joy,raw-complete,H7797,M04,M04(Joy)
80,joy,raw-complete,H8055,M04,M04(Joy)
80,joy,raw-complete,H8056,M04,M04(Joy)
80,joy,raw-complete,H8057,M04,M04(Joy)
80,joy,raw-complete,H8342,M04,M04(Joy)
81,justice,raw-complete,G1341,M26,M26(Righteousness)
81,justice,raw-complete,G1343,M26,M26(Righteousness)
81,justice,raw-complete,G1349,M26,M26(Righteousness)
81,justice,raw-complete,G1556,M26,M26(Righteousness)
81,justice,raw-complete,G1557,M26,M26(Righteousness)
81,justice,raw-complete,G2118,M26,M26(Righteousness)
81,justice,raw-complete,G2920,"FLAG,M26","FLAG(Flag),M26(Righteousness)"
81,justice,raw-complete,G6928,M26,M26(Righteousness)
81,justice,raw-complete,H0197H,M26,M26(Righteousness)
81,justice,raw-complete,H1777,"FLAG,M26","FLAG(Flag),M26(Righteousness)"
81,justice,raw-complete,H1779,"FLAG,M26","FLAG(Flag),M26(Righteousness)"
81,justice,raw-complete,H1884,T2,T2(Supplementary)
81,justice,raw-complete,H4334,,
81,justice,raw-complete,H4639H,,
81,justice,raw-complete,H4941G,"FLAG,M26","FLAG(Flag),M26(Righteousness)"
81,justice,raw-complete,H4941H,"FLAG,M26","FLAG(Flag),M26(Righteousness)"
81,justice,raw-complete,H4941I,"M26,T2","M26(Righteousness),T2(Supplementary)"
81,justice,raw-complete,H4941J,"M26,T2","M26(Righteousness),T2(Supplementary)"
81,justice,raw-complete,H4941K,M26,M26(Righteousness)
81,justice,raw-complete,H5186,,
81,justice,raw-complete,H6415,,
81,justice,raw-complete,H6662,M26,M26(Righteousness)
81,justice,raw-complete,H6663,M26,M26(Righteousness)
81,justice,raw-complete,H6664G,M26,M26(Righteousness)
81,justice,raw-complete,H6666,M26,M26(Righteousness)
81,justice,raw-complete,H8199,"FLAG,M26","FLAG(Flag),M26(Righteousness)"
82,kindness,raw-complete,G0018,M05,M05(Love)
82,kindness,raw-complete,G1074,,
82,kindness,raw-complete,G1085H,,
82,kindness,raw-complete,G1932,M05,M05(Love)
82,kindness,raw-complete,G2261,,
82,kindness,raw-complete,G3634,,
82,kindness,raw-complete,G4164,,
82,kindness,raw-complete,G4169,,
82,kindness,raw-complete,G4217,,
82,kindness,raw-complete,G5363,M05,M05(Love)
82,kindness,raw-complete,G5449,,
82,kindness,raw-complete,G5541,M05,M05(Love)
82,kindness,raw-complete,G5543,M05,M05(Love)
82,kindness,raw-complete,G5544,M05,M05(Love)
82,kindness,raw-complete,G8598,,
82,kindness,raw-complete,G8922,,
82,kindness,raw-complete,H0375,,
82,kindness,raw-complete,H0929,,
82,kindness,raw-complete,H2177,,
82,kindness,raw-complete,H2178,,
82,kindness,raw-complete,H2603A,M39,M39(Blessing)
82,kindness,raw-complete,H2616A,M05,M05(Love)
82,kindness,raw-complete,H2616B,"M05,M07","M05(Love),M07(Shame)"
82,kindness,raw-complete,H2617A,M05,M05(Love)
82,kindness,raw-complete,H2623,M05,M05(Love)
82,kindness,raw-complete,H2896A,M04,M04(Joy)
82,kindness,raw-complete,H3190,M39,M39(Blessing)
82,kindness,raw-complete,H3610,,
82,kindness,raw-complete,H4327,,
82,kindness,raw-complete,H5278,M04,M04(Joy)
82,kindness,raw-complete,H5375Q,,
82,kindness,raw-complete,H6440N,,
82,kindness,raw-complete,H7356B,M05,M05(Love)
83,knowledge,raw-complete,G0056,,
83,knowledge,raw-complete,G1108,,
83,knowledge,raw-complete,G1110,,
83,knowledge,raw-complete,G1492I,,
83,knowledge,raw-complete,G1922,,
83,knowledge,raw-complete,G1990,M15,M15(Wisdom)
83,knowledge,raw-complete,G2467,,
83,knowledge,raw-complete,G4267,M37,M37(Calling)
83,knowledge,raw-complete,G4894,M15,M15(Wisdom)
83,knowledge,raw-complete,G4907,M15,M15(Wisdom)
83,knowledge,raw-complete,G4924,T2,T2(Supplementary)
83,knowledge,raw-complete,G6063,M15,M15(Wisdom)
83,knowledge,raw-complete,G7396,,
83,knowledge,raw-complete,G7454,,
83,knowledge,raw-complete,H0998,M15,M15(Wisdom)
83,knowledge,raw-complete,H1843,M15,M15(Wisdom)
83,knowledge,raw-complete,H1844,M15,M15(Wisdom)
83,knowledge,raw-complete,H1847,M15,M15(Wisdom)
83,knowledge,raw-complete,H3045,M15,M15(Wisdom)
83,knowledge,raw-complete,H3925,,
83,knowledge,raw-complete,H4093,M15,M15(Wisdom)
83,knowledge,raw-complete,H4486,M15,M15(Wisdom)
83,knowledge,raw-complete,H6213A,T2,T2(Supplementary)
83,knowledge,raw-complete,H6213H,,
83,knowledge,raw-complete,H7922,M15,M15(Wisdom)
83,knowledge,raw-complete,H8451,,
83,knowledge,raw-complete,H8454,M15,M15(Wisdom)
170,likeness,raw-complete,G0407,,
170,likeness,raw-complete,G0871,,
170,likeness,raw-complete,G1482,,
170,likeness,raw-complete,G1483,,
170,likeness,raw-complete,G1504,M43,M43(Prophecy)
170,likeness,raw-complete,G21422,,
170,likeness,raw-complete,G2465,,
170,likeness,raw-complete,G2473,M05,M05(Love)
170,likeness,raw-complete,G3634,,
170,likeness,raw-complete,G3663,T2,T2(Supplementary)
170,likeness,raw-complete,G3664,,
170,likeness,raw-complete,G3665,,
170,likeness,raw-complete,G3667,,
170,likeness,raw-complete,G3669,,
170,likeness,raw-complete,G3675,M05,M05(Love)
170,likeness,raw-complete,G3946,,
170,likeness,raw-complete,G4833,T2,T2(Supplementary)
170,likeness,raw-complete,G5616,,
170,likeness,raw-complete,G6530,,
170,likeness,raw-complete,G7813,,
170,likeness,raw-complete,G8159,,
170,likeness,raw-complete,H1819,T2,T2(Supplementary)
170,likeness,raw-complete,H1821,T2,T2(Supplementary)
170,likeness,raw-complete,H1823,"FLAG,T2","FLAG(Flag),T2(Supplementary)"
170,likeness,raw-complete,H1825,"FLAG,T2","FLAG(Flag),T2(Supplementary)"
170,likeness,raw-complete,H3644G,T2,T2(Supplementary)
170,likeness,raw-complete,H3644H,,
170,likeness,raw-complete,H4915A,,
170,likeness,raw-complete,H6754,M43,M43(Prophecy)
170,likeness,raw-complete,H7521,M39,M39(Blessing)
170,likeness,raw-complete,H7737A,T2,T2(Supplementary)
170,likeness,raw-complete,H7737B,T2,T2(Supplementary)
170,likeness,raw-complete,H7739A,T2,T2(Supplementary)
170,likeness,raw-complete,H7739B,T2,T2(Supplementary)
170,likeness,raw-complete,H8403,,
170,likeness,raw-complete,H8544,,
173,listen,raw-complete,G0189,M41,M41(Remembrance)
173,listen,raw-complete,G0191,,
173,listen,raw-complete,G0430,M35,M35(Testing)
173,listen,raw-complete,G1522,M21,M21(Prayer)
173,listen,raw-complete,G1801,T2,T2(Supplementary)
173,listen,raw-complete,G1873,M21,M21(Prayer)
173,listen,raw-complete,G1874,M21,M21(Prayer)
173,listen,raw-complete,G3878,M30,M30(Obedience)
173,listen,raw-complete,G4257,,
173,listen,raw-complete,G6354,T2,T2(Supplementary)
173,listen,raw-complete,G7214,T2,T2(Supplementary)
173,listen,raw-complete,H0238,M41,M41(Remembrance)
173,listen,raw-complete,H0241G,T2,T2(Supplementary)
173,listen,raw-complete,H0241H,T2,T2(Supplementary)
173,listen,raw-complete,H2790B,M33,M33(Peace)
173,listen,raw-complete,H4994,T2,T2(Supplementary)
173,listen,raw-complete,H6963A,T2,T2(Supplementary)
173,listen,raw-complete,H6963L,T2,T2(Supplementary)
173,listen,raw-complete,H7181,M41,M41(Remembrance)
173,listen,raw-complete,H8085G,M41,M41(Remembrance)
173,listen,raw-complete,H8085H,M41,M41(Remembrance)
173,listen,raw-complete,H8085I,M41,M41(Remembrance)
173,listen,raw-complete,H8085J,M41,M41(Remembrance)
173,listen,raw-complete,H8085K,M41,M41(Remembrance)
173,listen,raw-complete,H8085L,M41,M41(Remembrance)
173,listen,raw-complete,H8086,T2,T2(Supplementary)
84,longing,raw-complete,G0165H,,
84,longing,raw-complete,G0509,,
84,longing,raw-complete,G0744,,
84,longing,raw-complete,G0891,,
84,longing,raw-complete,G1597,,
84,longing,raw-complete,G1937,M18,M18(Hope)
84,longing,raw-complete,G1939,M28,M28(Envy)
84,longing,raw-complete,G1971,M18,M18(Hope)
84,longing,raw-complete,G1972,M18,M18(Hope)
84,longing,raw-complete,G1973,M18,M18(Hope)
84,longing,raw-complete,G1974,M18,M18(Hope)
84,longing,raw-complete,G2193,,
84,longing,raw-complete,G2375,,
84,longing,raw-complete,G2863,,
84,longing,raw-complete,G3112,,
84,longing,raw-complete,G3114,M34,M34(Perseverance)
84,longing,raw-complete,G3117,,
84,longing,raw-complete,G3118,,
84,longing,raw-complete,G3173,,
84,longing,raw-complete,G3713,M18,M18(Hope)
84,longing,raw-complete,G3745,,
84,longing,raw-complete,G4119,,
84,longing,raw-complete,G4183,,
84,longing,raw-complete,G4219,,
84,longing,raw-complete,G5550,,
84,longing,raw-complete,G7383,,
84,longing,raw-complete,G7808,,
84,longing,raw-complete,G8232,,
84,longing,raw-complete,G8237,,
84,longing,raw-complete,G8859,,
84,longing,raw-complete,G8860,,
84,longing,raw-complete,H0183,M28,M28(Envy)
84,longing,raw-complete,H0679,,
84,longing,raw-complete,H0748,M25,M25(Life)
84,longing,raw-complete,H0752,T2,T2(Supplementary)
84,longing,raw-complete,H0753,T2,T2(Supplementary)
84,longing,raw-complete,H1364,M08,M08(Pride)
84,longing,raw-complete,H1419A,,
84,longing,raw-complete,H1870J,,
84,longing,raw-complete,H2836A,M28,M28(Envy)
84,longing,raw-complete,H2837,M28,M28(Envy)
84,longing,raw-complete,H2968,,
84,longing,raw-complete,H3117K,,
84,longing,raw-complete,H3508,,
84,longing,raw-complete,H3615I,T2,T2(Supplementary)
84,longing,raw-complete,H3616,M18,M18(Hope)
84,longing,raw-complete,H3700,M18,M18(Hope)
84,longing,raw-complete,H3801,,
84,longing,raw-complete,H3975,,
84,longing,raw-complete,H4059,,
84,longing,raw-complete,H4060A,,
84,longing,raw-complete,H4263,M05,M05(Love)
84,longing,raw-complete,H4900,,
84,longing,raw-complete,H5186,,
84,longing,raw-complete,H5375O,M19,M19(Trust)
84,longing,raw-complete,H5704,,
84,longing,raw-complete,H5769G,T2,T2(Supplementary)
84,longing,raw-complete,H5769J,,
84,longing,raw-complete,H6165,M29,M29(Desire)
84,longing,raw-complete,H6315,,
84,longing,raw-complete,H6446,,
84,longing,raw-complete,H6485I,T2,T2(Supplementary)
84,longing,raw-complete,H6546,,
84,longing,raw-complete,H6770,M29,M29(Desire)
84,longing,raw-complete,H6771,,
84,longing,raw-complete,H6772,,
84,longing,raw-complete,H7227A,,
84,longing,raw-complete,H7230,M46,M46(Abundance)
84,longing,raw-complete,H7235A,M23,M23(Strength)
84,longing,raw-complete,H7341,,
84,longing,raw-complete,H7469,,
84,longing,raw-complete,H7602A,M18,M18(Hope)
84,longing,raw-complete,H7602B,,
84,longing,raw-complete,H8264,T2,T2(Supplementary)
84,longing,raw-complete,H8311,,
84,longing,raw-complete,H8373,M29,M29(Desire)
84,longing,raw-complete,H8375,M18,M18(Hope)
84,longing,raw-complete,H8378,M28,M28(Envy)
85,love,raw-complete,G0025,M05,M05(Love)
85,love,raw-complete,G0026,M05,M05(Love)
85,love,raw-complete,G0027,T2,T2(Supplementary)
85,love,raw-complete,G0080,,
85,love,raw-complete,G0866,M05,M05(Love)
85,love,raw-complete,G1516,M33,M33(Peace)
85,love,raw-complete,G4375,M05,M05(Love)
85,love,raw-complete,G5358,M05,M05(Love)
85,love,raw-complete,G5360,M05,M05(Love)
85,love,raw-complete,G5361,M05,M05(Love)
85,love,raw-complete,G5362,M05,M05(Love)
85,love,raw-complete,G5363,M05,M05(Love)
85,love,raw-complete,G5365,M28,M28(Envy)
85,love,raw-complete,G5366,M28,M28(Envy)
85,love,raw-complete,G5368,M05,M05(Love)
85,love,raw-complete,G5369,M28,M28(Envy)
85,love,raw-complete,G5377,M21,M21(Prayer)
85,love,raw-complete,G5379,"M02,T2","M02(Anger),T2(Supplementary)"
85,love,raw-complete,G5380,M02,M02(Anger)
85,love,raw-complete,G5383,T2,T2(Supplementary)
85,love,raw-complete,G5387,M05,M05(Love)
85,love,raw-complete,G5388,M05,M05(Love)
85,love,raw-complete,G7493,,
85,love,raw-complete,H0157G,,
85,love,raw-complete,H0157H,M05,M05(Love)
85,love,raw-complete,H0158,M05,M05(Love)
85,love,raw-complete,H0159,,
85,love,raw-complete,H0160,M05,M05(Love)
85,love,raw-complete,H1730G,T2,T2(Supplementary)
85,love,raw-complete,H1730H,T2,T2(Supplementary)
85,love,raw-complete,H1730I,T2,T2(Supplementary)
85,love,raw-complete,H2245,,
85,love,raw-complete,H2617A,M05,M05(Love)
85,love,raw-complete,H2623,M05,M05(Love)
85,love,raw-complete,H2836A,M28,M28(Envy)
85,love,raw-complete,H2895,M39,M39(Blessing)
85,love,raw-complete,H2896A,M04,M04(Joy)
85,love,raw-complete,H2898,T2,T2(Supplementary)
85,love,raw-complete,H3033,M05,M05(Love)
85,love,raw-complete,H3039A,T2,T2(Supplementary)
85,love,raw-complete,H3039B,,
85,love,raw-complete,H3303,,
85,love,raw-complete,H4261,M28,M28(Envy)
85,love,raw-complete,H4998,,
85,love,raw-complete,H5000,M05,M05(Love)
85,love,raw-complete,H5273A,M04,M04(Joy)
85,love,raw-complete,H5690,M28,M28(Envy)
85,love,raw-complete,H5691,M28,M28(Envy)
85,love,raw-complete,H7355,M05,M05(Love)
85,love,raw-complete,H7356B,M05,M05(Love)
85,love,raw-complete,H7474,T2,T2(Supplementary)
85,love,raw-complete,H8130,M06,M06(Hate)
86,lust,raw-complete,G1937,M18,M18(Hope)
86,lust,raw-complete,G1938,M29,M29(Desire)
86,lust,raw-complete,G1939,M28,M28(Envy)
86,lust,raw-complete,G2237,"M04,M28","M04(Joy),M28(Envy)"
86,lust,raw-complete,G3715,M28,M28(Envy)
86,lust,raw-complete,G3806,T2,T2(Supplementary)
86,lust,raw-complete,H0183,M28,M28(Envy)
86,lust,raw-complete,H1432,M23,M23(Strength)
86,lust,raw-complete,H1942,M28,M28(Envy)
86,lust,raw-complete,H2530A,M28,M28(Envy)
86,lust,raw-complete,H5178B,,
86,lust,raw-complete,H5689,M29,M29(Desire)
86,lust,raw-complete,H5690,M28,M28(Envy)
86,lust,raw-complete,H5691,M28,M28(Envy)
86,lust,raw-complete,H7904,,
86,lust,raw-complete,H8378,M28,M28(Envy)
86,lust,raw-complete,H8385A,T2,T2(Supplementary)
3,malice,raw-complete,G2549,M10,M10(Sin)
3,malice,raw-complete,G2550,,
3,malice,raw-complete,G4189,M10,M10(Sin)
3,malice,raw-complete,H0205G,M10,M10(Sin)
3,malice,raw-complete,H1942,M28,M28(Envy)
3,malice,raw-complete,H5360,M02,M02(Anger)
3,malice,raw-complete,H5767,M10,M10(Sin)
3,malice,raw-complete,H7589,M06,M06(Hate)
3,malice,raw-complete,H8130,M06,M06(Hate)
87,meaning,raw-complete,G0767,,
87,meaning,raw-complete,G0880,M07,M07(Shame)
87,meaning,raw-complete,G1498,,
87,meaning,raw-complete,G3004G,,
87,meaning,raw-complete,G3177,M15,M15(Wisdom)
87,meaning,raw-complete,G3760,,
87,meaning,raw-complete,G5346,,
87,meaning,raw-complete,G8240,,
87,meaning,raw-complete,H0998,M15,M15(Wisdom)
87,meaning,raw-complete,H1100I,T2,T2(Supplementary)
87,meaning,raw-complete,H3321,,
87,meaning,raw-complete,H4911B,T2,T2(Supplementary)
87,meaning,raw-complete,H5352,M12,M12(Purity)
87,meaning,raw-complete,H6213A,T2,T2(Supplementary)
87,meaning,raw-complete,H6592,M15,M15(Wisdom)
87,meaning,raw-complete,H6623,,
88,meditation,raw-complete,G3191,,
88,meditation,raw-complete,G3437,,
88,meditation,raw-complete,G4304,,
88,meditation,raw-complete,G4820,,
88,meditation,raw-complete,G6139,,
88,meditation,raw-complete,G6140,,
88,meditation,raw-complete,G8281,,
88,meditation,raw-complete,H0239,,
88,meditation,raw-complete,H0559,,
88,meditation,raw-complete,H1239,,
88,meditation,raw-complete,H1897,M42,M42(Speech)
88,meditation,raw-complete,H1900,M15,M15(Wisdom)
88,meditation,raw-complete,H1901,M15,M15(Wisdom)
88,meditation,raw-complete,H1902G,T2,T2(Supplementary)
88,meditation,raw-complete,H1902H,M15,M15(Wisdom)
88,meditation,raw-complete,H6437G,,
88,meditation,raw-complete,H6845,,
88,meditation,raw-complete,H7742,,
88,meditation,raw-complete,H7878,M15,M15(Wisdom)
88,meditation,raw-complete,H7879,M03,M03(Grief)
88,meditation,raw-complete,H7881,M15,M15(Wisdom)
89,memory,raw-complete,G3417,M41,M41(Remembrance)
89,memory,raw-complete,G3422,T2,T2(Supplementary)
89,memory,raw-complete,G5280,M41,M41(Remembrance)
89,memory,raw-complete,H0234,T2,T2(Supplementary)
89,memory,raw-complete,H2142,M41,M41(Remembrance)
89,memory,raw-complete,H2143,T2,T2(Supplementary)
89,memory,raw-complete,H2146,T2,T2(Supplementary)
89,memory,raw-complete,H3027M,T2,T2(Supplementary)
89,memory,raw-complete,H4676,,
89,memory,raw-complete,H5382,,
89,memory,raw-complete,H5388,,
89,memory,raw-complete,H7876,,
89,memory,raw-complete,H7913,,
90,mercy,raw-complete,G0448,M05,M05(Love)
90,mercy,raw-complete,G1653,M05,M05(Love)
90,mercy,raw-complete,G1655,M05,M05(Love)
90,mercy,raw-complete,G1656,M05,M05(Love)
90,mercy,raw-complete,G2433,M38,M38(Salvation)
90,mercy,raw-complete,G2435,M38,M38(Salvation)
90,mercy,raw-complete,G2436,M38,M38(Salvation)
90,mercy,raw-complete,G3628,M05,M05(Love)
90,mercy,raw-complete,G3629,M05,M05(Love)
90,mercy,raw-complete,G3741,M12,M12(Purity)
90,mercy,raw-complete,G8849,,
90,mercy,raw-complete,H2347,M05,M05(Love)
90,mercy,raw-complete,H2550,M05,M05(Love)
90,mercy,raw-complete,H2551,M05,M05(Love)
90,mercy,raw-complete,H2587,M39,M39(Blessing)
90,mercy,raw-complete,H2603A,M39,M39(Blessing)
90,mercy,raw-complete,H2603B,T2,T2(Supplementary)
90,mercy,raw-complete,H2616A,M05,M05(Love)
90,mercy,raw-complete,H2617A,M05,M05(Love)
90,mercy,raw-complete,H2623,M05,M05(Love)
90,mercy,raw-complete,H3722A,M11,M11(Repentance)
90,mercy,raw-complete,H3727,T2,T2(Supplementary)
90,mercy,raw-complete,H3819,T2,T2(Supplementary)
90,mercy,raw-complete,H6279,M21,M21(Prayer)
90,mercy,raw-complete,H7349,M05,M05(Love)
90,mercy,raw-complete,H7355,M05,M05(Love)
90,mercy,raw-complete,H7356A,T2,T2(Supplementary)
90,mercy,raw-complete,H7356B,M05,M05(Love)
90,mercy,raw-complete,H7359,M05,M05(Love)
90,mercy,raw-complete,H8469,M21,M21(Prayer)
161,might,raw-complete,H1369,M23,M23(Strength)
161,might,raw-complete,H1370,T2,T2(Supplementary)
161,might,raw-complete,H3581A,T2,T2(Supplementary)
161,might,raw-complete,H3581B,M23,M23(Strength)
161,might,raw-complete,H5797,M23,M23(Strength)
161,might,raw-complete,H6978,,
161,might,raw-complete,H8632A,M23,M23(Strength)
161,might,raw-complete,H8632B,T2,T2(Supplementary)
91,mind,raw-complete,G0363,M41,M41(Remembrance)
91,mind,raw-complete,G1011,M15,M15(Wisdom)
91,mind,raw-complete,G1014,M15,M15(Wisdom)
91,mind,raw-complete,G1106,M15,M15(Wisdom)
91,mind,raw-complete,G1260,M15,M15(Wisdom)
91,mind,raw-complete,G1271,M47,M47(Constitution)
91,mind,raw-complete,G1374,M20,M20(Doubt)
91,mind,raw-complete,G1771,M15,M15(Wisdom)
91,mind,raw-complete,G2104,,
91,mind,raw-complete,G2473,M05,M05(Love)
91,mind,raw-complete,G2588,M47,M47(Constitution)
91,mind,raw-complete,G3130,M16,M16(Folly)
91,mind,raw-complete,G3328,M45,M45(Transformation)
91,mind,raw-complete,G3403,M41,M41(Remembrance)
91,mind,raw-complete,G3415,M41,M41(Remembrance)
91,mind,raw-complete,G3421,M41,M41(Remembrance)
91,mind,raw-complete,G3510,M47,M47(Constitution)
91,mind,raw-complete,G3524,M19,M19(Trust)
91,mind,raw-complete,G3525,M33,M33(Peace)
91,mind,raw-complete,G3540,M15,M15(Wisdom)
91,mind,raw-complete,G3563,M47,M47(Constitution)
91,mind,raw-complete,G3675,M05,M05(Love)
91,mind,raw-complete,G3912,M16,M16(Folly)
91,mind,raw-complete,G4893,M47,M47(Constitution)
91,mind,raw-complete,G4993,"M15,M47","M15(Wisdom),M47(Constitution)"
91,mind,raw-complete,G5279,M41,M41(Remembrance)
91,mind,raw-complete,G5280,M41,M41(Remembrance)
91,mind,raw-complete,G5426,M15,M15(Wisdom)
91,mind,raw-complete,G5427,M17,M17(Counsel)
91,mind,raw-complete,G5590G,M47,M47(Constitution)
91,mind,raw-complete,G5591,"M15,T2","M15(Wisdom),T2(Supplementary)"
91,mind,raw-complete,G7774,M27,M27(Evil)
91,mind,raw-complete,G8272,T2,T2(Supplementary)
91,mind,raw-complete,G8878,M09,M09(Humility)
91,mind,raw-complete,H0047I,,
91,mind,raw-complete,H1079,M47,M47(Constitution)
91,mind,raw-complete,H1984C,M16,M16(Folly)
91,mind,raw-complete,H2142,M41,M41(Remembrance)
91,mind,raw-complete,H2803I,M15,M15(Wisdom)
91,mind,raw-complete,H3336,M29,M29(Desire)
91,mind,raw-complete,H3629,T2,T2(Supplementary)
91,mind,raw-complete,H3820A,M47,M47(Constitution)
91,mind,raw-complete,H3824,M47,M47(Constitution)
91,mind,raw-complete,H3825,M47,M47(Constitution)
91,mind,raw-complete,H3826,M47,M47(Constitution)
91,mind,raw-complete,H5069,M29,M29(Desire)
91,mind,raw-complete,H5162H,M11,M11(Repentance)
91,mind,raw-complete,H5315G,M47,M47(Constitution)
91,mind,raw-complete,H5315I,M47,M47(Constitution)
91,mind,raw-complete,H5315L,M47,M47(Constitution)
91,mind,raw-complete,H5588,T2,T2(Supplementary)
91,mind,raw-complete,H6485I,T2,T2(Supplementary)
91,mind,raw-complete,H7217,,
91,mind,raw-complete,H7307G,,
91,mind,raw-complete,H7308,M47,M47(Constitution)
91,mind,raw-complete,H7896K,M15,M15(Wisdom)
91,mind,raw-complete,H7907,M47,M47(Constitution)
91,mind,raw-complete,H8104G,M30,M30(Obedience)
92,mourning,raw-complete,G0214,,
92,mourning,raw-complete,G2354,,
92,mourning,raw-complete,G2799,M03,M03(Grief)
92,mourning,raw-complete,G2870,,
92,mourning,raw-complete,G2875,M03,M03(Grief)
92,mourning,raw-complete,G3602,M03,M03(Grief)
92,mourning,raw-complete,G3649,,
92,mourning,raw-complete,G3996,M03,M03(Grief)
92,mourning,raw-complete,G3997,M03,M03(Grief)
92,mourning,raw-complete,G7891,,
92,mourning,raw-complete,G8692,,
92,mourning,raw-complete,H0056,M03,M03(Grief)
92,mourning,raw-complete,H0057,M03,M03(Grief)
92,mourning,raw-complete,H0060,M03,M03(Grief)
92,mourning,raw-complete,H0205H,M10,M10(Sin)
92,mourning,raw-complete,H0421,,
92,mourning,raw-complete,H0578,M03,M03(Grief)
92,mourning,raw-complete,H0584,M03,M03(Grief)
92,mourning,raw-complete,H0585,M03,M03(Grief)
92,mourning,raw-complete,H0592,M42,M42(Speech)
92,mourning,raw-complete,H1058,M03,M03(Grief)
92,mourning,raw-complete,H1068,M03,M03(Grief)
92,mourning,raw-complete,H1897,M42,M42(Speech)
92,mourning,raw-complete,H1899,M42,M42(Speech)
92,mourning,raw-complete,H1993,,
92,mourning,raw-complete,H2201,M42,M42(Speech)
92,mourning,raw-complete,H3013,M24,M24(Weakness)
92,mourning,raw-complete,H3213,,
92,mourning,raw-complete,H3215,,
92,mourning,raw-complete,H4553,M03,M03(Grief)
92,mourning,raw-complete,H4798,M03,M03(Grief)
92,mourning,raw-complete,H5091,,
92,mourning,raw-complete,H5092,,
92,mourning,raw-complete,H5098,M42,M42(Speech)
92,mourning,raw-complete,H5110,,
92,mourning,raw-complete,H5162G,M05,M05(Love)
92,mourning,raw-complete,H5594,M03,M03(Grief)
92,mourning,raw-complete,H6087A,M24,M24(Weakness)
92,mourning,raw-complete,H6213H,,
92,mourning,raw-complete,H6428,,
92,mourning,raw-complete,H6937,T2,T2(Supplementary)
92,mourning,raw-complete,H6941,M03,M03(Grief)
92,mourning,raw-complete,H6969,M42,M42(Speech)
92,mourning,raw-complete,H7015,,
92,mourning,raw-complete,H7300,T2,T2(Supplementary)
92,mourning,raw-complete,H7971G,,
92,mourning,raw-complete,H8386,M03,M03(Grief)
166,name,raw-complete,G1941,M37,M37(Calling)
166,name,raw-complete,G2028,,
166,name,raw-complete,G2564G,M37,M37(Calling)
166,name,raw-complete,G2564H,,
166,name,raw-complete,G3004H,,
166,name,raw-complete,G3686,T2,T2(Supplementary)
166,name,raw-complete,G3687,T2,T2(Supplementary)
166,name,raw-complete,G5122,,
166,name,raw-complete,G6285,,
166,name,raw-complete,H1696I,,
166,name,raw-complete,H2143,T2,T2(Supplementary)
166,name,raw-complete,H5344A,,
166,name,raw-complete,H7121G,M37,M37(Calling)
166,name,raw-complete,H7121H,M37,M37(Calling)
166,name,raw-complete,H7760A,,
166,name,raw-complete,H7760M,,
166,name,raw-complete,H7761G,,
166,name,raw-complete,H8034,"FLAG,T2","FLAG(Flag),T2(Supplementary)"
166,name,raw-complete,H8036,,
93,obedience,raw-complete,G3980,,
93,obedience,raw-complete,G5218,M09,M09(Humility)
93,obedience,raw-complete,G5219,M09,M09(Humility)
93,obedience,raw-complete,G5255,,
93,obedience,raw-complete,G5292,M09,M09(Humility)
93,obedience,raw-complete,G5293,M23,M23(Strength)
93,obedience,raw-complete,G5442G,,
93,obedience,raw-complete,H3349,M09,M09(Humility)
93,obedience,raw-complete,H5341,M30,M30(Obedience)
93,obedience,raw-complete,H5401A,,
93,obedience,raw-complete,H8085G,M41,M41(Remembrance)
93,obedience,raw-complete,H8085H,M41,M41(Remembrance)
94,passion,raw-complete,G1939,M28,M28(Envy)
94,passion,raw-complete,G2237,"M04,M28","M04(Joy),M28(Envy)"
94,passion,raw-complete,G2372,,
94,passion,raw-complete,G2691,M28,M28(Envy)
94,passion,raw-complete,G3715,M28,M28(Envy)
94,passion,raw-complete,G3804,M24,M24(Weakness)
94,passion,raw-complete,G3806,T2,T2(Supplementary)
94,passion,raw-complete,G3958,M24,M24(Weakness)
94,passion,raw-complete,G7493,,
94,passion,raw-complete,G7513,,
94,passion,raw-complete,H0185,,
95,patience,raw-complete,G0530,,
95,patience,raw-complete,G3114,M34,M34(Perseverance)
95,patience,raw-complete,G3115,M33,M33(Peace)
95,patience,raw-complete,G5278,M34,M34(Perseverance)
95,patience,raw-complete,G5281,M34,M34(Perseverance)
95,patience,raw-complete,H0639G,T2,T2(Supplementary)
95,patience,raw-complete,H0748,M25,M25(Life)
95,patience,raw-complete,H0750,T2,T2(Supplementary)
95,patience,raw-complete,H0753,T2,T2(Supplementary)
95,patience,raw-complete,H3811,M24,M24(Weakness)
96,peace,raw-complete,G0425,M33,M33(Peace)
96,peace,raw-complete,G1055,,
96,peace,raw-complete,G1514,M33,M33(Peace)
96,peace,raw-complete,G1515,M33,M33(Peace)
96,peace,raw-complete,G1516,M33,M33(Peace)
96,peace,raw-complete,G1517,M05,M05(Love)
96,peace,raw-complete,G2263,M33,M33(Peace)
96,peace,raw-complete,G2270,M33,M33(Peace)
96,peace,raw-complete,G2271,M33,M33(Peace)
96,peace,raw-complete,G4601,M42,M42(Speech)
96,peace,raw-complete,G4623,M33,M33(Peace)
96,peace,raw-complete,G5392,M07,M07(Shame)
96,peace,raw-complete,H1293,M22,M22(Praise)
96,peace,raw-complete,H1585,T2,T2(Supplementary)
96,peace,raw-complete,H1824,,
96,peace,raw-complete,H1826H,M33,M33(Peace)
96,peace,raw-complete,H2013,M33,M33(Peace)
96,peace,raw-complete,H2308,,
96,peace,raw-complete,H2790A,M14,M14(Deceit)
96,peace,raw-complete,H2790B,M33,M33(Peace)
96,peace,raw-complete,H2814,M42,M42(Speech)
96,peace,raw-complete,H4494,M33,M33(Peace)
96,peace,raw-complete,H4771,M33,M33(Peace)
96,peace,raw-complete,H4774,M33,M33(Peace)
96,peace,raw-complete,H5117,M33,M33(Peace)
96,peace,raw-complete,H5118,M33,M33(Peace)
96,peace,raw-complete,H5183,,
96,peace,raw-complete,H7280B,M33,M33(Peace)
96,peace,raw-complete,H7282,M33,M33(Peace)
96,peace,raw-complete,H7600,"M19,M46","M19(Trust),M46(Abundance)"
96,peace,raw-complete,H7961,,
96,peace,raw-complete,H7965G,M33,M33(Peace)
96,peace,raw-complete,H7965H,M33,M33(Peace)
96,peace,raw-complete,H7965I,M33,M33(Peace)
96,peace,raw-complete,H7965J,M33,M33(Peace)
96,peace,raw-complete,H7965K,M33,M33(Peace)
96,peace,raw-complete,H7965L,M33,M33(Peace)
96,peace,raw-complete,H7999A,,
96,peace,raw-complete,H7999B,,
96,peace,raw-complete,H8001,,
96,peace,raw-complete,H8002,,
96,peace,raw-complete,H8252,M33,M33(Peace)
96,peace,raw-complete,H8253,M33,M33(Peace)
97,perverseness,raw-complete,G1294,,
97,perverseness,raw-complete,G1608,,
97,perverseness,raw-complete,G4646,,
97,perverseness,raw-complete,G6882,,
97,perverseness,raw-complete,H2015,T2,T2(Supplementary)
97,perverseness,raw-complete,H2017,M10,M10(Sin)
97,perverseness,raw-complete,H3399A,,
97,perverseness,raw-complete,H3399B,,
97,perverseness,raw-complete,H3868,M14,M14(Deceit)
97,perverseness,raw-complete,H3891,M10,M10(Sin)
97,perverseness,raw-complete,H4297,M10,M10(Sin)
97,perverseness,raw-complete,H5557,M10,M10(Sin)
97,perverseness,raw-complete,H5558,M14,M14(Deceit)
97,perverseness,raw-complete,H5753A,M10,M10(Sin)
97,perverseness,raw-complete,H5753B,M10,M10(Sin)
97,perverseness,raw-complete,H5766B,M10,M10(Sin)
97,perverseness,raw-complete,H5773,,
97,perverseness,raw-complete,H5791,,
97,perverseness,raw-complete,H5999,M03,M03(Grief)
97,perverseness,raw-complete,H6140,,
97,perverseness,raw-complete,H6141,M14,M14(Deceit)
97,perverseness,raw-complete,H6143,,
97,perverseness,raw-complete,H8397,M10,M10(Sin)
97,perverseness,raw-complete,H8419,M10,M10(Sin)
159,power,raw-complete,G0746,M17,M17(Counsel)
159,power,raw-complete,G1411,M23,M23(Strength)
159,power,raw-complete,G1414,"M23,T2","M23(Strength),T2(Supplementary)"
159,power,raw-complete,G1415,"M23,T2","M23(Strength),T2(Supplementary)"
159,power,raw-complete,G1753,M23,M23(Strength)
159,power,raw-complete,G1756,M23,M23(Strength)
159,power,raw-complete,G1840,M23,M23(Strength)
159,power,raw-complete,G1849,M23,M23(Strength)
159,power,raw-complete,G1850,M23,M23(Strength)
159,power,raw-complete,G2478,M23,M23(Strength)
159,power,raw-complete,G2479,M23,M23(Strength)
159,power,raw-complete,G2480,M23,M23(Strength)
159,power,raw-complete,G2739,,
159,power,raw-complete,G2888,,
159,power,raw-complete,G2904,M23,M23(Strength)
159,power,raw-complete,G3173,,
159,power,raw-complete,G3175,,
159,power,raw-complete,G6975,,
159,power,raw-complete,G7027,,
159,power,raw-complete,G8156,,
159,power,raw-complete,H0047I,,
159,power,raw-complete,H0202,M23,M23(Strength)
159,power,raw-complete,H0410L,,
159,power,raw-complete,H1368,T2,T2(Supplementary)
159,power,raw-complete,H1369,M23,M23(Strength)
159,power,raw-complete,H1370,T2,T2(Supplementary)
159,power,raw-complete,H1419A,,
159,power,raw-complete,H2220,T2,T2(Supplementary)
159,power,raw-complete,H2388G,M23,M23(Strength)
159,power,raw-complete,H2389,M23,M23(Strength)
159,power,raw-complete,H2392,M23,M23(Strength)
159,power,raw-complete,H2393,M23,M23(Strength)
159,power,raw-complete,H2428G,M23,M23(Strength)
159,power,raw-complete,H2429,M23,M23(Strength)
159,power,raw-complete,H2632,"M23,T2","M23(Strength),T2(Supplementary)"
159,power,raw-complete,H3027G,T2,T2(Supplementary)
159,power,raw-complete,H3027H,T2,T2(Supplementary)
159,power,raw-complete,H3027I,T2,T2(Supplementary)
159,power,raw-complete,H3027J,T2,T2(Supplementary)
159,power,raw-complete,H3027K,T2,T2(Supplementary)
159,power,raw-complete,H3027L,T2,T2(Supplementary)
159,power,raw-complete,H3027M,T2,T2(Supplementary)
159,power,raw-complete,H3027N,,
159,power,raw-complete,H3027O,T2,T2(Supplementary)
159,power,raw-complete,H3027P,T2,T2(Supplementary)
159,power,raw-complete,H3027Q,T2,T2(Supplementary)
159,power,raw-complete,H3027R,T2,T2(Supplementary)
159,power,raw-complete,H3027S,T2,T2(Supplementary)
159,power,raw-complete,H3027T,T2,T2(Supplementary)
159,power,raw-complete,H3027U,T2,T2(Supplementary)
159,power,raw-complete,H3027V,T2,T2(Supplementary)
159,power,raw-complete,H3027W,"M23,T2","M23(Strength),T2(Supplementary)"
159,power,raw-complete,H3027X,T2,T2(Supplementary)
159,power,raw-complete,H3028,T2,T2(Supplementary)
159,power,raw-complete,H3524,,
159,power,raw-complete,H3581A,T2,T2(Supplementary)
159,power,raw-complete,H3581B,M23,M23(Strength)
159,power,raw-complete,H3981,M23,M23(Strength)
159,power,raw-complete,H4427A,,
159,power,raw-complete,H4475,M23,M23(Strength)
159,power,raw-complete,H4637,M01,M01(Fear)
159,power,raw-complete,H5794,M23,M23(Strength)
159,power,raw-complete,H5797,M23,M23(Strength)
159,power,raw-complete,H5807,M23,M23(Strength)
159,power,raw-complete,H5808,M23,M23(Strength)
159,power,raw-complete,H5810,M23,M23(Strength)
159,power,raw-complete,H6099,M23,M23(Strength)
159,power,raw-complete,H6105A,M23,M23(Strength)
159,power,raw-complete,H6109,M23,M23(Strength)
159,power,raw-complete,H6184,M06,M06(Hate)
159,power,raw-complete,H6381,M04,M04(Joy)
159,power,raw-complete,H6965B,,
159,power,raw-complete,H6978,,
159,power,raw-complete,H7786,,
159,power,raw-complete,H7981,M23,M23(Strength)
159,power,raw-complete,H7983,M23,M23(Strength)
159,power,raw-complete,H7989,"M08,M23","M08(Pride),M23(Strength)"
159,power,raw-complete,H7990,M23,M23(Strength)
159,power,raw-complete,H8280,M34,M34(Perseverance)
159,power,raw-complete,H8592,M23,M23(Strength)
159,power,raw-complete,H8617,T2,T2(Supplementary)
159,power,raw-complete,H8633,M23,M23(Strength)
98,praise,raw-complete,G0103,,
98,praise,raw-complete,G0133,M22,M22(Praise)
98,praise,raw-complete,G0134,M22,M22(Praise)
98,praise,raw-complete,G0136,M22,M22(Praise)
98,praise,raw-complete,G0437,,
98,praise,raw-complete,G0703,,
98,praise,raw-complete,G1391,M22,M22(Praise)
98,praise,raw-complete,G1392,,
98,praise,raw-complete,G1584,,
98,praise,raw-complete,G1867,M22,M22(Praise)
98,praise,raw-complete,G1868,M22,M22(Praise)
98,praise,raw-complete,G2017,,
98,praise,raw-complete,G2019,,
98,praise,raw-complete,G2127,M22,M22(Praise)
98,praise,raw-complete,G2128,,
98,praise,raw-complete,G2129,,
98,praise,raw-complete,G2162,M22,M22(Praise)
98,praise,raw-complete,G2358,,
98,praise,raw-complete,G2905,,
98,praise,raw-complete,G2906,,
98,praise,raw-complete,G2989,,
98,praise,raw-complete,G3170,,
98,praise,raw-complete,G3670,,
98,praise,raw-complete,G4034,,
98,praise,raw-complete,G4744,,
98,praise,raw-complete,G5214,M22,M22(Praise)
98,praise,raw-complete,G5316,,
98,praise,raw-complete,G5567,M22,M22(Praise)
98,praise,raw-complete,G6165,,
98,praise,raw-complete,G7765,,
98,praise,raw-complete,H1288,M39,M39(Blessing)
98,praise,raw-complete,H1289,,
98,praise,raw-complete,H1906,M42,M42(Speech)
98,praise,raw-complete,H1960,M22,M22(Praise)
98,praise,raw-complete,H1974,M22,M22(Praise)
98,praise,raw-complete,H1984A,T2,T2(Supplementary)
98,praise,raw-complete,H1984B,M22,M22(Praise)
98,praise,raw-complete,H1984C,M16,M16(Folly)
98,praise,raw-complete,H1984H,M08,M08(Pride)
98,praise,raw-complete,H1984I,"M08,M16","M08(Pride),M16(Folly)"
98,praise,raw-complete,H2158,M42,M42(Speech)
98,praise,raw-complete,H2167,M42,M42(Speech)
98,praise,raw-complete,H3029,M22,M22(Praise)
98,praise,raw-complete,H3034,M22,M22(Praise)
98,praise,raw-complete,H3519,M22,M22(Praise)
98,praise,raw-complete,H4110,M22,M22(Praise)
98,praise,raw-complete,H5108B,,
98,praise,raw-complete,H5115A,T2,T2(Supplementary)
98,praise,raw-complete,H7318,M22,M22(Praise)
98,praise,raw-complete,H7321,M22,M22(Praise)
98,praise,raw-complete,H7452,,
98,praise,raw-complete,H7623A,M33,M33(Peace)
98,praise,raw-complete,H7623B,,
98,praise,raw-complete,H7624,M22,M22(Praise)
98,praise,raw-complete,H7878,M15,M15(Wisdom)
98,praise,raw-complete,H7891,,
98,praise,raw-complete,H7911,,
98,praise,raw-complete,H8416,M22,M22(Praise)
98,praise,raw-complete,H8426,M22,M22(Praise)
98,praise,raw-complete,H8663,,
99,prayer,raw-complete,G1162,M21,M21(Prayer)
99,prayer,raw-complete,G1189,M21,M21(Prayer)
99,prayer,raw-complete,G1783,M21,M21(Prayer)
99,prayer,raw-complete,G2171,M21,M21(Prayer)
99,prayer,raw-complete,G2172,,
99,prayer,raw-complete,G4335,M21,M21(Prayer)
99,prayer,raw-complete,G4336,M21,M21(Prayer)
99,prayer,raw-complete,H1156,M21,M21(Prayer)
99,prayer,raw-complete,H1159,,
99,prayer,raw-complete,H1697G,,
99,prayer,raw-complete,H2470B,M21,M21(Prayer)
99,prayer,raw-complete,H5258,T2,T2(Supplementary)
99,prayer,raw-complete,H6279,M21,M21(Prayer)
99,prayer,raw-complete,H6739,M21,M21(Prayer)
99,prayer,raw-complete,H7596,,
99,prayer,raw-complete,H7881,M15,M15(Wisdom)
99,prayer,raw-complete,H8210,,
99,prayer,raw-complete,H8467,M21,M21(Prayer)
99,prayer,raw-complete,H8605,M21,M21(Prayer)
100,pride,raw-complete,G0212,M08,M08(Pride)
100,pride,raw-complete,G2744,M08,M08(Pride)
100,pride,raw-complete,G2745,M08,M08(Pride)
100,pride,raw-complete,G2746,M08,M08(Pride)
100,pride,raw-complete,G2754,,
100,pride,raw-complete,G5187,M08,M08(Pride)
100,pride,raw-complete,G5197,,
100,pride,raw-complete,G5243,M08,M08(Pride)
100,pride,raw-complete,G5244,M08,M08(Pride)
100,pride,raw-complete,G5448,M08,M08(Pride)
100,pride,raw-complete,G5450,M08,M08(Pride)
100,pride,raw-complete,H0639I,,
100,pride,raw-complete,H1341,M08,M08(Pride)
100,pride,raw-complete,H1343,M08,M08(Pride)
100,pride,raw-complete,H1344,M08,M08(Pride)
100,pride,raw-complete,H1346,M08,M08(Pride)
100,pride,raw-complete,H1347,M08,M08(Pride)
100,pride,raw-complete,H1348,M08,M08(Pride)
100,pride,raw-complete,H1361,"M04,M08","M04(Joy),M08(Pride)"
100,pride,raw-complete,H1363,M08,M08(Pride)
100,pride,raw-complete,H1365,M08,M08(Pride)
100,pride,raw-complete,H1466,M08,M08(Pride)
100,pride,raw-complete,H1467,M08,M08(Pride)
100,pride,raw-complete,H2087,M08,M08(Pride)
100,pride,raw-complete,H2103,M08,M08(Pride)
100,pride,raw-complete,H3093,,
100,pride,raw-complete,H4062,T2,T2(Supplementary)
100,pride,raw-complete,H4791,M08,M08(Pride)
100,pride,raw-complete,H7293,"M08,T2","M08(Pride),T2(Supplementary)"
100,pride,raw-complete,H7295,M08,M08(Pride)
100,pride,raw-complete,H7296,M08,M08(Pride)
100,pride,raw-complete,H7830,M08,M08(Pride)
101,prophecy,raw-complete,G4394,M43,M43(Prophecy)
101,prophecy,raw-complete,G4395,M42,M42(Speech)
101,prophecy,raw-complete,G4397,T2,T2(Supplementary)
101,prophecy,raw-complete,H2372,,
101,prophecy,raw-complete,H4853A,,
101,prophecy,raw-complete,H5002,,
101,prophecy,raw-complete,H5016,M43,M43(Prophecy)
101,prophecy,raw-complete,H5017,M43,M43(Prophecy)
101,prophecy,raw-complete,H5030,T2,T2(Supplementary)
102,purity,raw-complete,G0047,M12,M12(Purity)
102,purity,raw-complete,G0048,M12,M12(Purity)
102,purity,raw-complete,G0054,M12,M12(Purity)
102,purity,raw-complete,G0283,,
102,purity,raw-complete,G0862,,
102,purity,raw-complete,G4101,,
102,purity,raw-complete,H1252,M12,M12(Purity)
102,purity,raw-complete,H1305,M12,M12(Purity)
102,purity,raw-complete,H2135,M12,M12(Purity)
102,purity,raw-complete,H2889,M12,M12(Purity)
102,purity,raw-complete,H2890,M12,M12(Purity)
102,purity,raw-complete,H2892A,M12,M12(Purity)
102,purity,raw-complete,H2892B,M12,M12(Purity)
102,purity,raw-complete,H4935,,
102,purity,raw-complete,H5343,,
102,purity,raw-complete,H6337,,
102,purity,raw-complete,H6884,,
102,purity,raw-complete,H7364,,
103,purpose,raw-complete,G1011,M15,M15(Wisdom)
103,purpose,raw-complete,G1012,M17,M17(Counsel)
103,purpose,raw-complete,G1013,M17,M17(Counsel)
103,purpose,raw-complete,G1106,M15,M15(Wisdom)
103,purpose,raw-complete,G1520,,
103,purpose,raw-complete,G1771,M15,M15(Wisdom)
103,purpose,raw-complete,G2107,M39,M39(Blessing)
103,purpose,raw-complete,G2443,,
103,purpose,raw-complete,G2761,,
103,purpose,raw-complete,G3661,,
103,purpose,raw-complete,G4160G,,
103,purpose,raw-complete,G4286,M17,M17(Counsel)
103,purpose,raw-complete,G4388,M15,M15(Wisdom)
103,purpose,raw-complete,G5056,T2,T2(Supplementary)
103,purpose,raw-complete,G5087,,
103,purpose,raw-complete,G5427,M17,M17(Counsel)
103,purpose,raw-complete,H0559,,
103,purpose,raw-complete,H1697M,,
103,purpose,raw-complete,H1701,M17,M17(Counsel)
103,purpose,raw-complete,H2161,M15,M15(Wisdom)
103,purpose,raw-complete,H2162,M17,M17(Counsel)
103,purpose,raw-complete,H2656,M04,M04(Joy)
103,purpose,raw-complete,H3276,,
103,purpose,raw-complete,H3289,M15,M15(Wisdom)
103,purpose,raw-complete,H3335I,"FLAG,T2","FLAG(Flag),T2(Supplementary)"
103,purpose,raw-complete,H3336,M29,M29(Desire)
103,purpose,raw-complete,H4209,M14,M14(Deceit)
103,purpose,raw-complete,H4284,M14,M14(Deceit)
103,purpose,raw-complete,H4616,T2,T2(Supplementary)
103,purpose,raw-complete,H4617,M42,M42(Speech)
103,purpose,raw-complete,H5414H,,
103,purpose,raw-complete,H5668,,
103,purpose,raw-complete,H6098,M17,M17(Counsel)
103,purpose,raw-complete,H6640,,
103,purpose,raw-complete,H6656,T2,T2(Supplementary)
103,purpose,raw-complete,H6680,,
103,purpose,raw-complete,H7760A,,
103,purpose,raw-complete,H7997A,,
103,purpose,raw-complete,H8356,,
104,reasoning,raw-complete,G0156,M26,M26(Righteousness)
104,reasoning,raw-complete,G0158,,
104,reasoning,raw-complete,G0159,M26,M26(Righteousness)
104,reasoning,raw-complete,G0473,,
104,reasoning,raw-complete,G0701,M04,M04(Joy)
104,reasoning,raw-complete,G0804,,
104,reasoning,raw-complete,G1063,,
104,reasoning,raw-complete,G1223,,
104,reasoning,raw-complete,G1256,M15,M15(Wisdom)
104,reasoning,raw-complete,G1260,M15,M15(Wisdom)
104,reasoning,raw-complete,G1261,M15,M15(Wisdom)
104,reasoning,raw-complete,G1352,,
104,reasoning,raw-complete,G1500,,
104,reasoning,raw-complete,G1752,,
104,reasoning,raw-complete,G1933,M05,M05(Love)
104,reasoning,raw-complete,G2138,,
104,reasoning,raw-complete,G2761,,
104,reasoning,raw-complete,G3049,M26,M26(Righteousness)
104,reasoning,raw-complete,G3050,M43,M43(Prophecy)
104,reasoning,raw-complete,G4802,,
104,reasoning,raw-complete,G4803,,
104,reasoning,raw-complete,G4817,,
104,reasoning,raw-complete,G5426,M15,M15(Wisdom)
104,reasoning,raw-complete,G5484,,
104,reasoning,raw-complete,H0559,,
104,reasoning,raw-complete,H1697M,,
104,reasoning,raw-complete,H2600,T2,T2(Supplementary)
104,reasoning,raw-complete,H3198,,
104,reasoning,raw-complete,H3282,,
104,reasoning,raw-complete,H4101,T2,T2(Supplementary)
104,reasoning,raw-complete,H4486,M15,M15(Wisdom)
104,reasoning,raw-complete,H4616,T2,T2(Supplementary)
104,reasoning,raw-complete,H5668,,
104,reasoning,raw-complete,H5921A,,
104,reasoning,raw-complete,H6440I,,
104,reasoning,raw-complete,H6485K,T2,T2(Supplementary)
104,reasoning,raw-complete,H6903H,,
104,reasoning,raw-complete,H8199,"FLAG,M26","FLAG(Flag),M26(Righteousness)"
104,reasoning,raw-complete,H8394,M15,M15(Wisdom)
105,rebellion,raw-complete,G0181,,
105,rebellion,raw-complete,G0485,M02,M02(Anger)
105,rebellion,raw-complete,G0506,,
105,rebellion,raw-complete,G0646,M10,M10(Sin)
105,rebellion,raw-complete,G1881,,
105,rebellion,raw-complete,G1999,,
105,rebellion,raw-complete,G3027,,
105,rebellion,raw-complete,G3893,M30,M30(Obedience)
105,rebellion,raw-complete,G3894,M30,M30(Obedience)
105,rebellion,raw-complete,G6149,,
105,rebellion,raw-complete,H4775,M30,M30(Obedience)
105,rebellion,raw-complete,H4776,M30,M30(Obedience)
105,rebellion,raw-complete,H4777,M30,M30(Obedience)
105,rebellion,raw-complete,H4779,,
105,rebellion,raw-complete,H4780,M30,M30(Obedience)
105,rebellion,raw-complete,H4805H,M30,M30(Obedience)
105,rebellion,raw-complete,H4878,,
105,rebellion,raw-complete,H5472,,
105,rebellion,raw-complete,H5627,M10,M10(Sin)
105,rebellion,raw-complete,H6586,M10,M10(Sin)
105,rebellion,raw-complete,H6588,M10,M10(Sin)
105,rebellion,raw-complete,H6965B,,
105,rebellion,raw-complete,H7311A,M08,M08(Pride)
105,rebellion,raw-complete,H7846,,
106,reconciliation,raw-complete,G2433,M38,M38(Salvation)
106,reconciliation,raw-complete,G2643,M05,M05(Love)
106,reconciliation,raw-complete,H2398,M10,M10(Sin)
107,rejection,raw-complete,G0096,,
107,rejection,raw-complete,G0114,,
107,rejection,raw-complete,G0544,M30,M30(Obedience)
107,rejection,raw-complete,G0579,,
107,rejection,raw-complete,G0580,M11,M11(Repentance)
107,rejection,raw-complete,G0593,,
107,rejection,raw-complete,G0654,,
107,rejection,raw-complete,G0683,,
107,rejection,raw-complete,G0720,,
107,rejection,raw-complete,G1544,,
107,rejection,raw-complete,G1609,,
107,rejection,raw-complete,G1847,T2,T2(Supplementary)
107,rejection,raw-complete,G1848,M07,M07(Shame)
107,rejection,raw-complete,G2630,,
107,rejection,raw-complete,G3868,,
107,rejection,raw-complete,G6006,,
107,rejection,raw-complete,G6493,,
107,rejection,raw-complete,H1602,M06,M06(Hate)
107,rejection,raw-complete,H1920,,
107,rejection,raw-complete,H1972,,
107,rejection,raw-complete,H2186A,M06,M06(Hate)
107,rejection,raw-complete,H2186B,,
107,rejection,raw-complete,H2310,,
107,rejection,raw-complete,H2904,,
107,rejection,raw-complete,H3032,,
107,rejection,raw-complete,H3973,,
107,rejection,raw-complete,H3988A,M06,M06(Hate)
107,rejection,raw-complete,H3988B,,
107,rejection,raw-complete,H4048,,
107,rejection,raw-complete,H5006,M06,M06(Hate)
107,rejection,raw-complete,H5034A,,
107,rejection,raw-complete,H5203,,
107,rejection,raw-complete,H5493G,M30,M30(Obedience)
107,rejection,raw-complete,H5493I,M30,M30(Obedience)
107,rejection,raw-complete,H5541A,,
107,rejection,raw-complete,H5541B,,
107,rejection,raw-complete,H5800A,M20,M20(Doubt)
107,rejection,raw-complete,H5800H,,
107,rejection,raw-complete,H7412,,
107,rejection,raw-complete,H7725I,,
107,rejection,raw-complete,H8581,M06,M06(Hate)
108,rejoicing,raw-complete,G0021,M04,M04(Joy)
108,rejoicing,raw-complete,G2165,M22,M22(Praise)
108,rejoicing,raw-complete,G2744,M08,M08(Pride)
108,rejoicing,raw-complete,G2745,M08,M08(Pride)
108,rejoicing,raw-complete,G2746,M08,M08(Pride)
108,rejoicing,raw-complete,G4796,M04,M04(Joy)
108,rejoicing,raw-complete,G5463,M04,M04(Joy)
108,rejoicing,raw-complete,G5479,M04,M04(Joy)
108,rejoicing,raw-complete,G7471,,
108,rejoicing,raw-complete,G7953,,
108,rejoicing,raw-complete,G8946,,
108,rejoicing,raw-complete,H1523,M04,M04(Joy)
108,rejoicing,raw-complete,H1524A,M04,M04(Joy)
108,rejoicing,raw-complete,H1524B,T2,T2(Supplementary)
108,rejoicing,raw-complete,H1525,M04,M04(Joy)
108,rejoicing,raw-complete,H2302,M04,M04(Joy)
108,rejoicing,raw-complete,H4885,M04,M04(Joy)
108,rejoicing,raw-complete,H5539,M04,M04(Joy)
108,rejoicing,raw-complete,H5937,M04,M04(Joy)
108,rejoicing,raw-complete,H5938,,
108,rejoicing,raw-complete,H5947,,
108,rejoicing,raw-complete,H5951,M04,M04(Joy)
108,rejoicing,raw-complete,H5965,M04,M04(Joy)
108,rejoicing,raw-complete,H5970,M04,M04(Joy)
108,rejoicing,raw-complete,H6670A,,
108,rejoicing,raw-complete,H7337,M23,M23(Strength)
108,rejoicing,raw-complete,H7440,M42,M42(Speech)
108,rejoicing,raw-complete,H7442B,M42,M42(Speech)
108,rejoicing,raw-complete,H7445,M04,M04(Joy)
108,rejoicing,raw-complete,H7797,M04,M04(Joy)
108,rejoicing,raw-complete,H7832,M04,M04(Joy)
108,rejoicing,raw-complete,H8055,M04,M04(Joy)
108,rejoicing,raw-complete,H8056,M04,M04(Joy)
108,rejoicing,raw-complete,H8057,M04,M04(Joy)
108,rejoicing,raw-complete,H8342,M04,M04(Joy)
108,rejoicing,raw-complete,H8643,,
109,renewal,raw-complete,G0330,,
109,renewal,raw-complete,G0340,,
109,renewal,raw-complete,G0341,M45,M45(Transformation)
109,renewal,raw-complete,G0342,M45,M45(Transformation)
109,renewal,raw-complete,G0365,,
109,renewal,raw-complete,G3824,,
109,renewal,raw-complete,G7361,,
109,renewal,raw-complete,H0724,,
109,renewal,raw-complete,H2318,,
109,renewal,raw-complete,H2487,M45,M45(Transformation)
109,renewal,raw-complete,H2498,"FLAG,T2","FLAG(Flag),T2(Supplementary)"
109,renewal,raw-complete,H6974,,
109,renewal,raw-complete,H7375,,
109,renewal,raw-complete,H7495,,
109,renewal,raw-complete,H7500,,
109,renewal,raw-complete,H8644,,
110,repentance,raw-complete,G0278,M13,M13(Truth)
110,repentance,raw-complete,G3338,M45,M45(Transformation)
110,repentance,raw-complete,G3340,M45,M45(Transformation)
110,repentance,raw-complete,G3341,M45,M45(Transformation)
110,repentance,raw-complete,G8298,,
110,repentance,raw-complete,H5162G,M05,M05(Love)
110,repentance,raw-complete,H5162H,M11,M11(Repentance)
110,repentance,raw-complete,H5164,M45,M45(Transformation)
110,repentance,raw-complete,H7725G,,
110,repentance,raw-complete,H7725I,,
110,repentance,raw-complete,H7725J,,
110,repentance,raw-complete,H7725N,M11,M11(Repentance)
110,repentance,raw-complete,H7725O,M45,M45(Transformation)
110,repentance,raw-complete,H7729,,
111,righteousness,raw-complete,G1343,M26,M26(Righteousness)
111,righteousness,raw-complete,G1344,M26,M26(Righteousness)
111,righteousness,raw-complete,G1345,M26,M26(Righteousness)
111,righteousness,raw-complete,G1347,M26,M26(Righteousness)
111,righteousness,raw-complete,G2118,M26,M26(Righteousness)
111,righteousness,raw-complete,H4334,,
111,righteousness,raw-complete,H6663,M26,M26(Righteousness)
111,righteousness,raw-complete,H6664G,M26,M26(Righteousness)
111,righteousness,raw-complete,H6664H,M26,M26(Righteousness)
111,righteousness,raw-complete,H6665,,
111,righteousness,raw-complete,H6666,M26,M26(Righteousness)
179,salvation,raw-complete,G1295,,
179,salvation,raw-complete,G1805,,
179,salvation,raw-complete,G1929,T2,T2(Supplementary)
179,salvation,raw-complete,G3083,,
179,salvation,raw-complete,G3084,,
179,salvation,raw-complete,G3086,,
179,salvation,raw-complete,G4506,,
179,salvation,raw-complete,G4982,M38,M38(Salvation)
179,salvation,raw-complete,G4991,M38,M38(Salvation)
179,salvation,raw-complete,G4992,M38,M38(Salvation)
179,salvation,raw-complete,H1350,,
179,salvation,raw-complete,H3444,M38,M38(Salvation)
179,salvation,raw-complete,H3467,,
179,salvation,raw-complete,H3468,M38,M38(Salvation)
179,salvation,raw-complete,H3724,,
179,salvation,raw-complete,H4190,M38,M38(Salvation)
179,salvation,raw-complete,H5337,,
179,salvation,raw-complete,H5338,,
179,salvation,raw-complete,H6299,M38,M38(Salvation)
179,salvation,raw-complete,H6302,T2,T2(Supplementary)
179,salvation,raw-complete,H6308,,
179,salvation,raw-complete,H7804,,
179,salvation,raw-complete,H8668G,M38,M38(Salvation)
179,salvation,raw-complete,H8668H,,
112,seeking,raw-complete,G0327,,
112,seeking,raw-complete,G1377,T2,T2(Supplementary)
112,seeking,raw-complete,G1567,,
112,seeking,raw-complete,G1934,M21,M21(Prayer)
112,seeking,raw-complete,G2021,M35,M35(Testing)
112,seeking,raw-complete,G2052,M28,M28(Envy)
112,seeking,raw-complete,G2212,M41,M41(Remembrance)
112,seeking,raw-complete,G2614,,
112,seeking,raw-complete,H1156,M21,M21(Prayer)
112,seeking,raw-complete,H1239,,
112,seeking,raw-complete,H1243,,
112,seeking,raw-complete,H1245,M41,M41(Remembrance)
112,seeking,raw-complete,H1875,M41,M41(Remembrance)
112,seeking,raw-complete,H2470B,M21,M21(Prayer)
112,seeking,raw-complete,H2620,M19,M19(Trust)
112,seeking,raw-complete,H2664,,
112,seeking,raw-complete,H2713,,
112,seeking,raw-complete,H2714,,
112,seeking,raw-complete,H3947G,,
112,seeking,raw-complete,H4672,T2,T2(Supplementary)
112,seeking,raw-complete,H5027,T2,T2(Supplementary)
112,seeking,raw-complete,H5756,,
112,seeking,raw-complete,H5810,M23,M23(Strength)
112,seeking,raw-complete,H7080,,
112,seeking,raw-complete,H7122H,M37,M37(Calling)
112,seeking,raw-complete,H7291,,
112,seeking,raw-complete,H7592,M21,M21(Prayer)
112,seeking,raw-complete,H7836,M41,M41(Remembrance)
112,seeking,raw-complete,H8159,,
112,seeking,raw-complete,H8446,,
113,self-control,raw-complete,G0192,M28,M28(Envy)
113,self-control,raw-complete,G0193,M08,M08(Pride)
113,self-control,raw-complete,G1466,M19,M19(Trust)
113,self-control,raw-complete,G1467,M19,M19(Trust)
113,self-control,raw-complete,G1468,M19,M19(Trust)
113,self-control,raw-complete,G4993,"M15,M47","M15(Wisdom),M47(Constitution)"
113,self-control,raw-complete,G4995,M19,M19(Trust)
113,self-control,raw-complete,G4996,T2,T2(Supplementary)
113,self-control,raw-complete,G4997,"M15,T2","M15(Wisdom),T2(Supplementary)"
113,self-control,raw-complete,G4998,M19,M19(Trust)
113,self-control,raw-complete,H2413,,
113,self-control,raw-complete,H3607,,
113,self-control,raw-complete,H4148,,
113,self-control,raw-complete,H4622,T2,T2(Supplementary)
113,self-control,raw-complete,H4623,T2,T2(Supplementary)
113,self-control,raw-complete,H6113,M30,M30(Obedience)
113,self-control,raw-complete,H7307J,,
114,shame,raw-complete,G0149,,
114,shame,raw-complete,G0150,M07,M07(Shame)
114,shame,raw-complete,G0152,M07,M07(Shame)
114,shame,raw-complete,G0153,M07,M07(Shame)
114,shame,raw-complete,G0524,M30,M30(Obedience)
114,shame,raw-complete,G0808,M07,M07(Shame)
114,shame,raw-complete,G0818,M07,M07(Shame)
114,shame,raw-complete,G0819,M07,M07(Shame)
114,shame,raw-complete,G1165,,
114,shame,raw-complete,G1788,M07,M07(Shame)
114,shame,raw-complete,G1791,M07,M07(Shame)
114,shame,raw-complete,G2617,M07,M07(Shame)
114,shame,raw-complete,G3856,M07,M07(Shame)
114,shame,raw-complete,G5195,M06,M06(Hate)
114,shame,raw-complete,G6396,,
114,shame,raw-complete,H0887,M06,M06(Hate)
114,shame,raw-complete,H0937,M06,M06(Hate)
114,shame,raw-complete,H0954,M07,M07(Shame)
114,shame,raw-complete,H0955,M07,M07(Shame)
114,shame,raw-complete,H1317,M07,M07(Shame)
114,shame,raw-complete,H1322,M07,M07(Shame)
114,shame,raw-complete,H2283,M01,M01(Fear)
114,shame,raw-complete,H2616B,"M05,M07","M05(Love),M07(Shame)"
114,shame,raw-complete,H2617B,"M05,M07","M05(Love),M07(Shame)"
114,shame,raw-complete,H2659,M07,M07(Shame)
114,shame,raw-complete,H2778A,M06,M06(Hate)
114,shame,raw-complete,H2781,M06,M06(Hate)
114,shame,raw-complete,H3001,,
114,shame,raw-complete,H3637,M07,M07(Shame)
114,shame,raw-complete,H3639,M07,M07(Shame)
114,shame,raw-complete,H3640,M07,M07(Shame)
114,shame,raw-complete,H3700,M18,M18(Hope)
114,shame,raw-complete,H5949,,
114,shame,raw-complete,H6173,,
114,shame,raw-complete,H6440L,,
114,shame,raw-complete,H7022,M07,M07(Shame)
114,shame,raw-complete,H7036,M07,M07(Shame)
114,shame,raw-complete,H8103,M06,M06(Hate)
114,shame,raw-complete,H8106B,,
114,shame,raw-complete,H8218,,
115,sin,raw-complete,G0051,,
115,sin,raw-complete,G0053,M12,M12(Purity)
115,sin,raw-complete,G0264,M10,M10(Sin)
115,sin,raw-complete,G0265,M10,M10(Sin)
115,sin,raw-complete,G0266,M10,M10(Sin)
115,sin,raw-complete,G0268,M10,M10(Sin)
115,sin,raw-complete,G0361,M12,M12(Purity)
115,sin,raw-complete,G21497,,
115,sin,raw-complete,G3781,,
115,sin,raw-complete,G3900,M10,M10(Sin)
115,sin,raw-complete,G4202,,
115,sin,raw-complete,G4203,,
115,sin,raw-complete,G4205,,
115,sin,raw-complete,G4258,T2,T2(Supplementary)
115,sin,raw-complete,G7292,,
115,sin,raw-complete,H0205G,M10,M10(Sin)
115,sin,raw-complete,H0817,M10,M10(Sin)
115,sin,raw-complete,H0819,M10,M10(Sin)
115,sin,raw-complete,H2154,M27,M27(Evil)
115,sin,raw-complete,H2398,M10,M10(Sin)
115,sin,raw-complete,H2399,M10,M10(Sin)
115,sin,raw-complete,H2400,M10,M10(Sin)
115,sin,raw-complete,H2401,M10,M10(Sin)
115,sin,raw-complete,H2402,T2,T2(Supplementary)
115,sin,raw-complete,H2403A,M10,M10(Sin)
115,sin,raw-complete,H2403B,M10,M10(Sin)
115,sin,raw-complete,H2403H,M10,M10(Sin)
115,sin,raw-complete,H2403I,M10,M10(Sin)
115,sin,raw-complete,H2408,,
115,sin,raw-complete,H2409,,
115,sin,raw-complete,H4603,M10,M10(Sin)
115,sin,raw-complete,H5039,M16,M16(Folly)
115,sin,raw-complete,H5112,,
115,sin,raw-complete,H5512A,T2,T2(Supplementary)
115,sin,raw-complete,H5512B,,
115,sin,raw-complete,H5674D,,
115,sin,raw-complete,H5766A,M10,M10(Sin)
115,sin,raw-complete,H5771G,M10,M10(Sin)
115,sin,raw-complete,H5771H,M10,M10(Sin)
115,sin,raw-complete,H5771I,M10,M10(Sin)
115,sin,raw-complete,H5869K,,
115,sin,raw-complete,H6586,M10,M10(Sin)
115,sin,raw-complete,H6588,M10,M10(Sin)
115,sin,raw-complete,H7451I,"M03,M27","M03(Grief),M27(Evil)"
115,sin,raw-complete,H7564,M10,M10(Sin)
115,sin,raw-complete,H7683,M30,M30(Obedience)
115,sin,raw-complete,H7686,M30,M30(Obedience)
115,sin,raw-complete,H8582,M30,M30(Obedience)
116,sincerity,raw-complete,G0055,T2,T2(Supplementary)
116,sincerity,raw-complete,G0097,M12,M12(Purity)
116,sincerity,raw-complete,G0228,M13,M13(Truth)
116,sincerity,raw-complete,G0505,M12,M12(Purity)
116,sincerity,raw-complete,G0572,M05,M05(Love)
116,sincerity,raw-complete,G0858,,
116,sincerity,raw-complete,G0861,M12,M12(Purity)
116,sincerity,raw-complete,G1103,,
116,sincerity,raw-complete,G1342,M26,M26(Righteousness)
116,sincerity,raw-complete,G1505,M13,M13(Truth)
116,sincerity,raw-complete,G1506,M12,M12(Purity)
116,sincerity,raw-complete,H4339,M26,M26(Righteousness)
116,sincerity,raw-complete,H8549H,M12,M12(Purity)
117,slander,raw-complete,G0987,M10,M10(Sin)
117,slander,raw-complete,G0988,M10,M10(Sin)
117,slander,raw-complete,G0989,M10,M10(Sin)
117,slander,raw-complete,G1228G,,
117,slander,raw-complete,G1228H,,
117,slander,raw-complete,G1426,M14,M14(Deceit)
117,slander,raw-complete,G1908,,
117,slander,raw-complete,G2555,M10,M10(Sin)
117,slander,raw-complete,G2635,M42,M42(Speech)
117,slander,raw-complete,G2636,M14,M14(Deceit)
117,slander,raw-complete,G2637,M14,M14(Deceit)
117,slander,raw-complete,G3059,M07,M07(Shame)
117,slander,raw-complete,G5396,,
117,slander,raw-complete,H0205G,M10,M10(Sin)
117,slander,raw-complete,H1681,M14,M14(Deceit)
117,slander,raw-complete,H1696G,,
117,slander,raw-complete,H1848,M14,M14(Deceit)
117,slander,raw-complete,H3956G,,
117,slander,raw-complete,H3960,M42,M42(Speech)
117,slander,raw-complete,H5414P,,
117,slander,raw-complete,H7167,,
117,slander,raw-complete,H7270,T2,T2(Supplementary)
117,slander,raw-complete,H7279,M20,M20(Doubt)
117,slander,raw-complete,H7400,M14,M14(Deceit)
117,slander,raw-complete,H8193G,,
117,slander,raw-complete,H8267,M14,M14(Deceit)
169,sloth,raw-complete,G3576,,
169,sloth,raw-complete,G3636,M16,M16(Folly)
169,sloth,raw-complete,G8474,,
169,sloth,raw-complete,H6101,M24,M24(Weakness)
169,sloth,raw-complete,H6102,M24,M24(Weakness)
169,sloth,raw-complete,H6103,M24,M24(Weakness)
169,sloth,raw-complete,H7423B,M14,M14(Deceit)
169,sloth,raw-complete,H7503,M24,M24(Weakness)
118,sorcery,raw-complete,G3095,,
118,sorcery,raw-complete,G5331,T2,T2(Supplementary)
118,sorcery,raw-complete,G5333,,
118,sorcery,raw-complete,H3784,T2,T2(Supplementary)
118,sorcery,raw-complete,H3785,T2,T2(Supplementary)
118,sorcery,raw-complete,H5173,,
118,sorcery,raw-complete,H6049B,,
119,sorrow,raw-complete,G3076,M03,M03(Grief)
119,sorrow,raw-complete,G3077,M03,M03(Grief)
119,sorrow,raw-complete,G3600,M03,M03(Grief)
119,sorrow,raw-complete,G3601,M03,M03(Grief)
119,sorrow,raw-complete,G3997,M03,M03(Grief)
119,sorrow,raw-complete,G4036,M03,M03(Grief)
119,sorrow,raw-complete,G4818,M03,M03(Grief)
119,sorrow,raw-complete,G5604,M24,M24(Weakness)
119,sorrow,raw-complete,H0017,T2,T2(Supplementary)
119,sorrow,raw-complete,H0060,M03,M03(Grief)
119,sorrow,raw-complete,H0205H,M10,M10(Sin)
119,sorrow,raw-complete,H0585,M03,M03(Grief)
119,sorrow,raw-complete,H0592,M42,M42(Speech)
119,sorrow,raw-complete,H1669,M24,M24(Weakness)
119,sorrow,raw-complete,H1670,"M01,M03","M01(Fear),M03(Grief)"
119,sorrow,raw-complete,H1671,M03,M03(Grief)
119,sorrow,raw-complete,H1674,M01,M01(Fear)
119,sorrow,raw-complete,H1727,M24,M24(Weakness)
119,sorrow,raw-complete,H1741,M24,M24(Weakness)
119,sorrow,raw-complete,H2256B,M03,M03(Grief)
119,sorrow,raw-complete,H2342I,M03,M03(Grief)
119,sorrow,raw-complete,H2427A,M03,M03(Grief)
119,sorrow,raw-complete,H2427B,,
119,sorrow,raw-complete,H2490C,T2,T2(Supplementary)
119,sorrow,raw-complete,H3013,M24,M24(Weakness)
119,sorrow,raw-complete,H3015,M03,M03(Grief)
119,sorrow,raw-complete,H3510,M03,M03(Grief)
119,sorrow,raw-complete,H3511,M03,M03(Grief)
119,sorrow,raw-complete,H3515,,
119,sorrow,raw-complete,H3707,M02,M02(Anger)
119,sorrow,raw-complete,H3708A,,
119,sorrow,raw-complete,H3708B,M02,M02(Anger)
119,sorrow,raw-complete,H4044,T2,T2(Supplementary)
119,sorrow,raw-complete,H4341,M03,M03(Grief)
119,sorrow,raw-complete,H4620,M03,M03(Grief)
119,sorrow,raw-complete,H5999,M03,M03(Grief)
119,sorrow,raw-complete,H6040,M24,M24(Weakness)
119,sorrow,raw-complete,H6089A,M03,M03(Grief)
119,sorrow,raw-complete,H6090A,M03,M03(Grief)
119,sorrow,raw-complete,H6093,M03,M03(Grief)
119,sorrow,raw-complete,H6094,"M03,T2","M03(Grief),T2(Supplementary)"
119,sorrow,raw-complete,H6735C,,
119,sorrow,raw-complete,H6862B,M03,M03(Grief)
119,sorrow,raw-complete,H6937,T2,T2(Supplementary)
119,sorrow,raw-complete,H7455,M10,M10(Sin)
119,sorrow,raw-complete,H8424,M03,M03(Grief)
149,spirit,raw-complete,G0040G,M22,M22(Praise)
149,spirit,raw-complete,G2588,M47,M47(Constitution)
149,spirit,raw-complete,G4151G,M25,M25(Life)
149,spirit,raw-complete,G4151H,M25,M25(Life)
149,spirit,raw-complete,G4436,T2,T2(Supplementary)
149,spirit,raw-complete,G4861,M33,M33(Peace)
149,spirit,raw-complete,G5326,T2,T2(Supplementary)
149,spirit,raw-complete,H0178,T2,T2(Supplementary)
149,spirit,raw-complete,H0328A,,
149,spirit,raw-complete,H1100I,T2,T2(Supplementary)
149,spirit,raw-complete,H3820A,M47,M47(Constitution)
149,spirit,raw-complete,H4578,T2,T2(Supplementary)
149,spirit,raw-complete,H5301,M25,M25(Life)
149,spirit,raw-complete,H5315G,M47,M47(Constitution)
149,spirit,raw-complete,H5315H,M25,M25(Life)
149,spirit,raw-complete,H5396,,
149,spirit,raw-complete,H5397,M25,M25(Life)
149,spirit,raw-complete,H7307G,,
149,spirit,raw-complete,H7307H,,
149,spirit,raw-complete,H7307I,,
149,spirit,raw-complete,H7307J,,
149,spirit,raw-complete,H7308,M47,M47(Constitution)
149,spirit,raw-complete,H7496,M27,M27(Evil)
152,strength,raw-complete,G0102,,
152,strength,raw-complete,G0194,T2,T2(Supplementary)
152,strength,raw-complete,G0772G,M24,M24(Weakness)
152,strength,raw-complete,G0972,,
152,strength,raw-complete,G1411,M23,M23(Strength)
152,strength,raw-complete,G1412,M23,M23(Strength)
152,strength,raw-complete,G1743,M23,M23(Strength)
152,strength,raw-complete,G1765,T2,T2(Supplementary)
152,strength,raw-complete,G1840,M23,M23(Strength)
152,strength,raw-complete,G1849,M23,M23(Strength)
152,strength,raw-complete,G2478,M23,M23(Strength)
152,strength,raw-complete,G2479,M23,M23(Strength)
152,strength,raw-complete,G2480,M23,M23(Strength)
152,strength,raw-complete,G2729,M23,M23(Strength)
152,strength,raw-complete,G2904,M23,M23(Strength)
152,strength,raw-complete,G3618,"M05,T2","M05(Love),T2(Supplementary)"
152,strength,raw-complete,G4731,M23,M23(Strength)
152,strength,raw-complete,G4732,M23,M23(Strength)
152,strength,raw-complete,G4991,M38,M38(Salvation)
152,strength,raw-complete,G6347,M23,M23(Strength)
152,strength,raw-complete,H0193A,M23,M23(Strength)
152,strength,raw-complete,H0202,M23,M23(Strength)
152,strength,raw-complete,H0353,M23,M23(Strength)
152,strength,raw-complete,H0360,M23,M23(Strength)
152,strength,raw-complete,H0386,M23,M23(Strength)
152,strength,raw-complete,H0533,M23,M23(Strength)
152,strength,raw-complete,H0554,M23,M23(Strength)
152,strength,raw-complete,H0555,M23,M23(Strength)
152,strength,raw-complete,H0556,M23,M23(Strength)
152,strength,raw-complete,H0820,M23,M23(Strength)
152,strength,raw-complete,H1082,M04,M04(Joy)
152,strength,raw-complete,H1369,M23,M23(Strength)
152,strength,raw-complete,H1396,M23,M23(Strength)
152,strength,raw-complete,H1433,M22,M22(Praise)
152,strength,raw-complete,H1679,M23,M23(Strength)
152,strength,raw-complete,H2220,T2,T2(Supplementary)
152,strength,raw-complete,H2388G,M23,M23(Strength)
152,strength,raw-complete,H2391,M23,M23(Strength)
152,strength,raw-complete,H2392,M23,M23(Strength)
152,strength,raw-complete,H2393,M23,M23(Strength)
152,strength,raw-complete,H2428A,M23,M23(Strength)
152,strength,raw-complete,H2428G,M23,M23(Strength)
152,strength,raw-complete,H2428H,M23,M23(Strength)
152,strength,raw-complete,H2428I,M23,M23(Strength)
152,strength,raw-complete,H2429,M23,M23(Strength)
152,strength,raw-complete,H2502B,,
152,strength,raw-complete,H2633,M46,M46(Abundance)
152,strength,raw-complete,H2634,M23,M23(Strength)
152,strength,raw-complete,H3027H,T2,T2(Supplementary)
152,strength,raw-complete,H3581A,T2,T2(Supplementary)
152,strength,raw-complete,H3581B,M23,M23(Strength)
152,strength,raw-complete,H3624,,
152,strength,raw-complete,H3955,T2,T2(Supplementary)
152,strength,raw-complete,H3966,T2,T2(Supplementary)
152,strength,raw-complete,H4206A,T2,T2(Supplementary)
152,strength,raw-complete,H4206B,T2,T2(Supplementary)
152,strength,raw-complete,H4581,M19,M19(Trust)
152,strength,raw-complete,H5315H,M25,M25(Life)
152,strength,raw-complete,H5326,T2,T2(Supplementary)
152,strength,raw-complete,H5564,,
152,strength,raw-complete,H5797,M23,M23(Strength)
152,strength,raw-complete,H5807,M23,M23(Strength)
152,strength,raw-complete,H5810,M23,M23(Strength)
152,strength,raw-complete,H5934,T2,T2(Supplementary)
152,strength,raw-complete,H5953D,,
152,strength,raw-complete,H6099,M23,M23(Strength)
152,strength,raw-complete,H6106G,T2,T2(Supplementary)
152,strength,raw-complete,H6108,M23,M23(Strength)
152,strength,raw-complete,H6109,M23,M23(Strength)
152,strength,raw-complete,H6697H,T2,T2(Supplementary)
152,strength,raw-complete,H7293,"M08,T2","M08(Pride),T2(Supplementary)"
152,strength,raw-complete,H7296,M08,M08(Pride)
152,strength,raw-complete,H8443,T2,T2(Supplementary)
152,strength,raw-complete,H8617,T2,T2(Supplementary)
152,strength,raw-complete,H8624,M23,M23(Strength)
152,strength,raw-complete,H8631,M23,M23(Strength)
152,strength,raw-complete,H8632B,T2,T2(Supplementary)
152,strength,raw-complete,H8633,M23,M23(Strength)
120,strife,raw-complete,G0483,,
120,strife,raw-complete,G0485,M02,M02(Anger)
120,strife,raw-complete,G1264,,
120,strife,raw-complete,G1864,M44,M44(Relational)
120,strife,raw-complete,G2052,M28,M28(Envy)
120,strife,raw-complete,G2054,M02,M02(Anger)
120,strife,raw-complete,G2371,M02,M02(Anger)
120,strife,raw-complete,G3054,T2,T2(Supplementary)
120,strife,raw-complete,G3055,M02,M02(Anger)
120,strife,raw-complete,G3163,,
120,strife,raw-complete,G3164,,
120,strife,raw-complete,G4866,,
120,strife,raw-complete,G5379,"M02,T2","M02(Anger),T2(Supplementary)"
120,strife,raw-complete,H1413,,
120,strife,raw-complete,H1481B,,
120,strife,raw-complete,H1566,,
120,strife,raw-complete,H1777,"FLAG,M26","FLAG(Flag),M26(Righteousness)"
120,strife,raw-complete,H3898,,
120,strife,raw-complete,H4066,M02,M02(Anger)
120,strife,raw-complete,H4079,,
120,strife,raw-complete,H4090,,
120,strife,raw-complete,H4683,M02,M02(Anger)
120,strife,raw-complete,H4695,M02,M02(Anger)
120,strife,raw-complete,H4808,M02,M02(Anger)
120,strife,raw-complete,H4809H,,
120,strife,raw-complete,H6229,T2,T2(Supplementary)
120,strife,raw-complete,H7128,,
120,strife,raw-complete,H7379,M02,M02(Anger)
120,strife,raw-complete,H7853,M06,M06(Hate)
120,strife,raw-complete,H8409,,
121,stubbornness,raw-complete,G4643,M30,M30(Obedience)
121,stubbornness,raw-complete,G4645,,
121,stubbornness,raw-complete,H0047I,,
121,stubbornness,raw-complete,H2389,M23,M23(Strength)
121,stubbornness,raw-complete,H3515,,
121,stubbornness,raw-complete,H3985,,
121,stubbornness,raw-complete,H3986,,
121,stubbornness,raw-complete,H3987,,
121,stubbornness,raw-complete,H4696,,
121,stubbornness,raw-complete,H5620,,
121,stubbornness,raw-complete,H5637,,
121,stubbornness,raw-complete,H5797,M23,M23(Strength)
121,stubbornness,raw-complete,H6203,,
121,stubbornness,raw-complete,H6484,,
121,stubbornness,raw-complete,H7185,"FLAG,T2","FLAG(Flag),T2(Supplementary)"
121,stubbornness,raw-complete,H7186,M24,M24(Weakness)
121,stubbornness,raw-complete,H7190,M30,M30(Obedience)
121,stubbornness,raw-complete,H8307,M30,M30(Obedience)
122,submission,raw-complete,G5226,,
122,submission,raw-complete,G5292,M09,M09(Humility)
122,submission,raw-complete,G5293,M23,M23(Strength)
122,submission,raw-complete,H1290,,
123,surrender,raw-complete,G3860,T2,T2(Supplementary)
123,surrender,raw-complete,H3027H,T2,T2(Supplementary)
123,surrender,raw-complete,H3052,,
123,surrender,raw-complete,H3318G,T2,T2(Supplementary)
123,surrender,raw-complete,H3318P,,
123,surrender,raw-complete,H4042,T2,T2(Supplementary)
123,surrender,raw-complete,H4560,,
123,surrender,raw-complete,H5307G,,
123,surrender,raw-complete,H5414G,M12,M12(Purity)
123,surrender,raw-complete,H5462,T2,T2(Supplementary)
124,temptation,raw-complete,G1185,M10,M10(Sin)
124,temptation,raw-complete,G3986G,M35,M35(Testing)
124,temptation,raw-complete,G3986H,M35,M35(Testing)
124,temptation,raw-complete,G4625,M35,M35(Testing)
124,temptation,raw-complete,H4065,,
124,temptation,raw-complete,H4531B,,
125,terror,raw-complete,G1719,M01,M01(Fear)
125,terror,raw-complete,G5399,M01,M01(Fear)
125,terror,raw-complete,G5400,"M01,T2","M01(Fear),T2(Supplementary)"
125,terror,raw-complete,G5401,M01,M01(Fear)
125,terror,raw-complete,G7898,,
125,terror,raw-complete,G7899,,
125,terror,raw-complete,H0367,M01,M01(Fear)
125,terror,raw-complete,H0926,M01,M01(Fear)
125,terror,raw-complete,H0928,"M01,M03","M01(Fear),M03(Grief)"
125,terror,raw-complete,H1091,M01,M01(Fear)
125,terror,raw-complete,H1161,M01,M01(Fear)
125,terror,raw-complete,H1204,,
125,terror,raw-complete,H1205,M01,M01(Fear)
125,terror,raw-complete,H1670,"M01,M03","M01(Fear),M03(Grief)"
125,terror,raw-complete,H2113,M01,M01(Fear)
125,terror,raw-complete,H2189,M01,M01(Fear)
125,terror,raw-complete,H2283,M01,M01(Fear)
125,terror,raw-complete,H2729,M01,M01(Fear)
125,terror,raw-complete,H2731,M01,M01(Fear)
125,terror,raw-complete,H2844A,M01,M01(Fear)
125,terror,raw-complete,H2844B,"FLAG,T2","FLAG(Flag),T2(Supplementary)"
125,terror,raw-complete,H2847,M01,M01(Fear)
125,terror,raw-complete,H2849,M01,M01(Fear)
125,terror,raw-complete,H2851,M01,M01(Fear)
125,terror,raw-complete,H2865,M01,M01(Fear)
125,terror,raw-complete,H2866,M01,M01(Fear)
125,terror,raw-complete,H3372G,M01,M01(Fear)
125,terror,raw-complete,H4032,M01,M01(Fear)
125,terror,raw-complete,H4035,M01,M01(Fear)
125,terror,raw-complete,H4036,,
125,terror,raw-complete,H4172A,M01,M01(Fear)
125,terror,raw-complete,H4172B,M01,M01(Fear)
125,terror,raw-complete,H4288,M01,M01(Fear)
125,terror,raw-complete,H4637,M01,M01(Fear)
125,terror,raw-complete,H4712,"M01,M24","M01(Fear),M24(Weakness)"
125,terror,raw-complete,H6206,M01,M01(Fear)
125,terror,raw-complete,H6342,M01,M01(Fear)
125,terror,raw-complete,H6343,M01,M01(Fear)
125,terror,raw-complete,H6427,M01,M01(Fear)
125,terror,raw-complete,H6973,M06,M06(Hate)
125,terror,raw-complete,H8047H,,
125,terror,raw-complete,H8186,,
125,terror,raw-complete,H8606,M01,M01(Fear)
126,testimony,raw-complete,G3056,M15,M15(Wisdom)
126,testimony,raw-complete,G3140,,
126,testimony,raw-complete,G3141,,
126,testimony,raw-complete,G3142,,
126,testimony,raw-complete,G4750,,
126,testimony,raw-complete,G5576,,
126,testimony,raw-complete,G5577,,
126,testimony,raw-complete,H0226H,,
126,testimony,raw-complete,H0974,M35,M35(Testing)
126,testimony,raw-complete,H5046,M42,M42(Speech)
126,testimony,raw-complete,H5254,,
126,testimony,raw-complete,H5608,,
126,testimony,raw-complete,H5707,T2,T2(Supplementary)
126,testimony,raw-complete,H5713A,T2,T2(Supplementary)
126,testimony,raw-complete,H5713B,T2,T2(Supplementary)
126,testimony,raw-complete,H5715,T2,T2(Supplementary)
126,testimony,raw-complete,H5749B,M13,M13(Truth)
126,testimony,raw-complete,H6030B,,
126,testimony,raw-complete,H6310I,,
126,testimony,raw-complete,H6315,,
126,testimony,raw-complete,H7802,,
126,testimony,raw-complete,H8584,T2,T2(Supplementary)
180,the afflicted,raw-complete,G0060,,
180,the afflicted,raw-complete,G0540,,
180,the afflicted,raw-complete,G0642,,
180,the afflicted,raw-complete,G0832,,
180,the afflicted,raw-complete,G0835,,
180,the afflicted,raw-complete,G1005,,
180,the afflicted,raw-complete,G1037,,
180,the afflicted,raw-complete,G1206,,
180,the afflicted,raw-complete,G1228G,,
180,the afflicted,raw-complete,G1228H,,
180,the afflicted,raw-complete,G1273,,
180,the afflicted,raw-complete,G1359,,
180,the afflicted,raw-complete,G1887,,
180,the afflicted,raw-complete,G1888,,
180,the afflicted,raw-complete,G2552,M24,M24(Weakness)
180,the afflicted,raw-complete,G2789,,
180,the afflicted,raw-complete,G2960,,
180,the afflicted,raw-complete,G3303,T2,T2(Supplementary)
180,the afflicted,raw-complete,G3322,,
180,the afflicted,raw-complete,G3547,,
180,the afflicted,raw-complete,G3588,,
180,the afflicted,raw-complete,G3673,,
180,the afflicted,raw-complete,G3737,,
180,the afflicted,raw-complete,G3805,M24,M24(Weakness)
180,the afflicted,raw-complete,G3832,T2,T2(Supplementary)
180,the afflicted,raw-complete,G3891,,
180,the afflicted,raw-complete,G3993,M24,M24(Weakness)
180,the afflicted,raw-complete,G4310,,
180,the afflicted,raw-complete,G4311,,
180,the afflicted,raw-complete,G4434,M46,M46(Abundance)
180,the afflicted,raw-complete,G4954,,
180,the afflicted,raw-complete,G5005,,
180,the afflicted,raw-complete,G5284,,
180,the afflicted,raw-complete,G5361,M05,M05(Love)
180,the afflicted,raw-complete,G5476,,
180,the afflicted,raw-complete,G5496,,
180,the afflicted,raw-complete,G7680,,
180,the afflicted,raw-complete,G7983,,
180,the afflicted,raw-complete,H0034,"M24,T2","M24(Weakness),T2(Supplementary)"
180,the afflicted,raw-complete,H0797,,
180,the afflicted,raw-complete,H0956,,
180,the afflicted,raw-complete,H1471A,,
180,the afflicted,raw-complete,H1471B,,
180,the afflicted,raw-complete,H1471G,,
180,the afflicted,raw-complete,H1471H,,
180,the afflicted,raw-complete,H2179,,
180,the afflicted,raw-complete,H2181,M28,M28(Envy)
180,the afflicted,raw-complete,H2489,M24,M24(Weakness)
180,the afflicted,raw-complete,H2567,,
180,the afflicted,raw-complete,H3019,,
180,the afflicted,raw-complete,H3023,,
180,the afflicted,raw-complete,H3238,,
180,the afflicted,raw-complete,H3287,,
180,the afflicted,raw-complete,H3490,,
180,the afflicted,raw-complete,H3885A,,
180,the afflicted,raw-complete,H3885B,,
180,the afflicted,raw-complete,H3905,,
180,the afflicted,raw-complete,H4542,,
180,the afflicted,raw-complete,H5142,,
180,the afflicted,raw-complete,H5668,,
180,the afflicted,raw-complete,H5826,M38,M38(Salvation)
180,the afflicted,raw-complete,H5971A,,
180,the afflicted,raw-complete,H5971B,T2,T2(Supplementary)
180,the afflicted,raw-complete,H5971H,T2,T2(Supplementary)
180,the afflicted,raw-complete,H5971I,T2,T2(Supplementary)
180,the afflicted,raw-complete,H5971K,T2,T2(Supplementary)
180,the afflicted,raw-complete,H5971L,T2,T2(Supplementary)
180,the afflicted,raw-complete,H6031B,M24,M24(Weakness)
180,the afflicted,raw-complete,H6033,"FLAG,T2","FLAG(Flag),T2(Supplementary)"
180,the afflicted,raw-complete,H6035,M24,M24(Weakness)
180,the afflicted,raw-complete,H6039,"FLAG,M24","FLAG(Flag),M24(Weakness)"
180,the afflicted,raw-complete,H6040,M24,M24(Weakness)
180,the afflicted,raw-complete,H6041,M24,M24(Weakness)
180,the afflicted,raw-complete,H6135,,
180,the afflicted,raw-complete,H6231,T2,T2(Supplementary)
180,the afflicted,raw-complete,H8216,,
127,thought,raw-complete,G0515,M26,M26(Righteousness)
127,thought,raw-complete,G1261,M15,M15(Wisdom)
127,thought,raw-complete,G1270,M15,M15(Wisdom)
127,thought,raw-complete,G1271,M47,M47(Constitution)
127,thought,raw-complete,G1380,,
127,thought,raw-complete,G1760,M15,M15(Wisdom)
127,thought,raw-complete,G1761,M15,M15(Wisdom)
127,thought,raw-complete,G1771,M15,M15(Wisdom)
127,thought,raw-complete,G1963,M15,M15(Wisdom)
127,thought,raw-complete,G2233,M23,M23(Strength)
127,thought,raw-complete,G2919,"FLAG,M26","FLAG(Flag),M26(Righteousness)"
127,thought,raw-complete,G3049,M26,M26(Righteousness)
127,thought,raw-complete,G3053,M15,M15(Wisdom)
127,thought,raw-complete,G3141,,
127,thought,raw-complete,G3308,M20,M20(Doubt)
127,thought,raw-complete,G3309,M20,M20(Doubt)
127,thought,raw-complete,G3540,M15,M15(Wisdom)
127,thought,raw-complete,G3543,,
127,thought,raw-complete,G5426,M15,M15(Wisdom)
127,thought,raw-complete,G5429,M15,M15(Wisdom)
127,thought,raw-complete,G7243,,
127,thought,raw-complete,G7244,,
127,thought,raw-complete,H0559,,
127,thought,raw-complete,H0995,M15,M15(Wisdom)
127,thought,raw-complete,H2031,M16,M16(Folly)
127,thought,raw-complete,H2142,M41,M41(Remembrance)
127,thought,raw-complete,H2711,,
127,thought,raw-complete,H2803I,M15,M15(Wisdom)
127,thought,raw-complete,H2803J,M15,M15(Wisdom)
127,thought,raw-complete,H2808,M15,M15(Wisdom)
127,thought,raw-complete,H4093,M15,M15(Wisdom)
127,thought,raw-complete,H4180,,
127,thought,raw-complete,H4209,M14,M14(Deceit)
127,thought,raw-complete,H4284,M14,M14(Deceit)
127,thought,raw-complete,H4427B,,
127,thought,raw-complete,H4609A,,
127,thought,raw-complete,H5869I,,
127,thought,raw-complete,H6245B,M15,M15(Wisdom)
127,thought,raw-complete,H6246,M15,M15(Wisdom)
127,thought,raw-complete,H6248,M15,M15(Wisdom)
127,thought,raw-complete,H6250,M15,M15(Wisdom)
127,thought,raw-complete,H6419,M21,M21(Prayer)
127,thought,raw-complete,H7454,M15,M15(Wisdom)
127,thought,raw-complete,H7476,M15,M15(Wisdom)
127,thought,raw-complete,H7725G,,
127,thought,raw-complete,H7808,M15,M15(Wisdom)
127,thought,raw-complete,H8312,M01,M01(Fear)
164,transformation,raw-complete,G3339,M45,M45(Transformation)
164,transformation,raw-complete,G3345,,
164,transformation,raw-complete,H2015,T2,T2(Supplementary)
164,transformation,raw-complete,H4171,,
164,transformation,raw-complete,H7760A,,
128,transgression,raw-complete,G0458,M30,M30(Obedience)
128,transgression,raw-complete,G3845,M10,M10(Sin)
128,transgression,raw-complete,G3847,M10,M10(Sin)
128,transgression,raw-complete,G3848,M10,M10(Sin)
128,transgression,raw-complete,G3892,M30,M30(Obedience)
128,transgression,raw-complete,G3900,M10,M10(Sin)
128,transgression,raw-complete,G5233,,
128,transgression,raw-complete,G8634,,
128,transgression,raw-complete,H0898,M10,M10(Sin)
128,transgression,raw-complete,H4603,M10,M10(Sin)
128,transgression,raw-complete,H4604,M10,M10(Sin)
128,transgression,raw-complete,H5647H,M36,M36(Service)
128,transgression,raw-complete,H5674A,,
128,transgression,raw-complete,H5674D,,
128,transgression,raw-complete,H6580,M16,M16(Folly)
128,transgression,raw-complete,H6586,M10,M10(Sin)
128,transgression,raw-complete,H6588,M10,M10(Sin)
165,treachery,raw-complete,H0899A,M14,M14(Deceit)
165,treachery,raw-complete,H0900,M14,M14(Deceit)
165,treachery,raw-complete,H0901,M14,M14(Deceit)
165,treachery,raw-complete,H3585,,
165,treachery,raw-complete,H4603,M10,M10(Sin)
165,treachery,raw-complete,H4604,M10,M10(Sin)
165,treachery,raw-complete,H4820,M14,M14(Deceit)
165,treachery,raw-complete,H7195,,
165,treachery,raw-complete,H8649A,M14,M14(Deceit)
165,treachery,raw-complete,H8649B,M14,M14(Deceit)
129,trust,raw-complete,G1679,M18,M18(Hope)
129,trust,raw-complete,G1879,,
129,trust,raw-complete,G3982,M35,M35(Testing)
129,trust,raw-complete,G4006,M19,M19(Trust)
129,trust,raw-complete,G4100,M31,M31(Faith)
129,trust,raw-complete,G4102G,M31,M31(Faith)
129,trust,raw-complete,G4102H,M31,M31(Faith)
129,trust,raw-complete,G4276,T2,T2(Supplementary)
129,trust,raw-complete,G5287,,
129,trust,raw-complete,G6381,,
129,trust,raw-complete,H0530,M13,M13(Truth)
129,trust,raw-complete,H0539,M13,M13(Truth)
129,trust,raw-complete,H0540,M19,M19(Trust)
129,trust,raw-complete,H0982,M19,M19(Trust)
129,trust,raw-complete,H0983,M19,M19(Trust)
129,trust,raw-complete,H0985,M19,M19(Trust)
129,trust,raw-complete,H0986,M19,M19(Trust)
129,trust,raw-complete,H0987,M19,M19(Trust)
129,trust,raw-complete,H1556,,
129,trust,raw-complete,H1747,,
129,trust,raw-complete,H2342K,,
129,trust,raw-complete,H2620,M19,M19(Trust)
129,trust,raw-complete,H2622,M19,M19(Trust)
129,trust,raw-complete,H3176H,M18,M18(Hope)
129,trust,raw-complete,H3559K,,
129,trust,raw-complete,H3689,,
129,trust,raw-complete,H4009,M19,M19(Trust)
129,trust,raw-complete,H4268,M19,M19(Trust)
129,trust,raw-complete,H4498,,
129,trust,raw-complete,H4733,,
129,trust,raw-complete,H4869,,
129,trust,raw-complete,H5375O,M19,M19(Trust)
129,trust,raw-complete,H6960A,M17,M17(Counsel)
129,trust,raw-complete,H7365,M19,M19(Trust)
129,trust,raw-complete,H7965J,M33,M33(Peace)
129,trust,raw-complete,H7993,,
129,trust,raw-complete,H8172,M19,M19(Trust)
130,truthfulness,raw-complete,G0225,M13,M13(Truth)
130,truthfulness,raw-complete,G0226,M13,M13(Truth)
130,truthfulness,raw-complete,G0227,M13,M13(Truth)
130,truthfulness,raw-complete,G0230,T2,T2(Supplementary)
130,truthfulness,raw-complete,G0803,,
130,truthfulness,raw-complete,G3483,,
130,truthfulness,raw-complete,G3689,,
130,truthfulness,raw-complete,H0061,,
130,truthfulness,raw-complete,H0529,M13,M13(Truth)
130,truthfulness,raw-complete,H0530,M13,M13(Truth)
130,truthfulness,raw-complete,H0543,T2,T2(Supplementary)
130,truthfulness,raw-complete,H0544,M13,M13(Truth)
130,truthfulness,raw-complete,H0551,T2,T2(Supplementary)
130,truthfulness,raw-complete,H0571G,M13,M13(Truth)
130,truthfulness,raw-complete,H0571H,M13,M13(Truth)
130,truthfulness,raw-complete,H0571I,M13,M13(Truth)
130,truthfulness,raw-complete,H0637,,
130,truthfulness,raw-complete,H3330,,
130,truthfulness,raw-complete,H3559K,,
130,truthfulness,raw-complete,H5229,M26,M26(Righteousness)
130,truthfulness,raw-complete,H6664G,M26,M26(Righteousness)
130,truthfulness,raw-complete,H7187,,
130,truthfulness,raw-complete,H7189A,,
130,truthfulness,raw-complete,H7189B,,
131,unbelief,raw-complete,G0543,M30,M30(Obedience)
131,unbelief,raw-complete,G0544,M30,M30(Obedience)
131,unbelief,raw-complete,G0570,M31,M31(Faith)
132,understanding,raw-complete,G0050,M15,M15(Wisdom)
132,understanding,raw-complete,G0191,,
132,understanding,raw-complete,G0687,,
132,understanding,raw-complete,G0801,M15,M15(Wisdom)
132,understanding,raw-complete,G1065,,
132,understanding,raw-complete,G1097,,
132,understanding,raw-complete,G1107,,
132,understanding,raw-complete,G1108,,
132,understanding,raw-complete,G1271,M47,M47(Constitution)
132,understanding,raw-complete,G1425,,
132,understanding,raw-complete,G1492G,,
132,understanding,raw-complete,G1492I,,
132,understanding,raw-complete,G1921,,
132,understanding,raw-complete,G1987,,
132,understanding,raw-complete,G1990,M15,M15(Wisdom)
132,understanding,raw-complete,G2638,,
132,understanding,raw-complete,G3049,M26,M26(Righteousness)
132,understanding,raw-complete,G3539,,
132,understanding,raw-complete,G3563,M47,M47(Constitution)
132,understanding,raw-complete,G3609,T2,T2(Supplementary)
132,understanding,raw-complete,G3877,,
132,understanding,raw-complete,G4907,M15,M15(Wisdom)
132,understanding,raw-complete,G4908,M15,M15(Wisdom)
132,understanding,raw-complete,G4920,M15,M15(Wisdom)
132,understanding,raw-complete,G5424,M15,M15(Wisdom)
132,understanding,raw-complete,G5428,M15,M15(Wisdom)
132,understanding,raw-complete,H0995,M15,M15(Wisdom)
132,understanding,raw-complete,H0998,M15,M15(Wisdom)
132,understanding,raw-complete,H0999,M15,M15(Wisdom)
132,understanding,raw-complete,H1847,M15,M15(Wisdom)
132,understanding,raw-complete,H2940,T2,T2(Supplementary)
132,understanding,raw-complete,H3045,M15,M15(Wisdom)
132,understanding,raw-complete,H3046,,
132,understanding,raw-complete,H3823A,M05,M05(Love)
132,understanding,raw-complete,H4486,M15,M15(Wisdom)
132,understanding,raw-complete,H5036,M16,M16(Folly)
132,understanding,raw-complete,H7200H,,
132,understanding,raw-complete,H7200I,,
132,understanding,raw-complete,H7919A,M15,M15(Wisdom)
132,understanding,raw-complete,H7919B,,
132,understanding,raw-complete,H7922,M15,M15(Wisdom)
132,understanding,raw-complete,H7924,M43,M43(Prophecy)
132,understanding,raw-complete,H8085G,M41,M41(Remembrance)
132,understanding,raw-complete,H8085J,M41,M41(Remembrance)
132,understanding,raw-complete,H8085K,M41,M41(Remembrance)
132,understanding,raw-complete,H8394,M15,M15(Wisdom)
132,understanding,raw-complete,H8454,M15,M15(Wisdom)
133,unity,raw-complete,G1520,,
133,unity,raw-complete,G1775,M44,M44(Relational)
133,unity,raw-complete,G4886,,
134,uprightness,raw-complete,G1346,T2,T2(Supplementary)
134,uprightness,raw-complete,G2117,,
134,uprightness,raw-complete,G2118,M26,M26(Righteousness)
134,uprightness,raw-complete,G3716,,
134,uprightness,raw-complete,G3717,,
134,uprightness,raw-complete,G3718,,
134,uprightness,raw-complete,H3474,"FLAG,T2","FLAG(Flag),T2(Supplementary)"
134,uprightness,raw-complete,H3476,M26,M26(Righteousness)
134,uprightness,raw-complete,H3477G,M13,M13(Truth)
134,uprightness,raw-complete,H3477H,,
134,uprightness,raw-complete,H3477I,M13,M13(Truth)
134,uprightness,raw-complete,H3483,M26,M26(Righteousness)
134,uprightness,raw-complete,H4334,,
134,uprightness,raw-complete,H4339,M26,M26(Righteousness)
134,uprightness,raw-complete,H5228,M13,M13(Truth)
134,uprightness,raw-complete,H5229,M26,M26(Righteousness)
134,uprightness,raw-complete,H5749A,M11,M11(Repentance)
134,uprightness,raw-complete,H5975I,,
134,uprightness,raw-complete,H5977,,
134,uprightness,raw-complete,H6968,M26,M26(Righteousness)
134,uprightness,raw-complete,H7948,,
134,uprightness,raw-complete,H8537,M13,M13(Truth)
134,uprightness,raw-complete,H8549H,M12,M12(Purity)
134,uprightness,raw-complete,H8552,"FLAG,T2","FLAG(Flag),T2(Supplementary)"
135,weakness,raw-complete,G0102,,
135,weakness,raw-complete,G0674,M24,M24(Weakness)
135,weakness,raw-complete,G0769G,M24,M24(Weakness)
135,weakness,raw-complete,G0769H,M24,M24(Weakness)
135,weakness,raw-complete,G0770G,M24,M24(Weakness)
135,weakness,raw-complete,G0770H,M24,M24(Weakness)
135,weakness,raw-complete,G0771,M24,M24(Weakness)
135,weakness,raw-complete,G0772G,M24,M24(Weakness)
135,weakness,raw-complete,G0772H,M24,M24(Weakness)
135,weakness,raw-complete,G1133,,
135,weakness,raw-complete,G1590,,
135,weakness,raw-complete,G2577G,,
135,weakness,raw-complete,G3886,,
135,weakness,raw-complete,G3935,,
135,weakness,raw-complete,G7735,,
135,weakness,raw-complete,H0535,,
135,weakness,raw-complete,H0536,M24,M24(Weakness)
135,weakness,raw-complete,H0537,,
135,weakness,raw-complete,H1669,M24,M24(Weakness)
135,weakness,raw-complete,H1742,M03,M03(Grief)
135,weakness,raw-complete,H1800,,
135,weakness,raw-complete,H1809,,
135,weakness,raw-complete,H2470A,M24,M24(Weakness)
135,weakness,raw-complete,H2470B,M21,M21(Prayer)
135,weakness,raw-complete,H2470H,M24,M24(Weakness)
135,weakness,raw-complete,H2470I,M03,M03(Grief)
135,weakness,raw-complete,H2476,,
135,weakness,raw-complete,H2522,,
135,weakness,raw-complete,H2523,,
135,weakness,raw-complete,H3286,M24,M24(Weakness)
135,weakness,raw-complete,H3543A,,
135,weakness,raw-complete,H3782,,
135,weakness,raw-complete,H4549,T2,T2(Supplementary)
135,weakness,raw-complete,H4816,,
135,weakness,raw-complete,H5263,,
135,weakness,raw-complete,H5848C,M24,M24(Weakness)
135,weakness,raw-complete,H5889,,
135,weakness,raw-complete,H5969,,
135,weakness,raw-complete,H6275,,
135,weakness,raw-complete,H6296,,
135,weakness,raw-complete,H7363A,,
135,weakness,raw-complete,H7390,,
135,weakness,raw-complete,H7503,M24,M24(Weakness)
135,weakness,raw-complete,H7504,,
135,weakness,raw-complete,H7510,,
174,wealth,raw-complete,G0979,,
174,wealth,raw-complete,G1411,M23,M23(Strength)
174,wealth,raw-complete,G2142,,
174,wealth,raw-complete,G2933,,
174,wealth,raw-complete,G3126,,
174,wealth,raw-complete,G3776,,
174,wealth,raw-complete,G4147,M46,M46(Abundance)
174,wealth,raw-complete,G4149,M46,M46(Abundance)
174,wealth,raw-complete,G5094,,
174,wealth,raw-complete,G5536,,
174,wealth,raw-complete,H0202,M23,M23(Strength)
174,wealth,raw-complete,H1952,M46,M46(Abundance)
174,wealth,raw-complete,H1991,,
174,wealth,raw-complete,H1995A,,
174,wealth,raw-complete,H2428A,M23,M23(Strength)
174,wealth,raw-complete,H2428G,M23,M23(Strength)
174,wealth,raw-complete,H2428H,M23,M23(Strength)
174,wealth,raw-complete,H2428I,M23,M23(Strength)
174,wealth,raw-complete,H2532A,M28,M28(Envy)
174,wealth,raw-complete,H2633,M46,M46(Abundance)
174,wealth,raw-complete,H3018,,
174,wealth,raw-complete,H3366,,
174,wealth,raw-complete,H3502,,
174,wealth,raw-complete,H3519,M22,M22(Praise)
174,wealth,raw-complete,H3581B,M23,M23(Strength)
174,wealth,raw-complete,H4301,,
174,wealth,raw-complete,H5232,,
174,wealth,raw-complete,H5233,,
174,wealth,raw-complete,H6213I,,
174,wealth,raw-complete,H6223,M46,M46(Abundance)
174,wealth,raw-complete,H6238,M46,M46(Abundance)
174,wealth,raw-complete,H6239,M46,M46(Abundance)
174,wealth,raw-complete,H7399,,
174,wealth,raw-complete,H7769,,
153,weeping,raw-complete,G1145,,
153,weeping,raw-complete,G2799,M03,M03(Grief)
153,weeping,raw-complete,G2805,M03,M03(Grief)
153,weeping,raw-complete,G6443,,
153,weeping,raw-complete,G8016,,
153,weeping,raw-complete,H1058,M03,M03(Grief)
153,weeping,raw-complete,H1065,M03,M03(Grief)
153,weeping,raw-complete,H1068,M03,M03(Grief)
153,weeping,raw-complete,H1811,,
153,weeping,raw-complete,H1830,M03,M03(Grief)
153,weeping,raw-complete,H1832,M03,M03(Grief)
153,weeping,raw-complete,H2199,M42,M42(Speech)
153,weeping,raw-complete,H2200,,
153,weeping,raw-complete,H2980,,
153,weeping,raw-complete,H3615H,T2,T2(Supplementary)
153,weeping,raw-complete,H4553,M03,M03(Grief)
153,weeping,raw-complete,H4843,"M02,M03","M02(Anger),M03(Grief)"
153,weeping,raw-complete,H6818,,
153,weeping,raw-complete,H6873,,
153,weeping,raw-complete,H7773,,
153,weeping,raw-complete,H7775,,
136,whoredom,raw-complete,G3430,,
136,whoredom,raw-complete,G3431,,
136,whoredom,raw-complete,G4204,,
136,whoredom,raw-complete,H2181,M28,M28(Envy)
136,whoredom,raw-complete,H2183,M28,M28(Envy)
136,whoredom,raw-complete,H2184,M28,M28(Envy)
136,whoredom,raw-complete,H5003,M10,M10(Sin)
136,whoredom,raw-complete,H5004,,
136,whoredom,raw-complete,H5005,,
136,whoredom,raw-complete,H6945,T2,T2(Supplementary)
136,whoredom,raw-complete,H6948,T2,T2(Supplementary)
136,whoredom,raw-complete,H8457,M28,M28(Envy)
137,wickedness,raw-complete,G0458,M30,M30(Obedience)
137,wickedness,raw-complete,G0763,,
137,wickedness,raw-complete,G2549,M10,M10(Sin)
137,wickedness,raw-complete,G4189,M10,M10(Sin)
137,wickedness,raw-complete,H0205G,M10,M10(Sin)
137,wickedness,raw-complete,H0205H,M10,M10(Sin)
137,wickedness,raw-complete,H1100I,T2,T2(Supplementary)
137,wickedness,raw-complete,H2026,,
137,wickedness,raw-complete,H2149,M10,M10(Sin)
137,wickedness,raw-complete,H2154,M27,M27(Evil)
137,wickedness,raw-complete,H2555,M27,M27(Evil)
137,wickedness,raw-complete,H4849,M10,M10(Sin)
137,wickedness,raw-complete,H5240,,
137,wickedness,raw-complete,H5766A,M10,M10(Sin)
137,wickedness,raw-complete,H5766B,M10,M10(Sin)
137,wickedness,raw-complete,H5771G,M10,M10(Sin)
137,wickedness,raw-complete,H5999,M03,M03(Grief)
137,wickedness,raw-complete,H6466,,
137,wickedness,raw-complete,H7451B,,
137,wickedness,raw-complete,H7451C,M03,M03(Grief)
137,wickedness,raw-complete,H7451I,"M03,M27","M03(Grief),M27(Evil)"
137,wickedness,raw-complete,H7455,M10,M10(Sin)
137,wickedness,raw-complete,H7523,,
137,wickedness,raw-complete,H7561,M26,M26(Righteousness)
137,wickedness,raw-complete,H7562,M10,M10(Sin)
137,wickedness,raw-complete,H7563,M10,M10(Sin)
137,wickedness,raw-complete,H7564,M10,M10(Sin)
138,will,raw-complete,G0829,M08,M08(Pride)
138,will,raw-complete,G0830,M29,M29(Desire)
138,will,raw-complete,G1014,M15,M15(Wisdom)
138,will,raw-complete,G1133,,
138,will,raw-complete,G2071,,
138,will,raw-complete,G2307,M29,M29(Desire)
138,will,raw-complete,G2308,T2,T2(Supplementary)
138,will,raw-complete,G2309,M29,M29(Desire)
138,will,raw-complete,G3801,,
138,will,raw-complete,G4289,M34,M34(Perseverance)
138,will,raw-complete,G4483,,
138,will,raw-complete,G4909,,
138,will,raw-complete,G7124,,
138,will,raw-complete,H0014,"M29,M30","M29(Desire),M30(Obedience)"
138,will,raw-complete,H2086,M08,M08(Pride)
138,will,raw-complete,H2655,M04,M04(Joy)
138,will,raw-complete,H2656,M04,M04(Joy)
138,will,raw-complete,H2782,,
138,will,raw-complete,H2852,,
138,will,raw-complete,H2974,M29,M29(Desire)
138,will,raw-complete,H5068,M29,M29(Desire)
138,will,raw-complete,H5069,M29,M29(Desire)
138,will,raw-complete,H5071,T2,T2(Supplementary)
138,will,raw-complete,H5081G,M09,M09(Humility)
138,will,raw-complete,H5157,T2,T2(Supplementary)
138,will,raw-complete,H6634,M29,M29(Desire)
139,wisdom,raw-complete,G4678,M15,M15(Wisdom)
139,wisdom,raw-complete,G4679,M15,M15(Wisdom)
139,wisdom,raw-complete,G4680,M15,M15(Wisdom)
139,wisdom,raw-complete,G5428,M15,M15(Wisdom)
139,wisdom,raw-complete,H0998,M15,M15(Wisdom)
139,wisdom,raw-complete,H2445,M15,M15(Wisdom)
139,wisdom,raw-complete,H2449,,
139,wisdom,raw-complete,H2450,M15,M15(Wisdom)
139,wisdom,raw-complete,H2451,M15,M15(Wisdom)
139,wisdom,raw-complete,H2452,M15,M15(Wisdom)
139,wisdom,raw-complete,H2942,T2,T2(Supplementary)
139,wisdom,raw-complete,H4905,T2,T2(Supplementary)
139,wisdom,raw-complete,H6195,M14,M14(Deceit)
139,wisdom,raw-complete,H7919A,M15,M15(Wisdom)
139,wisdom,raw-complete,H7922,M15,M15(Wisdom)
139,wisdom,raw-complete,H8394,M15,M15(Wisdom)
139,wisdom,raw-complete,H8454,M15,M15(Wisdom)
140,wonder,raw-complete,G1260,M15,M15(Wisdom)
140,wonder,raw-complete,G1569,M01,M01(Fear)
140,wonder,raw-complete,G1611,,
140,wonder,raw-complete,G1839,,
140,wonder,raw-complete,G2285,M01,M01(Fear)
140,wonder,raw-complete,G2295,M04,M04(Joy)
140,wonder,raw-complete,G2296,M04,M04(Joy)
140,wonder,raw-complete,G2297,,
140,wonder,raw-complete,G2298,,
140,wonder,raw-complete,G4217,,
140,wonder,raw-complete,G4592,,
140,wonder,raw-complete,G5059,,
140,wonder,raw-complete,G7643,,
140,wonder,raw-complete,H0226G,M43,M43(Prophecy)
140,wonder,raw-complete,H1724,,
140,wonder,raw-complete,H4159,,
140,wonder,raw-complete,H4652,M04,M04(Joy)
140,wonder,raw-complete,H6381,M04,M04(Joy)
140,wonder,raw-complete,H6382,M04,M04(Joy)
140,wonder,raw-complete,H6383,T2,T2(Supplementary)
140,wonder,raw-complete,H6395,,
140,wonder,raw-complete,H7583,,
140,wonder,raw-complete,H8074H,,
140,wonder,raw-complete,H8539,M01,M01(Fear)
140,wonder,raw-complete,H8540,M04,M04(Joy)
141,worship,raw-complete,G1247,,
141,worship,raw-complete,G1391,M22,M22(Praise)
141,worship,raw-complete,G1479,,
141,worship,raw-complete,G2151,M21,M21(Prayer)
141,worship,raw-complete,G2318,M21,M21(Prayer)
141,worship,raw-complete,G2323,,
141,worship,raw-complete,G2356,M31,M31(Faith)
141,worship,raw-complete,G2578,,
141,worship,raw-complete,G2827,,
141,worship,raw-complete,G2999,"M36,T2","M36(Service),T2(Supplementary)"
141,worship,raw-complete,G3000,M36,M36(Service)
141,worship,raw-complete,G3009,M36,M36(Service)
141,worship,raw-complete,G4332,,
141,worship,raw-complete,G4352,M22,M22(Praise)
141,worship,raw-complete,G4353,T2,T2(Supplementary)
141,worship,raw-complete,G4573,,
141,worship,raw-complete,G4574,,
141,worship,raw-complete,G4576,M21,M21(Prayer)
141,worship,raw-complete,G5256,,
141,worship,raw-complete,H2076,,
141,worship,raw-complete,H2331,,
141,worship,raw-complete,H3372G,M01,M01(Fear)
141,worship,raw-complete,H3372H,M01,M01(Fear)
141,worship,raw-complete,H3373,M01,M01(Fear)
141,worship,raw-complete,H3766,,
141,worship,raw-complete,H5457,T2,T2(Supplementary)
141,worship,raw-complete,H5647G,M36,M36(Service)
141,worship,raw-complete,H5647H,M36,M36(Service)
141,worship,raw-complete,H5647I,M36,M36(Service)
141,worship,raw-complete,H5647J,M36,M36(Service)
141,worship,raw-complete,H5656H,M36,M36(Service)
141,worship,raw-complete,H6087B,T2,T2(Supplementary)
141,worship,raw-complete,H6213A,T2,T2(Supplementary)
141,worship,raw-complete,H6213I,,
141,worship,raw-complete,H6282A,,
141,worship,raw-complete,H6282B,,
141,worship,raw-complete,H6399,,
141,worship,raw-complete,H6633,,
141,worship,raw-complete,H6642,,
141,worship,raw-complete,H6915,,
141,worship,raw-complete,H7812,T2,T2(Supplementary)
141,worship,raw-complete,H8334,M36,M36(Service)
142,worth,raw-complete,G0514,M22,M22(Praise)
142,worth,raw-complete,G1308,,
142,worth,raw-complete,G20258,,
142,worth,raw-complete,H3644G,T2,T2(Supplementary)
142,worth,raw-complete,H4373,,
142,worth,raw-complete,H6187,T2,T2(Supplementary)
142,worth,raw-complete,H7737A,T2,T2(Supplementary)
143,wrath,raw-complete,G2372,,
143,wrath,raw-complete,G3709,M02,M02(Anger)
143,wrath,raw-complete,G3949,M02,M02(Anger)
143,wrath,raw-complete,G3950,M02,M02(Anger)
143,wrath,raw-complete,G5433,,
143,wrath,raw-complete,H0639G,T2,T2(Supplementary)
143,wrath,raw-complete,H0639H,,
143,wrath,raw-complete,H0639I,,
143,wrath,raw-complete,H2121,,
143,wrath,raw-complete,H2194,M02,M02(Anger)
143,wrath,raw-complete,H2195,M02,M02(Anger)
143,wrath,raw-complete,H2197,M02,M02(Anger)
143,wrath,raw-complete,H2528,M02,M02(Anger)
143,wrath,raw-complete,H2534,M02,M02(Anger)
143,wrath,raw-complete,H2573,T2,T2(Supplementary)
143,wrath,raw-complete,H2734,M02,M02(Anger)
143,wrath,raw-complete,H2740,M02,M02(Anger)
143,wrath,raw-complete,H3708A,,
143,wrath,raw-complete,H3708B,M02,M02(Anger)
143,wrath,raw-complete,H5358,,
143,wrath,raw-complete,H5359,M02,M02(Anger)
143,wrath,raw-complete,H5590,,
143,wrath,raw-complete,H5674B,,
143,wrath,raw-complete,H5678,,
143,wrath,raw-complete,H5892A,,
143,wrath,raw-complete,H7107,M02,M02(Anger)
143,wrath,raw-complete,H7109,M02,M02(Anger)
143,wrath,raw-complete,H7110A,M02,M02(Anger)
143,wrath,raw-complete,H7110B,,
143,wrath,raw-complete,H7265,M02,M02(Anger)
143,wrath,raw-complete,H7266,,
143,wrath,raw-complete,H7267,,
144,yearning,raw-complete,G1971,M18,M18(Hope)
144,yearning,raw-complete,G20833,,
144,yearning,raw-complete,H1993,,
144,yearning,raw-complete,H3615J,T2,T2(Supplementary)
144,yearning,raw-complete,H3642,M29,M29(Desire)
144,yearning,raw-complete,H3648,,
144,yearning,raw-complete,H4263,M05,M05(Love)
144,yearning,raw-complete,H4578,T2,T2(Supplementary)
144,yearning,raw-complete,H6315,,
145,yielding,raw-complete,G0591,T2,T2(Supplementary)
145,yielding,raw-complete,G0985,,
145,yielding,raw-complete,G1325,,
145,yielding,raw-complete,G1502,,
145,yielding,raw-complete,G1627,,
145,yielding,raw-complete,G2590,,
145,yielding,raw-complete,G4964,,
145,yielding,raw-complete,G5342,M23,M23(Strength)
145,yielding,raw-complete,G7805,,
145,yielding,raw-complete,G7806,,
145,yielding,raw-complete,G7807,,
145,yielding,raw-complete,H0014,"M29,M30","M29(Desire),M30(Obedience)"
145,yielding,raw-complete,H0225,,
145,yielding,raw-complete,H1645,,
145,yielding,raw-complete,H2981,,
145,yielding,raw-complete,H3052,,
145,yielding,raw-complete,H3254H,,
145,yielding,raw-complete,H3318M,,
145,yielding,raw-complete,H4832,,
145,yielding,raw-complete,H5107,,
145,yielding,raw-complete,H5186,,
145,yielding,raw-complete,H5375H,,
145,yielding,raw-complete,H5375K,,
145,yielding,raw-complete,H5414G,M12,M12(Purity)
145,yielding,raw-complete,H6213A,T2,T2(Supplementary)
145,yielding,raw-complete,H6213H,,
145,yielding,raw-complete,H6779,,
145,yielding,raw-complete,H7737B,T2,T2(Supplementary)
145,yielding,raw-complete,H8393,,
146,zeal,raw-complete,G1618,,
146,zeal,raw-complete,G2205,M21,M21(Prayer)
146,zeal,raw-complete,G4710,M34,M34(Perseverance)
146,zeal,raw-complete,H0149,,
146,zeal,raw-complete,H2363,,
146,zeal,raw-complete,H7065,M02,M02(Anger)
146,zeal,raw-complete,H7068,M02,M02(Anger)
