reference,m47_strong,m47_gloss,m47_surface,other_m_clusters,other_m_words,text
1Ch 11:19,H5315H,soul: life,risk,M30:Rebellion & Stubbornness,H0014 (he would),"and said, “ Far be it from me before my God that I should do this. Shall I drink the lifeblood of these men? For at the risk of their lives they brought it.” Therefore he would not drink it. These things did the three mighty men."
1Ch 11:19,H5315H,soul: life,lives,M30:Rebellion & Stubbornness,H0014 (he would),"and said, “ Far be it from me before my God that I should do this. Shall I drink the lifeblood of these men? For at the risk of their lives they brought it.” Therefore he would not drink it. These things did the three mighty men."
1Ch 12:17,H3824,heart,heart,"M33:Rest & Peace,M45:Renewal & Transformation,M14:Deceit & Falsehood,M06:Malice & Enmity,M10:Violence & Cruelty","H7965J (friendship),H5826 (help),H7411B (betray),H6862C (adversaries),H2555 (wrong)","David went out to meet them and said to them, “ If you have come to me in friendship to help me, my heart will be joined to you; but if to betray me to my adversaries, although there is no wrong in my hands, then may the God of our fathers see and rebuke you.”"
1Ch 12:18,H7307G,spirit,Spirit,"M72:Authority & Dominion,M33:Rest & Peace,M45:Renewal & Transformation","H7218H (chief),H7965G (Peace),H7965G (peace),H5826 (helpers),H5826 (helps),H7218H (officers)","Then the Spirit clothed Amasai, chief of the thirty, and he said, “We are yours, O David, and with you, O son of Jesse! Peace, peace to you, and peace to your helpers! For your God helps you.” Then David received them and made them officers of his troops."
1Ch 12:33,H3820A,heart,singleness,"M10:Violence & Cruelty,M45:Renewal & Transformation","H4421 (battle),H4421 (war),H5737A (help)","Of Zebulun 50,000 seasoned troops, equipped for battle with all the weapons of war, to help David with singleness of purpose."
1Ch 12:33,H3820A,heart,purpose,"M10:Violence & Cruelty,M45:Renewal & Transformation","H4421 (battle),H4421 (war),H5737A (help)","Of Zebulun 50,000 seasoned troops, equipped for battle with all the weapons of war, to help David with singleness of purpose."
1Ch 12:38,H3820A,heart,heart,"M10:Violence & Cruelty,M45:Renewal & Transformation,M34:Patience & Perseverance,M72:Authority & Dominion","H4421 (war),H5737A (arrayed),H8003 (whole),H4427A (king)","All these, men of war, arrayed in battle order, came to Hebron with a whole heart to make David king over all Israel. Likewise, all the rest of Israel were of a single mind to make David king."
1Ch 12:38,H3824,heart,mind,"M10:Violence & Cruelty,M45:Renewal & Transformation,M34:Patience & Perseverance,M72:Authority & Dominion","H4421 (war),H5737A (arrayed),H8003 (whole),H4427A (king)","All these, men of war, arrayed in battle order, came to Hebron with a whole heart to make David king over all Israel. Likewise, all the rest of Israel were of a single mind to make David king."
1Ch 15:29,H3820A,heart,heart,"M44:Covenant & Fellowship,M72:Authority & Dominion,M04:Joy & Gladness,M30:Rebellion & Stubbornness","H1285 (covenant),H4428G (King),H7832 (celebrating),H0959 (despised)","And as the ark of the covenant of the Lord came to the city of David, Michal the daughter of Saul looked out of the window and saw King David dancing and celebrating, and she despised him in her heart."
1Ch 16:10,H3820A,heart,hearts,"M08:Pride & Arrogance,M61:Purity & Holiness,M83:Seeking & Inquiring,M04:Joy & Gladness","H1984H (Glory),H6944G (holy),H1245 (seek),H8055 (rejoice)",Glory in his holy name; let the hearts of those who seek the Lord rejoice!
1Ch 17:19,H3820A,heart,heart,"M36:Worship & Service,M71:Glory & Splendor,M15:Knowing & Understanding","H5650 (servant’s),H1420 (greatness),H3045 (known),H1420 (great things)","For your servant’s sake, O Lord, and according to your own heart, you have done all this greatness, in making known all these great things."
1Ch 22:19,H3824,heart,mind,"M83:Seeking & Inquiring,M08:Pride & Arrogance,M44:Covenant & Fellowship,M61:Purity & Holiness","H1875 (seek),H6965B (Arise),H1285 (covenant),H6944G (holy)","Now set your mind and heart to seek the Lord your God. Arise and build the sanctuary of the Lord God, so that the ark of the covenant of the Lord and the holy vessels of God may be brought into a house built for the name of the Lord.”"
1Ch 22:19,H5315G,soul,heart,"M83:Seeking & Inquiring,M08:Pride & Arrogance,M44:Covenant & Fellowship,M61:Purity & Holiness","H1875 (seek),H6965B (Arise),H1285 (covenant),H6944G (holy)","Now set your mind and heart to seek the Lord your God. Arise and build the sanctuary of the Lord God, so that the ark of the covenant of the Lord and the holy vessels of God may be brought into a house built for the name of the Lord.”"
1Ch 28:12,H7307G,spirit,mind,M61:Purity & Holiness,H6944G (gifts),"and the plan of all that he had in mind for the courts of the house of the Lord, all the surrounding chambers, the treasuries of the house of God, and the treasuries for dedicated gifts;"
1Ch 28:2,H3824,heart,heart,"M72:Authority & Dominion,M08:Pride & Arrogance,M41:Being Heard,M33:Rest & Peace,M44:Covenant & Fellowship","H4428G (King),H6965B (rose),H8085G (Hear),H4496H (rest),H1285 (covenant)","Then King David rose to his feet and said: “ Hear me, my brothers and my people. I had it in my heart to build a house of rest for the ark of the covenant of the Lord and for the footstool of our God, and I made preparations for building."
1Ch 28:9,H3820A,heart,heart,"M15:Knowing & Understanding,M36:Worship & Service,M34:Patience & Perseverance,M18:Desire & Longing,M83:Seeking & Inquiring,M64:Will & Resolve,M06:Malice & Enmity,M30:Rebellion & Stubbornness","H3045 (know),H5647H (serve),H8003 (whole),H2655 (willing),H1875 (searches),H0995 (understands),H3336 (plan),H4284 (thought),H1875 (seek),H5800A (forsake),H2186A (off),H5703 (forever)","“And you, Solomon my son, know the God of your father and serve him with a whole heart and with a willing mind, for the Lord searches all hearts and understands every plan and thought. If you seek him, he will be found by you, but if you forsake him, he will cast you off forever."
1Ch 28:9,H5315G,soul,mind,"M15:Knowing & Understanding,M36:Worship & Service,M34:Patience & Perseverance,M18:Desire & Longing,M83:Seeking & Inquiring,M64:Will & Resolve,M06:Malice & Enmity,M30:Rebellion & Stubbornness","H3045 (know),H5647H (serve),H8003 (whole),H2655 (willing),H1875 (searches),H0995 (understands),H3336 (plan),H4284 (thought),H1875 (seek),H5800A (forsake),H2186A (off),H5703 (forever)","“And you, Solomon my son, know the God of your father and serve him with a whole heart and with a willing mind, for the Lord searches all hearts and understands every plan and thought. If you seek him, he will be found by you, but if you forsake him, he will cast you off forever."
1Ch 28:9,H3824,heart,hearts,"M15:Knowing & Understanding,M36:Worship & Service,M34:Patience & Perseverance,M18:Desire & Longing,M83:Seeking & Inquiring,M64:Will & Resolve,M06:Malice & Enmity,M30:Rebellion & Stubbornness","H3045 (know),H5647H (serve),H8003 (whole),H2655 (willing),H1875 (searches),H0995 (understands),H3336 (plan),H4284 (thought),H1875 (seek),H5800A (forsake),H2186A (off),H5703 (forever)","“And you, Solomon my son, know the God of your father and serve him with a whole heart and with a willing mind, for the Lord searches all hearts and understands every plan and thought. If you seek him, he will be found by you, but if you forsake him, he will cast you off forever."
1Ch 29:17,H3824,heart,heart,"M15:Knowing & Understanding,M35:Being Tested,M39:Gift & Favor,M12:Righteousness & Integrity,M18:Desire & Longing,M04:Joy & Gladness","H3045 (know),H0974 (test),H7521 (pleasure),H3476 (uprightness),H4339 (uprightness),H5068 (freely offered),H5068 (offering freely),H8057 (joyously)","I know, my God, that you test the heart and have pleasure in uprightness. In the uprightness of my heart I have freely offered all these things, and now I have seen your people, who are present here, offering freely and joyously to you."
1Ch 29:17,H3824,heart,heart,"M15:Knowing & Understanding,M35:Being Tested,M39:Gift & Favor,M12:Righteousness & Integrity,M18:Desire & Longing,M04:Joy & Gladness","H3045 (know),H0974 (test),H7521 (pleasure),H3476 (uprightness),H4339 (uprightness),H5068 (freely offered),H5068 (offering freely),H8057 (joyously)","I know, my God, that you test the heart and have pleasure in uprightness. In the uprightness of my heart I have freely offered all these things, and now I have seen your people, who are present here, offering freely and joyously to you."
1Ch 29:18,H3824,heart,hearts,"M74:Keeping & Guarding,M64:Will & Resolve,M06:Malice & Enmity","H8104G (keep),H3336 (purposes),H4284 (thoughts)","O Lord, the God of Abraham, Isaac, and Israel, our fathers, keep forever such purposes and thoughts in the hearts of your people, and direct their hearts toward you."
1Ch 29:18,H3824,heart,hearts,"M74:Keeping & Guarding,M64:Will & Resolve,M06:Malice & Enmity","H8104G (keep),H3336 (purposes),H4284 (thoughts)","O Lord, the God of Abraham, Isaac, and Israel, our fathers, keep forever such purposes and thoughts in the hearts of your people, and direct their hearts toward you."
1Ch 29:19,H3824,heart,heart,"M34:Patience & Perseverance,M74:Keeping & Guarding,M54:Torah & Obedience,M72:Authority & Dominion","H8003 (whole),H8104G (keep),H4687 (commandments),H1002 (palace)","Grant to Solomon my son a whole heart that he may keep your commandments, your testimonies, and your statutes, performing all, and that he may build the palace for which I have made provision.”"
1Ch 29:9,H3820A,heart,heart,"M04:Joy & Gladness,M18:Desire & Longing,M34:Patience & Perseverance,M72:Authority & Dominion","H8055 (rejoiced),H5068 (given),H5068 (willingly),H8003 (whole),H4428G (king),H8057 (greatly)","Then the people rejoiced because they had given willingly, for with a whole heart they had offered freely to the Lord. David the king also rejoiced greatly."
1Ch 5:26,H7307G,spirit,spirit,"M25:Life & Death,M72:Authority & Dominion","H5782 (stirred up),H4428G (king)","So the God of Israel stirred up the spirit of Pul king of Assyria, the spirit of Tiglath-pileser king of Assyria, and he took them into exile, namely, the Reubenites, the Gadites, and the half-tribe of Manasseh, and brought them to Halah, Habor, Hara, and the river Gozan, to this day."
1Ch 5:26,H7307G,spirit,spirit,"M25:Life & Death,M72:Authority & Dominion","H5782 (stirred up),H4428G (king)","So the God of Israel stirred up the spirit of Pul king of Assyria, the spirit of Tiglath-pileser king of Assyria, and he took them into exile, namely, the Reubenites, the Gadites, and the half-tribe of Manasseh, and brought them to Halah, Habor, Hara, and the river Gozan, to this day."
1Cor 10:18,G4561,flesh,people,M05:Kindness & Friendship,G2844 (participants),Consider the people of Israel: are not those who eat the sacrifices participants in the altar?
1Cor 10:27,G4893,conscience,conscience,"M31:Faith,M42:Prayer & Petition,M18:Desire & Longing","G0571 (unbelievers),G2564G (invites),G2309 (disposed)","If one of the unbelievers invites you to dinner and you are disposed to go, eat whatever is set before you without raising any question on the ground of conscience."
1Cor 10:28,G4893,conscience,conscience,M55:Destruction & Ruin,G1494 (offered in sacrifice),"But if someone says to you, “ This has been offered in sacrifice,” then do not eat it, for the sake of the one who informed you, and for the sake of conscience —"
1Cor 10:29,G4893,conscience,conscience,M63:Reasoning & Interpretation,G2919 (determined),"I do not mean your conscience, but his. For why should my liberty be determined by someone else’s conscience?"
1Cor 10:29,G4893,conscience,conscience,M63:Reasoning & Interpretation,G2919 (determined),"I do not mean your conscience, but his. For why should my liberty be determined by someone else’s conscience?"
1Cor 12:1,G4152,spiritual,spiritual gifts,"M14:Deceit & Falsehood,M18:Desire & Longing,M63:Reasoning & Interpretation","G0080 (brothers),G2309 (want),G0050 (uninformed)","Now concerning spiritual gifts, brothers, I do not want you to be uninformed."
1Cor 12:10,G4151G,spirit/breath: spirit,spirits,"M23:Strength & Courage,M43:Prophecy & Vision,M15:Knowing & Understanding,M63:Reasoning & Interpretation","G1755 (working),G1411 (miracles),G4394 (prophecy),G1253 (distinguish between),G2058 (interpretation)","to another the working of miracles, to another prophecy, to another the ability to distinguish between spirits, to another various kinds of tongues, to another the interpretation of tongues."
1Cor 12:11,G4151G,spirit/breath: spirit,Spirit,"M23:Strength & Courage,M64:Will & Resolve","G1754 (empowered),G1014 (wills)","All these are empowered by one and the same Spirit, who apportions to each one individually as he wills."
1Cor 12:13,G4151G,spirit/breath: spirit,Spirit,M78:Slavery & Bondage,G1401 (slaves),"For in one Spirit we were all baptized into one body — Jews or Greeks, slaves or free — and all were made to drink of one Spirit."
1Cor 12:13,G4151G,spirit/breath: spirit,Spirit,M78:Slavery & Bondage,G1401 (slaves),"For in one Spirit we were all baptized into one body — Jews or Greeks, slaves or free — and all were made to drink of one Spirit."
1Cor 12:3,G4151G,spirit/breath: spirit,Spirit,M61:Purity & Holiness,G0040G (Holy),Therefore I want you to understand that no one speaking in the Spirit of God ever says “ Jesus is accursed!” and no one can say “ Jesus is Lord ” except in the Holy Spirit.
1Cor 12:3,G4151G,spirit/breath: spirit,Spirit,M61:Purity & Holiness,G0040G (Holy),Therefore I want you to understand that no one speaking in the Spirit of God ever says “ Jesus is accursed!” and no one can say “ Jesus is Lord ” except in the Holy Spirit.
1Cor 12:4,G4151G,spirit/breath: spirit,Spirit,M39:Gift & Favor,G5486 (gifts),"Now there are varieties of gifts, but the same Spirit;"
1Cor 12:8,G4151G,spirit/breath: spirit,Spirit,"M65:Speech & Tongue,M16:Wisdom & Folly,M15:Knowing & Understanding","G3056 (utterance),G4678 (wisdom),G1108 (knowledge)","For to one is given through the Spirit the utterance of wisdom, and to another the utterance of knowledge according to the same Spirit,"
1Cor 12:8,G4151G,spirit/breath: spirit,Spirit,"M65:Speech & Tongue,M16:Wisdom & Folly,M15:Knowing & Understanding","G3056 (utterance),G4678 (wisdom),G1108 (knowledge)","For to one is given through the Spirit the utterance of wisdom, and to another the utterance of knowledge according to the same Spirit,"
1Cor 12:9,G4151G,spirit/breath: spirit,Spirit,"M13:Faith & Faithfulness,M39:Gift & Favor","G4102G (faith),G5486 (gifts)","to another faith by the same Spirit, to another gifts of healing by the one Spirit,"
1Cor 12:9,G4151G,spirit/breath: spirit,Spirit,"M13:Faith & Faithfulness,M39:Gift & Favor","G4102G (faith),G5486 (gifts)","to another faith by the same Spirit, to another gifts of healing by the one Spirit,"
1Cor 14:1,G4152,spiritual,spiritual gifts,"M51:Love & Devotion,M69:Self-Control & Zeal,M43:Prophecy & Vision","G0026 (love),G2206 (earnestly desire),G4395 (prophesy)","Pursue love, and earnestly desire the spiritual gifts, especially that you may prophesy."
1Cor 14:12,G4151G,spirit/breath: spirit,Spirit,"M18:Desire & Longing,M83:Seeking & Inquiring,M52:Encouragement,M44:Covenant & Fellowship","G2207 (eager),G2212 (strive),G3619 (building),G1577 (church)","So with yourselves, since you are eager for manifestations of the Spirit, strive to excel in building up the church."
1Cor 14:14,G4151G,spirit/breath: spirit,spirit,"M42:Prayer & Petition,M15:Knowing & Understanding","G4336 (pray),G4336 (prays),G3563 (mind)","For if I pray in a tongue, my spirit prays but my mind is unfruitful."
1Cor 14:15,G4151G,spirit/breath: spirit,spirit,"M42:Prayer & Petition,M15:Knowing & Understanding,M22:Praise & Song","G4336 (pray),G3563 (mind),G5567 (sing praise),G5567 (sing)","What am I to do? I will pray with my spirit, but I will pray with my mind also; I will sing praise with my spirit, but I will sing with my mind also."
1Cor 14:15,G4151G,spirit/breath: spirit,spirit,"M42:Prayer & Petition,M15:Knowing & Understanding,M22:Praise & Song","G4336 (pray),G3563 (mind),G5567 (sing praise),G5567 (sing)","What am I to do? I will pray with my spirit, but I will pray with my mind also; I will sing praise with my spirit, but I will sing with my mind also."
1Cor 14:16,G4151G,spirit/breath: spirit,spirit,"M22:Praise & Song,M49:Thanksgiving,M15:Knowing & Understanding","G2127 (give thanks),G2169 (thanksgiving),G6063 (know)","Otherwise, if you give thanks with your spirit, how can anyone in the position of an outsider say “ Amen ” to your thanksgiving when he does not know what you are saying?"
1Cor 14:25,G2588,heart,heart,M36:Worship & Service,G4352 (worship),"the secrets of his heart are disclosed, and so, falling on his face, he will worship God and declare that God is really among you."
1Cor 14:32,G4151G,spirit/breath: spirit,spirits,"M43:Prophecy & Vision,M23:Strength & Courage","G4396 (prophets),G5293 (subject)",and the spirits of prophets are subject to prophets.
1Cor 14:37,G4152,spiritual,spiritual,"M15:Knowing & Understanding,M43:Prophecy & Vision","G1380 (thinks),G4396 (prophet)","If anyone thinks that he is a prophet, or spiritual, he should acknowledge that the things I am writing to you are a command of the Lord."
1Cor 15:44,G4152,spiritual,spiritual,M15:Knowing & Understanding,G5591 (natural),"It is sown a natural body; it is raised a spiritual body. If there is a natural body, there is also a spiritual body."
1Cor 15:44,G4152,spiritual,spiritual,M15:Knowing & Understanding,G5591 (natural),"It is sown a natural body; it is raised a spiritual body. If there is a natural body, there is also a spiritual body."
1Cor 15:45,G5590G,soul,being,M25:Life & Death,"G2198 (living),G2227 (life-giving)","Thus it is written, “The first man Adam became a living being ”; the last Adam became a life-giving spirit."
1Cor 15:45,G4151G,spirit/breath: spirit,spirit,M25:Life & Death,"G2198 (living),G2227 (life-giving)","Thus it is written, “The first man Adam became a living being ”; the last Adam became a life-giving spirit."
1Cor 15:46,G4152,spiritual,spiritual,M15:Knowing & Understanding,G5591 (natural),"But it is not the spiritual that is first but the natural, and then the spiritual."
1Cor 15:46,G4152,spiritual,spiritual,M15:Knowing & Understanding,G5591 (natural),"But it is not the spiritual that is first but the natural, and then the spiritual."
1Cor 15:50,G4561,flesh,flesh,"M14:Deceit & Falsehood,M72:Authority & Dominion,M57:Corruption & Perversion,M61:Purity & Holiness","G0080 (brothers),G0932 (kingdom),G5356 (perishable),G0861 (imperishable)","I tell you this, brothers: flesh and blood cannot inherit the kingdom of God, nor does the perishable inherit the imperishable."
1Cor 16:18,G4151G,spirit/breath: spirit,spirit,M33:Rest & Peace,G0373 (refreshed),for they refreshed my spirit as well as yours. Give recognition to such people.
1Cor 1:26,G4561,flesh,worldly standards,"M42:Prayer & Petition,M14:Deceit & Falsehood,M16:Wisdom & Folly,M23:Strength & Courage,M34:Patience & Perseverance","G2821 (calling),G0080 (brothers),G4680 (wise),G1415 (powerful),G2104 (noble birth)","For consider your calling, brothers: not many of you were wise according to worldly standards, not many were powerful, not many were of noble birth."
1Cor 1:29,G4561,flesh,human being,M08:Pride & Arrogance,G2744 (boast),so that no human being might boast in the presence of God.
1Cor 2:11,G4151G,spirit/breath: spirit,spirit,M15:Knowing & Understanding,"G6063 (knows),G6063 (comprehends)","For who knows a person’s thoughts except the spirit of that person, which is in him? So also no one comprehends the thoughts of God except the Spirit of God."
1Cor 2:11,G4151G,spirit/breath: spirit,Spirit,M15:Knowing & Understanding,"G6063 (knows),G6063 (comprehends)","For who knows a person’s thoughts except the spirit of that person, which is in him? So also no one comprehends the thoughts of God except the Spirit of God."
1Cor 2:12,G4151G,spirit/breath: spirit,spirit,"M15:Knowing & Understanding,M50:Grace & Mercy","G1492G (understand),G5483 (freely given)","Now we have received not the spirit of the world, but the Spirit who is from God, that we might understand the things freely given us by God."
1Cor 2:12,G4151G,spirit/breath: spirit,Spirit,"M15:Knowing & Understanding,M50:Grace & Mercy","G1492G (understand),G5483 (freely given)","Now we have received not the spirit of the world, but the Spirit who is from God, that we might understand the things freely given us by God."
1Cor 2:13,G4151G,spirit/breath: spirit,Spirit,"M65:Speech & Tongue,M16:Wisdom & Folly","G3056 (words),G4678 (wisdom)","And we impart this in words not taught by human wisdom but taught by the Spirit, interpreting spiritual truths to those who are spiritual."
1Cor 2:13,G4152,spiritual,spiritual truths,"M65:Speech & Tongue,M16:Wisdom & Folly","G3056 (words),G4678 (wisdom)","And we impart this in words not taught by human wisdom but taught by the Spirit, interpreting spiritual truths to those who are spiritual."
1Cor 2:13,G4152,spiritual,spiritual,"M65:Speech & Tongue,M16:Wisdom & Folly","G3056 (words),G4678 (wisdom)","And we impart this in words not taught by human wisdom but taught by the Spirit, interpreting spiritual truths to those who are spiritual."
1Cor 2:14,G4151G,spirit/breath: spirit,Spirit,"M15:Knowing & Understanding,M16:Wisdom & Folly","G5591 (natural),G3472 (folly),G1097 (understand)","The natural person does not accept the things of the Spirit of God, for they are folly to him, and he is not able to understand them because they are spiritually discerned."
1Cor 2:4,G4151G,spirit/breath: spirit,Spirit,"M65:Speech & Tongue,M16:Wisdom & Folly,M23:Strength & Courage","G3056 (speech),G3056 (words),G4678 (wisdom),G1411 (power)","and my speech and my message were not in plausible words of wisdom, but in demonstration of the Spirit and of power,"
1Cor 2:9,G2588,heart,heart,M51:Love & Devotion,G0025 (love),"But, as it is written, “ What no eye has seen, nor ear heard, nor the heart of man imagined, what God has prepared for those who love him ”—"
1Cor 3:1,G4152,spiritual,spiritual,"M14:Deceit & Falsehood,M28:Envy & Greed","G0080 (brothers),G4559 (flesh)","But I, brothers, could not address you as spiritual people, but as people of the flesh, as infants in Christ."
1Cor 3:16,G4151G,spirit/breath: spirit,Spirit,M15:Knowing & Understanding,G6063 (know),Do you not know that you are God’s temple and that God’s Spirit dwells in you?
1Cor 4:21,G4151G,spirit/breath: spirit,spirit,"M18:Desire & Longing,M51:Love & Devotion,M05:Kindness & Friendship","G2309 (wish),G0026 (love),G4236 (gentleness)","What do you wish? Shall I come to you with a rod, or with love in a spirit of gentleness?"
1Cor 4:5,G2588,heart,heart,"M63:Reasoning & Interpretation,M64:Will & Resolve,M22:Praise & Song","G2919 (judgment),G1012 (purposes),G1868 (commendation)","Therefore do not pronounce judgment before the time, before the Lord comes, who will bring to light the things now hidden in darkness and will disclose the purposes of the heart. Then each one will receive his commendation from God."
1Cor 5:3,G4151G,spirit/breath: spirit,spirit,M63:Reasoning & Interpretation,G2919 (judgment),"For though absent in body, I am present in spirit; and as if present, I have already pronounced judgment on the one who did such a thing."
1Cor 5:4,G4151G,spirit/breath: spirit,spirit,M23:Strength & Courage,G1411 (power),"When you are assembled in the name of the Lord Jesus and my spirit is present, with the power of our Lord Jesus,"
1Cor 5:5,G4561,flesh,flesh,M45:Renewal & Transformation,G4982 (saved),"you are to deliver this man to Satan for the destruction of the flesh, so that his spirit may be saved in the day of the Lord."
1Cor 5:5,G4151G,spirit/breath: spirit,spirit,M45:Renewal & Transformation,G4982 (saved),"you are to deliver this man to Satan for the destruction of the flesh, so that his spirit may be saved in the day of the Lord."
1Cor 6:11,G4151G,spirit/breath: spirit,Spirit,"M61:Purity & Holiness,M26:Judgment & Condemnation","G0037 (sanctified),G1344 (justified)","And such were some of you. But you were washed, you were sanctified, you were justified in the name of the Lord Jesus Christ and by the Spirit of our God."
1Cor 6:16,G4561,flesh,flesh,M15:Knowing & Understanding,G6063 (you),"Or do you not know that he who is joined to a prostitute becomes one body with her? For, as it is written, “The two will become one flesh.”"
1Cor 6:19,G4151G,spirit/breath: spirit,Spirit,"M15:Knowing & Understanding,M61:Purity & Holiness","G1492G (know),G0040G (Holy)","Or do you not know that your body is a temple of the Holy Spirit within you, whom you have from God? You are not your own,"
1Cor 7:28,G4561,flesh,worldly,"M56:Sin & Guilt,M24:Faintness & Despair,M05:Kindness & Friendship","G0264 (sinned),G2347 (troubles),G5339 (spare)","But if you do marry, you have not sinned, and if a betrothed woman marries, she has not sinned. Yet those who marry will have worldly troubles, and I would spare you that."
1Cor 7:34,G4151G,spirit/breath: spirit,spirit,"M20:Doubt & Discouragement,M61:Purity & Holiness,M04:Joy & Gladness","G3309 (anxious about),G0040G (holy),G0700 (please)","and his interests are divided. And the unmarried or betrothed woman is anxious about the things of the Lord, how to be holy in body and spirit. But the married woman is anxious about worldly things, how to please her husband."
1Cor 7:37,G2588,heart,heart,"M34:Patience & Perseverance,M18:Desire & Longing,M72:Authority & Dominion,M63:Reasoning & Interpretation,M74:Keeping & Guarding","G1476 (established),G2307 (desire),G1849 (under control),G2919 (has determined),G5083I (keep)","But whoever is firmly established in his heart, being under no necessity but having his desire under control, and has determined this in his heart, to keep her as his betrothed, he will do well."
1Cor 7:37,G2588,heart,heart,"M34:Patience & Perseverance,M18:Desire & Longing,M72:Authority & Dominion,M63:Reasoning & Interpretation,M74:Keeping & Guarding","G1476 (established),G2307 (desire),G1849 (under control),G2919 (has determined),G5083I (keep)","But whoever is firmly established in his heart, being under no necessity but having his desire under control, and has determined this in his heart, to keep her as his betrothed, he will do well."
1Cor 7:40,G4151G,spirit/breath: spirit,Spirit,"M15:Knowing & Understanding,M80:Blessing","G1106 (judgment),G3107 (happier),G1380 (think)",Yet in my judgment she is happier if she remains as she is. And I think that I too have the Spirit of God.
1Cor 8:10,G4893,conscience,conscience,"M15:Knowing & Understanding,M52:Encouragement,M73:Sickness & Weakness,M55:Destruction & Ruin","G1108 (knowledge),G3618 (encouraged),G0772G (weak),G1494 (offered to idols)","For if anyone sees you who have knowledge eating in an idol’s temple, will he not be encouraged, if his conscience is weak, to eat food offered to idols?"
1Cor 8:12,G4893,conscience,conscience,"M56:Sin & Guilt,M14:Deceit & Falsehood,M73:Sickness & Weakness","G0264 (sinning),G0080 (brothers),G0770G (weak),G0264 (sin)","Thus, sinning against your brothers and wounding their conscience when it is weak, you sin against Christ."
1Cor 8:7,G4893,conscience,conscience,"M15:Knowing & Understanding,M55:Destruction & Ruin,M73:Sickness & Weakness,M10c:Defilement","G1108 (knowledge),G1497 (idols),G1494 (idol),G0772G (weak),G3435 (defiled)","However, not all possess this knowledge. But some, through former association with idols, eat food as really offered to an idol, and their conscience, being weak, is defiled."
1Cor 9:11,G4152,spiritual,spiritual things,M28:Envy & Greed,G4559 (material things),"If we have sown spiritual things among you, is it too much if we reap material things from you?"
1Jo 2:16,G4561,flesh,flesh,"M18:Desire & Longing,M08:Pride & Arrogance,M25:Life & Death","G1939 (desires),G0212 (pride),G0979 (life)",For all that is in the world — the desires of the flesh and the desires of the eyes and pride of life — is not from the Father but is from the world.
1Jo 3:16,G5590H,soul: life,life,"M15:Knowing & Understanding,M51:Love & Devotion,M14:Deceit & Falsehood","G1097 (know),G0026 (love),G0080 (brothers)","By this we know love, that he laid down his life for us, and we ought to lay down our lives for the brothers."
1Jo 3:16,G5590H,soul: life,lives,"M15:Knowing & Understanding,M51:Love & Devotion,M14:Deceit & Falsehood","G1097 (know),G0026 (love),G0080 (brothers)","By this we know love, that he laid down his life for us, and we ought to lay down our lives for the brothers."
1Jo 3:19,G2588,heart,heart,"M15:Knowing & Understanding,M13:Faith & Faithfulness,M77:Stumbling & Trial","G1097 (know),G0225 (truth),G3982 (reassure)",By this we shall know that we are of the truth and reassure our heart before him;
1Jo 3:20,G2588,heart,heart,"M26:Judgment & Condemnation,M15:Knowing & Understanding","G2607 (condemns us),G1097 (knows)","for whenever our heart condemns us, God is greater than our heart, and he knows everything."
1Jo 3:20,G2588,heart,heart,"M26:Judgment & Condemnation,M15:Knowing & Understanding","G2607 (condemns us),G1097 (knows)","for whenever our heart condemns us, God is greater than our heart, and he knows everything."
1Jo 3:21,G2588,heart,heart,"M26:Judgment & Condemnation,M23:Strength & Courage","G2607 (condemn),G3954 (confidence)","Beloved, if our heart does not condemn us, we have confidence before God;"
1Jo 3:24,G4151G,spirit/breath: spirit,Spirit,M15:Knowing & Understanding,G1097 (know),"Whoever keeps his commandments abides in God, and God in him. And by this we know that he abides in us, by the Spirit whom he has given us."
1Jo 4:1,G4151G,spirit/breath: spirit,spirit,"M19:Trust & Refuge,M35:Being Tested,M14:Deceit & Falsehood","G4100 (believe),G1381 (test),G5578 (false prophets)","Beloved, do not believe every spirit, but test the spirits to see whether they are from God, for many false prophets have gone out into the world."
1Jo 4:1,G4151G,spirit/breath: spirit,spirits,"M19:Trust & Refuge,M35:Being Tested,M14:Deceit & Falsehood","G4100 (believe),G1381 (test),G5578 (false prophets)","Beloved, do not believe every spirit, but test the spirits to see whether they are from God, for many false prophets have gone out into the world."
1Jo 4:13,G4151G,spirit/breath: spirit,Spirit,M15:Knowing & Understanding,G1097 (know),"By this we know that we abide in him and he in us, because he has given us of his Spirit."
1Jo 4:2,G4151G,spirit/breath: spirit,Spirit,"M15:Knowing & Understanding,M60:Confession & Forgiveness","G1097 (know),G3670 (confesses)","By this you know the Spirit of God: every spirit that confesses that Jesus Christ has come in the flesh is from God,"
1Jo 4:2,G4151G,spirit/breath: spirit,spirit,"M15:Knowing & Understanding,M60:Confession & Forgiveness","G1097 (know),G3670 (confesses)","By this you know the Spirit of God: every spirit that confesses that Jesus Christ has come in the flesh is from God,"
1Jo 4:2,G4561,flesh,flesh,"M15:Knowing & Understanding,M60:Confession & Forgiveness","G1097 (know),G3670 (confesses)","By this you know the Spirit of God: every spirit that confesses that Jesus Christ has come in the flesh is from God,"
1Jo 4:3,G4151G,spirit/breath: spirit,spirit,M60:Confession & Forgiveness,G3670 (confess),"and every spirit that does not confess Jesus is not from God. This is the spirit of the antichrist, which you heard was coming and now is in the world already."
1Jo 4:6,G4151G,spirit/breath: spirit,Spirit,"M15:Knowing & Understanding,M13:Faith & Faithfulness,M55:Destruction & Ruin","G1097 (knows),G1097 (know),G0225 (truth),G4106 (error)",We are from God. Whoever knows God listens to us; whoever is not from God does not listen to us. By this we know the Spirit of truth and the spirit of error.
1Jo 4:6,G4151G,spirit/breath: spirit,spirit,"M15:Knowing & Understanding,M13:Faith & Faithfulness,M55:Destruction & Ruin","G1097 (knows),G1097 (know),G0225 (truth),G4106 (error)",We are from God. Whoever knows God listens to us; whoever is not from God does not listen to us. By this we know the Spirit of truth and the spirit of error.
1Jo 5:6,G4151G,spirit/breath: spirit,Spirit,"M35:Being Tested,M13:Faith & Faithfulness","G3140 (testifies),G0225 (truth)","This is he who came by water and blood — Jesus Christ; not by the water only but by the water and the blood. And the Spirit is the one who testifies, because the Spirit is the truth."
1Jo 5:6,G4151G,spirit/breath: spirit,Spirit,"M35:Being Tested,M13:Faith & Faithfulness","G3140 (testifies),G0225 (truth)","This is he who came by water and blood — Jesus Christ; not by the water only but by the water and the blood. And the Spirit is the one who testifies, because the Spirit is the truth."
1Jo 5:7,G4151G,spirit/breath: spirit,,M35:Being Tested,G3140 (testify),For there are three that testify:
1Ki 10:2,H3824,heart,mind,"M46:Wealth & Riches,M18:Desire & Longing,M42:Prayer & Petition","H2428H (retinue),H3368 (precious),H1696G (told)","She came to Jerusalem with a very great retinue, with camels bearing spices and very much gold and precious stones. And when she came to Solomon, she told him all that was on her mind."
1Ki 10:24,H3820A,heart,mind,"M83:Seeking & Inquiring,M41:Being Heard,M16:Wisdom & Folly","H1245 (sought),H8085G (hear),H2451 (wisdom)","And the whole earth sought the presence of Solomon to hear his wisdom, which God had put into his mind."
1Ki 10:5,H7307H,spirit: breath,breath,M36:Worship & Service,"H5650 (officials),H8334 (servants),H5930A (burnt offerings)","the food of his table, the seating of his officials, and the attendance of his servants, their clothing, his cupbearers, and his burnt offerings that he offered at the house of the Lord, there was no more breath in her."
1Ki 11:2,H3824,heart,heart,M51:Love & Devotion,H0160 (love),"from the nations concerning which the Lord had said to the people of Israel, “You shall not enter into marriage with them, neither shall they with you, for surely they will turn away your heart after their gods.” Solomon clung to these in love."
1Ki 11:37,H5315G,soul,soul,"M72:Authority & Dominion,M18:Desire & Longing","H4427A (reign),H0183 (desires),H4428G (king)","And I will take you, and you shall reign over all that your soul desires, and you shall be king over Israel."
1Ki 11:4,H3824,heart,heart,M34:Patience & Perseverance,H8003 (wholly true),"For when Solomon was old his wives turned away his heart after other gods, and his heart was not wholly true to the Lord his God, as was the heart of David his father."
1Ki 11:4,H3824,heart,heart,M34:Patience & Perseverance,H8003 (wholly true),"For when Solomon was old his wives turned away his heart after other gods, and his heart was not wholly true to the Lord his God, as was the heart of David his father."
1Ki 11:4,H3824,heart,heart,M34:Patience & Perseverance,H8003 (wholly true),"For when Solomon was old his wives turned away his heart after other gods, and his heart was not wholly true to the Lord his God, as was the heart of David his father."
1Ki 11:9,H3824,heart,heart,M02:Anger & Wrath,H0599 (angry),"And the Lord was angry with Solomon, because his heart had turned away from the Lord, the God of Israel, who had appeared to him twice"
1Ki 12:26,H3820A,heart,heart,M72:Authority & Dominion,H4467 (kingdom),"And Jeroboam said in his heart, “ Now the kingdom will turn back to the house of David."
1Ki 12:27,H3820A,heart,heart,M72:Authority & Dominion,H4428G (king),"If this people go up to offer sacrifices in the temple of the Lord at Jerusalem, then the heart of this people will turn again to their lord, to Rehoboam king of Judah, and they will kill me and return to Rehoboam king of Judah.”"
1Ki 12:33,H3820A,heart,from,M64:Will & Resolve,H0908 (devised),"He went up to the altar that he had made in Bethel on the fifteenth day in the eighth month, in the month that he had devised from his own heart. And he instituted a feast for the people of Israel and went up to the altar to make offerings."
1Ki 14:8,H3824,heart,heart,"M72:Authority & Dominion,M36:Worship & Service,M74:Keeping & Guarding,M54:Torah & Obedience,M12:Righteousness & Integrity","H4467 (kingdom),H5650 (servant),H8104G (kept),H4687 (commandments),H3477G (right)","and tore the kingdom away from the house of David and gave it to you, and yet you have not been like my servant David, who kept my commandments and followed me with all his heart, doing only that which was right in my eyes,"
1Ki 15:14,H3824,heart,heart,"M11:Turning & Repentance,M34:Patience & Perseverance","H5493G (away),H8003 (wholly true)","But the high places were not taken away. Nevertheless, the heart of Asa was wholly true to the Lord all his days."
1Ki 15:3,H3824,heart,heart,"M56:Sin & Guilt,M34:Patience & Perseverance","H2403B (sins),H8003 (wholly true)","And he walked in all the sins that his father did before him, and his heart was not wholly true to the Lord his God, as the heart of David his father."
1Ki 15:3,H3824,heart,heart,"M56:Sin & Guilt,M34:Patience & Perseverance","H2403B (sins),H8003 (wholly true)","And he walked in all the sins that his father did before him, and his heart was not wholly true to the Lord his God, as the heart of David his father."
1Ki 17:21,H5315H,soul: life,life,M42:Prayer & Petition,H7121G (cried),"Then he stretched himself upon the child three times and cried to the Lord, “O Lord my God, let this child’s life come into him again.”"
1Ki 17:22,H5315H,soul: life,life,"M41:Being Heard,M25:Life & Death","H8085G (listened),H2421 (revived)","And the Lord listened to the voice of Elijah. And the life of the child came into him again, and he revived."
1Ki 18:12,H7307G,spirit,Spirit,"M15:Knowing & Understanding,M65:Speech & Tongue,M36:Worship & Service,M01:Fear & Awe","H3045 (know),H5046 (tell),H5650 (servant),H3373 (feared)","And as soon as I have gone from you, the Spirit of the Lord will carry you I know not where. And so, when I come and tell Ahab and he cannot find you, he will kill me, although I your servant have feared the Lord from my youth."
1Ki 18:37,H3820A,heart,hearts,M15:Knowing & Understanding,H3045 (know),"Answer me, O Lord, answer me, that this people may know that you, O Lord, are God, and that you have turned their hearts back.”"
1Ki 19:10,H5315H,soul: life,life,"M18:Desire & Longing,M72:Authority & Dominion,M30:Rebellion & Stubbornness,M44:Covenant & Fellowship,M43:Prophecy & Vision,M83:Seeking & Inquiring","H7065 (very),H7065 (jealous),H6635B (hosts),H5800A (forsaken),H1285 (covenant),H5030 (prophets),H1245 (seek)","He said, “I have been very jealous for the Lord, the God of hosts. For the people of Israel have forsaken your covenant, thrown down your altars, and killed your prophets with the sword, and I, even I only, am left, and they seek my life, to take it away.”"
1Ki 19:11,H7307H,spirit: breath,wind,"M23:Strength & Courage,M24:Faintness & Despair","H2389 (strong),H7665 (broke in pieces)","And he said, “ Go out and stand on the mount before the Lord.” And behold, the Lord passed by, and a great and strong wind tore the mountains and broke in pieces the rocks before the Lord, but the Lord was not in the wind. And after the wind an earthquake, but the Lord was not in the earthquake."
1Ki 19:11,H7307H,spirit: breath,wind,"M23:Strength & Courage,M24:Faintness & Despair","H2389 (strong),H7665 (broke in pieces)","And he said, “ Go out and stand on the mount before the Lord.” And behold, the Lord passed by, and a great and strong wind tore the mountains and broke in pieces the rocks before the Lord, but the Lord was not in the wind. And after the wind an earthquake, but the Lord was not in the earthquake."
1Ki 19:11,H7307H,spirit: breath,wind,"M23:Strength & Courage,M24:Faintness & Despair","H2389 (strong),H7665 (broke in pieces)","And he said, “ Go out and stand on the mount before the Lord.” And behold, the Lord passed by, and a great and strong wind tore the mountains and broke in pieces the rocks before the Lord, but the Lord was not in the wind. And after the wind an earthquake, but the Lord was not in the earthquake."
1Ki 19:14,H5315H,soul: life,life,"M18:Desire & Longing,M72:Authority & Dominion,M30:Rebellion & Stubbornness,M44:Covenant & Fellowship,M43:Prophecy & Vision,M83:Seeking & Inquiring","H7065 (very),H7065 (jealous),H6635B (hosts),H5800A (forsaken),H1285 (covenant),H5030 (prophets),H1245 (seek)","He said, “I have been very jealous for the Lord, the God of hosts. For the people of Israel have forsaken your covenant, thrown down your altars, and killed your prophets with the sword, and I, even I only, am left, and they seek my life, to take it away.”"
1Ki 19:21,H1320,flesh,flesh,"M08:Pride & Arrogance,M36:Worship & Service","H6965B (arose),H8334 (assisted)","And he returned from following him and took the yoke of oxen and sacrificed them and boiled their flesh with the yokes of the oxen and gave it to the people, and they ate. Then he arose and went after Elijah and assisted him."
1Ki 19:3,H5315H,soul: life,life,"M08:Pride & Arrogance,M33:Rest & Peace","H6965B (arose),H5117 (left)","Then he was afraid, and he arose and ran for his life and came to Beersheba, which belongs to Judah, and left his servant there."
1Ki 19:4,H5315I,soul: myself,he,"M21:Fasting & Piety,M18:Desire & Longing","H7592 (asked),H2896A (better)","But he himself went a day’s journey into the wilderness and came and sat down under a broom tree. And he asked that he might die, saying, “It is enough; now, O Lord, take away my life, for I am no better than my fathers.”"
1Ki 19:4,H5315H,soul: life,life,"M21:Fasting & Piety,M18:Desire & Longing","H7592 (asked),H2896A (better)","But he himself went a day’s journey into the wilderness and came and sat down under a broom tree. And he asked that he might die, saying, “It is enough; now, O Lord, take away my life, for I am no better than my fathers.”"
1Ki 1:12,H5315H,soul: life,life,"M63:Reasoning & Interpretation,M16:Wisdom & Folly","H3289 (give),H6098 (advice)","Now therefore come, let me give you advice, that you may save your own life and the life of your son Solomon."
1Ki 1:12,H5315H,soul: life,life,"M63:Reasoning & Interpretation,M16:Wisdom & Folly","H3289 (give),H6098 (advice)","Now therefore come, let me give you advice, that you may save your own life and the life of your son Solomon."
1Ki 1:2,H2436G,bosom: embrace,arms,"M36:Worship & Service,M83:Seeking & Inquiring,M72:Authority & Dominion","H5650 (servants),H1245 (sought),H4428G (king)","Therefore his servants said to him, “Let a young woman be sought for my lord the king, and let her wait on the king and be in his service. Let her lie in your arms, that my lord the king may be warm.”"
1Ki 1:29,H5315G,soul,soul,"M72:Authority & Dominion,M25:Life & Death,M79:Salvation & Ransom,M24:Faintness & Despair","H4428G (king),H2416A (lives),H6299 (redeemed),H6869B (adversity)","And the king swore, saying, “As the Lord lives, who has redeemed my soul out of every adversity,"
1Ki 20:31,H5315H,soul: life,life,"M36:Worship & Service,M41:Being Heard,M72:Authority & Dominion,M50:Grace & Mercy,M03:Grief & Lament,M25:Life & Death","H5650 (servants),H8085G (heard),H4428G (kings),H2617A (merciful),H2256M (ropes),H4428G (king),H2421 (spare)","And his servants said to him, “ Behold now, we have heard that the kings of the house of Israel are merciful kings. Let us put sackcloth around our waists and ropes on our heads and go out to the king of Israel. Perhaps he will spare your life.”"
1Ki 20:32,H5315H,soul: life,live,"M03:Grief & Lament,M72:Authority & Dominion,M36:Worship & Service,M25:Life & Death","H2256M (ropes),H4428G (king),H5650 (servant),H2421 (live),H2416A (live)","So they tied sackcloth around their waists and put ropes on their heads and went to the king of Israel and said, “Your servant Ben-hadad says, ‘ Please, let me live.’” And he said, “Does he still live? He is my brother.”"
1Ki 20:39,H5315H,soul: life,life,"M72:Authority & Dominion,M42:Prayer & Petition,M36:Worship & Service,M10:Violence & Cruelty,M11:Turning & Repentance,M74:Keeping & Guarding","H4428G (king),H6817 (cried),H5650 (servant),H4421 (battle),H5493I (turned),H8104H (Guard)","And as the king passed, he cried to the king and said, “Your servant went out into the midst of the battle, and behold, a soldier turned and brought a man to me and said, ‘ Guard this man; if by any means he is missing, your life shall be for his life, or else you shall pay a talent of silver.’"
1Ki 20:39,H5315H,soul: life,life,"M72:Authority & Dominion,M42:Prayer & Petition,M36:Worship & Service,M10:Violence & Cruelty,M11:Turning & Repentance,M74:Keeping & Guarding","H4428G (king),H6817 (cried),H5650 (servant),H4421 (battle),H5493I (turned),H8104H (Guard)","And as the king passed, he cried to the king and said, “Your servant went out into the midst of the battle, and behold, a soldier turned and brought a man to me and said, ‘ Guard this man; if by any means he is missing, your life shall be for his life, or else you shall pay a talent of silver.’"
1Ki 20:42,H5315H,soul: life,life,"M72:Authority & Dominion,M51:Love & Devotion","H3027H (hand),H2764A (devoted to destruction)","And he said to him, “ Thus says the Lord, ‘ Because you have let go out of your hand the man whom I had devoted to destruction, therefore your life shall be for his life, and your people for his people.’”"
1Ki 20:42,H5315H,soul: life,life,"M72:Authority & Dominion,M51:Love & Devotion","H3027H (hand),H2764A (devoted to destruction)","And he said to him, “ Thus says the Lord, ‘ Because you have let go out of your hand the man whom I had devoted to destruction, therefore your life shall be for his life, and your people for his people.’”"
1Ki 21:27,H1320,flesh,flesh,"M41:Being Heard,M65:Speech & Tongue","H8085G (heard),H1697G (words)","And when Ahab heard those words, he tore his clothes and put sackcloth on his flesh and fasted and lay in sackcloth and went about dejectedly."
1Ki 21:5,H7307G,spirit,spirit,"M42:Prayer & Petition,M30:Rebellion & Stubbornness","H1696G (said),H5620 (vexed)","But Jezebel his wife came to him and said to him, “ Why is your spirit so vexed that you eat no food?”"
1Ki 21:7,H3820A,heart,heart,"M08:Pride & Arrogance,M05:Kindness & Friendship","H6965B (Arise),H3190 (cheerful)","And Jezebel his wife said to him, “Do you now govern Israel? Arise and eat bread and let your heart be cheerful; I will give you the vineyard of Naboth the Jezreelite.”"
1Ki 22:21,H7307G,spirit,spirit,M77:Stumbling & Trial,H6601B (entice),"Then a spirit came forward and stood before the Lord, saying, ‘ I will entice him.’"
1Ki 22:22,H7307G,spirit,spirit,"M14:Deceit & Falsehood,M43:Prophecy & Vision,M77:Stumbling & Trial,M23:Strength & Courage","H8267 (lying),H5030 (prophets),H6601B (entice),H3201 (succeed)","And the Lord said to him, ‘ By what means?’ And he said, ‘I will go out, and will be a lying spirit in the mouth of all his prophets.’ And he said, ‘You are to entice him, and you shall succeed; go out and do so.’"
1Ki 22:23,H7307G,spirit,spirit,"M14:Deceit & Falsehood,M43:Prophecy & Vision,M42:Prayer & Petition,M24:Faintness & Despair","H8267 (lying),H5030 (prophets),H1696I (declared),H7451C (disaster)","Now therefore behold, the Lord has put a lying spirit in the mouth of all these your prophets; the Lord has declared disaster for you.”"
1Ki 22:24,H7307G,spirit,Spirit,M42:Prayer & Petition,H1696G (speak),"Then Zedekiah the son of Chenaanah came near and struck Micaiah on the cheek and said, “ How did the Spirit of the Lord go from me to speak to you?”"
1Ki 2:23,H5315H,soul: life,life,"M72:Authority & Dominion,M65:Speech & Tongue,M42:Prayer & Petition","H4428G (King),H1697G (word),H1696G (Adonijah)","Then King Solomon swore by the Lord, saying, “ God do so to me and more also if this word does not cost Adonijah his life!"
1Ki 2:4,H3824,heart,heart,"M65:Speech & Tongue,M42:Prayer & Petition,M74:Keeping & Guarding,M76:Walk & Conduct,M13:Faith & Faithfulness,M72:Authority & Dominion","H1697G (word),H1696G (spoke),H8104I (close attention),H1870G (way),H0571G (faithfulness),H3678G (throne)","that the Lord may establish his word that he spoke concerning me, saying, ‘ If your sons pay close attention to their way, to walk before me in faithfulness with all their heart and with all their soul, you shall not lack a man on the throne of Israel.’"
1Ki 2:4,H5315G,soul,soul,"M65:Speech & Tongue,M42:Prayer & Petition,M74:Keeping & Guarding,M76:Walk & Conduct,M13:Faith & Faithfulness,M72:Authority & Dominion","H1697G (word),H1696G (spoke),H8104I (close attention),H1870G (way),H0571G (faithfulness),H3678G (throne)","that the Lord may establish his word that he spoke concerning me, saying, ‘ If your sons pay close attention to their way, to walk before me in faithfulness with all their heart and with all their soul, you shall not lack a man on the throne of Israel.’"
1Ki 2:44,H3824,heart,heart,"M72:Authority & Dominion,M15:Knowing & Understanding,M24:Faintness & Despair","H4428G (king),H3045 (know),H3045 (heart),H7451C (harm)","The king also said to Shimei, “ You know in your own heart all the harm that you did to David my father. So the Lord will bring back your harm on your own head."
1Ki 3:11,H5315H,soul: life,life,"M21:Fasting & Piety,M65:Speech & Tongue,M46:Wealth & Riches,M06:Malice & Enmity,M15:Knowing & Understanding,M41:Being Heard,M12:Righteousness & Integrity","H7592 (asked),H1697I (this),H7592 (or),H6239 (riches),H0341 (enemies),H0995 (understanding),H8085K (discern),H4941H (right)","And God said to him, “ Because you have asked this, and have not asked for yourself long life or riches or the life of your enemies, but have asked for yourself understanding to discern what is right,"
1Ki 3:12,H3820A,heart,mind,"M65:Speech & Tongue,M16:Wisdom & Folly,M15:Knowing & Understanding,M08:Pride & Arrogance","H1697G (word),H2450 (wise),H0995 (discerning),H6965B (arise)","behold, I now do according to your word. Behold, I give you a wise and discerning mind, so that none like you has been before you and none like you shall arise after you."
1Ki 3:20,H2436G,bosom: embrace,breast,M08:Pride & Arrogance,H6965B (arose),"And she arose at midnight and took my son from beside me, while your servant slept, and laid him at her breast, and laid her dead son at my breast."
1Ki 3:20,H2436G,bosom: embrace,breast,M08:Pride & Arrogance,H6965B (arose),"And she arose at midnight and took my son from beside me, while your servant slept, and laid him at her breast, and laid her dead son at my breast."
1Ki 3:6,H3824,heart,heart,"M50:Grace & Mercy,M36:Worship & Service,M13:Faith & Faithfulness,M12:Righteousness & Integrity,M74:Keeping & Guarding,M72:Authority & Dominion","H2617A (steadfast love),H5650 (servant),H0571G (faithfulness),H6666 (righteousness),H3483 (uprightness),H8104G (kept),H3678G (throne)","And Solomon said, “ You have shown great and steadfast love to your servant David my father, because he walked before you in faithfulness, in righteousness, and in uprightness of heart toward you. And you have kept for him this great and steadfast love and have given him a son to sit on his throne this day."
1Ki 3:9,H3820A,heart,mind,"M36:Worship & Service,M41:Being Heard,M63:Reasoning & Interpretation,M15:Knowing & Understanding,M05:Kindness & Friendship,M58:Wickedness,M23:Strength & Courage","H5650 (servant),H8085J (understanding),H8199 (govern),H0995 (discern),H2896B (good),H7451B (evil),H3201 (able)","Give your servant therefore an understanding mind to govern your people, that I may discern between good and evil, for who is able to govern this your great people?”"
1Ki 4:29,H3820A,heart,mind,"M16:Wisdom & Folly,M15:Knowing & Understanding,M23:Strength & Courage","H2451 (wisdom),H8394 (understanding),H7235A (breadth)","And God gave Solomon wisdom and understanding beyond measure, and breadth of mind like the sand on the seashore,"
1Ki 8:18,H3824,heart,heart,M18:Desire & Longing,H2895 (well),"But the Lord said to David my father, ‘ Whereas it was in your heart to build a house for my name, you did well that it was in your heart."
1Ki 8:18,H3824,heart,heart,M18:Desire & Longing,H2895 (well),"But the Lord said to David my father, ‘ Whereas it was in your heart to build a house for my name, you did well that it was in your heart."
1Ki 8:23,H3820A,heart,heart,"M74:Keeping & Guarding,M44:Covenant & Fellowship,M50:Grace & Mercy,M36:Worship & Service","H8104G (keeping),H1285 (covenant),H2617A (steadfast love),H5650 (servants)","and said, “O Lord, God of Israel, there is no God like you, in heaven above or on earth beneath, keeping covenant and showing steadfast love to your servants who walk before you with all their heart;"
1Ki 8:38,H3824,heart,heart,"M42:Prayer & Petition,M15:Knowing & Understanding","H8605 (prayer),H8467 (plea),H3045 (knowing)","whatever prayer, whatever plea is made by any man or by all your people Israel, each knowing the affliction of his own heart and stretching out his hands toward this house,"
1Ki 8:39,H3824,heart,heart,"M41:Being Heard,M60:Confession & Forgiveness,M15:Knowing & Understanding","H8085G (hear),H5545 (forgive),H3045 (know)","then hear in heaven your dwelling place and forgive and act and render to each whose heart you know, according to all his ways ( for you, you only, know the hearts of all the children of mankind ),"
1Ki 8:39,H3824,heart,hearts,"M41:Being Heard,M60:Confession & Forgiveness,M15:Knowing & Understanding","H8085G (hear),H5545 (forgive),H3045 (know)","then hear in heaven your dwelling place and forgive and act and render to each whose heart you know, according to all his ways ( for you, you only, know the hearts of all the children of mankind ),"
1Ki 8:47,H3820A,heart,heart,"M81:Memory (act),M11:Turning & Repentance,M50:Grace & Mercy,M56:Sin & Guilt,M57:Corruption & Perversion,M58:Wickedness","H7725N (turn),H7725O (repent),H2603A (plead),H2398 (sinned),H5753B (acted perversely),H7561 (wickedly)","yet if they turn their heart in the land to which they have been carried captive, and repent and plead with you in the land of their captors, saying, ‘We have sinned and have acted perversely and wickedly,’"
1Ki 8:48,H3824,heart,heart,"M11:Turning & Repentance,M06:Malice & Enmity,M42:Prayer & Petition,M64:Will & Resolve","H7725O (repent),H0341 (enemies),H6419 (pray),H0977 (chosen)","if they repent with all their heart and with all their soul in the land of their enemies, who carried them captive, and pray to you toward their land, which you gave to their fathers, the city that you have chosen, and the house that I have built for your name,"
1Ki 8:48,H5315G,soul,soul,"M11:Turning & Repentance,M06:Malice & Enmity,M42:Prayer & Petition,M64:Will & Resolve","H7725O (repent),H0341 (enemies),H6419 (pray),H0977 (chosen)","if they repent with all their heart and with all their soul in the land of their enemies, who carried them captive, and pray to you toward their land, which you gave to their fathers, the city that you have chosen, and the house that I have built for your name,"
1Ki 8:58,H3824,heart,hearts,"M76:Walk & Conduct,M74:Keeping & Guarding,M54:Torah & Obedience,M12:Righteousness & Integrity","H1870G (ways),H8104G (keep),H4687 (commandments),H4941G (rules)","that he may incline our hearts to him, to walk in all his ways and to keep his commandments, his statutes, and his rules, which he commanded our fathers."
1Ki 8:61,H3824,heart,heart,"M34:Patience & Perseverance,M74:Keeping & Guarding,M54:Torah & Obedience","H8003 (wholly true),H8104G (keeping),H4687 (commandments)","Let your heart therefore be wholly true to the Lord our God, walking in his statutes and keeping his commandments, as at this day.”"
1Ki 8:66,H3820A,heart,heart,"M80:Blessing,M72:Authority & Dominion,M04:Joy & Gladness,M18:Desire & Longing,M36:Worship & Service","H1288 (blessed),H4428G (king),H8056 (joyful),H2896A (glad),H5650 (servant)","On the eighth day he sent the people away, and they blessed the king and went to their homes joyful and glad of heart for all the goodness that the Lord had shown to David his servant and to Israel his people."
1Ki 9:3,H3820A,heart,heart,"M41:Being Heard,M42:Prayer & Petition,M50:Grace & Mercy,M61:Purity & Holiness","H8085G (heard),H8605 (prayer),H8467 (plea),H2603A (made),H6942G (consecrated)","And the Lord said to him, “I have heard your prayer and your plea, which you have made before me. I have consecrated this house that you have built, by putting my name there forever. My eyes and my heart will be there for all time."
1Ki 9:4,H3824,heart,heart,"M12:Righteousness & Integrity,M74:Keeping & Guarding","H8537 (integrity),H3476 (uprightness),H8104G (keeping),H4941G (rules)","And as for you, if you will walk before me, as David your father walked, with integrity of heart and uprightness, doing according to all that I have commanded you, and keeping my statutes and my rules,"
1Pe 1:11,G4151G,spirit/breath: spirit,Spirit,"M24:Faintness & Despair,M22:Praise & Song","G3804 (sufferings),G1391 (glories)",inquiring what person or time the Spirit of Christ in them was indicating when he predicted the sufferings of Christ and the subsequent glories.
1Pe 1:12,G4151G,spirit/breath: spirit,Spirit,"M36:Worship & Service,M65:Speech & Tongue,M61:Purity & Holiness,M18:Desire & Longing","G1247 (serving),G2097 (good news),G0040G (Holy),G1937 (long)","It was revealed to them that they were serving not themselves but you, in the things that have now been announced to you through those who preached the good news to you by the Holy Spirit sent from heaven, things into which angels long to look."
1Pe 1:2,G4151G,spirit/breath: spirit,Spirit,"M37:Firstborn & Foreknowledge,M61:Purity & Holiness,M54:Torah & Obedience,M50:Grace & Mercy,M33:Rest & Peace","G4268 (foreknowledge),G0038 (sanctification),G5218 (obedience),G5485 (grace),G1515 (peace)","according to the foreknowledge of God the Father, in the sanctification of the Spirit, for obedience to Jesus Christ and for sprinkling with his blood: May grace and peace be multiplied to you."
1Pe 1:22,G5590G,soul,souls,"M61:Purity & Holiness,M54:Torah & Obedience,M13:Faith & Faithfulness,M51:Love & Devotion,M12:Righteousness & Integrity","G0048 (purified),G5218 (obedience),G0225 (truth),G0505 (sincere),G5360 (brotherly),G0025 (love),G2513 (pure)","Having purified your souls by your obedience to the truth for a sincere brotherly love, love one another earnestly from a pure heart,"
1Pe 1:22,G2588,heart,heart,"M61:Purity & Holiness,M54:Torah & Obedience,M13:Faith & Faithfulness,M51:Love & Devotion,M12:Righteousness & Integrity","G0048 (purified),G5218 (obedience),G0225 (truth),G0505 (sincere),G5360 (brotherly),G0025 (love),G2513 (pure)","Having purified your souls by your obedience to the truth for a sincere brotherly love, love one another earnestly from a pure heart,"
1Pe 1:24,G4561,flesh,flesh,M22:Praise & Song,G1391 (glory),"for “All flesh is like grass and all its glory like the flower of grass. The grass withers, and the flower falls,"
1Pe 1:9,G5590G,soul,souls,"M13:Faith & Faithfulness,M79:Salvation & Ransom","G4102G (faith),G4991 (salvation)","obtaining the outcome of your faith, the salvation of your souls."
1Pe 2:11,G5590G,soul,soul,"M42:Prayer & Petition,M28:Envy & Greed,M18:Desire & Longing","G3870 (urge),G4559 (passions),G1939 (flesh)","Beloved, I urge you as sojourners and exiles to abstain from the passions of the flesh, which wage war against your soul."
1Pe 2:19,G4893,conscience,mindful,"M50:Grace & Mercy,M34:Patience & Perseverance,M03:Grief & Lament,M24:Faintness & Despair","G5485 (gracious thing),G5297 (endures),G3077 (sorrows),G3958 (suffering)","For this is a gracious thing, when, mindful of God, one endures sorrows while suffering unjustly."
1Pe 2:2,G3050,spiritual,spiritual,"M18:Desire & Longing,M12:Righteousness & Integrity","G1971 (long for),G0097 (pure)","Like newborn infants, long for the pure spiritual milk, that by it you may grow up into salvation—"
1Pe 2:5,G4152,spiritual,spiritual,"M25:Life & Death,M52:Encouragement,M61:Purity & Holiness","G2198 (living),G3618 (built up),G0040G (holy)","you yourselves like living stones are being built up as a spiritual house, to be a holy priesthood, to offer spiritual sacrifices acceptable to God through Jesus Christ."
1Pe 2:5,G4152,spiritual,spiritual,"M25:Life & Death,M52:Encouragement,M61:Purity & Holiness","G2198 (living),G3618 (built up),G0040G (holy)","you yourselves like living stones are being built up as a spiritual house, to be a holy priesthood, to offer spiritual sacrifices acceptable to God through Jesus Christ."
1Pe 3:15,G2588,heart,hearts,"M61:Purity & Holiness,M21:Fasting & Piety,M65:Speech & Tongue,M68:Hope & Waiting,M05:Kindness & Friendship,M01:Fear & Awe","G0037 (honor),G0154 (asks),G3056 (reason),G1680 (hope),G4240 (gentleness),G5401 (respect)","but in your hearts honor Christ the Lord as holy, always being prepared to make a defense to anyone who asks you for a reason for the hope that is in you; yet do it with gentleness and respect,"
1Pe 3:16,G4893,conscience,conscience,"M05:Kindness & Friendship,M14:Deceit & Falsehood,M58:Wickedness,M06:Malice & Enmity,M07:Shame & Confusion","G0018 (good),G2635 (slandered),G2555 (slandered),G1908 (revile),G2617 (shame)","having a good conscience, so that, when you are slandered, those who revile your good behavior in Christ may be put to shame."
1Pe 3:18,G4561,flesh,flesh,"M24:Faintness & Despair,M56:Sin & Guilt,M12:Righteousness & Integrity,M25:Life & Death","G3958 (suffered),G0266 (sins),G1342 (righteous),G0094 (unrighteous),G2227 (made alive)","For Christ also suffered once for sins, the righteous for the unrighteous, that he might bring us to God, being put to death in the flesh but made alive in the spirit,"
1Pe 3:18,G4151G,spirit/breath: spirit,spirit,"M24:Faintness & Despair,M56:Sin & Guilt,M12:Righteousness & Integrity,M25:Life & Death","G3958 (suffered),G0266 (sins),G1342 (righteous),G0094 (unrighteous),G2227 (made alive)","For Christ also suffered once for sins, the righteous for the unrighteous, that he might bring us to God, being put to death in the flesh but made alive in the spirit,"
1Pe 3:20,G5590J,soul: person,persons,"M30:Rebellion & Stubbornness,M34:Patience & Perseverance,M68:Hope & Waiting,M45:Renewal & Transformation","G0544 (not obey),G3115 (patience),G1551 (waited),G1295 (safely)","because they formerly did not obey, when God’s patience waited in the days of Noah, while the ark was being prepared, in which a few, that is, eight persons, were brought safely through water."
1Pe 3:21,G4561,flesh,body,"M45:Renewal & Transformation,M53:Dishonor & Disgrace,M05:Kindness & Friendship","G4982 (saves),G4509 (dirt),G0018 (good)","Baptism, which corresponds to this, now saves you, not as a removal of dirt from the body but as an appeal to God for a good conscience, through the resurrection of Jesus Christ,"
1Pe 3:21,G4893,conscience,conscience,"M45:Renewal & Transformation,M53:Dishonor & Disgrace,M05:Kindness & Friendship","G4982 (saves),G4509 (dirt),G0018 (good)","Baptism, which corresponds to this, now saves you, not as a removal of dirt from the body but as an appeal to God for a good conscience, through the resurrection of Jesus Christ,"
1Pe 3:4,G2588,heart,heart,"M61:Purity & Holiness,M05:Kindness & Friendship,M33:Rest & Peace","G0862 (imperishable),G4239 (gentle),G2272 (quiet)","but let your adorning be the hidden person of the heart with the imperishable beauty of a gentle and quiet spirit, which in God’s sight is very precious."
1Pe 3:4,G4151G,spirit/breath: spirit,spirit,"M61:Purity & Holiness,M05:Kindness & Friendship,M33:Rest & Peace","G0862 (imperishable),G4239 (gentle),G2272 (quiet)","but let your adorning be the hidden person of the heart with the imperishable beauty of a gentle and quiet spirit, which in God’s sight is very precious."
1Pe 4:1,G4561,flesh,flesh,"M24:Faintness & Despair,M15:Knowing & Understanding,M56:Sin & Guilt","G3958 (suffered),G1771 (thinking),G0266 (sin)","Since therefore Christ suffered in the flesh, arm yourselves with the same way of thinking, for whoever has suffered in the flesh has ceased from sin,"
1Pe 4:1,G4561,flesh,flesh,"M24:Faintness & Despair,M15:Knowing & Understanding,M56:Sin & Guilt","G3958 (suffered),G1771 (thinking),G0266 (sin)","Since therefore Christ suffered in the flesh, arm yourselves with the same way of thinking, for whoever has suffered in the flesh has ceased from sin,"
1Pe 4:14,G4151G,spirit/breath: spirit,Spirit,"M53:Dishonor & Disgrace,M80:Blessing,M22:Praise & Song,M33:Rest & Peace","G3679 (insulted),G3107 (blessed),G1391 (glory),G0373 (rests)","If you are insulted for the name of Christ, you are blessed, because the Spirit of glory and of God rests upon you."
1Pe 4:19,G5590G,soul,souls,"M24:Faintness & Despair,M18:Desire & Longing,M13:Faith & Faithfulness,M05:Kindness & Friendship","G3958 (suffer),G2307 (will),G4103 (faithful),G0016 (good)",Therefore let those who suffer according to God’s will entrust their souls to a faithful Creator while doing good.
1Pe 4:2,G4561,flesh,flesh,"M25:Life & Death,M18:Desire & Longing","G0980 (live),G1939 (passions),G2307 (will)",so as to live for the rest of the time in the flesh no longer for human passions but for the will of God.
1Pe 4:6,G4561,flesh,flesh,"M65:Speech & Tongue,M63:Reasoning & Interpretation,M25:Life & Death","G2097 (preached),G2919 (judged),G2198 (live)","For this is why the gospel was preached even to those who are dead, that though judged in the flesh the way people are, they might live in the spirit the way God does."
1Pe 4:6,G4151G,spirit/breath: spirit,spirit,"M65:Speech & Tongue,M63:Reasoning & Interpretation,M25:Life & Death","G2097 (preached),G2919 (judged),G2198 (live)","For this is why the gospel was preached even to those who are dead, that though judged in the flesh the way people are, they might live in the spirit the way God does."
1Sa 10:10,H7307G,spirit,Spirit,"M03:Grief & Lament,M43:Prophecy & Vision,M37:Firstborn & Foreknowledge","H2256M (group),H5030 (prophets),H7122G (met),H5012 (prophesied)","When they came to Gibeah, behold, a group of prophets met him, and the Spirit of God rushed upon him, and he prophesied among them."
1Sa 10:26,H3820A,heart,hearts,M23:Strength & Courage,H2428G (valor),"Saul also went to his home at Gibeah, and with him went men of valor whose hearts God had touched."
1Sa 10:6,H7307G,spirit,Spirit,M43:Prophecy & Vision,H5012 (prophesy),"Then the Spirit of the Lord will rush upon you, and you will prophesy with them and be turned into another man."
1Sa 10:9,H3820A,heart,heart,M43:Prophecy & Vision,H0226G (signs),"When he turned his back to leave Samuel, God gave him another heart. And all these signs came to pass that day."
1Sa 11:6,H7307G,spirit,Spirit,"M41:Being Heard,M65:Speech & Tongue,M02:Anger & Wrath","H8085G (heard),H1697G (words),H0639G (anger),H2734 (kindled)","And the Spirit of God rushed upon Saul when he heard these words, and his anger was greatly kindled."
1Sa 12:20,H3824,heart,heart,"M01:Fear & Awe,M58:Wickedness,M11:Turning & Repentance,M36:Worship & Service","H3372G (afraid),H7451I (evil),H5493I (turn aside),H5647G (serve)","And Samuel said to the people, “Do not be afraid; you have done all this evil. Yet do not turn aside from following the Lord, but serve the Lord with all your heart."
1Sa 12:24,H3824,heart,heart,"M01:Fear & Awe,M36:Worship & Service,M13:Faith & Faithfulness,M22:Praise & Song","H3372H (fear),H5647G (serve),H0571G (faithfully),H1431 (done)",Only fear the Lord and serve him faithfully with all your heart. For consider what great things he has done for you.
1Sa 13:14,H3824,heart,heart,"M72:Authority & Dominion,M83:Seeking & Inquiring,M74:Keeping & Guarding","H4467 (kingdom),H1245 (sought out),H8104G (kept)","But now your kingdom shall not continue. The Lord has sought out a man after his own heart, and the Lord has commanded him to be prince over his people, because you have not kept what the Lord commanded you.”"
1Sa 16:13,H7307G,spirit,Spirit,M08:Pride & Arrogance,H6965B (rose up),Then Samuel took the horn of oil and anointed him in the midst of his brothers. And the Spirit of the Lord rushed upon David from that day forward. And Samuel rose up and went to Ramah.
1Sa 16:14,H7307G,spirit,Spirit,"M11:Turning & Repentance,M58:Wickedness","H5493H (departed),H7451A (harmful)","Now the Spirit of the Lord departed from Saul, and a harmful spirit from the Lord tormented him."
1Sa 16:14,H7307G,spirit,spirit,"M11:Turning & Repentance,M58:Wickedness","H5493H (departed),H7451A (harmful)","Now the Spirit of the Lord departed from Saul, and a harmful spirit from the Lord tormented him."
1Sa 16:15,H7307G,spirit,spirit,"M36:Worship & Service,M58:Wickedness","H5650 (servants),H7451A (harmful)","And Saul’s servants said to him, “ Behold now, a harmful spirit from God is tormenting you."
1Sa 16:16,H7307G,spirit,spirit,"M36:Worship & Service,M83:Seeking & Inquiring,M15:Knowing & Understanding,M58:Wickedness,M18:Desire & Longing","H5650 (servants),H1245 (seek out),H3045 (skillful),H7451A (harmful),H2896A (well)","Let our lord now command your servants who are before you to seek out a man who is skillful in playing the lyre, and when the harmful spirit from God is upon you, he will play it, and you will be well.”"
1Sa 16:23,H7307G,spirit,spirit,"M18:Desire & Longing,M58:Wickedness,M11:Turning & Repentance","H2896A (well),H7451A (harmful),H5493H (departed)","And whenever the harmful spirit from God was upon Saul, David took the lyre and played it with his hand. So Saul was refreshed and was well, and the harmful spirit departed from him."
1Sa 16:23,H7307G,spirit,spirit,"M18:Desire & Longing,M58:Wickedness,M11:Turning & Repentance","H2896A (well),H7451A (harmful),H5493H (departed)","And whenever the harmful spirit from God was upon Saul, David took the lyre and played it with his hand. So Saul was refreshed and was well, and the harmful spirit departed from him."
1Sa 16:7,H3824,heart,heart,"M08:Pride & Arrogance,M30:Rebellion & Stubbornness","H1364 (height),H6967 (stature),H3988A (rejected)","But the Lord said to Samuel, “Do not look on his appearance or on the height of his stature, because I have rejected him. For the Lord sees not as man sees: man looks on the outward appearance, but the Lord looks on the heart.”"
1Sa 17:28,H3824,heart,heart,"M41:Being Heard,M42:Prayer & Petition,M02:Anger & Wrath,M59:Release & Reconciliation,M15:Knowing & Understanding,M08:Pride & Arrogance,M58:Wickedness,M10:Violence & Cruelty","H8085G (heard),H1696G (spoke),H0639G (anger),H2734 (kindled),H5203 (left),H3045 (know),H2087 (presumption),H7455 (evil),H4421 (battle)","Now Eliab his eldest brother heard when he spoke to the men. And Eliab’s anger was kindled against David, and he said, “ Why have you come down? And with whom have you left those few sheep in the wilderness? I know your presumption and the evil of your heart, for you have come down to see the battle.”"
1Sa 17:32,H3820A,heart,heart,M36:Worship & Service,H5650 (servant),"And David said to Saul, “Let no man’s heart fail because of him. Your servant will go and fight with this Philistine.”"
1Sa 17:55,H5315G,soul,soul,"M37:Firstborn & Foreknowledge,M72:Authority & Dominion,M25:Life & Death,M15:Knowing & Understanding","H7122H (against),H8269 (commander),H2416A (lives),H4428G (king),H3045 (know)","As soon as Saul saw David go out against the Philistine, he said to Abner, the commander of the army, “ Abner, whose son is this youth?” And Abner said, “As your soul lives, O king, I do not know.”"
1Sa 18:1,H5315G,soul,soul,"M42:Prayer & Petition,M51:Love & Devotion","H1696G (speaking),H0157G (loved)","As soon as he had finished speaking to Saul, the soul of Jonathan was knit to the soul of David, and Jonathan loved him as his own soul."
1Sa 18:1,H5315G,soul,soul,"M42:Prayer & Petition,M51:Love & Devotion","H1696G (speaking),H0157G (loved)","As soon as he had finished speaking to Saul, the soul of Jonathan was knit to the soul of David, and Jonathan loved him as his own soul."
1Sa 18:1,H5315G,soul,soul,"M42:Prayer & Petition,M51:Love & Devotion","H1696G (speaking),H0157G (loved)","As soon as he had finished speaking to Saul, the soul of Jonathan was knit to the soul of David, and Jonathan loved him as his own soul."
1Sa 18:10,H7307G,spirit,spirit,"M58:Wickedness,M43:Prophecy & Vision","H7451A (harmful),H5012 (raved)","The next day a harmful spirit from God rushed upon Saul, and he raved within his house while David was playing the lyre, as he did day by day. Saul had his spear in his hand."
1Sa 18:3,H5315G,soul,soul,"M44:Covenant & Fellowship,M51:Love & Devotion","H3772H (made),H1285 (covenant),H0160 (loved)","Then Jonathan made a covenant with David, because he loved him as his own soul."
1Sa 19:11,H5315H,soul: life,life,"M74:Keeping & Guarding,M65:Speech & Tongue","H8104I (watch),H5046 (told)","Saul sent messengers to David’s house to watch him, that he might kill him in the morning. But Michal, David’s wife, told him, “ If you do not escape with your life tonight, tomorrow you will be killed.”"
1Sa 19:20,H7307G,spirit,Spirit,M43:Prophecy & Vision,"H5030 (prophets),H5012 (prophesying),H5012 (prophesied)","Then Saul sent messengers to take David, and when they saw the company of the prophets prophesying, and Samuel standing as head over them, the Spirit of God came upon the messengers of Saul, and they also prophesied."
1Sa 19:23,H7307G,spirit,Spirit,M43:Prophecy & Vision,H5012 (prophesied),"And he went there to Naioth in Ramah. And the Spirit of God came upon him also, and as he went he prophesied until he came to Naioth in Ramah."
1Sa 19:5,H5315H,soul: life,life,"M45:Renewal & Transformation,M04:Joy & Gladness,M56:Sin & Guilt,M12:Righteousness & Integrity","H8668G (salvation),H8055 (rejoiced),H2398 (sin),H5355A (innocent)","For he took his life in his hand and he struck down the Philistine, and the Lord worked a great salvation for all Israel. You saw it, and rejoiced. Why then will you sin against innocent blood by killing David without cause?”"
1Sa 19:9,H7307G,spirit,spirit,M58:Wickedness,H7451A (harmful),"Then a harmful spirit from the Lord came upon Saul, as he sat in his house with his spear in his hand. And David was playing the lyre."
1Sa 1:10,H5315I,soul: myself,distressed,"M03:Grief & Lament,M42:Prayer & Petition","H4751 (deeply),H6419 (prayed),H1058 (wept),H1058 (bitterly)",She was deeply distressed and prayed to the Lord and wept bitterly.
1Sa 1:13,H3820A,heart,heart,"M42:Prayer & Petition,M41:Being Heard,M15:Knowing & Understanding","H1696G (speaking),H8085G (heard),H2803J (took her)","Hannah was speaking in her heart; only her lips moved, and her voice was not heard. Therefore Eli took her to be a drunken woman."
1Sa 1:15,H7307G,spirit,spirit,M24:Faintness & Despair,H7186 (troubled),"But Hannah answered, “ No, my lord, I am a woman troubled in spirit. I have drunk neither wine nor strong drink, but I have been pouring out my soul before the Lord."
1Sa 1:15,H5315G,soul,soul,M24:Faintness & Despair,H7186 (troubled),"But Hannah answered, “ No, my lord, I am a woman troubled in spirit. I have drunk neither wine nor strong drink, but I have been pouring out my soul before the Lord."
1Sa 1:26,H5315I,soul: myself,you,"M25:Life & Death,M42:Prayer & Petition","H2416A (live),H6419 (praying)","And she said, “ Oh, my lord! As you live, my lord, I am the woman who was standing here in your presence, praying to the Lord."
1Sa 1:8,H3824,heart,heart,"M03:Grief & Lament,M73:Sickness & Weakness,M18:Desire & Longing","H1058 (weep),H3415 (sad),H2896A (more)","And Elkanah, her husband, said to her, “ Hannah, why do you weep? And why do you not eat? And why is your heart sad? Am I not more to you than ten sons?”"
1Sa 20:1,H5315H,soul: life,life,"M56:Sin & Guilt,M83:Seeking & Inquiring","H5771H (guilt),H2403B (sin),H1245 (seeks)","Then David fled from Naioth in Ramah and came and said before Jonathan, “ What have I done? What is my guilt? And what is my sin before your father, that he seeks my life?”"
1Sa 20:17,H5315G,soul,soul,M51:Love & Devotion,"H0160 (love),H0157G (loved),H0160 (loved)","And Jonathan made David swear again by his love for him, for he loved him as he loved his own soul."
1Sa 20:3,H5315G,soul,soul,"M15:Knowing & Understanding,M39:Gift & Favor,M24:Faintness & Despair,M25:Life & Death","H3045 (knows),H3045 (well),H2580 (favor),H3045 (know),H6087A (grieved),H2416A (lives)","But David vowed again, saying, “Your father knows well that I have found favor in your eyes, and he thinks, ‘Do not let Jonathan know this, lest he be grieved.’ But truly, as the Lord lives and as your soul lives, there is but a step between me and death.”"
1Sa 21:12,H3824,heart,heart,"M15:Knowing & Understanding,M65:Speech & Tongue,M01:Fear & Awe,M72:Authority & Dominion","H7760K (took),H1697G (words),H3372G (afraid),H4428G (king)",And David took these words to heart and was much afraid of Achish the king of Gath.
1Sa 22:2,H5315G,soul,soul,"M24:Faintness & Despair,M03:Grief & Lament,M72:Authority & Dominion","H4689 (distress),H4751 (bitter),H8269 (became commander)","And everyone who was in distress, and everyone who was in debt, and everyone who was bitter in soul, gathered to him. And he became commander over them. And there were with him about four hundred men."
1Sa 22:22,H5315J,soul: person,persons,"M15:Knowing & Understanding,M65:Speech & Tongue","H3045 (knew),H5046 (surely),H5046 (tell)","And David said to Abiathar, “I knew on that day, when Doeg the Edomite was there, that he would surely tell Saul. I have occasioned the death of all the persons of your father’s house."
1Sa 22:23,H5315H,soul: life,life,"M01:Fear & Awe,M83:Seeking & Inquiring,M26:Judgment & Condemnation","H3372G (afraid),H1245 (seeks),H4931 (safekeeping)","Stay with me; do not be afraid, for he who seeks my life seeks your life. With me you shall be in safekeeping.”"
1Sa 22:23,H5315H,soul: life,life,"M01:Fear & Awe,M83:Seeking & Inquiring,M26:Judgment & Condemnation","H3372G (afraid),H1245 (seeks),H4931 (safekeeping)","Stay with me; do not be afraid, for he who seeks my life seeks your life. With me you shall be in safekeeping.”"
1Sa 23:15,H5315H,soul: life,life,M83:Seeking & Inquiring,H1245 (seek),David saw that Saul had come out to seek his life. David was in the wilderness of Ziph at Horesh.
1Sa 23:20,H5315G,soul,heart’s,"M72:Authority & Dominion,M18:Desire & Longing","H4428G (king),H0185 (desire),H4428G (king’s),H3027H (hand)","Now come down, O king, according to all your heart’s desire to come down, and our part shall be to surrender him into the king’s hand.”"
1Sa 24:11,H5315H,soul: life,life,"M72:Authority & Dominion,M15:Knowing & Understanding,M58:Wickedness,M56:Sin & Guilt","H3027H (hand),H3045 (know),H7451I (wrong),H6588 (treason),H2398 (sinned)","See, my father, see the corner of your robe in my hand. For by the fact that I cut off the corner of your robe and did not kill you, you may know and see that there is no wrong or treason in my hands. I have not sinned against you, though you hunt my life to take it."
1Sa 25:25,H3820A,heart,regard,"M15:Knowing & Understanding,M16:Wisdom & Folly","H7760K (Let),H5039 (folly)","Let not my lord regard this worthless fellow, Nabal, for as his name is, so is he. Nabal is his name, and folly is with him. But I your servant did not see the young men of my lord, whom you sent."
1Sa 25:26,H5315G,soul,soul,"M25:Life & Death,M45:Renewal & Transformation,M06:Malice & Enmity,M83:Seeking & Inquiring,M58:Wickedness","H2416A (lives),H3467 (saving),H0341 (enemies),H1245 (seek),H7451I (evil)","Now then, my lord, as the Lord lives, and as your soul lives, because the Lord has restrained you from bloodguilt and from saving with your own hand, now then let your enemies and those who seek to do evil to my lord be as Nabal."
1Sa 25:29,H5315H,soul: life,life,"M08:Pride & Arrogance,M83:Seeking & Inquiring,M25:Life & Death,M06:Malice & Enmity","H6965B (rise),H1245 (seek),H2416A (living),H0341 (enemies)","If men rise up to pursue you and to seek your life, the life of my lord shall be bound in the bundle of the living in the care of the Lord your God. And the lives of your enemies he shall sling out as from the hollow of a sling."
1Sa 25:29,H5315H,soul: life,life,"M08:Pride & Arrogance,M83:Seeking & Inquiring,M25:Life & Death,M06:Malice & Enmity","H6965B (rise),H1245 (seek),H2416A (living),H0341 (enemies)","If men rise up to pursue you and to seek your life, the life of my lord shall be bound in the bundle of the living in the care of the Lord your God. And the lives of your enemies he shall sling out as from the hollow of a sling."
1Sa 25:29,H5315H,soul: life,lives,"M08:Pride & Arrogance,M83:Seeking & Inquiring,M25:Life & Death,M06:Malice & Enmity","H6965B (rise),H1245 (seek),H2416A (living),H0341 (enemies)","If men rise up to pursue you and to seek your life, the life of my lord shall be bound in the bundle of the living in the care of the Lord your God. And the lives of your enemies he shall sling out as from the hollow of a sling."
1Sa 25:31,H3820A,heart,conscience,"M10:Violence & Cruelty,M77:Stumbling & Trial,M45:Renewal & Transformation,M05:Kindness & Friendship,M81:Memory (act)","H6330 (grief),H4383 (pangs),H3467 (working salvation),H3190 (well),H2142 (remember)","my lord shall have no cause of grief or pangs of conscience for having shed blood without cause or for my lord working salvation himself. And when the Lord has dealt well with my lord, then remember your servant.”"
1Sa 25:36,H3820A,heart,heart,"M72:Authority & Dominion,M18:Desire & Longing,M65:Speech & Tongue","H4428G (king),H2895 (merry),H5046 (told),H1697I (nothing)","And Abigail came to Nabal, and behold, he was holding a feast in his house, like the feast of a king. And Nabal’s heart was merry within him, for he was very drunk. So she told him nothing at all until the morning light."
1Sa 25:37,H3820A,heart,heart,M65:Speech & Tongue,"H5046 (told),H1697I (things)","In the morning, when the wine had gone out of Nabal, his wife told him these things, and his heart died within him, and he became as a stone."
1Sa 26:21,H5315H,soul: life,life,"M56:Sin & Guilt,M58:Wickedness,M18:Desire & Longing,M16:Wisdom & Folly,M23:Strength & Courage,M76:Walk & Conduct","H2398 (sinned),H7489A (harm),H3365 (precious),H5528 (foolishly),H7235A (great),H7686 (mistake)","Then Saul said, “I have sinned. Return, my son David, for I will no more do you harm, because my life was precious in your eyes this day. Behold, I have acted foolishly, and have made a great mistake.”"
1Sa 26:24,H5315H,soul: life,life,"M22:Praise & Song,M45:Renewal & Transformation,M24:Faintness & Despair","H1431 (precious),H5337 (deliver),H6869B (tribulation)","Behold, as your life was precious this day in my sight, so may my life be precious in the sight of the Lord, and may he deliver me out of all tribulation.”"
1Sa 26:24,H5315H,soul: life,life,"M22:Praise & Song,M45:Renewal & Transformation,M24:Faintness & Despair","H1431 (precious),H5337 (deliver),H6869B (tribulation)","Behold, as your life was precious this day in my sight, so may my life be precious in the sight of the Lord, and may he deliver me out of all tribulation.”"
1Sa 27:1,H3820A,heart,heart,"M72:Authority & Dominion,M18:Desire & Longing,M24:Faintness & Despair,M83:Seeking & Inquiring","H3027H (hand),H2896A (better),H2976 (despair),H1245 (seeking)","Then David said in his heart, “ Now I shall perish one day by the hand of Saul. There is nothing better for me than that I should escape to the land of the Philistines. Then Saul will despair of seeking me any longer within the borders of Israel, and I shall escape out of his hand.”"
1Sa 28:21,H5315H,soul: life,life,"M24:Faintness & Despair,M41:Being Heard,M65:Speech & Tongue,M42:Prayer & Petition","H0926 (terrified),H8085H (obeyed),H8085G (listened),H1697I (what),H1696G (said)","And the woman came to Saul, and when she saw that he was terrified, she said to him, “ Behold, your servant has obeyed you. I have taken my life in my hand and have listened to what you have said to me."
1Sa 28:5,H3820A,heart,heart,M01:Fear & Awe,"H3372G (afraid),H2729 (trembled)","When Saul saw the army of the Philistines, he was afraid, and his heart trembled greatly."
1Sa 28:9,H5315H,soul: life,life,M15:Knowing & Understanding,H3045 (know),"The woman said to him, “ Surely you know what Saul has done, how he has cut off the mediums and the necromancers from the land. Why then are you laying a trap for my life to bring about my death?”"
1Sa 2:1,H3820A,heart,heart,"M42:Prayer & Petition,M04:Joy & Gladness,M22:Praise & Song,M23:Strength & Courage,M06:Malice & Enmity,M79:Salvation & Ransom","H6419 (prayed),H5970 (exults),H7311A (exalted),H7337 (derides),H0341 (enemies),H8055 (rejoice),H3444 (salvation)","And Hannah prayed and said, “My heart exults in the Lord; my horn is exalted in the Lord. My mouth derides my enemies, because I rejoice in your salvation."
1Sa 2:13,H1320,flesh,meat,"M12:Righteousness & Integrity,M36:Worship & Service","H4941J (custom),H3548 (priests),H3548 (priest’s)","The custom of the priests with the people was that when any man offered sacrifice, the priest’s servant would come, while the meat was boiling, with a three-pronged fork in his hand,"
1Sa 2:15,H1320,flesh,meat,"M36:Worship & Service,M25:Life & Death","H3548 (priest’s),H3548 (priest),H2416A (only raw)","Moreover, before the fat was burned, the priest’s servant would come and say to the man who was sacrificing, “ Give meat for the priest to roast, for he will not accept boiled meat from you but only raw.”"
1Sa 2:15,H1320,flesh,meat,"M36:Worship & Service,M25:Life & Death","H3548 (priest’s),H3548 (priest),H2416A (only raw)","Moreover, before the fat was burned, the priest’s servant would come and say to the man who was sacrificing, “ Give meat for the priest to roast, for he will not accept boiled meat from you but only raw.”"
1Sa 2:16,H5315I,soul: myself,you,"M18:Desire & Longing,M23:Strength & Courage","H0183 (wish),H2394 (force)","And if the man said to him, “ Let them burn the fat first, and then take as much as you wish,” he would say, “ No, you must give it now, and if not, I will take it by force.”"
1Sa 2:33,H5315G,soul,heart,"M03:Grief & Lament,M71:Glory & Splendor","H0109 (grieve),H4768 (descendants)","The only one of you whom I shall not cut off from my altar shall be spared to weep his eyes out to grieve his heart, and all the descendants of your house shall die by the sword of men."
1Sa 2:35,H3824,heart,heart,"M13:Faith & Faithfulness,M36:Worship & Service","H0539 (faithful),H3548 (priest),H0539 (sure)","And I will raise up for myself a faithful priest, who shall do according to what is in my heart and in my mind. And I will build him a sure house, and he shall go in and out before my anointed forever."
1Sa 2:35,H5315G,soul,mind,"M13:Faith & Faithfulness,M36:Worship & Service","H0539 (faithful),H3548 (priest),H0539 (sure)","And I will raise up for myself a faithful priest, who shall do according to what is in my heart and in my mind. And I will build him a sure house, and he shall go in and out before my anointed forever."
1Sa 30:6,H5315G,soul,soul,"M30:Rebellion & Stubbornness,M23:Strength & Courage","H4784 (bitter),H2388G (strengthened)","And David was greatly distressed, for the people spoke of stoning him, because all the people were bitter in soul, each for his sons and daughters. But David strengthened himself in the Lord his God."
1Sa 4:13,H3820A,heart,heart,"M74:Keeping & Guarding,M01:Fear & Awe,M65:Speech & Tongue,M42:Prayer & Petition","H6822 (watching),H2730 (trembled),H5046 (told),H2199 (cried out)","When he arrived, Eli was sitting on his seat by the road watching, for his heart trembled for the ark of God. And when the man came into the city and told the news, all the city cried out."
1Sa 4:20,H3820A,heart,pay attention,"M42:Prayer & Petition,M01:Fear & Awe,M15:Knowing & Understanding","H1696G (said),H3372G (afraid),H7896K (pay attention)","And about the time of her death the women attending her said to her, “Do not be afraid, for you have borne a son.” But she did not answer or pay attention."
1Sa 6:6,H3824,heart,hearts,M03:Grief & Lament,"H3513H (harden),H3513H (hardened)","Why should you harden your hearts as the Egyptians and Pharaoh hardened their hearts? After he had dealt severely with them, did they not send the people away, and they departed?"
1Sa 6:6,H3820A,heart,hearts,M03:Grief & Lament,"H3513H (harden),H3513H (hardened)","Why should you harden your hearts as the Egyptians and Pharaoh hardened their hearts? After he had dealt severely with them, did they not send the people away, and they departed?"
1Sa 7:3,H3824,heart,heart,"M11:Turning & Repentance,M36:Worship & Service,M45:Renewal & Transformation,M72:Authority & Dominion","H5493G (away),H5647G (serve),H5337 (deliver),H3027H (hand)","And Samuel said to all the house of Israel, “ If you are returning to the Lord with all your heart, then put away the foreign gods and the Ashtaroth from among you and direct your heart to the Lord and serve him only, and he will deliver you out of the hand of the Philistines.”"
1Sa 7:3,H3824,heart,heart,"M11:Turning & Repentance,M36:Worship & Service,M45:Renewal & Transformation,M72:Authority & Dominion","H5493G (away),H5647G (serve),H5337 (deliver),H3027H (hand)","And Samuel said to all the house of Israel, “ If you are returning to the Lord with all your heart, then put away the foreign gods and the Ashtaroth from among you and direct your heart to the Lord and serve him only, and he will deliver you out of the hand of the Philistines.”"
1Sa 9:19,H3824,heart,mind,M65:Speech & Tongue,H5046 (tell),"Samuel answered Saul, “ I am the seer. Go up before me to the high place, for today you shall eat with me, and in the morning I will let you go and will tell you all that is on your mind."
1Sa 9:20,H3820A,heart,mind,M18:Desire & Longing,H2532A (desirable),"As for your donkeys that were lost three days ago, do not set your mind on them, for they have been found. And for whom is all that is desirable in Israel? Is it not for you and for all your father’s house?”"
1Th 1:5,G4151G,spirit/breath: spirit,Spirit,"M65:Speech & Tongue,M23:Strength & Courage,M61:Purity & Holiness,M15:Knowing & Understanding","G3056 (word),G1411 (power),G0040G (Holy),G6063 (know)","because our gospel came to you not only in word, but also in power and in the Holy Spirit and with full conviction. You know what kind of men we proved to be among you for your sake."
1Th 1:6,G4151G,spirit/breath: spirit,Spirit,"M65:Speech & Tongue,M24:Faintness & Despair,M04:Joy & Gladness,M61:Purity & Holiness","G3056 (word),G2347 (affliction),G5479 (joy),G0040G (Holy)","And you became imitators of us and of the Lord, for you received the word in much affliction, with the joy of the Holy Spirit,"
1Th 2:17,G2588,heart,heart,"M24:Faintness & Despair,M14:Deceit & Falsehood,M69:Self-Control & Zeal,M18:Desire & Longing","G0642 (torn away),G0080 (brothers),G4704 (endeavored),G1939 (desire)","But since we were torn away from you, brothers, for a short time, in person not in heart, we endeavored the more eagerly and with great desire to see you face to face,"
1Th 2:4,G2588,heart,hearts,"M35:Being Tested,M19:Trust & Refuge,M04:Joy & Gladness","G1381 (approved),G4100 (entrusted),G0700 (please),G1381 (tests)","but just as we have been approved by God to be entrusted with the gospel, so we speak, not to please man, but to please God who tests our hearts."
1Th 2:8,G5590H,soul: life,selves,"M18:Desire & Longing,M44:Covenant & Fellowship","G2442 (desirous),G2106 (ready),G3330 (share)","So, being affectionately desirous of you, we were ready to share with you not only the gospel of God but also our own selves, because you had become very dear to us."
1Th 3:13,G2588,heart,hearts,"M12:Righteousness & Integrity,M61:Purity & Holiness,M13:Faith & Faithfulness","G0273 (blameless),G0042 (holiness),G0040H (saints)","so that he may establish your hearts blameless in holiness before our God and Father, at the coming of our Lord Jesus with all his saints."
1Th 4:8,G4151G,spirit/breath: spirit,Spirit,"M30:Rebellion & Stubbornness,M61:Purity & Holiness","G0114 (whoever disregards),G0114 (disregards),G0040G (Holy)","Therefore whoever disregards this, disregards not man but God, who gives his Holy Spirit to you."
1Th 5:23,G4151G,spirit/breath: spirit,spirit,"M33:Rest & Peace,M61:Purity & Holiness,M74:Keeping & Guarding","G1515 (peace),G0037 (sanctify),G5083I (kept)","Now may the God of peace himself sanctify you completely, and may your whole spirit and soul and body be kept blameless at the coming of our Lord Jesus Christ."
1Th 5:23,G5590G,soul,soul,"M33:Rest & Peace,M61:Purity & Holiness,M74:Keeping & Guarding","G1515 (peace),G0037 (sanctify),G5083I (kept)","Now may the God of peace himself sanctify you completely, and may your whole spirit and soul and body be kept blameless at the coming of our Lord Jesus Christ."
1Ti 1:19,G4893,conscience,conscience,"M13:Faith & Faithfulness,M05:Kindness & Friendship,M30:Rebellion & Stubbornness","G4102G (faith),G0018 (good),G0683 (rejecting)","holding faith and a good conscience. By rejecting this, some have made shipwreck of their faith,"
1Ti 1:5,G2588,heart,heart,"M51:Love & Devotion,M12:Righteousness & Integrity,M05:Kindness & Friendship,M61:Purity & Holiness,M13:Faith & Faithfulness","G0026 (love),G2513 (pure),G0018 (good),G0505 (sincere),G4102G (faith)",The aim of our charge is love that issues from a pure heart and a good conscience and a sincere faith.
1Ti 1:5,G4893,conscience,conscience,"M51:Love & Devotion,M12:Righteousness & Integrity,M05:Kindness & Friendship,M61:Purity & Holiness,M13:Faith & Faithfulness","G0026 (love),G2513 (pure),G0018 (good),G0505 (sincere),G4102G (faith)",The aim of our charge is love that issues from a pure heart and a good conscience and a sincere faith.
1Ti 3:16,G4561,flesh,flesh,"M21:Fasting & Piety,M26:Judgment & Condemnation,M19:Trust & Refuge,M22:Praise & Song","G2150 (godliness),G1344 (vindicated),G4100 (believed),G1391 (glory)","Great indeed, we confess, is the mystery of godliness: He was manifested in the flesh, vindicated by the Spirit, seen by angels, proclaimed among the nations, believed on in the world, taken up in glory."
1Ti 3:16,G4151G,spirit/breath: spirit,Spirit,"M21:Fasting & Piety,M26:Judgment & Condemnation,M19:Trust & Refuge,M22:Praise & Song","G2150 (godliness),G1344 (vindicated),G4100 (believed),G1391 (glory)","Great indeed, we confess, is the mystery of godliness: He was manifested in the flesh, vindicated by the Spirit, seen by angels, proclaimed among the nations, believed on in the world, taken up in glory."
1Ti 3:9,G4893,conscience,conscience,"M13:Faith & Faithfulness,M12:Righteousness & Integrity","G4102G (faith),G2513 (clear)",They must hold the mystery of the faith with a clear conscience.
1Ti 4:1,G4151G,spirit/breath: spirit,Spirit,"M59:Release & Reconciliation,M13:Faith & Faithfulness,M74:Keeping & Guarding,M14:Deceit & Falsehood","G0868 (depart),G4102G (faith),G4337 (devoting),G4108 (deceitful)","Now the Spirit expressly says that in later times some will depart from the faith by devoting themselves to deceitful spirits and teachings of demons,"
1Ti 4:1,G4151G,spirit/breath: spirit,spirits,"M59:Release & Reconciliation,M13:Faith & Faithfulness,M74:Keeping & Guarding,M14:Deceit & Falsehood","G0868 (depart),G4102G (faith),G4337 (devoting),G4108 (deceitful)","Now the Spirit expressly says that in later times some will depart from the faith by devoting themselves to deceitful spirits and teachings of demons,"
1Ti 4:2,G4893,conscience,consciences,M14:Deceit & Falsehood,"G5272 (insincerity),G5573 (liars)","through the insincerity of liars whose consciences are seared,"
2Ch 11:16,H3824,heart,hearts,M83:Seeking & Inquiring,H1245 (seek),"And those who had set their hearts to seek the Lord God of Israel came after them from all the tribes of Israel to Jerusalem to sacrifice to the Lord, the God of their fathers."
2Ch 12:14,H3820A,heart,heart,"M58:Wickedness,M83:Seeking & Inquiring","H7451B (evil),H1875 (seek)","And he did evil, for he did not set his heart to seek the Lord."
2Ch 13:7,H3824,heart,irresolute,"M23:Strength & Courage,M05:Kindness & Friendship","H0553 (defied),H7390 (irresolute),H2388J (withstand)","and certain worthless scoundrels gathered about him and defied Rehoboam the son of Solomon, when Rehoboam was young and irresolute and could not withstand them."
2Ch 15:12,H3824,heart,heart,"M44:Covenant & Fellowship,M83:Seeking & Inquiring","H1285 (covenant),H1875 (seek)","And they entered into a covenant to seek the Lord, the God of their fathers, with all their heart and with all their soul,"
2Ch 15:12,H5315G,soul,soul,"M44:Covenant & Fellowship,M83:Seeking & Inquiring","H1285 (covenant),H1875 (seek)","And they entered into a covenant to seek the Lord, the God of their fathers, with all their heart and with all their soul,"
2Ch 15:15,H3824,heart,heart,"M04:Joy & Gladness,M83:Seeking & Inquiring,M18:Desire & Longing,M33:Rest & Peace","H8055 (rejoiced),H1245 (sought),H7522 (desire),H5117 (gave them rest)","And all Judah rejoiced over the oath, for they had sworn with all their heart and had sought him with their whole desire, and he was found by them, and the Lord gave them rest all around."
2Ch 15:17,H3824,heart,heart,"M11:Turning & Repentance,M34:Patience & Perseverance","H5493G (taken),H8003 (wholly true)","But the high places were not taken out of Israel. Nevertheless, the heart of Asa was wholly true all his days."
2Ch 16:9,H3824,heart,heart,"M23:Strength & Courage,M34:Patience & Perseverance,M16:Wisdom & Folly,M10:Violence & Cruelty","H2388G (strong support),H8003 (blameless),H5528 (foolishly),H4421 (wars)","For the eyes of the Lord run to and fro throughout the whole earth, to give strong support to those whose heart is blameless toward him. You have done foolishly in this, for from now on you will have wars.”"
2Ch 17:6,H3820A,heart,heart,"M08:Pride & Arrogance,M76:Walk & Conduct,M11:Turning & Repentance","H1361 (courageous),H1870G (ways),H5493G (took)","His heart was courageous in the ways of the Lord. And furthermore, he took the high places and the Asherim out of Judah."
2Ch 18:20,H7307G,spirit,spirit,M77:Stumbling & Trial,H6601B (entice),"Then a spirit came forward and stood before the Lord, saying, ‘ I will entice him.’ And the Lord said to him, ‘ By what means?’"
2Ch 18:21,H7307G,spirit,spirit,"M14:Deceit & Falsehood,M43:Prophecy & Vision,M77:Stumbling & Trial,M23:Strength & Courage","H8267 (lying),H5030 (prophets),H6601B (entice),H3201 (succeed)","And he said, ‘I will go out, and will be a lying spirit in the mouth of all his prophets.’ And he said, ‘You are to entice him, and you shall succeed; go out and do so.’"
2Ch 18:22,H7307G,spirit,spirit,"M14:Deceit & Falsehood,M43:Prophecy & Vision,M42:Prayer & Petition,M24:Faintness & Despair","H8267 (lying),H5030 (prophets),H1696I (declared),H7451C (disaster)","Now therefore behold, the Lord has put a lying spirit in the mouth of these your prophets. The Lord has declared disaster concerning you.”"
2Ch 18:23,H7307G,spirit,Spirit,M42:Prayer & Petition,H1696G (speak),"Then Zedekiah the son of Chenaanah came near and struck Micaiah on the cheek and said, “ Which way did the Spirit of the Lord go from me to speak to you?”"
2Ch 19:3,H3824,heart,heart,"M03:Grief & Lament,M65:Speech & Tongue,M18:Desire & Longing,M83:Seeking & Inquiring","H0061 (Nevertheless),H1697I (some),H2896A (good),H1875 (seek)","Nevertheless, some good is found in you, for you destroyed the Asheroth out of the land, and have set your heart to seek God.”"
2Ch 19:9,H3824,heart,heart,"M01:Fear & Awe,M13:Faith & Faithfulness,M34:Patience & Perseverance","H3374 (fear),H0530 (faithfulness),H8003 (whole)","And he charged them: “ Thus you shall do in the fear of the Lord, in faithfulness, and with your whole heart:"
2Ch 1:11,H3824,heart,heart,"M21:Fasting & Piety,M46:Wealth & Riches,M22:Praise & Song,M06:Malice & Enmity,M16:Wisdom & Folly,M15:Knowing & Understanding,M63:Reasoning & Interpretation,M72:Authority & Dominion","H7592 (asked),H6239 (possessions),H5233 (wealth),H3519 (honor),H8130 (hate),H2451 (wisdom),H4093 (knowledge),H8199 (govern),H4427A (made you king)","God answered Solomon, “ Because this was in your heart, and you have not asked for possessions, wealth, honor, or the life of those who hate you, and have not even asked for long life, but have asked for wisdom and knowledge for yourself that you may govern my people over whom I have made you king,"
2Ch 1:11,H5315H,soul: life,life,"M21:Fasting & Piety,M46:Wealth & Riches,M22:Praise & Song,M06:Malice & Enmity,M16:Wisdom & Folly,M15:Knowing & Understanding,M63:Reasoning & Interpretation,M72:Authority & Dominion","H7592 (asked),H6239 (possessions),H5233 (wealth),H3519 (honor),H8130 (hate),H2451 (wisdom),H4093 (knowledge),H8199 (govern),H4427A (made you king)","God answered Solomon, “ Because this was in your heart, and you have not asked for possessions, wealth, honor, or the life of those who hate you, and have not even asked for long life, but have asked for wisdom and knowledge for yourself that you may govern my people over whom I have made you king,"
2Ch 20:14,H7307G,spirit,Spirit,M44:Covenant & Fellowship,H6951 (assembly),"And the Spirit of the Lord came upon Jahaziel the son of Zechariah, son of Benaiah, son of Jeiel, son of Mattaniah, a Levite of the sons of Asaph, in the midst of the assembly."
2Ch 20:33,H3824,heart,hearts,M11:Turning & Repentance,H5493G (away),"The high places, however, were not taken away; the people had not yet set their hearts upon the God of their fathers."
2Ch 21:16,H7307J,spirit: temper,anger,M25:Life & Death,H5782 (stirred up),And the Lord stirred up against Jehoram the anger of the Philistines and of the Arabians who are near the Ethiopians.
2Ch 22:9,H3824,heart,heart,"M83:Seeking & Inquiring,M20:Doubt & Discouragement,M23:Strength & Courage,M30:Rebellion & Stubbornness,M72:Authority & Dominion","H1245 (searched),H2244 (hiding),H1875 (sought),H3581B (able),H6113 (rule),H4467 (kingdom)","He searched for Ahaziah, and he was captured while hiding in Samaria, and he was brought to Jehu and put to death. They buried him, for they said, “He is the grandson of Jehoshaphat, who sought the Lord with all his heart.” And the house of Ahaziah had no one able to rule the kingdom."
2Ch 24:20,H7307G,spirit,Spirit,"M36:Worship & Service,M56:Sin & Guilt,M54:Torah & Obedience,M46:Wealth & Riches,M30:Rebellion & Stubbornness","H3548 (priest),H5674D (break),H4687 (commandments),H6743B (cannot prosper),H5800A (forsaken)","Then the Spirit of God clothed Zechariah the son of Jehoiada the priest, and he stood above the people, and said to them, “ Thus says God, ‘ Why do you break the commandments of the Lord, so that you cannot prosper? Because you have forsaken the Lord, he has forsaken you.’”"
2Ch 24:4,H3820A,heart,decided,M45:Renewal & Transformation,H2318 (restore),After this Joash decided to restore the house of the Lord.
2Ch 25:19,H3820A,heart,heart,M24:Faintness & Despair,H7451C (trouble),"You say, ‘ See, I have struck down Edom,’ and your heart has lifted you up in boastfulness. But now stay at home. Why should you provoke trouble so that you fall, you and Judah with you?”"
2Ch 25:2,H3824,heart,heart,"M12:Righteousness & Integrity,M34:Patience & Perseverance","H3477G (right),H8003 (whole)","And he did what was right in the eyes of the Lord, yet not with a whole heart."
2Ch 26:16,H3820A,heart,grew proud,"M23:Strength & Courage,M08:Pride & Arrogance,M55:Destruction & Ruin,M57:Corruption & Perversion","H2393 (strong),H1361 (grew proud),H7843 (destruction),H4603 (unfaithful)","But when he was strong, he grew proud, to his destruction. For he was unfaithful to the Lord his God and entered the temple of the Lord to burn incense on the altar of incense."
2Ch 29:10,H3824,heart,heart,"M44:Covenant & Fellowship,M02:Anger & Wrath","H3772H (make),H1285 (covenant),H2740 (fierce),H0639G (anger)","Now it is in my heart to make a covenant with the Lord, the God of Israel, in order that his fierce anger may turn away from us."
2Ch 29:31,H3820A,heart,heart,"M49:Thanksgiving,M44:Covenant & Fellowship,M09:Humility & Lowliness,M36:Worship & Service","H8426 (thank offerings),H6951 (assembly),H5081G (willing),H5930A (burnt offerings)","Then Hezekiah said, “You have now consecrated yourselves to the Lord. Come near; bring sacrifices and thank offerings to the house of the Lord.” And the assembly brought sacrifices and thank offerings, and all who were of a willing heart brought burnt offerings."
2Ch 29:34,H3824,heart,heart,"M36:Worship & Service,M23:Strength & Courage,M61:Purity & Holiness,M12:Righteousness & Integrity","H3548 (priests),H3201 (could),H5930A (burnt offerings),H6942G (consecrated),H2388G (helped),H3477G (more upright),H6942G (consecrating)","But the priests were too few and could not flay all the burnt offerings, so until other priests had consecrated themselves, their brothers the Levites helped them, until the work was finished — for the Levites were more upright in heart than the priests in consecrating themselves."
2Ch 30:12,H3820A,heart,heart,"M72:Authority & Dominion,M54:Torah & Obedience,M65:Speech & Tongue","H3027H (hand),H4428G (king),H8269 (princes),H4687 (commanded),H1697G (word)",The hand of God was also on Judah to give them one heart to do what the king and the princes commanded by the word of the Lord.
2Ch 30:19,H3824,heart,heart,"M83:Seeking & Inquiring,M61:Purity & Holiness","H1875 (seek),H6944G (sanctuary’s),H2893 (cleanness)","who sets his heart to seek God, the Lord, the God of his fathers, even though not according to the sanctuary’s rules of cleanness.”"
2Ch 30:22,H3820A,heart,encouragingly,"M42:Prayer & Petition,M16:Wisdom & Folly,M18:Desire & Longing,M15:Knowing & Understanding,M33:Rest & Peace,M49:Thanksgiving","H1696G (spoke),H7919A (showed),H2896A (good),H7922 (skill),H8002 (peace),H3034 (thanks)","And Hezekiah spoke encouragingly to all the Levites who showed good skill in the service of the Lord. So they ate the food of the festival for seven days, sacrificing peace offerings and giving thanks to the Lord, the God of their fathers."
2Ch 31:21,H3824,heart,heart,"M36:Worship & Service,M54:Torah & Obedience,M83:Seeking & Inquiring,M46:Wealth & Riches","H5656H (service),H8451 (law),H4687 (commandments),H1875 (seeking),H6743B (prospered)","And every work that he undertook in the service of the house of God and in accordance with the law and the commandments, seeking his God, he did with all his heart, and prospered."
2Ch 32:25,H3820A,heart,heart,"M08:Pride & Arrogance,M02:Anger & Wrath","H1361 (proud),H7110A (wrath)","But Hezekiah did not make return according to the benefit done to him, for his heart was proud. Therefore wrath came upon him and Judah and Jerusalem."
2Ch 32:26,H3820A,heart,heart,"M09:Humility & Lowliness,M08:Pride & Arrogance,M02:Anger & Wrath","H3665 (humbled himself),H1363 (pride),H7110A (wrath)","But Hezekiah humbled himself for the pride of his heart, both he and the inhabitants of Jerusalem, so that the wrath of the Lord did not come upon them in the days of Hezekiah."
2Ch 32:31,H3824,heart,heart,"M08:Pride & Arrogance,M72:Authority & Dominion,M83:Seeking & Inquiring,M48:Astonishment & Wonder,M30:Rebellion & Stubbornness,M35:Being Tested,M15:Knowing & Understanding","H3887 (envoys),H8269 (princes),H1875 (inquire),H4159 (sign),H5800A (left),H5254G (test),H3045 (know)","And so in the matter of the envoys of the princes of Babylon, who had been sent to him to inquire about the sign that had been done in the land, God left him to himself, in order to test him and to know all that was in his heart."
2Ch 32:6,H3824,heart,encouragingly,"M10:Violence & Cruelty,M72:Authority & Dominion,M42:Prayer & Petition","H4421 (combat),H8269 (commanders),H1696G (spoke)","And he set combat commanders over the people and gathered them together to him in the square at the gate of the city and spoke encouragingly to them, saying,"
2Ch 32:8,H1320,flesh,flesh,"M45:Renewal & Transformation,M10:Violence & Cruelty,M70:Lifting & Bearing,M65:Speech & Tongue,M72:Authority & Dominion","H5826 (help),H4421 (battles),H5564 (took confidence),H1697G (words),H4428G (king)","With him is an arm of flesh, but with us is the Lord our God, to help us and to fight our battles.” And the people took confidence from the words of Hezekiah king of Judah."
2Ch 34:27,H3824,heart,heart,"M05:Kindness & Friendship,M09:Humility & Lowliness,M41:Being Heard,M65:Speech & Tongue,M03:Grief & Lament,M42:Prayer & Petition","H7401 (tender),H3665 (humbled yourself),H8085G (heard),H1697G (words),H1058 (wept),H5002 (declares)","because your heart was tender and you humbled yourself before God when you heard his words against this place and its inhabitants, and you have humbled yourself before me and have torn your clothes and wept before me, I also have heard you, declares the Lord."
2Ch 34:31,H3824,heart,heart,"M72:Authority & Dominion,M44:Covenant & Fellowship,M74:Keeping & Guarding,M54:Torah & Obedience,M65:Speech & Tongue","H4428G (king),H3772H (made),H1285 (covenant),H8104G (keep),H4687 (commandments),H1697G (words)","And the king stood in his place and made a covenant before the Lord, to walk after the Lord and to keep his commandments and his testimonies and his statutes, with all his heart and all his soul, to perform the words of the covenant that were written in this book."
2Ch 34:31,H5315G,soul,soul,"M72:Authority & Dominion,M44:Covenant & Fellowship,M74:Keeping & Guarding,M54:Torah & Obedience,M65:Speech & Tongue","H4428G (king),H3772H (made),H1285 (covenant),H8104G (keep),H4687 (commandments),H1697G (words)","And the king stood in his place and made a covenant before the Lord, to walk after the Lord and to keep his commandments and his testimonies and his statutes, with all his heart and all his soul, to perform the words of the covenant that were written in this book."
2Ch 36:13,H3824,heart,heart,"M30:Rebellion & Stubbornness,M72:Authority & Dominion,M23:Strength & Courage","H4775 (rebelled),H4428G (King),H0553 (hardened)","He also rebelled against King Nebuchadnezzar, who had made him swear by God. He stiffened his neck and hardened his heart against turning to the Lord, the God of Israel."
2Ch 36:22,H7307G,spirit,spirit,"M72:Authority & Dominion,M65:Speech & Tongue,M25:Life & Death","H4428G (king),H1697G (word),H5782 (stirred up),H4438 (kingdom)","Now in the first year of Cyrus king of Persia, that the word of the Lord by the mouth of Jeremiah might be fulfilled, the Lord stirred up the spirit of Cyrus king of Persia, so that he made a proclamation throughout all his kingdom and also put it in writing:"
2Ch 6:14,H3820A,heart,heart,"M74:Keeping & Guarding,M44:Covenant & Fellowship,M50:Grace & Mercy,M36:Worship & Service","H8104G (keeping),H1285 (covenant),H2617A (steadfast love),H5650 (servants)","and said, “O Lord, God of Israel, there is no God like you, in heaven or on earth, keeping covenant and showing steadfast love to your servants who walk before you with all their heart,"
2Ch 6:30,H3824,heart,heart,"M41:Being Heard,M60:Confession & Forgiveness,M15:Knowing & Understanding,M76:Walk & Conduct","H8085G (hear),H5545 (forgive),H3045 (know),H1870G (ways)","then hear from heaven your dwelling place and forgive and render to each whose heart you know, according to all his ways, for you, you only, know the hearts of the children of mankind,"
2Ch 6:30,H3824,heart,hearts,"M41:Being Heard,M60:Confession & Forgiveness,M15:Knowing & Understanding,M76:Walk & Conduct","H8085G (hear),H5545 (forgive),H3045 (know),H1870G (ways)","then hear from heaven your dwelling place and forgive and render to each whose heart you know, according to all his ways, for you, you only, know the hearts of the children of mankind,"
2Ch 6:37,H3824,heart,heart,"M81:Memory (act),M11:Turning & Repentance,M50:Grace & Mercy,M56:Sin & Guilt,M57:Corruption & Perversion,M58:Wickedness","H7725N (turn),H7725O (repent),H2603A (plead),H2398 (sinned),H5753B (acted perversely),H7561 (wickedly)","yet if they turn their heart in the land to which they have been carried captive, and repent and plead with you in the land of their captivity, saying, ‘We have sinned and have acted perversely and wickedly,’"
2Ch 6:38,H3820A,heart,heart,"M11:Turning & Repentance,M42:Prayer & Petition,M64:Will & Resolve","H7725O (repent),H6419 (pray),H0977 (chosen)","if they repent with all their heart and with all their soul in the land of their captivity to which they were carried captive, and pray toward their land, which you gave to their fathers, the city that you have chosen and the house that I have built for your name,"
2Ch 6:38,H5315G,soul,soul,"M11:Turning & Repentance,M42:Prayer & Petition,M64:Will & Resolve","H7725O (repent),H6419 (pray),H0977 (chosen)","if they repent with all their heart and with all their soul in the land of their captivity to which they were carried captive, and pray toward their land, which you gave to their fathers, the city that you have chosen and the house that I have built for your name,"
2Ch 6:8,H3824,heart,heart,M18:Desire & Longing,H2895 (well),"But the Lord said to David my father, ‘ Whereas it was in your heart to build a house for my name, you did well that it was in your heart."
2Ch 6:8,H3824,heart,heart,M18:Desire & Longing,H2895 (well),"But the Lord said to David my father, ‘ Whereas it was in your heart to build a house for my name, you did well that it was in your heart."
2Ch 7:10,H3820A,heart,heart,"M18:Desire & Longing,M04:Joy & Gladness","H2896A (joyful),H8056 (glad)","On the twenty-third day of the seventh month he sent the people away to their homes, joyful and glad of heart for the prosperity that the Lord had granted to David and to Solomon and to Israel his people."
2Ch 7:11,H3820A,heart,planned,"M72:Authority & Dominion,M46:Wealth & Riches","H4428G (king’s),H6743B (successfully accomplished)",Thus Solomon finished the house of the Lord and the king’s house. All that Solomon had planned to do in the house of the Lord and in his own house he successfully accomplished.
2Ch 7:16,H3820A,heart,heart,"M64:Will & Resolve,M61:Purity & Holiness","H0977 (chosen),H6942G (consecrated)",For now I have chosen and consecrated this house that my name may be there forever. My eyes and my heart will be there for all time.
2Ch 9:1,H3824,heart,mind,"M41:Being Heard,M82:Reminder & Report,M35:Being Tested,M46:Wealth & Riches,M18:Desire & Longing,M42:Prayer & Petition","H8085G (heard),H8088B (fame),H5254G (test),H2428H (retinue),H7230 (much),H3368 (precious),H1696G (told)","Now when the queen of Sheba heard of the fame of Solomon, she came to Jerusalem to test him with hard questions, having a very great retinue and camels bearing spices and very much gold and precious stones. And when she came to Solomon, she told him all that was on her mind."
2Ch 9:23,H3820A,heart,mind,"M72:Authority & Dominion,M83:Seeking & Inquiring,M41:Being Heard,M16:Wisdom & Folly","H4428G (kings),H1245 (sought),H8085G (hear),H2451 (wisdom)","And all the kings of the earth sought the presence of Solomon to hear his wisdom, which God had put into his mind."
2Ch 9:4,H7307H,spirit: breath,breath,M36:Worship & Service,"H5650 (officials),H8334 (servants)","the food of his table, the seating of his officials, and the attendance of his servants, and their clothing, his cupbearers, and their clothing, and his burnt offerings that he offered at the house of the Lord, there was no more breath in her."
2Cor 10:2,G4561,flesh,flesh,"M42:Prayer & Petition,M19:Trust & Refuge,M26:Judgment & Condemnation,M23:Strength & Courage","G1189 (beg),G2292 (show boldness),G4006 (confidence),G3049 (count on),G5111 (showing),G3049 (suspect)",I beg of you that when I am present I may not have to show boldness with such confidence as I count on showing against some who suspect us of walking according to the flesh.
2Cor 11:18,G4561,flesh,flesh,M08:Pride & Arrogance,G2744 (boast),"Since many boast according to the flesh, I too will boast."
2Cor 11:4,G4151G,spirit/breath: spirit,spirit,M34:Patience & Perseverance,G0430 (put up with),"For if someone comes and proclaims another Jesus than the one we proclaimed, or if you receive a different spirit from the one you received, or if you accept a different gospel from the one you accepted, you put up with it readily enough."
2Cor 12:15,G5590G,soul,souls,"M04:Joy & Gladness,M51:Love & Devotion","G2236 (most gladly),G0025 (love),G0025 (loved)","I will most gladly spend and be spent for your souls. If I love you more, am I to be loved less?"
2Cor 12:18,G4151G,spirit/breath: spirit,spirit,"M42:Prayer & Petition,M14:Deceit & Falsehood","G3870 (urged),G0080 (brother)","I urged Titus to go, and sent the brother with him. Did Titus take advantage of you? Did we not act in the same spirit? Did we not take the same steps?"
2Cor 12:7,G4561,flesh,flesh,M08:Pride & Arrogance,G5229 (becoming conceited),"So to keep me from becoming conceited because of the surpassing greatness of the revelations, a thorn was given me in the flesh, a messenger of Satan to harass me, to keep me from becoming conceited."
2Cor 13:14,G4151G,spirit/breath: spirit,Spirit,"M50:Grace & Mercy,M51:Love & Devotion,M05:Kindness & Friendship,M61:Purity & Holiness","G5485 (grace),G0026 (love),G2842 (fellowship),G0040G (Holy)",The grace of the Lord Jesus Christ and the love of God and the fellowship of the Holy Spirit be with you all.
2Cor 1:12,G4893,conscience,conscience,"M08:Pride & Arrogance,M05:Kindness & Friendship,M62:Truth & Sincerity,M28:Envy & Greed,M16:Wisdom & Folly,M50:Grace & Mercy","G2746 (boast),G0572 (simplicity),G1505 (sincerity),G4559 (earthly),G4678 (wisdom),G5485 (grace)","For our boast is this, the testimony of our conscience, that we behaved in the world with simplicity and godly sincerity, not by earthly wisdom but by the grace of God, and supremely so toward you."
2Cor 1:17,G4561,flesh,flesh,M64:Will & Resolve,"G1011 (wanted),G1011 (make),G1011 (plans)","Was I vacillating when I wanted to do this? Do I make my plans according to the flesh, ready to say “ Yes, yes ” and “ No, no ” at the same time?"
2Cor 1:23,G5590G,soul,me,"M42:Prayer & Petition,M05:Kindness & Friendship","G1941 (call),G5339 (spare)",But I call God to witness against me —it was to spare you that I refrained from coming again to Corinth.
2Cor 2:13,G4151G,spirit/breath: spirit,spirit,"M33:Rest & Peace,M14:Deceit & Falsehood,M59:Release & Reconciliation","G0425 (rest),G0080 (brother),G0657 (took leave)",my spirit was not at rest because I did not find my brother Titus there. So I took leave of them and went on to Macedonia.
2Cor 2:4,G2588,heart,heart,"M24:Faintness & Despair,M03:Grief & Lament,M15:Knowing & Understanding,M51:Love & Devotion","G2347 (affliction),G4928 (anguish),G3076 (pain),G1097 (know),G0026 (love)","For I wrote to you out of much affliction and anguish of heart and with many tears, not to cause you pain but to let you know the abundant love that I have for you."
2Cor 3:18,G4151G,spirit/breath: spirit,Spirit,"M22:Praise & Song,M45:Renewal & Transformation,M43:Prophecy & Vision","G1391 (glory),G3339 (transformed),G1504 (image),G1391 (another)","And we all, with unveiled face, beholding the glory of the Lord, are being transformed into the same image from one degree of glory to another. For this comes from the Lord who is the Spirit."
2Cor 3:2,G2588,heart,hearts,M15:Knowing & Understanding,G1097 (known),"You yourselves are our letter of recommendation, written on our hearts, to be known and read by all."
2Cor 3:3,G4151G,spirit/breath: spirit,Spirit,"M36:Worship & Service,M25:Life & Death,M28:Envy & Greed","G1247 (delivered),G2198 (living),G4560 (human)","And you show that you are a letter from Christ delivered by us, written not with ink but with the Spirit of the living God, not on tablets of stone but on tablets of human hearts."
2Cor 3:3,G2588,heart,hearts,"M36:Worship & Service,M25:Life & Death,M28:Envy & Greed","G1247 (delivered),G2198 (living),G4560 (human)","And you show that you are a letter from Christ delivered by us, written not with ink but with the Spirit of the living God, not on tablets of stone but on tablets of human hearts."
2Cor 3:6,G4151G,spirit/breath: spirit,Spirit,"M45:Renewal & Transformation,M44:Covenant & Fellowship,M25:Life & Death","G2537 (new),G1242 (covenant),G2227 (gives life)","who has made us sufficient to be ministers of a new covenant, not of the letter but of the Spirit. For the letter kills, but the Spirit gives life."
2Cor 3:6,G4151G,spirit/breath: spirit,Spirit,"M45:Renewal & Transformation,M44:Covenant & Fellowship,M25:Life & Death","G2537 (new),G1242 (covenant),G2227 (gives life)","who has made us sufficient to be ministers of a new covenant, not of the letter but of the Spirit. For the letter kills, but the Spirit gives life."
2Cor 3:8,G4151G,spirit/breath: spirit,Spirit,"M36:Worship & Service,M22:Praise & Song","G1248 (ministry),G1391 (glory)",will not the ministry of the Spirit have even more glory?
2Cor 4:1,G1573,to lose heart,lose heart,"M36:Worship & Service,M50:Grace & Mercy","G1248 (ministry),G1653 (mercy)","Therefore, having this ministry by the mercy of God, we do not lose heart."
2Cor 4:11,G4561,flesh,flesh,M25:Life & Death,"G2198 (live),G2222 (life)","For we who live are always being given over to death for Jesus ’ sake, so that the life of Jesus also may be manifested in our mortal flesh."
2Cor 4:13,G4151G,spirit/breath: spirit,spirit,"M13:Faith & Faithfulness,M19:Trust & Refuge","G4102G (faith),G4100 (believed),G4100 (believe)","Since we have the same spirit of faith according to what has been written, “I believed, and so I spoke,” we also believe, and so we also speak,"
2Cor 4:16,G1573,to lose heart,lose heart,"M10:Violence & Cruelty,M45:Renewal & Transformation","G1311 (wasting away),G0341 (renewed)","So we do not lose heart. Though our outer self is wasting away, our inner self is being renewed day by day."
2Cor 4:2,G4893,conscience,conscience,"M07:Shame & Confusion,M16:Wisdom & Folly,M14:Deceit & Falsehood,M65:Speech & Tongue,M13:Faith & Faithfulness","G0152 (disgraceful),G3834 (cunning),G1389 (tamper),G3056 (word),G0225 (truth)","But we have renounced disgraceful, underhanded ways. We refuse to practice cunning or to tamper with God’s word, but by the open statement of the truth we would commend ourselves to everyone’s conscience in the sight of God."
2Cor 4:6,G2588,heart,hearts,"M15:Knowing & Understanding,M22:Praise & Song","G1108 (knowledge),G1391 (glory)","For God, who said, “Let light shine out of darkness,” has shone in our hearts to give the light of the knowledge of the glory of God in the face of Jesus Christ."
2Cor 5:11,G4893,conscience,conscience,"M15:Knowing & Understanding,M01:Fear & Awe,M77:Stumbling & Trial,M68:Hope & Waiting","G6063 (knowing),G5401 (fear),G3982 (persuade),G1679 (hope)","Therefore, knowing the fear of the Lord, we persuade others. But what we are is known to God, and I hope it is known also to your conscience."
2Cor 5:12,G2588,heart,heart,M08:Pride & Arrogance,"G2745 (boast),G2744 (boast)","We are not commending ourselves to you again but giving you cause to boast about us, so that you may be able to answer those who boast about outward appearance and not about what is in the heart."
2Cor 5:16,G4561,flesh,flesh,M15:Knowing & Understanding,"G6063 (regard),G1097 (once regarded),G1097 (regard)","From now on, therefore, we regard no one according to the flesh. Even though we once regarded Christ according to the flesh, we regard him thus no longer."
2Cor 5:16,G4561,flesh,flesh,M15:Knowing & Understanding,"G6063 (regard),G1097 (once regarded),G1097 (regard)","From now on, therefore, we regard no one according to the flesh. Even though we once regarded Christ according to the flesh, we regard him thus no longer."
2Cor 6:6,G4151G,spirit/breath: spirit,Spirit,"M61:Purity & Holiness,M15:Knowing & Understanding,M34:Patience & Perseverance,M50:Grace & Mercy,M51:Love & Devotion","G0054 (purity),G1108 (knowledge),G3115 (patience),G5544 (kindness),G0040G (Holy),G0505 (genuine),G0026 (love)","by purity, knowledge, patience, kindness, the Holy Spirit, genuine love;"
2Cor 7:1,G4561,flesh,body,"M12:Righteousness & Integrity,M10c:Defilement,M61:Purity & Holiness,M01:Fear & Awe","G2511 (cleanse),G3436 (defilement),G0042 (holiness),G5401 (fear)","Since we have these promises, beloved, let us cleanse ourselves from every defilement of body and spirit, bringing holiness to completion in the fear of God."
2Cor 7:1,G4151G,spirit/breath: spirit,spirit,"M12:Righteousness & Integrity,M10c:Defilement,M61:Purity & Holiness,M01:Fear & Awe","G2511 (cleanse),G3436 (defilement),G0042 (holiness),G5401 (fear)","Since we have these promises, beloved, let us cleanse ourselves from every defilement of body and spirit, bringing holiness to completion in the fear of God."
2Cor 7:13,G4151G,spirit/breath: spirit,spirit,"M42:Prayer & Petition,M52:Encouragement,M04:Joy & Gladness,M33:Rest & Peace","G3870 (comforted),G3874 (comfort),G5463 (rejoiced),G5479 (joy),G0373 (refreshed)","Therefore we are comforted. And besides our own comfort, we rejoiced still more at the joy of Titus, because his spirit has been refreshed by you all."
2Cor 7:3,G2588,heart,hearts,M26:Judgment & Condemnation,G2633 (condemn),"I do not say this to condemn you, for I said before that you are in our hearts, to die together and to live together."
2Cor 7:5,G4561,flesh,bodies,"M33:Rest & Peace,M02:Anger & Wrath,M01:Fear & Awe","G0425 (rest),G3163 (fighting),G5401 (fear)","For even when we came into Macedonia, our bodies had no rest, but we were afflicted at every turn— fighting without and fear within."
2Cor 8:16,G2588,heart,heart,"M50:Grace & Mercy,M67:Sloth & Diligence","G5485 (thanks),G4710 (earnest care)","But thanks be to God, who put into the heart of Titus the same earnest care I have for you."
2Cor 9:7,G2588,heart,heart,"M37:Firstborn & Foreknowledge,M03:Grief & Lament,M51:Love & Devotion,M04:Joy & Gladness","G4255 (decided),G3077 (reluctantly),G0025 (loves),G2431 (cheerful)","Each one must give as he has decided in his heart, not reluctantly or under compulsion, for God loves a cheerful giver."
2Jo 7,G4561,flesh,flesh,"M14:Deceit & Falsehood,M60:Confession & Forgiveness","G4108 (deceivers),G3670 (confess),G4108 (deceiver)","For many deceivers have gone out into the world, those who do not confess the coming of Jesus Christ in the flesh. Such a one is the deceiver and the antichrist."
2Ki 10:15,H3824,heart,heart,"M37:Firstborn & Foreknowledge,M80:Blessing,M12:Righteousness & Integrity","H7122G (meet),H1288 (greeted),H3477G (true)","And when he departed from there, he met Jehonadab the son of Rechab coming to meet him. And he greeted him and said to him, “ Is your heart true to my heart as mine is to yours?” And Jehonadab answered, “It is.” Jehu said, “If it is, give me your hand.” So he gave him his hand. And Jehu took him up with him into the chariot."
2Ki 10:15,H3824,heart,heart,"M37:Firstborn & Foreknowledge,M80:Blessing,M12:Righteousness & Integrity","H7122G (meet),H1288 (greeted),H3477G (true)","And when he departed from there, he met Jehonadab the son of Rechab coming to meet him. And he greeted him and said to him, “ Is your heart true to my heart as mine is to yours?” And Jehonadab answered, “It is.” Jehu said, “If it is, give me your hand.” So he gave him his hand. And Jehu took him up with him into the chariot."
2Ki 10:15,H3824,heart,yours,"M37:Firstborn & Foreknowledge,M80:Blessing,M12:Righteousness & Integrity","H7122G (meet),H1288 (greeted),H3477G (true)","And when he departed from there, he met Jehonadab the son of Rechab coming to meet him. And he greeted him and said to him, “ Is your heart true to my heart as mine is to yours?” And Jehonadab answered, “It is.” Jehu said, “If it is, give me your hand.” So he gave him his hand. And Jehu took him up with him into the chariot."
2Ki 10:24,H5315H,soul: life,forfeit,"M36:Worship & Service,M72:Authority & Dominion","H5930A (burnt offerings),H3027H (hands)","Then they went in to offer sacrifices and burnt offerings. Now Jehu had stationed eighty men outside and said, “The man who allows any of those whom I give into your hands to escape shall forfeit his life.”"
2Ki 10:24,H5315H,soul: life,life,"M36:Worship & Service,M72:Authority & Dominion","H5930A (burnt offerings),H3027H (hands)","Then they went in to offer sacrifices and burnt offerings. Now Jehu had stationed eighty men outside and said, “The man who allows any of those whom I give into your hands to escape shall forfeit his life.”"
2Ki 10:30,H3824,heart,heart,"M18:Desire & Longing,M12:Righteousness & Integrity,M72:Authority & Dominion","H2895 (well),H3477G (right),H3678G (throne)","And the Lord said to Jehu, “ Because you have done well in carrying out what is right in my eyes, and have done to the house of Ahab according to all that was in my heart, your sons of the fourth generation shall sit on the throne of Israel.”"
2Ki 10:31,H3824,heart,heart,"M74:Keeping & Guarding,M54:Torah & Obedience,M11:Turning & Repentance,M56:Sin & Guilt","H8104J (careful),H8451 (law),H5493I (turn),H2403B (sins),H2398 (sin)","But Jehu was not careful to walk in the law of the Lord, the God of Israel, with all his heart. He did not turn from the sins of Jeroboam, which he made Israel to sin."
2Ki 12:4,H5315J,soul: person,persons,"M36:Worship & Service,M61:Purity & Holiness","H3548 (priests),H6944G (holy things)","Jehoash said to the priests, “ All the money of the holy things that is brought into the house of the Lord, the money for which each man is assessed —the money from the assessment of persons —and the money that a man’s heart prompts him to bring into the house of the Lord,"
2Ki 12:4,H3820A,heart,heart,"M36:Worship & Service,M61:Purity & Holiness","H3548 (priests),H6944G (holy things)","Jehoash said to the priests, “ All the money of the holy things that is brought into the house of the Lord, the money for which each man is assessed —the money from the assessment of persons —and the money that a man’s heart prompts him to bring into the house of the Lord,"
2Ki 14:10,H3820A,heart,heart,M24:Faintness & Despair,H7451C (trouble),"You have indeed struck down Edom, and your heart has lifted you up. Be content with your glory, and stay at home, for why should you provoke trouble so that you fall, you and Judah with you?”"
2Ki 19:7,H7307G,spirit,spirit,"M41:Being Heard,M82:Reminder & Report","H8085G (hear),H8052 (rumor)","Behold, I will put a spirit in him, so that he shall hear a rumor and return to his own land, and I will make him fall by the sword in his own land.’”"
2Ki 1:13,H5315H,soul: life,life,"M72:Authority & Dominion,M50:Grace & Mercy,M42:Prayer & Petition,M36:Worship & Service,M18:Desire & Longing","H8269 (captain),H2603A (entreated),H1696G (entreated),H5650 (servants),H3365 (precious)","Again the king sent the captain of a third fifty with his fifty. And the third captain of fifty went up and came and fell on his knees before Elijah and entreated him, “O man of God, please let my life, and the life of these fifty servants of yours, be precious in your sight."
2Ki 1:13,H5315H,soul: life,life,"M72:Authority & Dominion,M50:Grace & Mercy,M42:Prayer & Petition,M36:Worship & Service,M18:Desire & Longing","H8269 (captain),H2603A (entreated),H1696G (entreated),H5650 (servants),H3365 (precious)","Again the king sent the captain of a third fifty with his fifty. And the third captain of fifty went up and came and fell on his knees before Elijah and entreated him, “O man of God, please let my life, and the life of these fifty servants of yours, be precious in your sight."
2Ki 1:14,H5315H,soul: life,life,"M72:Authority & Dominion,M18:Desire & Longing","H8269 (captains),H3365 (precious)","Behold, fire came down from heaven and consumed the two former captains of fifty men with their fifties, but now let my life be precious in your sight.”"
2Ki 20:3,H3824,heart,heart,"M81:Memory (act),M13:Faith & Faithfulness,M34:Patience & Perseverance,M18:Desire & Longing,M03:Grief & Lament","H2142 (remember),H0571G (faithfulness),H8003 (whole),H2896A (good),H1058 (wept),H1065 (wept)","“ Now, O Lord, please remember how I have walked before you in faithfulness and with a whole heart, and have done what is good in your sight.” And Hezekiah wept bitterly."
2Ki 22:19,H3824,heart,heart,"M05:Kindness & Friendship,M09:Humility & Lowliness,M41:Being Heard,M42:Prayer & Petition,M01:Fear & Awe,M07:Shame & Confusion,M03:Grief & Lament","H7401 (penitent),H3665 (humbled yourself),H8085G (heard),H1696G (spoke),H8047G (desolation),H7045 (curse),H1058 (wept),H5002 (declares)","because your heart was penitent, and you humbled yourself before the Lord, when you heard how I spoke against this place and against its inhabitants, that they should become a desolation and a curse, and you have torn your clothes and wept before me, I also have heard you, declares the Lord."
2Ki 23:25,H3824,heart,heart,"M72:Authority & Dominion,M54:Torah & Obedience,M08:Pride & Arrogance","H4428G (king),H8451 (Law),H6965B (arise)","Before him there was no king like him, who turned to the Lord with all his heart and with all his soul and with all his might, according to all the Law of Moses, nor did any like him arise after him."
2Ki 23:25,H5315G,soul,soul,"M72:Authority & Dominion,M54:Torah & Obedience,M08:Pride & Arrogance","H4428G (king),H8451 (Law),H6965B (arise)","Before him there was no king like him, who turned to the Lord with all his heart and with all his soul and with all his might, according to all the Law of Moses, nor did any like him arise after him."
2Ki 23:3,H3820A,heart,heart,"M72:Authority & Dominion,M44:Covenant & Fellowship,M74:Keeping & Guarding,M54:Torah & Obedience,M65:Speech & Tongue","H4428G (king),H3772H (made),H1285 (covenant),H8104G (keep),H4687 (commandments),H1697G (words)","And the king stood by the pillar and made a covenant before the Lord, to walk after the Lord and to keep his commandments and his testimonies and his statutes with all his heart and all his soul, to perform the words of this covenant that were written in this book. And all the people joined in the covenant."
2Ki 23:3,H5315G,soul,soul,"M72:Authority & Dominion,M44:Covenant & Fellowship,M74:Keeping & Guarding,M54:Torah & Obedience,M65:Speech & Tongue","H4428G (king),H3772H (made),H1285 (covenant),H8104G (keep),H4687 (commandments),H1697G (words)","And the king stood by the pillar and made a covenant before the Lord, to walk after the Lord and to keep his commandments and his testimonies and his statutes with all his heart and all his soul, to perform the words of this covenant that were written in this book. And all the people joined in the covenant."
2Ki 2:15,H7307G,spirit,spirit,"M43:Prophecy & Vision,M33:Rest & Peace,M37:Firstborn & Foreknowledge","H5030 (prophets),H5117 (rests),H7122G (meet)","Now when the sons of the prophets who were at Jericho saw him opposite them, they said, “The spirit of Elijah rests on Elisha.” And they came to meet him and bowed to the ground before him."
2Ki 2:16,H7307G,spirit,Spirit,"M36:Worship & Service,M23:Strength & Courage,M83:Seeking & Inquiring","H5650 (servants),H2428G (strong),H1245 (seek)","And they said to him, “ Behold now, there are with your servants fifty strong men. Please let them go and seek your master. It may be that the Spirit of the Lord has caught him up and cast him upon some mountain or into some valley.” And he said, “You shall not send.”"
2Ki 2:2,H5315I,soul: myself,yourself,"M25:Life & Death,M30:Rebellion & Stubbornness","H2416A (lives),H2416A (live),H5800A (leave)","And Elijah said to Elisha, “ Please stay here, for the Lord has sent me as far as Bethel.” But Elisha said, “As the Lord lives, and as you yourself live, I will not leave you.” So they went down to Bethel."
2Ki 2:4,H5315I,soul: myself,yourself,"M25:Life & Death,M30:Rebellion & Stubbornness","H2416A (lives),H2416A (live),H5800A (leave)","Elijah said to him, “ Elisha, please stay here, for the Lord has sent me to Jericho.” But he said, “As the Lord lives, and as you yourself live, I will not leave you.” So they came to Jericho."
2Ki 2:6,H5315I,soul: myself,yourself,"M25:Life & Death,M30:Rebellion & Stubbornness","H2416A (lives),H2416A (live),H5800A (leave)","Then Elijah said to him, “ Please stay here, for the Lord has sent me to the Jordan.” But he said, “As the Lord lives, and as you yourself live, I will not leave you.” So the two of them went on."
2Ki 2:9,H7307G,spirit,spirit,M21:Fasting & Piety,H7592 (Ask),"When they had crossed, Elijah said to Elisha, “ Ask what I shall do for you, before I am taken from you.” And Elisha said, “ Please let there be a double portion of your spirit on me.”"
2Ki 4:27,H5315I,soul: myself,she,"M23:Strength & Courage,M24:Faintness & Despair,M03:Grief & Lament,M14:Deceit & Falsehood,M65:Speech & Tongue","H2388H (caught hold),H7503 (alone),H4843 (bitter distress),H5956 (hidden),H5046 (told)","And when she came to the mountain to the man of God, she caught hold of his feet. And Gehazi came to push her away. But the man of God said, “Leave her alone, for she is in bitter distress, and the Lord has hidden it from me and has not told me.”"
2Ki 4:30,H5315I,soul: myself,yourself,"M25:Life & Death,M30:Rebellion & Stubbornness,M08:Pride & Arrogance","H2416A (lives),H2416A (live),H5800A (leave),H6965B (arose)","Then the mother of the child said, “As the Lord lives and as you yourself live, I will not leave you.” So he arose and followed her."
2Ki 5:10,H1320,flesh,flesh,M12:Righteousness & Integrity,H2891 (clean),"And Elisha sent a messenger to him, saying, “ Go and wash in the Jordan seven times, and your flesh shall be restored, and you shall be clean.”"
2Ki 5:14,H1320,flesh,flesh,"M65:Speech & Tongue,M12:Righteousness & Integrity","H1697G (word),H2891 (clean)","So he went down and dipped himself seven times in the Jordan, according to the word of the man of God, and his flesh was restored like the flesh of a little child, and he was clean."
2Ki 5:14,H1320,flesh,flesh,"M65:Speech & Tongue,M12:Righteousness & Integrity","H1697G (word),H2891 (clean)","So he went down and dipped himself seven times in the Jordan, according to the word of the man of God, and his flesh was restored like the flesh of a little child, and he was clean."
2Ki 5:26,H3820A,heart,heart,"M37:Firstborn & Foreknowledge,M36:Worship & Service","H7122G (meet),H5650 (servants)","But he said to him, “Did not my heart go when the man turned from his chariot to meet you? Was it a time to accept money and garments, olive orchards and vineyards, sheep and oxen, male servants and female servants?"
2Ki 6:11,H3820A,heart,mind,"M72:Authority & Dominion,M02:Anger & Wrath,M42:Prayer & Petition,M36:Worship & Service,M65:Speech & Tongue","H4428G (king),H5590 (greatly troubled),H7121G (called),H5650 (servants),H5046 (show)","And the mind of the king of Syria was greatly troubled because of this thing, and he called his servants and said to them, “Will you not show me who of us is for the king of Israel?”"
2Ki 6:30,H1320,flesh,body,"M72:Authority & Dominion,M41:Being Heard,M65:Speech & Tongue","H4428G (king),H8085G (heard),H1697G (words)","When the king heard the words of the woman, he tore his clothes —now he was passing by on the wall —and the people looked, and behold, he had sackcloth beneath on his body —"
2Ki 7:7,H5315H,soul: life,lives,"M08:Pride & Arrogance,M30:Rebellion & Stubbornness","H6965B (fled away),H5800A (abandoned)","So they fled away in the twilight and abandoned their tents, their horses, and their donkeys, leaving the camp as it was, and fled for their lives."
2Ki 9:15,H5315I,soul: myself,decision,"M72:Authority & Dominion,M65:Speech & Tongue","H4428G (King),H4428G (king),H5046 (tell)","but King Joram had returned to be healed in Jezreel of the wounds that the Syrians had given him, when he fought with Hazael king of Syria.) So Jehu said, “ If this is your decision, then let no one slip out of the city to go and tell the news in Jezreel.”"
2Ki 9:24,H3820A,heart,heart,M72:Authority & Dominion,H3027H (strength),"And Jehu drew his bow with his full strength, and shot Joram between the shoulders, so that the arrow pierced his heart, and he sank in his chariot."
2Ki 9:36,H1320,flesh,flesh,"M42:Prayer & Petition,M65:Speech & Tongue,M36:Worship & Service","H1696G (told),H5046 (told),H1697G (word),H5650 (servant)","When they came back and told him, he said, “This is the word of the Lord, which he spoke by his servant Elijah the Tishbite: ‘ In the territory of Jezreel the dogs shall eat the flesh of Jezebel,"
2Pe 1:19,G2588,heart,hearts,"M65:Speech & Tongue,M23:Strength & Courage,M74:Keeping & Guarding","G3056 (word),G0949 (confirmed),G4337 (pay attention)","And we have the prophetic word more fully confirmed, to which you will do well to pay attention as to a lamp shining in a dark place, until the day dawns and the morning star rises in your hearts,"
2Pe 1:21,G4151G,spirit/breath: spirit,Spirit,"M43:Prophecy & Vision,M70:Lifting & Bearing,M18:Desire & Longing,M61:Purity & Holiness","G4394 (prophecy),G5342 (produced),G2307 (will),G5342 (carried along),G0040G (Holy)","For no prophecy was ever produced by the will of man, but men spoke from God as they were carried along by the Holy Spirit."
2Pe 2:10,G4561,flesh,lust,"M18:Desire & Longing,M10c:Defilement,M30:Rebellion & Stubbornness,M72:Authority & Dominion,M23:Strength & Courage,M08:Pride & Arrogance,M01:Fear & Awe,M58:Wickedness,M22:Praise & Song","G1939 (lust),G3394 (defiling passion),G2706 (despise),G2963 (authority),G5113 (Bold),G0829 (willful),G5141 (tremble),G0987 (blaspheme),G1391 (glorious ones)","and especially those who indulge in the lust of defiling passion and despise authority. Bold and willful, they do not tremble as they blaspheme the glorious ones,"
2Pe 2:14,G5590G,soul,souls,"M57:Corruption & Perversion,M56:Sin & Guilt,M77:Stumbling & Trial,M15:Knowing & Understanding,M28:Envy & Greed,M07:Shame & Confusion","G3428 (adultery),G0266 (sin),G1185 (entice),G1128 (trained),G4124 (greed),G2671 (Accursed)","They have eyes full of adultery, insatiable for sin. They entice unsteady souls. They have hearts trained in greed. Accursed children!"
2Pe 2:14,G2588,heart,hearts,"M57:Corruption & Perversion,M56:Sin & Guilt,M77:Stumbling & Trial,M15:Knowing & Understanding,M28:Envy & Greed,M07:Shame & Confusion","G3428 (adultery),G0266 (sin),G1185 (entice),G1128 (trained),G4124 (greed),G2671 (Accursed)","They have eyes full of adultery, insatiable for sin. They entice unsteady souls. They have hearts trained in greed. Accursed children!"
2Pe 2:18,G4561,flesh,flesh,"M08:Pride & Arrogance,M77:Stumbling & Trial,M18:Desire & Longing,M28:Envy & Greed,M55:Destruction & Ruin","G5246 (loud boasts),G1185 (entice),G1939 (passions),G0766 (flesh),G4106 (error)","For, speaking loud boasts of folly, they entice by sensual passions of the flesh those who are barely escaping from those who live in error."
2Pe 2:8,G5590G,soul,soul,"M12:Righteousness & Integrity,M03:Grief & Lament,M75:Disobedience & Lawlessness,M41:Being Heard","G1342 (righteous man),G0928G (tormenting),G1342 (righteous),G0459 (lawless),G0189 (heard)","(for as that righteous man lived among them day after day, he was tormenting his righteous soul over their lawless deeds that he saw and heard );"
2Sa 11:11,H5315G,soul,soul,"M36:Worship & Service,M25:Life & Death,M65:Speech & Tongue","H5650 (servants),H2416A (live),H2416A (lives),H1697I (thing)","Uriah said to David, “The ark and Israel and Judah dwell in booths, and my lord Joab and the servants of my lord are camping in the open field. Shall I then go to my house, to eat and to drink and to lie with my wife? As you live, and as your soul lives, I will not do this thing.”"
2Sa 12:3,H2436G,bosom: embrace,arms,"M09:Humility & Lowliness,M25:Life & Death,M22:Praise & Song","H7326 (poor),H2421 (up),H1431 (grew up)","but the poor man had nothing but one little ewe lamb, which he had bought. And he brought it up, and it grew up with him and with his children. It used to eat of his morsel and drink from his cup and lie in his arms, and it was like a daughter to him."
2Sa 13:20,H3820A,heart,heart,"M33:Rest & Peace,M44:Covenant & Fellowship,M15:Knowing & Understanding,M65:Speech & Tongue","H2790B (peace),H0269 (sister),H7896K (take),H1697I (this)","And her brother Absalom said to her, “Has Amnon your brother been with you? Now hold your peace, my sister. He is your brother; do not take this to heart.” So Tamar lived, a desolate woman, in her brother Absalom’s house."
2Sa 13:28,H3820A,heart,heart,"M18:Desire & Longing,M01:Fear & Awe,M23:Strength & Courage","H2895 (merry),H3372G (fear),H2388G (courageous),H2428G (valiant)","Then Absalom commanded his servants, “ Mark when Amnon’s heart is merry with wine, and when I say to you, ‘ Strike Amnon,’ then kill him. Do not fear; have I not commanded you? Be courageous and be valiant.”"
2Sa 13:33,H3820A,heart,heart,"M72:Authority & Dominion,M15:Knowing & Understanding,M65:Speech & Tongue","H4428G (king),H7760K (take),H1697I (it),H4428G (king’s)","Now therefore let not my lord the king so take it to heart as to suppose that all the king’s sons are dead, for Amnon alone is dead.”"
2Sa 14:1,H3820A,heart,heart,"M15:Knowing & Understanding,M72:Authority & Dominion","H3045 (knew),H4428G (king’s)",Now Joab the son of Zeruiah knew that the king’s heart went out to Absalom.
2Sa 14:14,H5315H,soul: life,life,"M64:Will & Resolve,M06:Malice & Enmity","H2803G (devises),H4284 (means)","We must all die; we are like water spilled on the ground, which cannot be gathered up again. But God will not take away life, and he devises means so that the banished one will not remain an outcast."
2Sa 14:19,H5315I,soul: myself,you,"M72:Authority & Dominion,M25:Life & Death,M42:Prayer & Petition,M36:Worship & Service,M65:Speech & Tongue","H4428G (king),H3027H (hand),H2416A (live),H1696G (said),H5650 (servant),H1697G (words)","The king said, “Is the hand of Joab with you in all this?” The woman answered and said, “As surely as you live, my lord the king, one cannot turn to the right hand or to the left from anything that my lord the king has said. It was your servant Joab who commanded me; it was he who put all these words in the mouth of your servant."
2Sa 14:7,H5315H,soul: life,life,"M08:Pride & Arrogance,M10:Violence & Cruelty","H6965B (risen),H8045 (destroy)","And now the whole clan has risen against your servant, and they say, ‘ Give up the man who struck his brother, that we may put him to death for the life of his brother whom he killed.’ And so they would destroy the heir also. Thus they would quench my coal that is left and leave to my husband neither name nor remnant on the face of the earth.”"
2Sa 15:13,H3820A,heart,hearts,M65:Speech & Tongue,H5046 (messenger),"And a messenger came to David, saying, “The hearts of the men of Israel have gone after Absalom.”"
2Sa 15:6,H3820A,heart,hearts,"M72:Authority & Dominion,M12:Righteousness & Integrity","H4428G (king),H4941G (judgment)",Thus Absalom did to all of Israel who came to the king for judgment. So Absalom stole the hearts of the men of Israel.
2Sa 16:11,H5315H,soul: life,life,"M36:Worship & Service,M83:Seeking & Inquiring,M33:Rest & Peace","H5650 (servants),H1245 (seeks),H5117 (alone)","And David said to Abishai and to all his servants, “ Behold, my own son seeks my life; how much more now may this Benjaminite! Leave him alone, and let him curse, for the Lord has told him to."
2Sa 17:10,H3820A,heart,heart,"M23:Strength & Courage,M15:Knowing & Understanding","H2428G (valiant man),H3045 (knows),H2428G (valiant men)","Then even the valiant man, whose heart is like the heart of a lion, will utterly melt with fear, for all Israel knows that your father is a mighty man, and that those who are with him are valiant men."
2Sa 17:10,H3820A,heart,heart,"M23:Strength & Courage,M15:Knowing & Understanding","H2428G (valiant man),H3045 (knows),H2428G (valiant men)","Then even the valiant man, whose heart is like the heart of a lion, will utterly melt with fear, for all Israel knows that your father is a mighty man, and that those who are with him are valiant men."
2Sa 17:8,H5315G,soul,enraged,"M15:Knowing & Understanding,M03:Grief & Lament,M10:Violence & Cruelty","H3045 (know),H4751 (enraged),H4421 (war)","Hushai said, “ You know that your father and his men are mighty men, and that they are enraged, like a bear robbed of her cubs in the field. Besides, your father is expert in war; he will not spend the night with the people."
2Sa 18:13,H5315H,soul: life,life,"M14:Deceit & Falsehood,M65:Speech & Tongue,M20:Doubt & Discouragement,M72:Authority & Dominion","H8267 (treacherously),H1697I (nothing),H3582 (hidden),H4428G (king)","On the other hand, if I had dealt treacherously against his life (and there is nothing hidden from the king ), then you yourself would have stood aloof.”"
2Sa 18:14,H3820A,heart,heart,"M68:Hope & Waiting,M25:Life & Death","H3176G (waste time),H2416A (alive)","Joab said, “I will not waste time like this with you.” And he took three javelins in his hand and thrust them into the heart of Absalom while he was still alive in the oak."
2Sa 18:14,H3820A,heart,oak,"M68:Hope & Waiting,M25:Life & Death","H3176G (waste time),H2416A (alive)","Joab said, “I will not waste time like this with you.” And he took three javelins in his hand and thrust them into the heart of Absalom while he was still alive in the oak."
2Sa 18:3,H3820A,heart,care,"M15:Knowing & Understanding,M18:Desire & Longing,M45:Renewal & Transformation","H7760K (care),H2896A (better),H5826 (help)","But the men said, “You shall not go out. For if we flee, they will not care about us. If half of us die, they will not care about us. But you are worth ten thousand of us. Therefore it is better that you send us help from the city.”"
2Sa 18:3,H3820A,heart,care,"M15:Knowing & Understanding,M18:Desire & Longing,M45:Renewal & Transformation","H7760K (care),H2896A (better),H5826 (help)","But the men said, “You shall not go out. For if we flee, they will not care about us. If half of us die, they will not care about us. But you are worth ten thousand of us. Therefore it is better that you send us help from the city.”"
2Sa 19:12,H1320,flesh,flesh,M72:Authority & Dominion,H4428G (king),You are my brothers; you are my bone and my flesh. Why then should you be the last to bring back the king?’
2Sa 19:13,H1320,flesh,flesh,M72:Authority & Dominion,H8269 (commander),"And say to Amasa, ‘Are you not my bone and my flesh? God do so to me and more also, if you are not commander of my army from now on in place of Joab.’”"
2Sa 19:14,H3824,heart,heart,"M72:Authority & Dominion,M36:Worship & Service","H4428G (king),H5650 (servants)","And he swayed the heart of all the men of Judah as one man, so that they sent word to the king, “ Return, both you and all your servants.”"
2Sa 19:19,H3820A,heart,heart,"M72:Authority & Dominion,M64:Will & Resolve,M56:Sin & Guilt,M81:Memory (act),M36:Worship & Service,M57:Corruption & Perversion,M15:Knowing & Understanding","H4428G (king),H2803H (hold),H5771H (guilty),H2142 (remember),H5650 (servant),H5753B (wrong),H7760K (take)","and said to the king, “Let not my lord hold me guilty or remember how your servant did wrong on the day my lord the king left Jerusalem. Do not let the king take it to heart."
2Sa 19:5,H5315H,soul: life,life,"M72:Authority & Dominion,M07:Shame & Confusion,M36:Worship & Service","H4428G (king),H0954 (shame),H5650 (servants)","Then Joab came into the house to the king and said, “You have today covered with shame the faces of all your servants, who have this day saved your life and the lives of your sons and your daughters and the lives of your wives and your concubines,"
2Sa 19:5,H5315H,soul: life,lives,"M72:Authority & Dominion,M07:Shame & Confusion,M36:Worship & Service","H4428G (king),H0954 (shame),H5650 (servants)","Then Joab came into the house to the king and said, “You have today covered with shame the faces of all your servants, who have this day saved your life and the lives of your sons and your daughters and the lives of your wives and your concubines,"
2Sa 19:5,H5315H,soul: life,lives,"M72:Authority & Dominion,M07:Shame & Confusion,M36:Worship & Service","H4428G (king),H0954 (shame),H5650 (servants)","Then Joab came into the house to the king and said, “You have today covered with shame the faces of all your servants, who have this day saved your life and the lives of your sons and your daughters and the lives of your wives and your concubines,"
2Sa 19:5,H5315H,soul: life,and your,"M72:Authority & Dominion,M07:Shame & Confusion,M36:Worship & Service","H4428G (king),H0954 (shame),H5650 (servants)","Then Joab came into the house to the king and said, “You have today covered with shame the faces of all your servants, who have this day saved your life and the lives of your sons and your daughters and the lives of your wives and your concubines,"
2Sa 19:7,H3820A,heart,kindly,"M08:Pride & Arrogance,M42:Prayer & Petition,M36:Worship & Service,M58:Wickedness","H6965B (arise),H1696G (speak),H5650 (servants),H7489A (worse),H7451B (evil)","Now therefore arise, go out and speak kindly to your servants, for I swear by the Lord, if you do not go, not a man will stay with you this night, and this will be worse for you than all the evil that has come upon you from your youth until now.”"
2Sa 1:9,H5315H,soul: life,life,M01:Fear & Awe,H7661 (anguish),"And he said to me, ‘ Stand beside me and kill me, for anguish has seized me, and yet my life still lingers.’"
2Sa 22:16,H7307H,spirit: breath,breath,M25:Life & Death,H5397 (blast),"Then the channels of the sea were seen; the foundations of the world were laid bare, at the rebuke of the Lord, at the blast of the breath of his nostrils."
2Sa 23:17,H5315H,soul: life,lives,M30:Rebellion & Stubbornness,H0014 (he would),"and said, “ Far be it from me, O Lord, that I should do this. Shall I drink the blood of the men who went at the risk of their lives?” Therefore he would not drink it. These things the three mighty men did."
2Sa 23:2,H7307G,spirit,Spirit,M42:Prayer & Petition,H1696G (speaks),“The Spirit of the Lord speaks by me; his word is on my tongue.
2Sa 24:10,H3820A,heart,heart,"M56:Sin & Guilt,M36:Worship & Service,M16:Wisdom & Folly","H2398 (sinned),H5771G (iniquity),H5650 (servant),H5528 (foolishly)","But David’s heart struck him after he had numbered the people. And David said to the Lord, “I have sinned greatly in what I have done. But now, O Lord, please take away the iniquity of your servant, for I have done very foolishly.”"
2Sa 3:21,H5315G,soul,heart,"M08:Pride & Arrogance,M72:Authority & Dominion,M44:Covenant & Fellowship,M18:Desire & Longing,M33:Rest & Peace","H6965B (arise),H4428G (king),H3772H (make),H1285 (covenant),H4427A (reign over),H0183 (desires),H7965G (peace)","And Abner said to David, “I will arise and go and will gather all Israel to my lord the king, that they may make a covenant with you, and that you may reign over all that your heart desires.” So David sent Abner away, and he went in peace."
2Sa 4:8,H5315H,soul: life,life,"M72:Authority & Dominion,M06:Malice & Enmity,M83:Seeking & Inquiring,M26:Judgment & Condemnation","H4428G (king),H0341 (enemy),H1245 (sought),H5360 (avenged)","and brought the head of Ish-bosheth to David at Hebron. And they said to the king, “Here is the head of Ish-bosheth, the son of Saul, your enemy, who sought your life. The Lord has avenged my lord the king this day on Saul and on his offspring.”"
2Sa 4:9,H5315H,soul: life,life,"M25:Life & Death,M79:Salvation & Ransom,M24:Faintness & Despair","H2416A (lives),H6299 (redeemed),H6869B (adversity)","But David answered Rechab and Baanah his brother, the sons of Rimmon the Beerothite, “As the Lord lives, who has redeemed my life out of every adversity,"
2Sa 5:8,H5315G,soul,soul,"M73:Sickness & Weakness,M06:Malice & Enmity","H5787 (blind),H8130 (hated)","And David said on that day, “ Whoever would strike the Jebusites, let him get up the water shaft to attack ‘the lame and the blind,’ who are hated by David’s soul.” Therefore it is said, “The blind and the lame shall not come into the house.”"
2Sa 6:16,H3820A,heart,heart,"M72:Authority & Dominion,M30:Rebellion & Stubbornness","H4428G (King),H0959 (despised)","As the ark of the Lord came into the city of David, Michal the daughter of Saul looked out of the window and saw King David leaping and dancing before the Lord, and she despised him in her heart."
2Sa 7:21,H3820A,heart,heart,"M71:Glory & Splendor,M36:Worship & Service,M15:Knowing & Understanding","H1420 (greatness),H5650 (servant),H3045 (servant)","Because of your promise, and according to your own heart, you have brought about all this greatness, to make your servant know it."
2Sa 7:27,H3820A,heart,courage,"M72:Authority & Dominion,M36:Worship & Service,M42:Prayer & Petition","H6635B (hosts),H5650 (servant),H6419 (pray),H8605 (prayer)","For you, O Lord of hosts, the God of Israel, have made this revelation to your servant, saying, ‘I will build you a house.’ Therefore your servant has found courage to pray this prayer to you."
2Sa 7:3,H3824,heart,heart,M72:Authority & Dominion,H4428G (king),"And Nathan said to the king, “ Go, do all that is in your heart, for the Lord is with you.”"
2Th 2:13,G4151G,spirit/breath: spirit,Spirit,"M49:Thanksgiving,M14:Deceit & Falsehood,M51:Love & Devotion,M64:Will & Resolve,M16:Wisdom & Folly,M79:Salvation & Ransom,M61:Purity & Holiness,M13:Faith & Faithfulness","G2168 (give thanks),G0080 (brothers),G0025 (beloved),G0138 (chose),G0746 (firstfruits),G4991 (saved),G0038 (sanctification),G4102G (belief),G0225 (truth)","But we ought always to give thanks to God for you, brothers beloved by the Lord, because God chose you as the firstfruits to be saved, through sanctification by the Spirit and belief in the truth."
2Th 2:17,G2588,heart,hearts,"M42:Prayer & Petition,M05:Kindness & Friendship,M65:Speech & Tongue","G3870 (comfort),G0018 (good),G3056 (word)",comfort your hearts and establish them in every good work and word.
2Th 2:2,G4151G,spirit/breath: spirit,spirit,"M15:Knowing & Understanding,M65:Speech & Tongue","G3563 (mind),G3056 (word)","not to be quickly shaken in mind or alarmed, either by a spirit or a spoken word, or a letter seeming to be from us, to the effect that the day of the Lord has come."
2Th 2:8,G4151H,spirit/breath: breath,breath,M75:Disobedience & Lawlessness,G0459 (lawless one),"And then the lawless one will be revealed, whom the Lord Jesus will kill with the breath of his mouth and bring to nothing by the appearance of his coming."
2Th 3:13,G1573,to lose heart,grow weary,"M14:Deceit & Falsehood,M05:Kindness & Friendship","G0080 (brothers),G2569 (good)","As for you, brothers, do not grow weary in doing good."
2Th 3:5,G2588,heart,hearts,"M51:Love & Devotion,M34:Patience & Perseverance","G0026 (love),G5281 (steadfastness)",May the Lord direct your hearts to the love of God and to the steadfastness of Christ.
2Ti 1:14,G4151G,spirit/breath: spirit,Spirit,"M61:Purity & Holiness,M74:Keeping & Guarding,M05:Kindness & Friendship","G0040G (Holy),G5442I (guard),G2570G (good)","By the Holy Spirit who dwells within us, guard the good deposit entrusted to you."
2Ti 1:3,G4893,conscience,conscience,"M50:Grace & Mercy,M36:Worship & Service,M12:Righteousness & Integrity,M82:Reminder & Report,M42:Prayer & Petition","G5485 (thank),G3000 (serve),G2513 (clear),G3417 (remember),G1162 (prayers)","I thank God whom I serve, as did my ancestors, with a clear conscience, as I remember you constantly in my prayers night and day."
2Ti 1:7,G4151G,spirit/breath: spirit,spirit,"M01:Fear & Awe,M23:Strength & Courage,M51:Love & Devotion,M16:Wisdom & Folly","G1167 (fear),G1411 (power),G0026 (love),G4995 (self-control)",for God gave us a spirit not of fear but of power and love and self-control.
2Ti 2:22,G2588,heart,heart,"M18:Desire & Longing,M12:Righteousness & Integrity,M13:Faith & Faithfulness,M51:Love & Devotion,M33:Rest & Peace,M42:Prayer & Petition","G1939 (passions),G1343 (righteousness),G4102G (faith),G0026 (love),G1515 (peace),G1941 (call on),G2513 (pure)","So flee youthful passions and pursue righteousness, faith, love, and peace, along with those who call on the Lord from a pure heart."
2Ti 4:22,G4151G,spirit/breath: spirit,spirit,M50:Grace & Mercy,G5485 (Grace),The Lord be with your spirit. Grace be with you.
3Jo 2,G5590I,soul: myself,soul,M42:Prayer & Petition,G2172 (pray),"Beloved, I pray that all may go well with you and that you may be in good health, as it goes well with your soul."
Act 10:19,G4151G,spirit/breath: spirit,Spirit,"M15:Knowing & Understanding,M83:Seeking & Inquiring","G1760 (pondering),G2212 (looking for)","And while Peter was pondering the vision, the Spirit said to him, “ Behold, three men are looking for you."
Act 10:38,G4151G,spirit/breath: spirit,Spirit,"M61:Purity & Holiness,M23:Strength & Courage,M05:Kindness & Friendship,M06:Malice & Enmity","G0040G (Holy),G1411 (power),G2109 (good),G2616 (oppressed)","how God anointed Jesus of Nazareth with the Holy Spirit and with power. He went about doing good and healing all who were oppressed by the devil, for God was with him."
Act 10:44,G4151G,spirit/breath: spirit,Spirit,"M61:Purity & Holiness,M65:Speech & Tongue","G0040G (Holy),G3056 (word)","While Peter was still saying these things, the Holy Spirit fell on all who heard the word."
Act 10:45,G4151G,spirit/breath: spirit,Spirit,"M13:Faith & Faithfulness,M32:Covenant,M39:Gift & Favor,M61:Purity & Holiness","G4103 (believers),G4061 (circumcised),G1431 (gift),G0040G (Holy)","And the believers from among the circumcised who had come with Peter were amazed, because the gift of the Holy Spirit was poured out even on the Gentiles."
Act 10:47,G4151G,spirit/breath: spirit,Spirit,M61:Purity & Holiness,G0040G (Holy),"“ Can anyone withhold water for baptizing these people, who have received the Holy Spirit just as we have?”"
Act 11:12,G4151G,spirit/breath: spirit,Spirit,"M63:Reasoning & Interpretation,M14:Deceit & Falsehood","G1252 (distinction),G0080 (brothers)","And the Spirit told me to go with them, making no distinction. These six brothers also accompanied me, and we entered the man’s house."
Act 11:15,G4151G,spirit/breath: spirit,Spirit,"M08:Pride & Arrogance,M61:Purity & Holiness,M16:Wisdom & Folly","G0757 (began),G0040G (Holy),G0746 (beginning)","As I began to speak, the Holy Spirit fell on them just as on us at the beginning."
Act 11:16,G4151G,spirit/breath: spirit,Spirit,"M81:Memory (act),M61:Purity & Holiness","G3415 (remembered),G0040G (Holy)","And I remembered the word of the Lord, how he said, ‘ John baptized with water, but you will be baptized with the Holy Spirit.’"
Act 11:23,G2588,heart,purpose,"M50:Grace & Mercy,M04:Joy & Gladness,M42:Prayer & Petition,M64:Will & Resolve","G5485 (grace),G5463 (glad),G3870 (exhorted),G4286 (steadfast)","When he came and saw the grace of God, he was glad, and he exhorted them all to remain faithful to the Lord with steadfast purpose,"
Act 11:24,G4151G,spirit/breath: spirit,Spirit,"M05:Kindness & Friendship,M61:Purity & Holiness,M13:Faith & Faithfulness","G0018 (good),G0040G (Holy),G4102G (faith)","for he was a good man, full of the Holy Spirit and of faith. And a great many people were added to the Lord."
Act 13:2,G4151G,spirit/breath: spirit,Spirit,"M61:Purity & Holiness,M42:Prayer & Petition","G0040G (Holy),G4341 (called)","While they were worshiping the Lord and fasting, the Holy Spirit said, “Set apart for me Barnabas and Saul for the work to which I have called them.”"
Act 13:22,G2588,heart,heart,"M35:Being Tested,M18:Desire & Longing","G3140 (testified),G2307 (will)","And when he had removed him, he raised up David to be their king, of whom he testified and said, ‘I have found in David the son of Jesse a man after my heart, who will do all my will.’"
Act 13:4,G4151G,spirit/breath: spirit,Spirit,M61:Purity & Holiness,G0040G (Holy),"So, being sent out by the Holy Spirit, they went down to Seleucia, and from there they sailed to Cyprus."
Act 13:52,G4151G,spirit/breath: spirit,Spirit,"M04:Joy & Gladness,M61:Purity & Holiness","G5479 (joy),G0040G (Holy)",And the disciples were filled with joy and with the Holy Spirit.
Act 13:9,G4151G,spirit/breath: spirit,Spirit,M61:Purity & Holiness,G0040G (Holy),"But Saul, who was also called Paul, filled with the Holy Spirit, looked intently at him"
Act 14:17,G2588,heart,hearts,"M59:Release & Reconciliation,M05:Kindness & Friendship,M04:Joy & Gladness","G0863G (leave),G0014 (good),G2167 (gladness)","Yet he did not leave himself without witness, for he did good by giving you rains from heaven and fruitful seasons, satisfying your hearts with food and gladness.”"
Act 14:2,G5590G,soul,minds,"M30:Rebellion & Stubbornness,M24:Faintness & Despair,M14:Deceit & Falsehood","G0544 (unbelieving),G2559 (poisoned),G0080 (brothers)",But the unbelieving Jews stirred up the Gentiles and poisoned their minds against the brothers.
Act 14:22,G5590G,soul,souls,"M23:Strength & Courage,M42:Prayer & Petition,M13:Faith & Faithfulness,M24:Faintness & Despair,M72:Authority & Dominion","G1991 (strengthening),G3870 (encouraging),G4102G (faith),G2347 (tribulations),G0932 (kingdom)","strengthening the souls of the disciples, encouraging them to continue in the faith, and saying that through many tribulations we must enter the kingdom of God."
Act 15:24,G5590G,soul,minds,"M03:Grief & Lament,M65:Speech & Tongue","G5015 (troubled),G3056 (words)","Since we have heard that some persons have gone out from us and troubled you with words, unsettling your minds, although we gave them no instructions,"
Act 15:28,G4151G,spirit/breath: spirit,Spirit,"M15:Knowing & Understanding,M61:Purity & Holiness,M78:Slavery & Bondage","G1380 (seemed good),G0040G (Holy),G0922 (burden)",For it has seemed good to the Holy Spirit and to us to lay on you no greater burden than these requirements:
Act 15:8,G2589,heart-knower,heart,"M35:Being Tested,M61:Purity & Holiness","G3140 (witness),G0040G (Holy)","And God, who knows the heart, bore witness to them, by giving them the Holy Spirit just as he did to us,"
Act 15:8,G4151G,spirit/breath: spirit,Spirit,"M35:Being Tested,M61:Purity & Holiness","G3140 (witness),G0040G (Holy)","And God, who knows the heart, bore witness to them, by giving them the Holy Spirit just as he did to us,"
Act 15:9,G2588,heart,hearts,"M63:Reasoning & Interpretation,M12:Righteousness & Integrity,M13:Faith & Faithfulness","G1252 (distinction),G2511 (cleansed),G4102G (faith)","and he made no distinction between us and them, having cleansed their hearts by faith."
Act 16:14,G2588,heart,heart,"M13:Faith & Faithfulness,M74:Keeping & Guarding","G4576 (worshiper),G4337 (attention)","One who heard us was a woman named Lydia, from the city of Thyatira, a seller of purple goods, who was a worshiper of God. The Lord opened her heart to pay attention to what was said by Paul."
Act 16:16,G4151G,spirit/breath: spirit,spirit,"M42:Prayer & Petition,M72:Authority & Dominion","G4335 (prayer),G2962H (owners)","As we were going to the place of prayer, we were met by a slave girl who had a spirit of divination and brought her owners much gain by fortune-telling."
Act 16:18,G4151G,spirit/breath: spirit,spirit,M02:Anger & Wrath,G1278 (greatly annoyed),"And this she kept doing for many days. Paul, having become greatly annoyed, turned and said to the spirit, “I command you in the name of Jesus Christ to come out of her.” And it came out that very hour."
Act 16:6,G4151G,spirit/breath: spirit,Spirit,"M61:Purity & Holiness,M65:Speech & Tongue","G0040G (Holy),G3056 (word)","And they went through the region of Phrygia and Galatia, having been forbidden by the Holy Spirit to speak the word in Asia."
Act 16:7,G4151G,spirit/breath: spirit,Spirit,M35:Being Tested,G3985I (attempted),"And when they had come up to Mysia, they attempted to go into Bithynia, but the Spirit of Jesus did not allow them."
Act 17:16,G4151G,spirit/breath: spirit,spirit,"M68:Hope & Waiting,M02:Anger & Wrath,M55:Destruction & Ruin","G1551 (waiting),G3947 (provoked),G2712 (idols)","Now while Paul was waiting for them at Athens, his spirit was provoked within him as he saw that the city was full of idols."
Act 18:25,G4151G,spirit/breath: spirit,spirit,"M69:Self-Control & Zeal,M15:Knowing & Understanding","G2204 (fervent),G1321 (taught),G1987 (knew)","He had been instructed in the way of the Lord. And being fervent in spirit, he spoke and taught accurately the things concerning Jesus, though he knew only the baptism of John."
Act 19:12,G4151G,spirit/breath: spirit,spirits,"M73:Sickness & Weakness,M59:Release & Reconciliation,M58:Wickedness","G0770H (sick),G3554 (diseases),G0525 (left),G4190 (evil)","so that even handkerchiefs or aprons that had touched his skin were carried away to the sick, and their diseases left them and the evil spirits came out of them."
Act 19:13,G4151G,spirit/breath: spirit,spirits,"M35:Being Tested,M58:Wickedness","G2021 (undertook),G4190 (evil)","Then some of the itinerant Jewish exorcists undertook to invoke the name of the Lord Jesus over those who had evil spirits, saying, “I adjure you by the Jesus whom Paul proclaims.”"
Act 19:15,G4151G,spirit/breath: spirit,spirit,"M58:Wickedness,M41:Being Heard,M15:Knowing & Understanding","G4190 (evil),G0611 (answered),G1097 (know),G1987 (recognize)","But the evil spirit answered them, “ Jesus I know, and Paul I recognize, but who are you?”"
Act 19:16,G4151G,spirit/breath: spirit,spirit,"M58:Wickedness,M72:Authority & Dominion,M23:Strength & Courage,M10:Violence & Cruelty","G4190 (evil),G2634 (mastered),G2480 (overpowered),G5135 (wounded)","And the man in whom was the evil spirit leaped on them, mastered all of them and overpowered them, so that they fled out of that house naked and wounded."
Act 19:2,G4151G,spirit/breath: spirit,Spirit,"M61:Purity & Holiness,M19:Trust & Refuge","G0040G (Holy),G4100 (believed)","And he said to them, “ Did you receive the Holy Spirit when you believed?” And they said, “ No, we have not even heard that there is a Holy Spirit.”"
Act 19:2,G4151G,spirit/breath: spirit,Spirit,"M61:Purity & Holiness,M19:Trust & Refuge","G0040G (Holy),G4100 (believed)","And he said to them, “ Did you receive the Holy Spirit when you believed?” And they said, “ No, we have not even heard that there is a Holy Spirit.”"
Act 19:6,G4151G,spirit/breath: spirit,Spirit,"M61:Purity & Holiness,M43:Prophecy & Vision","G0040G (Holy),G4395 (prophesying)","And when Paul had laid his hands on them, the Holy Spirit came on them, and they began speaking in tongues and prophesying."
Act 1:16,G4151G,spirit/breath: spirit,Spirit,"M14:Deceit & Falsehood,M61:Purity & Holiness","G0080 (Brothers),G0040G (Holy)","“ Brothers, the Scripture had to be fulfilled, which the Holy Spirit spoke beforehand by the mouth of David concerning Judas, who became a guide to those who arrested Jesus."
Act 1:2,G4151G,spirit/breath: spirit,Spirit,M61:Purity & Holiness,G0040G (Holy),"until the day when he was taken up, after he had given commands through the Holy Spirit to the apostles whom he had chosen."
Act 1:24,G2589,heart-knower,hearts,M42:Prayer & Petition,G4336 (prayed),"And they prayed and said, “ You, Lord, who know the hearts of all, show which one of these two you have chosen"
Act 1:5,G4151G,spirit/breath: spirit,Spirit,M61:Purity & Holiness,G0040G (Holy),"for John baptized with water, but you will be baptized with the Holy Spirit not many days from now.”"
Act 1:8,G4151G,spirit/breath: spirit,Spirit,"M23:Strength & Courage,M61:Purity & Holiness","G1411 (power),G0040G (Holy)","But you will receive power when the Holy Spirit has come upon you, and you will be my witnesses in Jerusalem and in all Judea and Samaria, and to the end of the earth.”"
Act 20:22,G4151G,spirit/breath: spirit,Spirit,M15:Knowing & Understanding,G6063 (knowing),"And now, behold, I am going to Jerusalem, constrained by the Spirit, not knowing what will happen to me there,"
Act 20:23,G4151G,spirit/breath: spirit,Spirit,"M61:Purity & Holiness,M24:Faintness & Despair","G0040G (Holy),G2347 (afflictions)",except that the Holy Spirit testifies to me in every city that imprisonment and afflictions await me.
Act 20:24,G5590H,soul: life,life,"M65:Speech & Tongue,M18:Desire & Longing,M36:Worship & Service,M50:Grace & Mercy","G3056 (value),G5093 (precious),G1248 (ministry),G5485 (grace)","But I do not account my life of any value nor as precious to myself, if only I may finish my course and the ministry that I received from the Lord Jesus, to testify to the gospel of the grace of God."
Act 20:28,G4151G,spirit/breath: spirit,Spirit,"M74:Keeping & Guarding,M61:Purity & Holiness,M44:Covenant & Fellowship","G4337 (attention),G0040G (Holy),G1577 (church)","Pay careful attention to yourselves and to all the flock, in which the Holy Spirit has made you overseers, to care for the church of God, which he obtained with his own blood."
Act 21:11,G4151G,spirit/breath: spirit,Spirit,M61:Purity & Holiness,G0040G (Holy),"And coming to us, he took Paul’s belt and bound his own feet and hands and said, “ Thus says the Holy Spirit, ‘This is how the Jews at Jerusalem will bind the man who owns this belt and deliver him into the hands of the Gentiles.’”"
Act 21:13,G2588,heart,heart,"M41:Being Heard,M03:Grief & Lament","G0611 (answered),G2799 (weeping)","Then Paul answered, “ What are you doing, weeping and breaking my heart? For I am ready not only to be imprisoned but even to die in Jerusalem for the name of the Lord Jesus.”"
Act 23:1,G4893,conscience,conscience,"M14:Deceit & Falsehood,M05:Kindness & Friendship","G0080 (Brothers),G0018 (good)","And looking intently at the council, Paul said, “ Brothers, I have lived my life before God in all good conscience up to this day.”"
Act 23:11,G2293,take heart,courage,M35:Being Tested,G3140 (testify),"The following night the Lord stood by him and said, “Take courage, for as you have testified to the facts about me in Jerusalem, so you must testify also in Rome.”"
Act 23:8,G4151G,spirit/breath: spirit,spirit,M60:Confession & Forgiveness,G3670 (acknowledge),"For the Sadducees say that there is no resurrection, nor angel, nor spirit, but the Pharisees acknowledge them all."
Act 23:9,G4151G,spirit/breath: spirit,spirit,"M84:Outcry & Shouting,M44:Covenant & Fellowship,M58:Wickedness","G2906 (clamor),G1264 (contended sharply),G2556G (wrong)","Then a great clamor arose, and some of the scribes of the Pharisees ’ party stood up and contended sharply, “We find nothing wrong in this man. What if a spirit or an angel spoke to him?”"
Act 24:16,G4893,conscience,conscience,"M34:Patience & Perseverance,M77:Stumbling & Trial","G0778 (take pains),G0677 (clear)",So I always take pains to have a clear conscience toward both God and man.
Act 27:22,G5590H,soul: life,life,"M04:Joy & Gladness,M59:Release & Reconciliation","G2114 (take heart),G0580 (loss)","Yet now I urge you to take heart, for there will be no loss of life among you, but only of the ship."
Act 28:25,G4151G,spirit/breath: spirit,Spirit,"M59:Release & Reconciliation,M61:Purity & Holiness,M43:Prophecy & Vision","G0630G (departed),G0040G (Holy),G4396 (prophet)","And disagreeing among themselves, they departed after Paul had made one statement: “The Holy Spirit was right in saying to your fathers through Isaiah the prophet:"
Act 28:27,G2588,heart,heart,M15:Knowing & Understanding,G4920 (understand),"For this people’s heart has grown dull, and with their ears they can barely hear, and their eyes they have closed; lest they should see with their eyes and hear with their ears and understand with their heart and turn, and I would heal them.’"
Act 28:27,G2588,heart,heart,M15:Knowing & Understanding,G4920 (understand),"For this people’s heart has grown dull, and with their ears they can barely hear, and their eyes they have closed; lest they should see with their eyes and hear with their ears and understand with their heart and turn, and I would heal them.’"
Act 2:17,G4151G,spirit/breath: spirit,Spirit,M43:Prophecy & Vision,G4395 (prophesy),"“‘ And in the last days it shall be, God declares, that I will pour out my Spirit on all flesh, and your sons and your daughters shall prophesy, and your young men shall see visions, and your old men shall dream dreams;"
Act 2:17,G4561,flesh,flesh,M43:Prophecy & Vision,G4395 (prophesy),"“‘ And in the last days it shall be, God declares, that I will pour out my Spirit on all flesh, and your sons and your daughters shall prophesy, and your young men shall see visions, and your old men shall dream dreams;"
Act 2:18,G4151G,spirit/breath: spirit,Spirit,"M78:Slavery & Bondage,M43:Prophecy & Vision","G1401 (servants),G1399 (female servants),G4395 (prophesy)","even on my male servants and female servants in those days I will pour out my Spirit, and they shall prophesy."
Act 2:26,G2588,heart,heart,"M71:Glory & Splendor,M04:Joy & Gladness,M68:Hope & Waiting","G2165 (glad),G0021 (rejoiced),G1680 (hope)","therefore my heart was glad, and my tongue rejoiced; my flesh also will dwell in hope."
Act 2:26,G4561,flesh,flesh,"M71:Glory & Splendor,M04:Joy & Gladness,M68:Hope & Waiting","G2165 (glad),G0021 (rejoiced),G1680 (hope)","therefore my heart was glad, and my tongue rejoiced; my flesh also will dwell in hope."
Act 2:27,G5590G,soul,soul,"M61:Purity & Holiness,M25:Life & Death","G3741 (Holy One),G1312 (corruption)","For you will not abandon my soul to Hades, or let your Holy One see corruption."
Act 2:31,G5590G,soul,he,M25:Life & Death,G1312 (corruption),"he foresaw and spoke about the resurrection of the Christ, that he was not abandoned to Hades, nor did his flesh see corruption."
Act 2:31,G4561,flesh,flesh,M25:Life & Death,G1312 (corruption),"he foresaw and spoke about the resurrection of the Christ, that he was not abandoned to Hades, nor did his flesh see corruption."
Act 2:33,G4151G,spirit/breath: spirit,Spirit,M61:Purity & Holiness,G0040G (Holy),"Being therefore exalted at the right hand of God, and having received from the Father the promise of the Holy Spirit, he has poured out this that you yourselves are seeing and hearing."
Act 2:37,G2588,heart,heart,M14:Deceit & Falsehood,G0080 (Brothers),"Now when they heard this they were cut to the heart, and said to Peter and the rest of the apostles, “ Brothers, what shall we do?”"
Act 2:38,G4151G,spirit/breath: spirit,Spirit,"M11:Turning & Repentance,M60:Confession & Forgiveness,M56:Sin & Guilt,M39:Gift & Favor,M61:Purity & Holiness","G3340 (Repent),G0859 (forgiveness),G0266 (sins),G1431 (gift),G0040G (Holy)","And Peter said to them, “ Repent and be baptized every one of you in the name of Jesus Christ for the forgiveness of your sins, and you will receive the gift of the Holy Spirit."
Act 2:4,G4151G,spirit/breath: spirit,Spirit,"M61:Purity & Holiness,M08:Pride & Arrogance","G0040G (Holy),G0757 (began)",And they were all filled with the Holy Spirit and began to speak in other tongues as the Spirit gave them utterance.
Act 2:4,G4151G,spirit/breath: spirit,Spirit,"M61:Purity & Holiness,M08:Pride & Arrogance","G0040G (Holy),G0757 (began)",And they were all filled with the Holy Spirit and began to speak in other tongues as the Spirit gave them utterance.
Act 2:41,G5590J,soul: person,souls,M65:Speech & Tongue,G3056 (word),"So those who received his word were baptized, and there were added that day about three thousand souls."
Act 2:43,G5590J,soul: person,soul,"M01:Fear & Awe,M43:Prophecy & Vision","G5401 (awe),G4592 (signs)","And awe came upon every soul, and many wonders and signs were being done through the apostles."
Act 2:46,G2588,heart,hearts,"M04:Joy & Gladness,M62:Truth & Sincerity","G0020 (glad),G0858 (generous)","And day by day, attending the temple together and breaking bread in their homes, they received their food with glad and generous hearts,"
Act 3:23,G5590J,soul: person,soul,M43:Prophecy & Vision,G4396 (prophet),And it shall be that every soul who does not listen to that prophet shall be destroyed from the people.’
Act 4:25,G4151G,spirit/breath: spirit,Spirit,"M61:Purity & Holiness,M02:Anger & Wrath,M15:Knowing & Understanding","G0040G (Holy),G5433 (rage),G3191 (plot)","who through the mouth of our father David, your servant, said by the Holy Spirit, “‘ Why did the Gentiles rage, and the peoples plot in vain?"
Act 4:31,G4151G,spirit/breath: spirit,Spirit,"M42:Prayer & Petition,M61:Purity & Holiness,M65:Speech & Tongue,M23:Strength & Courage","G1189 (prayed),G0040G (Holy),G3056 (word),G3954 (boldness)","And when they had prayed, the place in which they were gathered together was shaken, and they were all filled with the Holy Spirit and continued to speak the word of God with boldness."
Act 4:32,G2588,heart,heart,M19:Trust & Refuge,G4100 (believed),"Now the full number of those who believed were of one heart and soul, and no one said that any of the things that belonged to him was his own, but they had everything in common."
Act 4:32,G5590G,soul,soul,M19:Trust & Refuge,G4100 (believed),"Now the full number of those who believed were of one heart and soul, and no one said that any of the things that belonged to him was his own, but they had everything in common."
Act 4:8,G4151G,spirit/breath: spirit,Spirit,M61:Purity & Holiness,G0040G (Holy),"Then Peter, filled with the Holy Spirit, said to them, “ Rulers of the people and elders,"
Act 5:16,G4151G,spirit/breath: spirit,spirits,"M70:Lifting & Bearing,M73:Sickness & Weakness,M10c:Defilement,M36:Worship & Service","G5342 (bringing),G0772H (sick),G0169 (unclean),G2323 (healed)","The people also gathered from the towns around Jerusalem, bringing the sick and those afflicted with unclean spirits, and they were all healed."
Act 5:3,G2588,heart,heart,"M14:Deceit & Falsehood,M61:Purity & Holiness,M71:Glory & Splendor","G5574 (lie),G0040G (Holy),G5092 (proceeds)","But Peter said, “ Ananias, why has Satan filled your heart to lie to the Holy Spirit and to keep back for yourself part of the proceeds of the land?"
Act 5:3,G4151G,spirit/breath: spirit,Spirit,"M14:Deceit & Falsehood,M61:Purity & Holiness,M71:Glory & Splendor","G5574 (lie),G0040G (Holy),G5092 (proceeds)","But Peter said, “ Ananias, why has Satan filled your heart to lie to the Holy Spirit and to keep back for yourself part of the proceeds of the land?"
Act 5:32,G4151G,spirit/breath: spirit,Spirit,"M61:Purity & Holiness,M54:Torah & Obedience","G0040G (Holy),G3980 (obey)","And we are witnesses to these things, and so is the Holy Spirit, whom God has given to those who obey him.”"
Act 5:4,G2588,heart,heart,"M72:Authority & Dominion,M14:Deceit & Falsehood","G1849 (disposal),G5574 (lied)","While it remained unsold, did it not remain your own? And after it was sold, was it not at your disposal? Why is it that you have contrived this deed in your heart? You have not lied to man but to God.”"
Act 5:9,G4151G,spirit/breath: spirit,Spirit,M35:Being Tested,G3985H (test),"But Peter said to her, “ How is it that you have agreed together to test the Spirit of the Lord? Behold, the feet of those who have buried your husband are at the door, and they will carry you out.”"
Act 6:10,G4151G,spirit/breath: spirit,Spirit,"M23:Strength & Courage,M06:Malice & Enmity,M16:Wisdom & Folly","G2480 (could),G0436 (withstand),G4678 (wisdom)",But they could not withstand the wisdom and the Spirit with which he was speaking.
Act 6:3,G4151G,spirit/breath: spirit,Spirit,"M14:Deceit & Falsehood,M35:Being Tested,M16:Wisdom & Folly","G0080 (brothers),G3140 (good repute),G4678 (wisdom)","Therefore, brothers, pick out from among you seven men of good repute, full of the Spirit and of wisdom, whom we will appoint to this duty."
Act 6:5,G4151G,spirit/breath: spirit,Spirit,"M65:Speech & Tongue,M04:Joy & Gladness,M13:Faith & Faithfulness,M61:Purity & Holiness","G3056 (said),G0700 (pleased),G4102G (faith),G0040G (Holy)","And what they said pleased the whole gathering, and they chose Stephen, a man full of faith and of the Holy Spirit, and Philip, and Prochorus, and Nicanor, and Timon, and Parmenas, and Nicolaus, a proselyte of Antioch."
Act 7:14,G5590J,soul: person,persons,M37:Firstborn & Foreknowledge,G3333 (summoned),"And Joseph sent and summoned Jacob his father and all his kindred, seventy-five persons in all."
Act 7:23,G2588,heart,heart,M14:Deceit & Falsehood,G0080 (brothers),"“ When he was forty years old, it came into his heart to visit his brothers, the children of Israel."
Act 7:39,G2588,heart,hearts,"M18:Desire & Longing,M54:Torah & Obedience,M30:Rebellion & Stubbornness","G2309 (refused),G5255 (obey),G0683 (thrust),G0683 (aside)","Our fathers refused to obey him, but thrust him aside, and in their hearts they turned to Egypt,"
Act 7:51,G2588,heart,heart,"M32:Covenant,M61:Purity & Holiness","G0564 (uncircumcised),G0040G (Holy)","“You stiff-necked people, uncircumcised in heart and ears, you always resist the Holy Spirit. As your fathers did, so do you."
Act 7:51,G4151G,spirit/breath: spirit,Spirit,"M32:Covenant,M61:Purity & Holiness","G0564 (uncircumcised),G0040G (Holy)","“You stiff-necked people, uncircumcised in heart and ears, you always resist the Holy Spirit. As your fathers did, so do you."
Act 7:54,G2588,heart,enraged,M02:Anger & Wrath,G1282 (enraged),"Now when they heard these things they were enraged, and they ground their teeth at him."
Act 7:55,G4151G,spirit/breath: spirit,Spirit,"M61:Purity & Holiness,M22:Praise & Song","G0040G (Holy),G1391 (glory)","But he, full of the Holy Spirit, gazed into heaven and saw the glory of God, and Jesus standing at the right hand of God."
Act 7:59,G4151G,spirit/breath: spirit,spirit,M42:Prayer & Petition,G1941 (called out),"And as they were stoning Stephen, he called out, “ Lord Jesus, receive my spirit.”"
Act 8:15,G4151G,spirit/breath: spirit,Spirit,"M42:Prayer & Petition,M61:Purity & Holiness","G4336 (prayed),G0040G (Holy)","who came down and prayed for them that they might receive the Holy Spirit,"
Act 8:17,G4151G,spirit/breath: spirit,Spirit,M61:Purity & Holiness,G0040G (Holy),Then they laid their hands on them and they received the Holy Spirit.
Act 8:18,G4151G,spirit/breath: spirit,Spirit,M46:Wealth & Riches,G5536 (money),"Now when Simon saw that the Spirit was given through the laying on of the apostles ’ hands, he offered them money,"
Act 8:19,G4151G,spirit/breath: spirit,Spirit,"M72:Authority & Dominion,M61:Purity & Holiness","G1849 (power),G0040G (Holy)","saying, “ Give me this power also, so that anyone on whom I lay my hands may receive the Holy Spirit.”"
Act 8:21,G2588,heart,heart,"M65:Speech & Tongue,M62:Truth & Sincerity","G3056 (matter),G2117 (right)","You have neither part nor lot in this matter, for your heart is not right before God."
Act 8:22,G2588,heart,heart,"M11:Turning & Repentance,M58:Wickedness,M42:Prayer & Petition,M15:Knowing & Understanding,M60:Confession & Forgiveness","G3340 (Repent),G2549 (wickedness),G1189 (pray),G1963 (intent),G0863H (forgiven)","Repent, therefore, of this wickedness of yours, and pray to the Lord that, if possible, the intent of your heart may be forgiven you."
Act 8:39,G4151G,spirit/breath: spirit,Spirit,"M24:Faintness & Despair,M04:Joy & Gladness","G0726 (away),G5463 (rejoicing)","And when they came up out of the water, the Spirit of the Lord carried Philip away, and the eunuch saw him no more, and went on his way rejoicing."
Act 8:7,G4151G,spirit/breath: spirit,spirits,"M10c:Defilement,M42:Prayer & Petition,M36:Worship & Service","G0169 (unclean),G0994 (crying out),G2323 (healed)","For unclean spirits, crying out with a loud voice, came out of many who had them, and many who were paralyzed or lame were healed."
Act 9:17,G4151G,spirit/breath: spirit,Spirit,"M14:Deceit & Falsehood,M61:Purity & Holiness","G0080 (Brother),G0040G (Holy)","So Ananias departed and entered the house. And laying his hands on him he said, “ Brother Saul, the Lord Jesus who appeared to you on the road by which you came has sent me so that you may regain your sight and be filled with the Holy Spirit.”"
Act 9:31,G4151G,spirit/breath: spirit,Spirit,"M44:Covenant & Fellowship,M33:Rest & Peace,M52:Encouragement,M01:Fear & Awe,M61:Purity & Holiness","G1577 (church),G1515 (peace),G3618 (built up),G5401 (fear),G3874 (comfort),G0040G (Holy)","So the church throughout all Judea and Galilee and Samaria had peace and was being built up. And walking in the fear of the Lord and in the comfort of the Holy Spirit, it multiplied."
Amo 2:14,H5315H,soul: life,life,"M19:Trust & Refuge,M23:Strength & Courage","H4498 (Flight),H2389 (strong),H0553 (retain),H3581B (strength)","Flight shall perish from the swift, and the strong shall not retain his strength, nor shall the mighty save his life;"
Amo 2:16,H3820A,heart,heart,"M23:Strength & Courage,M42:Prayer & Petition","H0533 (heart),H5002 (declares)","and he who is stout of heart among the mighty shall flee away naked in that day,” declares the Lord."
Amo 4:13,H7307H,spirit: breath,wind,"M65:Speech & Tongue,M15:Knowing & Understanding,M72:Authority & Dominion","H5046 (declares),H7808 (thought),H6635B (hosts)","For behold, he who forms the mountains and creates the wind, and declares to man what is his thought, who makes the morning darkness, and treads on the heights of the earth — the Lord, the God of hosts, is his name!"
Amo 6:8,H5315I,soul: myself,himself,"M42:Prayer & Petition,M72:Authority & Dominion,M06:Malice & Enmity,M08:Pride & Arrogance","H5002 (declares),H6635B (hosts),H8374 (abhor),H1347 (pride),H8130 (hate)","The Lord God has sworn by himself, declares the Lord, the God of hosts: “I abhor the pride of Jacob and hate his strongholds, and I will deliver up the city and all that is in it.”"
Col 1:22,G4561,flesh,flesh,"M59:Release & Reconciliation,M61:Purity & Holiness,M12:Righteousness & Integrity","G0604 (reconciled),G0040G (holy),G0299 (blameless)","he has now reconciled in his body of flesh by his death, in order to present you holy and blameless and above reproach before him,"
Col 1:24,G4561,flesh,flesh,"M04:Joy & Gladness,M24:Faintness & Despair,M44:Covenant & Fellowship","G5463 (rejoice),G3804 (sufferings),G2347 (afflictions),G1577 (church)","Now I rejoice in my sufferings for your sake, and in my flesh I am filling up what is lacking in Christ’s afflictions for the sake of his body, that is, the church,"
Col 1:8,G4151G,spirit/breath: spirit,Spirit,M51:Love & Devotion,G0026 (love),and has made known to us your love in the Spirit.
Col 1:9,G4152,spiritual,spiritual,"M42:Prayer & Petition,M21:Fasting & Piety,M15:Knowing & Understanding,M18:Desire & Longing,M16:Wisdom & Folly","G4336 (pray),G0154 (asking),G1922 (knowledge),G2307 (will),G4678 (wisdom),G4907 (understanding)","And so, from the day we heard, we have not ceased to pray for you, asking that you may be filled with the knowledge of his will in all spiritual wisdom and understanding,"
Col 2:1,G4561,flesh,face,"M18:Desire & Longing,M15:Knowing & Understanding,M10:Violence & Cruelty","G2309 (want),G6063 (know),G0073 (struggle)","For I want you to know how great a struggle I have for you and for those at Laodicea and for all who have not seen me face to face,"
Col 2:11,G4561,flesh,flesh,M32:Covenant,"G4059 (circumcised),G4061 (circumcision)","In him also you were circumcised with a circumcision made without hands, by putting off the body of the flesh, by the circumcision of Christ,"
Col 2:13,G4561,flesh,flesh,"M56:Sin & Guilt,M32:Covenant,M25:Life & Death,M50:Grace & Mercy","G3900 (trespasses),G0203 (uncircumcision),G4806 (made alive together),G5483 (forgiven)","And you, who were dead in your trespasses and the uncircumcision of your flesh, God made alive together with him, having forgiven us all our trespasses,"
Col 2:18,G4561,flesh,sensuous,"M18:Desire & Longing,M09:Humility & Lowliness,M31:Faith,M08:Pride & Arrogance,M15:Knowing & Understanding","G2309 (insisting),G5012 (asceticism),G2356 (worship),G5448 (puffed up),G3563 (mind)","Let no one disqualify you, insisting on asceticism and worship of angels, going on in detail about visions, puffed up without reason by his sensuous mind,"
Col 2:2,G2588,heart,hearts,"M42:Prayer & Petition,M51:Love & Devotion,M46:Wealth & Riches,M15:Knowing & Understanding","G3870 (encouraged),G0026 (love),G4149 (riches),G4907 (understanding),G1922 (knowledge)","that their hearts may be encouraged, being knit together in love, to reach all the riches of full assurance of understanding and the knowledge of God’s mystery, which is Christ,"
Col 2:23,G4561,flesh,flesh,"M65:Speech & Tongue,M16:Wisdom & Folly,M31:Faith,M09:Humility & Lowliness,M71:Glory & Splendor","G3056 (appearance),G4678 (wisdom),G1479 (self-made religion),G5012 (asceticism),G5092 (value)","These have indeed an appearance of wisdom in promoting self-made religion and asceticism and severity to the body, but they are of no value in stopping the indulgence of the flesh."
Col 2:5,G4561,flesh,body,"M04:Joy & Gladness,M23:Strength & Courage,M13:Faith & Faithfulness","G5463 (rejoicing),G4733 (firmness),G4102G (faith)","For though I am absent in body, yet I am with you in spirit, rejoicing to see your good order and the firmness of your faith in Christ."
Col 2:5,G4151G,spirit/breath: spirit,spirit,"M04:Joy & Gladness,M23:Strength & Courage,M13:Faith & Faithfulness","G5463 (rejoicing),G4733 (firmness),G4102G (faith)","For though I am absent in body, yet I am with you in spirit, rejoicing to see your good order and the firmness of your faith in Christ."
Col 3:15,G2588,heart,hearts,"M33:Rest & Peace,M72:Authority & Dominion,M42:Prayer & Petition,M49:Thanksgiving","G1515 (peace),G1018 (rule),G2564G (called),G2170 (thankful)","And let the peace of Christ rule in your hearts, to which indeed you were called in one body. And be thankful."
Col 3:16,G4152,spiritual,spiritual,"M65:Speech & Tongue,M46:Wealth & Riches,M15:Knowing & Understanding,M16:Wisdom & Folly,M22:Praise & Song,M50:Grace & Mercy","G3056 (word),G4146 (richly),G1321 (teaching),G4678 (wisdom),G0103 (singing),G5603 (songs),G5485 (thankfulness)","Let the word of Christ dwell in you richly, teaching and admonishing one another in all wisdom, singing psalms and hymns and spiritual songs, with thankfulness in your hearts to God."
Col 3:16,G2588,heart,hearts,"M65:Speech & Tongue,M46:Wealth & Riches,M15:Knowing & Understanding,M16:Wisdom & Folly,M22:Praise & Song,M50:Grace & Mercy","G3056 (word),G4146 (richly),G1321 (teaching),G4678 (wisdom),G0103 (singing),G5603 (songs),G5485 (thankfulness)","Let the word of Christ dwell in you richly, teaching and admonishing one another in all wisdom, singing psalms and hymns and spiritual songs, with thankfulness in your hearts to God."
Col 3:22,G4561,flesh,earthly,"M78:Slavery & Bondage,M54:Torah & Obedience,M72:Authority & Dominion,M05:Kindness & Friendship,M01:Fear & Awe","G1401 (Bondservants),G5219 (obey),G2962H (masters),G0572 (sincerity),G5399 (fearing)","Bondservants, obey in everything those who are your earthly masters, not by way of eye-service, as people-pleasers, but with sincerity of heart, fearing the Lord."
Col 3:22,G2588,heart,heart,"M78:Slavery & Bondage,M54:Torah & Obedience,M72:Authority & Dominion,M05:Kindness & Friendship,M01:Fear & Awe","G1401 (Bondservants),G5219 (obey),G2962H (masters),G0572 (sincerity),G5399 (fearing)","Bondservants, obey in everything those who are your earthly masters, not by way of eye-service, as people-pleasers, but with sincerity of heart, fearing the Lord."
Col 4:8,G2588,heart,hearts,"M15:Knowing & Understanding,M42:Prayer & Petition","G1097 (know),G3870 (encourage)","I have sent him to you for this very purpose, that you may know how we are and that he may encourage your hearts,"
Dan 10:12,H3820A,heart,heart,"M01:Fear & Awe,M15:Knowing & Understanding,M24:Faintness & Despair,M65:Speech & Tongue,M41:Being Heard","H3372G (Fear),H0995 (understand),H6031B (humbled),H1697G (words),H8085G (heard)","Then he said to me, “ Fear not, Daniel, for from the first day that you set your heart to understand and humbled yourself before your God, your words have been heard, and I have come because of your words."
Dan 10:3,H1320,flesh,meat,M28:Envy & Greed,H2532B (delicacies),"I ate no delicacies, no meat or wine entered my mouth, nor did I anoint myself at all, for the full three weeks."
Dan 11:12,H3824,heart,heart,"M22:Praise & Song,M23:Strength & Courage","H7311A (exalted),H5810 (prevail)","And when the multitude is taken away, his heart shall be exalted, and he shall cast down tens of thousands, but he shall not prevail."
Dan 11:25,H3824,heart,heart,"M25:Life & Death,M23:Strength & Courage,M72:Authority & Dominion,M10:Violence & Cruelty,M06:Malice & Enmity,M64:Will & Resolve","H5782 (up),H3581B (power),H4428G (king),H2428A (army),H4421 (war),H6099 (mighty),H4284 (plots),H2803I (devised)","And he shall stir up his power and his heart against the king of the south with a great army. And the king of the south shall wage war with an exceedingly great and mighty army, but he shall not stand, for plots shall be devised against him."
Dan 11:27,H3824,heart,hearts,"M72:Authority & Dominion,M58:Wickedness,M42:Prayer & Petition,M14:Deceit & Falsehood,M46:Wealth & Riches","H4428G (kings),H4827 (doing evil),H1696G (speak),H3577 (lies),H6743B (avail)","And as for the two kings, their hearts shall be bent on doing evil. They shall speak lies at the same table, but to no avail, for the end is yet to be at the time appointed."
Dan 11:28,H3824,heart,heart,"M61:Purity & Holiness,M44:Covenant & Fellowship","H6944G (holy),H1285 (covenant)","And he shall return to his land with great wealth, but his heart shall be set against the holy covenant. And he shall work his will and return to his own land."
Dan 11:4,H7307H,spirit: breath,winds,"M72:Authority & Dominion,M24:Faintness & Despair","H4438 (kingdom),H7665 (broken),H4915B (authority),H4910 (ruled)","And as soon as he has arisen, his kingdom shall be broken and divided toward the four winds of heaven, but not to his posterity, nor according to the authority with which he ruled, for his kingdom shall be plucked up and go to others besides these."
Dan 1:15,H1320,flesh,flesh,"M18:Desire & Longing,M72:Authority & Dominion","H2896A (better),H4428G (king’s)",At the end of ten days it was seen that they were better in appearance and fatter in flesh than all the youths who ate the king’s food.
Dan 1:8,H3820A,heart,resolved,"M10c:Defilement,M72:Authority & Dominion,M83:Seeking & Inquiring","H1351 (defile),H4428G (king’s),H1245 (asked),H8269 (chief),H1351 (defile himself)","But Daniel resolved that he would not defile himself with the king’s food, or with the wine that he drank. Therefore he asked the chief of the eunuchs to allow him not to defile himself."
Dan 2:1,H7307G,spirit,spirit,"M72:Authority & Dominion,M03:Grief & Lament","H4438 (reign),H6470 (troubled)","In the second year of the reign of Nebuchadnezzar, Nebuchadnezzar had dreams; his spirit was troubled, and his sleep left him."
Dan 2:11,H1321,flesh,flesh,"M65:Speech & Tongue,M72:Authority & Dominion,M21:Fasting & Piety,M05:Kindness & Friendship","H4406 (thing),H4430 (king),H7593 (asks),H2324 (show)","The thing that the king asks is difficult, and no one can show it to the king except the gods, whose dwelling is not with flesh.”"
Dan 2:3,H7307G,spirit,spirit,"M72:Authority & Dominion,M03:Grief & Lament,M15:Knowing & Understanding","H4428G (king),H6470 (troubled),H3045 (know)","And the king said to them, “I had a dream, and my spirit is troubled to know the dream.”"
Dan 2:30,H3825,heart,mind,"M16:Wisdom & Folly,M63:Reasoning & Interpretation,M15:Knowing & Understanding,M72:Authority & Dominion","H2452 (wisdom),H1701 (order),H6591 (interpretation),H3046 (known),H4430 (king),H3046 (know),H7476 (thoughts)","But as for me, this mystery has been revealed to me, not because of any wisdom that I have more than all the living, but in order that the interpretation may be made known to the king, and that you may know the thoughts of your mind."
Dan 4:16,H3825,heart,mind,M45:Renewal & Transformation,H8133 (changed),"Let his mind be changed from a man’s, and let a beast’s mind be given to him; and let seven periods of time pass over him."
Dan 4:16,H3825,heart,mind,M45:Renewal & Transformation,H8133 (changed),"Let his mind be changed from a man’s, and let a beast’s mind be given to him; and let seven periods of time pass over him."
Dan 4:18,H7308,spirit,spirit,"M72:Authority & Dominion,M63:Reasoning & Interpretation,M16:Wisdom & Folly,M15:Knowing & Understanding,M61:Purity & Holiness","H4430 (King),H6591 (interpretation),H2445 (wise),H4437 (kingdom),H3046 (make known),H6922 (holy)","This dream I, King Nebuchadnezzar, saw. And you, O Belteshazzar, tell me the interpretation, because all the wise men of my kingdom are not able to make known to me the interpretation, but you are able, for the spirit of the holy gods is in you.”"
Dan 4:8,H7308,spirit,spirit,M61:Purity & Holiness,H6922 (holy),"At last Daniel came in before me—he who was named Belteshazzar after the name of my god, and in whom is the spirit of the holy gods —and I told him the dream, saying,"
Dan 4:9,H7308,spirit,spirit,"M15:Knowing & Understanding,M61:Purity & Holiness,M63:Reasoning & Interpretation","H3046 (know),H6922 (holy),H6591 (interpretation)","“O Belteshazzar, chief of the magicians, because I know that the spirit of the holy gods is in you and that no mystery is too difficult for you, tell me the visions of my dream that I saw and their interpretation."
Dan 5:11,H7308,spirit,spirit,"M72:Authority & Dominion,M61:Purity & Holiness,M43:Prophecy & Vision,M16:Wisdom & Folly","H4437 (kingdom),H6922 (holy),H7924 (understanding),H2452 (wisdom),H4430 (King),H4430 (king)","There is a man in your kingdom in whom is the spirit of the holy gods. In the days of your father, light and understanding and wisdom like the wisdom of the gods were found in him, and King Nebuchadnezzar, your father —your father the king — made him chief of the magicians, enchanters, Chaldeans, and astrologers,"
Dan 5:12,H7308,spirit,spirit,"M15:Knowing & Understanding,M43:Prophecy & Vision,M63:Reasoning & Interpretation,M72:Authority & Dominion,M37:Firstborn & Foreknowledge,M05:Kindness & Friendship","H4486 (knowledge),H7924 (understanding),H6590 (interpret),H0263 (explain),H4430 (king),H7123 (called),H2324 (show),H6591 (interpretation)","because an excellent spirit, knowledge, and understanding to interpret dreams, explain riddles, and solve problems were found in this Daniel, whom the king named Belteshazzar. Now let Daniel be called, and he will show the interpretation.”"
Dan 5:14,H7308,spirit,spirit,"M43:Prophecy & Vision,M16:Wisdom & Folly","H7924 (understanding),H2452 (wisdom)","I have heard of you that the spirit of the gods is in you, and that light and understanding and excellent wisdom are found in you."
Dan 5:20,H3825,heart,heart,"M23:Strength & Courage,M08:Pride & Arrogance,M72:Authority & Dominion,M71:Glory & Splendor","H8631 (hardened),H2103 (dealt proudly),H4437 (kingly),H3367 (glory)","But when his heart was lifted up and his spirit was hardened so that he dealt proudly, he was brought down from his kingly throne, and his glory was taken from him."
Dan 5:20,H7308,spirit,spirit,"M23:Strength & Courage,M08:Pride & Arrogance,M72:Authority & Dominion,M71:Glory & Splendor","H8631 (hardened),H2103 (dealt proudly),H4437 (kingly),H3367 (glory)","But when his heart was lifted up and his spirit was hardened so that he dealt proudly, he was brought down from his kingly throne, and his glory was taken from him."
Dan 5:21,H3825,heart,mind,"M15:Knowing & Understanding,M72:Authority & Dominion,M64:Will & Resolve","H3046 (knew),H5943 (Most High),H7990 (rules),H4437 (kingdom),H6634 (he will)","He was driven from among the children of mankind, and his mind was made like that of a beast, and his dwelling was with the wild donkeys. He was fed grass like an ox, and his body was wet with the dew of heaven, until he knew that the Most High God rules the kingdom of mankind and sets over it whom he will."
Dan 5:22,H3825,heart,heart,"M09:Humility & Lowliness,M15:Knowing & Understanding","H8214 (humbled),H3046 (knew)","And you his son, Belshazzar, have not humbled your heart, though you knew all this,"
Dan 6:3,H7308,spirit,spirit,"M72:Authority & Dominion,M64:Will & Resolve","H4430 (king),H6246 (planned),H4437 (kingdom)","Then this Daniel became distinguished above all the other high officials and satraps, because an excellent spirit was in him. And the king planned to set him over the whole kingdom."
Dan 7:15,H7308,spirit,spirit,M24:Faintness & Despair,"H3735 (anxious),H0927 (alarmed)","“As for me, Daniel, my spirit within me was anxious, and the visions of my head alarmed me."
Dan 7:2,H7308,spirit,winds,"M41:Being Heard,M34:Patience & Perseverance","H6032 (Daniel),H1519 (stirring up)","Daniel declared, “I saw in my vision by night, and behold, the four winds of heaven were stirring up the great sea."
Dan 7:28,H3821,heart,heart,"M65:Speech & Tongue,M15:Knowing & Understanding,M24:Faintness & Despair,M71:Glory & Splendor,M45:Renewal & Transformation,M74:Keeping & Guarding","H4406 (matter),H7476 (thoughts),H0927 (alarmed),H2122 (color),H8133 (changed),H5202 (kept)","“ Here is the end of the matter. As for me, Daniel, my thoughts greatly alarmed me, and my color changed, but I kept the matter in my heart.”"
Dan 8:25,H3824,heart,mind,"M15:Knowing & Understanding,M14:Deceit & Falsehood,M46:Wealth & Riches,M72:Authority & Dominion,M22:Praise & Song,M55:Destruction & Ruin,M24:Faintness & Despair","H7922 (cunning),H4820 (deceit),H6743B (prosper),H3027H (hand),H1431 (great),H7843 (destroy),H8269 (Prince),H8269 (princes),H7665 (broken)","By his cunning he shall make deceit prosper under his hand, and in his own mind he shall become great. Without warning he shall destroy many. And he shall even rise up against the Prince of princes, and he shall be broken —but by no human hand."
Dan 8:8,H7307H,spirit: breath,winds,"M22:Praise & Song,M24:Faintness & Despair","H1431 (great),H7665 (broken)","Then the goat became exceedingly great, but when he was strong, the great horn was broken, and instead of it there came up four conspicuous horns toward the four winds of heaven."
Deu 10:12,H3824,heart,heart,"M21:Fasting & Piety,M01:Fear & Awe,M76:Walk & Conduct,M51:Love & Devotion,M36:Worship & Service","H7592 (require),H3372H (fear),H1870G (ways),H0157G (love),H5647G (serve)","“And now, Israel, what does the Lord your God require of you, but to fear the Lord your God, to walk in all his ways, to love him, to serve the Lord your God with all your heart and with all your soul,"
Deu 10:12,H5315G,soul,soul,"M21:Fasting & Piety,M01:Fear & Awe,M76:Walk & Conduct,M51:Love & Devotion,M36:Worship & Service","H7592 (require),H3372H (fear),H1870G (ways),H0157G (love),H5647G (serve)","“And now, Israel, what does the Lord your God require of you, but to fear the Lord your God, to walk in all his ways, to love him, to serve the Lord your God with all your heart and with all your soul,"
Deu 10:16,H3824,heart,heart,M32:Covenant,"H4135A (Circumcise),H6190H (foreskin)","Circumcise therefore the foreskin of your heart, and be no longer stubborn."
Deu 10:22,H5315J,soul: person,persons,M46:Wealth & Riches,H7230 (numerous),"Your fathers went down to Egypt seventy persons, and now the Lord your God has made you as numerous as the stars of heaven."
Deu 11:13,H3824,heart,heart,"M41:Being Heard,M54:Torah & Obedience,M51:Love & Devotion,M36:Worship & Service","H8085H (indeed),H8085H (obey),H4687 (commandments),H0157G (love),H5647G (serve)","“And if you will indeed obey my commandments that I command you today, to love the Lord your God, and to serve him with all your heart and with all your soul,"
Deu 11:13,H5315G,soul,soul,"M41:Being Heard,M54:Torah & Obedience,M51:Love & Devotion,M36:Worship & Service","H8085H (indeed),H8085H (obey),H4687 (commandments),H0157G (love),H5647G (serve)","“And if you will indeed obey my commandments that I command you today, to love the Lord your God, and to serve him with all your heart and with all your soul,"
Deu 11:16,H3824,heart,heart,"M74:Keeping & Guarding,M77:Stumbling & Trial,M11:Turning & Repentance,M36:Worship & Service","H8104J (Take care),H6601B (deceived),H5493I (turn aside),H5647H (serve)","Take care lest your heart be deceived, and you turn aside and serve other gods and worship them;"
Deu 11:18,H3824,heart,heart,"M65:Speech & Tongue,M43:Prophecy & Vision","H1697G (words),H0226H (sign)","“You shall therefore lay up these words of mine in your heart and in your soul, and you shall bind them as a sign on your hand, and they shall be as frontlets between your eyes."
Deu 11:18,H5315G,soul,soul,"M65:Speech & Tongue,M43:Prophecy & Vision","H1697G (words),H0226H (sign)","“You shall therefore lay up these words of mine in your heart and in your soul, and you shall bind them as a sign on your hand, and they shall be as frontlets between your eyes."
Deu 12:15,H1320,flesh,meat,"M18:Desire & Longing,M80:Blessing,M10c:Defilement,M12:Righteousness & Integrity","H0185 (desire),H1293 (blessing),H2931 (unclean),H2889 (clean)","“ However, you may slaughter and eat meat within any of your towns, as much as you desire, according to the blessing of the Lord your God that he has given you. The unclean and the clean may eat of it, as of the gazelle and as of the deer."
Deu 12:15,H5315I,soul: myself,you,"M18:Desire & Longing,M80:Blessing,M10c:Defilement,M12:Righteousness & Integrity","H0185 (desire),H1293 (blessing),H2931 (unclean),H2889 (clean)","“ However, you may slaughter and eat meat within any of your towns, as much as you desire, according to the blessing of the Lord your God that he has given you. The unclean and the clean may eat of it, as of the gazelle and as of the deer."
Deu 12:20,H1320,flesh,meat,"M23:Strength & Courage,M42:Prayer & Petition,M18:Desire & Longing","H7337 (enlarges),H1696I (promised),H0183 (crave),H0185 (desire)","“ When the Lord your God enlarges your territory, as he has promised you, and you say, ‘I will eat meat,’ because you crave meat, you may eat meat whenever you desire."
Deu 12:20,H5315L,soul: appetite,crave,"M23:Strength & Courage,M42:Prayer & Petition,M18:Desire & Longing","H7337 (enlarges),H1696I (promised),H0183 (crave),H0185 (desire)","“ When the Lord your God enlarges your territory, as he has promised you, and you say, ‘I will eat meat,’ because you crave meat, you may eat meat whenever you desire."
Deu 12:20,H1320,flesh,meat,"M23:Strength & Courage,M42:Prayer & Petition,M18:Desire & Longing","H7337 (enlarges),H1696I (promised),H0183 (crave),H0185 (desire)","“ When the Lord your God enlarges your territory, as he has promised you, and you say, ‘I will eat meat,’ because you crave meat, you may eat meat whenever you desire."
Deu 12:20,H1320,flesh,meat,"M23:Strength & Courage,M42:Prayer & Petition,M18:Desire & Longing","H7337 (enlarges),H1696I (promised),H0183 (crave),H0185 (desire)","“ When the Lord your God enlarges your territory, as he has promised you, and you say, ‘I will eat meat,’ because you crave meat, you may eat meat whenever you desire."
Deu 12:20,H5315L,soul: appetite,you,"M23:Strength & Courage,M42:Prayer & Petition,M18:Desire & Longing","H7337 (enlarges),H1696I (promised),H0183 (crave),H0185 (desire)","“ When the Lord your God enlarges your territory, as he has promised you, and you say, ‘I will eat meat,’ because you crave meat, you may eat meat whenever you desire."
Deu 12:21,H5315I,soul: myself,you,"M64:Will & Resolve,M18:Desire & Longing","H0977 (choose),H0185 (desire)","If the place that the Lord your God will choose to put his name there is too far from you, then you may kill any of your herd or your flock, which the Lord has given you, as I have commanded you, and you may eat within your towns whenever you desire."
Deu 12:23,H5315H,soul: life,life,M23:Strength & Courage,H2388I (sure),"Only be sure that you do not eat the blood, for the blood is the life, and you shall not eat the life with the flesh."
Deu 12:23,H5315H,soul: life,life,M23:Strength & Courage,H2388I (sure),"Only be sure that you do not eat the blood, for the blood is the life, and you shall not eat the life with the flesh."
Deu 12:23,H1320,flesh,flesh,M23:Strength & Courage,H2388I (sure),"Only be sure that you do not eat the blood, for the blood is the life, and you shall not eat the life with the flesh."
Deu 12:27,H1320,flesh,flesh,M36:Worship & Service,H5930A (burnt offerings),"and offer your burnt offerings, the flesh and the blood, on the altar of the Lord your God. The blood of your sacrifices shall be poured out on the altar of the Lord your God, but the flesh you may eat."
Deu 12:27,H1320,flesh,flesh,M36:Worship & Service,H5930A (burnt offerings),"and offer your burnt offerings, the flesh and the blood, on the altar of the Lord your God. The blood of your sacrifices shall be poured out on the altar of the Lord your God, but the flesh you may eat."
Deu 13:3,H3824,heart,heart,"M41:Being Heard,M65:Speech & Tongue,M43:Prophecy & Vision,M35:Being Tested,M15:Knowing & Understanding,M51:Love & Devotion","H8085G (listen),H1697G (words),H5030 (prophet),H5254G (testing),H3045 (know),H0157G (love)","you shall not listen to the words of that prophet or that dreamer of dreams. For the Lord your God is testing you, to know whether you love the Lord your God with all your heart and with all your soul."
Deu 13:3,H5315G,soul,soul,"M41:Being Heard,M65:Speech & Tongue,M43:Prophecy & Vision,M35:Being Tested,M15:Knowing & Understanding,M51:Love & Devotion","H8085G (listen),H1697G (words),H5030 (prophet),H5254G (testing),H3045 (know),H0157G (love)","you shall not listen to the words of that prophet or that dreamer of dreams. For the Lord your God is testing you, to know whether you love the Lord your God with all your heart and with all your soul."
Deu 13:6,H2436G,bosom: embrace,embrace,"M36:Worship & Service,M15:Knowing & Understanding","H5647H (serve),H3045 (known)","“ If your brother, the son of your mother, or your son or your daughter or the wife you embrace or your friend who is as your own soul entices you secretly, saying, ‘Let us go and serve other gods,’ which neither you nor your fathers have known,"
Deu 13:6,H5315G,soul,soul,"M36:Worship & Service,M15:Knowing & Understanding","H5647H (serve),H3045 (known)","“ If your brother, the son of your mother, or your son or your daughter or the wife you embrace or your friend who is as your own soul entices you secretly, saying, ‘Let us go and serve other gods,’ which neither you nor your fathers have known,"
Deu 14:26,H5315I,soul: myself,you,"M18:Desire & Longing,M21:Fasting & Piety,M04:Joy & Gladness","H0183 (desire),H7592 (craves),H8055 (rejoice)","and spend the money for whatever you desire — oxen or sheep or wine or strong drink, whatever your appetite craves. And you shall eat there before the Lord your God and rejoice, you and your household."
Deu 14:26,H5315L,soul: appetite,appetite,"M18:Desire & Longing,M21:Fasting & Piety,M04:Joy & Gladness","H0183 (desire),H7592 (craves),H8055 (rejoice)","and spend the money for whatever you desire — oxen or sheep or wine or strong drink, whatever your appetite craves. And you shall eat there before the Lord your God and rejoice, you and your household."
Deu 14:8,H1320,flesh,flesh,M10c:Defilement,H2931 (unclean),"And the pig, because it parts the hoof but does not chew the cud, is unclean for you. Their flesh you shall not eat, and their carcasses you shall not touch."
Deu 15:10,H3824,heart,heart,"M58:Wickedness,M80:Blessing","H7489A (grudging),H1288 (bless)","You shall give to him freely, and your heart shall not be grudging when you give to him, because for this the Lord your God will bless you in all your work and in all that you undertake."
Deu 15:7,H3824,heart,heart,"M09:Humility & Lowliness,M23:Strength & Courage","H0034 (poor),H0553 (harden)","“ If among you, one of your brothers should become poor, in any of your towns within your land that the Lord your God is giving you, you shall not harden your heart or shut your hand against your poor brother,"
Deu 15:9,H3824,heart,heart,"M74:Keeping & Guarding,M65:Speech & Tongue,M58:Wickedness,M09:Humility & Lowliness,M42:Prayer & Petition,M56:Sin & Guilt","H8104J (Take care),H1697G (thought),H7489A (look grudgingly),H0034 (poor),H7121G (cry),H2399 (sin)","Take care lest there be an unworthy thought in your heart and you say, ‘The seventh year, the year of release is near,’ and your eye look grudgingly on your poor brother, and you give him nothing, and he cry to the Lord against you, and you be guilty of sin."
Deu 17:17,H3824,heart,heart,"M23:Strength & Courage,M11:Turning & Repentance","H7235A (acquire many),H5493I (turn),H7235A (excessive)","And he shall not acquire many wives for himself, lest his heart turn away, nor shall he acquire for himself excessive silver and gold."
Deu 17:20,H3824,heart,heart,"M22:Praise & Song,M11:Turning & Repentance,M54:Torah & Obedience,M25:Life & Death,M72:Authority & Dominion","H7311A (lifted up),H5493I (turn aside),H4687 (commandment),H0748 (long),H4467 (kingdom)","that his heart may not be lifted up above his brothers, and that he may not turn aside from the commandment, either to the right hand or to the left, so that he may continue long in his kingdom, he and his children, in Israel."
Deu 18:21,H3824,heart,heart,"M15:Knowing & Understanding,M65:Speech & Tongue,M42:Prayer & Petition","H3045 (know),H1697G (word),H1696G (spoken)","And if you say in your heart, ‘ How may we know the word that the Lord has not spoken?’—"
Deu 18:6,H5315L,soul: appetite,desires,"M18:Desire & Longing,M64:Will & Resolve","H0185 (desires),H0977 (choose)","“And if a Levite comes from any of your towns out of all Israel, where he lives —and he may come when he desires — to the place that the Lord will choose,"
Deu 19:11,H5315H,soul: life,fatally,M06:Malice & Enmity,H8130 (hates),"“But if anyone hates his neighbor and lies in wait for him and attacks him and strikes him fatally so that he dies, and he flees into one of these cities,"
Deu 19:21,H5315H,soul: life,life,M50:Grace & Mercy,H2347 (pity),"Your eye shall not pity. It shall be life for life, eye for eye, tooth for tooth, hand for hand, foot for foot."
Deu 19:21,H5315H,soul: life,life,M50:Grace & Mercy,H2347 (pity),"Your eye shall not pity. It shall be life for life, eye for eye, tooth for tooth, hand for hand, foot for foot."
Deu 19:6,H3824,heart,anger,"M79:Salvation & Ransom,M23:Strength & Courage,M12:Righteousness & Integrity,M06:Malice & Enmity","H1350H (avenger),H7235A (long),H4941G (deserve),H8130 (hated)","lest the avenger of blood in hot anger pursue the manslayer and overtake him, because the way is long, and strike him fatally, though the man did not deserve to die, since he had not hated his neighbor in the past."
Deu 19:6,H5315I,soul: myself,him,"M79:Salvation & Ransom,M23:Strength & Courage,M12:Righteousness & Integrity,M06:Malice & Enmity","H1350H (avenger),H7235A (long),H4941G (deserve),H8130 (hated)","lest the avenger of blood in hot anger pursue the manslayer and overtake him, because the way is long, and strike him fatally, though the man did not deserve to die, since he had not hated his neighbor in the past."
Deu 1:28,H3824,heart,hearts,M22:Praise & Song,H7311A (taller),"Where are we going up? Our brothers have made our hearts melt, saying, “The people are greater and taller than we. The cities are great and fortified up to heaven. And besides, we have seen the sons of the Anakim there.”’"
Deu 20:3,H3824,heart,heart,"M41:Being Heard,M10:Violence & Cruelty,M06:Malice & Enmity,M05:Kindness & Friendship,M01:Fear & Awe","H8085G (Hear),H4421 (battle),H0341 (enemies),H7401 (faint),H3372G (fear),H6206 (dread)","and shall say to them, ‘ Hear, O Israel, today you are drawing near for battle against your enemies: let not your heart faint. Do not fear or panic or be in dread of them,"
Deu 20:8,H3824,heart,fainthearted,"M42:Prayer & Petition,M01:Fear & Awe,M05:Kindness & Friendship","H1696G (speak),H3373 (fearful),H7390 (fainthearted)","And the officers shall speak further to the people, and say, ‘ Is there any man who is fearful and fainthearted? Let him go back to his house, lest he make the heart of his fellows melt like his own.’"
Deu 20:8,H3824,heart,heart,"M42:Prayer & Petition,M01:Fear & Awe,M05:Kindness & Friendship","H1696G (speak),H3373 (fearful),H7390 (fainthearted)","And the officers shall speak further to the people, and say, ‘ Is there any man who is fearful and fainthearted? Let him go back to his house, lest he make the heart of his fellows melt like his own.’"
Deu 20:8,H3824,heart,own,"M42:Prayer & Petition,M01:Fear & Awe,M05:Kindness & Friendship","H1696G (speak),H3373 (fearful),H7390 (fainthearted)","And the officers shall speak further to the people, and say, ‘ Is there any man who is fearful and fainthearted? Let him go back to his house, lest he make the heart of his fellows melt like his own.’"
Deu 21:14,H5315L,soul: appetite,wants,"M18:Desire & Longing,M24:Faintness & Despair","H2654A (delight),H6031B (humiliated her)","But if you no longer delight in her, you shall let her go where she wants. But you shall not sell her for money, nor shall you treat her as a slave, since you have humiliated her."
Deu 22:26,H5315H,soul: life,murdering,"M65:Speech & Tongue,M56:Sin & Guilt","H1697I (nothing),H2399 (offense)","But you shall do nothing to the young woman; she has committed no offense punishable by death. For this case is like that of a man attacking and murdering his neighbor,"
Deu 24:15,H5315L,soul: appetite,counts,"M24:Faintness & Despair,M42:Prayer & Petition,M56:Sin & Guilt","H6041 (poor),H7121G (cry),H2399 (sin)","You shall give him his wages on the same day, before the sun sets (for he is poor and counts on it), lest he cry against you to the Lord, and you be guilty of sin."
Deu 24:7,H5315J,soul: person,one,M58:Wickedness,H7451B (evil),"“ If a man is found stealing one of his brothers of the people of Israel, and if he treats him as a slave or sells him, then that thief shall die. So you shall purge the evil from your midst."
Deu 26:16,H3824,heart,heart,"M12:Righteousness & Integrity,M74:Keeping & Guarding","H4941G (rules),H8104J (careful)",“ This day the Lord your God commands you to do these statutes and rules. You shall therefore be careful to do them with all your heart and with all your soul.
Deu 26:16,H5315G,soul,soul,"M12:Righteousness & Integrity,M74:Keeping & Guarding","H4941G (rules),H8104J (careful)",“ This day the Lord your God commands you to do these statutes and rules. You shall therefore be careful to do them with all your heart and with all your soul.
Deu 27:25,H5315J,soul: person,blood,"M06:Malice & Enmity,M12:Righteousness & Integrity","H0779 (Cursed),H5355A (innocent)","“‘ Cursed be anyone who takes a bribe to shed innocent blood.’ And all the people shall say, ‘ Amen.’"
Deu 28:28,H3824,heart,mind,"M66:Madness & Recklessness,M01:Fear & Awe","H7697 (madness),H8541 (confusion)","The Lord will strike you with madness and blindness and confusion of mind,"
Deu 28:47,H3824,heart,heart,"M36:Worship & Service,M04:Joy & Gladness,M46:Wealth & Riches","H5647H (serve),H8057 (joyfulness),H7230 (abundance)","Because you did not serve the Lord your God with joyfulness and gladness of heart, because of the abundance of all things,"
Deu 28:53,H1320,flesh,flesh,"M24:Faintness & Despair,M06:Malice & Enmity","H4689 (distress),H0341 (enemies)","And you shall eat the fruit of your womb, the flesh of your sons and daughters, whom the Lord your God has given you, in the siege and in the distress with which your enemies shall distress you."
Deu 28:54,H2436G,bosom: embrace,embraces,"M05:Kindness & Friendship,M04:Joy & Gladness,M58:Wickedness","H7390 (most tender),H6028 (refined),H7489A (begrudge)","The man who is the most tender and refined among you will begrudge food to his brother, to the wife he embraces, and to the last of the children whom he has left,"
Deu 28:55,H1320,flesh,flesh,"M24:Faintness & Despair,M06:Malice & Enmity","H4689 (distress),H0341 (enemy)","so that he will not give to any of them any of the flesh of his children whom he is eating, because he has nothing else left, in the siege and in the distress with which your enemy shall distress you in all your towns."
Deu 28:56,H2436G,bosom: embrace,embraces,"M05:Kindness & Friendship,M04:Joy & Gladness,M35:Being Tested,M18:Desire & Longing,M58:Wickedness","H7390 (most tender),H6028 (refined),H5254H (venture),H6026 (delicate),H7391 (tender),H7489A (begrudge)","The most tender and refined woman among you, who would not venture to set the sole of her foot on the ground because she is so delicate and tender, will begrudge to the husband she embraces, to her son and to her daughter,"
Deu 28:65,H3820A,heart,heart,"M33:Rest & Peace,M01:Fear & Awe,M24:Faintness & Despair,M03:Grief & Lament","H7280B (respite),H4494 (resting place),H7268 (trembling),H3631 (failing),H1671 (languishing)","And among these nations you shall find no respite, and there shall be no resting place for the sole of your foot, but the Lord will give you there a trembling heart and failing eyes and a languishing soul."
Deu 28:65,H5315G,soul,soul,"M33:Rest & Peace,M01:Fear & Awe,M24:Faintness & Despair,M03:Grief & Lament","H7280B (respite),H4494 (resting place),H7268 (trembling),H3631 (failing),H1671 (languishing)","And among these nations you shall find no respite, and there shall be no resting place for the sole of your foot, but the Lord will give you there a trembling heart and failing eyes and a languishing soul."
Deu 28:67,H3824,heart,heart,M01:Fear & Awe,"H6343 (dread),H6342 (feel)","In the morning you shall say, ‘ If only it were evening!’ and at evening you shall say, ‘ If only it were morning!’ because of the dread that your heart shall feel, and the sights that your eyes shall see."
Deu 29:18,H3824,heart,heart,"M36:Worship & Service,M24:Faintness & Despair","H5647H (serve),H7219 (poisonous)","Beware lest there be among you a man or woman or clan or tribe whose heart is turning away today from the Lord our God to go and serve the gods of those nations. Beware lest there be among you a root bearing poisonous and bitter fruit,"
Deu 29:19,H3824,heart,heart,"M41:Being Heard,M65:Speech & Tongue,M80:Blessing,M33:Rest & Peace,M30:Rebellion & Stubbornness","H8085G (hears),H1697G (words),H1288 (blesses),H7965I (safe),H8307 (stubbornness)","one who, when he hears the words of this sworn covenant, blesses himself in his heart, saying, ‘I shall be safe, though I walk in the stubbornness of my heart.’ This will lead to the sweeping away of moist and dry alike."
Deu 29:19,H3820A,heart,heart,"M41:Being Heard,M65:Speech & Tongue,M80:Blessing,M33:Rest & Peace,M30:Rebellion & Stubbornness","H8085G (hears),H1697G (words),H1288 (blesses),H7965I (safe),H8307 (stubbornness)","one who, when he hears the words of this sworn covenant, blesses himself in his heart, saying, ‘I shall be safe, though I walk in the stubbornness of my heart.’ This will lead to the sweeping away of moist and dry alike."
Deu 29:4,H3820A,heart,heart,"M15:Knowing & Understanding,M41:Being Heard","H3045 (understand),H8085G (hear)",But to this day the Lord has not given you a heart to understand or eyes to see or ears to hear.
Deu 2:30,H7307G,spirit,spirit,"M72:Authority & Dominion,M30:Rebellion & Stubbornness,M23:Strength & Courage","H4428G (king),H0014 (would),H0553 (obstinate),H3027H (hand)","But Sihon the king of Heshbon would not let us pass by him, for the Lord your God hardened his spirit and made his heart obstinate, that he might give him into your hand, as he is this day."
Deu 2:30,H3824,heart,heart,"M72:Authority & Dominion,M30:Rebellion & Stubbornness,M23:Strength & Courage","H4428G (king),H0014 (would),H0553 (obstinate),H3027H (hand)","But Sihon the king of Heshbon would not let us pass by him, for the Lord your God hardened his spirit and made his heart obstinate, that he might give him into your hand, as he is this day."
Deu 30:1,H3824,heart,mind,"M65:Speech & Tongue,M80:Blessing,M07:Shame & Confusion,M81:Memory (act)","H1697I (things),H1293 (blessing),H7045 (curse),H7725N (call)","“And when all these things come upon you, the blessing and the curse, which I have set before you, and you call them to mind among all the nations where the Lord your God has driven you,"
Deu 30:10,H3824,heart,heart,"M41:Being Heard,M74:Keeping & Guarding,M54:Torah & Obedience","H8085H (obey),H8104G (keep),H4687 (commandments),H8451 (Law)","when you obey the voice of the Lord your God, to keep his commandments and his statutes that are written in this Book of the Law, when you turn to the Lord your God with all your heart and with all your soul."
Deu 30:10,H5315G,soul,soul,"M41:Being Heard,M74:Keeping & Guarding,M54:Torah & Obedience","H8085H (obey),H8104G (keep),H4687 (commandments),H8451 (Law)","when you obey the voice of the Lord your God, to keep his commandments and his statutes that are written in this Book of the Law, when you turn to the Lord your God with all your heart and with all your soul."
Deu 30:14,H3824,heart,heart,M65:Speech & Tongue,H1697G (word),"But the word is very near you. It is in your mouth and in your heart, so that you can do it."
Deu 30:17,H3824,heart,heart,"M41:Being Heard,M36:Worship & Service","H8085G (hear),H5647H (serve)","But if your heart turns away, and you will not hear, but are drawn away to worship other gods and serve them,"
Deu 30:2,H3824,heart,heart,M41:Being Heard,H8085H (obey),"and return to the Lord your God, you and your children, and obey his voice in all that I command you today, with all your heart and with all your soul,"
Deu 30:2,H5315G,soul,soul,M41:Being Heard,H8085H (obey),"and return to the Lord your God, you and your children, and obey his voice in all that I command you today, with all your heart and with all your soul,"
Deu 30:6,H3824,heart,heart,"M32:Covenant,M51:Love & Devotion,M25:Life & Death","H4135A (circumcise),H0157G (love),H2416E (live)","And the Lord your God will circumcise your heart and the heart of your offspring, so that you will love the Lord your God with all your heart and with all your soul, that you may live."
Deu 30:6,H3824,heart,heart,"M32:Covenant,M51:Love & Devotion,M25:Life & Death","H4135A (circumcise),H0157G (love),H2416E (live)","And the Lord your God will circumcise your heart and the heart of your offspring, so that you will love the Lord your God with all your heart and with all your soul, that you may live."
Deu 30:6,H3824,heart,heart,"M32:Covenant,M51:Love & Devotion,M25:Life & Death","H4135A (circumcise),H0157G (love),H2416E (live)","And the Lord your God will circumcise your heart and the heart of your offspring, so that you will love the Lord your God with all your heart and with all your soul, that you may live."
Deu 30:6,H5315G,soul,soul,"M32:Covenant,M51:Love & Devotion,M25:Life & Death","H4135A (circumcise),H0157G (love),H2416E (live)","And the Lord your God will circumcise your heart and the heart of your offspring, so that you will love the Lord your God with all your heart and with all your soul, that you may live."
Deu 32:42,H1320,flesh,flesh,M06:Malice & Enmity,H0341 (enemy),"I will make my arrows drunk with blood, and my sword shall devour flesh — with the blood of the slain and the captives, from the long-haired heads of the enemy.’"
Deu 32:46,H3824,heart,heart,"M15:Knowing & Understanding,M65:Speech & Tongue,M35:Being Tested,M74:Keeping & Guarding,M54:Torah & Obedience","H7760K (Take),H1697G (words),H5749B (warning),H8104J (careful),H8451 (law)","he said to them, “ Take to heart all the words by which I am warning you today, that you may command them to your children, that they may be careful to do all the words of this law."
Deu 34:9,H7307G,spirit,spirit,"M16:Wisdom & Folly,M70:Lifting & Bearing,M41:Being Heard","H2451 (wisdom),H5564 (laid),H8085H (obeyed)","And Joshua the son of Nun was full of the spirit of wisdom, for Moses had laid his hands on him. So the people of Israel obeyed him and did as the Lord had commanded Moses."
Deu 4:15,H5315I,soul: myself,yourselves,"M74:Keeping & Guarding,M42:Prayer & Petition","H8104H (watch),H1696G (spoke)","“Therefore watch yourselves very carefully. Since you saw no form on the day that the Lord spoke to you at Horeb out of the midst of the fire,"
Deu 4:29,H3824,heart,heart,M83:Seeking & Inquiring,"H1245 (seek),H1875 (search)","But from there you will seek the Lord your God and you will find him, if you search after him with all your heart and with all your soul."
Deu 4:29,H5315G,soul,soul,M83:Seeking & Inquiring,"H1245 (seek),H1875 (search)","But from there you will seek the Lord your God and you will find him, if you search after him with all your heart and with all your soul."
Deu 4:39,H3824,heart,heart,"M15:Knowing & Understanding,M81:Memory (act)","H3045 (know),H7725N (lay)","know therefore today, and lay it to your heart, that the Lord is God in heaven above and on the earth beneath; there is no other."
Deu 4:9,H5315G,soul,soul,"M74:Keeping & Guarding,M81:Memory (act),M65:Speech & Tongue,M11:Turning & Repentance,M25:Life & Death,M15:Knowing & Understanding","H8104J (take care),H8104G (keep),H7911 (forget),H1697I (things),H5493H (depart),H2416E (life),H3045 (known)","“ Only take care, and keep your soul diligently, lest you forget the things that your eyes have seen, and lest they depart from your heart all the days of your life. Make them known to your children and your children’s children —"
Deu 4:9,H3824,heart,heart,"M74:Keeping & Guarding,M81:Memory (act),M65:Speech & Tongue,M11:Turning & Repentance,M25:Life & Death,M15:Knowing & Understanding","H8104J (take care),H8104G (keep),H7911 (forget),H1697I (things),H5493H (depart),H2416E (life),H3045 (known)","“ Only take care, and keep your soul diligently, lest you forget the things that your eyes have seen, and lest they depart from your heart all the days of your life. Make them known to your children and your children’s children —"
Deu 5:26,H1320,flesh,flesh,"M41:Being Heard,M25:Life & Death,M42:Prayer & Petition","H8085G (heard),H2416A (living),H1696G (speaking),H2421 (lived)","For who is there of all flesh, that has heard the voice of the living God speaking out of the midst of fire as we have, and has still lived?"
Deu 5:29,H3824,heart,heart,"M01:Fear & Awe,M74:Keeping & Guarding,M54:Torah & Obedience,M05:Kindness & Friendship","H3372H (fear),H8104G (keep),H4687 (commandments),H3190 (go well)","Oh that they had such a heart as this always, to fear me and to keep all my commandments, that it might go well with them and with their descendants forever!"
Deu 6:5,H3824,heart,heart,M51:Love & Devotion,H0157G (love),You shall love the Lord your God with all your heart and with all your soul and with all your might.
Deu 6:5,H5315G,soul,soul,M51:Love & Devotion,H0157G (love),You shall love the Lord your God with all your heart and with all your soul and with all your might.
Deu 6:6,H3824,heart,heart,M65:Speech & Tongue,H1697G (words),And these words that I command you today shall be on your heart.
Deu 7:17,H3824,heart,heart,M23:Strength & Courage,H3201 (can),"“ If you say in your heart, ‘These nations are greater than I. How can I dispossess them?’"
Deu 8:14,H3824,heart,heart,"M22:Praise & Song,M81:Memory (act),M36:Worship & Service","H7311A (lifted up),H7911 (forget),H5650 (slavery)","then your heart be lifted up, and you forget the Lord your God, who brought you out of the land of Egypt, out of the house of slavery,"
Deu 8:17,H3824,heart,heart,"M23:Strength & Courage,M72:Authority & Dominion,M46:Wealth & Riches","H3581B (power),H6108 (might),H3027H (hand),H2428H (wealth)","Beware lest you say in your heart, ‘My power and the might of my hand have gotten me this wealth.’"
Deu 8:2,H3824,heart,heart,"M81:Memory (act),M24:Faintness & Despair,M35:Being Tested,M15:Knowing & Understanding,M74:Keeping & Guarding,M54:Torah & Obedience","H2142 (remember),H6031B (might humble),H5254G (testing),H3045 (know),H8104G (keep),H4687 (commandments)","And you shall remember the whole way that the Lord your God has led you these forty years in the wilderness, that he might humble you, testing you to know what was in your heart, whether you would keep his commandments or not."
Deu 8:5,H3824,heart,heart,M15:Knowing & Understanding,H3045 (Know then),"Know then in your heart that, as a man disciplines his son, the Lord your God disciplines you."
Deu 9:4,H3824,heart,heart,"M12:Righteousness & Integrity,M58:Wickedness","H6666 (righteousness),H7564 (wickedness)","“Do not say in your heart, after the Lord your God has thrust them out before you, ‘It is because of my righteousness that the Lord has brought me in to possess this land,’ whereas it is because of the wickedness of these nations that the Lord is driving them out before you."
Deu 9:5,H3824,heart,heart,"M12:Righteousness & Integrity,M58:Wickedness,M65:Speech & Tongue","H6666 (righteousness),H3476 (uprightness),H7564 (wickedness),H1697G (word)","Not because of your righteousness or the uprightness of your heart are you going in to possess their land, but because of the wickedness of these nations the Lord your God is driving them out from before you, and that he may confirm the word that the Lord swore to your fathers, to Abraham, to Isaac, and to Jacob."
Ecc 10:2,H3820A,heart,heart,M16:Wisdom & Folly,"H2450 (wise),H3684 (fool’s)","A wise man’s heart inclines him to the right, but a fool’s heart to the left."
Ecc 10:2,H3820A,heart,heart,M16:Wisdom & Folly,"H2450 (wise),H3684 (fool’s)","A wise man’s heart inclines him to the right, but a fool’s heart to the left."
Ecc 10:3,H3820A,heart,sense,"M16:Wisdom & Folly,M18:Desire & Longing","H5530 (fool),H2638 (lacks)","Even when the fool walks on the road, he lacks sense, and he says to everyone that he is a fool."
Ecc 10:4,H7307J,spirit: temper,anger,"M72:Authority & Dominion,M33:Rest & Peace,M56:Sin & Guilt","H4910 (ruler),H5117 (leave),H2399 (offenses),H5117 (rest)","If the anger of the ruler rises against you, do not leave your place, for calmness will lay great offenses to rest."
Ecc 11:10,H3820A,heart,heart,"M11:Turning & Repentance,M02:Anger & Wrath,M24:Faintness & Despair,M14:Deceit & Falsehood","H5493G (Remove),H3708A (vexation),H7451C (pain),H1892 (vanity)","Remove vexation from your heart, and put away pain from your body, for youth and the dawn of life are vanity."
Ecc 11:10,H1320,flesh,body,"M11:Turning & Repentance,M02:Anger & Wrath,M24:Faintness & Despair,M14:Deceit & Falsehood","H5493G (Remove),H3708A (vexation),H7451C (pain),H1892 (vanity)","Remove vexation from your heart, and put away pain from your body, for youth and the dawn of life are vanity."
Ecc 11:4,H7307H,spirit: breath,wind,M74:Keeping & Guarding,H8104I (observes),"He who observes the wind will not sow, and he who regards the clouds will not reap."
Ecc 11:5,H7307G,spirit,spirit,M15:Knowing & Understanding,H3045 (know),"As you do not know the way the spirit comes to the bones in the womb of a woman with child, so you do not know the work of God who makes everything."
Ecc 11:9,H3820A,heart,heart,"M04:Joy & Gladness,M05:Kindness & Friendship,M76:Walk & Conduct,M15:Knowing & Understanding,M12:Righteousness & Integrity","H8055 (Rejoice),H3190 (cheer),H1870G (ways),H3045 (know),H4941G (judgment)","Rejoice, O young man, in your youth, and let your heart cheer you in the days of your youth. Walk in the ways of your heart and the sight of your eyes. But know that for all these things God will bring you into judgment."
Ecc 11:9,H3820A,heart,heart,"M04:Joy & Gladness,M05:Kindness & Friendship,M76:Walk & Conduct,M15:Knowing & Understanding,M12:Righteousness & Integrity","H8055 (Rejoice),H3190 (cheer),H1870G (ways),H3045 (know),H4941G (judgment)","Rejoice, O young man, in your youth, and let your heart cheer you in the days of your youth. Walk in the ways of your heart and the sight of your eyes. But know that for all these things God will bring you into judgment."
Ecc 12:12,H1320,flesh,flesh,M23:Strength & Courage,"H7235A (many),H7235A (much)","My son, beware of anything beyond these. Of making many books there is no end, and much study is a weariness of the flesh."
Ecc 1:13,H3820A,heart,heart,"M83:Seeking & Inquiring,M16:Wisdom & Folly,M58:Wickedness","H1875 (seek),H2451 (wisdom),H7451A (unhappy)",And I applied my heart to seek and to search out by wisdom all that is done under heaven. It is an unhappy business that God has given to the children of man to be busy with.
Ecc 1:14,H7307H,spirit: breath,wind,"M14:Deceit & Falsehood,M18:Desire & Longing","H1892 (vanity),H7469 (striving)","I have seen everything that is done under the sun, and behold, all is vanity and a striving after wind."
Ecc 1:16,H3820A,heart,heart,"M42:Prayer & Petition,M22:Praise & Song,M16:Wisdom & Folly,M23:Strength & Courage,M15:Knowing & Understanding","H1696G (said),H1431 (great),H2451 (wisdom),H7235A (great),H1847 (knowledge)","I said in my heart, “ I have acquired great wisdom, surpassing all who were over Jerusalem before me, and my heart has had great experience of wisdom and knowledge.”"
Ecc 1:16,H3820A,heart,heart,"M42:Prayer & Petition,M22:Praise & Song,M16:Wisdom & Folly,M23:Strength & Courage,M15:Knowing & Understanding","H1696G (said),H1431 (great),H2451 (wisdom),H7235A (great),H1847 (knowledge)","I said in my heart, “ I have acquired great wisdom, surpassing all who were over Jerusalem before me, and my heart has had great experience of wisdom and knowledge.”"
Ecc 1:17,H3820A,heart,heart,"M15:Knowing & Understanding,M16:Wisdom & Folly,M66:Madness & Recklessness","H3045 (know),H2451 (wisdom),H1947 (madness),H5531A (folly),H3045 (perceived)",And I applied my heart to know wisdom and to know madness and folly. I perceived that this also is but a striving after wind.
Ecc 1:17,H7307H,spirit: breath,wind,"M15:Knowing & Understanding,M16:Wisdom & Folly,M66:Madness & Recklessness","H3045 (know),H2451 (wisdom),H1947 (madness),H5531A (folly),H3045 (perceived)",And I applied my heart to know wisdom and to know madness and folly. I perceived that this also is but a striving after wind.
Ecc 2:1,H3820A,heart,heart,"M35:Being Tested,M04:Joy & Gladness,M05:Kindness & Friendship,M14:Deceit & Falsehood","H5254G (test),H8057 (pleasure),H2896B (enjoy),H1892 (vanity)","I said in my heart, “ Come now, I will test you with pleasure; enjoy yourself.” But behold, this also was vanity."
Ecc 2:10,H3820A,heart,heart,"M21:Fasting & Piety,M04:Joy & Gladness,M03:Grief & Lament","H7592 (desired),H8057 (pleasure),H8056 (found pleasure),H5999 (toil)","And whatever my eyes desired I did not keep from them. I kept my heart from no pleasure, for my heart found pleasure in all my toil, and this was my reward for all my toil."
Ecc 2:10,H3820A,heart,heart,"M21:Fasting & Piety,M04:Joy & Gladness,M03:Grief & Lament","H7592 (desired),H8057 (pleasure),H8056 (found pleasure),H5999 (toil)","And whatever my eyes desired I did not keep from them. I kept my heart from no pleasure, for my heart found pleasure in all my toil, and this was my reward for all my toil."
Ecc 2:11,H7307H,spirit: breath,wind,"M03:Grief & Lament,M14:Deceit & Falsehood,M18:Desire & Longing","H5999 (toil),H1892 (vanity),H7469 (striving)","Then I considered all that my hands had done and the toil I had expended in doing it, and behold, all was vanity and a striving after wind, and there was nothing to be gained under the sun."
Ecc 2:15,H3820A,heart,heart,"M16:Wisdom & Folly,M15:Knowing & Understanding,M42:Prayer & Petition,M14:Deceit & Falsehood","H3684 (fool),H2449 (wise),H1696G (said),H1892 (vanity)","Then I said in my heart, “What happens to the fool will happen to me also. Why then have I been so very wise?” And I said in my heart that this also is vanity."
Ecc 2:15,H3820A,heart,heart,"M16:Wisdom & Folly,M15:Knowing & Understanding,M42:Prayer & Petition,M14:Deceit & Falsehood","H3684 (fool),H2449 (wise),H1696G (said),H1892 (vanity)","Then I said in my heart, “What happens to the fool will happen to me also. Why then have I been so very wise?” And I said in my heart that this also is vanity."
Ecc 2:17,H7307H,spirit: breath,wind,"M06:Malice & Enmity,M25:Life & Death,M58:Wickedness,M14:Deceit & Falsehood,M18:Desire & Longing","H8130 (hated),H2416E (life),H7451A (grievous),H1892 (vanity),H7469 (striving)","So I hated life, because what is done under the sun was grievous to me, for all is vanity and a striving after wind."
Ecc 2:20,H3820A,heart,heart,"M24:Faintness & Despair,M03:Grief & Lament","H2976 (despair),H5999 (toil)","So I turned about and gave my heart up to despair over all the toil of my labors under the sun,"
Ecc 2:22,H3820A,heart,heart,M03:Grief & Lament,H5999 (toil),What has a man from all the toil and striving of heart with which he toils beneath the sun?
Ecc 2:23,H3820A,heart,heart,"M24:Faintness & Despair,M02:Anger & Wrath,M14:Deceit & Falsehood","H4341 (sorrow),H3708A (vexation),H1892 (vanity)","For all his days are full of sorrow, and his work is a vexation. Even in the night his heart does not rest. This also is vanity."
Ecc 2:24,H5315I,soul: myself,find,"M18:Desire & Longing,M05:Kindness & Friendship,M03:Grief & Lament,M72:Authority & Dominion","H2896A (better),H2896B (enjoyment),H5999 (toil),H3027H (hand)","There is nothing better for a person than that he should eat and drink and find enjoyment in his toil. This also, I saw, is from the hand of God,"
Ecc 2:26,H7307H,spirit: breath,wind,"M18:Desire & Longing,M16:Wisdom & Folly,M15:Knowing & Understanding,M04:Joy & Gladness,M56:Sin & Guilt,M14:Deceit & Falsehood","H2896A (pleases),H2451 (wisdom),H1847 (knowledge),H8057 (joy),H2398 (sinner),H1892 (vanity),H7469 (striving)","For to the one who pleases him God has given wisdom and knowledge and joy, but to the sinner he has given the business of gathering and collecting, only to give to one who pleases God. This also is vanity and a striving after wind."
Ecc 2:3,H3820A,heart,heart,"M16:Wisdom & Folly,M18:Desire & Longing,M25:Life & Death","H2451 (wisdom),H5531B (folly),H2896A (good),H2416E (life)","I searched with my heart how to cheer my body with wine —my heart still guiding me with wisdom —and how to lay hold on folly, till I might see what was good for the children of man to do under heaven during the few days of their life."
Ecc 2:3,H1320,flesh,body,"M16:Wisdom & Folly,M18:Desire & Longing,M25:Life & Death","H2451 (wisdom),H5531B (folly),H2896A (good),H2416E (life)","I searched with my heart how to cheer my body with wine —my heart still guiding me with wisdom —and how to lay hold on folly, till I might see what was good for the children of man to do under heaven during the few days of their life."
Ecc 2:3,H3820A,heart,heart,"M16:Wisdom & Folly,M18:Desire & Longing,M25:Life & Death","H2451 (wisdom),H5531B (folly),H2896A (good),H2416E (life)","I searched with my heart how to cheer my body with wine —my heart still guiding me with wisdom —and how to lay hold on folly, till I might see what was good for the children of man to do under heaven during the few days of their life."
Ecc 3:17,H3820A,heart,heart,"M63:Reasoning & Interpretation,M12:Righteousness & Integrity,M58:Wickedness,M18:Desire & Longing","H8199 (judge),H6662 (righteous),H7563 (wicked),H2656 (matter)","I said in my heart, God will judge the righteous and the wicked, for there is a time for every matter and for every work."
Ecc 3:18,H3820A,heart,heart,"M16:Wisdom & Folly,M61:Purity & Holiness","H1700 (regard),H1305 (testing)",I said in my heart with regard to the children of man that God is testing them that they may see that they themselves are but beasts.
Ecc 3:19,H7307H,spirit: breath,breath,M14:Deceit & Falsehood,H1892 (vanity),"For what happens to the children of man and what happens to the beasts is the same; as one dies, so dies the other. They all have the same breath, and man has no advantage over the beasts, for all is vanity."
Ecc 3:21,H7307G,spirit,spirit,M15:Knowing & Understanding,H3045 (knows),Who knows whether the spirit of man goes upward and the spirit of the beast goes down into the earth?
Ecc 3:21,H7307G,spirit,spirit,M15:Knowing & Understanding,H3045 (knows),Who knows whether the spirit of man goes upward and the spirit of the beast goes down into the earth?
Ecc 4:16,H7307H,spirit: breath,wind,"M04:Joy & Gladness,M14:Deceit & Falsehood","H8055 (rejoice),H1892 (vanity)","There was no end of all the people, all of whom he led. Yet those who come later will not rejoice in him. Surely this also is vanity and a striving after wind."
Ecc 4:4,H7307H,spirit: breath,wind,"M03:Grief & Lament,M18:Desire & Longing,M14:Deceit & Falsehood","H5999 (toil),H7068 (envy),H1892 (vanity),H7469 (striving)",Then I saw that all toil and all skill in work come from a man’s envy of his neighbor. This also is vanity and a striving after wind.
Ecc 4:5,H1320,flesh,flesh,M16:Wisdom & Folly,H3684 (fool),The fool folds his hands and eats his own flesh.
Ecc 4:6,H7307H,spirit: breath,wind,"M18:Desire & Longing,M33:Rest & Peace,M03:Grief & Lament","H2896A (Better),H5183A (quietness),H5999 (toil),H7469 (striving)",Better is a handful of quietness than two hands full of toil and a striving after wind.
Ecc 4:8,H5315I,soul: myself,myself,"M03:Grief & Lament,M45:Renewal & Transformation,M46:Wealth & Riches,M14:Deceit & Falsehood,M58:Wickedness","H5999 (toil),H7646 (satisfied),H6239 (riches),H1892 (vanity),H7451A (unhappy)","one person who has no other, either son or brother, yet there is no end to all his toil, and his eyes are never satisfied with riches, so that he never asks, “ For whom am I toiling and depriving myself of pleasure?” This also is vanity and an unhappy business."
Ecc 5:16,H7307H,spirit: breath,wind,"M03:Grief & Lament,M58:Wickedness","H2470I (grievous),H7451I (evil)","This also is a grievous evil: just as he came, so shall he go, and what gain is there to him who toils for the wind?"
Ecc 5:2,H3820A,heart,heart,"M24:Faintness & Despair,M65:Speech & Tongue","H0926 (rash),H1697G (word),H1697G (words)","Be not rash with your mouth, nor let your heart be hasty to utter a word before God, for God is in heaven and you are on earth. Therefore let your words be few."
Ecc 5:20,H3820A,heart,heart,"M23:Strength & Courage,M81:Memory (act),M25:Life & Death,M24:Faintness & Despair,M04:Joy & Gladness","H7235A (much),H2142 (remember),H2416E (life),H6031B (occupied),H8057 (joy)",For he will not much remember the days of his life because God keeps him occupied with joy in his heart.
Ecc 5:6,H1320,flesh,lead,"M56:Sin & Guilt,M02:Anger & Wrath,M10:Violence & Cruelty","H2398 (sin),H7107 (angry),H2254B (destroy)","Let not your mouth lead you into sin, and do not say before the messenger that it was a mistake. Why should God be angry at your voice and destroy the work of your hands?"
Ecc 6:2,H5315I,soul: myself,he,"M46:Wealth & Riches,M22:Praise & Song,M18:Desire & Longing,M72:Authority & Dominion,M14:Deceit & Falsehood,M58:Wickedness,M73:Sickness & Weakness","H6239 (wealth),H5233 (possessions),H3519 (honor),H2638 (lacks),H0183 (desires),H7980 (power),H1892 (vanity),H7451A (grievous),H2483 (evil)","a man to whom God gives wealth, possessions, and honor, so that he lacks nothing of all that he desires, yet God does not give him power to enjoy them, but a stranger enjoys them. This is vanity; it is a grievous evil."
Ecc 6:3,H5315L,soul: appetite,soul,"M25:Life & Death,M45:Renewal & Transformation,M18:Desire & Longing","H2421 (lives),H7646 (satisfied),H2896A (better off)","If a man fathers a hundred children and lives many years, so that the days of his years are many, but his soul is not satisfied with life’s good things, and he also has no burial, I say that a stillborn child is better off than he."
Ecc 6:7,H5315L,soul: appetite,appetite,M03:Grief & Lament,H5999 (toil),"All the toil of man is for his mouth, yet his appetite is not satisfied."
Ecc 6:9,H5315L,soul: appetite,appetite,"M18:Desire & Longing,M14:Deceit & Falsehood","H2896A (Better),H1892 (vanity),H7469 (striving)",Better is the sight of the eyes than the wandering of the appetite: this also is vanity and a striving after wind.
Ecc 6:9,H7307H,spirit: breath,wind,"M18:Desire & Longing,M14:Deceit & Falsehood","H2896A (Better),H1892 (vanity),H7469 (striving)",Better is the sight of the eyes than the wandering of the appetite: this also is vanity and a striving after wind.
Ecc 7:2,H3820A,heart,heart,"M18:Desire & Longing,M03:Grief & Lament,M25:Life & Death","H2896A (better),H0060 (mourning),H2416A (living)","It is better to go to the house of mourning than to go to the house of feasting, for this is the end of all mankind, and the living will lay it to heart."
Ecc 7:21,H3820A,heart,heart,"M65:Speech & Tongue,M42:Prayer & Petition,M41:Being Heard,M36:Worship & Service","H1697I (things),H1696G (say),H8085G (hear),H5650 (servant)","Do not take to heart all the things that people say, lest you hear your servant cursing you."
Ecc 7:22,H3820A,heart,heart,M15:Knowing & Understanding,H3045 (knows),Your heart knows that many times you yourself have cursed others.
Ecc 7:25,H3820A,heart,heart,"M15:Knowing & Understanding,M83:Seeking & Inquiring,M16:Wisdom & Folly,M43:Prophecy & Vision,M58:Wickedness,M66:Madness & Recklessness","H3045 (know),H1245 (seek),H2451 (wisdom),H2808 (scheme),H7562 (wickedness),H5531B (foolishness),H1947 (madness)","I turned my heart to know and to search out and to seek wisdom and the scheme of things, and to know the wickedness of folly and the foolishness that is madness."
Ecc 7:26,H3820A,heart,heart,"M03:Grief & Lament,M18:Desire & Longing,M56:Sin & Guilt","H4751 (bitter),H2896A (pleases),H2398 (sinner)","And I find something more bitter than death: the woman whose heart is snares and nets, and whose hands are fetters. He who pleases God escapes her, but the sinner is taken by her."
Ecc 7:28,H5315G,soul,soul,M83:Seeking & Inquiring,H1245 (sought),"which my soul has sought repeatedly, but I have not found. One man among a thousand I found, but a woman among all these I have not found."
Ecc 7:3,H3820A,heart,heart,"M02:Anger & Wrath,M18:Desire & Longing,M58:Wickedness,M05:Kindness & Friendship","H3708A (Sorrow),H2896A (better),H7455 (sadness),H3190 (made glad)","Sorrow is better than laughter, for by sadness of face the heart is made glad."
Ecc 7:4,H3820A,heart,heart,"M16:Wisdom & Folly,M03:Grief & Lament,M04:Joy & Gladness","H2450 (wise),H0060 (mourning),H3684 (fools),H8057 (mirth)","The heart of the wise is in the house of mourning, but the heart of fools is in the house of mirth."
Ecc 7:4,H3820A,heart,heart,"M16:Wisdom & Folly,M03:Grief & Lament,M04:Joy & Gladness","H2450 (wise),H0060 (mourning),H3684 (fools),H8057 (mirth)","The heart of the wise is in the house of mourning, but the heart of fools is in the house of mirth."
Ecc 7:7,H3820A,heart,heart,"M16:Wisdom & Folly,M39:Gift & Favor","H2450 (wise),H1984I (madness),H4979 (bribe)","Surely oppression drives the wise into madness, and a bribe corrupts the heart."
Ecc 7:8,H7307G,spirit,spirit,"M18:Desire & Longing,M65:Speech & Tongue,M08:Pride & Arrogance","H2896A (Better),H1697I (thing),H2896A (better),H1364 (proud)","Better is the end of a thing than its beginning, and the patient in spirit is better than the proud in spirit."
Ecc 7:8,H7307G,spirit,spirit,"M18:Desire & Longing,M65:Speech & Tongue,M08:Pride & Arrogance","H2896A (Better),H1697I (thing),H2896A (better),H1364 (proud)","Better is the end of a thing than its beginning, and the patient in spirit is better than the proud in spirit."
Ecc 7:9,H7307J,spirit: temper,spirit,"M24:Faintness & Despair,M02:Anger & Wrath,M33:Rest & Peace,M16:Wisdom & Folly","H0926 (quick),H3707 (become angry),H3708A (anger),H5117 (lodges),H3684 (fools)","Be not quick in your spirit to become angry, for anger lodges in the heart of fools."
Ecc 7:9,H2436G,bosom: embrace,heart,"M24:Faintness & Despair,M02:Anger & Wrath,M33:Rest & Peace,M16:Wisdom & Folly","H0926 (quick),H3707 (become angry),H3708A (anger),H5117 (lodges),H3684 (fools)","Be not quick in your spirit to become angry, for anger lodges in the heart of fools."
Ecc 8:11,H3820A,heart,heart,M58:Wickedness,"H7451I (evil),H7451H (evil)","Because the sentence against an evil deed is not executed speedily, the heart of the children of man is fully set to do evil."
Ecc 8:16,H3820A,heart,heart,"M15:Knowing & Understanding,M16:Wisdom & Folly","H3045 (know),H2451 (wisdom)","When I applied my heart to know wisdom, and to see the business that is done on earth, how neither day nor night do one’s eyes see sleep,"
Ecc 8:5,H3820A,heart,heart,"M74:Keeping & Guarding,M54:Torah & Obedience,M15:Knowing & Understanding,M58:Wickedness,M65:Speech & Tongue,M16:Wisdom & Folly,M12:Righteousness & Integrity","H8104G (keeps),H4687 (command),H3045 (know),H7451H (evil),H1697I (thing),H2450 (wise),H4941J (way)","Whoever keeps a command will know no evil thing, and the wise heart will know the proper time and the just way."
Ecc 8:8,H7307G,spirit,spirit,"M72:Authority & Dominion,M30:Rebellion & Stubbornness,M23:Strength & Courage,M10:Violence & Cruelty,M58:Wickedness","H7989 (power),H3607 (retain),H7983 (power),H4421 (war),H7562 (wickedness)","No man has power to retain the spirit, or power over the day of death. There is no discharge from war, nor will wickedness deliver those who are given to it."
Ecc 8:8,H7307G,spirit,no,"M72:Authority & Dominion,M30:Rebellion & Stubbornness,M23:Strength & Courage,M10:Violence & Cruelty,M58:Wickedness","H7989 (power),H3607 (retain),H7983 (power),H4421 (war),H7562 (wickedness)","No man has power to retain the spirit, or power over the day of death. There is no discharge from war, nor will wickedness deliver those who are given to it."
Ecc 8:9,H3820A,heart,heart,"M72:Authority & Dominion,M58:Wickedness","H7980 (power),H7451B (hurt)","All this I observed while applying my heart to all that is done under the sun, when man had power over man to his hurt."
Ecc 9:1,H3820A,heart,heart,"M12:Righteousness & Integrity,M16:Wisdom & Folly,M72:Authority & Dominion,M51:Love & Devotion,M06:Malice & Enmity,M15:Knowing & Understanding","H6662 (righteous),H2450 (wise),H3027H (hand),H0160 (love),H8135 (hate),H3045 (know)","But all this I laid to heart, examining it all, how the righteous and the wise and their deeds are in the hand of God. Whether it is love or hate, man does not know; both are before him."
Ecc 9:3,H3820A,heart,hearts,"M58:Wickedness,M66:Madness & Recklessness,M25:Life & Death","H7451B (evil),H7451H (evil),H1947 (madness),H2416E (live)","This is an evil in all that is done under the sun, that the same event happens to all. Also, the hearts of the children of man are full of evil, and madness is in their hearts while they live, and after that they go to the dead."
Ecc 9:3,H3824,heart,hearts,"M58:Wickedness,M66:Madness & Recklessness,M25:Life & Death","H7451B (evil),H7451H (evil),H1947 (madness),H2416E (live)","This is an evil in all that is done under the sun, that the same event happens to all. Also, the hearts of the children of man are full of evil, and madness is in their hearts while they live, and after that they go to the dead."
Ecc 9:7,H3820A,heart,heart,"M04:Joy & Gladness,M18:Desire & Longing,M39:Gift & Favor","H8057 (joy),H2896A (merry),H7521 (approved)","Go, eat your bread with joy, and drink your wine with a merry heart, for God has already approved what you do."
Eph 1:13,G4151G,spirit/breath: spirit,Spirit,"M65:Speech & Tongue,M13:Faith & Faithfulness,M79:Salvation & Ransom,M19:Trust & Refuge,M61:Purity & Holiness","G3056 (word),G0225 (truth),G4991 (salvation),G4100 (believed),G0040G (Holy)","In him you also, when you heard the word of truth, the gospel of your salvation, and believed in him, were sealed with the promised Holy Spirit,"
Eph 1:17,G4151G,spirit/breath: spirit,Spirit,"M22:Praise & Song,M16:Wisdom & Folly,M15:Knowing & Understanding","G1391 (glory),G4678 (wisdom),G1922 (knowledge)","that the God of our Lord Jesus Christ, the Father of glory, may give you the Spirit of wisdom and of revelation in the knowledge of him,"
Eph 1:18,G2588,heart,hearts,"M15:Knowing & Understanding,M68:Hope & Waiting,M42:Prayer & Petition,M46:Wealth & Riches,M22:Praise & Song,M13:Faith & Faithfulness","G6063 (know),G1680 (hope),G2821 (called),G4149 (riches),G1391 (glorious),G0040H (saints)","having the eyes of your hearts enlightened, that you may know what is the hope to which he has called you, what are the riches of his glorious inheritance in the saints,"
Eph 1:3,G4152,spiritual,spiritual,M22:Praise & Song,"G2128 (Blessed),G2127 (blessed),G2129 (blessing)","Blessed be the God and Father of our Lord Jesus Christ, who has blessed us in Christ with every spiritual blessing in the heavenly places,"
Eph 2:11,G4561,flesh,flesh,"M81:Memory (act),M32:Covenant","G3421 (remember),G0203 (uncircumcision),G4061 (circumcision)","Therefore remember that at one time you Gentiles in the flesh, called “the uncircumcision ” by what is called the circumcision, which is made in the flesh by hands —"
Eph 2:11,G4561,flesh,flesh,"M81:Memory (act),M32:Covenant","G3421 (remember),G0203 (uncircumcision),G4061 (circumcision)","Therefore remember that at one time you Gentiles in the flesh, called “the uncircumcision ” by what is called the circumcision, which is made in the flesh by hands —"
Eph 2:14,G4561,flesh,flesh,"M33:Rest & Peace,M06:Malice & Enmity","G1515 (peace),G2189 (hostility)","For he himself is our peace, who has made us both one and has broken down in his flesh the dividing wall of hostility"
Eph 2:2,G4151G,spirit/breath: spirit,spirit,"M72:Authority & Dominion,M23:Strength & Courage,M75:Disobedience & Lawlessness","G1849 (power),G1754 (work),G0543 (disobedience)","in which you once walked, following the course of this world, following the prince of the power of the air, the spirit that is now at work in the sons of disobedience —"
Eph 2:3,G4561,flesh,flesh,"M18:Desire & Longing,M15:Knowing & Understanding,M02:Anger & Wrath","G1939 (passions),G2307 (desires),G1271 (mind),G3709 (wrath)","among whom we all once lived in the passions of our flesh, carrying out the desires of the flesh and the mind, and were by nature children of wrath, like the rest of mankind."
Eph 2:3,G4561,flesh,flesh,"M18:Desire & Longing,M15:Knowing & Understanding,M02:Anger & Wrath","G1939 (passions),G2307 (desires),G1271 (mind),G3709 (wrath)","among whom we all once lived in the passions of our flesh, carrying out the desires of the flesh and the mind, and were by nature children of wrath, like the rest of mankind."
Eph 3:13,G1573,to lose heart,lose heart,"M21:Fasting & Piety,M24:Faintness & Despair,M22:Praise & Song","G0154 (ask),G2347 (suffering),G1391 (glory)","So I ask you not to lose heart over what I am suffering for you, which is your glory."
Eph 3:16,G4151G,spirit/breath: spirit,Spirit,"M46:Wealth & Riches,M22:Praise & Song,M23:Strength & Courage","G4149 (riches),G1391 (glory),G2901 (strengthened),G1411 (power)","that according to the riches of his glory he may grant you to be strengthened with power through his Spirit in your inner being,"
Eph 3:17,G2588,heart,hearts,"M13:Faith & Faithfulness,M51:Love & Devotion","G4102G (faith),G0026 (love)","so that Christ may dwell in your hearts through faith —that you, being rooted and grounded in love,"
Eph 3:5,G4151G,spirit/breath: spirit,Spirit,"M61:Purity & Holiness,M43:Prophecy & Vision","G0040G (holy),G4396 (prophets)",which was not made known to the sons of men in other generations as it has now been revealed to his holy apostles and prophets by the Spirit.
Eph 4:18,G2588,heart,heart,"M15:Knowing & Understanding,M25:Life & Death,M63:Reasoning & Interpretation,M75:Disobedience & Lawlessness","G1271 (understanding),G2222 (life),G0052 (ignorance),G4457 (hardness)","They are darkened in their understanding, alienated from the life of God because of the ignorance that is in them, due to their hardness of heart."
Eph 4:23,G4151G,spirit/breath: spirit,spirit,"M45:Renewal & Transformation,M15:Knowing & Understanding","G0365 (renewed),G3563 (minds)","and to be renewed in the spirit of your minds,"
Eph 4:3,G4151G,spirit/breath: spirit,Spirit,"M69:Self-Control & Zeal,M74:Keeping & Guarding,M44:Covenant & Fellowship,M33:Rest & Peace","G4704 (eager),G5083I (maintain),G1775 (unity),G1515 (peace)",eager to maintain the unity of the Spirit in the bond of peace.
Eph 4:30,G4151G,spirit/breath: spirit,Spirit,"M03:Grief & Lament,M61:Purity & Holiness","G3076 (grieve),G0040G (Holy)","And do not grieve the Holy Spirit of God, by whom you were sealed for the day of redemption."
Eph 4:4,G4151G,spirit/breath: spirit,Spirit,"M42:Prayer & Petition,M68:Hope & Waiting","G2564G (called),G1680 (hope),G2821 (call)",There is one body and one Spirit —just as you were called to the one hope that belongs to your call —
Eph 5:18,G4151G,spirit/breath: spirit,Spirit,M28:Envy & Greed,G0810 (debauchery),"And do not get drunk with wine, for that is debauchery, but be filled with the Spirit,"
Eph 5:19,G4152,spiritual,spiritual,M22:Praise & Song,"G5603 (songs),G0103 (singing),G5567 (making melody)","addressing one another in psalms and hymns and spiritual songs, singing and making melody to the Lord with your heart,"
Eph 5:19,G2588,heart,heart,M22:Praise & Song,"G5603 (songs),G0103 (singing),G5567 (making melody)","addressing one another in psalms and hymns and spiritual songs, singing and making melody to the Lord with your heart,"
Eph 5:29,G4561,flesh,flesh,"M06:Malice & Enmity,M05:Kindness & Friendship,M44:Covenant & Fellowship","G3404 (hated),G2282 (cherishes),G1577 (church)","For no one ever hated his own flesh, but nourishes and cherishes it, just as Christ does the church,"
Eph 6:12,G4561,flesh,flesh,"M16:Wisdom & Folly,M72:Authority & Dominion,M58:Wickedness","G0746 (authorities),G1849 (cosmic powers),G4189 (evil)","For we do not wrestle against flesh and blood, but against the rulers, against the authorities, against the cosmic powers over this present darkness, against the spiritual forces of evil in the heavenly places."
Eph 6:12,G4152,spiritual,spiritual,"M16:Wisdom & Folly,M72:Authority & Dominion,M58:Wickedness","G0746 (authorities),G1849 (cosmic powers),G4189 (evil)","For we do not wrestle against flesh and blood, but against the rulers, against the authorities, against the cosmic powers over this present darkness, against the spiritual forces of evil in the heavenly places."
Eph 6:17,G4151G,spirit/breath: spirit,Spirit,M79:Salvation & Ransom,G4992 (salvation),"and take the helmet of salvation, and the sword of the Spirit, which is the word of God,"
Eph 6:18,G4151G,spirit/breath: spirit,Spirit,"M42:Prayer & Petition,M34:Patience & Perseverance,M13:Faith & Faithfulness","G4336 (praying),G4335 (prayer),G1162 (supplication),G4343 (perseverance),G0040H (saints)","praying at all times in the Spirit, with all prayer and supplication. To that end, keep alert with all perseverance, making supplication for all the saints,"
Eph 6:22,G2588,heart,hearts,"M15:Knowing & Understanding,M42:Prayer & Petition","G1097 (know),G3870 (encourage)","I have sent him to you for this very purpose, that you may know how we are, and that he may encourage your hearts."
Eph 6:5,G4561,flesh,earthly,"M78:Slavery & Bondage,M54:Torah & Obedience,M72:Authority & Dominion,M01:Fear & Awe,M05:Kindness & Friendship","G1401 (Bondservants),G5219 (obey),G2962H (masters),G5401 (fear),G5156 (trembling),G0572 (sincere)","Bondservants, obey your earthly masters with fear and trembling, with a sincere heart, as you would Christ,"
Eph 6:5,G2588,heart,heart,"M78:Slavery & Bondage,M54:Torah & Obedience,M72:Authority & Dominion,M01:Fear & Awe,M05:Kindness & Friendship","G1401 (Bondservants),G5219 (obey),G2962H (masters),G5401 (fear),G5156 (trembling),G0572 (sincere)","Bondservants, obey your earthly masters with fear and trembling, with a sincere heart, as you would Christ,"
Eph 6:6,G5590G,soul,heart,"M78:Slavery & Bondage,M18:Desire & Longing","G1401 (bondservants),G2307 (will)","not by the way of eye-service, as people-pleasers, but as bondservants of Christ, doing the will of God from the heart,"
Est 1:10,H3820A,heart,heart,"M72:Authority & Dominion,M18:Desire & Longing,M36:Worship & Service","H4428G (king),H2895 (merry),H8334 (served),H4428G (King)","On the seventh day, when the heart of the king was merry with wine, he commanded Mehuman, Biztha, Harbona, Bigtha and Abagtha, Zethar and Carkas, the seven eunuchs who served in the presence of King Ahasuerus,"
Est 4:13,H5315I,soul: myself,yourself,M72:Authority & Dominion,H4428G (king’s),"Then Mordecai told them to reply to Esther, “Do not think to yourself that in the king’s palace you will escape any more than all the other Jews."
Est 5:9,H3820A,heart,heart,"M04:Joy & Gladness,M18:Desire & Longing,M72:Authority & Dominion,M08:Pride & Arrogance,M01:Fear & Awe,M02:Anger & Wrath","H8056 (joyful),H2896A (glad),H4428G (king’s),H6965B (rose),H2111 (trembled),H2534 (wrath)","And Haman went out that day joyful and glad of heart. But when Haman saw Mordecai in the king’s gate, that he neither rose nor trembled before him, he was filled with wrath against Mordecai."
Est 6:6,H3820A,heart,himself,"M72:Authority & Dominion,M18:Desire & Longing","H4428G (king),H2654A (delights),H2654A (delight)","So Haman came in, and the king said to him, “ What should be done to the man whom the king delights to honor?” And Haman said to himself, “ Whom would the king delight to honor more than me?”"
Est 7:3,H5315H,soul: life,life,"M39:Gift & Favor,M72:Authority & Dominion,M18:Desire & Longing,M42:Prayer & Petition","H2580 (favor),H4428G (king),H2896A (please),H7596 (wish)","Then Queen Esther answered, “ If I have found favor in your sight, O king, and if it please the king, let my life be granted me for my wish, and my people for my request."
Est 7:5,H3820A,heart,dared,M72:Authority & Dominion,H4428G (King),"Then King Ahasuerus said to Queen Esther, “ Who is he, and where is he, who has dared to do this?”"
Est 7:7,H5315H,soul: life,life,"M72:Authority & Dominion,M08:Pride & Arrogance,M02:Anger & Wrath,M83:Seeking & Inquiring,M24:Faintness & Despair","H4428G (king),H6965B (arose),H2534 (wrath),H1055 (palace),H1245 (beg),H7451C (harm)","And the king arose in his wrath from the wine-drinking and went into the palace garden, but Haman stayed to beg for his life from Queen Esther, for he saw that harm was determined against him by the king."
Est 8:11,H5315H,soul: life,lives,"M72:Authority & Dominion,M10:Violence & Cruelty,M23:Strength & Courage,M02:Anger & Wrath","H4428G (king),H8045 (destroy),H2428A (armed force),H6696B (might attack)","saying that the king allowed the Jews who were in every city to gather and defend their lives, to destroy, to kill, and to annihilate any armed force of any people or province that might attack them, children and women included, and to plunder their goods,"
Est 9:16,H5315H,soul: life,lives,"M72:Authority & Dominion,M33:Rest & Peace,M06:Malice & Enmity,M24:Faintness & Despair","H4428G (king’s),H5118 (got relief),H0341 (enemies),H8130 (hated them),H0961 (plunder)","Now the rest of the Jews who were in the king’s provinces also gathered to defend their lives, and got relief from their enemies and killed 75,000 of those who hated them, but they laid no hands on the plunder."
Est 9:31,H5315I,soul: myself,themselves,"M65:Speech & Tongue,M84:Outcry & Shouting","H1697I (regard to),H2201 (lamenting)","that these days of Purim should be observed at their appointed seasons, as Mordecai the Jew and Queen Esther obligated them, and as they had obligated themselves and their offspring, with regard to their fasts and their lamenting."
Exo 10:1,H3820A,heart,heart,"M03:Grief & Lament,M36:Worship & Service,M43:Prophecy & Vision","H3513H (hardened),H5650 (servants),H0226G (signs)","Then the Lord said to Moses, “ Go in to Pharaoh, for I have hardened his heart and the heart of his servants, that I may show these signs of mine among them,"
Exo 10:1,H3820A,heart,heart,"M03:Grief & Lament,M36:Worship & Service,M43:Prophecy & Vision","H3513H (hardened),H5650 (servants),H0226G (signs)","Then the Lord said to Moses, “ Go in to Pharaoh, for I have hardened his heart and the heart of his servants, that I may show these signs of mine among them,"
Exo 10:19,H7307H,spirit: breath,wind,M23:Strength & Courage,H2389 (strong),"And the Lord turned the wind into a very strong west wind, which lifted the locusts and drove them into the Red Sea. Not a single locust was left in all the country of Egypt."
Exo 10:20,H3820A,heart,heart,M23:Strength & Courage,H2388G (hardened),"But the Lord hardened Pharaoh’s heart, and he did not let the people of Israel go."
Exo 10:27,H3820A,heart,heart,"M23:Strength & Courage,M30:Rebellion & Stubbornness","H2388G (hardened),H0014 (he would)","But the Lord hardened Pharaoh’s heart, and he would not let them go."
Exo 11:10,H3820A,heart,heart,"M48:Astonishment & Wonder,M23:Strength & Courage","H4159 (wonders),H2388G (hardened)","Moses and Aaron did all these wonders before Pharaoh, and the Lord hardened Pharaoh’s heart, and he did not let the people of Israel go out of his land."
Exo 12:16,H5315J,soul: person,everyone,"M61:Purity & Holiness,M44:Covenant & Fellowship","H6944G (holy),H4744 (assembly)","On the first day you shall hold a holy assembly, and on the seventh day a holy assembly. No work shall be done on those days. But what everyone needs to eat, that alone may be prepared by you."
Exo 12:46,H1320,flesh,flesh,M24:Faintness & Despair,H7665 (break),"It shall be eaten in one house; you shall not take any of the flesh outside the house, and you shall not break any of its bones."
Exo 12:8,H1320,flesh,flesh,M03:Grief & Lament,H4844 (bitter herbs),"They shall eat the flesh that night, roasted on the fire; with unleavened bread and bitter herbs they shall eat it."
Exo 14:17,H3820A,heart,hearts,M23:Strength & Courage,"H2388G (harden),H2428A (host)","And I will harden the hearts of the Egyptians so that they shall go in after them, and I will get glory over Pharaoh and all his host, his chariots, and his horsemen."
Exo 14:21,H7307H,spirit: breath,wind,M23:Strength & Courage,H5794 (strong),"Then Moses stretched out his hand over the sea, and the Lord drove the sea back by a strong east wind all night and made the sea dry land, and the waters were divided."
Exo 14:4,H3820A,heart,heart,"M23:Strength & Courage,M15:Knowing & Understanding","H2388G (harden),H2428A (host),H3045 (know)","And I will harden Pharaoh’s heart, and he will pursue them, and I will get glory over Pharaoh and all his host, and the Egyptians shall know that I am the Lord.” And they did so."
Exo 14:5,H3824,heart,mind,"M72:Authority & Dominion,M65:Speech & Tongue,M36:Worship & Service","H4428G (king),H5046 (told),H5650 (servants),H5647G (serving)","When the king of Egypt was told that the people had fled, the mind of Pharaoh and his servants was changed toward the people, and they said, “ What is this we have done, that we have let Israel go from serving us?”"
Exo 14:8,H3820A,heart,heart,"M23:Strength & Courage,M72:Authority & Dominion,M22:Praise & Song","H2388G (hardened),H4428G (king),H7311A (defiantly)","And the Lord hardened the heart of Pharaoh king of Egypt, and he pursued the people of Israel while the people of Israel were going out defiantly."
Exo 15:10,H7307H,spirit: breath,wind,M45:Renewal & Transformation,H3680 (covered),You blew with your wind; the sea covered them; they sank like lead in the mighty waters.
Exo 15:9,H5315L,soul: appetite,desire,"M06:Malice & Enmity,M72:Authority & Dominion","H0341 (enemy),H3027H (hand)","The enemy said, ‘I will pursue, I will overtake, I will divide the spoil, my desire shall have its fill of them. I will draw my sword; my hand shall destroy them.’"
Exo 16:12,H1320,flesh,meat,"M41:Being Heard,M42:Prayer & Petition,M45:Renewal & Transformation,M15:Knowing & Understanding","H8085G (heard),H1696G (Say),H7646 (filled),H3045 (know)","“I have heard the grumbling of the people of Israel. Say to them, ‘ At twilight you shall eat meat, and in the morning you shall be filled with bread. Then you shall know that I am the Lord your God.’”"
Exo 16:16,H5315J,soul: person,persons,M65:Speech & Tongue,H1697G (what),"This is what the Lord has commanded: ‘ Gather of it, each one of you, as much as he can eat. You shall each take an omer, according to the number of the persons that each of you has in his tent.’”"
Exo 16:3,H1320,flesh,meat,"M72:Authority & Dominion,M44:Covenant & Fellowship","H3027H (hand),H6951 (assembly)","and the people of Israel said to them, “ Would that we had died by the hand of the Lord in the land of Egypt, when we sat by the meat pots and ate bread to the full, for you have brought us out into this wilderness to kill this whole assembly with hunger.”"
Exo 16:8,H1320,flesh,meat,"M45:Renewal & Transformation,M41:Being Heard,M20:Doubt & Discouragement","H7646 (full),H8085G (heard),H3885B (grumbling)","And Moses said, “When the Lord gives you in the evening meat to eat and in the morning bread to the full, because the Lord has heard your grumbling that you grumble against him— what are we? Your grumbling is not against us but against the Lord.”"
Exo 21:28,H1320,flesh,flesh,M12:Righteousness & Integrity,H5355A (liable),"“ When an ox gores a man or a woman to death, the ox shall be stoned, and its flesh shall not be eaten, but the owner of the ox shall not be liable."
Exo 22:31,H1320,flesh,flesh,M61:Purity & Holiness,H6944G (consecrated),“ You shall be consecrated to me. Therefore you shall not eat any flesh that is torn by beasts in the field; you shall throw it to the dogs.
Exo 23:9,H5315G,soul,heart,"M24:Faintness & Despair,M15:Knowing & Understanding","H3905 (oppress),H3045 (know)","“You shall not oppress a sojourner. You know the heart of a sojourner, for you were sojourners in the land of Egypt."
Exo 25:2,H3820A,heart,heart,"M42:Prayer & Petition,M18:Desire & Longing","H1696G (Speak),H5068 (moves him)","“ Speak to the people of Israel, that they take for me a contribution. From every man whose heart moves him you shall receive the contribution for me."
Exo 28:29,H3820A,heart,heart,M12:Righteousness & Integrity,H4941G (judgment),"So Aaron shall bear the names of the sons of Israel in the breastpiece of judgment on his heart, when he goes into the Holy Place, to bring them to regular remembrance before the Lord."
Exo 28:3,H3820A,heart,whom,"M42:Prayer & Petition,M16:Wisdom & Folly,M61:Purity & Holiness","H1696G (speak),H2450 (skillful),H2451 (skill),H6942G (consecrate)","You shall speak to all the skillful, whom I have filled with a spirit of skill, that they make Aaron’s garments to consecrate him for my priesthood."
Exo 28:3,H7307G,spirit,spirit,"M42:Prayer & Petition,M16:Wisdom & Folly,M61:Purity & Holiness","H1696G (speak),H2450 (skillful),H2451 (skill),H6942G (consecrate)","You shall speak to all the skillful, whom I have filled with a spirit of skill, that they make Aaron’s garments to consecrate him for my priesthood."
Exo 28:30,H3820A,heart,heart,M12:Righteousness & Integrity,H4941G (judgment),"And in the breastpiece of judgment you shall put the Urim and the Thummim, and they shall be on Aaron’s heart, when he goes in before the Lord. Thus Aaron shall bear the judgment of the people of Israel on his heart before the Lord regularly."
Exo 28:30,H3820A,heart,heart,M12:Righteousness & Integrity,H4941G (judgment),"And in the breastpiece of judgment you shall put the Urim and the Thummim, and they shall be on Aaron’s heart, when he goes in before the Lord. Thus Aaron shall bear the judgment of the people of Israel on his heart before the Lord regularly."
Exo 28:42,H1320,flesh,flesh,M45:Renewal & Transformation,H3680 (cover),You shall make for them linen undergarments to cover their naked flesh. They shall reach from the hips to the thighs;
Exo 29:14,H1320,flesh,flesh,"M30:Rebellion & Stubbornness,M56:Sin & Guilt","H6569 (dung),H2403H (sin offering)",But the flesh of the bull and its skin and its dung you shall burn with fire outside the camp; it is a sin offering.
Exo 29:31,H1320,flesh,flesh,M61:Purity & Holiness,H6918G (holy),“You shall take the ram of ordination and boil its flesh in a holy place.
Exo 29:34,H1320,flesh,flesh,M61:Purity & Holiness,H6944G (holy),"And if any of the flesh for the ordination or of the bread remain until the morning, then you shall burn the remainder with fire. It shall not be eaten, because it is holy."
Exo 30:15,H5315H,soul: life,lives,"M46:Wealth & Riches,M23:Strength & Courage,M09:Humility & Lowliness,M60:Confession & Forgiveness","H6223 (rich),H7235A (more),H1800 (poor),H3722A (make atonement)","The rich shall not give more, and the poor shall not give less, than the half shekel, when you give the Lord’s offering to make atonement for your lives."
Exo 30:16,H5315H,soul: life,lives,"M60:Confession & Forgiveness,M36:Worship & Service","H3725 (atonement),H5656H (service),H3722A (make atonement)","You shall take the atonement money from the people of Israel and shall give it for the service of the tent of meeting, that it may bring the people of Israel to remembrance before the Lord, so as to make atonement for your lives.”"
Exo 30:32,H1320,flesh,body,M61:Purity & Holiness,H6944G (holy),"It shall not be poured on the body of an ordinary person, and you shall make no other like it in composition. It is holy, and it shall be holy to you."
Exo 31:14,H5315J,soul: person,soul,"M74:Keeping & Guarding,M61:Purity & Holiness","H8104G (keep),H6944G (holy)","You shall keep the Sabbath, because it is holy for you. Everyone who profanes it shall be put to death. Whoever does any work on it, that soul shall be cut off from among his people."
Exo 31:3,H7307G,spirit,Spirit,"M16:Wisdom & Folly,M15:Knowing & Understanding","H2451 (ability),H8394 (intelligence),H1847 (knowledge)","and I have filled him with the Spirit of God, with ability and intelligence, with knowledge and all craftsmanship,"
Exo 31:6,H3820A,heart,to,M16:Wisdom & Folly,"H2450 (able),H2451 (ability)","And behold, I have appointed with him Oholiab, the son of Ahisamach, of the tribe of Dan. And I have given to all able men ability, that they may make all that I have commanded you:"
Exo 31:6,H3820A,heart,able,M16:Wisdom & Folly,"H2450 (able),H2451 (ability)","And behold, I have appointed with him Oholiab, the son of Ahisamach, of the tribe of Dan. And I have given to all able men ability, that they may make all that I have commanded you:"
Exo 35:10,H3820A,heart,skillful craftsman,M16:Wisdom & Folly,H2450 (skillful craftsman),“Let every skillful craftsman among you come and make all that the Lord has commanded:
Exo 35:21,H3820A,heart,heart,"M18:Desire & Longing,M36:Worship & Service,M61:Purity & Holiness","H5068 (moved him),H5656G (service),H6944G (holy)","And they came, everyone whose heart stirred him, and everyone whose spirit moved him, and brought the Lord’s contribution to be used for the tent of meeting, and for all its service, and for the holy garments."
Exo 35:21,H7307G,spirit,spirit,"M18:Desire & Longing,M36:Worship & Service,M61:Purity & Holiness","H5068 (moved him),H5656G (service),H6944G (holy)","And they came, everyone whose heart stirred him, and everyone whose spirit moved him, and brought the Lord’s contribution to be used for the tent of meeting, and for all its service, and for the holy garments."
Exo 35:22,H3820A,heart,heart,M09:Humility & Lowliness,H5081G (willing),"So they came, both men and women. All who were of a willing heart brought brooches and earrings and signet rings and armlets, all sorts of gold objects, every man dedicating an offering of gold to the Lord."
Exo 35:25,H3820A,heart,skillful,M16:Wisdom & Folly,H2450 (skillful),"And every skillful woman spun with her hands, and they all brought what they had spun in blue and purple and scarlet yarns and fine twined linen."
Exo 35:26,H3820A,heart,hearts,M16:Wisdom & Folly,H2451 (skill),All the women whose hearts stirred them to use their skill spun the goats’ hair.
Exo 35:29,H3820A,heart,heart,M18:Desire & Longing,H5068 (moved them),"All the men and women, the people of Israel, whose heart moved them to bring anything for the work that the Lord had commanded by Moses to be done brought it as a freewill offering to the Lord."
Exo 35:31,H7307G,spirit,Spirit,"M16:Wisdom & Folly,M15:Knowing & Understanding","H2451 (skill),H8394 (intelligence),H1847 (knowledge)","and he has filled him with the Spirit of God, with skill, with intelligence, with knowledge, and with all craftsmanship,"
Exo 35:34,H3820A,heart,him,M05:Kindness & Friendship,H3384B (teach),"And he has inspired him to teach, both him and Oholiab the son of Ahisamach of the tribe of Dan."
Exo 35:35,H3820A,heart,them,"M16:Wisdom & Folly,M64:Will & Resolve,M06:Malice & Enmity","H2451 (skill),H2803G (designer),H2803G (skilled),H4284 (designer)","He has filled them with skill to do every sort of work done by an engraver or by a designer or by an embroiderer in blue and purple and scarlet yarns and fine twined linen, or by a weaver —by any sort of workman or skilled designer."
Exo 35:5,H3820A,heart,heart,M09:Humility & Lowliness,H5081G (generous),"Take from among you a contribution to the Lord. Whoever is of a generous heart, let him bring the Lord’s contribution: gold, silver, and bronze;"
Exo 36:1,H3820A,heart,craftsman,"M16:Wisdom & Folly,M15:Knowing & Understanding,M36:Worship & Service,M61:Purity & Holiness","H2450 (craftsman),H2451 (skill),H8394 (intelligence),H3045 (know),H5656I (construction),H6944G (sanctuary)",“ Bezalel and Oholiab and every craftsman in whom the Lord has put skill and intelligence to know how to do any work in the construction of the sanctuary shall work in accordance with all that the Lord has commanded.”
Exo 36:2,H3820A,heart,craftsman,"M42:Prayer & Petition,M16:Wisdom & Folly","H7121G (called),H2450 (craftsman),H2451 (skill)","And Moses called Bezalel and Oholiab and every craftsman in whose mind the Lord had put skill, everyone whose heart stirred him up to come to do the work."
Exo 36:2,H3820A,heart,mind,"M42:Prayer & Petition,M16:Wisdom & Folly","H7121G (called),H2450 (craftsman),H2451 (skill)","And Moses called Bezalel and Oholiab and every craftsman in whose mind the Lord had put skill, everyone whose heart stirred him up to come to do the work."
Exo 36:2,H3820A,heart,heart,"M42:Prayer & Petition,M16:Wisdom & Folly","H7121G (called),H2450 (craftsman),H2451 (skill)","And Moses called Bezalel and Oholiab and every craftsman in whose mind the Lord had put skill, everyone whose heart stirred him up to come to do the work."
Exo 36:8,H3820A,heart,craftsmen,"M16:Wisdom & Folly,M57:Corruption & Perversion,M64:Will & Resolve","H2450 (craftsmen),H7806 (fine twined),H2803G (skillfully)","And all the craftsmen among the workmen made the tabernacle with ten curtains. They were made of fine twined linen and blue and purple and scarlet yarns, with cherubim skillfully worked."
Exo 4:14,H3820A,heart,heart,"M02:Anger & Wrath,M15:Knowing & Understanding,M42:Prayer & Petition,M37:Firstborn & Foreknowledge,M04:Joy & Gladness","H0639G (anger),H2734 (kindled),H3045 (know),H1696G (speak),H1696G (well),H7122G (meet),H8055 (glad)","Then the anger of the Lord was kindled against Moses and he said, “Is there not Aaron, your brother, the Levite? I know that he can speak well. Behold, he is coming out to meet you, and when he sees you, he will be glad in his heart."
Exo 4:19,H5315H,soul: life,life,M83:Seeking & Inquiring,H1245 (seeking),"And the Lord said to Moses in Midian, “ Go back to Egypt, for all the men who were seeking your life are dead.”"
Exo 4:21,H3820A,heart,heart,"M48:Astonishment & Wonder,M72:Authority & Dominion,M23:Strength & Courage","H4159 (miracles),H3027H (power),H2388G (harden)","And the Lord said to Moses, “ When you go back to Egypt, see that you do before Pharaoh all the miracles that I have put in your power. But I will harden his heart, so that he will not let the people go."
Exo 6:9,H7307G,spirit,spirit,"M42:Prayer & Petition,M41:Being Heard,M24:Faintness & Despair,M36:Worship & Service","H1696G (spoke),H8085G (listen),H7186 (harsh),H5656G (slavery)","Moses spoke thus to the people of Israel, but they did not listen to Moses, because of their broken spirit and harsh slavery."
Exo 7:13,H3820A,heart,heart,"M23:Strength & Courage,M41:Being Heard,M42:Prayer & Petition","H2388G (hardened),H8085G (listen),H1696G (said)","Still Pharaoh’s heart was hardened, and he would not listen to them, as the Lord had said."
Exo 7:14,H3820A,heart,heart,M30:Rebellion & Stubbornness,H3985 (refuses),"Then the Lord said to Moses, “ Pharaoh’s heart is hardened; he refuses to let the people go."
Exo 7:22,H3820A,heart,heart,"M23:Strength & Courage,M41:Being Heard,M42:Prayer & Petition","H2388G (hardened),H8085G (listen),H1696G (said)","But the magicians of Egypt did the same by their secret arts. So Pharaoh’s heart remained hardened, and he would not listen to them, as the Lord had said."
Exo 7:23,H3820A,heart,heart,M15:Knowing & Understanding,H7896K (take),"Pharaoh turned and went into his house, and he did not take even this to heart."
Exo 7:3,H3820A,heart,heart,"M23:Strength & Courage,M43:Prophecy & Vision,M48:Astonishment & Wonder","H7235A (multiply),H0226G (signs),H4159 (wonders)","But I will harden Pharaoh’s heart, and though I multiply my signs and wonders in the land of Egypt,"
Exo 8:15,H3820A,heart,heart,"M03:Grief & Lament,M41:Being Heard,M42:Prayer & Petition","H3513H (hardened),H8085G (listen),H1696G (said)","But when Pharaoh saw that there was a respite, he hardened his heart and would not listen to them, as the Lord had said."
Exo 8:19,H3820A,heart,heart,"M23:Strength & Courage,M41:Being Heard,M42:Prayer & Petition","H2388G (hardened),H8085G (listen),H1696G (said)","Then the magicians said to Pharaoh, “ This is the finger of God.” But Pharaoh’s heart was hardened, and he would not listen to them, as the Lord had said."
Exo 8:32,H3820A,heart,heart,M03:Grief & Lament,H3513H (hardened),"But Pharaoh hardened his heart this time also, and did not let the people go."
Exo 9:12,H3820A,heart,heart,"M23:Strength & Courage,M41:Being Heard,M42:Prayer & Petition","H2388G (hardened),H8085G (listen),H1696G (spoken)","But the Lord hardened the heart of Pharaoh, and he did not listen to them, as the Lord had spoken to Moses."
Exo 9:14,H3820A,heart,yourself,"M36:Worship & Service,M15:Knowing & Understanding","H5650 (servants),H3045 (know)","For this time I will send all my plagues on you yourself, and on your servants and your people, so that you may know that there is none like me in all the earth."
Exo 9:21,H3820A,heart,attention,"M65:Speech & Tongue,M30:Rebellion & Stubbornness,M36:Worship & Service","H1697G (word),H5800A (left),H5650 (slaves)",but whoever did not pay attention to the word of the Lord left his slaves and his livestock in the field.
Exo 9:34,H3820A,heart,heart,"M56:Sin & Guilt,M03:Grief & Lament,M36:Worship & Service","H2398 (sinned),H3513H (hardened),H5650 (servants)","But when Pharaoh saw that the rain and the hail and the thunder had ceased, he sinned yet again and hardened his heart, he and his servants."
Exo 9:35,H3820A,heart,heart,"M23:Strength & Courage,M42:Prayer & Petition","H2388G (hardened),H1696G (spoken)","So the heart of Pharaoh was hardened, and he did not let the people of Israel go, just as the Lord had spoken through Moses."
Exo 9:7,H3820A,heart,heart,M03:Grief & Lament,H3513H (hardened),"And Pharaoh sent, and behold, not one of the livestock of Israel was dead. But the heart of Pharaoh was hardened, and he did not let the people go."
Eze 10:12,H1320,flesh,body,M72:Authority & Dominion,H3027H (spokes),"And their whole body, their rims, and their spokes, their wings, and the wheels were full of eyes all around —the wheels that the four of them had."
Eze 10:17,H7307G,spirit,spirit,"M22:Praise & Song,M25:Life & Death","H7311A (mounted up),H7426 (mounted up),H2416C (living creatures)","When they stood still, these stood still, and when they mounted up, these mounted up with them, for the spirit of the living creatures was in them."
Eze 11:1,H7307G,spirit,Spirit,M72:Authority & Dominion,H8269 (princes),"The Spirit lifted me up and brought me to the east gate of the house of the Lord, which faces east. And behold, at the entrance of the gateway there were twenty-five men. And I saw among them Jaazaniah the son of Azzur, and Pelatiah the son of Benaiah, princes of the people."
Eze 11:11,H1320,flesh,meat,M63:Reasoning & Interpretation,H8199 (judge),"This city shall not be your cauldron, nor shall you be the meat in the midst of it. I will judge you at the border of Israel,"
Eze 11:19,H3820A,heart,heart,"M45:Renewal & Transformation,M11:Turning & Repentance","H2319H (new),H5493G (remove)","And I will give them one heart, and a new spirit I will put within them. I will remove the heart of stone from their flesh and give them a heart of flesh,"
Eze 11:19,H7307G,spirit,spirit,"M45:Renewal & Transformation,M11:Turning & Repentance","H2319H (new),H5493G (remove)","And I will give them one heart, and a new spirit I will put within them. I will remove the heart of stone from their flesh and give them a heart of flesh,"
Eze 11:19,H3820A,heart,heart,"M45:Renewal & Transformation,M11:Turning & Repentance","H2319H (new),H5493G (remove)","And I will give them one heart, and a new spirit I will put within them. I will remove the heart of stone from their flesh and give them a heart of flesh,"
Eze 11:19,H1320,flesh,flesh,"M45:Renewal & Transformation,M11:Turning & Repentance","H2319H (new),H5493G (remove)","And I will give them one heart, and a new spirit I will put within them. I will remove the heart of stone from their flesh and give them a heart of flesh,"
Eze 11:19,H3820A,heart,heart,"M45:Renewal & Transformation,M11:Turning & Repentance","H2319H (new),H5493G (remove)","And I will give them one heart, and a new spirit I will put within them. I will remove the heart of stone from their flesh and give them a heart of flesh,"
Eze 11:19,H1320,flesh,flesh,"M45:Renewal & Transformation,M11:Turning & Repentance","H2319H (new),H5493G (remove)","And I will give them one heart, and a new spirit I will put within them. I will remove the heart of stone from their flesh and give them a heart of flesh,"
Eze 11:21,H3820A,heart,heart,"M58:Wickedness,M76:Walk & Conduct,M42:Prayer & Petition","H8251 (detestable things),H8441 (abominations),H1870G (deeds),H5002 (declares)","But as for those whose heart goes after their detestable things and their abominations, I will bring their deeds upon their own heads, declares the Lord God.”"
Eze 11:21,H3820A,heart,goes,"M58:Wickedness,M76:Walk & Conduct,M42:Prayer & Petition","H8251 (detestable things),H8441 (abominations),H1870G (deeds),H5002 (declares)","But as for those whose heart goes after their detestable things and their abominations, I will bring their deeds upon their own heads, declares the Lord God.”"
Eze 11:5,H7307G,spirit,Spirit,M15:Knowing & Understanding,"H3045 (know),H4609A (come into)","And the Spirit of the Lord fell upon me, and he said to me, “ Say, Thus says the Lord: So you think, O house of Israel. For I know the things that come into your mind."
Eze 11:5,H7307G,spirit,mind,M15:Knowing & Understanding,"H3045 (know),H4609A (come into)","And the Spirit of the Lord fell upon me, and he said to me, “ Say, Thus says the Lord: So you think, O house of Israel. For I know the things that come into your mind."
Eze 13:13,H7307H,spirit: breath,wind,M02:Anger & Wrath,"H2534 (wrath),H0639G (anger)","Therefore thus says the Lord God: I will make a stormy wind break out in my wrath, and there shall be a deluge of rain in my anger, and great hailstones in wrath to make a full end."
Eze 13:17,H3820A,heart,hearts,M43:Prophecy & Vision,"H5012 (prophesy),H5012 (Prophesy)","“And you, son of man, set your face against the daughters of your people, who prophesy out of their own hearts. Prophesy against them"
Eze 13:18,H5315G,soul,souls,"M03:Grief & Lament,M08:Pride & Arrogance,M25:Life & Death","H1945 (Woe),H6967 (stature),H2421 (alive)","and say, Thus says the Lord God: Woe to the women who sew magic bands upon all wrists, and make veils for the heads of persons of every stature, in the hunt for souls! Will you hunt down souls belonging to my people and keep your own souls alive?"
Eze 13:18,H5315G,soul,souls,"M03:Grief & Lament,M08:Pride & Arrogance,M25:Life & Death","H1945 (Woe),H6967 (stature),H2421 (alive)","and say, Thus says the Lord God: Woe to the women who sew magic bands upon all wrists, and make veils for the heads of persons of every stature, in the hunt for souls! Will you hunt down souls belonging to my people and keep your own souls alive?"
Eze 13:18,H5315G,soul,souls,"M03:Grief & Lament,M08:Pride & Arrogance,M25:Life & Death","H1945 (Woe),H6967 (stature),H2421 (alive)","and say, Thus says the Lord God: Woe to the women who sew magic bands upon all wrists, and make veils for the heads of persons of every stature, in the hunt for souls! Will you hunt down souls belonging to my people and keep your own souls alive?"
Eze 13:19,H5315G,soul,souls,"M25:Life & Death,M14:Deceit & Falsehood,M41:Being Heard","H2421 (alive),H2421 (live),H3576 (lying),H8085G (listen),H3577 (lies)","You have profaned me among my people for handfuls of barley and for pieces of bread, putting to death souls who should not die and keeping alive souls who should not live, by your lying to my people, who listen to lies."
Eze 13:19,H5315G,soul,souls,"M25:Life & Death,M14:Deceit & Falsehood,M41:Being Heard","H2421 (alive),H2421 (live),H3576 (lying),H8085G (listen),H3577 (lies)","You have profaned me among my people for handfuls of barley and for pieces of bread, putting to death souls who should not die and keeping alive souls who should not live, by your lying to my people, who listen to lies."
Eze 13:2,H3820A,heart,hearts,"M43:Prophecy & Vision,M41:Being Heard,M65:Speech & Tongue","H5012 (prophesy),H5030 (prophets),H5012 (prophesying),H5030 (prophesy),H8085G (Hear),H1697G (word)","“ Son of man, prophesy against the prophets of Israel, who are prophesying, and say to those who prophesy from their own hearts: ‘ Hear the word of the Lord!’"
Eze 13:22,H3820A,heart,disheartened,"M20:Doubt & Discouragement,M12:Righteousness & Integrity,M14:Deceit & Falsehood,M24:Faintness & Despair,M23:Strength & Courage,M58:Wickedness,M11:Turning & Repentance,M76:Walk & Conduct,M25:Life & Death","H3512A (disheartened),H6662 (righteous),H8267 (falsely),H3510 (grieved),H2388G (encouraged),H7451B (wicked),H7725O (turn),H7563 (evil),H1870G (way),H2421 (life)","Because you have disheartened the righteous falsely, although I have not grieved him, and you have encouraged the wicked, that he should not turn from his evil way to save his life,"
Eze 13:3,H7307G,spirit,spirit,"M03:Grief & Lament,M16:Wisdom & Folly,M43:Prophecy & Vision","H1945 (Woe),H5036 (foolish),H5030 (prophets)","Thus says the Lord God, Woe to the foolish prophets who follow their own spirit, and have seen nothing!"
Eze 14:14,H5315H,soul: life,lives,"M45:Renewal & Transformation,M12:Righteousness & Integrity,M42:Prayer & Petition","H5337 (deliver),H6666 (righteousness),H5002 (declares)","even if these three men, Noah, Daniel, and Job, were in it, they would deliver but their own lives by their righteousness, declares the Lord God."
Eze 14:20,H5315H,soul: life,lives,"M25:Life & Death,M42:Prayer & Petition,M45:Renewal & Transformation,M12:Righteousness & Integrity","H2416A (live),H5002 (declares),H5337 (deliver),H6666 (righteousness)","even if Noah, Daniel, and Job were in it, as I live, declares the Lord God, they would deliver neither son nor daughter. They would deliver but their own lives by their righteousness."
Eze 14:3,H3820A,heart,hearts,"M77:Stumbling & Trial,M56:Sin & Guilt,M83:Seeking & Inquiring","H4383 (stumbling block),H5771G (iniquity),H1875 (indeed),H1875 (consulted)","“ Son of man, these men have taken their idols into their hearts, and set the stumbling block of their iniquity before their faces. Should I indeed let myself be consulted by them?"
Eze 14:4,H3820A,heart,heart,"M42:Prayer & Petition,M77:Stumbling & Trial,M56:Sin & Guilt,M43:Prophecy & Vision,M46:Wealth & Riches","H1696G (speak),H4383 (stumbling block),H5771G (iniquity),H5030 (prophet),H7230 (multitude)","Therefore speak to them and say to them, Thus says the Lord God: Any one of the house of Israel who takes his idols into his heart and sets the stumbling block of his iniquity before his face, and yet comes to the prophet, I the Lord will answer him as he comes with the multitude of his idols,"
Eze 14:7,H3820A,heart,heart,"M64:Will & Resolve,M77:Stumbling & Trial,M56:Sin & Guilt,M43:Prophecy & Vision,M83:Seeking & Inquiring","H5144A (separates),H4383 (stumbling block),H5771G (iniquity),H5030 (prophet),H1875 (consult)","For any one of the house of Israel, or of the strangers who sojourn in Israel, who separates himself from me, taking his idols into his heart and putting the stumbling block of his iniquity before his face, and yet comes to a prophet to consult me through him, I the Lord will answer him myself."
Eze 16:26,H1320,flesh,lustful,"M28:Envy & Greed,M23:Strength & Courage,M02:Anger & Wrath","H2181 (played the whore),H1432 (lustful),H7235A (multiplying),H8457 (whoring),H3707 (anger)","You also played the whore with the Egyptians, your lustful neighbors, multiplying your whoring, to provoke me to anger."
Eze 16:27,H5315L,soul: appetite,greed,"M72:Authority & Dominion,M06:Malice & Enmity,M07:Shame & Confusion,M58:Wickedness,M76:Walk & Conduct","H3027H (hand),H8130 (enemies),H3637 (ashamed),H2154 (lewd),H1870G (behavior)","Behold, therefore, I stretched out my hand against you and diminished your allotted portion and delivered you to the greed of your enemies, the daughters of the Philistines, who were ashamed of your lewd behavior."
Eze 16:30,H3826,heart,heart,"M73:Sickness & Weakness,M42:Prayer & Petition,M08:Pride & Arrogance,M28:Envy & Greed","H0535 (sick),H5002 (declares),H7986 (brazen),H2181 (prostitute)","“ How sick is your heart, declares the Lord God, because you did all these things, the deeds of a brazen prostitute,"
Eze 16:5,H5315I,soul: myself,you,"M50:Grace & Mercy,M05:Kindness & Friendship,M06:Malice & Enmity","H2347 (pitied),H2550 (compassion),H1604 (abhorred)","No eye pitied you, to do any of these things to you out of compassion for you, but you were cast out on the open field, for you were abhorred, on the day that you were born."
Eze 17:10,H7307H,spirit: breath,wind,"M46:Wealth & Riches,M24:Faintness & Despair","H6743B (thrive),H3001 (utterly),H3001 (wither)","Behold, it is planted; will it thrive? Will it not utterly wither when the east wind strikes it— wither away on the bed where it sprouted?”"
Eze 17:17,H5315H,soul: life,lives,"M23:Strength & Courage,M44:Covenant & Fellowship,M10:Violence & Cruelty","H2428A (army),H6951 (company),H4421 (war)","Pharaoh with his mighty army and great company will not help him in war, when mounds are cast up and siege walls built to cut off many lives."
Eze 17:21,H7307H,spirit: breath,wind,"M15:Knowing & Understanding,M42:Prayer & Petition","H3045 (know),H1696G (spoken)","And all the pick of his troops shall fall by the sword, and the survivors shall be scattered to every wind, and you shall know that I am the Lord; I have spoken.”"
Eze 18:20,H5315G,soul,soul,"M56:Sin & Guilt,M12:Righteousness & Integrity,M58:Wickedness","H2398 (sins),H5375J (suffer),H5771G (iniquity),H6666 (righteousness),H6662 (righteous),H7564 (wickedness),H7563 (wicked)","The soul who sins shall die. The son shall not suffer for the iniquity of the father, nor the father suffer for the iniquity of the son. The righteousness of the righteous shall be upon himself, and the wickedness of the wicked shall be upon himself."
Eze 18:27,H5315H,soul: life,life,"M58:Wickedness,M11:Turning & Repentance,M12:Righteousness & Integrity,M25:Life & Death","H7563 (wicked),H7725O (away),H7564 (wickedness),H4941H (just),H6666 (right),H2421 (save)","Again, when a wicked person turns away from the wickedness he has committed and does what is just and right, he shall save his life."
Eze 18:31,H3820A,heart,heart,"M56:Sin & Guilt,M45:Renewal & Transformation","H6588 (transgressions),H6586 (committed),H2319H (new)","Cast away from you all the transgressions that you have committed, and make yourselves a new heart and a new spirit! Why will you die, O house of Israel?"
Eze 18:31,H7307G,spirit,spirit,"M56:Sin & Guilt,M45:Renewal & Transformation","H6588 (transgressions),H6586 (committed),H2319H (new)","Cast away from you all the transgressions that you have committed, and make yourselves a new heart and a new spirit! Why will you die, O house of Israel?"
Eze 18:4,H5315G,soul,souls,M56:Sin & Guilt,H2398 (sins),"Behold, all souls are mine; the soul of the father as well as the soul of the son is mine: the soul who sins shall die."
Eze 18:4,H5315G,soul,soul,M56:Sin & Guilt,H2398 (sins),"Behold, all souls are mine; the soul of the father as well as the soul of the son is mine: the soul who sins shall die."
Eze 18:4,H5315G,soul,soul,M56:Sin & Guilt,H2398 (sins),"Behold, all souls are mine; the soul of the father as well as the soul of the son is mine: the soul who sins shall die."
Eze 18:4,H5315G,soul,soul,M56:Sin & Guilt,H2398 (sins),"Behold, all souls are mine; the soul of the father as well as the soul of the son is mine: the soul who sins shall die."
Eze 19:12,H7307H,spirit: breath,wind,"M02:Anger & Wrath,M24:Faintness & Despair,M23:Strength & Courage","H2534 (fury),H3001 (dried up),H3001 (withered),H5797 (strong)","But the vine was plucked up in fury, cast down to the ground; the east wind dried up its fruit; they were stripped off and withered. As for its strong stem, fire consumed it."
Eze 1:20,H7307G,spirit,spirit,M25:Life & Death,H2416C (living creatures),"Wherever the spirit wanted to go, they went, and the wheels rose along with them, for the spirit of the living creatures was in the wheels."
Eze 1:20,H7307G,spirit,spirit,M25:Life & Death,H2416C (living creatures),"Wherever the spirit wanted to go, they went, and the wheels rose along with them, for the spirit of the living creatures was in the wheels."
Eze 1:20,H7307G,spirit,living creatures,M25:Life & Death,H2416C (living creatures),"Wherever the spirit wanted to go, they went, and the wheels rose along with them, for the spirit of the living creatures was in the wheels."
Eze 1:21,H7307G,spirit,spirit,M25:Life & Death,H2416C (living creatures),"When those went, these went; and when those stood, these stood; and when those rose from the earth, the wheels rose along with them, for the spirit of the living creatures was in the wheels."
Eze 20:16,H3820A,heart,heart,"M30:Rebellion & Stubbornness,M12:Righteousness & Integrity","H3988A (rejected),H4941G (rules)","because they rejected my rules and did not walk in my statutes, and profaned my Sabbaths; for their heart went after their idols."
Eze 20:32,H7307G,spirit,mind,M36:Worship & Service,H8334 (worship),"“What is in your mind shall never happen —the thought, ‘Let us be like the nations, like the tribes of the countries, and worship wood and stone.’"
Eze 21:15,H3820A,heart,hearts,"M23:Strength & Courage,M77:Stumbling & Trial","H7235A (many),H4383 (stumble)","that their hearts may melt, and many stumble. At all their gates I have given the glittering sword. Ah, it is made like lightning; it is taken up for slaughter."
Eze 21:4,H1320,flesh,flesh,"M12:Righteousness & Integrity,M58:Wickedness","H6662 (righteous),H7563 (wicked)","Because I will cut off from you both righteous and wicked, therefore my sword shall be drawn from its sheath against all flesh from south to north."
Eze 21:5,H1320,flesh,flesh,M15:Knowing & Understanding,H3045 (know),And all flesh shall know that I am the Lord. I have drawn my sword from its sheath; it shall not be sheathed again.
Eze 21:7,H3820A,heart,heart,"M03:Grief & Lament,M82:Reminder & Report,M24:Faintness & Despair,M23:Strength & Courage,M42:Prayer & Petition","H0584 (groan),H8052 (news),H7503 (feeble),H3543A (faint),H5002 (declares)","And when they say to you, ‘ Why do you groan?’ you shall say, ‘Because of the news that it is coming. Every heart will melt, and all hands will be feeble; every spirit will faint, and all knees will be weak as water. Behold, it is coming, and it will be fulfilled,’” declares the Lord God."
Eze 21:7,H7307G,spirit,spirit,"M03:Grief & Lament,M82:Reminder & Report,M24:Faintness & Despair,M23:Strength & Courage,M42:Prayer & Petition","H0584 (groan),H8052 (news),H7503 (feeble),H3543A (faint),H5002 (declares)","And when they say to you, ‘ Why do you groan?’ you shall say, ‘Because of the news that it is coming. Every heart will melt, and all hands will be feeble; every spirit will faint, and all knees will be weak as water. Behold, it is coming, and it will be fulfilled,’” declares the Lord God."
Eze 22:14,H3820A,heart,courage,"M23:Strength & Courage,M42:Prayer & Petition","H2388G (strong),H1696G (spoken)","Can your courage endure, or can your hands be strong, in the days that I shall deal with you? I the Lord have spoken, and I will do it."
Eze 22:25,H5315H,soul: life,lives,"M43:Prophecy & Vision,M84:Outcry & Shouting,M46:Wealth & Riches,M23:Strength & Courage","H5030 (prophets),H7580 (roaring),H2633 (treasure),H7235A (many)",The conspiracy of her prophets in her midst is like a roaring lion tearing the prey; they have devoured human lives; they have taken treasure and precious things; they have made many widows in her midst.
Eze 22:27,H5315H,soul: life,lives,"M72:Authority & Dominion,M18:Desire & Longing,M12:Righteousness & Integrity","H8269 (princes),H1214I (get),H1215 (gain)","Her princes in her midst are like wolves tearing the prey, shedding blood, destroying lives to get dishonest gain."
Eze 23:17,H5315I,soul: myself,she,"M10c:Defilement,M28:Envy & Greed","H2930A (defiled),H8457 (whoring lust)","And the Babylonians came to her into the bed of love, and they defiled her with their whoring lust. And after she was defiled by them, she turned from them in disgust."
Eze 23:18,H5315I,soul: myself,I,"M28:Envy & Greed,M44:Covenant & Fellowship","H8457 (whoring),H0269 (sister)","When she carried on her whoring so openly and flaunted her nakedness, I turned in disgust from her, as I had turned in disgust from her sister."
Eze 23:18,H5315I,soul: myself,I,"M28:Envy & Greed,M44:Covenant & Fellowship","H8457 (whoring),H0269 (sister)","When she carried on her whoring so openly and flaunted her nakedness, I turned in disgust from her, as I had turned in disgust from her sister."
Eze 23:20,H1320,flesh,members,M28:Envy & Greed,H5689 (lusted),"and lusted after her lovers there, whose members were like those of donkeys, and whose issue was like that of horses."
Eze 23:20,H1320,flesh,like those,M28:Envy & Greed,H5689 (lusted),"and lusted after her lovers there, whose members were like those of donkeys, and whose issue was like that of horses."
Eze 23:22,H5315I,soul: myself,disgust,"M25:Life & Death,M51:Love & Devotion","H5782 (up),H0157G (lovers)","Therefore, O Oholibah, thus says the Lord God: “ Behold, I will stir up against you your lovers from whom you turned in disgust, and I will bring them against you from every side:"
Eze 23:28,H5315I,soul: myself,disgust,"M72:Authority & Dominion,M06:Malice & Enmity","H3027H (hands),H8130 (hate)","“ For thus says the Lord God: Behold, I will deliver you into the hands of those whom you hate, into the hands of those from whom you turned in disgust,"
Eze 24:10,H1320,flesh,meat,M23:Strength & Courage,H7235A (Heap),"Heap on the logs, kindle the fire, boil the meat well, mix in the spices, and let the bones be burned up."
Eze 24:21,H5315G,soul,soul,"M08:Pride & Arrogance,M23:Strength & Courage,M18:Desire & Longing,M50:Grace & Mercy,M30:Rebellion & Stubbornness","H1347 (pride),H5797 (power),H4261 (delight),H4263 (yearning),H5800A (left)","‘ Say to the house of Israel, Thus says the Lord God: Behold, I will profane my sanctuary, the pride of your power, the delight of your eyes, and the yearning of your soul, and your sons and your daughters whom you left behind shall fall by the sword."
Eze 24:25,H5315L,soul: appetite,soul’s,"M19:Trust & Refuge,M04:Joy & Gladness,M18:Desire & Longing,M78:Slavery & Bondage","H4581 (stronghold),H4885 (joy),H4261 (delight),H4853A (desire)","“As for you, son of man, surely on the day when I take from them their stronghold, their joy and glory, the delight of their eyes and their soul’s desire, and also their sons and daughters,"
Eze 25:15,H5315G,soul,soul,"M26:Judgment & Condemnation,M06:Malice & Enmity,M55:Destruction & Ruin,M44:Covenant & Fellowship","H5360 (revengefully),H5358 (took),H5359 (vengeance),H7589 (malice),H4889 (destroy),H0342 (enmity)","“ Thus says the Lord God: Because the Philistines acted revengefully and took vengeance with malice of soul to destroy in never-ending enmity,"
Eze 25:6,H5315G,soul,soul,"M04:Joy & Gladness,M06:Malice & Enmity","H8055 (rejoiced),H7589 (malice)","For thus says the Lord God: Because you have clapped your hands and stamped your feet and rejoiced with all the malice within your soul against the land of Israel,"
Eze 27:25,H3820A,heart,heart,M03:Grief & Lament,H3513H (laden),The ships of Tarshish traveled for you with your merchandise. So you were filled and heavily laden in the heart of the seas.
Eze 27:26,H7307H,spirit: breath,wind,M24:Faintness & Despair,H7665 (wrecked),“Your rowers have brought you out into the high seas. The east wind has wrecked you in the heart of the seas.
Eze 27:26,H3820A,heart,heart,M24:Faintness & Despair,H7665 (wrecked),“Your rowers have brought you out into the high seas. The east wind has wrecked you in the heart of the seas.
Eze 27:27,H3820A,heart,heart,"M46:Wealth & Riches,M23:Strength & Courage,M10:Violence & Cruelty,M44:Covenant & Fellowship","H1952 (riches),H2388G (caulkers),H4421 (war),H6951 (crew)","Your riches, your wares, your merchandise, your mariners and your pilots, your caulkers, your dealers in merchandise, and all your men of war who are in you, with all your crew that is in your midst, sink into the heart of the seas on the day of your fall."
Eze 27:31,H5315G,soul,soul,M03:Grief & Lament,"H1058 (weep),H4751 (bitterness),H4751 (bitter),H4553 (mourning)","they make themselves bald for you and put sackcloth on their waist, and they weep over you in bitterness of soul, with bitter mourning."
Eze 28:17,H3820A,heart,heart,"M08:Pride & Arrogance,M55:Destruction & Ruin,M16:Wisdom & Folly,M71:Glory & Splendor,M72:Authority & Dominion","H1361 (proud),H7843 (corrupted),H2451 (wisdom),H3314 (splendor),H4428G (kings)","Your heart was proud because of your beauty; you corrupted your wisdom for the sake of your splendor. I cast you to the ground; I exposed you before kings, to feast their eyes on you."
Eze 28:2,H3820A,heart,heart,M08:Pride & Arrogance,H1361 (proud),"“ Son of man, say to the prince of Tyre, Thus says the Lord God: “Because your heart is proud, and you have said, ‘I am a god, I sit in the seat of the gods, in the heart of the seas,’ yet you are but a man, and no god, though you make your heart like the heart of a god —"
Eze 28:2,H3820A,heart,heart,M08:Pride & Arrogance,H1361 (proud),"“ Son of man, say to the prince of Tyre, Thus says the Lord God: “Because your heart is proud, and you have said, ‘I am a god, I sit in the seat of the gods, in the heart of the seas,’ yet you are but a man, and no god, though you make your heart like the heart of a god —"
Eze 28:2,H3820A,heart,heart,M08:Pride & Arrogance,H1361 (proud),"“ Son of man, say to the prince of Tyre, Thus says the Lord God: “Because your heart is proud, and you have said, ‘I am a god, I sit in the seat of the gods, in the heart of the seas,’ yet you are but a man, and no god, though you make your heart like the heart of a god —"
Eze 28:2,H3820A,heart,heart,M08:Pride & Arrogance,H1361 (proud),"“ Son of man, say to the prince of Tyre, Thus says the Lord God: “Because your heart is proud, and you have said, ‘I am a god, I sit in the seat of the gods, in the heart of the seas,’ yet you are but a man, and no god, though you make your heart like the heart of a god —"
Eze 28:5,H3824,heart,heart,"M46:Wealth & Riches,M16:Wisdom & Folly,M23:Strength & Courage,M08:Pride & Arrogance","H7230 (great),H2451 (wisdom),H7235A (increased),H2428H (wealth),H1361 (proud)","by your great wisdom in your trade you have increased your wealth, and your heart has become proud in your wealth —"
Eze 2:2,H7307G,spirit,Spirit,"M42:Prayer & Petition,M41:Being Heard","H1696G (spoke),H8085G (heard),H1696G (speaking)","And as he spoke to me, the Spirit entered into me and set me on my feet, and I heard him speaking to me."
Eze 2:4,H3820A,heart,stubborn,"M24:Faintness & Despair,M23:Strength & Courage","H7186 (impudent),H2389 (stubborn)","The descendants also are impudent and stubborn: I send you to them, and you shall say to them, ‘ Thus says the Lord God.’"
Eze 31:10,H3824,heart,heart,"M08:Pride & Arrogance,M03:Grief & Lament,M22:Praise & Song","H1361 (towered),H6967 (high),H5688 (clouds),H7311A (proud),H1363 (height)","“ Therefore thus says the Lord God: Because it towered high and set its top among the clouds, and its heart was proud of its height,"
Eze 32:10,H5315H,soul: life,life,"M55:Destruction & Ruin,M72:Authority & Dominion,M01:Fear & Awe","H8074H (appalled),H4428G (kings),H8175A (bristle),H8178A (horror),H2729 (tremble)","I will make many peoples appalled at you, and the hair of their kings shall bristle with horror because of you, when I brandish my sword before them. They shall tremble every moment, every one for his own life, on the day of your downfall."
Eze 32:5,H1320,flesh,flesh,M30:Rebellion & Stubbornness,H7419 (carcass),I will strew your flesh upon the mountains and fill the valleys with your carcass.
Eze 32:9,H3820A,heart,hearts,"M02:Anger & Wrath,M24:Faintness & Despair,M15:Knowing & Understanding","H3707 (trouble),H7667 (destruction),H3045 (known)","“I will trouble the hearts of many peoples, when I bring your destruction among the nations, into the countries that you have not known."
Eze 33:31,H3820A,heart,heart,"M41:Being Heard,M65:Speech & Tongue,M28:Envy & Greed,M12:Righteousness & Integrity","H8085G (hear),H1697H (say),H5690 (lustful talk),H1215 (gain)","And they come to you as people come, and they sit before you as my people, and they hear what you say but they will not do it; for with lustful talk in their mouths they act; their heart is set on their gain."
Eze 33:5,H5315H,soul: life,life,M41:Being Heard,H8085G (heard),"He heard the sound of the trumpet and did not take warning; his blood shall be upon himself. But if he had taken warning, he would have saved his life."
Eze 33:6,H5315J,soul: person,person,"M74:Keeping & Guarding,M56:Sin & Guilt,M83:Seeking & Inquiring","H6822 (watchman),H5771G (iniquity),H1875 (require),H6822 (watchman’s)","But if the watchman sees the sword coming and does not blow the trumpet, so that the people are not warned, and the sword comes and takes any one of them, that person is taken away in his iniquity, but his blood I will require at the watchman’s hand."
Eze 33:9,H5315G,soul,soul,"M58:Wickedness,M11:Turning & Repentance,M76:Walk & Conduct,M56:Sin & Guilt,M45:Renewal & Transformation","H7563 (wicked),H7725O (turn),H1870G (way),H5771G (iniquity),H5337 (delivered)","But if you warn the wicked to turn from his way, and he does not turn from his way, that person shall die in his iniquity, but you will have delivered your soul."
Eze 36:26,H3820A,heart,heart,"M45:Renewal & Transformation,M11:Turning & Repentance","H2319H (new),H5493G (remove)","And I will give you a new heart, and a new spirit I will put within you. And I will remove the heart of stone from your flesh and give you a heart of flesh."
Eze 36:26,H7307G,spirit,spirit,"M45:Renewal & Transformation,M11:Turning & Repentance","H2319H (new),H5493G (remove)","And I will give you a new heart, and a new spirit I will put within you. And I will remove the heart of stone from your flesh and give you a heart of flesh."
Eze 36:26,H3820A,heart,heart,"M45:Renewal & Transformation,M11:Turning & Repentance","H2319H (new),H5493G (remove)","And I will give you a new heart, and a new spirit I will put within you. And I will remove the heart of stone from your flesh and give you a heart of flesh."
Eze 36:26,H1320,flesh,flesh,"M45:Renewal & Transformation,M11:Turning & Repentance","H2319H (new),H5493G (remove)","And I will give you a new heart, and a new spirit I will put within you. And I will remove the heart of stone from your flesh and give you a heart of flesh."
Eze 36:26,H3820A,heart,heart,"M45:Renewal & Transformation,M11:Turning & Repentance","H2319H (new),H5493G (remove)","And I will give you a new heart, and a new spirit I will put within you. And I will remove the heart of stone from your flesh and give you a heart of flesh."
Eze 36:26,H1320,flesh,flesh,"M45:Renewal & Transformation,M11:Turning & Repentance","H2319H (new),H5493G (remove)","And I will give you a new heart, and a new spirit I will put within you. And I will remove the heart of stone from your flesh and give you a heart of flesh."
Eze 36:27,H7307G,spirit,Spirit,"M74:Keeping & Guarding,M12:Righteousness & Integrity","H8104J (careful),H4941G (rules)","And I will put my Spirit within you, and cause you to walk in my statutes and be careful to obey my rules."
Eze 36:5,H3824,heart,wholehearted,"M42:Prayer & Petition,M18:Desire & Longing,M04:Joy & Gladness,M06:Malice & Enmity,M24:Faintness & Despair","H1696G (spoken),H7068 (jealousy),H8057 (joy),H7589 (utter contempt),H0957 (prey)","therefore thus says the Lord God: Surely I have spoken in my hot jealousy against the rest of the nations and against all Edom, who gave my land to themselves as a possession with wholehearted joy and utter contempt, that they might make its pasturelands a prey."
Eze 36:5,H5315I,soul: myself,utter contempt,"M42:Prayer & Petition,M18:Desire & Longing,M04:Joy & Gladness,M06:Malice & Enmity,M24:Faintness & Despair","H1696G (spoken),H7068 (jealousy),H8057 (joy),H7589 (utter contempt),H0957 (prey)","therefore thus says the Lord God: Surely I have spoken in my hot jealousy against the rest of the nations and against all Edom, who gave my land to themselves as a possession with wholehearted joy and utter contempt, that they might make its pasturelands a prey."
Eze 37:1,H7307G,spirit,Spirit,"M72:Authority & Dominion,M33:Rest & Peace","H3027H (hand),H5117 (down)","The hand of the Lord was upon me, and he brought me out in the Spirit of the Lord and set me down in the middle of the valley; it was full of bones."
Eze 37:10,H7307H,spirit: breath,breath,"M43:Prophecy & Vision,M25:Life & Death,M23:Strength & Courage","H5012 (prophesied),H2421 (lived),H2428A (army)","So I prophesied as he commanded me, and the breath came into them, and they lived and stood on their feet, an exceedingly great army."
Eze 37:14,H7307G,spirit,Spirit,"M25:Life & Death,M33:Rest & Peace,M15:Knowing & Understanding,M42:Prayer & Petition","H2421 (live),H5117 (place),H3045 (know),H1696G (spoken),H5002 (declares)","And I will put my Spirit within you, and you shall live, and I will place you in your own land. Then you shall know that I am the Lord; I have spoken, and I will do it, declares the Lord.”"
Eze 37:5,H7307H,spirit: breath,breath,M25:Life & Death,H2421 (live),"Thus says the Lord God to these bones: Behold, I will cause breath to enter you, and you shall live."
Eze 37:6,H1320,flesh,flesh,"M45:Renewal & Transformation,M25:Life & Death,M15:Knowing & Understanding","H7159 (cover),H2421 (live),H3045 (know)","And I will lay sinews upon you, and will cause flesh to come upon you, and cover you with skin, and put breath in you, and you shall live, and you shall know that I am the Lord.”"
Eze 37:6,H7307H,spirit: breath,breath,"M45:Renewal & Transformation,M25:Life & Death,M15:Knowing & Understanding","H7159 (cover),H2421 (live),H3045 (know)","And I will lay sinews upon you, and will cause flesh to come upon you, and cover you with skin, and put breath in you, and you shall live, and you shall know that I am the Lord.”"
Eze 37:8,H1320,flesh,flesh,M45:Renewal & Transformation,H7159 (covered),"And I looked, and behold, there were sinews on them, and flesh had come upon them, and skin had covered them. But there was no breath in them."
Eze 37:8,H7307H,spirit: breath,breath,M45:Renewal & Transformation,H7159 (covered),"And I looked, and behold, there were sinews on them, and flesh had come upon them, and skin had covered them. But there was no breath in them."
Eze 37:9,H7307H,spirit: breath,breath,"M43:Prophecy & Vision,M25:Life & Death","H5012 (Prophesy),H5012 (prophesy),H5301 (breathe),H2421 (live)","Then he said to me, “ Prophesy to the breath; prophesy, son of man, and say to the breath, Thus says the Lord God: Come from the four winds, O breath, and breathe on these slain, that they may live.”"
Eze 37:9,H7307H,spirit: breath,breath,"M43:Prophecy & Vision,M25:Life & Death","H5012 (Prophesy),H5012 (prophesy),H5301 (breathe),H2421 (live)","Then he said to me, “ Prophesy to the breath; prophesy, son of man, and say to the breath, Thus says the Lord God: Come from the four winds, O breath, and breathe on these slain, that they may live.”"
Eze 37:9,H7307H,spirit: breath,winds,"M43:Prophecy & Vision,M25:Life & Death","H5012 (Prophesy),H5012 (prophesy),H5301 (breathe),H2421 (live)","Then he said to me, “ Prophesy to the breath; prophesy, son of man, and say to the breath, Thus says the Lord God: Come from the four winds, O breath, and breathe on these slain, that they may live.”"
Eze 37:9,H7307H,spirit: breath,breath,"M43:Prophecy & Vision,M25:Life & Death","H5012 (Prophesy),H5012 (prophesy),H5301 (breathe),H2421 (live)","Then he said to me, “ Prophesy to the breath; prophesy, son of man, and say to the breath, Thus says the Lord God: Come from the four winds, O breath, and breathe on these slain, that they may live.”"
Eze 38:10,H3824,heart,mind,"M65:Speech & Tongue,M64:Will & Resolve,M58:Wickedness,M06:Malice & Enmity","H1697I (thoughts),H2803I (devise),H7451H (evil),H4284 (scheme)","“ Thus says the Lord God: On that day, thoughts will come into your mind, and you will devise an evil scheme"
Eze 39:17,H1320,flesh,flesh,M25:Life & Death,H2416C (beasts),"“As for you, son of man, thus says the Lord God: Speak to the birds of every sort and to all beasts of the field: ‘ Assemble and come, gather from all around to the sacrificial feast that I am preparing for you, a great sacrificial feast on the mountains of Israel, and you shall eat flesh and drink blood."
Eze 39:18,H1320,flesh,flesh,M72:Authority & Dominion,H5387A (princes),"You shall eat the flesh of the mighty, and drink the blood of the princes of the earth —of rams, of lambs, and of he-goats, of bulls, all of them fat beasts of Bashan."
Eze 39:29,H7307G,spirit,Spirit,"M20:Doubt & Discouragement,M42:Prayer & Petition","H5641 (hide),H5002 (declares)","And I will not hide my face anymore from them, when I pour out my Spirit upon the house of Israel, declares the Lord God.”"
Eze 3:10,H3824,heart,heart,"M65:Speech & Tongue,M42:Prayer & Petition,M41:Being Heard","H1697G (words),H1696G (speak),H8085G (hear)","Moreover, he said to me, “ Son of man, all my words that I shall speak to you receive in your heart, and hear with your ears."
Eze 3:12,H7307G,spirit,Spirit,"M41:Being Heard,M80:Blessing,M22:Praise & Song","H8085G (heard),H1288 (Blessed),H3519 (glory)","Then the Spirit lifted me up, and I heard behind me the voice of a great earthquake: “ Blessed be the glory of the Lord from its place!”"
Eze 3:14,H7307G,spirit,Spirit,"M03:Grief & Lament,M02:Anger & Wrath,M72:Authority & Dominion,M23:Strength & Courage","H4751 (bitterness),H2534 (heat),H3027H (hand),H2388G (strong)","The Spirit lifted me up and took me away, and I went in bitterness in the heat of my spirit, the hand of the Lord being strong upon me."
Eze 3:14,H7307G,spirit,spirit,"M03:Grief & Lament,M02:Anger & Wrath,M72:Authority & Dominion,M23:Strength & Courage","H4751 (bitterness),H2534 (heat),H3027H (hand),H2388G (strong)","The Spirit lifted me up and took me away, and I went in bitterness in the heat of my spirit, the hand of the Lord being strong upon me."
Eze 3:19,H5315G,soul,soul,"M58:Wickedness,M11:Turning & Repentance,M76:Walk & Conduct,M56:Sin & Guilt,M45:Renewal & Transformation","H7563 (wicked),H7725O (turn),H7562 (wickedness),H1870G (way),H5771G (iniquity),H5337 (delivered)","But if you warn the wicked, and he does not turn from his wickedness, or from his wicked way, he shall die for his iniquity, but you will have delivered your soul."
Eze 3:21,H5315G,soul,soul,"M12:Righteousness & Integrity,M56:Sin & Guilt,M25:Life & Death,M45:Renewal & Transformation","H6662 (righteous person),H2398 (sin),H6662 (he),H2421 (surely),H2421 (live),H5337 (delivered)","But if you warn the righteous person not to sin, and he does not sin, he shall surely live, because he took warning, and you will have delivered your soul.”"
Eze 3:24,H7307G,spirit,Spirit,M42:Prayer & Petition,H1696G (spoke),"But the Spirit entered into me and set me on my feet, and he spoke with me and said to me, “ Go, shut yourself within your house."
Eze 3:7,H3820A,heart,heart,"M30:Rebellion & Stubbornness,M41:Being Heard,M23:Strength & Courage,M24:Faintness & Despair","H0014 (willing),H8085G (listen),H2389 (hard),H7186 (stubborn)","But the house of Israel will not be willing to listen to you, for they are not willing to listen to me: because all the house of Israel have a hard forehead and a stubborn heart."
Eze 40:4,H3820A,heart,heart,"M42:Prayer & Petition,M41:Being Heard,M65:Speech & Tongue","H1696G (said),H8085G (hear),H5046 (Declare)","And the man said to me, “ Son of man, look with your eyes, and hear with your ears, and set your heart upon all that I shall show you, for you were brought here in order that I might show it to you. Declare all that you see to the house of Israel.”"
Eze 42:20,H7307I,spirit: side,sides,M61:Purity & Holiness,H6944G (holy),"He measured it on the four sides. It had a wall around it, 500 cubits long and 500 cubits broad, to make a separation between the holy and the common."
Eze 43:5,H7307G,spirit,Spirit,M22:Praise & Song,H3519 (glory),"the Spirit lifted me up and brought me into the inner court; and behold, the glory of the Lord filled the temple."
Eze 44:5,H3820A,heart,well,"M15:Knowing & Understanding,M41:Being Heard,M42:Prayer & Petition,M54:Torah & Obedience","H7760K (mark),H8085G (hear),H1696G (tell),H8451 (laws)","And the Lord said to me, “ Son of man, mark well, see with your eyes, and hear with your ears all that I shall tell you concerning all the statutes of the temple of the Lord and all its laws. And mark well the entrance to the temple and all the exits from the sanctuary."
Eze 44:5,H3820A,heart,well,"M15:Knowing & Understanding,M41:Being Heard,M42:Prayer & Petition,M54:Torah & Obedience","H7760K (mark),H8085G (hear),H1696G (tell),H8451 (laws)","And the Lord said to me, “ Son of man, mark well, see with your eyes, and hear with your ears all that I shall tell you concerning all the statutes of the temple of the Lord and all its laws. And mark well the entrance to the temple and all the exits from the sanctuary."
Eze 44:7,H3820A,heart,heart,"M44:Covenant & Fellowship,M58:Wickedness","H1285 (covenant),H8441 (abominations)","in admitting foreigners, uncircumcised in heart and flesh, to be in my sanctuary, profaning my temple, when you offer to me my food, the fat and the blood. You have broken my covenant, in addition to all your abominations."
Eze 44:7,H1320,flesh,flesh,"M44:Covenant & Fellowship,M58:Wickedness","H1285 (covenant),H8441 (abominations)","in admitting foreigners, uncircumcised in heart and flesh, to be in my sanctuary, profaning my temple, when you offer to me my food, the fat and the blood. You have broken my covenant, in addition to all your abominations."
Eze 47:9,H5315K,soul: animal,creature,M25:Life & Death,"H2416A (living),H2421 (live)","And wherever the river goes, every living creature that swarms will live, and there will be very many fish. For this water goes there, that the waters of the sea may become fresh; so everything will live where the river goes."
Eze 4:14,H5315I,soul: myself,myself,M10c:Defilement,"H2930A (defiled),H6292 (tainted)","Then I said, “ Ah, Lord God! Behold, I have never defiled myself. From my youth up till now I have never eaten what died of itself or was torn by beasts, nor has tainted meat come into my mouth.”"
Eze 4:14,H1320,flesh,meat,M10c:Defilement,"H2930A (defiled),H6292 (tainted)","Then I said, “ Ah, Lord God! Behold, I have never defiled myself. From my youth up till now I have never eaten what died of itself or was torn by beasts, nor has tainted meat come into my mouth.”"
Eze 5:10,H7307H,spirit: breath,winds,M26:Judgment & Condemnation,H8201 (judgments),"Therefore fathers shall eat their sons in your midst, and sons shall eat their fathers. And I will execute judgments on you, and any of you who survive I will scatter to all the winds."
Eze 6:9,H3820A,heart,heart,"M81:Memory (act),M24:Faintness & Despair,M28:Envy & Greed,M11:Turning & Repentance,M06:Malice & Enmity,M58:Wickedness","H2142 (remember),H7665 (broken),H2181 (whoring),H5493H (departed),H2181 (go whoring),H6962 (loathsome),H7451I (evils),H8441 (abominations)","then those of you who escape will remember me among the nations where they are carried captive, how I have been broken over their whoring heart that has departed from me and over their eyes that go whoring after their idols. And they will be loathsome in their own sight for the evils that they have committed, for all their abominations."
Eze 7:19,H5315L,soul: appetite,hunger,"M10c:Defilement,M23:Strength & Courage,M45:Renewal & Transformation,M02:Anger & Wrath,M77:Stumbling & Trial,M56:Sin & Guilt","H5079 (unclean thing),H3201 (able),H5337 (deliver),H5678 (wrath),H7646 (satisfy),H4383 (stumbling block),H5771G (iniquity)","They cast their silver into the streets, and their gold is like an unclean thing. Their silver and gold are not able to deliver them in the day of the wrath of the Lord. They cannot satisfy their hunger or fill their stomachs with it. For it was the stumbling block of their iniquity."
Eze 8:3,H7307G,spirit,Spirit,"M72:Authority & Dominion,M55:Destruction & Ruin,M18:Desire & Longing","H3027H (hand),H5566 (image),H7068 (jealousy),H7065 (jealousy)","He put out the form of a hand and took me by a lock of my head, and the Spirit lifted me up between earth and heaven and brought me in visions of God to Jerusalem, to the entrance of the gateway of the inner court that faces north, where was the seat of the image of jealousy, which provokes to jealousy."
Ezr 1:1,H7307G,spirit,spirit,"M72:Authority & Dominion,M65:Speech & Tongue,M25:Life & Death","H4428G (king),H1697G (word),H5782 (stirred up),H4438 (kingdom)","In the first year of Cyrus king of Persia, that the word of the Lord by the mouth of Jeremiah might be fulfilled, the Lord stirred up the spirit of Cyrus king of Persia, so that he made a proclamation throughout all his kingdom and also put it in writing:"
Ezr 1:5,H7307G,spirit,spirit,"M08:Pride & Arrogance,M72:Authority & Dominion,M36:Worship & Service,M25:Life & Death","H6965B (rose up),H7218H (heads),H3548 (priests),H5782 (stirred)","Then rose up the heads of the fathers’ houses of Judah and Benjamin, and the priests and the Levites, everyone whose spirit God had stirred to go up to rebuild the house of the Lord that is in Jerusalem."
Ezr 6:22,H3820A,heart,heart,"M04:Joy & Gladness,M72:Authority & Dominion,M23:Strength & Courage","H8057 (joy),H8055 (joyful),H4428G (king),H2388G (aided)","And they kept the Feast of Unleavened Bread seven days with joy, for the Lord had made them joyful and had turned the heart of the king of Assyria to them, so that he aided them in the work of the house of God, the God of Israel."
Ezr 7:10,H3824,heart,heart,"M83:Seeking & Inquiring,M54:Torah & Obedience,M12:Righteousness & Integrity","H1875 (study),H8451 (Law),H4941G (rules)","For Ezra had set his heart to study the Law of the Lord, and to do it and to teach his statutes and rules in Israel."
Ezr 7:27,H3820A,heart,heart,"M80:Blessing,M72:Authority & Dominion","H1288 (Blessed),H4428G (king)","Blessed be the Lord, the God of our fathers, who put such a thing as this into the heart of the king, to beautify the house of the Lord that is in Jerusalem,"
Gal 1:16,G4561,flesh,anyone,"M18:Desire & Longing,M65:Speech & Tongue","G2106 (pleased),G2097 (preach)","was pleased to reveal his Son to me, in order that I might preach him among the Gentiles, I did not immediately consult with anyone;"
Gal 2:16,G4561,flesh,one,"M15:Knowing & Understanding,M26:Judgment & Condemnation,M54:Torah & Obedience,M13:Faith & Faithfulness,M19:Trust & Refuge","G6063 (know),G1344 (justified),G3551 (law),G4102G (faith),G4100 (believed)","yet we know that a person is not justified by works of the law but through faith in Jesus Christ, so we also have believed in Christ Jesus, in order to be justified by faith in Christ and not by works of the law, because by works of the law no one will be justified."
Gal 2:20,G4561,flesh,flesh,"M25:Life & Death,M13:Faith & Faithfulness,M51:Love & Devotion","G2198 (live),G2198 (lives),G4102G (faith),G0025 (loved)","I have been crucified with Christ. It is no longer I who live, but Christ who lives in me. And the life I now live in the flesh I live by faith in the Son of God, who loved me and gave himself for me."
Gal 3:14,G4151G,spirit/breath: spirit,Spirit,"M22:Praise & Song,M13:Faith & Faithfulness","G2129 (blessing),G4102G (faith)","so that in Christ Jesus the blessing of Abraham might come to the Gentiles, so that we might receive the promised Spirit through faith."
Gal 3:2,G4151G,spirit/breath: spirit,Spirit,"M18:Desire & Longing,M54:Torah & Obedience,M41:Being Heard,M13:Faith & Faithfulness","G2309 (Let),G3551 (law),G0189 (hearing),G4102G (faith)",Let me ask you only this: Did you receive the Spirit by works of the law or by hearing with faith?
Gal 3:3,G4151G,spirit/breath: spirit,Spirit,M16:Wisdom & Folly,G0453 (foolish),"Are you so foolish? Having begun by the Spirit, are you now being perfected by the flesh?"
Gal 3:3,G4561,flesh,flesh,M16:Wisdom & Folly,G0453 (foolish),"Are you so foolish? Having begun by the Spirit, are you now being perfected by the flesh?"
Gal 3:5,G4151G,spirit/breath: spirit,Spirit,"M23:Strength & Courage,M54:Torah & Obedience,M41:Being Heard,M13:Faith & Faithfulness","G1754 (works),G1411 (miracles),G3551 (law),G0189 (hearing),G4102G (faith)","Does he who supplies the Spirit to you and works miracles among you do so by works of the law, or by hearing with faith —"
Gal 4:13,G4561,flesh,bodily,"M15:Knowing & Understanding,M73:Sickness & Weakness,M65:Speech & Tongue","G6063 (know),G0769G (ailment),G2097 (preached the gospel)","You know it was because of a bodily ailment that I preached the gospel to you at first,"
Gal 4:14,G4561,flesh,condition,"M35:Being Tested,M30:Rebellion & Stubbornness","G3986H (trial),G1848 (scorn)","and though my condition was a trial to you, you did not scorn or despise me, but received me as an angel of God, as Christ Jesus."
Gal 4:6,G4151G,spirit/breath: spirit,Spirit,M42:Prayer & Petition,G2896 (crying),"And because you are sons, God has sent the Spirit of his Son into our hearts, crying, “ Abba! Father!”"
Gal 4:6,G2588,heart,hearts,M42:Prayer & Petition,G2896 (crying),"And because you are sons, God has sent the Spirit of his Son into our hearts, crying, “ Abba! Father!”"
Gal 5:13,G4561,flesh,flesh,"M42:Prayer & Petition,M14:Deceit & Falsehood,M51:Love & Devotion,M78:Slavery & Bondage","G2564G (called),G0080 (brothers),G0026 (love),G1398 (serve)","For you were called to freedom, brothers. Only do not use your freedom as an opportunity for the flesh, but through love serve one another."
Gal 5:16,G4151G,spirit/breath: spirit,Spirit,M18:Desire & Longing,G1939 (desires),"But I say, walk by the Spirit, and you will not gratify the desires of the flesh."
Gal 5:16,G4561,flesh,flesh,M18:Desire & Longing,G1939 (desires),"But I say, walk by the Spirit, and you will not gratify the desires of the flesh."
Gal 5:17,G4561,flesh,flesh,"M18:Desire & Longing,M06:Malice & Enmity","G1937 (desires),G0480 (opposed),G2309 (want)","For the desires of the flesh are against the Spirit, and the desires of the Spirit are against the flesh, for these are opposed to each other, to keep you from doing the things you want to do."
Gal 5:17,G4151G,spirit/breath: spirit,Spirit,"M18:Desire & Longing,M06:Malice & Enmity","G1937 (desires),G0480 (opposed),G2309 (want)","For the desires of the flesh are against the Spirit, and the desires of the Spirit are against the flesh, for these are opposed to each other, to keep you from doing the things you want to do."
Gal 5:17,G4151G,spirit/breath: spirit,Spirit,"M18:Desire & Longing,M06:Malice & Enmity","G1937 (desires),G0480 (opposed),G2309 (want)","For the desires of the flesh are against the Spirit, and the desires of the Spirit are against the flesh, for these are opposed to each other, to keep you from doing the things you want to do."
Gal 5:17,G4561,flesh,flesh,"M18:Desire & Longing,M06:Malice & Enmity","G1937 (desires),G0480 (opposed),G2309 (want)","For the desires of the flesh are against the Spirit, and the desires of the Spirit are against the flesh, for these are opposed to each other, to keep you from doing the things you want to do."
Gal 5:18,G4151G,spirit/breath: spirit,Spirit,M54:Torah & Obedience,G3551 (law),"But if you are led by the Spirit, you are not under the law."
Gal 5:19,G4561,flesh,flesh,"M56:Sin & Guilt,M10c:Defilement,M28:Envy & Greed","G4202 (sexual immorality),G0167 (impurity),G0766 (sensuality)","Now the works of the flesh are evident: sexual immorality, impurity, sensuality,"
Gal 5:22,G4151G,spirit/breath: spirit,Spirit,"M51:Love & Devotion,M04:Joy & Gladness,M33:Rest & Peace,M34:Patience & Perseverance,M50:Grace & Mercy,M46:Wealth & Riches,M13:Faith & Faithfulness","G0026 (love),G5479 (joy),G1515 (peace),G3115 (patience),G5544 (kindness),G0019 (goodness),G4102H (faithfulness)","But the fruit of the Spirit is love, joy, peace, patience, kindness, goodness, faithfulness,"
Gal 5:24,G4561,flesh,flesh,"M24:Faintness & Despair,M18:Desire & Longing","G3804 (passions),G1939 (desires)",And those who belong to Christ Jesus have crucified the flesh with its passions and desires.
Gal 5:25,G4151G,spirit/breath: spirit,Spirit,M25:Life & Death,G2198 (live),"If we live by the Spirit, let us also keep in step with the Spirit."
Gal 5:25,G4151G,spirit/breath: spirit,Spirit,M25:Life & Death,G2198 (live),"If we live by the Spirit, let us also keep in step with the Spirit."
Gal 5:5,G4151G,spirit/breath: spirit,Spirit,"M13:Faith & Faithfulness,M68:Hope & Waiting,M12:Righteousness & Integrity","G4102G (faith),G1680 (hope),G1343 (righteousness)","For through the Spirit, by faith, we ourselves eagerly wait for the hope of righteousness."
Gal 6:1,G4152,spiritual,spiritual,"M14:Deceit & Falsehood,M56:Sin & Guilt,M05:Kindness & Friendship,M74:Keeping & Guarding,M35:Being Tested","G0080 (Brothers),G3900 (transgression),G4236 (gentleness),G4648 (watch),G3985G (tempted)","Brothers, if anyone is caught in any transgression, you who are spiritual should restore him in a spirit of gentleness. Keep watch on yourself, lest you too be tempted."
Gal 6:1,G4151G,spirit/breath: spirit,spirit,"M14:Deceit & Falsehood,M56:Sin & Guilt,M05:Kindness & Friendship,M74:Keeping & Guarding,M35:Being Tested","G0080 (Brothers),G3900 (transgression),G4236 (gentleness),G4648 (watch),G3985G (tempted)","Brothers, if anyone is caught in any transgression, you who are spiritual should restore him in a spirit of gentleness. Keep watch on yourself, lest you too be tempted."
Gal 6:12,G4561,flesh,flesh,"M18:Desire & Longing,M23:Strength & Courage,M32:Covenant","G2309 (want),G0315 (force),G4059 (circumcised)","It is those who want to make a good showing in the flesh who would force you to be circumcised, and only in order that they may not be persecuted for the cross of Christ."
Gal 6:13,G4561,flesh,flesh,"M32:Covenant,M74:Keeping & Guarding,M54:Torah & Obedience,M18:Desire & Longing,M08:Pride & Arrogance","G4059 (circumcised),G5442G (keep),G3551 (law),G2309 (desire),G2744 (boast)","For even those who are circumcised do not themselves keep the law, but they desire to have you circumcised that they may boast in your flesh."
Gal 6:18,G4151G,spirit/breath: spirit,spirit,"M50:Grace & Mercy,M14:Deceit & Falsehood","G5485 (grace),G0080 (brothers)","The grace of our Lord Jesus Christ be with your spirit, brothers. Amen."
Gal 6:8,G4561,flesh,flesh,"M57:Corruption & Perversion,M25:Life & Death","G5356 (corruption),G2222 (life)","For the one who sows to his own flesh will from the flesh reap corruption, but the one who sows to the Spirit will from the Spirit reap eternal life."
Gal 6:8,G4561,flesh,flesh,"M57:Corruption & Perversion,M25:Life & Death","G5356 (corruption),G2222 (life)","For the one who sows to his own flesh will from the flesh reap corruption, but the one who sows to the Spirit will from the Spirit reap eternal life."
Gal 6:8,G4151G,spirit/breath: spirit,Spirit,"M57:Corruption & Perversion,M25:Life & Death","G5356 (corruption),G2222 (life)","For the one who sows to his own flesh will from the flesh reap corruption, but the one who sows to the Spirit will from the Spirit reap eternal life."
Gal 6:8,G4151G,spirit/breath: spirit,Spirit,"M57:Corruption & Perversion,M25:Life & Death","G5356 (corruption),G2222 (life)","For the one who sows to his own flesh will from the flesh reap corruption, but the one who sows to the Spirit will from the Spirit reap eternal life."
Gal 6:9,G1573,to lose heart,grow weary,"M05:Kindness & Friendship,M24:Faintness & Despair","G2570G (good),G1590 (give up)","And let us not grow weary of doing good, for in due season we will reap, if we do not give up."
Gen 12:13,H5315H,soul: life,life,"M44:Covenant & Fellowship,M05:Kindness & Friendship,M25:Life & Death","H0269 (sister),H3190 (go well),H2421 (spared)","Say you are my sister, that it may go well with me because of you, and that my life may be spared for your sake.”"
Gen 14:21,H5315J,soul: person,persons,M72:Authority & Dominion,H4428G (king),"And the king of Sodom said to Abram, “ Give me the persons, but take the goods for yourself.”"
Gen 16:5,H2436G,bosom: embrace,embrace,"M10:Violence & Cruelty,M63:Reasoning & Interpretation","H2555 (wrong),H8199 (judge)","And Sarai said to Abram, “May the wrong done to me be on you! I gave my servant to your embrace, and when she saw that she had conceived, she looked on me with contempt. May the Lord judge between you and me!”"
Gen 17:11,H1320,flesh,flesh,"M32:Covenant,M43:Prophecy & Vision,M44:Covenant & Fellowship","H4135A (circumcised),H6190H (foreskins),H0226H (sign),H1285 (covenant)","You shall be circumcised in the flesh of your foreskins, and it shall be a sign of the covenant between me and you."
Gen 17:13,H1320,flesh,flesh,"M32:Covenant,M44:Covenant & Fellowship","H4135A (surely),H4135A (circumcised),H1285 (covenant)","both he who is born in your house and he who is bought with your money, shall surely be circumcised. So shall my covenant be in your flesh an everlasting covenant."
Gen 17:14,H1320,flesh,flesh,"M32:Covenant,M44:Covenant & Fellowship","H4135A (circumcised),H6190H (foreskin),H1285 (covenant)",Any uncircumcised male who is not circumcised in the flesh of his foreskin shall be cut off from his people; he has broken my covenant.”
Gen 17:14,H5315J,soul: person,shall,"M32:Covenant,M44:Covenant & Fellowship","H4135A (circumcised),H6190H (foreskin),H1285 (covenant)",Any uncircumcised male who is not circumcised in the flesh of his foreskin shall be cut off from his people; he has broken my covenant.”
Gen 17:17,H3820A,heart,himself,M04:Joy & Gladness,H6711 (laughed),"Then Abraham fell on his face and laughed and said to himself, “Shall a child be born to a man who is a hundred years old? Shall Sarah, who is ninety years old, bear a child?”"
Gen 17:23,H1320,flesh,flesh,"M32:Covenant,M42:Prayer & Petition","H4135A (circumcised),H6190H (foreskins),H1696G (said)","Then Abraham took Ishmael his son and all those born in his house or bought with his money, every male among the men of Abraham’s house, and he circumcised the flesh of their foreskins that very day, as God had said to him."
Gen 17:24,H1320,flesh,flesh,M32:Covenant,"H4135A (circumcised),H6190H (foreskin)",Abraham was ninety-nine years old when he was circumcised in the flesh of his foreskin.
Gen 17:25,H1320,flesh,flesh,M32:Covenant,"H4135A (circumcised),H6190H (foreskin)",And Ishmael his son was thirteen years old when he was circumcised in the flesh of his foreskin.
Gen 18:5,H3820A,heart,yourselves,"M70:Lifting & Bearing,M36:Worship & Service,M42:Prayer & Petition","H5582 (refresh),H5650 (servant),H1696G (said)","while I bring a morsel of bread, that you may refresh yourselves, and after that you may pass on — since you have come to your servant.” So they said, “ Do as you have said.”"
Gen 19:19,H5315H,soul: life,life,"M36:Worship & Service,M39:Gift & Favor,M22:Praise & Song,M50:Grace & Mercy,M25:Life & Death,M23:Strength & Courage,M24:Faintness & Despair","H5650 (servant),H2580 (favor),H1431 (great),H2617A (kindness),H2421 (saving),H3201 (cannot),H7451C (disaster)","Behold, your servant has found favor in your sight, and you have shown me great kindness in saving my life. But I cannot escape to the hills, lest the disaster overtake me and I die."
Gen 19:20,H5315H,soul: life,life,M25:Life & Death,H2421 (saved),"Behold, this city is near enough to flee to, and it is a little one. Let me escape there —is it not a little one?—and my life will be saved!”"
Gen 1:20,H5315K,soul: animal,creatures,M25:Life & Death,H2416A (living),"And God said, “Let the waters swarm with swarms of living creatures, and let birds fly above the earth across the expanse of the heavens.”"
Gen 1:21,H5315K,soul: animal,creature,"M25:Life & Death,M18:Desire & Longing","H2416A (living),H2896A (good)","So God created the great sea creatures and every living creature that moves, with which the waters swarm, according to their kinds, and every winged bird according to its kind. And God saw that it was good."
Gen 1:24,H5315K,soul: animal,creatures,M25:Life & Death,"H2416A (living),H2416C (beasts)","And God said, “Let the earth bring forth living creatures according to their kinds — livestock and creeping things and beasts of the earth according to their kinds.” And it was so."
Gen 1:30,H5315H,soul: life,breath,M25:Life & Death,"H2416C (beast),H2416A (life)","And to every beast of the earth and to every bird of the heavens and to everything that creeps on the earth, everything that has the breath of life, I have given every green plant for food.” And it was so."
Gen 20:5,H3824,heart,heart,"M44:Covenant & Fellowship,M12:Righteousness & Integrity","H0269 (sister),H8537 (integrity),H5356A (innocence)","Did he not himself say to me, ‘ She is my sister ’? And she herself said, ‘He is my brother.’ In the integrity of my heart and the innocence of my hands I have done this.”"
Gen 20:6,H3824,heart,heart,"M15:Knowing & Understanding,M12:Righteousness & Integrity,M56:Sin & Guilt","H3045 (know),H8537 (integrity),H2398 (sinning)","Then God said to him in the dream, “ Yes, I know that you have done this in the integrity of your heart, and it was I who kept you from sinning against me. Therefore I did not let you touch her."
Gen 23:8,H5315L,soul: appetite,willing,"M42:Prayer & Petition,M41:Being Heard","H1696G (said),H8085G (hear)","And he said to them, “If you are willing that I should bury my dead out of my sight, hear me and entreat for me Ephron the son of Zohar,"
Gen 24:45,H3820A,heart,heart,M42:Prayer & Petition,H1696G (speaking),"“ Before I had finished speaking in my heart, behold, Rebekah came out with her water jar on her shoulder, and she went down to the spring and drew water. I said to her, ‘ Please let me drink.’"
Gen 26:35,H7307G,spirit,made life,M03:Grief & Lament,H4786 (bitter),and they made life bitter for Isaac and Rebekah.
Gen 27:19,H5315I,soul: myself,soul,"M37:Firstborn & Foreknowledge,M42:Prayer & Petition,M08:Pride & Arrogance,M80:Blessing","H1060 (firstborn),H1696G (told me),H6965B (up),H1288 (bless)","Jacob said to his father, “ I am Esau your firstborn. I have done as you told me; now sit up and eat of my game, that your soul may bless me.”"
Gen 27:25,H5315I,soul: myself,and,M80:Blessing,H1288 (bless),"Then he said, “Bring it near to me, that I may eat of my son’s game and bless you.” So he brought it near to him, and he ate; and he brought him wine, and he drank."
Gen 27:31,H5315I,soul: myself,you,"M08:Pride & Arrogance,M80:Blessing","H6965B (arise),H1288 (bless)","He also prepared delicious food and brought it to his father. And he said to his father, “Let my father arise and eat of his son’s game, that you may bless me.”"
Gen 27:4,H5315I,soul: myself,soul,"M51:Love & Devotion,M80:Blessing","H0157G (love),H1288 (bless)","and prepare for me delicious food, such as I love, and bring it to me so that I may eat, that my soul may bless you before I die.”"
Gen 27:41,H3820A,heart,himself,"M06:Malice & Enmity,M80:Blessing,M03:Grief & Lament","H7852 (hated),H1293 (blessing),H1288 (blessed),H0060 (mourning)","Now Esau hated Jacob because of the blessing with which his father had blessed him, and Esau said to himself, “The days of mourning for my father are approaching; then I will kill my brother Jacob.”"
Gen 2:19,H5315K,soul: animal,creature,"M25:Life & Death,M42:Prayer & Petition","H2416C (beast),H7121H (call),H7121H (called),H2416A (living)","Now out of the ground the Lord God had formed every beast of the field and every bird of the heavens and brought them to the man to see what he would call them. And whatever the man called every living creature, that was its name."
Gen 2:23,H1320,flesh,flesh,M42:Prayer & Petition,H7121H (called),"Then the man said, “ This at last is bone of my bones and flesh of my flesh; she shall be called Woman, because she was taken out of Man.”"
Gen 2:23,H1320,flesh,flesh,M42:Prayer & Petition,H7121H (called),"Then the man said, “ This at last is bone of my bones and flesh of my flesh; she shall be called Woman, because she was taken out of Man.”"
Gen 2:24,H1320,flesh,flesh,M30:Rebellion & Stubbornness,H5800A (leave),"Therefore a man shall leave his father and his mother and hold fast to his wife, and they shall become one flesh."
Gen 2:7,H5315K,soul: animal,creature,M25:Life & Death,"H5301 (breathed),H5397 (breath),H2416E (life),H2416A (living)","then the Lord God formed the man of dust from the ground and breathed into his nostrils the breath of life, and the man became a living creature."
Gen 31:20,H3820A,heart,Laban,M65:Speech & Tongue,H5046 (telling),"And Jacob tricked Laban the Aramean, by not telling him that he intended to flee."
Gen 32:30,H5315H,soul: life,life,"M42:Prayer & Petition,M45:Renewal & Transformation","H7121H (called),H5337 (delivered)","So Jacob called the name of the place Peniel, saying, “For I have seen God face to face, and yet my life has been delivered.”"
Gen 34:3,H5315G,soul,soul,"M51:Love & Devotion,M42:Prayer & Petition","H0157G (loved),H1696G (spoke)",And his soul was drawn to Dinah the daughter of Jacob. He loved the young woman and spoke tenderly to her.
Gen 34:3,H3820A,heart,tenderly,"M51:Love & Devotion,M42:Prayer & Petition","H0157G (loved),H1696G (spoke)",And his soul was drawn to Dinah the daughter of Jacob. He loved the young woman and spoke tenderly to her.
Gen 34:8,H5315G,soul,soul,"M42:Prayer & Petition,M18:Desire & Longing","H1696G (spoke),H2836A (longs)","But Hamor spoke with them, saying, “The soul of my son Shechem longs for your daughter. Please give her to him to be his wife."
Gen 35:18,H5315G,soul,soul,M42:Prayer & Petition,H7121H (called),"And as her soul was departing (for she was dying ), she called his name Ben-oni; but his father called him Benjamin."
Gen 37:21,H5315H,soul: life,life,"M41:Being Heard,M45:Renewal & Transformation","H8085G (heard),H5337 (rescued)","But when Reuben heard it, he rescued him out of their hands, saying, “Let us not take his life.”"
Gen 37:27,H1320,flesh,flesh,M41:Being Heard,H8085G (listened),"Come, let us sell him to the Ishmaelites, and let not our hand be upon him, for he is our brother, our own flesh.” And his brothers listened to him."
Gen 3:8,H7307H,spirit: breath,cool,"M41:Being Heard,M20:Doubt & Discouragement","H8085G (heard),H2244 (hid themselves)","And they heard the sound of the Lord God walking in the garden in the cool of the day, and the man and his wife hid themselves from the presence of the Lord God among the trees of the garden."
Gen 41:19,H1320,flesh,thin,M58:Wickedness,"H7451H (ugly),H7455 (as)","Seven other cows came up after them, poor and very ugly and thin, such as I had never seen in all the land of Egypt."
Gen 41:3,H1320,flesh,thin,M58:Wickedness,H7451H (ugly),"And behold, seven other cows, ugly and thin, came up out of the Nile after them, and stood by the other cows on the bank of the Nile."
Gen 41:38,H7307G,spirit,Spirit,M36:Worship & Service,H5650 (servants),"And Pharaoh said to his servants, “Can we find a man like this, in whom is the Spirit of God?”"
Gen 41:4,H1320,flesh,thin,M58:Wickedness,H7451H (ugly),"And the ugly, thin cows ate up the seven attractive, plump cows. And Pharaoh awoke."
Gen 41:8,H7307G,spirit,spirit,"M03:Grief & Lament,M42:Prayer & Petition,M16:Wisdom & Folly,M63:Reasoning & Interpretation","H6470 (troubled),H7121G (called),H2450 (wise men),H6622 (interpret)","So in the morning his spirit was troubled, and he sent and called for all the magicians of Egypt and all its wise men. Pharaoh told them his dreams, but there was none who could interpret them to Pharaoh."
Gen 42:21,H5315G,soul,soul,"M03:Grief & Lament,M56:Sin & Guilt,M24:Faintness & Despair,M50:Grace & Mercy,M41:Being Heard","H0061 (truth),H0818 (guilty),H6869B (distress),H2603A (begged),H8085G (listen)","Then they said to one another, “In truth we are guilty concerning our brother, in that we saw the distress of his soul, when he begged us and we did not listen. That is why this distress has come upon us.”"
Gen 42:28,H3820A,heart,hearts,M01:Fear & Awe,H2729 (trembling),"He said to his brothers, “My money has been put back; here it is in the mouth of my sack!” At this their hearts failed them, and they turned trembling to one another, saying, “ What is this that God has done to us?”"
Gen 44:30,H5315H,soul: life,life,M36:Worship & Service,H5650 (servant),"“ Now therefore, as soon as I come to your servant my father, and the boy is not with us, then, as his life is bound up in the boy’s life,"
Gen 44:30,H5315H,soul: life,life,M36:Worship & Service,H5650 (servant),"“ Now therefore, as soon as I come to your servant my father, and the boy is not with us, then, as his life is bound up in the boy’s life,"
Gen 45:26,H3820A,heart,heart,"M65:Speech & Tongue,M25:Life & Death,M72:Authority & Dominion,M73:Sickness & Weakness,M13:Faith & Faithfulness","H5046 (told),H2416A (alive),H4910 (ruler),H6313 (became numb),H0539 (believe)","And they told him, “ Joseph is still alive, and he is ruler over all the land of Egypt.” And his heart became numb, for he did not believe them."
Gen 45:27,H7307G,spirit,spirit,"M42:Prayer & Petition,M65:Speech & Tongue,M25:Life & Death","H1696G (told),H1697G (words),H1696G (said),H2421 (revived)","But when they told him all the words of Joseph, which he had said to them, and when he saw the wagons that Joseph had sent to carry him, the spirit of their father Jacob revived."
Gen 49:6,H5315G,soul,soul,"M16:Wisdom & Folly,M22:Praise & Song,M44:Covenant & Fellowship,M02:Anger & Wrath,M18:Desire & Longing","H5475 (council),H3519 (glory),H6951 (company),H0639G (anger),H7522 (willfulness)","Let my soul come not into their council; O my glory, be not joined to their company. For in their anger they killed men, and in their willfulness they hamstrung oxen."
Gen 50:21,H3820A,heart,kindly,"M01:Fear & Awe,M45:Renewal & Transformation,M42:Prayer & Petition","H3372G (fear),H5162G (comforted),H1696G (spoke)",So do not fear; I will provide for you and your little ones.” Thus he comforted them and spoke kindly to them.
Gen 6:12,H1320,flesh,flesh,"M55:Destruction & Ruin,M76:Walk & Conduct","H7843 (corrupt),H7843 (corrupted),H1870G (way)","And God saw the earth, and behold, it was corrupt, for all flesh had corrupted their way on the earth."
Gen 6:13,H1320,flesh,flesh,"M10:Violence & Cruelty,M55:Destruction & Ruin","H2555 (violence),H7843 (destroy)","And God said to Noah, “I have determined to make an end of all flesh, for the earth is filled with violence through them. Behold, I will destroy them with the earth."
Gen 6:17,H1320,flesh,flesh,"M55:Destruction & Ruin,M25:Life & Death","H7843 (destroy),H2416E (life)","For behold, I will bring a flood of waters upon the earth to destroy all flesh in which is the breath of life under heaven. Everything that is on the earth shall die."
Gen 6:17,H7307H,spirit: breath,breath,"M55:Destruction & Ruin,M25:Life & Death","H7843 (destroy),H2416E (life)","For behold, I will bring a flood of waters upon the earth to destroy all flesh in which is the breath of life under heaven. Everything that is on the earth shall die."
Gen 6:19,H1320,flesh,flesh,M25:Life & Death,"H2416A (living thing),H2421 (alive)","And of every living thing of all flesh, you shall bring two of every sort into the ark to keep them alive with you. They shall be male and female."
Gen 6:3,H7307G,spirit,Spirit,M63:Reasoning & Interpretation,H1777 (abide),"Then the Lord said, “My Spirit shall not abide in man forever, for he is flesh: his days shall be 120 years.”"
Gen 6:3,H1320,flesh,flesh,M63:Reasoning & Interpretation,H1777 (abide),"Then the Lord said, “My Spirit shall not abide in man forever, for he is flesh: his days shall be 120 years.”"
Gen 6:5,H3820A,heart,heart,"M58:Wickedness,M64:Will & Resolve,M06:Malice & Enmity","H7451I (wickedness),H3336 (intention),H4284 (thoughts),H7451H (evil)","The Lord saw that the wickedness of man was great in the earth, and that every intention of the thoughts of his heart was only evil continually."
Gen 6:6,H3820A,heart,heart,"M11:Turning & Repentance,M24:Faintness & Despair","H5162H (regretted),H6087A (grieved)","And the Lord regretted that he had made man on the earth, and it grieved him to his heart."
Gen 7:15,H1320,flesh,flesh,M25:Life & Death,H2416E (life),"They went into the ark with Noah, two and two of all flesh in which there was the breath of life."
Gen 7:15,H7307H,spirit: breath,breath,M25:Life & Death,H2416E (life),"They went into the ark with Noah, two and two of all flesh in which there was the breath of life."
Gen 7:21,H1320,flesh,flesh,M25:Life & Death,H2416C (beasts),"And all flesh died that moved on the earth, birds, livestock, beasts, all swarming creatures that swarm on the earth, and all mankind."
Gen 7:22,H7307H,spirit: breath,breath,M25:Life & Death,"H5397 (breath),H2416E (life)",Everything on the dry land in whose nostrils was the breath of life died.
Gen 8:1,H7307H,spirit: breath,wind,"M81:Memory (act),M25:Life & Death","H2142 (remembered),H2416C (beasts)","But God remembered Noah and all the beasts and all the livestock that were with him in the ark. And God made a wind blow over the earth, and the waters subsided."
Gen 8:17,H1320,flesh,flesh,"M25:Life & Death,M23:Strength & Courage","H2416C (living thing),H7235A (multiply)","Bring out with you every living thing that is with you of all flesh — birds and animals and every creeping thing that creeps on the earth —that they may swarm on the earth, and be fruitful and multiply on the earth.”"
Gen 8:21,H3820A,heart,heart,"M04:Joy & Gladness,M64:Will & Resolve,M58:Wickedness,M25:Life & Death","H5207 (pleasing),H3336 (intention),H7451H (evil),H2416A (living creature)","And when the Lord smelled the pleasing aroma, the Lord said in his heart, “I will never again curse the ground because of man, for the intention of man’s heart is evil from his youth. Neither will I ever again strike down every living creature as I have done."
Gen 8:21,H3820A,heart,heart,"M04:Joy & Gladness,M64:Will & Resolve,M58:Wickedness,M25:Life & Death","H5207 (pleasing),H3336 (intention),H7451H (evil),H2416A (living creature)","And when the Lord smelled the pleasing aroma, the Lord said in his heart, “I will never again curse the ground because of man, for the intention of man’s heart is evil from his youth. Neither will I ever again strike down every living creature as I have done."
Gen 9:10,H5315K,soul: animal,creature,M25:Life & Death,"H2416A (living),H2416C (beast)","and with every living creature that is with you, the birds, the livestock, and every beast of the earth with you, as many as came out of the ark; it is for every beast of the earth."
Gen 9:11,H1320,flesh,flesh,"M44:Covenant & Fellowship,M55:Destruction & Ruin","H1285 (covenant),H7843 (destroy)","I establish my covenant with you, that never again shall all flesh be cut off by the waters of the flood, and never again shall there be a flood to destroy the earth.”"
Gen 9:12,H5315K,soul: animal,living creature,"M43:Prophecy & Vision,M44:Covenant & Fellowship,M25:Life & Death","H0226H (sign),H1285 (covenant),H2416A (living creature)","And God said, “ This is the sign of the covenant that I make between me and you and every living creature that is with you, for all future generations:"
Gen 9:15,H5315K,soul: animal,living creature,"M81:Memory (act),M44:Covenant & Fellowship,M25:Life & Death,M55:Destruction & Ruin","H2142 (remember),H1285 (covenant),H2416A (living creature),H7843 (destroy)",I will remember my covenant that is between me and you and every living creature of all flesh. And the waters shall never again become a flood to destroy all flesh.
Gen 9:15,H1320,flesh,flesh,"M81:Memory (act),M44:Covenant & Fellowship,M25:Life & Death,M55:Destruction & Ruin","H2142 (remember),H1285 (covenant),H2416A (living creature),H7843 (destroy)",I will remember my covenant that is between me and you and every living creature of all flesh. And the waters shall never again become a flood to destroy all flesh.
Gen 9:15,H1320,flesh,flesh,"M81:Memory (act),M44:Covenant & Fellowship,M25:Life & Death,M55:Destruction & Ruin","H2142 (remember),H1285 (covenant),H2416A (living creature),H7843 (destroy)",I will remember my covenant that is between me and you and every living creature of all flesh. And the waters shall never again become a flood to destroy all flesh.
Gen 9:16,H5315K,soul: animal,creature,"M81:Memory (act),M44:Covenant & Fellowship,M25:Life & Death","H2142 (remember),H1285 (covenant),H2416A (living)","When the bow is in the clouds, I will see it and remember the everlasting covenant between God and every living creature of all flesh that is on the earth.”"
Gen 9:16,H1320,flesh,flesh,"M81:Memory (act),M44:Covenant & Fellowship,M25:Life & Death","H2142 (remember),H1285 (covenant),H2416A (living)","When the bow is in the clouds, I will see it and remember the everlasting covenant between God and every living creature of all flesh that is on the earth.”"
Gen 9:17,H1320,flesh,flesh,"M43:Prophecy & Vision,M44:Covenant & Fellowship","H0226H (sign),H1285 (covenant)","God said to Noah, “ This is the sign of the covenant that I have established between me and all flesh that is on the earth.”"
Gen 9:5,H5315H,soul: life,lifeblood,"M83:Seeking & Inquiring,M25:Life & Death","H1875 (reckoning),H2416C (beast),H1875 (require)",And for your lifeblood I will require a reckoning: from every beast I will require it and from man. From his fellow man I will require a reckoning for the life of man.
Gen 9:5,H5315H,soul: life,life,"M83:Seeking & Inquiring,M25:Life & Death","H1875 (reckoning),H2416C (beast),H1875 (require)",And for your lifeblood I will require a reckoning: from every beast I will require it and from man. From his fellow man I will require a reckoning for the life of man.
Hab 1:11,H7307H,spirit: breath,wind,"M56:Sin & Guilt,M23:Strength & Courage","H0816 (guilty),H3581B (might)","Then they sweep by like the wind and go on, guilty men, whose own might is their god!”"
Hab 2:10,H5315H,soul: life,life,"M63:Reasoning & Interpretation,M07:Shame & Confusion,M56:Sin & Guilt","H3289 (devised),H1322 (shame),H2398 (forfeited)",You have devised shame for your house by cutting off many peoples; you have forfeited your life.
Hab 2:19,H7307H,spirit: breath,breath,"M03:Grief & Lament,M25:Life & Death,M05:Kindness & Friendship","H1945 (Woe),H5782 (Arise),H3384B (teach)","Woe to him who says to a wooden thing, Awake; to a silent stone, Arise! Can this teach? Behold, it is overlaid with gold and silver, and there is no breath at all in it."
Hab 2:4,H5315G,soul,soul,"M12:Righteousness & Integrity,M25:Life & Death,M13:Faith & Faithfulness","H6662 (righteous),H2421 (live),H0530 (faith)","“ Behold, his soul is puffed up; it is not upright within him, but the righteous shall live by his faith."
Hab 2:5,H5315L,soul: appetite,greed,"M14:Deceit & Falsehood,M08:Pride & Arrogance,M23:Strength & Courage,M45:Renewal & Transformation","H0898 (traitor),H3093 (arrogant),H7337 (wide),H7646 (enough)","“ Moreover, wine is a traitor, an arrogant man who is never at rest. His greed is as wide as Sheol; like death he has never enough. He gathers for himself all nations and collects as his own all peoples.”"
Hag 1:14,H7307G,spirit,spirit,"M25:Life & Death,M36:Worship & Service,M72:Authority & Dominion","H5782 (stirred up),H3548 (priest),H6635B (hosts)","And the Lord stirred up the spirit of Zerubbabel the son of Shealtiel, governor of Judah, and the spirit of Joshua the son of Jehozadak, the high priest, and the spirit of all the remnant of the people. And they came and worked on the house of the Lord of hosts, their God,"
Hag 1:14,H7307G,spirit,spirit,"M25:Life & Death,M36:Worship & Service,M72:Authority & Dominion","H5782 (stirred up),H3548 (priest),H6635B (hosts)","And the Lord stirred up the spirit of Zerubbabel the son of Shealtiel, governor of Judah, and the spirit of Joshua the son of Jehozadak, the high priest, and the spirit of all the remnant of the people. And they came and worked on the house of the Lord of hosts, their God,"
Hag 1:14,H7307G,spirit,spirit,"M25:Life & Death,M36:Worship & Service,M72:Authority & Dominion","H5782 (stirred up),H3548 (priest),H6635B (hosts)","And the Lord stirred up the spirit of Zerubbabel the son of Shealtiel, governor of Judah, and the spirit of Joshua the son of Jehozadak, the high priest, and the spirit of all the remnant of the people. And they came and worked on the house of the Lord of hosts, their God,"
Hag 1:5,H3824,heart,Consider,"M72:Authority & Dominion,M15:Knowing & Understanding,M76:Walk & Conduct","H6635B (hosts),H7760K (Consider),H1870G (ways)","Now, therefore, thus says the Lord of hosts: Consider your ways."
Hag 1:7,H3824,heart,Consider,"M72:Authority & Dominion,M15:Knowing & Understanding,M76:Walk & Conduct","H6635B (hosts),H7760K (Consider),H1870G (ways)",“ Thus says the Lord of hosts: Consider your ways.
Hag 2:12,H1320,flesh,meat,"M61:Purity & Holiness,M36:Worship & Service","H6944G (holy),H6942G (holy),H3548 (priests)","‘ If someone carries holy meat in the fold of his garment and touches with his fold bread or stew or wine or oil or any kind of food, does it become holy?’” The priests answered and said, “ No.”"
Hag 2:13,H5315M,soul: dead,dead body,"M10c:Defilement,M36:Worship & Service","H2931 (unclean),H2930A (become unclean),H3548 (priests)","Then Haggai said, “ If someone who is unclean by contact with a dead body touches any of these, does it become unclean?” The priests answered and said, “It does become unclean.”"
Hag 2:15,H3824,heart,consider,M15:Knowing & Understanding,H7760K (consider),"Now then, consider from this day onward. Before stone was placed upon stone in the temple of the Lord,"
Hag 2:18,H3824,heart,Consider,M15:Knowing & Understanding,"H7760K (Consider),H7760K (consider)","Consider from this day onward, from the twenty-fourth day of the ninth month. Since the day that the foundation of the Lord’s temple was laid, consider:"
Hag 2:18,H3824,heart,consider,M15:Knowing & Understanding,"H7760K (Consider),H7760K (consider)","Consider from this day onward, from the twenty-fourth day of the ninth month. Since the day that the foundation of the Lord’s temple was laid, consider:"
Hag 2:5,H7307G,spirit,Spirit,"M65:Speech & Tongue,M44:Covenant & Fellowship,M01:Fear & Awe","H1697G (covenant),H3772H (made),H3372G (Fear)",according to the covenant that I made with you when you came out of Egypt. My Spirit remains in your midst. Fear not.
Heb 10:15,G4151G,spirit/breath: spirit,Spirit,"M61:Purity & Holiness,M35:Being Tested","G0040G (Holy),G3140 (bears witness)","And the Holy Spirit also bears witness to us; for after saying,"
Heb 10:16,G2588,heart,hearts,"M44:Covenant & Fellowship,M54:Torah & Obedience,M15:Knowing & Understanding","G1242 (covenant),G1303 (make),G3551 (laws),G1271 (minds)","“ This is the covenant that I will make with them after those days, declares the Lord: I will put my laws on their hearts, and write them on their minds,”"
Heb 10:2,G4893,conscience,consciousness,"M36:Worship & Service,M56:Sin & Guilt","G3000 (worshipers),G0266 (sins)","Otherwise, would they not have ceased to be offered, since the worshipers, having once been cleansed, would no longer have any consciousness of sins?"
Heb 10:20,G4561,flesh,flesh,"M45:Renewal & Transformation,M25:Life & Death","G4372 (new),G2198 (living)","by the new and living way that he opened for us through the curtain, that is, through his flesh,"
Heb 10:22,G2588,heart,heart,"M13:Faith & Faithfulness,M58:Wickedness,M12:Righteousness & Integrity","G0228 (true),G4102G (faith),G4190 (evil),G2513 (pure)","let us draw near with a true heart in full assurance of faith, with our hearts sprinkled clean from an evil conscience and our bodies washed with pure water."
Heb 10:22,G2588,heart,hearts,"M13:Faith & Faithfulness,M58:Wickedness,M12:Righteousness & Integrity","G0228 (true),G4102G (faith),G4190 (evil),G2513 (pure)","let us draw near with a true heart in full assurance of faith, with our hearts sprinkled clean from an evil conscience and our bodies washed with pure water."
Heb 10:22,G4893,conscience,conscience,"M13:Faith & Faithfulness,M58:Wickedness,M12:Righteousness & Integrity","G0228 (true),G4102G (faith),G4190 (evil),G2513 (pure)","let us draw near with a true heart in full assurance of faith, with our hearts sprinkled clean from an evil conscience and our bodies washed with pure water."
Heb 10:29,G4151G,spirit/breath: spirit,Spirit,"M15:Knowing & Understanding,M71:Glory & Splendor,M72:Authority & Dominion,M44:Covenant & Fellowship,M61:Purity & Holiness,M50:Grace & Mercy","G1380 (think),G0515 (deserved),G2233 (profaned),G1242 (covenant),G0037 (sanctified),G5485 (grace)","How much worse punishment, do you think, will be deserved by the one who has trampled underfoot the Son of God, and has profaned the blood of the covenant by which he was sanctified, and has outraged the Spirit of grace?"
Heb 10:38,G5590I,soul: myself,soul,"M12:Righteousness & Integrity,M25:Life & Death,M13:Faith & Faithfulness,M18:Desire & Longing","G1342 (righteous one),G2198 (live),G4102G (faith),G2106 (pleasure)","but my righteous one shall live by faith, and if he shrinks back, my soul has no pleasure in him.”"
Heb 10:39,G5590G,soul,souls,"M55:Destruction & Ruin,M13:Faith & Faithfulness","G0684 (destroyed),G4102G (faith)","But we are not of those who shrink back and are destroyed, but of those who have faith and preserve their souls."
Heb 12:23,G4151G,spirit/breath: spirit,spirits,"M44:Covenant & Fellowship,M37:Firstborn & Foreknowledge,M12:Righteousness & Integrity","G1577 (assembly),G4416 (firstborn),G1342 (righteous)","and to the assembly of the firstborn who are enrolled in heaven, and to God, the judge of all, and to the spirits of the righteous made perfect,"
Heb 12:3,G5590G,soul,fainthearted,"M34:Patience & Perseverance,M10:Violence & Cruelty,M63:Reasoning & Interpretation,M24:Faintness & Despair","G5278 (endured),G0268 (sinners),G0485 (hostility),G2577G (grow weary),G1590 (fainthearted)","Consider him who endured from sinners such hostility against himself, so that you may not grow weary or fainthearted."
Heb 12:9,G4561,flesh,earthly,"M07:Shame & Confusion,M23:Strength & Courage,M25:Life & Death","G1788 (respected),G5293 (subject),G2198 (live)","Besides this, we have had earthly fathers who disciplined us and we respected them. Shall we not much more be subject to the Father of spirits and live?"
Heb 12:9,G4151G,spirit/breath: spirit,spirits,"M07:Shame & Confusion,M23:Strength & Courage,M25:Life & Death","G1788 (respected),G5293 (subject),G2198 (live)","Besides this, we have had earthly fathers who disciplined us and we respected them. Shall we not much more be subject to the Father of spirits and live?"
Heb 13:17,G5590G,soul,souls,"M77:Stumbling & Trial,M72:Authority & Dominion,M65:Speech & Tongue,M04:Joy & Gladness,M03:Grief & Lament","G3982 (Obey),G2233 (leaders),G3056 (account),G5479 (joy),G4727 (groaning)","Obey your leaders and submit to them, for they are keeping watch over your souls, as those who will have to give an account. Let them do this with joy and not with groaning, for that would be of no advantage to you."
Heb 13:18,G4893,conscience,conscience,"M42:Prayer & Petition,M77:Stumbling & Trial,M05:Kindness & Friendship,M18:Desire & Longing","G4336 (Pray),G3982 (sure),G2570G (clear),G2309 (desiring)","Pray for us, for we are sure that we have a clear conscience, desiring to act honorably in all things."
Heb 13:9,G2588,heart,heart,"M05:Kindness & Friendship,M62:Truth & Sincerity,M50:Grace & Mercy,M45:Renewal & Transformation","G2570G (good),G0950 (strengthened),G5485 (grace),G5623 (benefited)","Do not be led away by diverse and strange teachings, for it is good for the heart to be strengthened by grace, not by foods, which have not benefited those devoted to them."
Heb 1:14,G4151G,spirit/breath: spirit,spirits,"M36:Worship & Service,M79:Salvation & Ransom","G1248 (serve),G4991 (salvation)",Are they not all ministering spirits sent out to serve for the sake of those who are to inherit salvation?
Heb 2:14,G4561,flesh,flesh,"M44:Covenant & Fellowship,M23:Strength & Courage","G3348 (partook),G2904 (power)","Since therefore the children share in flesh and blood, he himself likewise partook of the same things, that through death he might destroy the one who has the power of death, that is, the devil,"
Heb 2:4,G4151G,spirit/breath: spirit,Spirit,"M43:Prophecy & Vision,M23:Strength & Courage,M61:Purity & Holiness","G4592 (signs),G1411 (miracles),G0040G (Holy)",while God also bore witness by signs and wonders and various miracles and by gifts of the Holy Spirit distributed according to his will.
Heb 3:10,G2588,heart,heart,"M02:Anger & Wrath,M15:Knowing & Understanding","G4360 (provoked),G1097 (known)","Therefore I was provoked with that generation, and said, ‘They always go astray in their heart; they have not known my ways.’"
Heb 3:12,G2588,heart,heart,"M14:Deceit & Falsehood,M58:Wickedness,M31:Faith,M59:Release & Reconciliation,M25:Life & Death","G0080 (brothers),G4190 (evil),G0570 (unbelieving),G0868 (fall away),G2198 (living)","Take care, brothers, lest there be in any of you an evil, unbelieving heart, leading you to fall away from the living God."
Heb 3:15,G2588,heart,hearts,"M75:Disobedience & Lawlessness,M30:Rebellion & Stubbornness","G4645 (harden),G3894 (rebellion)","As it is said, “ Today, if you hear his voice, do not harden your hearts as in the rebellion.”"
Heb 3:7,G4151G,spirit/breath: spirit,Spirit,M61:Purity & Holiness,G0040G (Holy),"Therefore, as the Holy Spirit says, “ Today, if you hear his voice,"
Heb 3:8,G2588,heart,hearts,"M75:Disobedience & Lawlessness,M30:Rebellion & Stubbornness,M35:Being Tested","G4645 (harden),G3894 (rebellion),G3986H (testing)","do not harden your hearts as in the rebellion, on the day of testing in the wilderness,"
Heb 4:12,G5590G,soul,soul,"M65:Speech & Tongue,M25:Life & Death,M23:Strength & Courage,M15:Knowing & Understanding","G3056 (word),G2198 (living),G1756 (active),G2924 (discerning),G1761 (thoughts),G1771 (intentions)","For the word of God is living and active, sharper than any two-edged sword, piercing to the division of soul and of spirit, of joints and of marrow, and discerning the thoughts and intentions of the heart."
Heb 4:12,G4151G,spirit/breath: spirit,spirit,"M65:Speech & Tongue,M25:Life & Death,M23:Strength & Courage,M15:Knowing & Understanding","G3056 (word),G2198 (living),G1756 (active),G2924 (discerning),G1761 (thoughts),G1771 (intentions)","For the word of God is living and active, sharper than any two-edged sword, piercing to the division of soul and of spirit, of joints and of marrow, and discerning the thoughts and intentions of the heart."
Heb 4:12,G2588,heart,heart,"M65:Speech & Tongue,M25:Life & Death,M23:Strength & Courage,M15:Knowing & Understanding","G3056 (word),G2198 (living),G1756 (active),G2924 (discerning),G1761 (thoughts),G1771 (intentions)","For the word of God is living and active, sharper than any two-edged sword, piercing to the division of soul and of spirit, of joints and of marrow, and discerning the thoughts and intentions of the heart."
Heb 4:7,G2588,heart,hearts,M75:Disobedience & Lawlessness,G4645 (harden),"again he appoints a certain day, “ Today,” saying through David so long afterward, in the words already quoted, “ Today, if you hear his voice, do not harden your hearts.”"
Heb 5:7,G4561,flesh,flesh,"M42:Prayer & Petition,M23:Strength & Courage,M84:Outcry & Shouting,M45:Renewal & Transformation,M41:Being Heard,M01:Fear & Awe","G1162 (prayers),G2428 (supplications),G2478 (loud),G2906 (cries),G4982 (save),G1522 (heard),G2124 (reverence)","In the days of his flesh, Jesus offered up prayers and supplications, with loud cries and tears, to him who was able to save him from death, and he was heard because of his reverence."
Heb 6:19,G5590G,soul,soul,"M19:Trust & Refuge,M23:Strength & Courage","G0804 (sure),G0949 (steadfast)","We have this as a sure and steadfast anchor of the soul, a hope that enters into the inner place behind the curtain,"
Heb 6:4,G4151G,spirit/breath: spirit,Spirit,"M39:Gift & Favor,M61:Purity & Holiness","G1431 (gift),G0040G (Holy)","For it is impossible, in the case of those who have once been enlightened, who have tasted the heavenly gift, and have shared in the Holy Spirit,"
Heb 8:10,G2588,heart,hearts,"M44:Covenant & Fellowship,M54:Torah & Obedience,M15:Knowing & Understanding","G1242 (covenant),G1303 (make),G3551 (laws),G1271 (minds)","For this is the covenant that I will make with the house of Israel after those days, declares the Lord: I will put my laws into their minds, and write them on their hearts, and I will be their God, and they shall be my people."
Heb 9:10,G4561,flesh,body,M12:Righteousness & Integrity,G1345 (regulations),"but deal only with food and drink and various washings, regulations for the body imposed until the time of reformation."
Heb 9:13,G4561,flesh,flesh,"M61:Purity & Holiness,M12:Righteousness & Integrity","G0037 (sanctify),G2514 (purification)","For if the blood of goats and bulls, and the sprinkling of defiled persons with the ashes of a heifer, sanctify for the purification of the flesh,"
Heb 9:14,G4151G,spirit/breath: spirit,Spirit,"M12:Righteousness & Integrity,M36:Worship & Service,M25:Life & Death","G0299 (without blemish),G2511 (purify),G3000 (serve),G2198 (living)","how much more will the blood of Christ, who through the eternal Spirit offered himself without blemish to God, purify our conscience from dead works to serve the living God."
Heb 9:14,G4893,conscience,conscience,"M12:Righteousness & Integrity,M36:Worship & Service,M25:Life & Death","G0299 (without blemish),G2511 (purify),G3000 (serve),G2198 (living)","how much more will the blood of Christ, who through the eternal Spirit offered himself without blemish to God, purify our conscience from dead works to serve the living God."
Heb 9:8,G4151G,spirit/breath: spirit,Spirit,M61:Purity & Holiness,G0040G (Holy),By this the Holy Spirit indicates that the way into the holy places is not yet opened as long as the first section is still standing
Heb 9:9,G4893,conscience,conscience,"M39:Gift & Favor,M36:Worship & Service","G1435 (gifts),G3000 (worshiper)","( which is symbolic for the present age ). According to this arrangement, gifts and sacrifices are offered that cannot perfect the conscience of the worshiper,"
Hos 10:2,H3820A,heart,heart,"M56:Sin & Guilt,M55:Destruction & Ruin","H0816 (guilt),H7703 (destroy)",Their heart is false; now they must bear their guilt. The Lord will break down their altars and destroy their pillars.
Hos 11:8,H3820A,heart,heart,"M45:Renewal & Transformation,M23:Strength & Courage","H5150 (compassion),H3648 (warm)","How can I give you up, O Ephraim? How can I hand you over, O Israel? How can I make you like Admah? How can I treat you like Zeboiim? My heart recoils within me; my compassion grows warm and tender."
Hos 12:1,H7307H,spirit: breath,wind,"M23:Strength & Courage,M14:Deceit & Falsehood,M10:Violence & Cruelty,M44:Covenant & Fellowship,M76:Walk & Conduct","H7235A (multiply),H3577 (falsehood),H7701 (violence),H3772H (make),H1285 (covenant),H2986 (carried)","Ephraim feeds on the wind and pursues the east wind all day long; they multiply falsehood and violence; they make a covenant with Assyria, and oil is carried to Egypt."
Hos 13:15,H7307H,spirit: breath,wind,"M24:Faintness & Despair,M18:Desire & Longing","H3001 (dry up),H2532A (precious)","Though he may flourish among his brothers, the east wind, the wind of the Lord, shall come, rising from the wilderness, and his fountain shall dry up; his spring shall be parched; it shall strip his treasury of every precious thing."
Hos 13:6,H3820A,heart,heart,"M45:Renewal & Transformation,M22:Praise & Song,M81:Memory (act)","H7646 (full),H7646 (filled),H7311A (lifted up),H7911 (forgot)","but when they had grazed, they became full, they were filled, and their heart was lifted up; therefore they forgot me."
Hos 13:8,H3820A,heart,breast,M25:Life & Death,H2416C (beast),"I will fall upon them like a bear robbed of her cubs; I will tear open their breast, and there I will devour them like a lion, as a wild beast would rip them open."
Hos 2:14,H3820A,heart,tenderly,"M77:Stumbling & Trial,M42:Prayer & Petition","H6601B (allure),H1696G (speak)","“ Therefore, behold, I will allure her, and bring her into the wilderness, and speak tenderly to her."
Hos 4:11,H3820A,heart,understanding,M28:Envy & Greed,H2184 (whoredom),"whoredom, wine, and new wine, which take away the understanding."
Hos 4:12,H7307G,spirit,spirit,"M21:Fasting & Piety,M65:Speech & Tongue,M28:Envy & Greed,M76:Walk & Conduct","H7592 (inquire),H5046 (oracles),H2183 (whoredom),H8582 (astray),H2181 (whore)","My people inquire of a piece of wood, and their walking staff gives them oracles. For a spirit of whoredom has led them astray, and they have left their God to play the whore."
Hos 4:19,H7307H,spirit: breath,wind,M07:Shame & Confusion,H0954 (ashamed),"A wind has wrapped them in its wings, and they shall be ashamed because of their sacrifices."
Hos 4:8,H5315L,soul: appetite,greedy,"M56:Sin & Guilt,M19:Trust & Refuge","H2403B (sin),H5375O (greedy),H5771G (iniquity)",They feed on the sin of my people; they are greedy for their iniquity.
Hos 5:4,H7307G,spirit,spirit,"M28:Envy & Greed,M15:Knowing & Understanding","H2183 (whoredom),H3045 (know)","Their deeds do not permit them to return to their God. For the spirit of whoredom is within them, and they know not the Lord."
Hos 7:11,H3820A,heart,sense,"M77:Stumbling & Trial,M42:Prayer & Petition","H6601B (silly),H7121G (calling)","Ephraim is like a dove, silly and without sense, calling to Egypt, going to Assyria."
Hos 7:14,H3820A,heart,heart,"M42:Prayer & Petition,M03:Grief & Lament,M11:Turning & Repentance","H2199 (cry),H3213 (wail),H5493I (rebel)","They do not cry to me from the heart, but they wail upon their beds; for grain and wine they gash themselves; they rebel against me."
Hos 7:2,H3824,heart,not consider,"M81:Memory (act),M58:Wickedness","H2142 (remember),H7451I (evil)",But they do not consider that I remember all their evil. Now their deeds surround them; they are before my face.
Hos 8:13,H1320,flesh,meat,"M39:Gift & Favor,M81:Memory (act),M56:Sin & Guilt","H1890 (offerings),H7521 (accept),H2142 (remember),H5771G (iniquity),H2403B (sins)","As for my sacrificial offerings, they sacrifice meat and eat it, but the Lord does not accept them. Now he will remember their iniquity and punish their sins; they shall return to Egypt."
Hos 9:4,H5315L,soul: appetite,hunger,"M04:Joy & Gladness,M58:Wickedness,M10c:Defilement","H6149 (please),H0205H (mourners),H2930A (defiled)","They shall not pour drink offerings of wine to the Lord, and their sacrifices shall not please him. It shall be like mourners ’ bread to them; all who eat of it shall be defiled; for their bread shall be for their hunger only; it shall not come to the house of the Lord."
Hos 9:7,H7307G,spirit,spirit,"M15:Knowing & Understanding,M43:Prophecy & Vision,M16:Wisdom & Folly,M66:Madness & Recklessness,M46:Wealth & Riches,M56:Sin & Guilt,M06:Malice & Enmity","H3045 (know),H5030 (prophet),H0191 (fool),H7696 (mad),H7230 (great),H5771G (iniquity),H4895 (hatred)","The days of punishment have come; the days of recompense have come; Israel shall know it. The prophet is a fool; the man of the spirit is mad, because of your great iniquity and great hatred."
Isa 10:12,H3824,heart,heart,"M71:Glory & Splendor,M72:Authority & Dominion,M08:Pride & Arrogance","H1433 (arrogant),H4428G (king),H7312 (boastful)","When the Lord has finished all his work on Mount Zion and on Jerusalem, he will punish the speech of the arrogant heart of the king of Assyria and the boastful look in his eyes."
Isa 10:18,H5315G,soul,soul,"M22:Praise & Song,M24:Faintness & Despair","H3519 (glory),H5263 (sick man)","The glory of his forest and of his fruitful land the Lord will destroy, both soul and body, and it will be as when a sick man wastes away."
Isa 10:18,H1320,flesh,body,"M22:Praise & Song,M24:Faintness & Despair","H3519 (glory),H5263 (sick man)","The glory of his forest and of his fruitful land the Lord will destroy, both soul and body, and it will be as when a sick man wastes away."
Isa 10:7,H3824,heart,heart,"M64:Will & Resolve,M10:Violence & Cruelty","H2803I (think),H8045 (destroy)","But he does not so intend, and his heart does not so think; but it is in his heart to destroy, and to cut off nations not a few;"
Isa 10:7,H3824,heart,heart,"M64:Will & Resolve,M10:Violence & Cruelty","H2803I (think),H8045 (destroy)","But he does not so intend, and his heart does not so think; but it is in his heart to destroy, and to cut off nations not a few;"
Isa 11:15,H7307H,spirit: breath,breath,M51:Love & Devotion,H2763A (utterly destroy),"And the Lord will utterly destroy the tongue of the Sea of Egypt, and will wave his hand over the River with his scorching breath, and strike it into seven channels, and he will lead people across in sandals."
Isa 11:2,H7307G,spirit,Spirit,"M33:Rest & Peace,M16:Wisdom & Folly,M15:Knowing & Understanding,M23:Strength & Courage,M01:Fear & Awe","H5117 (rest),H2451 (wisdom),H0998 (understanding),H6098 (counsel),H1369 (might),H1847 (knowledge),H3374 (fear)","And the Spirit of the Lord shall rest upon him, the Spirit of wisdom and understanding, the Spirit of counsel and might, the Spirit of knowledge and the fear of the Lord."
Isa 11:2,H7307G,spirit,Spirit,"M33:Rest & Peace,M16:Wisdom & Folly,M15:Knowing & Understanding,M23:Strength & Courage,M01:Fear & Awe","H5117 (rest),H2451 (wisdom),H0998 (understanding),H6098 (counsel),H1369 (might),H1847 (knowledge),H3374 (fear)","And the Spirit of the Lord shall rest upon him, the Spirit of wisdom and understanding, the Spirit of counsel and might, the Spirit of knowledge and the fear of the Lord."
Isa 11:2,H7307G,spirit,Spirit,"M33:Rest & Peace,M16:Wisdom & Folly,M15:Knowing & Understanding,M23:Strength & Courage,M01:Fear & Awe","H5117 (rest),H2451 (wisdom),H0998 (understanding),H6098 (counsel),H1369 (might),H1847 (knowledge),H3374 (fear)","And the Spirit of the Lord shall rest upon him, the Spirit of wisdom and understanding, the Spirit of counsel and might, the Spirit of knowledge and the fear of the Lord."
Isa 11:2,H7307G,spirit,Spirit,"M33:Rest & Peace,M16:Wisdom & Folly,M15:Knowing & Understanding,M23:Strength & Courage,M01:Fear & Awe","H5117 (rest),H2451 (wisdom),H0998 (understanding),H6098 (counsel),H1369 (might),H1847 (knowledge),H3374 (fear)","And the Spirit of the Lord shall rest upon him, the Spirit of wisdom and understanding, the Spirit of counsel and might, the Spirit of knowledge and the fear of the Lord."
Isa 11:4,H7307H,spirit: breath,breath,"M12:Righteousness & Integrity,M63:Reasoning & Interpretation,M09:Humility & Lowliness,M58:Wickedness","H6664G (righteousness),H8199 (judge),H1800 (poor),H6035 (meek),H7563 (wicked)","but with righteousness he shall judge the poor, and decide with equity for the meek of the earth; and he shall strike the earth with the rod of his mouth, and with the breath of his lips he shall kill the wicked."
Isa 13:7,H3824,heart,heart,M24:Faintness & Despair,H7503 (feeble),"Therefore all hands will be feeble, and every human heart will melt."
Isa 14:13,H3824,heart,heart,"M72:Authority & Dominion,M22:Praise & Song","H3678G (throne),H7311A (high)","You said in your heart, ‘I will ascend to heaven; above the stars of God I will set my throne on high; I will sit on the mount of assembly in the far reaches of the north;"
Isa 15:4,H5315G,soul,soul,"M42:Prayer & Petition,M41:Being Heard,M84:Outcry & Shouting,M73:Sickness & Weakness","H2199 (cry out),H8085G (heard),H7321 (cry aloud),H3415 (trembles)",Heshbon and Elealeh cry out; their voice is heard as far as Jahaz; therefore the armed men of Moab cry aloud; his soul trembles.
Isa 15:5,H3820A,heart,heart,"M42:Prayer & Petition,M03:Grief & Lament,M25:Life & Death,M84:Outcry & Shouting,M24:Faintness & Despair","H2199 (out),H1065 (weeping),H5782 (raise),H2201 (cry),H7667 (destruction)","My heart cries out for Moab; her fugitives flee to Zoar, to Eglath-shelishiyah. For at the ascent of Luhith they go up weeping; on the road to Horonaim they raise a cry of destruction;"
Isa 17:4,H1320,flesh,flesh,"M22:Praise & Song,M24:Faintness & Despair,M46:Wealth & Riches","H3519 (glory),H1809 (brought low),H4924B (fat)","And in that day the glory of Jacob will be brought low, and the fat of his flesh will grow lean."
Isa 19:1,H3824,heart,heart,M55:Destruction & Ruin,H0457 (idols),"An oracle concerning Egypt. Behold, the Lord is riding on a swift cloud and comes to Egypt; and the idols of Egypt will tremble at his presence, and the heart of the Egyptians will melt within them."
Isa 19:10,H5315G,soul,grieved,"M10:Violence & Cruelty,M03:Grief & Lament","H1792 (crushed),H0099 (grieved)","Those who are the pillars of the land will be crushed, and all who work for pay will be grieved."
Isa 19:14,H7307G,spirit,spirit,M76:Walk & Conduct,"H8582 (stagger),H8582 (man staggers)","The Lord has mingled within her a spirit of confusion, and they will make Egypt stagger in all its deeds, as a drunken man staggers in his vomit."
Isa 19:3,H7307G,spirit,spirit,"M16:Wisdom & Folly,M83:Seeking & Inquiring,M55:Destruction & Ruin","H6098 (counsel),H1875 (inquire),H0457 (idols)","and the spirit of the Egyptians within them will be emptied out, and I will confound their counsel; and they will inquire of the idols and the sorcerers, and the mediums and the necromancers;"
Isa 1:14,H5315G,soul,soul,"M06:Malice & Enmity,M78:Slavery & Bondage,M24:Faintness & Despair","H8130 (hates),H2960 (burden),H3811 (weary)",Your new moons and your appointed feasts my soul hates; they have become a burden to me; I am weary of bearing them.
Isa 1:5,H3824,heart,heart,"M55:Destruction & Ruin,M73:Sickness & Weakness,M24:Faintness & Despair","H5627 (rebel),H2483 (sick),H1742 (faint)","Why will you still be struck down? Why will you continue to rebel? The whole head is sick, and the whole heart faint."
Isa 21:4,H3824,heart,heart,"M76:Walk & Conduct,M01:Fear & Awe,M18:Desire & Longing","H8582 (staggers),H6427 (horror),H2837 (longed for),H2731 (trembling)",My heart staggers; horror has appalled me; the twilight I longed for has been turned for me into trembling.
Isa 22:13,H1320,flesh,flesh,M04:Joy & Gladness,"H8342 (joy),H8057 (gladness)","and behold, joy and gladness, killing oxen and slaughtering sheep, eating flesh and drinking wine. “Let us eat and drink, for tomorrow we die.”"
Isa 24:7,H3820A,heart,merry-hearted,"M03:Grief & Lament,M73:Sickness & Weakness,M04:Joy & Gladness","H0056 (mourns),H0535 (languishes),H8056 (merry-hearted),H0584 (sigh)","The wine mourns, the vine languishes, all the merry-hearted sigh."
Isa 25:4,H7307H,spirit: breath,breath,"M19:Trust & Refuge,M09:Humility & Lowliness,M24:Faintness & Despair,M10:Violence & Cruelty","H4581 (stronghold),H1800 (poor),H0034 (needy),H6862B (distress),H4268 (shelter),H6184 (ruthless)","For you have been a stronghold to the poor, a stronghold to the needy in his distress, a shelter from the storm and a shade from the heat; for the breath of the ruthless is like a storm against a wall,"
Isa 26:18,H7307H,spirit: breath,wind,"M24:Faintness & Despair,M79:Salvation & Ransom","H2342I (writhed),H3444 (deliverance)","we were pregnant, we writhed, but we have given birth to wind. We have accomplished no deliverance in the earth, and the inhabitants of the world have not fallen."
Isa 26:8,H5315G,soul,soul,"M12:Righteousness & Integrity,M68:Hope & Waiting,M18:Desire & Longing","H4941G (judgments),H6960A (wait),H8378 (desire)","In the path of your judgments, O Lord, we wait for you; your name and remembrance are the desire of our soul."
Isa 26:9,H5315G,soul,soul,"M18:Desire & Longing,M83:Seeking & Inquiring,M12:Righteousness & Integrity","H0183 (you),H7836 (earnestly seeks),H4941G (judgments),H6664G (righteousness)","My soul yearns for you in the night; my spirit within me earnestly seeks you. For when your judgments are in the earth, the inhabitants of the world learn righteousness."
Isa 26:9,H7307G,spirit,spirit,"M18:Desire & Longing,M83:Seeking & Inquiring,M12:Righteousness & Integrity","H0183 (you),H7836 (earnestly seeks),H4941G (judgments),H6664G (righteousness)","My soul yearns for you in the night; my spirit within me earnestly seeks you. For when your judgments are in the earth, the inhabitants of the world learn righteousness."
Isa 27:8,H7307H,spirit: breath,breath,"M44:Covenant & Fellowship,M24:Faintness & Despair","H7378 (contended),H7186 (fierce)","Measure by measure, by exile you contended with them; he removed them with his fierce breath in the day of the east wind."
Isa 28:6,H7307G,spirit,spirit,"M12:Righteousness & Integrity,M23:Strength & Courage,M10:Violence & Cruelty","H4941H (justice),H4941G (judgment),H1369 (strength),H4421 (battle)","and a spirit of justice to him who sits in judgment, and strength to those who turn back the battle at the gate."
Isa 29:10,H7307G,spirit,spirit,"M43:Prophecy & Vision,M45:Renewal & Transformation","H5030 (prophets),H3680 (covered)","For the Lord has poured out upon you a spirit of deep sleep, and has closed your eyes (the prophets ), and covered your heads (the seers )."
Isa 29:13,H3820A,heart,hearts,"M54:Torah & Obedience,M01:Fear & Awe","H4687 (commandment),H3374 (commandment)","And the Lord said: “ Because this people draw near with their mouth and honor me with their lips, while their hearts are far from me, and their fear of me is a commandment taught by men,"
Isa 29:24,H7307G,spirit,spirit,"M76:Walk & Conduct,M15:Knowing & Understanding,M20:Doubt & Discouragement","H8582 (astray),H3045 (come),H0998 (understanding),H7279 (murmur)","And those who go astray in spirit will come to understanding, and those who murmur will accept instruction.”"
Isa 29:8,H5315L,soul: appetite,satisfied,"M24:Faintness & Despair,M36:Worship & Service","H5889 (faint),H6633 (fight)","As when a hungry man dreams, and behold, he is eating, and awakes with his hunger not satisfied, or as when a thirsty man dreams, and behold, he is drinking and awakes faint, with his thirst not quenched, so shall the multitude of all the nations be that fight against Mount Zion."
Isa 29:8,H5315L,soul: appetite,thirst,"M24:Faintness & Despair,M36:Worship & Service","H5889 (faint),H6633 (fight)","As when a hungry man dreams, and behold, he is eating, and awakes with his hunger not satisfied, or as when a thirsty man dreams, and behold, he is drinking and awakes faint, with his thirst not quenched, so shall the multitude of all the nations be that fight against Mount Zion."
Isa 30:1,H7307G,spirit,Spirit,"M03:Grief & Lament,M30:Rebellion & Stubbornness,M42:Prayer & Petition,M16:Wisdom & Folly,M56:Sin & Guilt","H1945 (Ah),H5637 (stubborn),H5002 (declares),H6098 (plan),H2403B (sin)","“ Ah, stubborn children,” declares the Lord, “who carry out a plan, but not mine, and who make an alliance, but not of my Spirit, that they may add sin to sin;"
Isa 30:28,H7307H,spirit: breath,breath,M76:Walk & Conduct,H8582 (astray),"his breath is like an overflowing stream that reaches up to the neck; to sift the nations with the sieve of destruction, and to place on the jaws of the peoples a bridle that leads astray."
Isa 30:29,H3824,heart,heart,"M22:Praise & Song,M61:Purity & Holiness,M04:Joy & Gladness","H7892A (song),H6942G (holy),H8057 (gladness)","You shall have a song as in the night when a holy feast is kept, and gladness of heart, as when one sets out to the sound of the flute to go to the mountain of the Lord, to the Rock of Israel."
Isa 31:3,H1320,flesh,flesh,"M45:Renewal & Transformation,M77:Stumbling & Trial","H5826 (helper),H3782 (stumble),H5826 (helped)","The Egyptians are man, and not God, and their horses are flesh, and not spirit. When the Lord stretches out his hand, the helper will stumble, and he who is helped will fall, and they will all perish together."
Isa 31:3,H7307G,spirit,spirit,"M45:Renewal & Transformation,M77:Stumbling & Trial","H5826 (helper),H3782 (stumble),H5826 (helped)","The Egyptians are man, and not God, and their horses are flesh, and not spirit. When the Lord stretches out his hand, the helper will stumble, and he who is helped will fall, and they will all perish together."
Isa 32:15,H7307G,spirit,Spirit,"M08:Pride & Arrogance,M15:Knowing & Understanding","H4791 (high),H2803J (deemed)","until the Spirit is poured upon us from on high, and the wilderness becomes a fruitful field, and the fruitful field is deemed a forest."
Isa 32:2,H7307H,spirit: breath,wind,M24:Faintness & Despair,H5889 (weary),"Each will be like a hiding place from the wind, a shelter from the storm, like streams of water in a dry place, like the shade of a great rock in a weary land."
Isa 32:4,H3824,heart,heart,"M15:Knowing & Understanding,M42:Prayer & Petition","H0995 (understand),H3045 (know),H1696G (speak)","The heart of the hasty will understand and know, and the tongue of the stammerers will hasten to speak distinctly."
Isa 32:6,H3820A,heart,heart,"M16:Wisdom & Folly,M42:Prayer & Petition,M58:Wickedness,M10c:Defilement,M55:Destruction & Ruin","H5036 (fool),H1696G (speaks),H5039 (folly),H0205G (iniquity),H2612 (ungodliness),H1696G (utter),H8442 (error)","For the fool speaks folly, and his heart is busy with iniquity, to practice ungodliness, to utter error concerning the Lord, to leave the craving of the hungry unsatisfied, and to deprive the thirsty of drink."
Isa 32:6,H5315L,soul: appetite,craving,"M16:Wisdom & Folly,M42:Prayer & Petition,M58:Wickedness,M10c:Defilement,M55:Destruction & Ruin","H5036 (fool),H1696G (speaks),H5039 (folly),H0205G (iniquity),H2612 (ungodliness),H1696G (utter),H8442 (error)","For the fool speaks folly, and his heart is busy with iniquity, to practice ungodliness, to utter error concerning the Lord, to leave the craving of the hungry unsatisfied, and to deprive the thirsty of drink."
Isa 33:18,H3820A,heart,heart,"M84:Outcry & Shouting,M01:Fear & Awe","H1897 (muse),H0367 (terror)","Your heart will muse on the terror: “ Where is he who counted, where is he who weighed the tribute? Where is he who counted the towers?”"
Isa 34:16,H7307G,spirit,Spirit,"M83:Seeking & Inquiring,M42:Prayer & Petition","H1875 (Seek),H7121J (read)","Seek and read from the book of the Lord: Not one of these shall be missing; none shall be without her mate. For the mouth of the Lord has commanded, and his Spirit has gathered them."
Isa 35:4,H3820A,heart,heart,"M23:Strength & Courage,M01:Fear & Awe,M26:Judgment & Condemnation,M45:Renewal & Transformation","H2388G (strong),H3372G (fear),H5359 (vengeance),H3467 (save)","Say to those who have an anxious heart, “Be strong; fear not! Behold, your God will come with vengeance, with the recompense of God. He will come and save you.”"
Isa 37:7,H7307G,spirit,spirit in,"M41:Being Heard,M82:Reminder & Report","H8085G (hear),H8052 (rumor)","Behold, I will put a spirit in him, so that he shall hear a rumor and return to his own land, and I will make him fall by the sword in his own land.’”"
Isa 38:15,H5315G,soul,soul,"M42:Prayer & Petition,M03:Grief & Lament","H1696G (say),H4751 (bitterness)","What shall I say? For he has spoken to me, and he himself has done it. I walk slowly all my years because of the bitterness of my soul."
Isa 38:16,H7307G,spirit,spirit,M25:Life & Death,"H2421 (live),H2416E (life)","O Lord, by these things men live, and in all these is the life of my spirit. Oh restore me to health and make me live!"
Isa 38:17,H5315H,soul: life,delivered my life,"M33:Rest & Peace,M03:Grief & Lament,M18:Desire & Longing,M56:Sin & Guilt","H7965I (welfare),H4843 (had),H4751 (bitterness),H2836A (love),H2399 (sins)","Behold, it was for my welfare that I had great bitterness; but in love you have delivered my life from the pit of destruction, for you have cast all my sins behind your back."
Isa 38:3,H3820A,heart,heart,"M81:Memory (act),M13:Faith & Faithfulness,M34:Patience & Perseverance,M18:Desire & Longing,M03:Grief & Lament","H2142 (remember),H0571G (faithfulness),H8003 (whole),H2896A (good),H1058 (wept),H1065 (wept)","and said, “ Please, O Lord, remember how I have walked before you in faithfulness and with a whole heart, and have done what is good in your sight.” And Hezekiah wept bitterly."
Isa 3:20,H5315H,soul: life,perfume boxes,M14:Deceit & Falsehood,H3908 (amulets),"the headdresses, the armlets, the sashes, the perfume boxes, and the amulets;"
Isa 3:9,H5315I,soul: myself,themselves,"M65:Speech & Tongue,M56:Sin & Guilt,M20:Doubt & Discouragement,M03:Grief & Lament,M58:Wickedness","H5046 (proclaim),H2403B (sin),H3582 (hide),H0188 (Woe),H7451I (evil)",For the look on their faces bears witness against them; they proclaim their sin like Sodom; they do not hide it. Woe to them! For they have brought evil on themselves.
Isa 40:13,H7307G,spirit,Spirit,"M15:Knowing & Understanding,M16:Wisdom & Folly","H3045 (shows),H6098 (counsel)","Who has measured the Spirit of the Lord, or what man shows him his counsel?"
Isa 40:2,H3820A,heart,tenderly,"M42:Prayer & Petition,M56:Sin & Guilt,M39:Gift & Favor","H1696G (Speak),H7121G (cry),H5771G (iniquity),H7521 (pardoned),H2403B (sins)","Speak tenderly to Jerusalem, and cry to her that her warfare is ended, that her iniquity is pardoned, that she has received from the Lord’s hand double for all her sins."
Isa 40:5,H1320,flesh,flesh,"M22:Praise & Song,M42:Prayer & Petition","H3519 (glory),H1696G (spoken)","And the glory of the Lord shall be revealed, and all flesh shall see it together, for the mouth of the Lord has spoken.”"
Isa 40:6,H1320,flesh,flesh,"M42:Prayer & Petition,M50:Grace & Mercy","H7121I (Cry),H7121I (cry),H2617A (beauty)","A voice says, “ Cry!” And I said, “ What shall I cry?” All flesh is grass, and all its beauty is like the flower of the field."
Isa 40:7,H7307H,spirit: breath,breath,M24:Faintness & Despair,"H3001 (withers),H5034B (fades)","The grass withers, the flower fades when the breath of the Lord blows on it; surely the people are grass."
Isa 41:16,H7307H,spirit: breath,wind,"M04:Joy & Gladness,M61:Purity & Holiness,M08:Pride & Arrogance","H1523 (rejoice),H6918G (Holy One),H1984H (glory)","you shall winnow them, and the wind shall carry them away, and the tempest shall scatter them. And you shall rejoice in the Lord; in the Holy One of Israel you shall glory."
Isa 41:22,H3820A,heart,consider,"M65:Speech & Tongue,M15:Knowing & Understanding,M41:Being Heard","H5046 (tell),H5046 (Tell),H7760K (consider),H3045 (know),H8085I (declare)","Let them bring them, and tell us what is to happen. Tell us the former things, what they are, that we may consider them, that we may know their outcome; or declare to us the things to come."
Isa 41:29,H7307H,spirit: breath,wind,M58:Wickedness,H0205H (delusion),"Behold, they are all a delusion; their works are nothing; their metal images are empty wind."
Isa 42:1,H5315G,soul,soul,"M36:Worship & Service,M64:Will & Resolve,M39:Gift & Favor,M12:Righteousness & Integrity","H5650 (servant),H0972 (chosen),H7521 (delights),H4941H (justice)","Behold my servant, whom I uphold, my chosen, in whom my soul delights; I have put my Spirit upon him; he will bring forth justice to the nations."
Isa 42:1,H7307G,spirit,Spirit,"M36:Worship & Service,M64:Will & Resolve,M39:Gift & Favor,M12:Righteousness & Integrity","H5650 (servant),H0972 (chosen),H7521 (delights),H4941H (justice)","Behold my servant, whom I uphold, my chosen, in whom my soul delights; I have put my Spirit upon him; he will bring forth justice to the nations."
Isa 42:25,H3820A,heart,heart,"M02:Anger & Wrath,M23:Strength & Courage,M10:Violence & Cruelty,M15:Knowing & Understanding","H2534 (heat),H0639G (anger),H5807 (might),H4421 (battle),H3045 (understand),H7760K (take)","So he poured on him the heat of his anger and the might of battle; it set him on fire all around, but he did not understand; it burned him up, but he did not take it to heart."
Isa 42:5,H7307G,spirit,spirit,M25:Life & Death,H5397 (breath),"Thus says God, the Lord, who created the heavens and stretched them out, who spread out the earth and what comes from it, who gives breath to the people on it and spirit to those who walk in it:"
Isa 43:4,H5315H,soul: life,life,"M18:Desire & Longing,M51:Love & Devotion","H3365 (precious),H0157G (love)","Because you are precious in my eyes, and honored, and I love you, I give men in return for you, peoples in exchange for your life."
Isa 44:16,H1320,flesh,meat,M45:Renewal & Transformation,H7646 (satisfied),"Half of it he burns in the fire. Over the half he eats meat; he roasts it and is satisfied. Also he warms himself and says, “ Aha, I am warm, I have seen the fire!”"
Isa 44:18,H3820A,heart,hearts,"M15:Knowing & Understanding,M16:Wisdom & Folly","H3045 (know),H0995 (discern),H7919A (understand)","They know not, nor do they discern, for he has shut their eyes, so that they cannot see, and their hearts, so that they cannot understand."
Isa 44:19,H3820A,heart,considers,"M81:Memory (act),M15:Knowing & Understanding,M58:Wickedness","H7725N (considers),H1847 (knowledge),H8394 (discernment),H8441 (abomination)","No one considers, nor is there knowledge or discernment to say, “ Half of it I burned in the fire; I also baked bread on its coals; I roasted meat and have eaten. And shall I make the rest of it an abomination? Shall I fall down before a block of wood?”"
Isa 44:19,H1320,flesh,meat,"M81:Memory (act),M15:Knowing & Understanding,M58:Wickedness","H7725N (considers),H1847 (knowledge),H8394 (discernment),H8441 (abomination)","No one considers, nor is there knowledge or discernment to say, “ Half of it I burned in the fire; I also baked bread on its coals; I roasted meat and have eaten. And shall I make the rest of it an abomination? Shall I fall down before a block of wood?”"
Isa 44:20,H3820A,heart,heart,"M14:Deceit & Falsehood,M45:Renewal & Transformation","H2048B (deluded),H5337 (deliver),H8267 (lie)","He feeds on ashes; a deluded heart has led him astray, and he cannot deliver himself or say, “Is there not a lie in my right hand?”"
Isa 44:20,H5315I,soul: myself,himself,"M14:Deceit & Falsehood,M45:Renewal & Transformation","H2048B (deluded),H5337 (deliver),H8267 (lie)","He feeds on ashes; a deluded heart has led him astray, and he cannot deliver himself or say, “Is there not a lie in my right hand?”"
Isa 44:3,H7307G,spirit,Spirit,M80:Blessing,H1293 (blessing),"For I will pour water on the thirsty land, and streams on the dry ground; I will pour my Spirit upon your offspring, and my blessing on your descendants."
Isa 46:12,H3820A,heart,heart,"M41:Being Heard,M23:Strength & Courage,M12:Righteousness & Integrity","H8085G (Listen),H0047I (stubborn),H6666 (righteousness)","“ Listen to me, you stubborn of heart, you who are far from righteousness:"
Isa 46:2,H5315I,soul: myself,themselves,"M23:Strength & Courage,M78:Slavery & Bondage","H3201 (cannot),H4853A (burden)","They stoop; they bow down together; they cannot save the burden, but themselves go into captivity."
Isa 46:8,H3820A,heart,mind,"M81:Memory (act),M56:Sin & Guilt","H2142 (Remember),H7725N (recall),H6586 (transgressors)","“ Remember this and stand firm, recall it to mind, you transgressors,"
Isa 47:10,H3820A,heart,heart,"M19:Trust & Refuge,M58:Wickedness,M16:Wisdom & Folly,M15:Knowing & Understanding","H0982 (felt secure),H7451I (wickedness),H2451 (wisdom),H1847 (knowledge)","You felt secure in your wickedness; you said, “No one sees me”; your wisdom and your knowledge led you astray, and you said in your heart, “ I am, and there is no one besides me.”"
Isa 47:14,H5315I,soul: myself,themselves,"M45:Renewal & Transformation,M72:Authority & Dominion","H5337 (deliver),H3027H (power)","Behold, they are like stubble; the fire consumes them; they cannot deliver themselves from the power of the flame. No coal for warming oneself is this, no fire to sit before!"
Isa 47:7,H3820A,heart,heart,M81:Memory (act),H2142 (remember),"You said, “I shall be mistress forever,” so that you did not lay these things to heart or remember their end."
Isa 47:8,H3824,heart,heart,"M41:Being Heard,M08:Pride & Arrogance,M19:Trust & Refuge,M15:Knowing & Understanding,M03:Grief & Lament","H8085G (hear),H5719 (pleasures),H0983 (securely),H3045 (know),H7908 (children)","Now therefore hear this, you lover of pleasures, who sit securely, who say in your heart, “ I am, and there is no one besides me; I shall not sit as a widow or know the loss of children ”:"
Isa 48:16,H7307G,spirit,Spirit,"M41:Being Heard,M42:Prayer & Petition","H8085G (hear),H1696G (spoken)","Draw near to me, hear this: from the beginning I have not spoken in secret, from the time it came to be I have been there.” And now the Lord God has sent me, and his Spirit."
Isa 49:21,H3824,heart,heart,"M11:Turning & Repentance,M22:Praise & Song","H5493G (away),H1431 (brought up)","Then you will say in your heart: ‘ Who has borne me these? I was bereaved and barren, exiled and put away, but who has brought up these? Behold, I was left alone; from where have these come?’”"
Isa 49:26,H1320,flesh,flesh,"M24:Faintness & Despair,M15:Knowing & Understanding,M45:Renewal & Transformation,M23:Strength & Courage","H3238 (oppressors),H3045 (know),H3467 (Savior),H0046 (Mighty One)","I will make your oppressors eat their own flesh, and they shall be drunk with their own blood as with wine. Then all flesh shall know that I am the Lord your Savior, and your Redeemer, the Mighty One of Jacob.”"
Isa 49:26,H1320,flesh,flesh,"M24:Faintness & Despair,M15:Knowing & Understanding,M45:Renewal & Transformation,M23:Strength & Courage","H3238 (oppressors),H3045 (know),H3467 (Savior),H0046 (Mighty One)","I will make your oppressors eat their own flesh, and they shall be drunk with their own blood as with wine. Then all flesh shall know that I am the Lord your Savior, and your Redeemer, the Mighty One of Jacob.”"
Isa 49:7,H5315J,soul: person,one,"M61:Purity & Holiness,M30:Rebellion & Stubbornness,M06:Malice & Enmity,M36:Worship & Service,M72:Authority & Dominion,M08:Pride & Arrogance,M13:Faith & Faithfulness,M64:Will & Resolve","H6918G (Holy One),H0959 (deeply despised),H8581 (abhorred),H5650 (servant),H4910 (rulers),H4428G (Kings),H6965B (arise),H8269 (princes),H0539 (faithful),H0977 (chosen)","Thus says the Lord, the Redeemer of Israel and his Holy One, to one deeply despised, abhorred by the nation, the servant of rulers: “ Kings shall see and arise; princes, and they shall prostrate themselves; because of the Lord, who is faithful, the Holy One of Israel, who has chosen you.”"
Isa 4:4,H7307G,spirit,spirit,"M53:Dishonor & Disgrace,M12:Righteousness & Integrity","H6675 (filth),H4941G (judgment)",when the Lord shall have washed away the filth of the daughters of Zion and cleansed the bloodstains of Jerusalem from its midst by a spirit of judgment and by a spirit of burning.
Isa 4:4,H7307G,spirit,spirit,"M53:Dishonor & Disgrace,M12:Righteousness & Integrity","H6675 (filth),H4941G (judgment)",when the Lord shall have washed away the filth of the daughters of Zion and cleansed the bloodstains of Jerusalem from its midst by a spirit of judgment and by a spirit of burning.
Isa 51:23,H5315I,soul: myself,you,M24:Faintness & Despair,H3013 (tormentors),"and I will put it into the hand of your tormentors, who have said to you, ‘ Bow down, that we may pass over ’; and you have made your back like the ground and like the street for them to pass over.”"
Isa 51:7,H3820A,heart,heart,"M41:Being Heard,M15:Knowing & Understanding,M12:Righteousness & Integrity,M54:Torah & Obedience,M01:Fear & Awe,M07:Shame & Confusion,M24:Faintness & Despair,M53:Dishonor & Disgrace","H8085G (Listen),H3045 (know),H6664G (righteousness),H8451 (law),H3372G (fear),H2781 (reproach),H2865 (dismayed),H1421 (revilings)","“ Listen to me, you who know righteousness, the people in whose heart is my law; fear not the reproach of man, nor be dismayed at their revilings."
Isa 53:10,H5315G,soul,soul,"M18:Desire & Longing,M10:Violence & Cruelty,M03:Grief & Lament,M56:Sin & Guilt,M25:Life & Death,M46:Wealth & Riches","H2654A (will),H1792 (crush),H2470I (grief),H0817 (guilt),H0748 (prolong),H2656 (will),H6743B (prosper)","Yet it was the will of the Lord to crush him; he has put him to grief; when his soul makes an offering for guilt, he shall see his offspring; he shall prolong his days; the will of the Lord shall prosper in his hand."
Isa 53:11,H5315G,soul,soul,"M03:Grief & Lament,M45:Renewal & Transformation,M15:Knowing & Understanding,M12:Righteousness & Integrity,M36:Worship & Service,M26:Judgment & Condemnation,M56:Sin & Guilt","H5999 (anguish),H7646 (satisfied),H1847 (knowledge),H6662 (righteous one),H5650 (servant),H6663 (righteous),H5771G (iniquities)","Out of the anguish of his soul he shall see and be satisfied; by his knowledge shall the righteous one, my servant, make many to be accounted righteous, and he shall bear their iniquities."
Isa 53:12,H5315G,soul,soul,"M23:Strength & Courage,M26:Judgment & Condemnation,M56:Sin & Guilt","H6099 (strong),H4487 (numbered),H6586 (transgressors),H5375J (bore),H2399 (sin)","Therefore I will divide him a portion with the many, and he shall divide the spoil with the strong, because he poured out his soul to death and was numbered with the transgressors; yet he bore the sin of many, and makes intercession for the transgressors."
Isa 54:6,H7307G,spirit,spirit,"M42:Prayer & Petition,M30:Rebellion & Stubbornness,M24:Faintness & Despair","H7121G (called),H5800A (deserted),H6087A (grieved),H3988A (cast off)","For the Lord has called you like a wife deserted and grieved in spirit, like a wife of youth when she is cast off, says your God."
Isa 55:2,H5315L,soul: appetite,yourselves,"M24:Faintness & Despair,M41:Being Heard,M05:Kindness & Friendship,M18:Desire & Longing","H3018 (labor),H8085G (Listen),H8085G (diligently),H2896B (good),H6026 (delight)","Why do you spend your money for that which is not bread, and your labor for that which does not satisfy? Listen diligently to me, and eat what is good, and delight yourselves in rich food."
Isa 55:3,H5315G,soul,soul,"M41:Being Heard,M25:Life & Death,M44:Covenant & Fellowship,M13:Faith & Faithfulness,M50:Grace & Mercy","H8085G (hear),H2421 (live),H3772H (make),H1285 (covenant),H0539 (steadfast),H2617A (love)","Incline your ear, and come to me; hear, that your soul may live; and I will make with you an everlasting covenant, my steadfast, sure love for David."
Isa 56:11,H5315L,soul: appetite,appetite,"M23:Strength & Courage,M15:Knowing & Understanding,M76:Walk & Conduct,M12:Righteousness & Integrity","H5794 (mighty),H3045 (never),H3045 (have),H0995 (understanding),H1870G (way),H1215 (gain)","The dogs have a mighty appetite; they never have enough. But they are shepherds who have no understanding; they have all turned to their own way, each to his own gain, one and all."
Isa 57:1,H3820A,heart,heart,"M12:Righteousness & Integrity,M50:Grace & Mercy,M15:Knowing & Understanding,M24:Faintness & Despair","H6662 (righteous man),H2617A (devout),H0995 (understands),H7451C (calamity)","The righteous man perishes, and no one lays it to heart; devout men are taken away, while no one understands. For the righteous man is taken away from calamity;"
Isa 57:11,H3820A,heart,heart,"M20:Doubt & Discouragement,M01:Fear & Awe,M14:Deceit & Falsehood,M81:Memory (act),M33:Rest & Peace","H1672 (dread),H3372H (fear),H3576 (lied),H2142 (remember),H2814 (peace)","Whom did you dread and fear, so that you lied, and did not remember me, did not lay it to heart? Have I not held my peace, even for a long time, and you do not fear me?"
Isa 57:13,H7307H,spirit: breath,wind,"M42:Prayer & Petition,M18:Desire & Longing,M45:Renewal & Transformation,M14:Deceit & Falsehood,M19:Trust & Refuge,M61:Purity & Holiness","H2199 (cry out),H6899 (collection),H5337 (deliver),H1892 (breath),H2620 (refuge),H6944G (holy)","When you cry out, let your collection of idols deliver you! The wind will carry them all off, a breath will take them away. But he who takes refuge in me shall possess the land and shall inherit my holy mountain."
Isa 57:15,H7307G,spirit,spirit,"M22:Praise & Song,M34:Patience & Perseverance,M61:Purity & Holiness,M08:Pride & Arrogance,M11:Turning & Repentance,M09:Humility & Lowliness,M25:Life & Death,M10:Violence & Cruelty","H7311A (high),H5703 (eternity),H6918G (Holy),H4791 (high),H6918G (holy),H1793A (contrite),H8217 (lowly),H2421 (revive),H1792 (contrite)","For thus says the One who is high and lifted up, who inhabits eternity, whose name is Holy: “I dwell in the high and holy place, and also with him who is of a contrite and lowly spirit, to revive the spirit of the lowly, and to revive the heart of the contrite."
Isa 57:15,H7307G,spirit,spirit,"M22:Praise & Song,M34:Patience & Perseverance,M61:Purity & Holiness,M08:Pride & Arrogance,M11:Turning & Repentance,M09:Humility & Lowliness,M25:Life & Death,M10:Violence & Cruelty","H7311A (high),H5703 (eternity),H6918G (Holy),H4791 (high),H6918G (holy),H1793A (contrite),H8217 (lowly),H2421 (revive),H1792 (contrite)","For thus says the One who is high and lifted up, who inhabits eternity, whose name is Holy: “I dwell in the high and holy place, and also with him who is of a contrite and lowly spirit, to revive the spirit of the lowly, and to revive the heart of the contrite."
Isa 57:15,H3820A,heart,heart,"M22:Praise & Song,M34:Patience & Perseverance,M61:Purity & Holiness,M08:Pride & Arrogance,M11:Turning & Repentance,M09:Humility & Lowliness,M25:Life & Death,M10:Violence & Cruelty","H7311A (high),H5703 (eternity),H6918G (Holy),H4791 (high),H6918G (holy),H1793A (contrite),H8217 (lowly),H2421 (revive),H1792 (contrite)","For thus says the One who is high and lifted up, who inhabits eternity, whose name is Holy: “I dwell in the high and holy place, and also with him who is of a contrite and lowly spirit, to revive the spirit of the lowly, and to revive the heart of the contrite."
Isa 57:16,H7307G,spirit,spirit,"M44:Covenant & Fellowship,M34:Patience & Perseverance,M02:Anger & Wrath,M24:Faintness & Despair,M25:Life & Death","H7378 (contend),H5331 (always),H7107 (angry),H5848C (faint),H5397 (life)","For I will not contend forever, nor will I always be angry; for the spirit would grow faint before me, and the breath of life that I made."
Isa 57:17,H3820A,heart,heart,"M56:Sin & Guilt,M12:Righteousness & Integrity,M20:Doubt & Discouragement,M02:Anger & Wrath,M76:Walk & Conduct","H5771G (iniquity),H1215 (gain),H5641 (hid),H7107 (angry),H7107 (went on),H1870G (way)","Because of the iniquity of his unjust gain I was angry, I struck him; I hid my face and was angry, but he went on backsliding in the way of his own heart."
Isa 58:10,H5315I,soul: myself,yourself,"M45:Renewal & Transformation,M24:Faintness & Despair","H7646 (satisfy),H6031B (afflicted)","if you pour yourself out for the hungry and satisfy the desire of the afflicted, then shall your light rise in the darkness and your gloom be as the noonday."
Isa 58:10,H5315L,soul: appetite,desire,"M45:Renewal & Transformation,M24:Faintness & Despair","H7646 (satisfy),H6031B (afflicted)","if you pour yourself out for the hungry and satisfy the desire of the afflicted, then shall your light rise in the darkness and your gloom be as the noonday."
Isa 58:11,H5315L,soul: appetite,desire,"M45:Renewal & Transformation,M14:Deceit & Falsehood","H7646 (satisfy),H3576 (fail)","And the Lord will guide you continually and satisfy your desire in scorched places and make your bones strong; and you shall be like a watered garden, like a spring of water, whose waters do not fail."
Isa 58:3,H5315I,soul: myself,ourselves,"M24:Faintness & Despair,M15:Knowing & Understanding,M18:Desire & Longing,M06:Malice & Enmity","H6031B (humbled),H3045 (knowledge),H2656 (pleasure),H5065 (oppress)","‘ Why have we fasted, and you see it not? Why have we humbled ourselves, and you take no knowledge of it?’ Behold, in the day of your fast you seek your own pleasure, and oppress all your workers."
Isa 58:5,H5315I,soul: myself,himself,"M64:Will & Resolve,M24:Faintness & Despair,M42:Prayer & Petition,M18:Desire & Longing","H0977 (choose),H6031B (humble),H7121H (call),H7522 (acceptable)","Is such the fast that I choose, a day for a person to humble himself? Is it to bow down his head like a reed, and to spread sackcloth and ashes under him? Will you call this a fast, and a day acceptable to the Lord?"
Isa 58:7,H1320,flesh,flesh,"M24:Faintness & Despair,M45:Renewal & Transformation,M14:Deceit & Falsehood","H6041 (poor),H3680 (cover),H5956 (hide)","Is it not to share your bread with the hungry and bring the homeless poor into your house; when you see the naked, to cover him, and not to hide yourself from your own flesh?"
Isa 59:13,H3820A,heart,heart,"M56:Sin & Guilt,M14:Deceit & Falsehood,M42:Prayer & Petition,M55:Destruction & Ruin,M84:Outcry & Shouting,M65:Speech & Tongue","H6586 (transgressing),H3584 (denying),H1696G (speaking),H5627 (revolt),H1897 (uttering),H8267 (lying),H1697G (words)","transgressing, and denying the Lord, and turning back from following our God, speaking oppression and revolt, conceiving and uttering from the heart lying words."
Isa 59:19,H7307H,spirit: breath,wind,"M01:Fear & Awe,M22:Praise & Song","H3372H (fear),H3519 (glory)","So they shall fear the name of the Lord from the west, and his glory from the rising of the sun; for he will come like a rushing stream, which the wind of the Lord drives."
Isa 59:21,H7307G,spirit,Spirit,"M44:Covenant & Fellowship,M65:Speech & Tongue","H1285 (covenant),H1697G (words)","“And as for me, this is my covenant with them,” says the Lord: “My Spirit that is upon you, and my words that I have put in your mouth, shall not depart out of your mouth, or out of the mouth of your offspring, or out of the mouth of your children’s offspring,” says the Lord, “ from this time forth and forevermore.”"
Isa 5:14,H5315L,soul: appetite,appetite,"M23:Strength & Courage,M22:Praise & Song,M04:Joy & Gladness","H7337 (enlarged),H1926 (nobility),H5938 (exults)","Therefore Sheol has enlarged its appetite and opened its mouth beyond measure, and the nobility of Jerusalem and her multitude will go down, her revelers and he who exults in her."
Isa 60:5,H3824,heart,heart,"M01:Fear & Awe,M23:Strength & Courage,M46:Wealth & Riches","H6342 (thrill),H7337 (exult),H2428H (wealth)","Then you shall see and be radiant; your heart shall thrill and exult, because the abundance of the sea shall be turned to you, the wealth of the nations shall come to you."
Isa 61:1,H7307G,spirit,Spirit,"M70:Lifting & Bearing,M09:Humility & Lowliness,M24:Faintness & Despair,M42:Prayer & Petition","H1319 (good news),H6035 (poor),H7665 (brokenhearted),H7121I (proclaim)","The Spirit of the Lord God is upon me, because the Lord has anointed me to bring good news to the poor; he has sent me to bind up the brokenhearted, to proclaim liberty to the captives, and the opening of the prison to those who are bound;"
Isa 61:1,H3820A,heart,brokenhearted,"M70:Lifting & Bearing,M09:Humility & Lowliness,M24:Faintness & Despair,M42:Prayer & Petition","H1319 (good news),H6035 (poor),H7665 (brokenhearted),H7121I (proclaim)","The Spirit of the Lord God is upon me, because the Lord has anointed me to bring good news to the poor; he has sent me to bind up the brokenhearted, to proclaim liberty to the captives, and the opening of the prison to those who are bound;"
Isa 61:10,H5315G,soul,soul,"M04:Joy & Gladness,M79:Salvation & Ransom,M45:Renewal & Transformation,M12:Righteousness & Integrity","H7797 (greatly),H7797 (rejoice),H1523 (exult),H3468 (salvation),H3271 (covered),H6666 (righteousness)","I will greatly rejoice in the Lord; my soul shall exult in my God, for he has clothed me with the garments of salvation; he has covered me with the robe of righteousness, as a bridegroom decks himself like a priest with a beautiful headdress, and as a bride adorns herself with her jewels."
Isa 61:3,H7307G,spirit,spirit,"M03:Grief & Lament,M04:Joy & Gladness,M22:Praise & Song,M24:Faintness & Despair,M42:Prayer & Petition,M12:Righteousness & Integrity","H0057 (mourn),H8342 (gladness),H0060 (mourning),H8416 (praise),H3544 (faint),H7121H (called),H6664G (righteousness)","to grant to those who mourn in Zion — to give them a beautiful headdress instead of ashes, the oil of gladness instead of mourning, the garment of praise instead of a faint spirit; that they may be called oaks of righteousness, the planting of the Lord, that he may be glorified."
Isa 63:10,H7307G,spirit,Spirit,"M30:Rebellion & Stubbornness,M24:Faintness & Despair,M61:Purity & Holiness,M06:Malice & Enmity","H4784 (rebelled),H6087A (grieved),H6944G (Holy),H0341 (enemy)","But they rebelled and grieved his Holy Spirit; therefore he turned to be their enemy, and himself fought against them."
Isa 63:11,H7307G,spirit,Spirit,"M81:Memory (act),M61:Purity & Holiness","H2142 (remembered),H6944G (Holy)","Then he remembered the days of old, of Moses and his people. Where is he who brought them up out of the sea with the shepherds of his flock? Where is he who put in the midst of them his Holy Spirit,"
Isa 63:14,H7307G,spirit,Spirit,M33:Rest & Peace,H5117 (rest),"Like livestock that go down into the valley, the Spirit of the Lord gave them rest. So you led your people, to make for yourself a glorious name."
Isa 63:17,H3820A,heart,heart,"M76:Walk & Conduct,M75:Disobedience & Lawlessness,M01:Fear & Awe,M36:Worship & Service,M46:Wealth & Riches","H8582 (wander),H1870G (ways),H7188 (harden),H3374 (fear),H5650 (servants),H5159 (heritage)","O Lord, why do you make us wander from your ways and harden our heart, so that we fear you not? Return for the sake of your servants, the tribes of your heritage."
Isa 63:4,H3820A,heart,heart,M26:Judgment & Condemnation,H5359 (vengeance),"For the day of vengeance was in my heart, and my year of redemption had come."
Isa 64:6,H7307H,spirit: breath,wind,"M10c:Defilement,M12:Righteousness & Integrity,M53:Dishonor & Disgrace,M24:Faintness & Despair,M56:Sin & Guilt","H2931 (unclean),H6666 (righteous deeds),H5708 (polluted),H5034B (fade),H5771G (iniquities)","We have all become like one who is unclean, and all our righteous deeds are like a polluted garment. We all fade like a leaf, and our iniquities, like the wind, take us away."
Isa 65:14,H3820A,heart,heart,"M36:Worship & Service,M22:Praise & Song,M42:Prayer & Petition,M24:Faintness & Despair,M03:Grief & Lament","H5650 (servants),H7442B (sing),H6817 (cry out),H3511 (pain),H3213 (wail),H7667 (breaking)","behold, my servants shall sing for gladness of heart, but you shall cry out for pain of heart and shall wail for breaking of spirit."
Isa 65:14,H3820A,heart,heart,"M36:Worship & Service,M22:Praise & Song,M42:Prayer & Petition,M24:Faintness & Despair,M03:Grief & Lament","H5650 (servants),H7442B (sing),H6817 (cry out),H3511 (pain),H3213 (wail),H7667 (breaking)","behold, my servants shall sing for gladness of heart, but you shall cry out for pain of heart and shall wail for breaking of spirit."
Isa 65:14,H7307G,spirit,spirit,"M36:Worship & Service,M22:Praise & Song,M42:Prayer & Petition,M24:Faintness & Despair,M03:Grief & Lament","H5650 (servants),H7442B (sing),H6817 (cry out),H3511 (pain),H3213 (wail),H7667 (breaking)","behold, my servants shall sing for gladness of heart, but you shall cry out for pain of heart and shall wail for breaking of spirit."
Isa 65:17,H3820A,heart,mind,"M45:Renewal & Transformation,M81:Memory (act)","H2319H (new),H2142 (remembered)","“ For behold, I create new heavens and a new earth, and the former things shall not be remembered or come into mind."
Isa 65:4,H1320,flesh,flesh,"M74:Keeping & Guarding,M10c:Defilement","H5341 (secret places),H6292 (tainted meat)","who sit in tombs, and spend the night in secret places; who eat pig’s flesh, and broth of tainted meat is in their vessels;"
Isa 66:14,H3820A,heart,heart,"M04:Joy & Gladness,M72:Authority & Dominion,M15:Knowing & Understanding,M36:Worship & Service,M02:Anger & Wrath,M06:Malice & Enmity","H7797 (rejoice),H3027H (hand),H3045 (known),H5650 (servants),H2194 (indignation),H0341 (enemies)","You shall see, and your heart shall rejoice; your bones shall flourish like the grass; and the hand of the Lord shall be known to his servants, and he shall show his indignation against his enemies."
Isa 66:16,H1320,flesh,flesh,M63:Reasoning & Interpretation,H8199 (enter into judgment),"For by fire will the Lord enter into judgment, and by his sword, with all flesh; and those slain by the Lord shall be many."
Isa 66:17,H1320,flesh,flesh,"M61:Purity & Holiness,M12:Righteousness & Integrity,M06:Malice & Enmity,M42:Prayer & Petition","H6942G (sanctify),H2891 (purify themselves),H8263 (abomination),H5002 (declares)","“Those who sanctify and purify themselves to go into the gardens, following one in the midst, eating pig’s flesh and the abomination and mice, shall come to an end together, declares the Lord."
Isa 66:2,H7307G,spirit,spirit,"M42:Prayer & Petition,M24:Faintness & Despair,M73:Sickness & Weakness,M01:Fear & Awe,M65:Speech & Tongue","H5002 (declares),H6041 (humble),H5223 (contrite),H2730 (trembles),H1697G (word)","All these things my hand has made, and so all these things came to be, declares the Lord. But this is the one to whom I will look: he who is humble and contrite in spirit and trembles at my word."
Isa 66:24,H1320,flesh,flesh,"M56:Sin & Guilt,M06:Malice & Enmity","H6586 (rebelled),H1860 (abhorrence)","“And they shall go out and look on the dead bodies of the men who have rebelled against me. For their worm shall not die, their fire shall not be quenched, and they shall be an abhorrence to all flesh.”"
Isa 66:3,H5315G,soul,soul,"M36:Worship & Service,M81:Memory (act),M80:Blessing,M58:Wickedness,M64:Will & Resolve,M76:Walk & Conduct,M18:Desire & Longing","H4503G (grain offering),H2142 (memorial offering),H1288 (blesses),H0205G (idol),H0977 (chosen),H1870G (ways),H2654A (delights),H8251 (abominations)","“He who slaughters an ox is like one who kills a man; he who sacrifices a lamb, like one who breaks a dog’s neck; he who presents a grain offering, like one who offers pig’s blood; he who makes a memorial offering of frankincense, like one who blesses an idol. These have chosen their own ways, and their soul delights in their abominations;"
Isa 6:10,H3820A,heart,heart,"M46:Wealth & Riches,M03:Grief & Lament,M41:Being Heard,M15:Knowing & Understanding,M11:Turning & Repentance","H8080 (dull),H3513H (heavy),H8085G (hear),H0995 (understand),H7725O (turn)","Make the heart of this people dull, and their ears heavy, and blind their eyes; lest they see with their eyes, and hear with their ears, and understand with their hearts, and turn and be healed.”"
Isa 6:10,H3824,heart,hearts,"M46:Wealth & Riches,M03:Grief & Lament,M41:Being Heard,M15:Knowing & Understanding,M11:Turning & Repentance","H8080 (dull),H3513H (heavy),H8085G (hear),H0995 (understand),H7725O (turn)","Make the heart of this people dull, and their ears heavy, and blind their eyes; lest they see with their eyes, and hear with their ears, and understand with their hearts, and turn and be healed.”"
Isa 7:2,H3824,heart,heart,"M65:Speech & Tongue,M33:Rest & Peace","H5046 (told),H5117 (league)","When the house of David was told, “ Syria is in league with Ephraim,” the heart of Ahaz and the heart of his people shook as the trees of the forest shake before the wind."
Isa 7:2,H3824,heart,heart,"M65:Speech & Tongue,M33:Rest & Peace","H5046 (told),H5117 (league)","When the house of David was told, “ Syria is in league with Ephraim,” the heart of Ahaz and the heart of his people shook as the trees of the forest shake before the wind."
Isa 7:2,H7307H,spirit: breath,wind,"M65:Speech & Tongue,M33:Rest & Peace","H5046 (told),H5117 (league)","When the house of David was told, “ Syria is in league with Ephraim,” the heart of Ahaz and the heart of his people shook as the trees of the forest shake before the wind."
Isa 7:4,H3824,heart,heart,"M74:Keeping & Guarding,M33:Rest & Peace,M01:Fear & Awe,M05:Kindness & Friendship,M02:Anger & Wrath","H8104J (careful),H8252 (quiet),H3372G (fear),H7401 (faint),H2750 (fierce),H0639G (anger)","And say to him, ‘Be careful, be quiet, do not fear, and do not let your heart be faint because of these two smoldering stumps of firebrands, at the fierce anger of Rezin and Syria and the son of Remaliah."
Isa 9:20,H1320,flesh,flesh,M45:Renewal & Transformation,H7646 (satisfied),"They slice meat on the right, but are still hungry, and they devour on the left, but are not satisfied; each devours the flesh of his own arm,"
Isa 9:9,H3824,heart,heart,"M15:Knowing & Understanding,M08:Pride & Arrogance,M71:Glory & Splendor","H3045 (know),H1346 (pride),H1433 (arrogance)","and all the people will know, Ephraim and the inhabitants of Samaria, who say in pride and in arrogance of heart:"
Jam 1:21,G5590G,soul,souls,"M53:Dishonor & Disgrace,M58:Wickedness,M05:Kindness & Friendship,M65:Speech & Tongue,M45:Renewal & Transformation","G4507 (filthiness),G2549 (wickedness),G4240 (meekness),G3056 (word),G4982 (save)","Therefore put away all filthiness and rampant wickedness and receive with meekness the implanted word, which is able to save your souls."
Jam 1:26,G2588,heart,heart,"M15:Knowing & Understanding,M31:Faith","G1380 (thinks),G2356 (religion)","If anyone thinks he is religious and does not bridle his tongue but deceives his heart, this person’s religion is worthless."
Jam 2:26,G4151G,spirit/breath: spirit,spirit,M13:Faith & Faithfulness,G4102G (faith),"For as the body apart from the spirit is dead, so also faith apart from works is dead."
Jam 3:14,G2588,heart,hearts,"M03:Grief & Lament,M18:Desire & Longing,M28:Envy & Greed,M08:Pride & Arrogance,M14:Deceit & Falsehood,M13:Faith & Faithfulness","G4089 (bitter),G2205 (jealousy),G2052 (selfish ambition),G2620 (boast),G5574 (false),G0225 (truth)","But if you have bitter jealousy and selfish ambition in your hearts, do not boast and be false to the truth."
Jam 4:5,G4151G,spirit/breath: spirit,spirit,"M15:Knowing & Understanding,M18:Desire & Longing,M28:Envy & Greed","G1380 (suppose),G1971 (yearns),G5355 (jealously)","Or do you suppose it is to no purpose that the Scripture says, “He yearns jealously over the spirit that he has made to dwell in us ”?"
Jam 4:8,G2588,heart,hearts,"M12:Righteousness & Integrity,M10:Violence & Cruelty,M61:Purity & Holiness,M20:Doubt & Discouragement","G2511 (Cleanse),G0268 (sinners),G0048 (purify),G1374 (double-minded)","Draw near to God, and he will draw near to you. Cleanse your hands, you sinners, and purify your hearts, you double-minded."
Jam 5:20,G5590G,soul,soul,"M15:Knowing & Understanding,M10:Violence & Cruelty,M55:Destruction & Ruin,M45:Renewal & Transformation,M56:Sin & Guilt","G1097 (know),G0268 (sinner),G4106 (wandering),G4982 (save),G2572 (cover),G0266 (sins)",let him know that whoever brings back a sinner from his wandering will save his soul from death and will cover a multitude of sins.
Jam 5:8,G2588,heart,hearts,M34:Patience & Perseverance,G3114 (patient),"You also, be patient. Establish your hearts, for the coming of the Lord is at hand."
Jer 10:14,H7307H,spirit: breath,breath,"M16:Wisdom & Folly,M15:Knowing & Understanding,M24:Faintness & Despair,M55:Destruction & Ruin,M14:Deceit & Falsehood","H1197B (stupid),H1847 (knowledge),H3001 (put to shame),H6459 (idols),H8267 (false)","Every man is stupid and without knowledge; every goldsmith is put to shame by his idols, for his images are false, and there is no breath in them."
Jer 11:15,H1320,flesh,flesh,"M06:Malice & Enmity,M61:Purity & Holiness,M24:Faintness & Despair,M04:Joy & Gladness","H4209 (vile deeds),H6944G (sacrificial),H7451C (doom),H5937 (exult)","What right has my beloved in my house, when she has done many vile deeds? Can even sacrificial flesh avert your doom? Can you then exult?"
Jer 11:20,H3820A,heart,mind,"M72:Authority & Dominion,M63:Reasoning & Interpretation,M12:Righteousness & Integrity,M35:Being Tested,M26:Judgment & Condemnation,M10:Violence & Cruelty","H6635B (hosts),H8199 (judges),H6664G (righteously),H0974 (tests),H5360 (vengeance),H7379 (cause)","But, O Lord of hosts, who judges righteously, who tests the heart and the mind, let me see your vengeance upon them, for to you have I committed my cause."
Jer 11:21,H5315H,soul: life,life,"M83:Seeking & Inquiring,M43:Prophecy & Vision","H1245 (seek),H5012 (prophesy)","Therefore thus says the Lord concerning the men of Anathoth, who seek your life, and say, “Do not prophesy in the name of the Lord, or you will die by our hand ”—"
Jer 11:8,H3820A,heart,heart,"M41:Being Heard,M30:Rebellion & Stubbornness,M58:Wickedness,M65:Speech & Tongue,M44:Covenant & Fellowship","H8085H (obey),H8307 (stubbornness),H7451H (evil),H1697G (words),H1285 (covenant)","Yet they did not obey or incline their ear, but everyone walked in the stubbornness of his evil heart. Therefore I brought upon them all the words of this covenant, which I commanded them to do, but they did not.”"
Jer 12:11,H3820A,heart,heart,"M55:Destruction & Ruin,M03:Grief & Lament,M10:Violence & Cruelty","H8077A (desolation),H0056 (mourns),H8074G (desolate)","They have made it a desolation; desolate, it mourns to me. The whole land is made desolate, but no man lays it to heart."
Jer 12:12,H1320,flesh,flesh,"M55:Destruction & Ruin,M33:Rest & Peace","H7703 (destroyers),H7965G (peace)","Upon all the bare heights in the desert destroyers have come, for the sword of the Lord devours from one end of the land to the other; no flesh has peace."
Jer 12:3,H3820A,heart,heart,"M15:Knowing & Understanding,M35:Being Tested,M61:Purity & Holiness","H3045 (know),H0974 (test),H6942J (apart)","But you, O Lord, know me; you see me, and test my heart toward you. Pull them out like sheep for the slaughter, and set them apart for the day of slaughter."
Jer 12:7,H5315G,soul,soul,"M30:Rebellion & Stubbornness,M59:Release & Reconciliation,M46:Wealth & Riches,M51:Love & Devotion,M06:Malice & Enmity","H5800A (forsaken),H5203 (abandoned),H5159 (heritage),H3033 (beloved),H0341 (enemies)",“I have forsaken my house; I have abandoned my heritage; I have given the beloved of my soul into the hands of her enemies.
Jer 13:10,H3820A,heart,heart,"M58:Wickedness,M41:Being Heard,M65:Speech & Tongue,M30:Rebellion & Stubbornness,M36:Worship & Service,M46:Wealth & Riches","H7451H (evil),H8085G (hear),H1697G (words),H8307 (stubbornly),H5647H (serve),H6743B (good)","This evil people, who refuse to hear my words, who stubbornly follow their own heart and have gone after other gods to serve them and worship them, shall be like this loincloth, which is good for nothing."
Jer 13:17,H5315G,soul,soul,"M41:Being Heard,M03:Grief & Lament,M08:Pride & Arrogance","H8085G (listen),H1058 (weep),H1466 (pride),H1830 (weep),H1830 (bitterly),H1832 (tears)","But if you will not listen, my soul will weep in secret for your pride; my eyes will weep bitterly and run down with tears, because the Lord’s flock has been taken captive."
Jer 13:22,H3824,heart,heart,"M37:Firstborn & Foreknowledge,M46:Wealth & Riches,M56:Sin & Guilt","H7122I (come upon),H7230 (greatness),H5771G (iniquity)","And if you say in your heart, ‘ Why have these things come upon me?’ it is for the greatness of your iniquity that your skirts are lifted up and you suffer violence."
Jer 14:14,H3820A,heart,minds,"M43:Prophecy & Vision,M14:Deceit & Falsehood,M42:Prayer & Petition,M55:Destruction & Ruin","H5030 (prophets),H5012 (prophesying),H8267 (lies),H1696G (speak),H8267 (lying),H0457 (worthless),H8649B (deceit)","And the Lord said to me: “The prophets are prophesying lies in my name. I did not send them, nor did I command them or speak to them. They are prophesying to you a lying vision, worthless divination, and the deceit of their own minds."
Jer 14:19,H5315G,soul,soul,"M30:Rebellion & Stubbornness,M06:Malice & Enmity,M68:Hope & Waiting,M33:Rest & Peace,M05:Kindness & Friendship,M01:Fear & Awe","H3988A (utterly),H3988A (rejected),H1602 (loathe),H6960A (looked),H7965G (peace),H2896B (good),H1205 (terror)","Have you utterly rejected Judah? Does your soul loathe Zion? Why have you struck us down so that there is no healing for us? We looked for peace, but no good came; for a time of healing, but behold, terror."
Jer 14:6,H7307H,spirit: breath,air,M18:Desire & Longing,H7602A (pant),The wild donkeys stand on the bare heights; they pant for air like jackals; their eyes fail because there is no vegetation.
Jer 15:16,H3824,heart,heart,"M65:Speech & Tongue,M04:Joy & Gladness,M42:Prayer & Petition,M72:Authority & Dominion","H1697G (words),H8342 (joy),H8057 (delight),H7121H (called),H6635B (hosts)","Your words were found, and I ate them, and your words became to me a joy and the delight of my heart, for I am called by your name, O Lord, God of hosts."
Jer 15:9,H5315I,soul: myself,away,"M73:Sickness & Weakness,M25:Life & Death,M07:Shame & Confusion,M06:Malice & Enmity,M42:Prayer & Petition","H0535 (grown feeble),H5301 (fainted),H0954 (shamed),H2659 (disgraced),H0341 (enemies),H5002 (declares)","She who bore seven has grown feeble; she has fainted away; her sun went down while it was yet day; she has been shamed and disgraced. And the rest of them I will give to the sword before their enemies, declares the Lord.”"
Jer 16:12,H3820A,heart,will,"M58:Wickedness,M30:Rebellion & Stubbornness,M41:Being Heard","H7489A (worse),H8307 (stubborn),H7451H (evil),H8085H (listen)","and because you have done worse than your fathers, for behold, every one of you follows his stubborn, evil will, refusing to listen to me."
Jer 17:1,H3820A,heart,heart,"M56:Sin & Guilt,M06:Malice & Enmity","H2403B (sin),H2790A (engraved)","“The sin of Judah is written with a pen of iron; with a point of diamond it is engraved on the tablet of their heart, and on the horns of their altars,"
Jer 17:10,H3820A,heart,heart,"M35:Being Tested,M76:Walk & Conduct","H0974 (test),H1870G (ways)","“ I the Lord search the heart and test the mind, to give every man according to his ways, according to the fruit of his deeds.”"
Jer 17:21,H5315H,soul: life,lives,"M74:Keeping & Guarding,M78:Slavery & Bondage","H8104J (Take care),H4853A (burden)","Thus says the Lord: Take care for the sake of your lives, and do not bear a burden on the Sabbath day or bring it in by the gates of Jerusalem."
Jer 17:5,H1320,flesh,flesh,"M06:Malice & Enmity,M19:Trust & Refuge,M11:Turning & Repentance","H0779 (Cursed),H0982 (trusts),H5493I (away)","Thus says the Lord: “ Cursed is the man who trusts in man and makes flesh his strength, whose heart turns away from the Lord."
Jer 17:5,H3820A,heart,heart,"M06:Malice & Enmity,M19:Trust & Refuge,M11:Turning & Repentance","H0779 (Cursed),H0982 (trusts),H5493I (away)","Thus says the Lord: “ Cursed is the man who trusts in man and makes flesh his strength, whose heart turns away from the Lord."
Jer 17:9,H3820A,heart,heart,"M14:Deceit & Falsehood,M73:Sickness & Weakness,M15:Knowing & Understanding","H6121A (deceitful),H0605 (desperately sick),H3045 (can understand)","The heart is deceitful above all things, and desperately sick; who can understand it?"
Jer 18:12,H3820A,heart,heart,"M24:Faintness & Despair,M06:Malice & Enmity,M30:Rebellion & Stubbornness,M58:Wickedness","H2976 (vain),H4284 (plans),H8307 (stubbornness),H7451H (evil)","“But they say, ‘That is in vain! We will follow our own plans, and will every one act according to the stubbornness of his evil heart.’"
Jer 18:17,H7307H,spirit: breath,wind,M06:Malice & Enmity,H0341 (enemy),"Like the east wind I will scatter them before the enemy. I will show them my back, not my face, in the day of their calamity.”"
Jer 18:20,H5315H,soul: life,life,"M58:Wickedness,M81:Memory (act),M42:Prayer & Petition,M02:Anger & Wrath","H7451I (evil),H2142 (Remember),H1696G (speak),H2534 (wrath)","Should good be repaid with evil? Yet they have dug a pit for my life. Remember how I stood before you to speak good for them, to turn away your wrath from them."
Jer 19:5,H3820A,heart,mind,"M36:Worship & Service,M42:Prayer & Petition","H5930A (burnt offerings),H1696G (decree)","and have built the high places of Baal to burn their sons in the fire as burnt offerings to Baal, which I did not command or decree, nor did it come into my mind —"
Jer 19:7,H5315H,soul: life,life,"M16:Wisdom & Folly,M06:Malice & Enmity,M72:Authority & Dominion,M83:Seeking & Inquiring","H6098 (plans),H0341 (enemies),H3027H (hand),H1245 (seek)","And in this place I will make void the plans of Judah and Jerusalem, and will cause their people to fall by the sword before their enemies, and by the hand of those who seek their life. I will give their dead bodies for food to the birds of the air and to the beasts of the earth."
Jer 19:9,H1320,flesh,flesh,"M24:Faintness & Despair,M06:Malice & Enmity,M83:Seeking & Inquiring","H4689 (distress),H0341 (enemies),H1245 (seek)","And I will make them eat the flesh of their sons and their daughters, and everyone shall eat the flesh of his neighbor in the siege and in the distress, with which their enemies and those who seek their life afflict them.’"
Jer 19:9,H1320,flesh,and,"M24:Faintness & Despair,M06:Malice & Enmity,M83:Seeking & Inquiring","H4689 (distress),H0341 (enemies),H1245 (seek)","And I will make them eat the flesh of their sons and their daughters, and everyone shall eat the flesh of his neighbor in the siege and in the distress, with which their enemies and those who seek their life afflict them.’"
Jer 19:9,H1320,flesh,flesh,"M24:Faintness & Despair,M06:Malice & Enmity,M83:Seeking & Inquiring","H4689 (distress),H0341 (enemies),H1245 (seek)","And I will make them eat the flesh of their sons and their daughters, and everyone shall eat the flesh of his neighbor in the siege and in the distress, with which their enemies and those who seek their life afflict them.’"
Jer 19:9,H5315H,soul: life,life,"M24:Faintness & Despair,M06:Malice & Enmity,M83:Seeking & Inquiring","H4689 (distress),H0341 (enemies),H1245 (seek)","And I will make them eat the flesh of their sons and their daughters, and everyone shall eat the flesh of his neighbor in the siege and in the distress, with which their enemies and those who seek their life afflict them.’"
Jer 20:12,H3820A,heart,mind,"M72:Authority & Dominion,M35:Being Tested,M12:Righteousness & Integrity,M26:Judgment & Condemnation,M10:Violence & Cruelty","H6635B (hosts),H0974 (tests),H6662 (righteous),H5360 (vengeance),H7379 (cause)","O Lord of hosts, who tests the righteous, who sees the heart and the mind, let me see your vengeance upon them, for to you have I committed my cause."
Jer 20:13,H5315H,soul: life,life,"M22:Praise & Song,M45:Renewal & Transformation,M09:Humility & Lowliness,M72:Authority & Dominion,M58:Wickedness","H7891 (Sing),H1984B (praise),H5337 (delivered),H0034 (needy),H3027H (hand),H7489A (evildoers)",Sing to the Lord; praise the Lord! For he has delivered the life of the needy from the hand of evildoers.
Jer 20:9,H3820A,heart,heart,"M81:Memory (act),M42:Prayer & Petition,M30:Rebellion & Stubbornness,M24:Faintness & Despair,M23:Strength & Courage","H2142 (mention),H1696G (speak),H6113 (shut up),H3811 (weary),H3201 (cannot)","If I say, “I will not mention him, or speak any more in his name,” there is in my heart as it were a burning fire shut up in my bones, and I am weary with holding it in, and I cannot."
Jer 21:7,H5315H,soul: life,lives,"M42:Prayer & Petition,M72:Authority & Dominion,M36:Worship & Service,M06:Malice & Enmity,M83:Seeking & Inquiring,M05:Kindness & Friendship,M50:Grace & Mercy","H5002 (declares),H4428G (king),H5650 (servants),H3027H (hand),H0341 (enemies),H1245 (seek),H2550 (pity),H2347 (spare),H7355 (compassion)","Afterward, declares the Lord, I will give Zedekiah king of Judah and his servants and the people in this city who survive the pestilence, sword, and famine into the hand of Nebuchadnezzar king of Babylon and into the hand of their enemies, into the hand of those who seek their lives. He shall strike them down with the edge of the sword. He shall not pity them or spare them or have compassion.’"
Jer 21:9,H5315H,soul: life,life,"M23:Strength & Courage,M25:Life & Death","H6696A (besieging),H2421 (live)","He who stays in this city shall die by the sword, by famine, and by pestilence, but he who goes out and surrenders to the Chaldeans who are besieging you shall live and shall have his life as a prize of war."
Jer 22:17,H3820A,heart,heart,"M12:Righteousness & Integrity,M06:Malice & Enmity","H1215 (gain),H5355A (innocent),H4835 (violence)","But you have eyes and heart only for your dishonest gain, for shedding innocent blood, and for practicing oppression and violence.”"
Jer 22:22,H7307H,spirit: breath,wind,"M51:Love & Devotion,M07:Shame & Confusion,M58:Wickedness","H0157G (lovers),H0954 (ashamed),H3637 (confounded),H7451I (evil)","The wind shall shepherd all your shepherds, and your lovers shall go into captivity; then you will be ashamed and confounded because of all your evil."
Jer 22:25,H5315H,soul: life,life,"M72:Authority & Dominion,M83:Seeking & Inquiring,M01:Fear & Awe","H3027H (hand),H1245 (seek),H3016 (afraid),H4428G (king)","and give you into the hand of those who seek your life, into the hand of those of whom you are afraid, even into the hand of Nebuchadnezzar king of Babylon and into the hand of the Chaldeans."
Jer 22:27,H5315L,soul: appetite,long,M19:Trust & Refuge,H5375O (long),"But to the land to which they will long to return, there they shall not return.”"
Jer 23:16,H3820A,heart,minds,"M72:Authority & Dominion,M41:Being Heard,M65:Speech & Tongue,M43:Prophecy & Vision,M42:Prayer & Petition","H6635B (hosts),H8085G (listen),H1697G (words),H5030 (prophets),H5012 (prophesy),H1696G (speak)","Thus says the Lord of hosts: “Do not listen to the words of the prophets who prophesy to you, filling you with vain hopes. They speak visions of their own minds, not from the mouth of the Lord."
Jer 23:17,H3820A,heart,heart,"M30:Rebellion & Stubbornness,M42:Prayer & Petition,M33:Rest & Peace,M24:Faintness & Despair","H5006 (despise),H1696G (word),H7965I (well),H8307 (stubbornly),H7451C (disaster)","They say continually to those who despise the word of the Lord, ‘It shall be well with you’; and to everyone who stubbornly follows his own heart, they say, ‘ No disaster shall come upon you.’”"
Jer 23:20,H3820A,heart,heart,"M02:Anger & Wrath,M06:Malice & Enmity,M15:Knowing & Understanding","H0639G (anger),H4209 (intents),H0995 (understand),H0998 (clearly)",The anger of the Lord will not turn back until he has executed and accomplished the intents of his heart. In the latter days you will understand it clearly.
Jer 23:26,H3820A,heart,heart,"M43:Prophecy & Vision,M14:Deceit & Falsehood","H5030 (prophets),H5012 (prophesy),H8267 (lies),H5030 (prophesy),H8649B (deceit)","How long shall there be lies in the heart of the prophets who prophesy lies, and who prophesy the deceit of their own heart,"
Jer 23:26,H3820A,heart,heart,"M43:Prophecy & Vision,M14:Deceit & Falsehood","H5030 (prophets),H5012 (prophesy),H8267 (lies),H5030 (prophesy),H8649B (deceit)","How long shall there be lies in the heart of the prophets who prophesy lies, and who prophesy the deceit of their own heart,"
Jer 23:9,H3820A,heart,heart,"M43:Prophecy & Vision,M24:Faintness & Despair,M73:Sickness & Weakness,M61:Purity & Holiness,M65:Speech & Tongue","H5030 (prophets),H7665 (broken),H7363A (shake),H6944G (holy),H1697G (words)","Concerning the prophets: My heart is broken within me; all my bones shake; I am like a drunken man, like a man overcome by wine, because of the Lord and because of his holy words."
Jer 24:7,H3820A,heart,heart,M15:Knowing & Understanding,H3045 (know),"I will give them a heart to know me, that I am the Lord, and they shall be my people and I will be their God, for they shall return to me with their whole heart."
Jer 24:7,H3820A,heart,heart,M15:Knowing & Understanding,H3045 (know),"I will give them a heart to know me, that I am the Lord, and they shall be my people and I will be their God, for they shall return to me with their whole heart."
Jer 25:31,H1320,flesh,flesh,"M10:Violence & Cruelty,M63:Reasoning & Interpretation,M58:Wickedness,M42:Prayer & Petition","H7379 (indictment),H8199 (judgment),H7563 (wicked),H5002 (declares)","The clamor will resound to the ends of the earth, for the Lord has an indictment against the nations; he is entering into judgment with all flesh, and the wicked he will put to the sword, declares the Lord.’"
Jer 26:19,H5315I,soul: myself,ourselves,"M72:Authority & Dominion,M01:Fear & Awe,M21:Fasting & Piety,M11:Turning & Repentance,M24:Faintness & Despair,M42:Prayer & Petition","H4428G (king),H3373 (fear),H2470B (entreat),H5162H (relent),H7451C (disaster),H1696I (pronounced)","Did Hezekiah king of Judah and all Judah put him to death? Did he not fear the Lord and entreat the favor of the Lord, and did not the Lord relent of the disaster that he had pronounced against them? But we are about to bring great disaster upon ourselves.”"
Jer 29:13,H3824,heart,heart,M83:Seeking & Inquiring,"H1245 (seek),H1875 (seek)","You will seek me and find me, when you seek me with all your heart."
Jer 2:24,H7307H,spirit: breath,wind,"M18:Desire & Longing,M83:Seeking & Inquiring,M24:Faintness & Despair","H0185 (heat),H7602A (sniffing),H1245 (seek),H3286 (weary)","a wild donkey used to the wilderness, in her heat sniffing the wind! Who can restrain her lust? None who seek her need weary themselves; in her month they will find her."
Jer 2:24,H5315I,soul: myself,themselves,"M18:Desire & Longing,M83:Seeking & Inquiring,M24:Faintness & Despair","H0185 (heat),H7602A (sniffing),H1245 (seek),H3286 (weary)","a wild donkey used to the wilderness, in her heat sniffing the wind! Who can restrain her lust? None who seek her need weary themselves; in her month they will find her."
Jer 2:34,H5315H,soul: life,lifeblood,"M12:Righteousness & Integrity,M09:Humility & Lowliness,M24:Faintness & Despair","H5355A (guiltless),H0034 (poor),H4290 (breaking in)",Also on your skirts is found the lifeblood of the guiltless poor; you did not find them breaking in. Yet in spite of all these things
Jer 30:21,H3820A,heart,himself,"M72:Authority & Dominion,M42:Prayer & Petition","H4910 (ruler),H5002 (declares)","Their prince shall be one of themselves; their ruler shall come out from their midst; I will make him draw near, and he shall approach me, for who would dare of himself to approach me? declares the Lord."
Jer 30:24,H3820A,heart,mind,"M02:Anger & Wrath,M06:Malice & Enmity,M15:Knowing & Understanding","H2740 (fierce),H0639G (anger),H4209 (intentions),H0995 (understand)",The fierce anger of the Lord will not turn back until he has executed and accomplished the intentions of his mind. In the latter days you will understand this.
Jer 31:12,H5315H,soul: life,life,"M22:Praise & Song,M08:Pride & Arrogance,M24:Faintness & Despair","H7442B (sing aloud),H4791 (height),H1669 (languish)","They shall come and sing aloud on the height of Zion, and they shall be radiant over the goodness of the Lord, over the grain, the wine, and the oil, and over the young of the flock and the herd; their life shall be like a watered garden, and they shall languish no more."
Jer 31:14,H5315G,soul,soul,"M36:Worship & Service,M45:Renewal & Transformation,M42:Prayer & Petition","H3548 (priests),H7646 (satisfied),H5002 (declares)","I will feast the soul of the priests with abundance, and my people shall be satisfied with my goodness, declares the Lord.”"
Jer 31:21,H3820A,heart,well,M15:Knowing & Understanding,H7896K (consider),"“Set up road markers for yourself; make yourself guideposts; consider well the highway, the road by which you went. Return, O virgin Israel, return to these your cities."
Jer 31:25,H5315G,soul,soul,M24:Faintness & Despair,"H5889 (weary),H1669 (languishing)","For I will satisfy the weary soul, and every languishing soul I will replenish.”"
Jer 31:25,H5315G,soul,soul,M24:Faintness & Despair,"H5889 (weary),H1669 (languishing)","For I will satisfy the weary soul, and every languishing soul I will replenish.”"
Jer 31:33,H3820A,heart,hearts,"M44:Covenant & Fellowship,M42:Prayer & Petition,M54:Torah & Obedience","H1285 (covenant),H3772H (make),H5002 (declares),H8451 (law)","For this is the covenant that I will make with the house of Israel after those days, declares the Lord: I will put my law within them, and I will write it on their hearts. And I will be their God, and they shall be my people."
Jer 32:27,H1320,flesh,flesh,"M65:Speech & Tongue,M48:Astonishment & Wonder","H1697I (anything),H6381 (hard)","“ Behold, I am the Lord, the God of all flesh. Is anything too hard for me?"
Jer 32:35,H3820A,heart,mind,"M58:Wickedness,M56:Sin & Guilt","H8441 (abomination),H2398 (sin)","They built the high places of Baal in the Valley of the Son of Hinnom, to offer up their sons and daughters to Molech, though I did not command them, nor did it enter into my mind, that they should do this abomination, to cause Judah to sin."
Jer 32:39,H3820A,heart,heart,"M76:Walk & Conduct,M01:Fear & Awe,M05:Kindness & Friendship","H1870G (way),H3372H (fear),H2896B (good)","I will give them one heart and one way, that they may fear me forever, for their own good and the good of their children after them."
Jer 32:40,H3824,heart,hearts,"M44:Covenant & Fellowship,M05:Kindness & Friendship,M01:Fear & Awe,M11:Turning & Repentance","H3772H (make),H1285 (covenant),H3190 (good),H3374 (fear),H5493I (turn)","I will make with them an everlasting covenant, that I will not turn away from doing good to them. And I will put the fear of me in their hearts, that they may not turn from me."
Jer 32:41,H3820A,heart,heart,"M04:Joy & Gladness,M05:Kindness & Friendship,M13:Faith & Faithfulness","H7797 (rejoice),H3190 (good),H0571G (faithfulness)","I will rejoice in doing them good, and I will plant them in this land in faithfulness, with all my heart and all my soul."
Jer 32:41,H5315G,soul,soul,"M04:Joy & Gladness,M05:Kindness & Friendship,M13:Faith & Faithfulness","H7797 (rejoice),H3190 (good),H0571G (faithfulness)","I will rejoice in doing them good, and I will plant them in this land in faithfulness, with all my heart and all my soul."
Jer 34:16,H5315L,soul: appetite,desire,M36:Worship & Service,H5650 (slaves),"but then you turned around and profaned my name when each of you took back his male and female slaves, whom you had set free according to their desire, and you brought them into subjection to be your slaves."
Jer 34:20,H5315H,soul: life,lives,"M72:Authority & Dominion,M06:Malice & Enmity,M83:Seeking & Inquiring","H3027H (hand),H0341 (enemies),H1245 (seek)",And I will give them into the hand of their enemies and into the hand of those who seek their lives. Their dead bodies shall be food for the birds of the air and the beasts of the earth.
Jer 34:21,H5315H,soul: life,lives,"M72:Authority & Dominion,M06:Malice & Enmity,M83:Seeking & Inquiring,M23:Strength & Courage","H4428G (king),H8269 (officials),H3027H (hand),H0341 (enemies),H1245 (seek),H2428A (army)","And Zedekiah king of Judah and his officials I will give into the hand of their enemies and into the hand of those who seek their lives, into the hand of the army of the king of Babylon which has withdrawn from you."
Jer 37:9,H5315I,soul: myself,yourselves,M14:Deceit & Falsehood,H5377 (deceive),"Thus says the Lord, Do not deceive yourselves, saying, “The Chaldeans will surely go away from us,” for they will not go away."
Jer 38:16,H5315H,soul: life,souls,"M72:Authority & Dominion,M25:Life & Death,M83:Seeking & Inquiring","H4428G (King),H2416A (lives),H3027H (hand),H1245 (seek)","Then King Zedekiah swore secretly to Jeremiah, “As the Lord lives, who made our souls, I will not put you to death or deliver you into the hand of these men who seek your life.”"
Jer 38:16,H5315H,soul: life,life,"M72:Authority & Dominion,M25:Life & Death,M83:Seeking & Inquiring","H4428G (King),H2416A (lives),H3027H (hand),H1245 (seek)","Then King Zedekiah swore secretly to Jeremiah, “As the Lord lives, who made our souls, I will not put you to death or deliver you into the hand of these men who seek your life.”"
Jer 38:17,H5315H,soul: life,life,"M72:Authority & Dominion,M25:Life & Death","H6635B (hosts),H8269 (officials),H4428G (king),H2421 (spared),H2421 (live)","Then Jeremiah said to Zedekiah, “ Thus says the Lord, the God of hosts, the God of Israel: If you will surrender to the officials of the king of Babylon, then your life shall be spared, and this city shall not be burned with fire, and you and your house shall live."
Jer 38:2,H5315H,soul: life,life,M25:Life & Death,H2421 (live),"“ Thus says the Lord: He who stays in this city shall die by the sword, by famine, and by pestilence, but he who goes out to the Chaldeans shall live. He shall have his life as a prize of war, and live."
Jer 38:20,H5315H,soul: life,life,"M41:Being Heard,M42:Prayer & Petition,M05:Kindness & Friendship,M25:Life & Death","H8085H (Obey),H1696G (say),H3190 (well),H2421 (spared)","Jeremiah said, “You shall not be given to them. Obey now the voice of the Lord in what I say to you, and it shall be well with you, and your life shall be spared."
Jer 39:18,H5315H,soul: life,life,"M19:Trust & Refuge,M42:Prayer & Petition","H0982 (trust),H5002 (declares)","For I will surely save you, and you shall not fall by the sword, but you shall have your life as a prize of war, because you have put your trust in me, declares the Lord.’”"
Jer 3:10,H3820A,heart,heart,"M14:Deceit & Falsehood,M44:Covenant & Fellowship,M42:Prayer & Petition","H0901 (treacherous),H0269 (sister),H8267 (pretense),H5002 (declares)","Yet for all this her treacherous sister Judah did not return to me with her whole heart, but in pretense, declares the Lord.”"
Jer 3:11,H5315I,soul: myself,shown herself,"M31:Faith,M26:Judgment & Condemnation,M14:Deceit & Falsehood","H4878 (Faithless),H6663 (righteous),H0898 (treacherous)","And the Lord said to me, “ Faithless Israel has shown herself more righteous than treacherous Judah."
Jer 3:15,H3820A,heart,heart,"M15:Knowing & Understanding,M16:Wisdom & Folly","H1844 (knowledge),H7919A (understanding)","“‘And I will give you shepherds after my own heart, who will feed you with knowledge and understanding."
Jer 3:16,H3820A,heart,mind,"M23:Strength & Courage,M42:Prayer & Petition,M44:Covenant & Fellowship,M81:Memory (act)","H7235A (multiplied),H5002 (declares),H1285 (covenant),H2142 (remembered)","And when you have multiplied and been fruitful in the land, in those days, declares the Lord, they shall no more say, “The ark of the covenant of the Lord.” It shall not come to mind or be remembered or missed; it shall not be made again."
Jer 3:17,H3820A,heart,heart,"M42:Prayer & Petition,M72:Authority & Dominion,M16:Wisdom & Folly,M30:Rebellion & Stubbornness,M58:Wickedness","H7121H (called),H3678G (throne),H6960B (gather),H8307 (stubbornly),H7451H (evil)","At that time Jerusalem shall be called the throne of the Lord, and all nations shall gather to it, to the presence of the Lord in Jerusalem, and they shall no more stubbornly follow their own evil heart."
Jer 40:14,H5315H,soul: life,life,"M15:Knowing & Understanding,M72:Authority & Dominion,M13:Faith & Faithfulness","H3045 (you),H3045 (know),H4428G (king),H0539 (believe)","and said to him, “Do you know that Baalis the king of the Ammonites has sent Ishmael the son of Nethaniah to take your life?” But Gedaliah the son of Ahikam would not believe them."
Jer 40:15,H5315H,soul: life,life,M15:Knowing & Understanding,H3045 (know),"Then Johanan the son of Kareah spoke secretly to Gedaliah at Mizpah, “ Please let me go and strike down Ishmael the son of Nethaniah, and no one will know it. Why should he take your life, so that all the Judeans who are gathered about you would be scattered, and the remnant of Judah would perish?”"
Jer 42:20,H5315H,soul: life,lives,"M76:Walk & Conduct,M42:Prayer & Petition,M65:Speech & Tongue","H8582 (astray),H6419 (Pray),H5046 (declare)","that you have gone astray at the cost of your lives. For you sent me to the Lord your God, saying, ‘ Pray for us to the Lord our God, and whatever the Lord our God says, declare to us and we will do it.’"
Jer 43:6,H5315J,soul: person,person,"M72:Authority & Dominion,M33:Rest & Peace,M43:Prophecy & Vision","H4428G (princesses),H5117 (left),H5030 (prophet)","the men, the women, the children, the princesses, and every person whom Nebuzaradan the captain of the guard had left with Gedaliah the son of Ahikam, son of Shaphan; also Jeremiah the prophet and Baruch the son of Neriah."
Jer 44:14,H5315L,soul: appetite,desire,M19:Trust & Refuge,H5375O (they),"so that none of the remnant of Judah who have come to live in the land of Egypt shall escape or survive or return to the land of Judah, to which they desire to return to dwell there. For they shall not return, except some fugitives.”"
Jer 44:21,H3820A,heart,mind,"M72:Authority & Dominion,M81:Memory (act)","H4428G (kings),H8269 (officials),H2142 (remember)","“As for the offerings that you offered in the cities of Judah and in the streets of Jerusalem, you and your fathers, your kings and your officials, and the people of the land, did not the Lord remember them? Did it not come into his mind?"
Jer 44:30,H5315H,soul: life,life,"M72:Authority & Dominion,M06:Malice & Enmity,M83:Seeking & Inquiring","H4428G (king),H3027H (hand),H0341 (enemies),H1245 (seek),H3027H (Nebuchadnezzar),H0341 (enemy),H1245 (sought)","Thus says the Lord, Behold, I will give Pharaoh Hophra king of Egypt into the hand of his enemies and into the hand of those who seek his life, as I gave Zedekiah king of Judah into the hand of Nebuchadnezzar king of Babylon, who was his enemy and sought his life.”"
Jer 44:30,H5315H,soul: life,life,"M72:Authority & Dominion,M06:Malice & Enmity,M83:Seeking & Inquiring","H4428G (king),H3027H (hand),H0341 (enemies),H1245 (seek),H3027H (Nebuchadnezzar),H0341 (enemy),H1245 (sought)","Thus says the Lord, Behold, I will give Pharaoh Hophra king of Egypt into the hand of his enemies and into the hand of those who seek his life, as I gave Zedekiah king of Judah into the hand of Nebuchadnezzar king of Babylon, who was his enemy and sought his life.”"
Jer 44:7,H5315I,soul: myself,yourselves,"M72:Authority & Dominion,M58:Wickedness","H6635B (hosts),H7451I (evil)","And now thus says the Lord God of hosts, the God of Israel: Why do you commit this great evil against yourselves, to cut off from you man and woman, infant and child, from the midst of Judah, leaving you no remnant?"
Jer 45:5,H1320,flesh,flesh,"M83:Seeking & Inquiring,M24:Faintness & Despair,M42:Prayer & Petition","H1245 (seek),H1245 (Seek),H7451C (disaster),H5002 (declares)","And do you seek great things for yourself? Seek them not, for behold, I am bringing disaster upon all flesh, declares the Lord. But I will give you your life as a prize of war in all places to which you may go.”"
Jer 45:5,H5315H,soul: life,life,"M83:Seeking & Inquiring,M24:Faintness & Despair,M42:Prayer & Petition","H1245 (seek),H1245 (Seek),H7451C (disaster),H5002 (declares)","And do you seek great things for yourself? Seek them not, for behold, I am bringing disaster upon all flesh, declares the Lord. But I will give you your life as a prize of war in all places to which you may go.”"
Jer 46:26,H5315H,soul: life,life,"M72:Authority & Dominion,M83:Seeking & Inquiring,M36:Worship & Service,M42:Prayer & Petition","H3027H (hand),H1245 (seek),H4428G (king),H3027H (his),H5650 (officers),H5002 (declares)","I will deliver them into the hand of those who seek their life, into the hand of Nebuchadnezzar king of Babylon and his officers. Afterward Egypt shall be inhabited as in the days of old, declares the Lord."
Jer 48:29,H3820A,heart,heart,"M41:Being Heard,M08:Pride & Arrogance","H8085G (heard),H1347 (pride),H1343 (proud),H1363 (loftiness),H1346 (arrogance),H7312 (haughtiness)","We have heard of the pride of Moab — he is very proud — of his loftiness, his pride, and his arrogance, and the haughtiness of his heart."
Jer 48:36,H3820A,heart,heart,"M84:Outcry & Shouting,M46:Wealth & Riches","H1993 (moans),H3502 (riches)","Therefore my heart moans for Moab like a flute, and my heart moans like a flute for the men of Kir-hareseth. Therefore the riches they gained have perished."
Jer 48:36,H3820A,heart,heart,"M84:Outcry & Shouting,M46:Wealth & Riches","H1993 (moans),H3502 (riches)","Therefore my heart moans for Moab like a flute, and my heart moans like a flute for the men of Kir-hareseth. Therefore the riches they gained have perished."
Jer 48:41,H3820A,heart,heart,M24:Faintness & Despair,H6887C (birth pains),the cities shall be taken and the strongholds seized. The heart of the warriors of Moab shall be in that day like the heart of a woman in her birth pains;
Jer 48:41,H3820A,heart,heart,M24:Faintness & Despair,H6887C (birth pains),the cities shall be taken and the strongholds seized. The heart of the warriors of Moab shall be in that day like the heart of a woman in her birth pains;
Jer 49:16,H3820A,heart,heart,"M01:Fear & Awe,M14:Deceit & Falsehood,M08:Pride & Arrogance,M42:Prayer & Petition","H8606 (inspire),H5377 (deceived),H2087 (pride),H4791 (height),H1361 (high),H5002 (declares)","The horror you inspire has deceived you, and the pride of your heart, you who live in the clefts of the rock, who hold the height of the hill. Though you make your nest as high as the eagle’s, I will bring you down from there, declares the Lord."
Jer 49:22,H3820A,heart,heart,M24:Faintness & Despair,H6887C (birth pains),"Behold, one shall mount up and fly swiftly like an eagle and spread his wings against Bozrah, and the heart of the warriors of Edom shall be in that day like the heart of a woman in her birth pains.”"
Jer 49:22,H3820A,heart,heart,M24:Faintness & Despair,H6887C (birth pains),"Behold, one shall mount up and fly swiftly like an eagle and spread his wings against Bozrah, and the heart of the warriors of Edom shall be in that day like the heart of a woman in her birth pains.”"
Jer 49:32,H7307H,spirit: breath,wind,"M24:Faintness & Despair,M42:Prayer & Petition","H0957 (plunder),H5002 (declares)","Their camels shall become plunder, their herds of livestock a spoil. I will scatter to every wind those who cut the corners of their hair, and I will bring their calamity from every side of them, declares the Lord."
Jer 49:37,H5315H,soul: life,life,"M24:Faintness & Despair,M06:Malice & Enmity,M83:Seeking & Inquiring,M02:Anger & Wrath,M42:Prayer & Petition","H2865 (terrify),H0341 (enemies),H1245 (seek),H7451C (disaster),H2740 (fierce),H0639G (anger),H5002 (declares)","I will terrify Elam before their enemies and before those who seek their life. I will bring disaster upon them, my fierce anger, declares the Lord. I will send the sword after them, until I have consumed them,"
Jer 4:10,H5315H,soul: life,life,"M14:Deceit & Falsehood,M33:Rest & Peace","H5377 (utterly),H5377 (deceived),H7965I (well)","Then I said, “ Ah, Lord God, surely you have utterly deceived this people and Jerusalem, saying, ‘It shall be well with you,’ whereas the sword has reached their very life.”"
Jer 4:11,H7307H,spirit: breath,wind,M61:Purity & Holiness,H1305 (cleanse),"At that time it will be said to this people and to Jerusalem, “A hot wind from the bare heights in the desert toward the daughter of my people, not to winnow or cleanse,"
Jer 4:12,H7307H,spirit: breath,wind,"M42:Prayer & Petition,M12:Righteousness & Integrity","H1696G (speak),H4941G (judgment)",a wind too full for this comes for me. Now it is I who speak in judgment upon them.”
Jer 4:14,H3820A,heart,heart,"M58:Wickedness,M45:Renewal & Transformation,M06:Malice & Enmity","H7451I (evil),H3467 (saved),H0205G (wicked),H4284 (thoughts)","O Jerusalem, wash your heart from evil, that you may be saved. How long shall your wicked thoughts lodge within you?"
Jer 4:18,H3820A,heart,heart,"M76:Walk & Conduct,M24:Faintness & Despair,M03:Grief & Lament","H1870G (ways),H7451C (doom),H4751 (bitter)","Your ways and your deeds have brought this upon you. This is your doom, and it is bitter; it has reached your very heart.”"
Jer 4:19,H3820A,heart,heart,"M68:Hope & Waiting,M84:Outcry & Shouting,M33:Rest & Peace,M41:Being Heard,M10:Violence & Cruelty","H3176G (pain),H1993 (beating wildly),H2790B (silent),H8085G (hear),H8643 (alarm),H4421 (war)","My anguish, my anguish! I writhe in pain! Oh the walls of my heart! My heart is beating wildly; I cannot keep silent, for I hear the sound of the trumpet, the alarm of war."
Jer 4:19,H3820A,heart,heart,"M68:Hope & Waiting,M84:Outcry & Shouting,M33:Rest & Peace,M41:Being Heard,M10:Violence & Cruelty","H3176G (pain),H1993 (beating wildly),H2790B (silent),H8085G (hear),H8643 (alarm),H4421 (war)","My anguish, my anguish! I writhe in pain! Oh the walls of my heart! My heart is beating wildly; I cannot keep silent, for I hear the sound of the trumpet, the alarm of war."
Jer 4:19,H5315I,soul: myself,I,"M68:Hope & Waiting,M84:Outcry & Shouting,M33:Rest & Peace,M41:Being Heard,M10:Violence & Cruelty","H3176G (pain),H1993 (beating wildly),H2790B (silent),H8085G (hear),H8643 (alarm),H4421 (war)","My anguish, my anguish! I writhe in pain! Oh the walls of my heart! My heart is beating wildly; I cannot keep silent, for I hear the sound of the trumpet, the alarm of war."
Jer 4:30,H5315H,soul: life,life,"M55:Destruction & Ruin,M28:Envy & Greed,M30:Rebellion & Stubbornness,M83:Seeking & Inquiring","H7703 (desolate one),H5689 (lovers),H3988A (despise),H1245 (seek)","And you, O desolate one, what do you mean that you dress in scarlet, that you adorn yourself with ornaments of gold, that you enlarge your eyes with paint? In vain you beautify yourself. Your lovers despise you; they seek your life."
Jer 4:31,H5315I,soul: myself,me,"M41:Being Heard,M03:Grief & Lament,M24:Faintness & Despair,M37:Firstborn & Foreknowledge,M25:Life & Death","H8085G (heard),H2470I (labor),H6869B (anguish),H1069 (first child),H3306 (breath),H0188 (Woe),H5888 (fainting)","For I heard a cry as of a woman in labor, anguish as of one giving birth to her first child, the cry of the daughter of Zion gasping for breath, stretching out her hands, “ Woe is me! I am fainting before murderers.”"
Jer 4:4,H3824,heart,hearts,"M32:Covenant,M11:Turning & Repentance,M02:Anger & Wrath,M58:Wickedness","H4135A (Circumcise),H5493G (remove),H6190H (foreskin),H2534 (wrath),H7455 (evil)","Circumcise yourselves to the Lord; remove the foreskin of your hearts, O men of Judah and inhabitants of Jerusalem; lest my wrath go forth like fire, and burn with none to quench it, because of the evil of your deeds.”"
Jer 4:9,H3820A,heart,courage,"M42:Prayer & Petition,M72:Authority & Dominion,M36:Worship & Service,M55:Destruction & Ruin,M43:Prophecy & Vision,M01:Fear & Awe","H5002 (declares),H4428G (king),H8269 (officials),H3548 (priests),H8074H (appalled),H5030 (prophets),H8539 (astounded)","“ In that day, declares the Lord, courage shall fail both king and officials. The priests shall be appalled and the prophets astounded.”"
Jer 4:9,H3820A,heart,officials,"M42:Prayer & Petition,M72:Authority & Dominion,M36:Worship & Service,M55:Destruction & Ruin,M43:Prophecy & Vision,M01:Fear & Awe","H5002 (declares),H4428G (king),H8269 (officials),H3548 (priests),H8074H (appalled),H5030 (prophets),H8539 (astounded)","“ In that day, declares the Lord, courage shall fail both king and officials. The priests shall be appalled and the prophets astounded.”"
Jer 50:19,H5315L,soul: appetite,desire,M45:Renewal & Transformation,H7646 (satisfied),"I will restore Israel to his pasture, and he shall feed on Carmel and in Bashan, and his desire shall be satisfied on the hills of Ephraim and in Gilead."
Jer 51:1,H7307G,spirit,spirit,"M25:Life & Death,M55:Destruction & Ruin","H5782 (up),H7843 (destroyer)","Thus says the Lord: “ Behold, I will stir up the spirit of a destroyer against Babylon, against the inhabitants of Leb-kamai,"
Jer 51:11,H7307G,spirit,spirit,"M61:Purity & Holiness,M25:Life & Death,M72:Authority & Dominion,M06:Malice & Enmity,M55:Destruction & Ruin,M26:Judgment & Condemnation","H1305 (Sharpen),H5782 (stirred up),H4428G (kings),H4209 (purpose),H7843 (destroy),H5360 (vengeance)","“ Sharpen the arrows! Take up the shields! The Lord has stirred up the spirit of the kings of the Medes, because his purpose concerning Babylon is to destroy it, for that is the vengeance of the Lord, the vengeance for his temple."
Jer 51:14,H5315I,soul: myself,himself,"M72:Authority & Dominion,M22:Praise & Song,M84:Outcry & Shouting","H6635B (hosts),H6030C (raise),H1959 (victory)","The Lord of hosts has sworn by himself: Surely I will fill you with men, as many as locusts, and they shall raise the shout of victory over you."
Jer 51:17,H7307H,spirit: breath,breath,"M16:Wisdom & Folly,M15:Knowing & Understanding,M07:Shame & Confusion,M55:Destruction & Ruin,M14:Deceit & Falsehood","H1197B (stupid),H1847 (knowledge),H0954 (put to shame),H6459 (idols),H8267 (false)","Every man is stupid and without knowledge; every goldsmith is put to shame by his idols, for his images are false, and there is no breath in them."
Jer 51:35,H7607,flesh,kinsmen,M10:Violence & Cruelty,H2555 (violence),"The violence done to me and to my kinsmen be upon Babylon,” let the inhabitant of Zion say. “My blood be upon the inhabitants of Chaldea,” let Jerusalem say."
Jer 51:45,H5315H,soul: life,life,M02:Anger & Wrath,"H2740 (fierce),H0639G (anger)","“ Go out of the midst of her, my people! Let every one save his life from the fierce anger of the Lord!"
Jer 51:46,H3824,heart,heart,"M05:Kindness & Friendship,M01:Fear & Awe,M82:Reminder & Report,M41:Being Heard,M10:Violence & Cruelty,M72:Authority & Dominion","H7401 (faint),H3372G (fearful),H8052 (report),H8085G (heard),H2555 (violence),H4910 (ruler)","Let not your heart faint, and be not fearful at the report heard in the land, when a report comes in one year and afterward a report in another year, and violence is in the land, and ruler is against ruler."
Jer 51:50,H3824,heart,mind,M81:Memory (act),H2142 (Remember),"“You who have escaped from the sword, go, do not stand still! Remember the Lord from far away, and let Jerusalem come into your mind:"
Jer 51:6,H5315H,soul: life,life,"M55:Destruction & Ruin,M56:Sin & Guilt,M26:Judgment & Condemnation","H1826I (cut off),H5771I (punishment),H5360 (vengeance)","“ Flee from the midst of Babylon; let every one save his life! Be not cut off in her punishment, for this is the time of the Lord’s vengeance, the repayment he is rendering her."
Jer 5:13,H7307H,spirit: breath,wind,M43:Prophecy & Vision,H5030 (prophets),The prophets will become wind; the word is not in them. Thus shall it be done to them!’”
Jer 5:21,H3820A,heart,senseless,"M41:Being Heard,M16:Wisdom & Folly","H8085G (Hear),H5530 (foolish),H8085G (hear)","“ Hear this, O foolish and senseless people, who have eyes, but see not, who have ears, but hear not."
Jer 5:23,H3820A,heart,heart,"M30:Rebellion & Stubbornness,M11:Turning & Repentance","H5637 (stubborn),H4784 (rebellious),H5493I (turned aside)",But this people has a stubborn and rebellious heart; they have turned aside and gone away.
Jer 5:24,H3824,heart,hearts,"M01:Fear & Awe,M74:Keeping & Guarding","H3372H (fear),H8104H (keeps)","They do not say in their hearts, ‘Let us fear the Lord our God, who gives the rain in its season, the autumn rain and the spring rain, and keeps for us the weeks appointed for the harvest.’"
Jer 5:29,H5315I,soul: myself,myself,"M42:Prayer & Petition,M26:Judgment & Condemnation","H5002 (declares),H5358 (avenge)","Shall I not punish them for these things? declares the Lord, and shall I not avenge myself on a nation such as this?”"
Jer 5:9,H5315I,soul: myself,I,"M42:Prayer & Petition,M26:Judgment & Condemnation","H5002 (declares),H5358 (avenge myself)",Shall I not punish them for these things? declares the Lord; and shall I not avenge myself on a nation such as this?
Jer 6:16,H5315G,soul,souls,"M21:Fasting & Piety,M18:Desire & Longing,M33:Rest & Peace","H7592 (ask),H2896A (good),H4771 (rest)","Thus says the Lord: “ Stand by the roads, and look, and ask for the ancient paths, where the good way is; and walk in it, and find rest for your souls. But they said, ‘We will not walk in it.’"
Jer 6:8,H5315I,soul: myself,disgust,M55:Destruction & Ruin,H8077A (desolation),"Be warned, O Jerusalem, lest I turn from you in disgust, lest I make you a desolation, an uninhabited land.”"
Jer 7:21,H1320,flesh,flesh,"M72:Authority & Dominion,M36:Worship & Service","H6635B (hosts),H5930A (burnt offerings)","Thus says the Lord of hosts, the God of Israel: “ Add your burnt offerings to your sacrifices, and eat the flesh."
Jer 7:24,H3820A,heart,hearts,"M41:Being Heard,M16:Wisdom & Folly,M30:Rebellion & Stubbornness,M58:Wickedness","H8085H (obey),H4156 (counsels),H8307 (stubbornness),H7451H (evil)","But they did not obey or incline their ear, but walked in their own counsels and the stubbornness of their evil hearts, and went backward and not forward."
Jer 8:18,H3820A,heart,heart,"M04:Joy & Gladness,M03:Grief & Lament,M24:Faintness & Despair","H4010 (joy),H3015 (grief),H1742 (sick)",My joy is gone; grief is upon me; my heart is sick within me.
Jer 9:14,H3820A,heart,hearts,M30:Rebellion & Stubbornness,H8307 (stubbornly),"but have stubbornly followed their own hearts and have gone after the Baals, as their fathers taught them."
Jer 9:9,H5315I,soul: myself,myself,"M42:Prayer & Petition,M26:Judgment & Condemnation","H5002 (declares),H5358 (avenge)","Shall I not punish them for these things? declares the Lord, and shall I not avenge myself on a nation such as this?"
Job 10:1,H5315G,soul,loathe my,"M25:Life & Death,M42:Prayer & Petition,M03:Grief & Lament","H2416E (life),H7879 (complaint),H1696G (speak),H4751 (bitterness)",“I loathe my life; I will give free utterance to my complaint; I will speak in the bitterness of my soul.
Job 10:1,H5315G,soul,soul,"M25:Life & Death,M42:Prayer & Petition,M03:Grief & Lament","H2416E (life),H7879 (complaint),H1696G (speak),H4751 (bitterness)",“I loathe my life; I will give free utterance to my complaint; I will speak in the bitterness of my soul.
Job 10:12,H7307G,spirit,spirit,"M25:Life & Death,M50:Grace & Mercy,M74:Keeping & Guarding","H2416E (life),H2617A (life),H8104H (preserved)","You have granted me life and steadfast love, and your care has preserved my spirit."
Job 10:13,H3824,heart,heart,M15:Knowing & Understanding,H3045 (know),Yet these things you hid in your heart; I know that this was your purpose.
Job 11:20,H5315H,soul: life,last,"M58:Wickedness,M19:Trust & Refuge,M68:Hope & Waiting","H7563 (wicked),H4498 (way of escape),H8615B (hope)","But the eyes of the wicked will fail; all way of escape will be lost to them, and their hope is to breathe their last.”"
Job 12:10,H5315H,soul: life,life,"M72:Authority & Dominion,M25:Life & Death","H3027H (hand),H2416A (living thing)",In his hand is the life of every living thing and the breath of all mankind.
Job 12:10,H7307H,spirit: breath,breath,"M72:Authority & Dominion,M25:Life & Death","H3027H (hand),H2416A (living thing)",In his hand is the life of every living thing and the breath of all mankind.
Job 12:10,H1320,flesh,mankind,"M72:Authority & Dominion,M25:Life & Death","H3027H (hand),H2416A (living thing)",In his hand is the life of every living thing and the breath of all mankind.
Job 12:24,H3820A,heart,understanding,"M11:Turning & Repentance,M72:Authority & Dominion,M76:Walk & Conduct","H5493G (away),H7218H (chiefs),H8582 (wander)",He takes away understanding from the chiefs of the people of the earth and makes them wander in a trackless waste.
Job 14:22,H1320,flesh,body,"M24:Faintness & Despair,M03:Grief & Lament","H3510 (pain),H0056 (mourns)","He feels only the pain of his own body, and he mourns only for himself.”"
Job 14:22,H5315I,soul: myself,himself,"M24:Faintness & Despair,M03:Grief & Lament","H3510 (pain),H0056 (mourns)","He feels only the pain of his own body, and he mourns only for himself.”"
Job 15:2,H7307H,spirit: breath,windy,"M16:Wisdom & Folly,M15:Knowing & Understanding","H2450 (wise man),H1847 (knowledge)","“Should a wise man answer with windy knowledge, and fill his belly with the east wind?"
Job 15:30,H7307H,spirit: breath,breath,"M11:Turning & Repentance,M24:Faintness & Despair","H5493H (depart),H3001 (dry)","he will not depart from darkness; the flame will dry up his shoots, and by the breath of his mouth he will depart."
Job 16:3,H7307H,spirit: breath,windy,"M65:Speech & Tongue,M73:Sickness & Weakness","H1697G (words),H4834 (provokes)",Shall windy words have an end? Or what provokes you that you answer?
Job 16:4,H5315I,soul: myself,you,M42:Prayer & Petition,H1696G (speak),"I also could speak as you do, if you were in my place; I could join words together against you and shake my head at you."
Job 16:4,H5315I,soul: myself,in my,M42:Prayer & Petition,H1696G (speak),"I also could speak as you do, if you were in my place; I could join words together against you and shake my head at you."
Job 17:1,H7307G,spirit,spirit,M10:Violence & Cruelty,H2254B (broken),“My spirit is broken; my days are extinct; the graveyard is ready for me.
Job 17:11,H3824,heart,heart,M58:Wickedness,H2154 (plans),"My days are past; my plans are broken off, the desires of my heart."
Job 17:4,H3820A,heart,hearts,"M15:Knowing & Understanding,M22:Praise & Song","H7922 (understanding),H7311A (triumph)","Since you have closed their hearts to understanding, therefore you will not let them triumph."
Job 18:4,H5315I,soul: myself,yourself,"M02:Anger & Wrath,M30:Rebellion & Stubbornness","H0639G (anger),H5800A (forsaken)","You who tear yourself in your anger, shall the earth be forsaken for you, or the rock be removed out of its place?"
Job 19:2,H5315I,soul: myself,me,"M24:Faintness & Despair,M10:Violence & Cruelty","H3013 (torment),H1792 (pieces)",“ How long will you torment me and break me in pieces with words?
Job 19:22,H1320,flesh,flesh,M45:Renewal & Transformation,H7646 (satisfied),"Why do you, like God, pursue me? Why are you not satisfied with my flesh?"
Job 1:19,H7307H,spirit: breath,wind,M65:Speech & Tongue,H5046 (tell),"and behold, a great wind came across the wilderness and struck the four corners of the house, and it fell upon the young people, and they are dead, and I alone have escaped to tell you.”"
Job 1:5,H3824,heart,hearts,"M61:Purity & Holiness,M36:Worship & Service,M56:Sin & Guilt,M80:Blessing","H6942G (consecrate),H5930A (burnt offerings),H2398 (sinned),H1288 (cursed)","And when the days of the feast had run their course, Job would send and consecrate them, and he would rise early in the morning and offer burnt offerings according to the number of them all. For Job said, “It may be that my children have sinned, and cursed God in their hearts.” Thus Job did continually."
Job 1:8,H3820A,heart,considered,"M15:Knowing & Understanding,M36:Worship & Service,M34:Patience & Perseverance,M12:Righteousness & Integrity,M01:Fear & Awe,M11:Turning & Repentance,M58:Wickedness","H7760K (considered),H5650 (servant),H8535 (blameless),H3477G (upright),H3373 (fears),H5493I (away),H7451B (evil)","And the Lord said to Satan, “Have you considered my servant Job, that there is none like him on the earth, a blameless and upright man, who fears God and turns away from evil?”"
Job 20:3,H7307G,spirit,spirit,"M41:Being Heard,M16:Wisdom & Folly,M07:Shame & Confusion,M15:Knowing & Understanding","H8085G (hear),H4148G (censure),H3639 (insults),H0998 (understanding)","I hear censure that insults me, and out of my understanding a spirit answers me."
Job 21:25,H5315G,soul,soul,M03:Grief & Lament,H4751 (bitterness),"Another dies in bitterness of soul, never having tasted of prosperity."
Job 21:4,H7307J,spirit: temper,I,M42:Prayer & Petition,H7879 (complaint),"As for me, is my complaint against man? Why should I not be impatient?"
Job 21:6,H1320,flesh,flesh,"M81:Memory (act),M24:Faintness & Despair,M01:Fear & Awe","H2142 (remember),H0926 (dismayed),H6427 (shuddering)","When I remember, I am dismayed, and shuddering seizes my flesh."
Job 22:22,H3824,heart,heart,"M54:Torah & Obedience,M65:Speech & Tongue","H8451 (instruction),H0561 (words)","Receive instruction from his mouth, and lay up his words in your heart."
Job 23:13,H5315I,soul: myself,he,M18:Desire & Longing,H0183 (desires),"But he is unchangeable, and who can turn him back? What he desires, that he does."
Job 23:16,H3820A,heart,heart,"M05:Kindness & Friendship,M24:Faintness & Despair","H7401 (faint),H0926 (terrified)",God has made my heart faint; the Almighty has terrified me;
Job 24:12,H5315G,soul,soul,"M03:Grief & Lament,M42:Prayer & Petition,M16:Wisdom & Folly","H5008 (groan),H7768 (cries),H8604 (wrong)","From out of the city the dying groan, and the soul of the wounded cries for help; yet God charges no one with wrong."
Job 26:13,H7307H,spirit: breath,wind,M61:Purity & Holiness,H8235 (fair),By his wind the heavens were made fair; his hand pierced the fleeing serpent.
Job 27:2,H5315G,soul,soul,"M25:Life & Death,M11:Turning & Repentance,M12:Righteousness & Integrity,M03:Grief & Lament","H2416A (lives),H5493G (away),H4941H (right),H4843 (bitter)","“As God lives, who has taken away my right, and the Almighty, who has made my soul bitter,"
Job 27:3,H7307G,spirit,spirit,M25:Life & Death,H5397 (breath),"as long as my breath is in me, and the spirit of God is in my nostrils,"
Job 27:6,H3824,heart,heart,"M23:Strength & Courage,M12:Righteousness & Integrity,M24:Faintness & Despair,M08:Pride & Arrogance","H2388H (hold fast),H6666 (righteousness),H7503 (go),H2778A (reproach)",I hold fast my righteousness and will not let it go; my heart does not reproach me for any of my days.
Job 27:8,H5315H,soul: life,life,M68:Hope & Waiting,H8615B (hope),"For what is the hope of the godless when God cuts him off, when God takes away his life?"
Job 29:13,H3820A,heart,heart,"M80:Blessing,M22:Praise & Song","H1293 (blessing),H7442B (sing for joy)","The blessing of him who was about to perish came upon me, and I caused the widow’s heart to sing for joy."
Job 2:3,H3820A,heart,considered,"M15:Knowing & Understanding,M36:Worship & Service,M34:Patience & Perseverance,M12:Righteousness & Integrity,M01:Fear & Awe,M11:Turning & Repentance,M58:Wickedness,M23:Strength & Courage","H7760K (considered),H5650 (servant),H8535 (blameless),H3477G (upright),H3373 (fears),H5493I (away),H7451B (evil),H2388H (fast),H8538 (integrity)","And the Lord said to Satan, “Have you considered my servant Job, that there is none like him on the earth, a blameless and upright man, who fears God and turns away from evil? He still holds fast his integrity, although you incited me against him to destroy him without reason.”"
Job 2:5,H1320,flesh,flesh,M80:Blessing,H1288 (curse),"But stretch out your hand and touch his bone and his flesh, and he will curse you to your face.”"
Job 2:6,H5315H,soul: life,life,M74:Keeping & Guarding,H8104H (spare),"And the Lord said to Satan, “ Behold, he is in your hand; only spare his life.”"
Job 30:15,H7307H,spirit: breath,wind,"M01:Fear & Awe,M71:Glory & Splendor,M79:Salvation & Ransom","H1091 (Terrors),H5082 (honor),H3444 (prosperity)","Terrors are turned upon me; my honor is pursued as by the wind, and my prosperity has passed away like a cloud."
Job 30:16,H5315G,soul,soul,M24:Faintness & Despair,H6040 (affliction),“And now my soul is poured out within me; days of affliction have taken hold of me.
Job 30:22,H7307H,spirit: breath,wind,M16:Wisdom & Folly,H8454 (toss),"You lift me up on the wind; you make me ride on it, and you toss me about in the roar of the storm."
Job 30:25,H5315G,soul,soul,"M03:Grief & Lament,M24:Faintness & Despair,M09:Humility & Lowliness","H1058 (weep),H7186 (hard),H5701 (grieved),H0034 (needy)",Did not I weep for him whose day was hard? Was not my soul grieved for the needy?
Job 31:27,H3820A,heart,heart,"M77:Stumbling & Trial,M05:Kindness & Friendship","H6601B (enticed),H5401A (kissed)","and my heart has been secretly enticed, and my mouth has kissed my hand,"
Job 31:30,H5315H,soul: life,life,"M56:Sin & Guilt,M21:Fasting & Piety","H2398 (sin),H7592 (asking)","( I have not let my mouth sin by asking for his life with a curse ),"
Job 31:31,H1320,flesh,meat,M45:Renewal & Transformation,H7646 (filled),"if the men of my tent have not said, ‘ Who is there that has not been filled with his meat?’"
Job 31:39,H5315H,soul: life,last,"M23:Strength & Courage,M25:Life & Death","H3581B (yield),H5301 (breathe)","if I have eaten its yield without payment and made its owners breathe their last,"
Job 31:7,H3820A,heart,heart,M76:Walk & Conduct,H1870G (way),"if my step has turned aside from the way and my heart has gone after my eyes, and if any spot has stuck to my hands,"
Job 31:9,H3820A,heart,heart,M77:Stumbling & Trial,H6601B (enticed),"“ If my heart has been enticed toward a woman, and I have lain in wait at my neighbor’s door,"
Job 32:2,H5315I,soul: myself,himself,"M02:Anger & Wrath,M26:Judgment & Condemnation","H2734 (burned),H0639G (anger),H6663 (justified)","Then Elihu the son of Barachel the Buzite, of the family of Ram, burned with anger. He burned with anger at Job because he justified himself rather than God."
Job 32:8,H7307G,spirit,spirit,"M25:Life & Death,M15:Knowing & Understanding","H5397 (breath),H0995 (makes)","But it is the spirit in man, the breath of the Almighty, that makes him understand."
Job 33:18,H5315G,soul,soul,M25:Life & Death,H2416C (life),"he keeps back his soul from the pit, his life from perishing by the sword."
Job 33:20,H5315L,soul: appetite,appetite,"M25:Life & Death,M06:Malice & Enmity,M18:Desire & Longing","H2416C (life),H2092 (loathes),H8378 (choicest)","so that his life loathes bread, and his appetite the choicest food."
Job 33:22,H5315G,soul,soul,M25:Life & Death,H2416C (life),"His soul draws near the pit, and his life to those who bring death."
Job 33:28,H5315G,soul,soul,"M79:Salvation & Ransom,M25:Life & Death","H6299 (redeemed),H2416C (life)","He has redeemed my soul from going down into the pit, and my life shall look upon the light.’"
Job 33:3,H3820A,heart,heart,"M65:Speech & Tongue,M12:Righteousness & Integrity,M15:Knowing & Understanding,M61:Purity & Holiness","H0561 (words),H3476 (uprightness),H1847 (know),H1305 (speak sincerely)","My words declare the uprightness of my heart, and what my lips know they speak sincerely."
Job 33:30,H5315G,soul,soul,M25:Life & Death,H2416A (life),"to bring back his soul from the pit, that he may be lighted with the light of life."
Job 33:4,H7307G,spirit,Spirit,M25:Life & Death,"H5397 (breath),H2421 (life)","The Spirit of God has made me, and the breath of the Almighty gives me life."
Job 34:10,H3824,heart,understanding,"M41:Being Heard,M58:Wickedness,M12:Righteousness & Integrity","H8085G (hear),H7562 (wickedness),H5766A (wrong)","“ Therefore, hear me, you men of understanding: far be it from God that he should do wickedness, and from the Almighty that he should do wrong."
Job 34:14,H3820A,heart,heart,M25:Life & Death,H5397 (breath),"If he should set his heart to it and gather to himself his spirit and his breath,"
Job 34:14,H7307G,spirit,spirit,M25:Life & Death,H5397 (breath),"If he should set his heart to it and gather to himself his spirit and his breath,"
Job 34:34,H3824,heart,understanding,"M16:Wisdom & Folly,M41:Being Heard","H2450 (wise),H8085G (hears)","Men of understanding will say to me, and the wise man who hears me will say:"
Job 36:13,H3820A,heart,heart,"M02:Anger & Wrath,M42:Prayer & Petition","H0639G (anger),H7768 (help)",“The godless in heart cherish anger; they do not cry for help when he binds them.
Job 36:14,H5315G,soul,life,M25:Life & Death,H2416C (life),"They die in youth, and their life ends among the cult prostitutes."
Job 36:5,H3820A,heart,understanding,"M23:Strength & Courage,M30:Rebellion & Stubbornness","H3524 (mighty),H3988A (despise),H3581B (strength)","“ Behold, God is mighty, and does not despise any; he is mighty in strength of understanding."
Job 37:1,H3820A,heart,heart,M01:Fear & Awe,H2729 (trembles),“At this also my heart trembles and leaps out of its place.
Job 37:21,H7307H,spirit: breath,wind,M12:Righteousness & Integrity,H2891 (cleared),"“And now no one looks on the light when it is bright in the skies, when the wind has passed and cleared them."
Job 37:24,H3820A,heart,conceit,"M01:Fear & Awe,M16:Wisdom & Folly","H3372H (fear),H2450 (wise)",Therefore men fear him; he does not regard any who are wise in their own conceit.”
Job 38:36,H7907,heart,mind,"M16:Wisdom & Folly,M15:Knowing & Understanding","H2451 (wisdom),H0998 (understanding)",Who has put wisdom in the inward parts or given understanding to the mind?
Job 3:20,H5315G,soul,soul,"M24:Faintness & Despair,M25:Life & Death,M03:Grief & Lament","H6001A (misery),H2416E (life),H4751 (bitter)","“ Why is light given to him who is in misery, and life to the bitter in soul,"
Job 41:23,H1320,flesh,flesh,M30:Rebellion & Stubbornness,H4651 (folds),"The folds of his flesh stick together, firmly cast on him and immovable."
Job 4:9,H7307H,spirit: breath,blast,"M25:Life & Death,M02:Anger & Wrath","H5397 (breath),H0639G (anger)","By the breath of God they perish, and by the blast of his anger they are consumed."
Job 6:11,H5315H,soul: life,patient,"M23:Strength & Courage,M68:Hope & Waiting,M25:Life & Death","H3581B (strength),H3176H (wait),H0748 (patient)","What is my strength, that I should wait? And what is my end, that I should be patient?"
Job 6:12,H1320,flesh,flesh,M23:Strength & Courage,H3581B (strength),"Is my strength the strength of stones, or is my flesh bronze?"
Job 6:26,H7307H,spirit: breath,wind,"M15:Knowing & Understanding,M65:Speech & Tongue,M24:Faintness & Despair","H2803J (think),H0561 (speech),H2976 (despairing)","Do you think that you can reprove words, when the speech of a despairing man is wind?"
Job 6:4,H7307G,spirit,spirit,"M02:Anger & Wrath,M01:Fear & Awe","H2534 (poison),H1161 (terrors)",For the arrows of the Almighty are in me; my spirit drinks their poison; the terrors of God are arrayed against me.
Job 6:7,H5315L,soul: appetite,appetite,"M30:Rebellion & Stubbornness,M73:Sickness & Weakness","H3985 (refuses),H1741 (loathsome)",My appetite refuses to touch them; they are as food that is loathsome to me.
Job 7:11,H7307G,spirit,spirit,"M42:Prayer & Petition,M24:Faintness & Despair,M15:Knowing & Understanding,M03:Grief & Lament","H1696G (speak),H6862B (anguish),H7878 (complain),H4751 (bitterness)",“ Therefore I will not restrain my mouth; I will speak in the anguish of my spirit; I will complain in the bitterness of my soul.
Job 7:11,H5315G,soul,soul,"M42:Prayer & Petition,M24:Faintness & Despair,M15:Knowing & Understanding,M03:Grief & Lament","H1696G (speak),H6862B (anguish),H7878 (complain),H4751 (bitterness)",“ Therefore I will not restrain my mouth; I will speak in the anguish of my spirit; I will complain in the bitterness of my soul.
Job 7:15,H5315I,soul: myself,I,M64:Will & Resolve,H0977 (choose),so that I would choose strangling and death rather than my bones.
Job 7:17,H3820A,heart,heart,M22:Praise & Song,H1431 (much),"What is man, that you make so much of him, and that you set your heart on him,"
Job 7:5,H1320,flesh,flesh,M75:Disobedience & Lawlessness,H7280C (hardens),"My flesh is clothed with worms and dirt; my skin hardens, then breaks out afresh."
Job 7:7,H7307H,spirit: breath,breath,"M81:Memory (act),M25:Life & Death,M05:Kindness & Friendship","H2142 (Remember),H2416E (life),H2896B (good)",“ Remember that my life is a breath; my eye will never again see good.
Job 8:10,H3820A,heart,understanding,M05:Kindness & Friendship,H3384B (teach),Will they not teach you and tell you and utter words out of their understanding?
Job 8:2,H7307H,spirit: breath,wind,"M65:Speech & Tongue,M23:Strength & Courage","H0561 (words),H3524 (great)","“ How long will you say these things, and the words of your mouth be a great wind?"
Job 9:18,H7307H,spirit: breath,breath,"M45:Renewal & Transformation,M03:Grief & Lament","H7646 (fills),H4472 (bitterness)","he will not let me get my breath, but fills me with bitterness."
Job 9:21,H5315G,soul,myself,"M34:Patience & Perseverance,M15:Knowing & Understanding,M30:Rebellion & Stubbornness,M25:Life & Death","H8535 (blameless),H3045 (regard),H3988A (loathe),H2416E (life)",I am blameless; I regard not myself; I loathe my life.
Job 9:4,H3824,heart,heart,"M16:Wisdom & Folly,M23:Strength & Courage","H2450 (wise),H0533 (mighty),H3581B (strength)","He is wise in heart and mighty in strength — who has hardened himself against him, and succeeded?—"
Joe 2:12,H3824,heart,heart,"M42:Prayer & Petition,M03:Grief & Lament","H5002 (declares),H1065 (weeping),H4553 (mourning)","“Yet even now,” declares the Lord, “ return to me with all your heart, with fasting, with weeping, and with mourning;"
Joe 2:13,H3824,heart,hearts,"M50:Grace & Mercy,M02:Anger & Wrath,M11:Turning & Repentance,M24:Faintness & Despair","H2587 (is gracious),H7349 (merciful),H0639G (anger),H2617A (steadfast love),H5162H (relents),H7451C (disaster)","and rend your hearts and not your garments.” Return to the Lord your God, for he is gracious and merciful, slow to anger, and abounding in steadfast love; and he relents over disaster."
Joe 2:28,H7307G,spirit,Spirit,M43:Prophecy & Vision,H5012 (prophesy),"“And it shall come to pass afterward, that I will pour out my Spirit on all flesh; your sons and your daughters shall prophesy, your old men shall dream dreams, and your young men shall see visions."
Joe 2:28,H1320,flesh,flesh,M43:Prophecy & Vision,H5012 (prophesy),"“And it shall come to pass afterward, that I will pour out my Spirit on all flesh; your sons and your daughters shall prophesy, your old men shall dream dreams, and your young men shall see visions."
Joe 2:29,H7307G,spirit,Spirit,M36:Worship & Service,H5650 (male),Even on the male and female servants in those days I will pour out my Spirit.
Joh 10:11,G5590H,soul: life,life,M05:Kindness & Friendship,G2570G (good),I am the good shepherd. The good shepherd lays down his life for the sheep.
Joh 10:15,G5590H,soul: life,life,M15:Knowing & Understanding,"G1097 (knows),G1097 (know)",just as the Father knows me and I know the Father; and I lay down my life for the sheep.
Joh 10:17,G5590H,soul: life,life,M51:Love & Devotion,G0025 (loves),"For this reason the Father loves me, because I lay down my life that I may take it up again."
Joh 10:24,G5590I,soul: myself,us,M23:Strength & Courage,G3954 (plainly),"So the Jews gathered around him and said to him, “ How long will you keep us in suspense? If you are the Christ, tell us plainly.”"
Joh 11:33,G4151G,spirit/breath: spirit,spirit,M03:Grief & Lament,"G2799 (weeping),G5015 (troubled)","When Jesus saw her weeping, and the Jews who had come with her also weeping, he was deeply moved in his spirit and greatly troubled."
Joh 12:25,G5590H,soul: life,life,"M51:Love & Devotion,M10:Violence & Cruelty,M06:Malice & Enmity,M74:Keeping & Guarding,M25:Life & Death","G5368 (Whoever loves),G0622 (loses),G3404 (hates),G5442I (keep),G2222 (life)","Whoever loves his life loses it, and whoever hates his life in this world will keep it for eternal life."
Joh 12:25,G5590H,soul: life,life,"M51:Love & Devotion,M10:Violence & Cruelty,M06:Malice & Enmity,M74:Keeping & Guarding,M25:Life & Death","G5368 (Whoever loves),G0622 (loses),G3404 (hates),G5442I (keep),G2222 (life)","Whoever loves his life loses it, and whoever hates his life in this world will keep it for eternal life."
Joh 12:27,G5590I,soul: myself,soul,"M03:Grief & Lament,M45:Renewal & Transformation","G5015 (troubled),G4982 (save)","“ Now is my soul troubled. And what shall I say? ‘ Father, save me from this hour ’? But for this purpose I have come to this hour."
Joh 12:40,G2588,heart,heart,"M73:Sickness & Weakness,M75:Disobedience & Lawlessness,M15:Knowing & Understanding","G5186 (blinded),G4456 (hardened),G3539 (understand)","“He has blinded their eyes and hardened their heart, lest they see with their eyes, and understand with their heart, and turn, and I would heal them.”"
Joh 12:40,G2588,heart,heart,"M73:Sickness & Weakness,M75:Disobedience & Lawlessness,M15:Knowing & Understanding","G5186 (blinded),G4456 (hardened),G3539 (understand)","“He has blinded their eyes and hardened their heart, lest they see with their eyes, and understand with their heart, and turn, and I would heal them.”"
Joh 13:21,G4151G,spirit/breath: spirit,spirit,"M03:Grief & Lament,M35:Being Tested","G5015 (troubled),G3140 (testified)","After saying these things, Jesus was troubled in his spirit, and testified, “ Truly, truly, I say to you, one of you will betray me.”"
Joh 13:38,G5590H,soul: life,life,"M41:Being Heard,M42:Prayer & Petition","G0611 (answered),G5455 (crow)","Jesus answered, “Will you lay down your life for me? Truly, truly, I say to you, the rooster will not crow till you have denied me three times."
Joh 14:1,G2588,heart,hearts,"M03:Grief & Lament,M19:Trust & Refuge","G5015 (troubled),G4100 (Believe),G4100 (believe)",“Let not your hearts be troubled. Believe in God; believe also in me.
Joh 14:17,G4151G,spirit/breath: spirit,Spirit,"M13:Faith & Faithfulness,M15:Knowing & Understanding","G0225 (truth),G1097 (knows),G1097 (know)","even the Spirit of truth, whom the world cannot receive, because it neither sees him nor knows him. You know him, for he dwells with you and will be in you."
Joh 14:26,G4151G,spirit/breath: spirit,Spirit,"M16:Wisdom & Folly,M61:Purity & Holiness,M15:Knowing & Understanding,M82:Reminder & Report","G3875 (Helper),G0040G (Holy),G1321 (teach),G5279 (bring),G5279 (remembrance)","But the Helper, the Holy Spirit, whom the Father will send in my name, he will teach you all things and bring to your remembrance all that I have said to you."
Joh 14:27,G2588,heart,hearts,"M33:Rest & Peace,M59:Release & Reconciliation,M03:Grief & Lament,M01:Fear & Awe","G1515 (Peace),G0863G (leave),G1515 (peace),G5015 (troubled),G1168 (afraid)","Peace I leave with you; my peace I give to you. Not as the world gives do I give to you. Let not your hearts be troubled, neither let them be afraid."
Joh 15:13,G5590H,soul: life,life,"M51:Love & Devotion,M05:Kindness & Friendship","G0026 (love),G5384 (friends)","Greater love has no one than this, that someone lay down his life for his friends."
Joh 15:26,G4151G,spirit/breath: spirit,Spirit,"M16:Wisdom & Folly,M13:Faith & Faithfulness,M35:Being Tested","G3875 (Helper),G0225 (truth),G3140 (bear witness)","“But when the Helper comes, whom I will send to you from the Father, the Spirit of truth, who proceeds from the Father, he will bear witness about me."
Joh 16:13,G4151G,spirit/breath: spirit,Spirit,M13:Faith & Faithfulness,G0225 (truth),"When the Spirit of truth comes, he will guide you into all the truth, for he will not speak on his own authority, but whatever he hears he will speak, and he will declare to you the things that are to come."
Joh 16:22,G2588,heart,hearts,"M03:Grief & Lament,M04:Joy & Gladness","G3077 (sorrow),G5463 (rejoice),G5479 (joy)","So also you have sorrow now, but I will see you again, and your hearts will rejoice, and no one will take your joy from you."
Joh 16:33,G2293,take heart,heart,"M33:Rest & Peace,M24:Faintness & Despair,M23:Strength & Courage","G1515 (peace),G2347 (tribulation),G3528 (overcome)","I have said these things to you, that in me you may have peace. In the world you will have tribulation. But take heart; I have overcome the world.”"
Joh 16:6,G2588,heart,heart,M03:Grief & Lament,G3077 (sorrow),"But because I have said these things to you, sorrow has filled your heart."
Joh 17:2,G4561,flesh,flesh,"M72:Authority & Dominion,M25:Life & Death","G1849 (authority),G2222 (life)","since you have given him authority over all flesh, to give eternal life to all whom you have given him."
Joh 1:13,G4561,flesh,flesh,M18:Desire & Longing,G2307 (will),"who were born, not of blood nor of the will of the flesh nor of the will of man, but of God."
Joh 1:14,G4561,flesh,flesh,"M65:Speech & Tongue,M22:Praise & Song,M50:Grace & Mercy,M13:Faith & Faithfulness","G3056 (Word),G1391 (glory),G5485 (grace),G0225 (truth)","And the Word became flesh and dwelt among us, and we have seen his glory, glory as of the only Son from the Father, full of grace and truth."
Joh 1:32,G4151G,spirit/breath: spirit,Spirit,M35:Being Tested,G3140 (witness),"And John bore witness: “I saw the Spirit descend from heaven like a dove, and it remained on him."
Joh 1:33,G4151G,spirit/breath: spirit,Spirit,M61:Purity & Holiness,G0040G (Holy),"I myself did not know him, but he who sent me to baptize with water said to me, ‘He on whom you see the Spirit descend and remain, this is he who baptizes with the Holy Spirit.’"
Joh 1:33,G4151G,spirit/breath: spirit,Spirit,M61:Purity & Holiness,G0040G (Holy),"I myself did not know him, but he who sent me to baptize with water said to me, ‘He on whom you see the Spirit descend and remain, this is he who baptizes with the Holy Spirit.’"
Joh 20:22,G4151G,spirit/breath: spirit,Spirit,M61:Purity & Holiness,G0040G (Holy),"And when he had said this, he breathed on them and said to them, “ Receive the Holy Spirit."
Joh 3:5,G4151G,spirit/breath: spirit,Spirit,"M41:Being Heard,M72:Authority & Dominion","G0611 (answered),G0932 (kingdom)","Jesus answered, “ Truly, truly, I say to you, unless one is born of water and the Spirit, he cannot enter the kingdom of God."
Joh 3:8,G4151H,spirit/breath: breath,wind,"M18:Desire & Longing,M84:Outcry & Shouting,M15:Knowing & Understanding","G2309 (wishes),G5456H (sound),G6063 (know)","The wind blows where it wishes, and you hear its sound, but you do not know where it comes from or where it goes. So it is with everyone who is born of the Spirit.”"
Joh 3:8,G4151H,spirit/breath: breath,Spirit,"M18:Desire & Longing,M84:Outcry & Shouting,M15:Knowing & Understanding","G2309 (wishes),G5456H (sound),G6063 (know)","The wind blows where it wishes, and you hear its sound, but you do not know where it comes from or where it goes. So it is with everyone who is born of the Spirit.”"
Joh 4:23,G4151G,spirit/breath: spirit,spirit,"M13:Faith & Faithfulness,M36:Worship & Service,M83:Seeking & Inquiring","G0228 (true),G4352 (worship),G0225 (truth),G2212 (seeking)","But the hour is coming, and is now here, when the true worshipers will worship the Father in spirit and truth, for the Father is seeking such people to worship him."
Joh 4:24,G4151G,spirit/breath: spirit,spirit,"M36:Worship & Service,M13:Faith & Faithfulness","G4352 (worship),G0225 (truth)","God is spirit, and those who worship him must worship in spirit and truth.”"
Joh 4:24,G4151G,spirit/breath: spirit,spirit,"M36:Worship & Service,M13:Faith & Faithfulness","G4352 (worship),G0225 (truth)","God is spirit, and those who worship him must worship in spirit and truth.”"
Joh 6:51,G4561,flesh,flesh,M25:Life & Death,"G2198 (living),G2198 (live),G2222 (life)","I am the living bread that came down from heaven. If anyone eats of this bread, he will live forever. And the bread that I will give for the life of the world is my flesh.”"
Joh 6:53,G4561,flesh,flesh,M25:Life & Death,G2222 (life),"So Jesus said to them, “ Truly, truly, I say to you, unless you eat the flesh of the Son of Man and drink his blood, you have no life in you."
Joh 6:54,G4561,flesh,flesh,M25:Life & Death,G2222 (life),"Whoever feeds on my flesh and drinks my blood has eternal life, and I will raise him up on the last day."
Joh 6:55,G4561,flesh,flesh,M13:Faith & Faithfulness,G0227 (true),"For my flesh is true food, and my blood is true drink."
Joh 6:63,G4151G,spirit/breath: spirit,Spirit,"M25:Life & Death,M45:Renewal & Transformation","G2227 (gives life),G5623 (help),G2222 (life)",It is the Spirit who gives life; the flesh is no help at all. The words that I have spoken to you are spirit and life.
Joh 6:63,G4561,flesh,flesh,"M25:Life & Death,M45:Renewal & Transformation","G2227 (gives life),G5623 (help),G2222 (life)",It is the Spirit who gives life; the flesh is no help at all. The words that I have spoken to you are spirit and life.
Joh 6:63,G4151G,spirit/breath: spirit,spirit,"M25:Life & Death,M45:Renewal & Transformation","G2227 (gives life),G5623 (help),G2222 (life)",It is the Spirit who gives life; the flesh is no help at all. The words that I have spoken to you are spirit and life.
Joh 7:39,G4151G,spirit/breath: spirit,Spirit,"M19:Trust & Refuge,M22:Praise & Song","G4100 (believed),G1392 (glorified)","Now this he said about the Spirit, whom those who believed in him were to receive, for as yet the Spirit had not been given, because Jesus was not yet glorified."
Joh 7:39,G4151G,spirit/breath: spirit,Spirit,"M19:Trust & Refuge,M22:Praise & Song","G4100 (believed),G1392 (glorified)","Now this he said about the Spirit, whom those who believed in him were to receive, for as yet the Spirit had not been given, because Jesus was not yet glorified."
Joh 8:15,G4561,flesh,flesh,M63:Reasoning & Interpretation,G2919 (judge),You judge according to the flesh; I judge no one.
Jon 1:14,H5315H,soul: life,life,"M42:Prayer & Petition,M12:Righteousness & Integrity,M18:Desire & Longing","H7121G (called),H5355B (innocent),H2654A (pleased)","Therefore they called out to the Lord, “O Lord, let us not perish for this man’s life, and lay not on us innocent blood, for you, O Lord, have done as it pleased you.”"
Jon 1:4,H7307H,spirit: breath,wind,"M64:Will & Resolve,M24:Faintness & Despair","H2803I (threatened),H7665 (break)","But the Lord hurled a great wind upon the sea, and there was a mighty tempest on the sea, so that the ship threatened to break up."
Jon 2:3,H3824,heart,heart,M01:Fear & Awe,H4867 (breakers),"For you cast me into the deep, into the heart of the seas, and the flood surrounded me; all your breakers and your waves passed over me."
Jon 2:7,H5315H,soul: life,life,"M24:Faintness & Despair,M81:Memory (act),M42:Prayer & Petition,M61:Purity & Holiness","H5848C (fainting),H2142 (remembered),H8605 (prayer),H6944G (holy)","When my life was fainting away, I remembered the Lord, and my prayer came to you, into your holy temple."
Jon 4:3,H5315H,soul: life,life,"M18:Desire & Longing,M25:Life & Death","H2896A (better),H2416E (live)","Therefore now, O Lord, please take my life from me, for it is better for me to die than to live.”"
Jon 4:8,H7307H,spirit: breath,wind,"M26:Judgment & Condemnation,M21:Fasting & Piety,M18:Desire & Longing,M25:Life & Death","H4487 (appointed),H7592 (asked),H2896A (better),H2416E (live)","When the sun rose, God appointed a scorching east wind, and the sun beat down on the head of Jonah so that he was faint. And he asked that he might die and said, “It is better for me to die than to live.”"
Jon 4:8,H5315I,soul: myself,that he,"M26:Judgment & Condemnation,M21:Fasting & Piety,M18:Desire & Longing,M25:Life & Death","H4487 (appointed),H7592 (asked),H2896A (better),H2416E (live)","When the sun rose, God appointed a scorching east wind, and the sun beat down on the head of Jonah so that he was faint. And he asked that he might die and said, “It is better for me to die than to live.”"
Jos 10:28,H5315J,soul: person,person,"M72:Authority & Dominion,M51:Love & Devotion","H4428G (king),H2763A (devoted to destruction)","As for Makkedah, Joshua captured it on that day and struck it, and its king, with the edge of the sword. He devoted to destruction every person in it; he left none remaining. And he did to the king of Makkedah just as he had done to the king of Jericho."
Jos 10:30,H5315J,soul: person,person,M72:Authority & Dominion,"H4428G (king),H3027H (hand)","And the Lord gave it also and its king into the hand of Israel. And he struck it with the edge of the sword, and every person in it; he left none remaining in it. And he did to its king as he had done to the king of Jericho."
Jos 10:32,H5315J,soul: person,person,M72:Authority & Dominion,H3027H (hand),"And the Lord gave Lachish into the hand of Israel, and he captured it on the second day and struck it with the edge of the sword, and every person in it, as he had done to Libnah."
Jos 10:35,H5315J,soul: person,person,M51:Love & Devotion,H2763A (devoted),"And they captured it on that day, and struck it with the edge of the sword. And he devoted every person in it to destruction that day, as he had done to Lachish."
Jos 10:37,H5315J,soul: person,person,"M72:Authority & Dominion,M51:Love & Devotion","H4428G (king),H2763A (destruction)","and captured it and struck it with the edge of the sword, and its king and its towns, and every person in it. He left none remaining, as he had done to Eglon, and devoted it to destruction and every person in it."
Jos 10:37,H5315J,soul: person,person,"M72:Authority & Dominion,M51:Love & Devotion","H4428G (king),H2763A (destruction)","and captured it and struck it with the edge of the sword, and its king and its towns, and every person in it. He left none remaining, as he had done to Eglon, and devoted it to destruction and every person in it."
Jos 10:39,H5315J,soul: person,person,"M72:Authority & Dominion,M51:Love & Devotion","H4428G (king),H2763A (devoted to destruction)","and he captured it with its king and all its towns. And they struck them with the edge of the sword and devoted to destruction every person in it; he left none remaining. Just as he had done to Hebron and to Libnah and its king, so he did to Debir and to its king."
Jos 11:11,H5315J,soul: person,all,"M51:Love & Devotion,M25:Life & Death","H2763A (destruction),H5397 (breathed)","And they struck with the sword all who were in it, devoting them to destruction; there was none left that breathed. And he burned Hazor with fire."
Jos 11:20,H3820A,heart,hearts,"M23:Strength & Courage,M37:Firstborn & Foreknowledge,M10:Violence & Cruelty,M51:Love & Devotion,M42:Prayer & Petition","H2388G (harden),H7122H (against),H4421 (battle),H2763A (devoted to destruction),H8467 (mercy),H8045 (destroyed)","For it was the Lord’s doing to harden their hearts that they should come against Israel in battle, in order that they should be devoted to destruction and should receive no mercy but be destroyed, just as the Lord commanded Moses."
Jos 14:7,H3824,heart,heart,"M36:Worship & Service,M65:Speech & Tongue","H5650 (servant),H1697G (word)","I was forty years old when Moses the servant of the Lord sent me from Kadesh-barnea to spy out the land, and I brought him word again as it was in my heart."
Jos 20:3,H5315J,soul: person,person,"M15:Knowing & Understanding,M19:Trust & Refuge,M79:Salvation & Ransom","H1847 (unknowingly),H4733 (refuge),H1350H (avenger)",that the manslayer who strikes any person without intent or unknowingly may flee there. They shall be for you a refuge from the avenger of blood.
Jos 20:9,H5315J,soul: person,person,M79:Salvation & Ransom,H1350H (avenger),"These were the cities designated for all the people of Israel and for the stranger sojourning among them, that anyone who killed a person without intent could flee there, so that he might not die by the hand of the avenger of blood, till he stood before the congregation."
Jos 22:5,H3824,heart,heart,"M74:Keeping & Guarding,M54:Torah & Obedience,M36:Worship & Service,M51:Love & Devotion,M76:Walk & Conduct","H8104J (careful),H4687 (commandment),H8451 (law),H5650 (servant),H0157G (love),H1870G (ways),H8104G (keep),H4687 (commandments),H5647H (serve)","Only be very careful to observe the commandment and the law that Moses the servant of the Lord commanded you, to love the Lord your God, and to walk in all his ways and to keep his commandments and to cling to him and to serve him with all your heart and with all your soul.”"
Jos 22:5,H5315G,soul,soul,"M74:Keeping & Guarding,M54:Torah & Obedience,M36:Worship & Service,M51:Love & Devotion,M76:Walk & Conduct","H8104J (careful),H4687 (commandment),H8451 (law),H5650 (servant),H0157G (love),H1870G (ways),H8104G (keep),H4687 (commandments),H5647H (serve)","Only be very careful to observe the commandment and the law that Moses the servant of the Lord commanded you, to love the Lord your God, and to walk in all his ways and to keep his commandments and to cling to him and to serve him with all your heart and with all your soul.”"
Jos 23:11,H5315I,soul: myself,careful,"M74:Keeping & Guarding,M51:Love & Devotion","H8104J (careful),H0157G (love)","Be very careful, therefore, to love the Lord your God."
Jos 23:14,H3824,heart,hearts,"M15:Knowing & Understanding,M18:Desire & Longing,M65:Speech & Tongue,M42:Prayer & Petition","H3045 (know),H2896A (good),H1697I (things),H1696I (promised),H1697I (one)","“And now I am about to go the way of all the earth, and you know in your hearts and souls, all of you, that not one word has failed of all the good things that the Lord your God promised concerning you. All have come to pass for you; not one of them has failed."
Jos 23:14,H5315G,soul,souls,"M15:Knowing & Understanding,M18:Desire & Longing,M65:Speech & Tongue,M42:Prayer & Petition","H3045 (know),H2896A (good),H1697I (things),H1696I (promised),H1697I (one)","“And now I am about to go the way of all the earth, and you know in your hearts and souls, all of you, that not one word has failed of all the good things that the Lord your God promised concerning you. All have come to pass for you; not one of them has failed."
Jos 24:23,H3824,heart,heart,M11:Turning & Repentance,H5493G (away),"He said, “Then put away the foreign gods that are among you, and incline your heart to the Lord, the God of Israel.”"
Jos 2:11,H3824,heart,hearts,"M41:Being Heard,M08:Pride & Arrogance","H8085G (heard),H6965B (left)","And as soon as we heard it, our hearts melted, and there was no spirit left in any man because of you, for the Lord your God, he is God in the heavens above and on the earth beneath."
Jos 2:11,H7307G,spirit,spirit,"M41:Being Heard,M08:Pride & Arrogance","H8085G (heard),H6965B (left)","And as soon as we heard it, our hearts melted, and there was no spirit left in any man because of you, for the Lord your God, he is God in the heavens above and on the earth beneath."
Jos 2:13,H5315H,soul: life,lives,"M25:Life & Death,M44:Covenant & Fellowship,M45:Renewal & Transformation","H2421 (save alive),H0269 (sisters),H5337 (deliver)","that you will save alive my father and mother, my brothers and sisters, and all who belong to them, and deliver our lives from death.”"
Jos 2:14,H5315H,soul: life,life,"M65:Speech & Tongue,M50:Grace & Mercy,M13:Faith & Faithfulness","H5046 (tell),H1697I (business),H2617A (kindly),H0571G (faithfully)","And the men said to her, “Our life for yours even to death! If you do not tell this business of ours, then when the Lord gives us the land we will deal kindly and faithfully with you.”"
Jos 5:1,H3824,heart,hearts,"M72:Authority & Dominion,M41:Being Heard,M24:Faintness & Despair","H4428G (kings),H8085G (heard),H3001 (dried up)","As soon as all the kings of the Amorites who were beyond the Jordan to the west, and all the kings of the Canaanites who were by the sea, heard that the Lord had dried up the waters of the Jordan for the people of Israel until they had crossed over, their hearts melted and there was no longer any spirit in them because of the people of Israel."
Jos 5:1,H7307G,spirit,spirit,"M72:Authority & Dominion,M41:Being Heard,M24:Faintness & Despair","H4428G (kings),H8085G (heard),H3001 (dried up)","As soon as all the kings of the Amorites who were beyond the Jordan to the west, and all the kings of the Canaanites who were by the sea, heard that the Lord had dried up the waters of the Jordan for the people of Israel until they had crossed over, their hearts melted and there was no longer any spirit in them because of the people of Israel."
Jos 9:24,H5315H,soul: life,lives,"M65:Speech & Tongue,M36:Worship & Service,M10:Violence & Cruelty,M01:Fear & Awe","H5046 (told),H5650 (servants),H5046 (certainty),H5650 (servant),H8045 (destroy),H3372G (feared),H1697I (thing)","They answered Joshua, “Because it was told to your servants for a certainty that the Lord your God had commanded his servant Moses to give you all the land and to destroy all the inhabitants of the land from before you—so we feared greatly for our lives because of you and did this thing."
Jude 19,G4151G,spirit/breath: spirit,Spirit,M15:Knowing & Understanding,G5591 (worldly),"It is these who cause divisions, worldly people, devoid of the Spirit."
Jude 20,G4151G,spirit/breath: spirit,Spirit,"M52:Encouragement,M61:Purity & Holiness,M13:Faith & Faithfulness,M42:Prayer & Petition","G2026 (building),G0040G (holy),G4102G (faith),G4336 (praying),G0040G (Holy)","But you, beloved, building yourselves up in your most holy faith and praying in the Holy Spirit,"
Jude 23,G4561,flesh,flesh,"M45:Renewal & Transformation,M24:Faintness & Despair,M01:Fear & Awe,M06:Malice & Enmity,M61:Purity & Holiness","G4982 (save),G0726 (snatching),G5401 (fear),G3404 (hating),G4695 (stained)","save others by snatching them out of the fire; to others show mercy with fear, hating even the garment stained by the flesh."
Jude 7,G4561,flesh,desire,"M28:Envy & Greed,M26:Judgment & Condemnation","G1608 (sexual immorality),G1349 (punishment)","just as Sodom and Gomorrah and the surrounding cities, which likewise indulged in sexual immorality and pursued unnatural desire, serve as an example by undergoing a punishment of eternal fire."
Jude 8,G4561,flesh,flesh,"M61:Purity & Holiness,M30:Rebellion & Stubbornness,M72:Authority & Dominion,M58:Wickedness,M22:Praise & Song","G3392 (defile),G0114 (reject),G2963 (authority),G0987 (blaspheme),G1391 (glorious)","Yet in like manner these people also, relying on their dreams, defile the flesh, reject authority, and blaspheme the glorious ones."
Judg 10:16,H5315I,soul: myself,he,"M11:Turning & Repentance,M36:Worship & Service,M03:Grief & Lament","H5493G (away),H5647H (served),H5999 (misery)","So they put away the foreign gods from among them and served the Lord, and he became impatient over the misery of Israel."
Judg 12:3,H5315H,soul: life,life,"M45:Renewal & Transformation,M72:Authority & Dominion","H3467 (save),H3027H (hand)","And when I saw that you would not save me, I took my life in my hand and crossed over against the Ammonites, and the Lord gave them into my hand. Why then have you come up to me this day to fight against me?”"
Judg 13:25,H7307G,spirit,Spirit,M03:Grief & Lament,H6470 (stir him),"And the Spirit of the Lord began to stir him in Mahaneh-dan, between Zorah and Eshtaol."
Judg 14:19,H7307G,spirit,Spirit,"M45:Renewal & Transformation,M65:Speech & Tongue,M02:Anger & Wrath","H2487 (garments),H5046 (told),H2734 (hot),H0639G (anger)","And the Spirit of the Lord rushed upon him, and he went down to Ashkelon and struck down thirty men of the town and took their spoil and gave the garments to those who had told the riddle. In hot anger he went back to his father’s house."
Judg 14:6,H7307G,spirit,Spirit,M65:Speech & Tongue,H5046 (tell),"Then the Spirit of the Lord rushed upon him, and although he had nothing in his hand, he tore the lion in pieces as one tears a young goat. But he did not tell his father or his mother what he had done."
Judg 15:14,H7307G,spirit,Spirit,"M37:Firstborn & Foreknowledge,M84:Outcry & Shouting,M03:Grief & Lament","H7122H (came),H7321 (shouting),H5688 (ropes)","When he came to Lehi, the Philistines came shouting to meet him. Then the Spirit of the Lord rushed upon him, and the ropes that were on his arms became as flax that has caught fire, and his bonds melted off his hands."
Judg 15:19,H7307G,spirit,spirit,"M25:Life & Death,M42:Prayer & Petition","H2421 (revived),H7121H (called)","And God split open the hollow place that is at Lehi, and water came out from it. And when he drank, his spirit returned, and he revived. Therefore the name of it was called En-hakkore; it is at Lehi to this day."
Judg 16:15,H3820A,heart,heart,"M51:Love & Devotion,M14:Deceit & Falsehood,M65:Speech & Tongue,M23:Strength & Courage","H0157G (love),H2048B (mocked),H5046 (told),H3581B (strength)","And she said to him, “ How can you say, ‘I love you,’ when your heart is not with me? You have mocked me these three times, and you have not told me where your great strength lies.”"
Judg 16:16,H5315G,soul,soul,M65:Speech & Tongue,H1697G (words),"And when she pressed him hard with her words day after day, and urged him, his soul was vexed to death."
Judg 16:17,H3820A,heart,heart,"M65:Speech & Tongue,M23:Strength & Courage,M11:Turning & Repentance,M73:Sickness & Weakness","H5046 (told),H3581B (strength),H5493H (leave),H2470A (become weak)","And he told her all his heart, and said to her, “A razor has never come upon my head, for I have been a Nazirite to God from my mother’s womb. If my head is shaved, then my strength will leave me, and I shall become weak and be like any other man.”"
Judg 16:18,H3820A,heart,heart,"M65:Speech & Tongue,M42:Prayer & Petition","H5046 (told),H7121G (called)","When Delilah saw that he had told her all his heart, she sent and called the lords of the Philistines, saying, “Come up again, for he has told me all his heart.” Then the lords of the Philistines came up to her and brought the money in their hands."
Judg 16:18,H3820A,heart,heart,"M65:Speech & Tongue,M42:Prayer & Petition","H5046 (told),H7121G (called)","When Delilah saw that he had told her all his heart, she sent and called the lords of the Philistines, saying, “Come up again, for he has told me all his heart.” Then the lords of the Philistines came up to her and brought the money in their hands."
Judg 16:25,H3820A,heart,hearts,"M18:Desire & Longing,M42:Prayer & Petition,M04:Joy & Gladness","H2895 (merry),H7121G (Call),H7832 (entertain),H7121G (called),H6711 (entertained)","And when their hearts were merry, they said, “ Call Samson, that he may entertain us.” So they called Samson out of the prison, and he entertained them. They made him stand between the pillars."
Judg 16:30,H5315I,soul: myself,me,"M23:Strength & Courage,M25:Life & Death","H3581B (strength),H2416E (life)","And Samson said, “Let me die with the Philistines.” Then he bowed with all his strength, and the house fell upon the lords and upon all the people who were in it. So the dead whom he killed at his death were more than those whom he had killed during his life."
Judg 18:20,H3820A,heart,heart,"M36:Worship & Service,M05:Kindness & Friendship,M55:Destruction & Ruin","H3548 (priest’s),H3190 (glad),H6459 (carved image)",And the priest’s heart was glad. He took the ephod and the household gods and the carved image and went along with the people.
Judg 18:25,H5315L,soul: appetite,lest angry,"M41:Being Heard,M03:Grief & Lament","H8085G (heard),H4751 (lest angry)","And the people of Dan said to him, “Do not let your voice be heard among us, lest angry fellows fall upon you, and you lose your life with the lives of your household.”"
Judg 18:25,H5315H,soul: life,life,"M41:Being Heard,M03:Grief & Lament","H8085G (heard),H4751 (lest angry)","And the people of Dan said to him, “Do not let your voice be heard among us, lest angry fellows fall upon you, and you lose your life with the lives of your household.”"
Judg 18:25,H5315H,soul: life,lives,"M41:Being Heard,M03:Grief & Lament","H8085G (heard),H4751 (lest angry)","And the people of Dan said to him, “Do not let your voice be heard among us, lest angry fellows fall upon you, and you lose your life with the lives of your household.”"
Judg 19:22,H3820A,heart,hearts,"M05:Kindness & Friendship,M15:Knowing & Understanding","H3190 (merry),H3045 (know)","As they were making their hearts merry, behold, the men of the city, worthless fellows, surrounded the house, beating on the door. And they said to the old man, the master of the house, “ Bring out the man who came into your house, that we may know him.”"
Judg 19:3,H3820A,heart,kindly,"M08:Pride & Arrogance,M42:Prayer & Petition,M04:Joy & Gladness,M37:Firstborn & Foreknowledge","H6965B (arose),H1696G (speak),H8055 (joy),H7122G (meet)","Then her husband arose and went after her, to speak kindly to her and bring her back. He had with him his servant and a couple of donkeys. And she brought him into her father’s house. And when the girl’s father saw him, he came with joy to meet him."
Judg 19:5,H3820A,heart,heart,"M08:Pride & Arrogance,M70:Lifting & Bearing","H6965B (prepared),H5582 (Strengthen)","And on the fourth day they arose early in the morning, and he prepared to go, but the girl’s father said to his son-in-law, “ Strengthen your heart with a morsel of bread, and after that you may go.”"
Judg 19:6,H3820A,heart,heart,"M18:Desire & Longing,M05:Kindness & Friendship","H2974 (pleased),H3190 (merry)","So the two of them sat and ate and drank together. And the girl’s father said to the man, “Be pleased to spend the night, and let your heart be merry.”"
Judg 19:8,H3824,heart,heart,"M70:Lifting & Bearing,M09:Humility & Lowliness","H5582 (Strengthen),H4102 (wait)","And on the fifth day he arose early in the morning to depart. And the girl’s father said, “ Strengthen your heart and wait until the day declines.” So they ate, both of them."
Judg 19:9,H3824,heart,heart,"M08:Pride & Arrogance,M24:Faintness & Despair,M05:Kindness & Friendship","H6965B (rose up),H7503 (waned),H3190 (merry)","And when the man and his concubine and his servant rose up to depart, his father-in-law, the girl’s father, said to him, “ Behold, now the day has waned toward evening. Please, spend the night. Behold, the day draws to its close. Lodge here and let your heart be merry, and tomorrow you shall arise early in the morning for your journey, and go home.”"
Judg 3:10,H7307G,spirit,Spirit,"M63:Reasoning & Interpretation,M10:Violence & Cruelty,M72:Authority & Dominion,M23:Strength & Courage","H8199 (judged),H4421 (war),H4428G (king),H3027H (hand),H5810 (prevailed)","The Spirit of the Lord was upon him, and he judged Israel. He went out to war, and the Lord gave Cushan-rishathaim king of Mesopotamia into his hand. And his hand prevailed over Cushan-rishathaim."
Judg 5:15,H3820A,heart,heart,M72:Authority & Dominion,H8269 (princes),"the princes of Issachar came with Deborah, and Issachar faithful to Barak; into the valley they rushed at his heels. Among the clans of Reuben there were great searchings of heart."
Judg 5:16,H3820A,heart,heart,M41:Being Heard,H8085G (hear),"Why did you sit still among the sheepfolds, to hear the whistling for the flocks? Among the clans of Reuben there were great searchings of heart."
Judg 5:18,H5315H,soul: life,lives,M08:Pride & Arrogance,"H2778A (risked),H4791 (heights)","Zebulun is a people who risked their lives to the death; Naphtali, too, on the heights of the field."
Judg 5:21,H5315G,soul,soul,M23:Strength & Courage,H5797 (might),"The torrent Kishon swept them away, the ancient torrent, the torrent Kishon. March on, my soul, with might!"
Judg 5:9,H3820A,heart,heart,"M18:Desire & Longing,M80:Blessing","H5068 (willingly),H1288 (Bless)",My heart goes out to the commanders of Israel who offered themselves willingly among the people. Bless the Lord.
Judg 6:20,H1320,flesh,meat,M33:Rest & Peace,H5117 (put),"And the angel of God said to him, “ Take the meat and the unleavened cakes, and put them on this rock, and pour the broth over them.” And he did so."
Judg 6:34,H7307G,spirit,Spirit,M42:Prayer & Petition,H2199 (called out),"But the Spirit of the Lord clothed Gideon, and he sounded the trumpet, and the Abiezrites were called out to follow him."
Judg 8:3,H7307J,spirit: temper,anger,"M72:Authority & Dominion,M23:Strength & Courage,M24:Faintness & Despair,M65:Speech & Tongue,M42:Prayer & Petition","H3027H (hands),H8269 (princes),H3201 (able),H7503 (subsided),H1697G (said),H1696G (this)","God has given into your hands the princes of Midian, Oreb and Zeeb. What have I been able to do in comparison with you?” Then their anger against him subsided when he said this."
Judg 8:7,H1320,flesh,flesh,M72:Authority & Dominion,H3027H (hand),"So Gideon said, “ Well then, when the Lord has given Zebah and Zalmunna into my hand, I will flail your flesh with the thorns of the wilderness and with briers.”"
Judg 9:17,H5315H,soul: life,life,"M45:Renewal & Transformation,M72:Authority & Dominion","H5337 (delivered),H3027H (hand)","for my father fought for you and risked his life and delivered you from the hand of Midian,"
Judg 9:2,H1320,flesh,flesh,"M42:Prayer & Petition,M18:Desire & Longing,M72:Authority & Dominion,M81:Memory (act)","H1696G (Say),H2896A (better),H4910 (rule),H2142 (Remember)","“ Say in the ears of all the leaders of Shechem, ‘Which is better for you, that all seventy of the sons of Jerubbaal rule over you, or that one rule over you?’ Remember also that I am your bone and your flesh.”"
Judg 9:23,H7307G,spirit,spirit,"M58:Wickedness,M14:Deceit & Falsehood","H7451H (evil),H0898 (dealt treacherously)","And God sent an evil spirit between Abimelech and the leaders of Shechem, and the leaders of Shechem dealt treacherously with Abimelech,"
Judg 9:3,H3820A,heart,hearts,"M42:Prayer & Petition,M65:Speech & Tongue","H1696G (spoke),H1697G (words)","And his mother’s relatives spoke all these words on his behalf in the ears of all the leaders of Shechem, and their hearts inclined to follow Abimelech, for they said, “ He is our brother.”"
Lam 1:11,H5315H,soul: life,strength,"M03:Grief & Lament,M83:Seeking & Inquiring,M18:Desire & Longing","H0584 (groan),H1245 (search),H4261 (treasures)","All her people groan as they search for bread; they trade their treasures for food to revive their strength. “ Look, O Lord, and see, for I am despised.”"
Lam 1:16,H5315G,soul,spirit,"M03:Grief & Lament,M45:Renewal & Transformation,M10:Violence & Cruelty,M06:Malice & Enmity,M23:Strength & Courage","H1058 (weep),H5162G (comforter),H8074G (desolate),H0341 (enemy),H1396 (prevailed)","“ For these things I weep; my eyes flow with tears; for a comforter is far from me, one to revive my spirit; my children are desolate, for the enemy has prevailed.”"
Lam 1:19,H5315H,soul: life,strength,"M42:Prayer & Petition,M51:Love & Devotion,M14:Deceit & Falsehood,M36:Worship & Service,M83:Seeking & Inquiring","H7121G (called),H0157G (lovers),H7411B (deceived),H3548 (priests),H1245 (sought)","“I called to my lovers, but they deceived me; my priests and elders perished in the city, while they sought food to revive their strength."
Lam 1:20,H3820A,heart,heart,"M24:Faintness & Despair,M30:Rebellion & Stubbornness","H6862B (stomach),H4784 (very),H4784 (rebellious)","“ Look, O Lord, for I am in distress; my stomach churns; my heart is wrung within me, because I have been very rebellious. In the street the sword bereaves; in the house it is like death."
Lam 1:22,H3820A,heart,heart,"M58:Wickedness,M56:Sin & Guilt,M03:Grief & Lament,M24:Faintness & Despair","H7451I (evildoing),H6588 (transgressions),H0585 (groans),H1742 (faint)","“Let all their evildoing come before you, and deal with them as you have dealt with me because of all my transgressions; for my groans are many, and my heart is faint.”"
Lam 2:12,H5315H,soul: life,life,M24:Faintness & Despair,H5848C (faint),"They cry to their mothers, “ Where is bread and wine?” as they faint like a wounded man in the streets of the city, as their life is poured out on their mothers ’ bosom."
Lam 2:12,H2436G,bosom: embrace,bosom,M24:Faintness & Despair,H5848C (faint),"They cry to their mothers, “ Where is bread and wine?” as they faint like a wounded man in the streets of the city, as their life is poured out on their mothers ’ bosom."
Lam 2:18,H3820A,heart,heart,"M42:Prayer & Petition,M03:Grief & Lament,M33:Rest & Peace","H6817 (cried),H1832 (tears),H1826A (respite)","Their heart cried to the Lord. O wall of the daughter of Zion, let tears stream down like a torrent day and night! Give yourself no rest, your eyes no respite!"
Lam 2:19,H3820A,heart,heart,"M08:Pride & Arrogance,M22:Praise & Song,M70:Lifting & Bearing,M24:Faintness & Despair","H6965B (Arise),H7442B (cry out),H5375P (Lift),H5848C (faint)","“ Arise, cry out in the night, at the beginning of the night watches! Pour out your heart like water before the presence of the Lord! Lift your hands to him for the lives of your children, who faint for hunger at the head of every street.”"
Lam 2:19,H5315H,soul: life,lives,"M08:Pride & Arrogance,M22:Praise & Song,M70:Lifting & Bearing,M24:Faintness & Despair","H6965B (Arise),H7442B (cry out),H5375P (Lift),H5848C (faint)","“ Arise, cry out in the night, at the beginning of the night watches! Pour out your heart like water before the presence of the Lord! Lift your hands to him for the lives of your children, who faint for hunger at the head of every street.”"
Lam 3:17,H5315G,soul,soul,"M30:Rebellion & Stubbornness,M33:Rest & Peace,M81:Memory (act)","H2186A (bereft),H7965G (peace),H5382 (forgotten)",my soul is bereft of peace; I have forgotten what happiness is;
Lam 3:20,H5315G,soul,soul,M81:Memory (act),"H2142 (continually),H2142 (remembers)",My soul continually remembers it and is bowed down within me.
Lam 3:21,H3820A,heart,mind,"M81:Memory (act),M68:Hope & Waiting","H7725N (call),H3176H (hope)","But this I call to mind, and therefore I have hope:"
Lam 3:24,H5315G,soul,soul,M68:Hope & Waiting,H3176H (hope),"“The Lord is my portion,” says my soul, “ therefore I will hope in him.”"
Lam 3:25,H5315G,soul,soul,"M18:Desire & Longing,M68:Hope & Waiting,M83:Seeking & Inquiring","H2896A (good),H6960A (wait),H1875 (seeks)","The Lord is good to those who wait for him, to the soul who seeks him."
Lam 3:33,H3820A,heart,heart,M24:Faintness & Despair,"H6031B (afflict),H3013 (grieve)",for he does not afflict from his heart or grieve the children of men.
Lam 3:4,H1320,flesh,flesh,M24:Faintness & Despair,H7665 (broken),He has made my flesh and my skin waste away; he has broken my bones;
Lam 3:41,H3824,heart,hearts,M19:Trust & Refuge,H5375O (lift up),Let us lift up our hearts and hands to God in heaven:
Lam 3:58,H5315I,soul: myself,my,"M44:Covenant & Fellowship,M10:Violence & Cruelty,M25:Life & Death","H7378 (taken up),H7379 (cause),H2416E (life)","“You have taken up my cause, O Lord; you have redeemed my life."
Lam 3:65,H3820A,heart,heart,M07:Shame & Confusion,H8381 (curse),You will give them dullness of heart; your curse will be on them.
Lam 4:20,H7307H,spirit: breath,breath,M25:Life & Death,H2421 (live),"The breath of our nostrils, the Lord’s anointed, was captured in their pits, of whom we said, “ Under his shadow we shall live among the nations.”"
Lam 5:15,H3820A,heart,hearts,"M04:Joy & Gladness,M03:Grief & Lament","H4885 (joy),H0060 (mourning)",The joy of our hearts has ceased; our dancing has been turned to mourning.
Lam 5:17,H3820A,heart,heart,M73:Sickness & Weakness,H1739 (become sick),"For this our heart has become sick, for these things our eyes have grown dim,"
Lev 11:10,H5315K,soul: animal,creatures,"M25:Life & Death,M06:Malice & Enmity","H2416A (living),H8263 (detestable)","But anything in the seas or the rivers that does not have fins and scales, of the swarming creatures in the waters and of the living creatures that are in the waters, is detestable to you."
Lev 11:11,H1320,flesh,flesh,"M06:Malice & Enmity,M58:Wickedness","H8263 (detestable),H8262 (detest)","You shall regard them as detestable; you shall not eat any of their flesh, and you shall detest their carcasses."
Lev 11:43,H5315I,soul: myself,yourselves,"M58:Wickedness,M10c:Defilement","H8262 (detestable),H2930A (defile),H2930A (unclean)","You shall not make yourselves detestable with any swarming thing that swarms, and you shall not defile yourselves with them, and become unclean through them."
Lev 11:44,H5315I,soul: myself,yourselves,"M61:Purity & Holiness,M10c:Defilement","H6942G (Consecrate),H6918G (holy),H2930A (defile)","For I am the Lord your God. Consecrate yourselves therefore, and be holy, for I am holy. You shall not defile yourselves with any swarming thing that crawls on the ground."
Lev 11:46,H5315K,soul: animal,creature,"M54:Torah & Obedience,M25:Life & Death","H8451 (law),H2416A (living)","This is the law about beast and bird and every living creature that moves through the waters and every creature that swarms on the ground,"
Lev 11:46,H5315K,soul: animal,creature,"M54:Torah & Obedience,M25:Life & Death","H8451 (law),H2416A (living)","This is the law about beast and bird and every living creature that moves through the waters and every creature that swarms on the ground,"
Lev 11:8,H1320,flesh,flesh,M10c:Defilement,H2931 (unclean),"You shall not eat any of their flesh, and you shall not touch their carcasses; they are unclean to you."
Lev 12:3,H1320,flesh,flesh,M32:Covenant,"H6190H (foreskin),H4135A (circumcised)",And on the eighth day the flesh of his foreskin shall be circumcised.
Lev 13:10,H1320,flesh,flesh,"M36:Worship & Service,M25:Life & Death","H3548 (priest),H4241 (raw),H2416A (raw)","and the priest shall look. And if there is a white swelling in the skin that has turned the hair white, and there is raw flesh in the swelling,"
Lev 13:11,H1320,flesh,body,"M36:Worship & Service,M10c:Defilement","H3548 (priest),H2930A (unclean),H2931 (unclean)","it is a chronic leprous disease in the skin of his body, and the priest shall pronounce him unclean. He shall not shut him up, for he is unclean."
Lev 13:13,H1320,flesh,body,"M36:Worship & Service,M45:Renewal & Transformation,M12:Righteousness & Integrity","H3548 (priest),H3680 (covered),H2891 (pronounce),H2889 (clean)","then the priest shall look, and if the leprous disease has covered all his body, he shall pronounce him clean of the disease; it has all turned white, and he is clean."
Lev 13:14,H1320,flesh,flesh,"M25:Life & Death,M10c:Defilement","H2416A (raw),H2930A (unclean)","But when raw flesh appears on him, he shall be unclean."
Lev 13:15,H1320,flesh,flesh,"M36:Worship & Service,M25:Life & Death,M10c:Defilement","H3548 (priest),H2416A (raw),H2930A (pronounce),H2416A (Raw),H2931 (unclean)","And the priest shall examine the raw flesh and pronounce him unclean. Raw flesh is unclean, for it is a leprous disease."
Lev 13:15,H1320,flesh,flesh,"M36:Worship & Service,M25:Life & Death,M10c:Defilement","H3548 (priest),H2416A (raw),H2930A (pronounce),H2416A (Raw),H2931 (unclean)","And the priest shall examine the raw flesh and pronounce him unclean. Raw flesh is unclean, for it is a leprous disease."
Lev 13:16,H1320,flesh,flesh,"M25:Life & Death,M36:Worship & Service","H2416A (raw),H3548 (priest)","But if the raw flesh recovers and turns white again, then he shall come to the priest,"
Lev 13:2,H1320,flesh,body,M36:Worship & Service,"H3548 (priest),H3548 (priests)","“When a person has on the skin of his body a swelling or an eruption or a spot, and it turns into a case of leprous disease on the skin of his body, then he shall be brought to Aaron the priest or to one of his sons the priests,"
Lev 13:2,H1320,flesh,body,M36:Worship & Service,"H3548 (priest),H3548 (priests)","“When a person has on the skin of his body a swelling or an eruption or a spot, and it turns into a case of leprous disease on the skin of his body, then he shall be brought to Aaron the priest or to one of his sons the priests,"
Lev 13:24,H1320,flesh,body,M25:Life & Death,H4241 (raw),"“ Or, when the body has a burn on its skin and the raw flesh of the burn becomes a spot, reddish-white or white,"
Lev 13:3,H1320,flesh,body,"M36:Worship & Service,M10c:Defilement","H3548 (priest),H2930A (pronounce)","and the priest shall examine the diseased area on the skin of his body. And if the hair in the diseased area has turned white and the disease appears to be deeper than the skin of his body, it is a case of leprous disease. When the priest has examined him, he shall pronounce him unclean."
Lev 13:3,H1320,flesh,body,"M36:Worship & Service,M10c:Defilement","H3548 (priest),H2930A (pronounce)","and the priest shall examine the diseased area on the skin of his body. And if the hair in the diseased area has turned white and the disease appears to be deeper than the skin of his body, it is a case of leprous disease. When the priest has examined him, he shall pronounce him unclean."
Lev 13:39,H1320,flesh,body,"M36:Worship & Service,M24:Faintness & Despair,M12:Righteousness & Integrity","H3548 (priest),H3544 (dull),H2889 (clean)","the priest shall look, and if the spots on the skin of the body are of a dull white, it is leukoderma that has broken out in the skin; he is clean."
Lev 13:4,H1320,flesh,body,M36:Worship & Service,H3548 (priest),"But if the spot is white in the skin of his body and appears no deeper than the skin, and the hair in it has not turned white, the priest shall shut up the diseased person for seven days."
Lev 13:43,H1320,flesh,body,M36:Worship & Service,H3548 (priest),"Then the priest shall examine him, and if the diseased swelling is reddish-white on his bald head or on his bald forehead, like the appearance of leprous disease in the skin of the body,"
Lev 14:9,H1320,flesh,body,M12:Righteousness & Integrity,H2891 (clean),"And on the seventh day he shall shave off all his hair from his head, his beard, and his eyebrows. He shall shave off all his hair, and then he shall wash his clothes and bathe his body in water, and he shall be clean."
Lev 15:13,H1320,flesh,body,"M12:Righteousness & Integrity,M61:Purity & Holiness,M25:Life & Death","H2891 (cleansed),H2893 (cleansing),H2416A (fresh),H2891 (clean)","“And when the one with a discharge is cleansed of his discharge, then he shall count for himself seven days for his cleansing, and wash his clothes. And he shall bathe his body in fresh water and shall be clean."
Lev 15:16,H1320,flesh,body,M10c:Defilement,H2930A (unclean),"“If a man has an emission of semen, he shall bathe his whole body in water and be unclean until the evening."
Lev 15:19,H1320,flesh,body,M10c:Defilement,"H5079 (impurity),H2930A (unclean)","“ When a woman has a discharge, and the discharge in her body is blood, she shall be in her menstrual impurity for seven days, and whoever touches her shall be unclean until the evening."
Lev 15:2,H1320,flesh,body,"M42:Prayer & Petition,M10c:Defilement","H1696G (Speak),H2931 (unclean)","“ Speak to the people of Israel and say to them, When any man has a discharge from his body, his discharge is unclean."
Lev 15:3,H1320,flesh,body,M56:Sin & Guilt,H2932 (uncleanness),"And this is the law of his uncleanness for a discharge: whether his body runs with his discharge, or his body is blocked up by his discharge, it is his uncleanness."
Lev 15:3,H1320,flesh,body,M56:Sin & Guilt,H2932 (uncleanness),"And this is the law of his uncleanness for a discharge: whether his body runs with his discharge, or his body is blocked up by his discharge, it is his uncleanness."
Lev 15:7,H1320,flesh,body,M10c:Defilement,H2930A (unclean),And whoever touches the body of the one with the discharge shall wash his clothes and bathe himself in water and be unclean until the evening.
Lev 16:24,H1320,flesh,body,"M61:Purity & Holiness,M36:Worship & Service,M60:Confession & Forgiveness","H6918G (holy),H5930A (burnt offering),H3722A (make atonement)",And he shall bathe his body in water in a holy place and put on his garments and come out and offer his burnt offering and the burnt offering of the people and make atonement for himself and for the people.
Lev 16:27,H1320,flesh,flesh,"M56:Sin & Guilt,M60:Confession & Forgiveness,M30:Rebellion & Stubbornness","H2403H (sin offering),H3722A (make atonement),H6569 (dung)","And the bull for the sin offering and the goat for the sin offering, whose blood was brought in to make atonement in the Holy Place, shall be carried outside the camp. Their skin and their flesh and their dung shall be burned up with fire."
Lev 16:29,H5315I,soul: myself,yourselves,M24:Faintness & Despair,H6031B (afflict),"“And it shall be a statute to you forever that in the seventh month, on the tenth day of the month, you shall afflict yourselves and shall do no work, either the native or the stranger who sojourns among you."
Lev 16:31,H5315I,soul: myself,yourselves,M24:Faintness & Despair,H6031B (afflict),"It is a Sabbath of solemn rest to you, and you shall afflict yourselves; it is a statute forever."
Lev 16:4,H1320,flesh,body,M61:Purity & Holiness,H6944G (holy),"He shall put on the holy linen coat and shall have the linen undergarment on his body, and he shall tie the linen sash around his waist, and wear the linen turban; these are the holy garments. He shall bathe his body in water and then put them on."
Lev 16:4,H1320,flesh,body,M61:Purity & Holiness,H6944G (holy),"He shall put on the holy linen coat and shall have the linen undergarment on his body, and he shall tie the linen sash around his waist, and wear the linen turban; these are the holy garments. He shall bathe his body in water and then put them on."
Lev 17:11,H5315H,soul: life,life,M60:Confession & Forgiveness,"H3722A (make atonement),H3722A (atonement)","For the life of the flesh is in the blood, and I have given it for you on the altar to make atonement for your souls, for it is the blood that makes atonement by the life."
Lev 17:11,H1320,flesh,flesh,M60:Confession & Forgiveness,"H3722A (make atonement),H3722A (atonement)","For the life of the flesh is in the blood, and I have given it for you on the altar to make atonement for your souls, for it is the blood that makes atonement by the life."
Lev 17:11,H5315G,soul,souls,M60:Confession & Forgiveness,"H3722A (make atonement),H3722A (atonement)","For the life of the flesh is in the blood, and I have given it for you on the altar to make atonement for your souls, for it is the blood that makes atonement by the life."
Lev 17:11,H5315H,soul: life,life,M60:Confession & Forgiveness,"H3722A (make atonement),H3722A (atonement)","For the life of the flesh is in the blood, and I have given it for you on the altar to make atonement for your souls, for it is the blood that makes atonement by the life."
Lev 17:15,H5315J,soul: person,person,"M10c:Defilement,M12:Righteousness & Integrity","H2930A (unclean),H2891 (clean)","And every person who eats what dies of itself or what is torn by beasts, whether he is a native or a sojourner, shall wash his clothes and bathe himself in water and be unclean until the evening; then he shall be clean."
Lev 17:16,H1320,flesh,flesh,M56:Sin & Guilt,"H5375J (bear),H5771G (iniquity)","But if he does not wash them or bathe his flesh, he shall bear his iniquity.”"
Lev 18:12,H7607,flesh,relative,M44:Covenant & Fellowship,H0269 (sister),You shall not uncover the nakedness of your father’s sister; she is your father’s relative.
Lev 18:13,H7607,flesh,relative,M44:Covenant & Fellowship,H0269 (sister),"You shall not uncover the nakedness of your mother’s sister, for she is your mother’s relative."
Lev 18:29,H5315J,soul: person,persons,M58:Wickedness,H8441 (abominations),"For everyone who does any of these abominations, the persons who do them shall be cut off from among their people."
Lev 19:17,H3824,heart,heart,"M06:Malice & Enmity,M56:Sin & Guilt","H8130 (hate),H5375J (incur),H2399 (sin)","“You shall not hate your brother in your heart, but you shall reason frankly with your neighbor, lest you incur sin because of him."
Lev 19:8,H5315J,soul: person,person,"M56:Sin & Guilt,M61:Purity & Holiness","H5375J (bear),H5771G (iniquity),H6944G (holy)","and everyone who eats it shall bear his iniquity, because he has profaned what is holy to the Lord, and that person shall be cut off from his people."
Lev 20:19,H7607,flesh,relative,"M44:Covenant & Fellowship,M56:Sin & Guilt","H0269 (sister),H5375J (bear),H5771G (iniquity)","You shall not uncover the nakedness of your mother’s sister or of your father’s sister, for that is to make naked one’s relative; they shall bear their iniquity."
Lev 20:25,H5315I,soul: myself,yourselves,"M12:Righteousness & Integrity,M10c:Defilement,M58:Wickedness","H2889 (clean),H2931 (unclean),H8262 (detestable),H2930A (unclean)","You shall therefore separate the clean beast from the unclean, and the unclean bird from the clean. You shall not make yourselves detestable by beast or by bird or by anything with which the ground crawls, which I have set apart for you to hold unclean."
Lev 20:6,H5315J,soul: person,person,M28:Envy & Greed,H2181 (whoring),"“If a person turns to mediums and necromancers, whoring after them, I will set my face against that person and will cut him off from among his people."
Lev 20:6,H5315J,soul: person,person,M28:Envy & Greed,H2181 (whoring),"“If a person turns to mediums and necromancers, whoring after them, I will set my face against that person and will cut him off from among his people."
Lev 21:1,H5315M,soul: dead,dead,"M36:Worship & Service,M10c:Defilement","H3548 (priests),H2930A (unclean)","And the Lord said to Moses, “ Speak to the priests, the sons of Aaron, and say to them, No one shall make himself unclean for the dead among his people,"
Lev 21:11,H5315M,soul: dead,bodies,M10c:Defilement,H2930A (unclean),"He shall not go in to any dead bodies nor make himself unclean, even for his father or for his mother."
Lev 22:11,H5315J,soul: person,slave,M36:Worship & Service,H3548 (priest),"but if a priest buys a slave as his property for money, the slave may eat of it, and anyone born in his house may eat of his food."
Lev 22:3,H5315J,soul: person,person,"M61:Purity & Holiness,M56:Sin & Guilt","H6944G (holy things),H6942G (dedicate),H2932 (uncleanness)","Say to them, ‘If any one of all your offspring throughout your generations approaches the holy things that the people of Israel dedicate to the Lord, while he has an uncleanness, that person shall be cut off from my presence: I am the Lord."
Lev 22:4,H5315M,soul: dead,dead,"M73:Sickness & Weakness,M61:Purity & Holiness,M12:Righteousness & Integrity,M10c:Defilement","H6879 (leprous disease),H6944G (holy things),H2891 (clean),H2931 (unclean)","None of the offspring of Aaron who has a leprous disease or a discharge may eat of the holy things until he is clean. Whoever touches anything that is unclean through contact with the dead or a man who has had an emission of semen,"
Lev 22:6,H5315J,soul: person,person,"M10c:Defilement,M61:Purity & Holiness","H2930A (unclean),H6944G (holy things)",the person who touches such a thing shall be unclean until the evening and shall not eat of the holy things unless he has bathed his body in water.
Lev 22:6,H1320,flesh,body,"M10c:Defilement,M61:Purity & Holiness","H2930A (unclean),H6944G (holy things)",the person who touches such a thing shall be unclean until the evening and shall not eat of the holy things unless he has bathed his body in water.
Lev 23:27,H5315I,soul: myself,yourselves,"M60:Confession & Forgiveness,M61:Purity & Holiness,M44:Covenant & Fellowship,M24:Faintness & Despair","H3725 (Atonement),H6944G (holy),H4744 (convocation),H6031B (afflict)","“ Now on the tenth day of this seventh month is the Day of Atonement. It shall be for you a time of holy convocation, and you shall afflict yourselves and present a food offering to the Lord."
Lev 23:29,H5315I,soul: myself,whoever,M24:Faintness & Despair,H6031B (afflicted),For whoever is not afflicted on that very day shall be cut off from his people.
Lev 23:32,H5315I,soul: myself,yourselves,"M24:Faintness & Despair,M74:Keeping & Guarding","H6031B (afflict),H7673B (keep)","It shall be to you a Sabbath of solemn rest, and you shall afflict yourselves. On the ninth day of the month beginning at evening, from evening to evening shall you keep your Sabbath.”"
Lev 26:11,H5315I,soul: myself,soul,M06:Malice & Enmity,H1602 (abhor),"I will make my dwelling among you, and my soul shall not abhor you."
Lev 26:15,H5315I,soul: myself,soul,"M30:Rebellion & Stubbornness,M06:Malice & Enmity,M12:Righteousness & Integrity,M54:Torah & Obedience,M44:Covenant & Fellowship","H3988A (spurn),H1602 (abhors),H4941G (rules),H4687 (commandments),H1285 (covenant)","if you spurn my statutes, and if your soul abhors my rules, so that you will not do all my commandments, but break my covenant,"
Lev 26:16,H5315G,soul,heart,"M24:Faintness & Despair,M73:Sickness & Weakness,M06:Malice & Enmity","H0928 (panic),H7829 (wasting disease),H1727 (ache),H0341 (enemies)","then I will do this to you: I will visit you with panic, with wasting disease and fever that consume the eyes and make the heart ache. And you shall sow your seed in vain, for your enemies shall eat it."
Lev 26:30,H5315I,soul: myself,soul,"M10:Violence & Cruelty,M06:Malice & Enmity","H8045 (destroy),H1602 (abhor)","And I will destroy your high places and cut down your incense altars and cast your dead bodies upon the dead bodies of your idols, and my soul will abhor you."
Lev 26:36,H3824,heart,hearts,"M73:Sickness & Weakness,M06:Malice & Enmity","H4816 (faintness),H0341 (enemies)","And as for those of you who are left, I will send faintness into their hearts in the lands of their enemies. The sound of a driven leaf shall put them to flight, and they shall flee as one flees from the sword, and they shall fall when none pursues."
Lev 26:41,H3824,heart,heart,"M06:Malice & Enmity,M09:Humility & Lowliness,M39:Gift & Favor,M56:Sin & Guilt","H7147 (contrary),H0341 (enemies),H3665 (humbled),H7521 (make amends),H5771G (iniquity)","so that I walked contrary to them and brought them into the land of their enemies — if then their uncircumcised heart is humbled and they make amends for their iniquity,"
Lev 26:43,H5315I,soul: myself,soul,"M30:Rebellion & Stubbornness,M39:Gift & Favor,M10:Violence & Cruelty,M56:Sin & Guilt,M12:Righteousness & Integrity,M06:Malice & Enmity","H5800A (abandoned),H7521 (enjoy),H8074G (lies desolate),H7521 (make amends),H5771G (iniquity),H3988A (spurned),H4941G (rules),H1602 (abhorred)","But the land shall be abandoned by them and enjoy its Sabbaths while it lies desolate without them, and they shall make amends for their iniquity, because they spurned my rules and their soul abhorred my statutes."
Lev 27:2,H5315J,soul: person,persons,"M42:Prayer & Petition,M48:Astonishment & Wonder","H1696G (Speak),H6381 (special)","“ Speak to the people of Israel and say to them, If anyone makes a special vow to the Lord involving the valuation of persons,"
Lev 2:1,H5315J,soul: person,anyone,M36:Worship & Service,H4503G (grain),"“When anyone brings a grain offering as an offering to the Lord, his offering shall be of fine flour. He shall pour oil on it and put frankincense on it"
Lev 4:11,H1320,flesh,flesh,M30:Rebellion & Stubbornness,H6569 (dung),"But the skin of the bull and all its flesh, with its head, its legs, its entrails, and its dung —"
Lev 4:2,H5315J,soul: person,If anyone,"M42:Prayer & Petition,M56:Sin & Guilt,M54:Torah & Obedience","H1696G (Speak),H2398 (sins),H4687 (commandments)","“ Speak to the people of Israel, saying, If anyone sins unintentionally in any of the Lord’s commandments about things not to be done, and does any one of them,"
Lev 4:27,H5315J,soul: person,anyone,"M56:Sin & Guilt,M54:Torah & Obedience","H2398 (sins),H4687 (commandments),H0816 (guilt)","“ If anyone of the common people sins unintentionally in doing any one of the things that by the Lord’s commandments ought not to be done, and realizes his guilt,"
Lev 5:1,H5315J,soul: person,anyone,"M56:Sin & Guilt,M41:Being Heard,M15:Knowing & Understanding,M65:Speech & Tongue","H2398 (sins),H8085G (hears),H3045 (know),H5046 (speak),H5375J (bear),H5771G (iniquity)","“If anyone sins in that he hears a public adjuration to testify, and though he is a witness, whether he has seen or come to know the matter, yet does not speak, he shall bear his iniquity;"
Lev 5:15,H5315J,soul: person,anyone,"M57:Corruption & Perversion,M56:Sin & Guilt,M61:Purity & Holiness","H4603 (commits),H4604 (faith),H2398 (sins),H6944G (holy things),H0817 (compensation),H8549G (without blemish),H6944G (sanctuary),H0817 (guilt offering)","“If anyone commits a breach of faith and sins unintentionally in any of the holy things of the Lord, he shall bring to the Lord as his compensation, a ram without blemish out of the flock, valued in silver shekels, according to the shekel of the sanctuary, for a guilt offering."
Lev 5:17,H5315J,soul: person,anyone,"M56:Sin & Guilt,M54:Torah & Obedience,M15:Knowing & Understanding","H2398 (sins),H4687 (commandments),H3045 (know),H0816 (guilt),H5375J (bear),H5771G (iniquity)","“ If anyone sins, doing any of the things that by the Lord’s commandments ought not to be done, though he did not know it, then realizes his guilt, he shall bear his iniquity."
Lev 5:2,H5315J,soul: person,if anyone,"M10c:Defilement,M65:Speech & Tongue,M25:Life & Death,M14:Deceit & Falsehood,M56:Sin & Guilt","H2931 (unclean),H1697I (thing),H2416C (wild animal),H5956 (hidden),H0816 (guilt)","or if anyone touches an unclean thing, whether a carcass of an unclean wild animal or a carcass of unclean livestock or a carcass of unclean swarming things, and it is hidden from him and he has become unclean, and he realizes his guilt;"
Lev 5:4,H5315J,soul: person,if anyone,"M42:Prayer & Petition,M58:Wickedness,M05:Kindness & Friendship,M14:Deceit & Falsehood,M15:Knowing & Understanding,M56:Sin & Guilt","H0981 (utters),H0981 (rash),H7489A (evil),H3190 (good),H5956 (hidden),H3045 (know),H0816 (realizes)","or if anyone utters with his lips a rash oath to do evil or to do good, any sort of rash oath that people swear, and it is hidden from him, when he comes to know it, and he realizes his guilt in any of these;"
Lev 6:10,H1320,flesh,body,"M36:Worship & Service,M22:Praise & Song","H3548 (priest),H7311A (up),H5930A (burnt offering)","And the priest shall put on his linen garment and put his linen undergarment on his body, and he shall take up the ashes to which the fire has reduced the burnt offering on the altar and put them beside the altar."
Lev 6:2,H5315J,soul: person,anyone,"M56:Sin & Guilt,M57:Corruption & Perversion,M14:Deceit & Falsehood,M19:Trust & Refuge","H2398 (sins),H4603 (commits),H4604 (faith),H3584 (deceiving),H8667 (security)","“If anyone sins and commits a breach of faith against the Lord by deceiving his neighbor in a matter of deposit or security, or through robbery, or if he has oppressed his neighbor"
Lev 6:27,H1320,flesh,flesh,M61:Purity & Holiness,"H6942G (holy),H6918G (holy)","Whatever touches its flesh shall be holy, and when any of its blood is splashed on a garment, you shall wash that on which it was splashed in a holy place."
Lev 7:15,H1320,flesh,flesh,"M33:Rest & Peace,M49:Thanksgiving","H8002 (peace offerings),H8426 (thanksgiving),H5117 (any)",And the flesh of the sacrifice of his peace offerings for thanksgiving shall be eaten on the day of his offering. He shall not leave any of it until the morning.
Lev 7:18,H1320,flesh,flesh,"M33:Rest & Peace,M39:Gift & Favor,M64:Will & Resolve,M10c:Defilement,M56:Sin & Guilt","H8002 (peace offering),H7521 (accepted),H2803H (credited),H6292 (tainted),H5375J (bear),H5771G (iniquity)","If any of the flesh of the sacrifice of his peace offering is eaten on the third day, he who offers it shall not be accepted, neither shall it be credited to him. It is tainted, and he who eats of it shall bear his iniquity."
Lev 7:18,H5315I,soul: myself,he,"M33:Rest & Peace,M39:Gift & Favor,M64:Will & Resolve,M10c:Defilement,M56:Sin & Guilt","H8002 (peace offering),H7521 (accepted),H2803H (credited),H6292 (tainted),H5375J (bear),H5771G (iniquity)","If any of the flesh of the sacrifice of his peace offering is eaten on the third day, he who offers it shall not be accepted, neither shall it be credited to him. It is tainted, and he who eats of it shall bear his iniquity."
Lev 7:19,H1320,flesh,Flesh,"M10c:Defilement,M12:Righteousness & Integrity","H2931 (unclean thing),H2889 (clean)","“ Flesh that touches any unclean thing shall not be eaten. It shall be burned up with fire. All who are clean may eat flesh,"
Lev 7:19,H1320,flesh,flesh,"M10c:Defilement,M12:Righteousness & Integrity","H2931 (unclean thing),H2889 (clean)","“ Flesh that touches any unclean thing shall not be eaten. It shall be burned up with fire. All who are clean may eat flesh,"
Lev 7:19,H1320,flesh,flesh,"M10c:Defilement,M12:Righteousness & Integrity","H2931 (unclean thing),H2889 (clean)","“ Flesh that touches any unclean thing shall not be eaten. It shall be burned up with fire. All who are clean may eat flesh,"
Lev 7:20,H5315J,soul: person,person,"M33:Rest & Peace,M56:Sin & Guilt","H8002 (peace offerings),H2932 (uncleanness)","but the person who eats of the flesh of the sacrifice of the Lord’s peace offerings while an uncleanness is on him, that person shall be cut off from his people."
Lev 7:20,H1320,flesh,flesh,"M33:Rest & Peace,M56:Sin & Guilt","H8002 (peace offerings),H2932 (uncleanness)","but the person who eats of the flesh of the sacrifice of the Lord’s peace offerings while an uncleanness is on him, that person shall be cut off from his people."
Lev 7:20,H5315J,soul: person,person,"M33:Rest & Peace,M56:Sin & Guilt","H8002 (peace offerings),H2932 (uncleanness)","but the person who eats of the flesh of the sacrifice of the Lord’s peace offerings while an uncleanness is on him, that person shall be cut off from his people."
Lev 7:21,H5315J,soul: person,if anyone,"M56:Sin & Guilt,M10c:Defilement,M06:Malice & Enmity,M33:Rest & Peace","H2932 (unclean thing),H2931 (uncleanness),H2931 (unclean),H8263 (detestable),H8002 (peace offerings)","And if anyone touches an unclean thing, whether human uncleanness or an unclean beast or any unclean detestable creature, and then eats some flesh from the sacrifice of the Lord’s peace offerings, that person shall be cut off from his people.”"
Lev 7:21,H1320,flesh,flesh,"M56:Sin & Guilt,M10c:Defilement,M06:Malice & Enmity,M33:Rest & Peace","H2932 (unclean thing),H2931 (uncleanness),H2931 (unclean),H8263 (detestable),H8002 (peace offerings)","And if anyone touches an unclean thing, whether human uncleanness or an unclean beast or any unclean detestable creature, and then eats some flesh from the sacrifice of the Lord’s peace offerings, that person shall be cut off from his people.”"
Lev 7:21,H5315J,soul: person,person,"M56:Sin & Guilt,M10c:Defilement,M06:Malice & Enmity,M33:Rest & Peace","H2932 (unclean thing),H2931 (uncleanness),H2931 (unclean),H8263 (detestable),H8002 (peace offerings)","And if anyone touches an unclean thing, whether human uncleanness or an unclean beast or any unclean detestable creature, and then eats some flesh from the sacrifice of the Lord’s peace offerings, that person shall be cut off from his people.”"
Lev 8:17,H1320,flesh,flesh,M30:Rebellion & Stubbornness,H6569 (dung),"But the bull and its skin and its flesh and its dung he burned up with fire outside the camp, as the Lord commanded Moses."
Luk 10:20,G4151G,spirit/breath: spirit,spirits,"M04:Joy & Gladness,M23:Strength & Courage","G5463 (rejoice),G5293 (subject)","Nevertheless, do not rejoice in this, that the spirits are subject to you, but rejoice that your names are written in heaven.”"
Luk 10:21,G4151G,spirit/breath: spirit,Spirit,"M04:Joy & Gladness,M61:Purity & Holiness,M44:Covenant & Fellowship,M14:Deceit & Falsehood,M16:Wisdom & Folly,M63:Reasoning & Interpretation,M39:Gift & Favor","G0021 (rejoiced),G0040G (Holy),G1843 (thank),G0613 (hidden),G4680 (wise),G4908 (understanding),G2107 (gracious will)","In that same hour he rejoiced in the Holy Spirit and said, “I thank you, Father, Lord of heaven and earth, that you have hidden these things from the wise and understanding and revealed them to little children; yes, Father, for such was your gracious will."
Luk 10:27,G2588,heart,heart,"M41:Being Heard,M51:Love & Devotion,M23:Strength & Courage,M15:Knowing & Understanding","G0611 (answered),G0025 (love),G2479 (strength),G1271 (mind)","And he answered, “You shall love the Lord your God with all your heart and with all your soul and with all your strength and with all your mind, and your neighbor as yourself.”"
Luk 10:27,G5590G,soul,soul,"M41:Being Heard,M51:Love & Devotion,M23:Strength & Courage,M15:Knowing & Understanding","G0611 (answered),G0025 (love),G2479 (strength),G1271 (mind)","And he answered, “You shall love the Lord your God with all your heart and with all your soul and with all your strength and with all your mind, and your neighbor as yourself.”"
Luk 11:13,G4151G,spirit/breath: spirit,Spirit,"M58:Wickedness,M15:Knowing & Understanding,M05:Kindness & Friendship,M39:Gift & Favor,M61:Purity & Holiness,M21:Fasting & Piety","G4190 (evil),G6063 (know),G0018 (good),G1390 (gifts),G0040G (Holy),G0154 (ask)","If you then, who are evil, know how to give good gifts to your children, how much more will the heavenly Father give the Holy Spirit to those who ask him!”"
Luk 11:24,G4151G,spirit/breath: spirit,spirit,"M10c:Defilement,M83:Seeking & Inquiring,M33:Rest & Peace,M11:Turning & Repentance","G0169 (unclean),G2212 (seeking),G0372 (rest),G5290 (return)","“ When the unclean spirit has gone out of a person, it passes through waterless places seeking rest, and finding none it says, ‘I will return to my house from which I came.’"
Luk 11:26,G4151G,spirit/breath: spirit,spirits,M58:Wickedness,G4191 (more evil),"Then it goes and brings seven other spirits more evil than itself, and they enter and dwell there. And the last state of that person is worse than the first.”"
Luk 12:10,G4151G,spirit/breath: spirit,Spirit,"M65:Speech & Tongue,M60:Confession & Forgiveness,M58:Wickedness,M61:Purity & Holiness","G3056 (word),G0863H (forgiven),G0987 (blasphemes),G0040G (Holy)","And everyone who speaks a word against the Son of Man will be forgiven, but the one who blasphemes against the Holy Spirit will not be forgiven."
Luk 12:12,G4151G,spirit/breath: spirit,Spirit,"M61:Purity & Holiness,M15:Knowing & Understanding","G0040G (Holy),G1321 (teach)",for the Holy Spirit will teach you in that very hour what you ought to say.”
Luk 12:19,G5590G,soul,soul,"M05:Kindness & Friendship,M33:Rest & Peace,M71:Glory & Splendor","G0018 (goods),G0373 (relax),G2165 (merry)","And I will say to my soul, “ Soul, you have ample goods laid up for many years; relax, eat, drink, be merry.”’"
Luk 12:19,G5590G,soul,Soul,"M05:Kindness & Friendship,M33:Rest & Peace,M71:Glory & Splendor","G0018 (goods),G0373 (relax),G2165 (merry)","And I will say to my soul, “ Soul, you have ample goods laid up for many years; relax, eat, drink, be merry.”’"
Luk 12:20,G5590G,soul,soul,M16:Wisdom & Folly,G0878 (Fool),"But God said to him, ‘ Fool! This night your soul is required of you, and the things you have prepared, whose will they be?’"
Luk 12:22,G5590H,soul: life,life,M20:Doubt & Discouragement,G3309 (anxious),"And he said to his disciples, “ Therefore I tell you, do not be anxious about your life, what you will eat, nor about your body, what you will put on."
Luk 12:45,G2588,heart,himself,"M78:Slavery & Bondage,M72:Authority & Dominion,M09:Humility & Lowliness,M08:Pride & Arrogance","G1401 (servant),G2962H (master),G5549 (delayed),G0757 (begins)","But if that servant says to himself, ‘ My master is delayed in coming,’ and begins to beat the male and female servants, and to eat and drink and get drunk,"
Luk 13:11,G4151G,spirit/breath: spirit,spirit,M73:Sickness & Weakness,G0769H (disabling),"And behold, there was a woman who had had a disabling spirit for eighteen years. She was bent over and could not fully straighten herself."
Luk 14:26,G5590H,soul: life,life,"M06:Malice & Enmity,M14:Deceit & Falsehood,M44:Covenant & Fellowship","G3404 (hate),G0080 (brothers),G0079 (sisters)","“ If anyone comes to me and does not hate his own father and mother and wife and children and brothers and sisters, yes, and even his own life, he cannot be my disciple."
Luk 16:15,G2588,heart,hearts,"M26:Judgment & Condemnation,M15:Knowing & Understanding,M08:Pride & Arrogance,M58:Wickedness","G1344 (justify),G1097 (knows),G5308 (exalted),G0946 (abomination)","And he said to them, “ You are those who justify yourselves before men, but God knows your hearts. For what is exalted among men is an abomination in the sight of God."
Luk 17:33,G5590H,soul: life,life,"M83:Seeking & Inquiring,M45:Renewal & Transformation,M10:Violence & Cruelty","G2212 (seeks),G4982 (preserve),G0622 (lose),G0622 (loses)","Whoever seeks to preserve his life will lose it, but whoever loses his life will keep it."
Luk 18:1,G1573,to lose heart,lose heart,M42:Prayer & Petition,G4336 (pray),And he told them a parable to the effect that they ought always to pray and not lose heart.
Luk 1:15,G4151G,spirit/breath: spirit,Spirit,M61:Purity & Holiness,G0040G (Holy),"for he will be great before the Lord. And he must not drink wine or strong drink, and he will be filled with the Holy Spirit, even from his mother’s womb."
Luk 1:17,G4151G,spirit/breath: spirit,spirit,"M23:Strength & Courage,M75:Disobedience & Lawlessness,M15:Knowing & Understanding,M12:Righteousness & Integrity","G1411 (power),G0545 (disobedient),G5428 (wisdom),G1342 (just)","and he will go before him in the spirit and power of Elijah, to turn the hearts of the fathers to the children, and the disobedient to the wisdom of the just, to make ready for the Lord a people prepared.”"
Luk 1:17,G2588,heart,hearts,"M23:Strength & Courage,M75:Disobedience & Lawlessness,M15:Knowing & Understanding,M12:Righteousness & Integrity","G1411 (power),G0545 (disobedient),G5428 (wisdom),G1342 (just)","and he will go before him in the spirit and power of Elijah, to turn the hearts of the fathers to the children, and the disobedient to the wisdom of the just, to make ready for the Lord a people prepared.”"
Luk 1:35,G4151G,spirit/breath: spirit,Spirit,"M41:Being Heard,M61:Purity & Holiness,M23:Strength & Courage,M42:Prayer & Petition","G0611 (answered),G0040G (Holy),G1411 (power),G2564G (called),G0040G (holy)","And the angel answered her, “The Holy Spirit will come upon you, and the power of the Most High will overshadow you; therefore the child to be born will be called holy — the Son of God."
Luk 1:41,G4151G,spirit/breath: spirit,Spirit,M61:Purity & Holiness,G0040G (Holy),"And when Elizabeth heard the greeting of Mary, the baby leaped in her womb. And Elizabeth was filled with the Holy Spirit,"
Luk 1:46,G5590I,soul: myself,soul,M22:Praise & Song,G3170 (magnifies),"And Mary said, “ My soul magnifies the Lord,"
Luk 1:47,G4151G,spirit/breath: spirit,spirit,"M04:Joy & Gladness,M79:Salvation & Ransom","G0021 (rejoices),G4990 (Savior)","and my spirit rejoices in God my Savior,"
Luk 1:51,G2588,heart,hearts,"M23:Strength & Courage,M08:Pride & Arrogance,M15:Knowing & Understanding","G2904 (strength),G5244 (proud),G1271 (thoughts)",He has shown strength with his arm; he has scattered the proud in the thoughts of their hearts;
Luk 1:67,G4151G,spirit/breath: spirit,Spirit,"M61:Purity & Holiness,M43:Prophecy & Vision","G0040G (Holy),G4395 (prophesied)","And his father Zechariah was filled with the Holy Spirit and prophesied, saying,"
Luk 1:80,G4151G,spirit/breath: spirit,spirit,M23:Strength & Courage,G2901 (became strong),"And the child grew and became strong in spirit, and he was in the wilderness until the day of his public appearance to Israel."
Luk 21:19,G5590H,soul: life,lives,M34:Patience & Perseverance,G5281 (endurance),By your endurance you will gain your lives.
Luk 21:34,G2588,heart,hearts,"M74:Keeping & Guarding,M20:Doubt & Discouragement","G4337 (watch),G3308 (cares)","“ But watch yourselves lest your hearts be weighed down with dissipation and drunkenness and cares of this life, and that day come upon you suddenly like a trap."
Luk 23:46,G4151G,spirit/breath: spirit,spirit,"M42:Prayer & Petition,M24:Faintness & Despair","G5455 (calling out),G1606 (breathed his last)","Then Jesus, calling out with a loud voice, said, “ Father, into your hands I commit my spirit!” And having said this he breathed his last."
Luk 24:25,G2588,heart,heart,"M16:Wisdom & Folly,M19:Trust & Refuge,M43:Prophecy & Vision","G0453 (foolish ones),G4100 (believe),G4396 (prophets)","And he said to them, “ O foolish ones, and slow of heart to believe all that the prophets have spoken!"
Luk 24:37,G4151G,spirit/breath: spirit,spirit,"M01:Fear & Awe,M15:Knowing & Understanding","G4422 (startled),G1719 (frightened),G1380 (thought)",But they were startled and frightened and thought they saw a spirit.
Luk 24:38,G2588,heart,hearts,"M03:Grief & Lament,M63:Reasoning & Interpretation","G5015 (troubled),G1261 (doubts)","And he said to them, “ Why are you troubled, and why do doubts arise in your hearts?"
Luk 2:25,G4151G,spirit/breath: spirit,Spirit,"M12:Righteousness & Integrity,M13:Faith & Faithfulness,M68:Hope & Waiting,M52:Encouragement,M61:Purity & Holiness","G1342 (righteous),G2126 (devout),G4327 (waiting),G3874 (consolation),G0040G (Holy)","Now there was a man in Jerusalem, whose name was Simeon, and this man was righteous and devout, waiting for the consolation of Israel, and the Holy Spirit was upon him."
Luk 2:26,G4151G,spirit/breath: spirit,Spirit,M61:Purity & Holiness,G0040G (Holy),And it had been revealed to him by the Holy Spirit that he would not see death before he had seen the Lord’s Christ.
Luk 2:27,G4151G,spirit/breath: spirit,Spirit,M54:Torah & Obedience,G3551 (Law),"And he came in the Spirit into the temple, and when the parents brought in the child Jesus, to do for him according to the custom of the Law,"
Luk 2:35,G5590G,soul,soul,M63:Reasoning & Interpretation,G1261 (thoughts),"( and a sword will pierce through your own soul also ), so that thoughts from many hearts may be revealed.”"
Luk 2:35,G2588,heart,hearts,M63:Reasoning & Interpretation,G1261 (thoughts),"( and a sword will pierce through your own soul also ), so that thoughts from many hearts may be revealed.”"
Luk 2:51,G2588,heart,heart,"M23:Strength & Courage,M74:Keeping & Guarding","G5293 (submissive),G1301 (treasured up)",And he went down with them and came to Nazareth and was submissive to them. And his mother treasured up all these things in her heart.
Luk 3:15,G2588,heart,hearts,"M68:Hope & Waiting,M63:Reasoning & Interpretation","G4328 (expectation),G1260 (questioning)","As the people were in expectation, and all were questioning in their hearts concerning John, whether he might be the Christ,"
Luk 3:16,G4151G,spirit/breath: spirit,Spirit,"M41:Being Heard,M23:Strength & Courage,M61:Purity & Holiness","G0611 (answered),G2478 (mightier than),G0040G (Holy)","John answered them all, saying, “ I baptize you with water, but he who is mightier than I is coming, the strap of whose sandals I am not worthy to untie. He will baptize you with the Holy Spirit and fire."
Luk 3:22,G4151G,spirit/breath: spirit,Spirit,"M61:Purity & Holiness,M18:Desire & Longing","G0040G (Holy),G2106 (well pleased)","and the Holy Spirit descended on him in bodily form, like a dove; and a voice came from heaven, “ You are my beloved Son; with you I am well pleased.”"
Luk 3:6,G4561,flesh,flesh,M79:Salvation & Ransom,G4992 (salvation),and all flesh shall see the salvation of God.’”
Luk 4:1,G4151G,spirit/breath: spirit,Spirit,"M61:Purity & Holiness,M11:Turning & Repentance","G0040G (Holy),G5290 (returned)","And Jesus, full of the Holy Spirit, returned from the Jordan and was led by the Spirit in the wilderness"
Luk 4:1,G4151G,spirit/breath: spirit,Spirit,"M61:Purity & Holiness,M11:Turning & Repentance","G0040G (Holy),G5290 (returned)","And Jesus, full of the Holy Spirit, returned from the Jordan and was led by the Spirit in the wilderness"
Luk 4:14,G4151G,spirit/breath: spirit,Spirit,"M11:Turning & Repentance,M23:Strength & Courage,M82:Reminder & Report","G5290 (returned),G1411 (power),G5345 (report)","And Jesus returned in the power of the Spirit to Galilee, and a report about him went out through all the surrounding country."
Luk 4:18,G4151G,spirit/breath: spirit,Spirit,"M65:Speech & Tongue,M09:Humility & Lowliness,M60:Confession & Forgiveness,M73:Sickness & Weakness,M10:Violence & Cruelty","G2097 (good news),G4434 (poor),G0859 (liberty),G5185 (blind),G2352 (oppressed)","“The Spirit of the Lord is upon me, because he has anointed me to proclaim good news to the poor. He has sent me to proclaim liberty to the captives and recovering of sight to the blind, to set at liberty those who are oppressed,"
Luk 4:33,G4151G,spirit/breath: spirit,spirit,M10c:Defilement,G0169 (unclean),"And in the synagogue there was a man who had the spirit of an unclean demon, and he cried out with a loud voice,"
Luk 4:36,G4151G,spirit/breath: spirit,spirits,"M48:Astonishment & Wonder,M65:Speech & Tongue,M72:Authority & Dominion,M23:Strength & Courage,M10c:Defilement","G2285 (amazed),G3056 (word),G1849 (authority),G1411 (power),G0169 (unclean)","And they were all amazed and said to one another, “ What is this word? For with authority and power he commands the unclean spirits, and they come out!”"
Luk 5:22,G2588,heart,hearts,"M63:Reasoning & Interpretation,M41:Being Heard","G1261 (thoughts),G0611 (answered),G1260 (question)","When Jesus perceived their thoughts, he answered them, “ Why do you question in your hearts?"
Luk 6:18,G4151G,spirit/breath: spirit,spirits,"M73:Sickness & Weakness,M10c:Defilement,M36:Worship & Service","G3554 (diseases),G0169 (unclean),G2323 (cured)",who came to hear him and to be healed of their diseases. And those who were troubled with unclean spirits were cured.
Luk 6:45,G2588,heart,heart,"M05:Kindness & Friendship,M58:Wickedness","G0018 (good),G4190 (evil)","The good person out of the good treasure of his heart produces good, and the evil person out of his evil treasure produces evil, for out of the abundance of the heart his mouth speaks."
Luk 6:45,G2588,heart,heart,"M05:Kindness & Friendship,M58:Wickedness","G0018 (good),G4190 (evil)","The good person out of the good treasure of his heart produces good, and the evil person out of his evil treasure produces evil, for out of the abundance of the heart his mouth speaks."
Luk 6:9,G5590H,soul: life,life,"M05:Kindness & Friendship,M58:Wickedness,M45:Renewal & Transformation,M10:Violence & Cruelty","G0015 (good),G2554 (harm),G4982 (save),G0622 (destroy)","And Jesus said to them, “I ask you, is it lawful on the Sabbath to do good or to do harm, to save life or to destroy it?”"
Luk 7:21,G4151G,spirit/breath: spirit,spirits,"M36:Worship & Service,M73:Sickness & Weakness,M58:Wickedness,M50:Grace & Mercy","G2323 (healed),G3554 (diseases),G4190 (evil),G5185 (blind),G5483 (bestowed)","In that hour he healed many people of diseases and plagues and evil spirits, and on many who were blind he bestowed sight."
Luk 8:12,G2588,heart,hearts,"M65:Speech & Tongue,M19:Trust & Refuge,M45:Renewal & Transformation","G3056 (word),G4100 (believe),G4982 (saved)","The ones along the path are those who have heard; then the devil comes and takes away the word from their hearts, so that they may not believe and be saved."
Luk 8:15,G2588,heart,heart,"M05:Kindness & Friendship,M65:Speech & Tongue,M34:Patience & Perseverance","G2570G (good),G3056 (word),G2570G (honest),G0018 (good),G5281 (patience)","As for that in the good soil, they are those who, hearing the word, hold it fast in an honest and good heart, and bear fruit with patience."
Luk 8:2,G4151G,spirit/breath: spirit,spirits,"M36:Worship & Service,M58:Wickedness,M73:Sickness & Weakness,M42:Prayer & Petition","G2323 (healed),G4190 (evil),G0769H (infirmities),G2564G (called)","and also some women who had been healed of evil spirits and infirmities: Mary, called Magdalene, from whom seven demons had gone out,"
Luk 8:29,G4151G,spirit/breath: spirit,spirit,"M10c:Defilement,M24:Faintness & Despair,M74:Keeping & Guarding","G0169 (unclean),G4884 (seized),G5442H (guard)","For he had commanded the unclean spirit to come out of the man. ( For many a time it had seized him. He was kept under guard and bound with chains and shackles, but he would break the bonds and be driven by the demon into the desert.)"
Luk 8:55,G4151G,spirit/breath: spirit,spirit,M09:Humility & Lowliness,G1299 (directed),"And her spirit returned, and she got up at once. And he directed that something should be given her to eat."
Luk 9:24,G5590H,soul: life,life,"M18:Desire & Longing,M45:Renewal & Transformation,M10:Violence & Cruelty","G2309 (would),G4982 (save),G0622 (lose),G0622 (loses)","For whoever would save his life will lose it, but whoever loses his life for my sake will save it."
Luk 9:24,G5590H,soul: life,life,"M18:Desire & Longing,M45:Renewal & Transformation,M10:Violence & Cruelty","G2309 (would),G4982 (save),G0622 (lose),G0622 (loses)","For whoever would save his life will lose it, but whoever loses his life for my sake will save it."
Luk 9:39,G4151G,spirit/breath: spirit,spirit,"M42:Prayer & Petition,M59:Release & Reconciliation","G2896 (cries out),G0672 (leave)","And behold, a spirit seizes him, and he suddenly cries out. It convulses him so that he foams at the mouth, and shatters him, and will hardly leave him."
Luk 9:42,G4151G,spirit/breath: spirit,spirit,M10c:Defilement,G0169 (unclean),"While he was coming, the demon threw him to the ground and convulsed him. But Jesus rebuked the unclean spirit and healed the boy, and gave him back to his father."
Luk 9:47,G2588,heart,hearts,"M15:Knowing & Understanding,M63:Reasoning & Interpretation","G6063 (knowing),G1261 (reasoning)","But Jesus, knowing the reasoning of their hearts, took a child and put him by his side"
Mal 2:15,H7307G,spirit,Spirit,"M83:Seeking & Inquiring,M74:Keeping & Guarding,M14:Deceit & Falsehood","H1245 (seeking),H8104H (guard yourselves),H0898 (be)","Did he not make them one, with a portion of the Spirit in their union? And what was the one God seeking? Godly offspring. So guard yourselves in your spirit, and let none of you be faithless to the wife of your youth."
Mal 2:15,H7307G,spirit,spirit,"M83:Seeking & Inquiring,M74:Keeping & Guarding,M14:Deceit & Falsehood","H1245 (seeking),H8104H (guard yourselves),H0898 (be)","Did he not make them one, with a portion of the Spirit in their union? And what was the one God seeking? Godly offspring. So guard yourselves in your spirit, and let none of you be faithless to the wife of your youth."
Mal 2:16,H7307G,spirit,spirit,"M06:Malice & Enmity,M45:Renewal & Transformation,M10:Violence & Cruelty,M72:Authority & Dominion,M74:Keeping & Guarding,M14:Deceit & Falsehood","H8130 (not love),H3680 (covers),H2555 (violence),H6635B (hosts),H8104H (guard),H0898 (be faithless)","“For the man who does not love his wife but divorces her, says the Lord, the God of Israel, covers his garment with violence, says the Lord of hosts. So guard yourselves in your spirit, and do not be faithless.”"
Mal 2:2,H3820A,heart,heart,"M41:Being Heard,M15:Knowing & Understanding,M22:Praise & Song,M72:Authority & Dominion,M07:Shame & Confusion,M06:Malice & Enmity,M80:Blessing","H8085G (listen),H7760K (take),H3519 (honor),H6635B (hosts),H3994 (curse),H0779 (will curse),H1293 (blessings),H0779 (cursed),H7760K (lay)","If you will not listen, if you will not take it to heart to give honor to my name, says the Lord of hosts, then I will send the curse upon you and I will curse your blessings. Indeed, I have already cursed them, because you do not lay it to heart."
Mal 2:2,H3820A,heart,heart,"M41:Being Heard,M15:Knowing & Understanding,M22:Praise & Song,M72:Authority & Dominion,M07:Shame & Confusion,M06:Malice & Enmity,M80:Blessing","H8085G (listen),H7760K (take),H3519 (honor),H6635B (hosts),H3994 (curse),H0779 (will curse),H1293 (blessings),H0779 (cursed),H7760K (lay)","If you will not listen, if you will not take it to heart to give honor to my name, says the Lord of hosts, then I will send the curse upon you and I will curse your blessings. Indeed, I have already cursed them, because you do not lay it to heart."
Mal 4:6,H3820A,heart,hearts,M51:Love & Devotion,H2764A (utter destruction),"And he will turn the hearts of fathers to their children and the hearts of children to their fathers, lest I come and strike the land with a decree of utter destruction.”"
Mal 4:6,H3820A,heart,hearts,M51:Love & Devotion,H2764A (utter destruction),"And he will turn the hearts of fathers to their children and the hearts of children to their fathers, lest I come and strike the land with a decree of utter destruction.”"
Mar 10:45,G5590H,soul: life,life,M36:Worship & Service,"G1247 (served),G1247 (serve)","For even the Son of Man came not to be served but to serve, and to give his life as a ransom for many.”"
Mar 10:49,G2293,take heart,heart,"M42:Prayer & Petition,M73:Sickness & Weakness","G5455 (Call),G5455 (called),G5185 (blind man),G5455 (calling)","And Jesus stopped and said, “ Call him.” And they called the blind man, saying to him, “Take heart. Get up; he is calling you.”"
Mar 11:23,G2588,heart,heart,"M63:Reasoning & Interpretation,M19:Trust & Refuge","G1252 (doubt),G4100 (believes)","Truly, I say to you, whoever says to this mountain, ‘Be taken up and thrown into the sea,’ and does not doubt in his heart, but believes that what he says will come to pass, it will be done for him."
Mar 12:30,G2588,heart,heart,"M51:Love & Devotion,M15:Knowing & Understanding,M23:Strength & Courage","G0025 (love),G1271 (mind),G2479 (strength)",And you shall love the Lord your God with all your heart and with all your soul and with all your mind and with all your strength.’
Mar 12:30,G5590G,soul,soul,"M51:Love & Devotion,M15:Knowing & Understanding,M23:Strength & Courage","G0025 (love),G1271 (mind),G2479 (strength)",And you shall love the Lord your God with all your heart and with all your soul and with all your mind and with all your strength.’
Mar 12:33,G2588,heart,heart,"M51:Love & Devotion,M15:Knowing & Understanding,M23:Strength & Courage","G0025 (love),G4907 (understanding),G2479 (strength)","And to love him with all the heart and with all the understanding and with all the strength, and to love one’s neighbor as oneself, is much more than all whole burnt offerings and sacrifices.”"
Mar 12:36,G4151G,spirit/breath: spirit,Spirit,"M61:Purity & Holiness,M06:Malice & Enmity","G0040G (Holy),G2190 (enemies)","David himself, in the Holy Spirit, declared, “‘The Lord said to my Lord, “ Sit at my right hand, until I put your enemies under your feet.”’"
Mar 13:11,G4151G,spirit/breath: spirit,Spirit,M61:Purity & Holiness,G0040G (Holy),"And when they bring you to trial and deliver you over, do not be anxious beforehand what you are to say, but say whatever is given you in that hour, for it is not you who speak, but the Holy Spirit."
Mar 13:20,G4561,flesh,human being,M45:Renewal & Transformation,G4982 (saved),"And if the Lord had not cut short the days, no human being would be saved. But for the sake of the elect, whom he chose, he shortened the days."
Mar 14:34,G5590I,soul: myself,soul,"M03:Grief & Lament,M74:Keeping & Guarding","G4036 (sorrowful),G1127 (watch)","And he said to them, “ My soul is very sorrowful, even to death. Remain here and watch.”"
Mar 14:38,G4151G,spirit/breath: spirit,spirit,"M74:Keeping & Guarding,M42:Prayer & Petition,M35:Being Tested,M69:Self-Control & Zeal,M73:Sickness & Weakness","G1127 (Watch),G4336 (pray),G3986G (temptation),G4289 (willing),G0772G (weak)","Watch and pray that you may not enter into temptation. The spirit indeed is willing, but the flesh is weak.”"
Mar 14:38,G4561,flesh,flesh,"M74:Keeping & Guarding,M42:Prayer & Petition,M35:Being Tested,M69:Self-Control & Zeal,M73:Sickness & Weakness","G1127 (Watch),G4336 (pray),G3986G (temptation),G4289 (willing),G0772G (weak)","Watch and pray that you may not enter into temptation. The spirit indeed is willing, but the flesh is weak.”"
Mar 16:14,G4641,hardness of heart,heart,"M53:Dishonor & Disgrace,M31:Faith,M19:Trust & Refuge","G3679 (rebuked),G0570 (unbelief),G4100 (believed)","Afterward he appeared to the eleven themselves as they were reclining at table, and he rebuked them for their unbelief and hardness of heart, because they had not believed those who saw him after he had risen."
Mar 1:12,G4151G,spirit/breath: spirit,Spirit,M62:Truth & Sincerity,G2117 (immediately),The Spirit immediately drove him out into the wilderness.
Mar 1:23,G4151G,spirit/breath: spirit,spirit,M10c:Defilement,G0169 (unclean),"And immediately there was in their synagogue a man with an unclean spirit. And he cried out,"
Mar 1:26,G4151G,spirit/breath: spirit,spirit,"M10c:Defilement,M42:Prayer & Petition","G0169 (unclean),G2896 (crying out)","And the unclean spirit, convulsing him and crying out with a loud voice, came out of him."
Mar 1:27,G4151G,spirit/breath: spirit,spirits,"M48:Astonishment & Wonder,M45:Renewal & Transformation,M72:Authority & Dominion,M10c:Defilement,M54:Torah & Obedience","G2284 (amazed),G2537 (new),G1849 (authority),G0169 (unclean),G5219 (obey)","And they were all amazed, so that they questioned among themselves, saying, “ What is this? A new teaching with authority! He commands even the unclean spirits, and they obey him.”"
Mar 1:8,G4151G,spirit/breath: spirit,Spirit,M61:Purity & Holiness,G0040G (Holy),"I have baptized you with water, but he will baptize you with the Holy Spirit.”"
Mar 2:6,G2588,heart,hearts,M63:Reasoning & Interpretation,G1260 (questioning),"Now some of the scribes were sitting there, questioning in their hearts,"
Mar 2:8,G4151G,spirit/breath: spirit,spirit,M63:Reasoning & Interpretation,"G1260 (questioned),G1260 (question)","And immediately Jesus, perceiving in his spirit that they thus questioned within themselves, said to them, “ Why do you question these things in your hearts?"
Mar 2:8,G2588,heart,hearts,M63:Reasoning & Interpretation,"G1260 (questioned),G1260 (question)","And immediately Jesus, perceiving in his spirit that they thus questioned within themselves, said to them, “ Why do you question these things in your hearts?"
Mar 3:11,G4151G,spirit/breath: spirit,spirits,"M10c:Defilement,M42:Prayer & Petition","G0169 (unclean),G2896 (cried)","And whenever the unclean spirits saw him, they fell down before him and cried out, “ You are the Son of God.”"
Mar 3:29,G4151G,spirit/breath: spirit,Spirit,"M58:Wickedness,M61:Purity & Holiness,M60:Confession & Forgiveness,M55:Destruction & Ruin,M56:Sin & Guilt","G0987 (blasphemes),G0040G (Holy),G0859 (forgiveness),G1777 (guilty),G0265 (sin)","but whoever blasphemes against the Holy Spirit never has forgiveness, but is guilty of an eternal sin ” —"
Mar 3:30,G4151G,spirit/breath: spirit,spirit,M10c:Defilement,G0169 (unclean),"for they were saying, “He has an unclean spirit.”"
Mar 3:4,G5590H,soul: life,life,"M58:Wickedness,M45:Renewal & Transformation,M33:Rest & Peace","G2554 (harm),G4982 (save),G4623 (silent)","And he said to them, “Is it lawful on the Sabbath to do good or to do harm, to save life or to kill?” But they were silent."
Mar 3:5,G2588,heart,heart,"M02:Anger & Wrath,M03:Grief & Lament,M75:Disobedience & Lawlessness","G3709 (anger),G4818 (grieved),G4457 (hardness)","And he looked around at them with anger, grieved at their hardness of heart, and said to the man, “ Stretch out your hand.” He stretched it out, and his hand was restored."
Mar 5:13,G4151G,spirit/breath: spirit,spirits,M10c:Defilement,G0169 (unclean),"So he gave them permission. And the unclean spirits came out and entered the pigs; and the herd, numbering about two thousand, rushed down the steep bank into the sea and drowned in the sea."
Mar 5:2,G4151G,spirit/breath: spirit,spirit,M10c:Defilement,G0169 (unclean),"And when Jesus had stepped out of the boat, immediately there met him out of the tombs a man with an unclean spirit."
Mar 5:8,G4151G,spirit/breath: spirit,spirit,M10c:Defilement,G0169 (unclean),"For he was saying to him, “ Come out of the man, you unclean spirit!”"
Mar 6:50,G2293,take heart,heart,"M03:Grief & Lament,M01:Fear & Awe","G5015 (terrified),G5399 (be afraid)","for they all saw him and were terrified. But immediately he spoke to them and said, “Take heart; it is I. Do not be afraid.”"
Mar 6:52,G2588,heart,hearts,"M15:Knowing & Understanding,M75:Disobedience & Lawlessness","G4920 (understand),G4456 (hardened)","for they did not understand about the loaves, but their hearts were hardened."
Mar 6:7,G4151G,spirit/breath: spirit,spirits,"M42:Prayer & Petition,M08:Pride & Arrogance,M72:Authority & Dominion,M10c:Defilement","G4341 (called),G0757 (began),G1849 (authority),G0169 (unclean)","And he called the twelve and began to send them out two by two, and gave them authority over the unclean spirits."
Mar 7:19,G2588,heart,heart,M12:Righteousness & Integrity,G2511 (clean),"since it enters not his heart but his stomach, and is expelled?” ( Thus he declared all foods clean.)"
Mar 7:21,G2588,heart,heart,"M58:Wickedness,M63:Reasoning & Interpretation,M56:Sin & Guilt,M57:Corruption & Perversion","G2556G (evil),G1261 (thoughts),G4202 (sexual immorality),G3430 (adultery)","For from within, out of the heart of man, come evil thoughts, sexual immorality, theft, murder, adultery,"
Mar 7:25,G4151G,spirit/breath: spirit,spirit,"M62:Truth & Sincerity,M10c:Defilement","G2117 (immediately),G0169 (unclean)",But immediately a woman whose little daughter had an unclean spirit heard of him and came and fell down at his feet.
Mar 7:6,G2588,heart,heart,"M43:Prophecy & Vision,M14:Deceit & Falsehood,M71:Glory & Splendor","G4395 (prophesy),G5273 (hypocrites),G5091 (honors)","And he said to them, “ Well did Isaiah prophesy of you hypocrites, as it is written, “‘ This people honors me with their lips, but their heart is far from me;"
Mar 8:12,G4151G,spirit/breath: spirit,spirit,"M03:Grief & Lament,M83:Seeking & Inquiring,M43:Prophecy & Vision","G0389 (sighed deeply),G1934 (seek),G4592 (sign)","And he sighed deeply in his spirit and said, “ Why does this generation seek a sign? Truly, I say to you, no sign will be given to this generation.”"
Mar 8:17,G2588,heart,hearts,"M15:Knowing & Understanding,M63:Reasoning & Interpretation,M75:Disobedience & Lawlessness","G1097 (aware),G1260 (discussing),G3539 (perceive),G4920 (understand),G4456 (hardened)","And Jesus, aware of this, said to them, “ Why are you discussing the fact that you have no bread? Do you not yet perceive or understand? Are your hearts hardened?"
Mar 8:35,G5590H,soul: life,life,"M18:Desire & Longing,M45:Renewal & Transformation,M10:Violence & Cruelty","G2309 (would),G4982 (save),G0622 (lose),G0622 (loses)","For whoever would save his life will lose it, but whoever loses his life for my sake and the gospel’s will save it."
Mar 8:35,G5590H,soul: life,life,"M18:Desire & Longing,M45:Renewal & Transformation,M10:Violence & Cruelty","G2309 (would),G4982 (save),G0622 (lose),G0622 (loses)","For whoever would save his life will lose it, but whoever loses his life for my sake and the gospel’s will save it."
Mar 8:36,G5590G,soul,soul,"M45:Renewal & Transformation,M37:Firstborn & Foreknowledge","G5623 (profit),G2770 (gain)",For what does it profit a man to gain the whole world and forfeit his soul?
Mar 9:17,G4151G,spirit/breath: spirit,spirit,"M41:Being Heard,M70:Lifting & Bearing,M53:Dishonor & Disgrace","G0611 (answered),G5342 (brought),G0216 (mute)","And someone from the crowd answered him, “ Teacher, I brought my son to you, for he has a spirit that makes him mute."
Mar 9:20,G4151G,spirit/breath: spirit,spirit,M70:Lifting & Bearing,G5342 (brought),"And they brought the boy to him. And when the spirit saw him, immediately it convulsed the boy, and he fell on the ground and rolled about, foaming at the mouth."
Mar 9:25,G4151G,spirit/breath: spirit,spirit,"M10c:Defilement,M53:Dishonor & Disgrace","G0169 (unclean),G0216 (mute)","And when Jesus saw that a crowd came running together, he rebuked the unclean spirit, saying to it, “You mute and deaf spirit, I command you, come out of him and never enter him again.”"
Mar 9:25,G4151G,spirit/breath: spirit,spirit,"M10c:Defilement,M53:Dishonor & Disgrace","G0169 (unclean),G0216 (mute)","And when Jesus saw that a crowd came running together, he rebuked the unclean spirit, saying to it, “You mute and deaf spirit, I command you, come out of him and never enter him again.”"
Mat 10:1,G4151G,spirit/breath: spirit,spirits,"M42:Prayer & Petition,M72:Authority & Dominion,M10c:Defilement,M36:Worship & Service,M73:Sickness & Weakness","G4341 (called),G1849 (authority),G0169 (unclean),G2323 (heal),G3554 (disease)","And he called to him his twelve disciples and gave them authority over unclean spirits, to cast them out, and to heal every disease and every affliction."
Mat 10:28,G5590G,soul,soul,"M01:Fear & Awe,M10:Violence & Cruelty","G5399 (fear),G0622 (destroy)",And do not fear those who kill the body but cannot kill the soul. Rather fear him who can destroy both soul and body in hell.
Mat 10:28,G5590G,soul,soul,"M01:Fear & Awe,M10:Violence & Cruelty","G5399 (fear),G0622 (destroy)",And do not fear those who kill the body but cannot kill the soul. Rather fear him who can destroy both soul and body in hell.
Mat 10:39,G5590H,soul: life,life,M10:Violence & Cruelty,"G0622 (lose),G0622 (loses)","Whoever finds his life will lose it, and whoever loses his life for my sake will find it."
Mat 10:39,G5590H,soul: life,life,M10:Violence & Cruelty,"G0622 (lose),G0622 (loses)","Whoever finds his life will lose it, and whoever loses his life for my sake will find it."
Mat 11:29,G2588,heart,heart,"M05:Kindness & Friendship,M09:Humility & Lowliness,M33:Rest & Peace","G4235 (gentle),G5011 (lowly),G0372 (rest)","Take my yoke upon you, and learn from me, for I am gentle and lowly in heart, and you will find rest for your souls."
Mat 11:29,G5590G,soul,souls,"M05:Kindness & Friendship,M09:Humility & Lowliness,M33:Rest & Peace","G4235 (gentle),G5011 (lowly),G0372 (rest)","Take my yoke upon you, and learn from me, for I am gentle and lowly in heart, and you will find rest for your souls."
Mat 12:18,G5590G,soul,soul,"M64:Will & Resolve,M18:Desire & Longing,M26:Judgment & Condemnation","G0140 (chosen),G2106 (well pleased),G2920 (justice)","“ Behold, my servant whom I have chosen, my beloved with whom my soul is well pleased. I will put my Spirit upon him, and he will proclaim justice to the Gentiles."
Mat 12:18,G4151G,spirit/breath: spirit,Spirit,"M64:Will & Resolve,M18:Desire & Longing,M26:Judgment & Condemnation","G0140 (chosen),G2106 (well pleased),G2920 (justice)","“ Behold, my servant whom I have chosen, my beloved with whom my soul is well pleased. I will put my Spirit upon him, and he will proclaim justice to the Gentiles."
Mat 12:28,G4151G,spirit/breath: spirit,Spirit,M72:Authority & Dominion,G0932 (kingdom),"But if it is by the Spirit of God that I cast out demons, then the kingdom of God has come upon you."
Mat 12:31,G4151G,spirit/breath: spirit,Spirit,"M56:Sin & Guilt,M58:Wickedness,M60:Confession & Forgiveness","G0266 (sin),G0988 (blasphemy),G0863H (forgiven)","Therefore I tell you, every sin and blasphemy will be forgiven people, but the blasphemy against the Spirit will not be forgiven."
Mat 12:32,G4151G,spirit/breath: spirit,Spirit,"M65:Speech & Tongue,M60:Confession & Forgiveness,M61:Purity & Holiness","G3056 (word),G0863H (forgiven),G0040G (Holy)","And whoever speaks a word against the Son of Man will be forgiven, but whoever speaks against the Holy Spirit will not be forgiven, either in this age or in the age to come."
Mat 12:34,G2588,heart,heart,"M05:Kindness & Friendship,M58:Wickedness","G0018 (good),G4190 (evil)","You brood of vipers! How can you speak good, when you are evil? For out of the abundance of the heart the mouth speaks."
Mat 12:43,G4151G,spirit/breath: spirit,spirit,"M10c:Defilement,M83:Seeking & Inquiring,M33:Rest & Peace","G0169 (unclean),G2212 (seeking),G0372 (rest)","“ When the unclean spirit has gone out of a person, it passes through waterless places seeking rest, but finds none."
Mat 12:45,G4151G,spirit/breath: spirit,spirits,M58:Wickedness,"G4190 (more evil),G4190 (evil)","Then it goes and brings with it seven other spirits more evil than itself, and they enter and dwell there, and the last state of that person is worse than the first. So also will it be with this evil generation.”"
Mat 13:15,G2588,heart,heart,M15:Knowing & Understanding,G4920 (understand),"For this people’s heart has grown dull, and with their ears they can barely hear, and their eyes they have closed, lest they should see with their eyes and hear with their ears and understand with their heart and turn, and I would heal them.’"
Mat 13:15,G2588,heart,heart,M15:Knowing & Understanding,G4920 (understand),"For this people’s heart has grown dull, and with their ears they can barely hear, and their eyes they have closed, lest they should see with their eyes and hear with their ears and understand with their heart and turn, and I would heal them.’"
Mat 13:19,G2588,heart,heart,"M65:Speech & Tongue,M72:Authority & Dominion,M15:Knowing & Understanding,M58:Wickedness,M24:Faintness & Despair","G3056 (word),G0932 (kingdom),G4920 (understand),G4190 (evil),G0726 (snatches away)","When anyone hears the word of the kingdom and does not understand it, the evil one comes and snatches away what has been sown in his heart. This is what was sown along the path."
Mat 14:27,G2293,take heart,heart,M01:Fear & Awe,G5399 (afraid),"But immediately Jesus spoke to them, saying, “Take heart; it is I. Do not be afraid.”"
Mat 15:19,G2588,heart,heart,"M58:Wickedness,M63:Reasoning & Interpretation,M57:Corruption & Perversion,M56:Sin & Guilt,M54:Torah & Obedience","G4190 (evil),G1261 (thoughts),G3430 (adultery),G4202 (sexual immorality),G5577 (false witness),G0988 (slander)","For out of the heart come evil thoughts, murder, adultery, sexual immorality, theft, false witness, slander."
Mat 15:8,G2588,heart,heart,M71:Glory & Splendor,G5091 (honors),"“‘ This people honors me with their lips, but their heart is far from me;"
Mat 16:17,G4561,flesh,flesh,"M41:Being Heard,M80:Blessing","G0611 (answered),G3107 (Blessed)","And Jesus answered him, “ Blessed are you, Simon Bar-Jonah! For flesh and blood has not revealed this to you, but my Father who is in heaven."
Mat 16:25,G5590H,soul: life,life,"M18:Desire & Longing,M45:Renewal & Transformation,M10:Violence & Cruelty","G2309 (would),G4982 (save),G0622 (lose),G0622 (loses)","For whoever would save his life will lose it, but whoever loses his life for my sake will find it."
Mat 16:25,G5590H,soul: life,life,"M18:Desire & Longing,M45:Renewal & Transformation,M10:Violence & Cruelty","G2309 (would),G4982 (save),G0622 (lose),G0622 (loses)","For whoever would save his life will lose it, but whoever loses his life for my sake will find it."
Mat 16:26,G5590G,soul,soul,"M45:Renewal & Transformation,M37:Firstborn & Foreknowledge","G5623 (profit),G2770 (gains)",For what will it profit a man if he gains the whole world and forfeits his soul? Or what shall a man give in return for his soul?
Mat 16:26,G5590G,soul,soul,"M45:Renewal & Transformation,M37:Firstborn & Foreknowledge","G5623 (profit),G2770 (gains)",For what will it profit a man if he gains the whole world and forfeits his soul? Or what shall a man give in return for his soul?
Mat 18:35,G2588,heart,heart,"M60:Confession & Forgiveness,M14:Deceit & Falsehood","G0863H (forgive),G0080 (brother)","So also my heavenly Father will do to every one of you, if you do not forgive your brother from your heart.”"
Mat 19:8,G4641,hardness of heart,hardness,M16:Wisdom & Folly,G0746 (beginning),"He said to them, “ Because of your hardness of heart Moses allowed you to divorce your wives, but from the beginning it was not so."
Mat 19:8,G4641,hardness of heart,heart,M16:Wisdom & Folly,G0746 (beginning),"He said to them, “ Because of your hardness of heart Moses allowed you to divorce your wives, but from the beginning it was not so."
Mat 1:18,G4151G,spirit/breath: spirit,Spirit,"M44:Covenant & Fellowship,M61:Purity & Holiness","G3423 (betrothed),G0040G (Holy)","Now the birth of Jesus Christ took place in this way. When his mother Mary had been betrothed to Joseph, before they came together she was found to be with child from the Holy Spirit."
Mat 1:20,G4151G,spirit/breath: spirit,Spirit,"M15:Knowing & Understanding,M01:Fear & Awe,M61:Purity & Holiness","G1760 (considered),G5399 (fear),G0040G (Holy)","But as he considered these things, behold, an angel of the Lord appeared to him in a dream, saying, “ Joseph, son of David, do not fear to take Mary as your wife, for that which is conceived in her is from the Holy Spirit."
Mat 20:28,G5590H,soul: life,life,M36:Worship & Service,"G1247 (served),G1247 (serve)","even as the Son of Man came not to be served but to serve, and to give his life as a ransom for many.”"
Mat 22:37,G2588,heart,heart,"M51:Love & Devotion,M15:Knowing & Understanding","G0025 (love),G1271 (mind)","And he said to him, “You shall love the Lord your God with all your heart and with all your soul and with all your mind."
Mat 22:37,G5590G,soul,soul,"M51:Love & Devotion,M15:Knowing & Understanding","G0025 (love),G1271 (mind)","And he said to him, “You shall love the Lord your God with all your heart and with all your soul and with all your mind."
Mat 22:43,G4151G,spirit/breath: spirit,Spirit,M42:Prayer & Petition,G2564G (calls),"He said to them, “ How is it then that David, in the Spirit, calls him Lord, saying,"
Mat 24:22,G4561,flesh,human being,M45:Renewal & Transformation,G4982 (saved),"And if those days had not been cut short, no human being would be saved. But for the sake of the elect those days will be cut short."
Mat 24:48,G2588,heart,himself,"M58:Wickedness,M78:Slavery & Bondage,M72:Authority & Dominion,M09:Humility & Lowliness","G2556G (wicked),G1401 (servant),G2962H (master),G5549 (delayed)","But if that wicked servant says to himself, ‘ My master is delayed,’"
Mat 26:38,G5590G,soul,soul,"M03:Grief & Lament,M74:Keeping & Guarding","G4036 (sorrowful),G1127 (watch)","Then he said to them, “ My soul is very sorrowful, even to death; remain here, and watch with me.”"
Mat 26:41,G4151G,spirit/breath: spirit,spirit,"M74:Keeping & Guarding,M42:Prayer & Petition,M35:Being Tested,M69:Self-Control & Zeal,M73:Sickness & Weakness","G1127 (Watch),G4336 (pray),G3986G (temptation),G4289 (willing),G0772G (weak)","Watch and pray that you may not enter into temptation. The spirit indeed is willing, but the flesh is weak.”"
Mat 26:41,G4561,flesh,flesh,"M74:Keeping & Guarding,M42:Prayer & Petition,M35:Being Tested,M69:Self-Control & Zeal,M73:Sickness & Weakness","G1127 (Watch),G4336 (pray),G3986G (temptation),G4289 (willing),G0772G (weak)","Watch and pray that you may not enter into temptation. The spirit indeed is willing, but the flesh is weak.”"
Mat 27:50,G4151G,spirit/breath: spirit,spirit,"M42:Prayer & Petition,M59:Release & Reconciliation","G2896 (cried out),G0863I (yielded up)",And Jesus cried out again with a loud voice and yielded up his spirit.
Mat 28:19,G4151G,spirit/breath: spirit,Spirit,M61:Purity & Holiness,G0040G (Holy),"Go therefore and make disciples of all nations, baptizing them in the name of the Father and of the Son and of the Holy Spirit,"
Mat 2:20,G5590H,soul: life,life,M83:Seeking & Inquiring,G2212 (sought),"saying, “ Rise, take the child and his mother and go to the land of Israel, for those who sought the child’s life are dead.”"
Mat 3:11,G4151G,spirit/breath: spirit,Spirit,"M11:Turning & Repentance,M23:Strength & Courage,M61:Purity & Holiness","G3341 (repentance),G2478 (mightier),G0040G (Holy)","“ I baptize you with water for repentance, but he who is coming after me is mightier than I, whose sandals I am not worthy to carry. He will baptize you with the Holy Spirit and fire."
Mat 3:16,G4151G,spirit/breath: spirit,Spirit,M62:Truth & Sincerity,G2117 (immediately),"And when Jesus was baptized, immediately he went up from the water, and behold, the heavens were opened to him, and he saw the Spirit of God descending like a dove and coming to rest on him;"
Mat 4:1,G4151G,spirit/breath: spirit,Spirit,M35:Being Tested,G3985G (tempted),Then Jesus was led up by the Spirit into the wilderness to be tempted by the devil.
Mat 5:28,G2588,heart,heart,"M18:Desire & Longing,M57:Corruption & Perversion","G1937 (lustful),G3431 (adultery)",But I say to you that everyone who looks at a woman with lustful intent has already committed adultery with her in his heart.
Mat 5:3,G4151G,spirit/breath: spirit,spirit,"M80:Blessing,M09:Humility & Lowliness,M72:Authority & Dominion","G3107 (Blessed),G4434 (poor),G0932 (kingdom)","“ Blessed are the poor in spirit, for theirs is the kingdom of heaven."
Mat 5:8,G2588,heart,heart,"M80:Blessing,M12:Righteousness & Integrity","G3107 (Blessed),G2513 (pure)","“ Blessed are the pure in heart, for they shall see God."
Mat 6:25,G5590H,soul: life,life,M20:Doubt & Discouragement,G3309 (anxious),"“ Therefore I tell you, do not be anxious about your life, what you will eat or what you will drink, nor about your body, what you will put on. Is not life more than food, and the body more than clothing?"
Mat 6:25,G5590H,soul: life,life,M20:Doubt & Discouragement,G3309 (anxious),"“ Therefore I tell you, do not be anxious about your life, what you will eat or what you will drink, nor about your body, what you will put on. Is not life more than food, and the body more than clothing?"
Mat 8:16,G4151G,spirit/breath: spirit,spirits,"M65:Speech & Tongue,M36:Worship & Service","G3056 (word),G2323 (healed)","That evening they brought to him many who were oppressed by demons, and he cast out the spirits with a word and healed all who were sick."
Mat 9:2,G2293,take heart,heart,"M13:Faith & Faithfulness,M56:Sin & Guilt,M60:Confession & Forgiveness","G4102G (faith),G0266 (sins),G0863H (forgiven)","And behold, some people brought to him a paralytic, lying on a bed. And when Jesus saw their faith, he said to the paralytic, “Take heart, my son; your sins are forgiven.”"
Mat 9:22,G2293,take heart,heart,"M13:Faith & Faithfulness,M45:Renewal & Transformation","G4102G (faith),G4982 (well),G4982 (made well)","Jesus turned, and seeing her he said, “Take heart, daughter; your faith has made you well.” And instantly the woman was made well."
Mat 9:4,G2588,heart,hearts,"M15:Knowing & Understanding,M58:Wickedness","G1761 (thoughts),G1760 (think),G4190 (evil)","But Jesus, knowing their thoughts, said, “ Why do you think evil in your hearts?"
Mic 2:11,H7307H,spirit: breath,wind,"M14:Deceit & Falsehood,M43:Prophecy & Vision","H8267 (wind),H3576 (lies),H5197 (preach),H5197 (be the preacher)","If a man should go about and utter wind and lies, saying, “I will preach to you of wine and strong drink,” he would be the preacher for this people!"
Mic 2:7,H7307J,spirit: temper,Has the,"M65:Speech & Tongue,M05:Kindness & Friendship,M12:Righteousness & Integrity","H1697G (words),H3190 (good),H3477G (uprightly)","Should this be said, O house of Jacob? Has the Lord grown impatient? Are these his deeds? Do not my words do good to him who walks uprightly?"
Mic 3:2,H7607,flesh,flesh,"M06:Malice & Enmity,M05:Kindness & Friendship,M51:Love & Devotion,M58:Wickedness","H8130 (hate),H2896B (good),H0157G (love),H7451B (evil)","you who hate the good and love the evil, who tear the skin from off my people and their flesh from off their bones,"
Mic 3:8,H7307G,spirit,Spirit,"M23:Strength & Courage,M12:Righteousness & Integrity,M65:Speech & Tongue,M56:Sin & Guilt","H3581B (power),H4941H (justice),H1369 (might),H5046 (declare),H6588 (transgression),H2403B (sin)","But as for me, I am filled with power, with the Spirit of the Lord, and with justice and might, to declare to Jacob his transgression and to Israel his sin."
Mic 6:7,H5315G,soul,soul,"M39:Gift & Favor,M37:Firstborn & Foreknowledge,M56:Sin & Guilt","H7521 (pleased),H1060 (firstborn),H6588 (transgression),H2403B (sin)","Will the Lord be pleased with thousands of rams, with ten thousands of rivers of oil? Shall I give my firstborn for my transgression, the fruit of my body for the sin of my soul?”"
Mic 7:1,H5315L,soul: appetite,soul,"M03:Grief & Lament,M18:Desire & Longing","H0480 (Woe),H0183 (desires)","Woe is me! For I have become as when the summer fruit has been gathered, as when the grapes have been gleaned: there is no cluster to eat, no first-ripe fig that my soul desires."
Mic 7:3,H5315L,soul: appetite,desire,"M58:Wickedness,M05:Kindness & Friendship,M72:Authority & Dominion,M63:Reasoning & Interpretation,M21:Fasting & Piety,M42:Prayer & Petition,M18:Desire & Longing","H7451B (evil),H3190 (to do),H8269 (prince),H8199 (judge),H7592 (ask),H1696G (utters),H1942 (evil)","Their hands are on what is evil, to do it well; the prince and the judge ask for a bribe, and the great man utters the evil desire of his soul; thus they weave it together."
Mic 7:5,H2436G,bosom: embrace,arms,"M13:Faith & Faithfulness,M19:Trust & Refuge,M74:Keeping & Guarding","H0539 (trust),H0982 (confidence),H8104H (guard)",Put no trust in a neighbor; have no confidence in a friend; guard the doors of your mouth from her who lies in your arms;
Nah 2:10,H3820A,heart,Hearts,M24:Faintness & Despair,H2479 (anguish),Desolate! Desolation and ruin! Hearts melt and knees tremble; anguish is in all loins; all faces grow pale!
Neh 2:12,H3820A,heart,heart,"M08:Pride & Arrogance,M65:Speech & Tongue","H6965B (arose),H5046 (told)","Then I arose in the night, I and a few men with me. And I told no one what my God had put into my heart to do for Jerusalem. There was no animal with me but the one on which I rode."
Neh 2:2,H3820A,heart,heart,"M72:Authority & Dominion,M58:Wickedness,M73:Sickness & Weakness,M23:Strength & Courage,M01:Fear & Awe","H4428G (king),H7451A (sad),H2470H (sick),H7455 (sadness),H7235A (much),H3372G (afraid)","And the king said to me, “ Why is your face sad, seeing you are not sick? This is nothing but sadness of the heart.” Then I was very much afraid."
Neh 5:5,H1320,flesh,flesh,"M36:Worship & Service,M72:Authority & Dominion","H5650 (slaves),H3027H (power)","Now our flesh is as the flesh of our brothers, our children are as their children. Yet we are forcing our sons and our daughters to be slaves, and some of our daughters have already been enslaved, but it is not in our power to help it, for other men have our fields and our vineyards.”"
Neh 5:5,H1320,flesh,flesh,"M36:Worship & Service,M72:Authority & Dominion","H5650 (slaves),H3027H (power)","Now our flesh is as the flesh of our brothers, our children are as their children. Yet we are forcing our sons and our daughters to be slaves, and some of our daughters have already been enslaved, but it is not in our power to help it, for other men have our fields and our vineyards.”"
Neh 5:7,H3820A,heart,myself,"M63:Reasoning & Interpretation,M44:Covenant & Fellowship,M34:Patience & Perseverance","H4427B (took counsel),H7378 (brought charges),H2715 (nobles),H6952 (assembly)","I took counsel with myself, and I brought charges against the nobles and the officials. I said to them, “ You are exacting interest, each from his brother.” And I held a great assembly against them"
Neh 6:8,H3820A,heart,mind,"M65:Speech & Tongue,M64:Will & Resolve","H1697I (things),H0908 (inventing)","Then I sent to him, saying, “ No such things as you say have been done, for you are inventing them out of your own mind.”"
Neh 7:5,H3820A,heart,heart,M34:Patience & Perseverance,H2715 (nobles),"Then my God put it into my heart to assemble the nobles and the officials and the people to be enrolled by genealogy. And I found the book of the genealogy of those who came up at the first, and I found written in it:"
Neh 9:20,H7307G,spirit,Spirit,"M18:Desire & Longing,M16:Wisdom & Folly","H2896A (good),H7919A (instruct),H6772 (thirst)",You gave your good Spirit to instruct them and did not withhold your manna from their mouth and gave them water for their thirst.
Neh 9:30,H7307G,spirit,Spirit,"M35:Being Tested,M43:Prophecy & Vision,M41:Being Heard,M72:Authority & Dominion","H5749B (warned),H5030 (prophets),H0238 (give ear),H3027H (hand)",Many years you bore with them and warned them by your Spirit through your prophets. Yet they would not give ear. Therefore you gave them into the hand of the peoples of the lands.
Neh 9:8,H3824,heart,heart,"M13:Faith & Faithfulness,M44:Covenant & Fellowship,M12:Righteousness & Integrity","H0539 (faithful),H3772H (made),H1285 (covenant),H6662 (righteous)","You found his heart faithful before you, and made with him the covenant to give to his offspring the land of the Canaanite, the Hittite, the Amorite, the Perizzite, the Jebusite, and the Girgashite. And you have kept your promise, for you are righteous."
Num 11:12,H2436G,bosom: embrace,bosom,M13:Faith & Faithfulness,H0539 (nurse),"Did I conceive all this people? Did I give them birth, that you should say to me, ‘ Carry them in your bosom, as a nurse carries a nursing child,’ to the land that you swore to give their fathers?"
Num 11:13,H1320,flesh,meat,M03:Grief & Lament,H1058 (weep),"Where am I to get meat to give to all this people? For they weep before me and say, ‘ Give us meat, that we may eat.’"
Num 11:13,H1320,flesh,meat,M03:Grief & Lament,H1058 (weep),"Where am I to get meat to give to all this people? For they weep before me and say, ‘ Give us meat, that we may eat.’"
Num 11:17,H7307G,spirit,Spirit,"M42:Prayer & Petition,M78:Slavery & Bondage","H1696G (talk),H4853A (burden)","And I will come down and talk with you there. And I will take some of the Spirit that is on you and put it on them, and they shall bear the burden of the people with you, so that you may not bear it yourself alone."
Num 11:18,H1320,flesh,meat,"M61:Purity & Holiness,M03:Grief & Lament,M18:Desire & Longing","H6942G (Consecrate),H1058 (wept),H2895 (better)","And say to the people, ‘ Consecrate yourselves for tomorrow, and you shall eat meat, for you have wept in the hearing of the Lord, saying, “ Who will give us meat to eat? For it was better for us in Egypt.” Therefore the Lord will give you meat, and you shall eat."
Num 11:18,H1320,flesh,meat,"M61:Purity & Holiness,M03:Grief & Lament,M18:Desire & Longing","H6942G (Consecrate),H1058 (wept),H2895 (better)","And say to the people, ‘ Consecrate yourselves for tomorrow, and you shall eat meat, for you have wept in the hearing of the Lord, saying, “ Who will give us meat to eat? For it was better for us in Egypt.” Therefore the Lord will give you meat, and you shall eat."
Num 11:18,H1320,flesh,meat,"M61:Purity & Holiness,M03:Grief & Lament,M18:Desire & Longing","H6942G (Consecrate),H1058 (wept),H2895 (better)","And say to the people, ‘ Consecrate yourselves for tomorrow, and you shall eat meat, for you have wept in the hearing of the Lord, saying, “ Who will give us meat to eat? For it was better for us in Egypt.” Therefore the Lord will give you meat, and you shall eat."
Num 11:25,H7307G,spirit,Spirit,"M42:Prayer & Petition,M33:Rest & Peace,M43:Prophecy & Vision","H1696G (spoke),H5117 (rested),H5012 (prophesied)","Then the Lord came down in the cloud and spoke to him, and took some of the Spirit that was on him and put it on the seventy elders. And as soon as the Spirit rested on them, they prophesied. But they did not continue doing it."
Num 11:25,H7307G,spirit,Spirit,"M42:Prayer & Petition,M33:Rest & Peace,M43:Prophecy & Vision","H1696G (spoke),H5117 (rested),H5012 (prophesied)","Then the Lord came down in the cloud and spoke to him, and took some of the Spirit that was on him and put it on the seventy elders. And as soon as the Spirit rested on them, they prophesied. But they did not continue doing it."
Num 11:26,H7307G,spirit,Spirit,"M33:Rest & Peace,M43:Prophecy & Vision","H5117 (rested),H5012 (prophesied)","Now two men remained in the camp, one named Eldad, and the other named Medad, and the Spirit rested on them. They were among those registered, but they had not gone out to the tent, and so they prophesied in the camp."
Num 11:29,H7307G,spirit,Spirit,"M18:Desire & Longing,M43:Prophecy & Vision","H7065 (jealous),H5030 (prophets)","But Moses said to him, “Are you jealous for my sake? Would that all the Lord’s people were prophets, that the Lord would put his Spirit on them!”"
Num 11:31,H7307H,spirit: breath,wind,M59:Release & Reconciliation,H5203 (fall),"Then a wind from the Lord sprang up, and it brought quail from the sea and let them fall beside the camp, about a day’s journey on this side and a day’s journey on the other side, around the camp, and about two cubits above the ground."
Num 11:33,H1320,flesh,meat,M02:Anger & Wrath,"H0639G (anger),H2734 (kindled)","While the meat was yet between their teeth, before it was consumed, the anger of the Lord was kindled against the people, and the Lord struck down the people with a very great plague."
Num 11:4,H1320,flesh,meat,"M18:Desire & Longing,M03:Grief & Lament","H0183 (had),H8378 (craving),H1058 (wept)","Now the rabble that was among them had a strong craving. And the people of Israel also wept again and said, “Oh that we had meat to eat!"
Num 14:24,H7307G,spirit,spirit,M36:Worship & Service,H5650 (servant),"But my servant Caleb, because he has a different spirit and has followed me fully, I will bring into the land into which he went, and his descendants shall possess it."
Num 15:27,H5315J,soul: person,person,M56:Sin & Guilt,"H2398 (sins),H2403H (sin offering)","“ If one person sins unintentionally, he shall offer a female goat a year old for a sin offering."
Num 15:28,H5315J,soul: person,person,"M36:Worship & Service,M60:Confession & Forgiveness,M76:Walk & Conduct,M56:Sin & Guilt","H3548 (priest),H3722A (atonement),H7683 (mistake),H2398 (sins),H5545 (forgiven)","And the priest shall make atonement before the Lord for the person who makes a mistake, when he sins unintentionally, to make atonement for him, and he shall be forgiven."
Num 15:30,H5315J,soul: person,person,"M22:Praise & Song,M58:Wickedness","H7311A (high),H1442 (reviles)","But the person who does anything with a high hand, whether he is native or a sojourner, reviles the Lord, and that person shall be cut off from among his people."
Num 15:30,H5315J,soul: person,person,"M22:Praise & Song,M58:Wickedness","H7311A (high),H1442 (reviles)","But the person who does anything with a high hand, whether he is native or a sojourner, reviles the Lord, and that person shall be cut off from among his people."
Num 15:31,H5315J,soul: person,person,"M30:Rebellion & Stubbornness,M65:Speech & Tongue,M54:Torah & Obedience,M56:Sin & Guilt","H0959 (despised),H1697G (word),H4687 (commandment),H5771G (iniquity)","Because he has despised the word of the Lord and has broken his commandment, that person shall be utterly cut off; his iniquity shall be on him.”"
Num 15:39,H3824,heart,heart,"M81:Memory (act),M54:Torah & Obedience,M28:Envy & Greed","H2142 (remember),H4687 (commandments),H2181 (whore)","And it shall be a tassel for you to look at and remember all the commandments of the Lord, to do them, not to follow after your own heart and your own eyes, which you are inclined to whore after."
Num 16:22,H7307G,spirit,spirits,"M56:Sin & Guilt,M02:Anger & Wrath","H2398 (sin),H7107 (angry)","And they fell on their faces and said, “O God, the God of the spirits of all flesh, shall one man sin, and will you be angry with all the congregation?”"
Num 16:22,H1320,flesh,flesh,"M56:Sin & Guilt,M02:Anger & Wrath","H2398 (sin),H7107 (angry)","And they fell on their faces and said, “O God, the God of the spirits of all flesh, shall one man sin, and will you be angry with all the congregation?”"
Num 16:28,H3820A,heart,accord,M15:Knowing & Understanding,H3045 (know),"And Moses said, “ Hereby you shall know that the Lord has sent me to do all these works, and that it has not been of my own accord."
Num 16:38,H5315H,soul: life,lives,"M56:Sin & Guilt,M61:Purity & Holiness,M43:Prophecy & Vision","H2400 (sinned),H6942G (holy),H0226H (sign)","As for the censers of these men who have sinned at the cost of their lives, let them be made into hammered plates as a covering for the altar, for they offered them before the Lord, and they became holy. Thus they shall be a sign to the people of Israel.”"
Num 18:15,H1320,flesh,flesh,"M37:Firstborn & Foreknowledge,M79:Salvation & Ransom,M10c:Defilement","H6363A (opens),H1060 (firstborn),H6299 (shall),H6299 (redeem),H2931 (unclean)","Everything that opens the womb of all flesh, whether man or beast, which they offer to the Lord, shall be yours. Nevertheless, the firstborn of man you shall redeem, and the firstborn of unclean animals you shall redeem."
Num 19:11,H5315M,soul: dead,body,M10c:Defilement,H2930A (unclean),“Whoever touches the dead body of any person shall be unclean seven days.
Num 19:13,H5315M,soul: dead,body,"M56:Sin & Guilt,M10c:Defilement","H2398 (cleanse),H2930A (defiles),H5079 (impurity),H2931 (unclean),H2932 (uncleanness)","Whoever touches a dead person, the body of anyone who has died, and does not cleanse himself, defiles the tabernacle of the Lord, and that person shall be cut off from Israel; because the water for impurity was not thrown on him, he shall be unclean. His uncleanness is still on him."
Num 19:13,H5315J,soul: person,person,"M56:Sin & Guilt,M10c:Defilement","H2398 (cleanse),H2930A (defiles),H5079 (impurity),H2931 (unclean),H2932 (uncleanness)","Whoever touches a dead person, the body of anyone who has died, and does not cleanse himself, defiles the tabernacle of the Lord, and that person shall be cut off from Israel; because the water for impurity was not thrown on him, he shall be unclean. His uncleanness is still on him."
Num 19:18,H5315J,soul: person,persons,M12:Righteousness & Integrity,H2889 (clean),"Then a clean person shall take hyssop and dip it in the water and sprinkle it on the tent and on all the furnishings and on the persons who were there and on whoever touched the bone, or the slain or the dead or the grave."
Num 19:20,H5315J,soul: person,person,"M10c:Defilement,M56:Sin & Guilt,M44:Covenant & Fellowship","H2930A (unclean),H2398 (cleanse),H6951 (assembly),H2930A (defiled),H5079 (impurity),H2931 (unclean)","“If the man who is unclean does not cleanse himself, that person shall be cut off from the midst of the assembly, since he has defiled the sanctuary of the Lord. Because the water for impurity has not been thrown on him, he is unclean."
Num 19:22,H5315J,soul: person,anyone,M10c:Defilement,"H2931 (unclean),H2930A (unclean)","And whatever the unclean person touches shall be unclean, and anyone who touches it shall be unclean until evening.”"
Num 19:5,H1320,flesh,flesh,M30:Rebellion & Stubbornness,H6569 (dung),"And the heifer shall be burned in his sight. Its skin, its flesh, and its blood, with its dung, shall be burned."
Num 19:7,H1320,flesh,body,"M36:Worship & Service,M10c:Defilement","H3548 (priest),H2930A (unclean)","Then the priest shall wash his clothes and bathe his body in water, and afterward he may come into the camp. But the priest shall be unclean until evening."
Num 19:8,H1320,flesh,body,M10c:Defilement,H2930A (unclean),The one who burns the heifer shall wash his clothes in water and bathe his body in water and shall be unclean until evening.
Num 21:5,H5315I,soul: myself,we,"M42:Prayer & Petition,M06:Malice & Enmity","H1696G (spoke),H6973 (loathe)","And the people spoke against God and against Moses, “ Why have you brought us up out of Egypt to die in the wilderness? For there is no food and no water, and we loathe this worthless food.”"
Num 23:10,H5315I,soul: myself,die,"M26:Judgment & Condemnation,M12:Righteousness & Integrity","H4487 (count),H3477G (upright)","Who can count the dust of Jacob or number the fourth part of Israel? Let me die the death of the upright, and let my end be like his!”"
Num 24:13,H3820A,heart,will,"M23:Strength & Courage,M56:Sin & Guilt,M65:Speech & Tongue,M58:Wickedness,M42:Prayer & Petition","H3201 (able),H5674D (go beyond),H6310I (word),H7451A (bad),H1696G (speaks),H1696G (speak)","‘ If Balak should give me his house full of silver and gold, I would not be able to go beyond the word of the Lord, to do either good or bad of my own will. What the Lord speaks, that will I speak ’?"
Num 27:11,H7607,flesh,kinsman,"M46:Wealth & Riches,M12:Righteousness & Integrity","H5159 (inheritance),H4941G (rule)","And if his father has no brothers, then you shall give his inheritance to the nearest kinsman of his clan, and he shall possess it. And it shall be for the people of Israel a statute and rule, as the Lord commanded Moses.’”"
Num 27:18,H7307G,spirit,Spirit,"M70:Lifting & Bearing,M72:Authority & Dominion","H5564 (lay),H3027H (hand)","So the Lord said to Moses, “ Take Joshua the son of Nun, a man in whom is the Spirit, and lay your hand on him."
Num 29:7,H5315I,soul: myself,yourselves,"M61:Purity & Holiness,M44:Covenant & Fellowship,M24:Faintness & Despair","H6944G (holy),H4744 (convocation),H6031B (afflict)","“On the tenth day of this seventh month you shall have a holy convocation and afflict yourselves. You shall do no work,"
Num 30:11,H5315I,soul: myself,herself,"M41:Being Heard,M33:Rest & Peace","H8085G (heard),H2790B (said nothing)","and her husband heard of it and said nothing to her and did not oppose her, then all her vows shall stand, and every pledge by which she bound herself shall stand."
Num 30:12,H5315I,soul: myself,herself,"M41:Being Heard,M60:Confession & Forgiveness","H8085G (hears),H5545 (forgive)","But if her husband makes them null and void on the day that he hears them, then whatever proceeds out of her lips concerning her vows or concerning her pledge of herself shall not stand. Her husband has made them void, and the Lord will forgive her."
Num 30:13,H5315I,soul: myself,herself,M24:Faintness & Despair,H6031B (afflict),"Any vow and any binding oath to afflict herself, her husband may establish, or her husband may make void."
Num 30:2,H5315I,soul: myself,himself,M65:Speech & Tongue,H1697G (word),"If a man vows a vow to the Lord, or swears an oath to bind himself by a pledge, he shall not break his word. He shall do according to all that proceeds out of his mouth."
Num 30:4,H5315I,soul: myself,herself,"M41:Being Heard,M33:Rest & Peace","H8085G (hears),H2790B (her)","and her father hears of her vow and of her pledge by which she has bound herself and says nothing to her, then all her vows shall stand, and every pledge by which she has bound herself shall stand."
Num 30:4,H5315I,soul: myself,herself,"M41:Being Heard,M33:Rest & Peace","H8085G (hears),H2790B (her)","and her father hears of her vow and of her pledge by which she has bound herself and says nothing to her, then all her vows shall stand, and every pledge by which she has bound herself shall stand."
Num 30:5,H5315I,soul: myself,herself,"M41:Being Heard,M60:Confession & Forgiveness","H8085G (hears),H5545 (forgive)","But if her father opposes her on the day that he hears of it, no vow of hers, no pledge by which she has bound herself shall stand. And the Lord will forgive her, because her father opposed her."
Num 30:7,H5315I,soul: myself,herself,"M41:Being Heard,M33:Rest & Peace","H8085G (hears),H2790B (on)","and her husband hears of it and says nothing to her on the day that he hears, then her vows shall stand, and her pledges by which she has bound herself shall stand."
Num 30:8,H5315I,soul: myself,herself,"M41:Being Heard,M60:Confession & Forgiveness","H8085G (hear),H5545 (forgive)","But if, on the day that her husband comes to hear of it, he opposes her, then he makes void her vow that was on her, and the thoughtless utterance of her lips by which she bound herself. And the Lord will forgive her."
Num 31:19,H5315J,soul: person,person,M56:Sin & Guilt,H2398 (purify),"Encamp outside the camp seven days. Whoever of you has killed any person and whoever has touched any slain, purify yourselves and your captives on the third day and on the seventh day."
Num 31:28,H5315J,soul: person,one,"M22:Praise & Song,M10:Violence & Cruelty","H7311A (levy),H4421 (war)","And levy for the Lord a tribute from the men of war who went out to battle, one out of five hundred, of the people and of the oxen and of the donkeys and of the flocks."
Num 31:35,H5315J,soul: person,"32,000",M15:Knowing & Understanding,H3045 (known),"and 32,000 persons in all, women who had not known man by lying with him."
Num 31:35,H5315J,soul: person,persons,M15:Knowing & Understanding,H3045 (known),"and 32,000 persons in all, women who had not known man by lying with him."
Num 31:50,H5315I,soul: myself,ourselves,M60:Confession & Forgiveness,H3722A (atonement),"And we have brought the Lord’s offering, what each man found, articles of gold, armlets and bracelets, signet rings, earrings, and beads, to make atonement for ourselves before the Lord.”"
Num 35:11,H5315J,soul: person,person,M19:Trust & Refuge,H4733 (refuge),"then you shall select cities to be cities of refuge for you, that the manslayer who kills any person without intent may flee there."
Num 35:15,H5315J,soul: person,person,M19:Trust & Refuge,H4733 (refuge),"These six cities shall be for refuge for the people of Israel, and for the stranger and for the sojourner among them, that anyone who kills any person without intent may flee there."
Num 35:30,H5315J,soul: person,person,M65:Speech & Tongue,H6310I (evidence),"“If anyone kills a person, the murderer shall be put to death on the evidence of witnesses. But no person shall be put to death on the testimony of one witness."
Num 35:30,H5315J,soul: person,person,M65:Speech & Tongue,H6310I (evidence),"“If anyone kills a person, the murderer shall be put to death on the evidence of witnesses. But no person shall be put to death on the testimony of one witness."
Num 35:31,H5315H,soul: life,life,M58:Wickedness,H7563 (guilty),"Moreover, you shall accept no ransom for the life of a murderer, who is guilty of death, but he shall be put to death."
Num 5:14,H7307G,spirit,spirit,"M18:Desire & Longing,M10c:Defilement","H7068 (jealousy),H7065 (jealous),H2930A (defiled)","and if the spirit of jealousy comes over him and he is jealous of his wife who has defiled herself, or if the spirit of jealousy comes over him and he is jealous of his wife, though she has not defiled herself,"
Num 5:14,H7307G,spirit,spirit,"M18:Desire & Longing,M10c:Defilement","H7068 (jealousy),H7065 (jealous),H2930A (defiled)","and if the spirit of jealousy comes over him and he is jealous of his wife who has defiled herself, or if the spirit of jealousy comes over him and he is jealous of his wife, though she has not defiled herself,"
Num 5:2,H5315M,soul: dead,dead,"M73:Sickness & Weakness,M10c:Defilement","H6879 (leprous),H2931 (unclean)",“ Command the people of Israel that they put out of the camp everyone who is leprous or has a discharge and everyone who is unclean through contact with the dead.
Num 5:30,H7307G,spirit,spirit,"M18:Desire & Longing,M36:Worship & Service,M54:Torah & Obedience","H7068 (jealousy),H7065 (jealous),H3548 (priest),H8451 (law)","or when the spirit of jealousy comes over a man and he is jealous of his wife. Then he shall set the woman before the Lord, and the priest shall carry out for her all this law."
Num 5:6,H5315J,soul: person,person,"M42:Prayer & Petition,M56:Sin & Guilt,M57:Corruption & Perversion","H1696G (Speak),H2403B (sins),H4603 (breaking),H4604 (faith),H0816 (guilt)","“ Speak to the people of Israel, When a man or woman commits any of the sins that people commit by breaking faith with the Lord, and that person realizes his guilt,"
Num 6:11,H5315M,soul: dead,dead body,"M36:Worship & Service,M56:Sin & Guilt,M60:Confession & Forgiveness,M61:Purity & Holiness","H3548 (priest),H2403H (sin offering),H5930A (burnt offering),H3722A (atonement),H2398 (sinned),H6942G (consecrate)","and the priest shall offer one for a sin offering and the other for a burnt offering, and make atonement for him, because he sinned by reason of the dead body. And he shall consecrate his head that same day"
Num 8:7,H1320,flesh,body,"M12:Righteousness & Integrity,M56:Sin & Guilt","H2891 (cleanse),H2403I (purification)","Thus you shall do to them to cleanse them: sprinkle the water of purification upon them, and let them go with a razor over all their body, and wash their clothes and cleanse themselves."
Num 9:10,H5315M,soul: dead,dead body,"M42:Prayer & Petition,M10c:Defilement","H1696G (Speak),H2931 (unclean)","“ Speak to the people of Israel, saying, If any one of you or of your descendants is unclean through touching a dead body, or is on a long journey, he shall still keep the Passover to the Lord."
Num 9:13,H5315J,soul: person,person,"M12:Righteousness & Integrity,M56:Sin & Guilt","H2889 (clean),H5375J (bear),H2399 (sin)","But if anyone who is clean and is not on a journey fails to keep the Passover, that person shall be cut off from his people because he did not bring the Lord’s offering at its appointed time; that man shall bear his sin."
Num 9:6,H5315M,soul: dead,dead body,"M10c:Defilement,M23:Strength & Courage","H2931 (unclean),H3201 (could)","And there were certain men who were unclean through touching a dead body, so that they could not keep the Passover on that day, and they came before Moses and Aaron on that day."
Num 9:7,H5315M,soul: dead,dead body,M10c:Defilement,H2931 (unclean),"And those men said to him, “ We are unclean through touching a dead body. Why are we kept from bringing the Lord’s offering at its appointed time among the people of Israel?”"
Obd 3,H3820A,heart,heart,"M08:Pride & Arrogance,M14:Deceit & Falsehood","H2087 (pride),H5377 (deceived),H4791 (lofty)","The pride of your heart has deceived you, you who live in the clefts of the rock, in your lofty dwelling, who say in your heart, “ Who will bring me down to the ground?”"
Obd 3,H3820A,heart,heart,"M08:Pride & Arrogance,M14:Deceit & Falsehood","H2087 (pride),H5377 (deceived),H4791 (lofty)","The pride of your heart has deceived you, you who live in the clefts of the rock, in your lofty dwelling, who say in your heart, “ Who will bring me down to the ground?”"
Phile 16,G4561,flesh,flesh,"M78:Slavery & Bondage,M14:Deceit & Falsehood","G1401 (bondservant),G0080 (brother)","no longer as a bondservant but more than a bondservant, as a beloved brother — especially to me, but how much more to you, both in the flesh and in the Lord."
Phile 25,G4151G,spirit/breath: spirit,spirit,M50:Grace & Mercy,G5485 (grace),The grace of the Lord Jesus Christ be with your spirit.
Phili 1:19,G4151G,spirit/breath: spirit,Spirit,"M15:Knowing & Understanding,M42:Prayer & Petition,M79:Salvation & Ransom","G6063 (know),G1162 (prayers),G4991 (deliverance)","for I know that through your prayers and the help of the Spirit of Jesus Christ this will turn out for my deliverance,"
Phili 1:22,G4561,flesh,flesh,"M25:Life & Death,M64:Will & Resolve","G2198 (live),G0138 (choose)","If I am to live in the flesh, that means fruitful labor for me. Yet which I shall choose I cannot tell."
Phili 1:27,G4151G,spirit/breath: spirit,spirit,"M44:Covenant & Fellowship,M13:Faith & Faithfulness","G4866 (side),G4102G (faith)","Only let your manner of life be worthy of the gospel of Christ, so that whether I come and see you or am absent, I may hear of you that you are standing firm in one spirit, with one mind striving side by side for the faith of the gospel,"
Phili 1:27,G5590G,soul,mind,"M44:Covenant & Fellowship,M13:Faith & Faithfulness","G4866 (side),G4102G (faith)","Only let your manner of life be worthy of the gospel of Christ, so that whether I come and see you or am absent, I may hear of you that you are standing firm in one spirit, with one mind striving side by side for the faith of the gospel,"
Phili 1:7,G2588,heart,heart,"M12:Righteousness & Integrity,M63:Reasoning & Interpretation,M50:Grace & Mercy,M62:Truth & Sincerity","G1342 (right),G5426 (feel),G5485 (grace),G0951 (confirmation)","It is right for me to feel this way about you all, because I hold you in my heart, for you are all partakers with me of grace, both in my imprisonment and in the defense and confirmation of the gospel."
Phili 2:1,G4151G,spirit/breath: spirit,Spirit,"M52:Encouragement,M45:Renewal & Transformation,M51:Love & Devotion,M05:Kindness & Friendship,M50:Grace & Mercy","G3874 (encouragement),G3890 (comfort),G0026 (love),G2842 (participation),G3628 (sympathy)","So if there is any encouragement in Christ, any comfort from love, any participation in the Spirit, any affection and sympathy,"
Phili 2:30,G5590H,soul: life,life,M36:Worship & Service,G3009 (service),"for he nearly died for the work of Christ, risking his life to complete what was lacking in your service to me."
Phili 3:3,G4151G,spirit/breath: spirit,Spirit,"M32:Covenant,M36:Worship & Service,M08:Pride & Arrogance,M77:Stumbling & Trial","G4061 (circumcision),G3000 (worship),G2744 (glory),G3982 (confidence)","For we are the circumcision, who worship by the Spirit of God and glory in Christ Jesus and put no confidence in the flesh —"
Phili 3:3,G4561,flesh,flesh,"M32:Covenant,M36:Worship & Service,M08:Pride & Arrogance,M77:Stumbling & Trial","G4061 (circumcision),G3000 (worship),G2744 (glory),G3982 (confidence)","For we are the circumcision, who worship by the Spirit of God and glory in Christ Jesus and put no confidence in the flesh —"
Phili 3:4,G4561,flesh,flesh,"M19:Trust & Refuge,M15:Knowing & Understanding,M77:Stumbling & Trial","G4006 (confidence),G1380 (thinks),G3982 (confidence)","though I myself have reason for confidence in the flesh also. If anyone else thinks he has reason for confidence in the flesh, I have more:"
Phili 3:4,G4561,flesh,flesh,"M19:Trust & Refuge,M15:Knowing & Understanding,M77:Stumbling & Trial","G4006 (confidence),G1380 (thinks),G3982 (confidence)","though I myself have reason for confidence in the flesh also. If anyone else thinks he has reason for confidence in the flesh, I have more:"
Phili 4:7,G2588,heart,hearts,"M33:Rest & Peace,M23:Strength & Courage,M15:Knowing & Understanding","G1515 (peace),G5242 (surpasses),G3563 (understanding),G3540 (minds)","And the peace of God, which surpasses all understanding, will guard your hearts and your minds in Christ Jesus."
Pro 10:13,H3820A,heart,sense,"M15:Knowing & Understanding,M16:Wisdom & Folly,M18:Desire & Longing","H0995 (understanding),H2451 (wisdom),H2638 (lacks)","On the lips of him who has understanding, wisdom is found, but a rod is for the back of him who lacks sense."
Pro 10:20,H3820A,heart,heart,"M12:Righteousness & Integrity,M64:Will & Resolve,M58:Wickedness","H6662 (righteous),H0977 (choice),H7563 (wicked)",The tongue of the righteous is choice silver; the heart of the wicked is of little worth.
Pro 10:21,H3820A,heart,sense,"M12:Righteousness & Integrity,M16:Wisdom & Folly,M18:Desire & Longing","H6662 (righteous),H0191 (fools),H2638 (lack)","The lips of the righteous feed many, but fools die for lack of sense."
Pro 10:3,H5315L,soul: appetite,let the,"M12:Righteousness & Integrity,M18:Desire & Longing,M58:Wickedness","H6662 (righteous),H1942 (craving),H7563 (wicked)","The Lord does not let the righteous go hungry, but he thwarts the craving of the wicked."
Pro 10:8,H3820A,heart,heart,"M16:Wisdom & Folly,M54:Torah & Obedience,M55:Destruction & Ruin","H2450 (wise),H4687 (commandments),H0191 (fool),H3832 (ruin)","The wise of heart will receive commandments, but a babbling fool will come to ruin."
Pro 11:12,H3820A,heart,sense,"M30:Rebellion & Stubbornness,M18:Desire & Longing,M15:Knowing & Understanding,M33:Rest & Peace","H0936 (belittles),H2638 (lacks),H8394 (understanding),H2790B (silent)","Whoever belittles his neighbor lacks sense, but a man of understanding remains silent."
Pro 11:13,H7307G,spirit,spirit,"M14:Deceit & Falsehood,M16:Wisdom & Folly,M13:Faith & Faithfulness,M65:Speech & Tongue,M45:Renewal & Transformation","H7400 (goes about slandering),H5475 (secrets),H0539 (trustworthy),H1697I (thing),H3680 (covered)","Whoever goes about slandering reveals secrets, but he who is trustworthy in spirit keeps a thing covered."
Pro 11:17,H5315I,soul: myself,himself,"M50:Grace & Mercy,M10:Violence & Cruelty,M03:Grief & Lament","H2617A (kind),H0394 (cruel man),H5916 (hurts)","A man who is kind benefits himself, but a cruel man hurts himself."
Pro 11:17,H7607,flesh,himself,"M50:Grace & Mercy,M10:Violence & Cruelty,M03:Grief & Lament","H2617A (kind),H0394 (cruel man),H5916 (hurts)","A man who is kind benefits himself, but a cruel man hurts himself."
Pro 11:20,H3820A,heart,heart,"M14:Deceit & Falsehood,M58:Wickedness,M12:Righteousness & Integrity,M76:Walk & Conduct,M18:Desire & Longing","H6141 (crooked),H8441 (abomination),H8549H (blameless),H1870G (ways),H7522 (delight)","Those of crooked heart are an abomination to the Lord, but those of blameless ways are his delight."
Pro 11:25,H5315I,soul: myself,Whoever,"M80:Blessing,M46:Wealth & Riches","H1293 (blessing),H1878 (enriched)","Whoever brings blessing will be enriched, and one who waters will himself be watered."
Pro 11:29,H7307H,spirit: breath,wind,"M03:Grief & Lament,M16:Wisdom & Folly,M36:Worship & Service","H5916 (Whoever),H0191 (fool),H5650 (servant),H2450 (wise)","Whoever troubles his own household will inherit the wind, and the fool will be servant to the wise of heart."
Pro 11:29,H3820A,heart,heart,"M03:Grief & Lament,M16:Wisdom & Folly,M36:Worship & Service","H5916 (Whoever),H0191 (fool),H5650 (servant),H2450 (wise)","Whoever troubles his own household will inherit the wind, and the fool will be servant to the wise of heart."
Pro 11:30,H5315G,soul,souls,"M12:Righteousness & Integrity,M25:Life & Death,M16:Wisdom & Folly","H6662 (righteous),H2416E (life),H2450 (wise)","The fruit of the righteous is a tree of life, and whoever captures souls is wise."
Pro 12:10,H5315H,soul: life,life,"M12:Righteousness & Integrity,M15:Knowing & Understanding,M50:Grace & Mercy,M58:Wickedness,M10:Violence & Cruelty","H6662 (righteous),H3045 (regard),H7356B (mercy),H7563 (wicked),H0394 (cruel)","Whoever is righteous has regard for the life of his beast, but the mercy of the wicked is cruel."
Pro 12:11,H3820A,heart,sense,"M36:Worship & Service,M45:Renewal & Transformation,M18:Desire & Longing","H5647I (Whoever works),H7646 (plenty),H2638 (lacks)","Whoever works his land will have plenty of bread, but he who follows worthless pursuits lacks sense."
Pro 12:20,H3820A,heart,heart,"M14:Deceit & Falsehood,M06:Malice & Enmity,M58:Wickedness,M63:Reasoning & Interpretation,M33:Rest & Peace,M04:Joy & Gladness","H4820 (Deceit),H2790A (devise),H7451B (evil),H3289 (plan),H7965G (peace),H8057 (joy)","Deceit is in the heart of those who devise evil, but those who plan peace have joy."
Pro 12:23,H3820A,heart,heart,"M16:Wisdom & Folly,M45:Renewal & Transformation,M15:Knowing & Understanding,M42:Prayer & Petition","H6175 (prudent),H3680 (conceals),H1847 (knowledge),H3684 (fools),H7121I (proclaims),H0200 (folly)","A prudent man conceals knowledge, but the heart of fools proclaims folly."
Pro 12:25,H3820A,heart,heart,"M20:Doubt & Discouragement,M18:Desire & Longing,M65:Speech & Tongue,M04:Joy & Gladness","H1674 (Anxiety),H2896A (good),H1697G (word),H8055 (glad)","Anxiety in a man’s heart weighs him down, but a good word makes him glad."
Pro 12:8,H3820A,heart,mind,"M22:Praise & Song,M15:Knowing & Understanding,M57:Corruption & Perversion,M06:Malice & Enmity","H1984B (commended),H7922 (good sense),H5753A (twisted),H0937 (despised)","A man is commended according to his good sense, but one of twisted mind is despised."
Pro 13:12,H3820A,heart,heart,"M68:Hope & Waiting,M73:Sickness & Weakness,M18:Desire & Longing,M25:Life & Death","H8431 (Hope),H2470H (sick),H8378 (desire),H2416E (life)","Hope deferred makes the heart sick, but a desire fulfilled is a tree of life."
Pro 13:19,H5315G,soul,soul,"M18:Desire & Longing,M04:Joy & Gladness,M11:Turning & Repentance,M58:Wickedness,M16:Wisdom & Folly","H8378 (desire),H6149 (sweet),H5493H (turn away),H7451H (evil),H8441 (abomination),H3684 (fools)","A desire fulfilled is sweet to the soul, but to turn away from evil is an abomination to fools."
Pro 13:2,H5315L,soul: appetite,desire,"M05:Kindness & Friendship,M14:Deceit & Falsehood,M10:Violence & Cruelty","H2896B (good),H0898 (treacherous),H2555 (violence)","From the fruit of his mouth a man eats what is good, but the desire of the treacherous is for violence."
Pro 13:25,H5315L,soul: appetite,appetite,"M12:Righteousness & Integrity,M58:Wickedness","H6662 (righteous),H7563 (wicked)","The righteous has enough to satisfy his appetite, but the belly of the wicked suffers want."
Pro 13:3,H5315H,soul: life,life,"M74:Keeping & Guarding,M01:Fear & Awe","H5341 (Whoever guards),H8104H (preserves),H4288 (ruin)",Whoever guards his mouth preserves his life; he who opens wide his lips comes to ruin.
Pro 13:4,H5315G,soul,soul,"M24:Faintness & Despair,M18:Desire & Longing,M46:Wealth & Riches","H6102 (sluggard),H0183 (craves),H1878 (richly supplied)","The soul of the sluggard craves and gets nothing, while the soul of the diligent is richly supplied."
Pro 13:4,H5315G,soul,soul,"M24:Faintness & Despair,M18:Desire & Longing,M46:Wealth & Riches","H6102 (sluggard),H0183 (craves),H1878 (richly supplied)","The soul of the sluggard craves and gets nothing, while the soul of the diligent is richly supplied."
Pro 13:8,H5315H,soul: life,life,"M46:Wealth & Riches,M09:Humility & Lowliness,M41:Being Heard","H6239 (wealth),H7326 (poor),H8085G (hears)","The ransom of a man’s life is his wealth, but a poor man hears no threat."
Pro 14:10,H3820A,heart,heart,"M15:Knowing & Understanding,M03:Grief & Lament,M04:Joy & Gladness","H3045 (knows),H4787 (bitterness),H8057 (joy)","The heart knows its own bitterness, and no stranger shares its joy."
Pro 14:10,H5315I,soul: myself,own,"M15:Knowing & Understanding,M03:Grief & Lament,M04:Joy & Gladness","H3045 (knows),H4787 (bitterness),H8057 (joy)","The heart knows its own bitterness, and no stranger shares its joy."
Pro 14:13,H3820A,heart,heart,"M24:Faintness & Despair,M04:Joy & Gladness,M03:Grief & Lament","H3510 (ache),H8057 (joy),H8424 (grief)","Even in laughter the heart may ache, and the end of joy may be grief."
Pro 14:14,H3820A,heart,heart,"M45:Renewal & Transformation,M76:Walk & Conduct,M18:Desire & Longing","H7646 (filled),H1870G (ways),H2896A (good)","The backslider in heart will be filled with the fruit of his ways, and a good man will be filled with the fruit of his ways."
Pro 14:25,H5315H,soul: life,lives,"M13:Faith & Faithfulness,M45:Renewal & Transformation,M25:Life & Death,M14:Deceit & Falsehood","H0571H (truthful),H5337 (saves),H6315 (breathes out),H3577 (lies),H4820 (deceitful)","A truthful witness saves lives, but one who breathes out lies is deceitful."
Pro 14:29,H7307J,spirit: temper,temper,"M02:Anger & Wrath,M15:Knowing & Understanding,M22:Praise & Song,M16:Wisdom & Folly","H0639G (anger),H8394 (understanding),H7311A (exalts),H0200 (folly)","Whoever is slow to anger has great understanding, but he who has a hasty temper exalts folly."
Pro 14:30,H3820A,heart,heart,"M25:Life & Death,M18:Desire & Longing","H2416E (life),H7068 (envy)","A tranquil heart gives life to the flesh, but envy makes the bones rot."
Pro 14:30,H1320,flesh,flesh,"M25:Life & Death,M18:Desire & Longing","H2416E (life),H7068 (envy)","A tranquil heart gives life to the flesh, but envy makes the bones rot."
Pro 14:33,H3820A,heart,heart,"M16:Wisdom & Folly,M33:Rest & Peace,M15:Knowing & Understanding","H2451 (Wisdom),H5117 (rests),H0995 (understanding),H3045 (known),H3684 (fools)","Wisdom rests in the heart of a man of understanding, but it makes itself known even in the midst of fools."
Pro 15:13,H3820A,heart,heart,"M04:Joy & Gladness,M05:Kindness & Friendship,M10:Violence & Cruelty","H8056 (glad),H3190 (cheerful),H6094 (sorrow)","A glad heart makes a cheerful face, but by sorrow of heart the spirit is crushed."
Pro 15:13,H3820A,heart,heart,"M04:Joy & Gladness,M05:Kindness & Friendship,M10:Violence & Cruelty","H8056 (glad),H3190 (cheerful),H6094 (sorrow)","A glad heart makes a cheerful face, but by sorrow of heart the spirit is crushed."
Pro 15:13,H7307G,spirit,spirit,"M04:Joy & Gladness,M05:Kindness & Friendship,M10:Violence & Cruelty","H8056 (glad),H3190 (cheerful),H6094 (sorrow)","A glad heart makes a cheerful face, but by sorrow of heart the spirit is crushed."
Pro 15:14,H3820A,heart,heart,"M15:Knowing & Understanding,M83:Seeking & Inquiring,M16:Wisdom & Folly","H0995 (understanding),H1245 (seeks),H1847 (knowledge),H3684 (fools),H0200 (folly)","The heart of him who has understanding seeks knowledge, but the mouths of fools feed on folly."
Pro 15:15,H3820A,heart,heart,"M24:Faintness & Despair,M58:Wickedness,M18:Desire & Longing","H6041 (afflicted),H7451H (evil),H2896A (cheerful)","All the days of the afflicted are evil, but the cheerful of heart has a continual feast."
Pro 15:21,H3820A,heart,sense,"M16:Wisdom & Folly,M04:Joy & Gladness,M18:Desire & Longing,M15:Knowing & Understanding","H0200 (Folly),H8057 (joy),H2638 (lacks),H8394 (understanding)","Folly is a joy to him who lacks sense, but a man of understanding walks straight ahead."
Pro 15:28,H3820A,heart,heart,"M12:Righteousness & Integrity,M84:Outcry & Shouting,M58:Wickedness","H6662 (righteous),H1897 (ponders),H7563 (wicked),H7451H (evil things)","The heart of the righteous ponders how to answer, but the mouth of the wicked pours out evil things."
Pro 15:30,H3820A,heart,heart,"M04:Joy & Gladness,M18:Desire & Longing,M82:Reminder & Report,M46:Wealth & Riches","H8055 (rejoices),H2896A (good),H8052 (news),H1878 (refreshes)","The light of the eyes rejoices the heart, and good news refreshes the bones."
Pro 15:32,H5315I,soul: myself,himself,"M16:Wisdom & Folly,M30:Rebellion & Stubbornness,M41:Being Heard","H4148G (instruction),H3988A (despises),H8085G (listens)","Whoever ignores instruction despises himself, but he who listens to reproof gains intelligence."
Pro 15:32,H3820A,heart,intelligence,"M16:Wisdom & Folly,M30:Rebellion & Stubbornness,M41:Being Heard","H4148G (instruction),H3988A (despises),H8085G (listens)","Whoever ignores instruction despises himself, but he who listens to reproof gains intelligence."
Pro 15:4,H7307G,spirit,spirit,"M25:Life & Death,M14:Deceit & Falsehood,M24:Faintness & Despair","H2416E (life),H5558 (perverseness),H7667 (breaks)","A gentle tongue is a tree of life, but perverseness in it breaks the spirit."
Pro 15:7,H3820A,heart,hearts,"M16:Wisdom & Folly,M15:Knowing & Understanding","H2450 (wise),H1847 (knowledge),H3684 (fools)",The lips of the wise spread knowledge; not so the hearts of fools.
Pro 16:1,H3820A,heart,heart,M41:Being Heard,H4617 (answer),"The plans of the heart belong to man, but the answer of the tongue is from the Lord."
Pro 16:17,H5315H,soul: life,life,"M12:Righteousness & Integrity,M11:Turning & Repentance,M58:Wickedness,M74:Keeping & Guarding,M76:Walk & Conduct","H3477G (upright),H5493H (turns aside),H7451H (evil),H5341 (whoever guards),H1870G (way),H8104H (preserves)",The highway of the upright turns aside from evil; whoever guards his way preserves his life.
Pro 16:18,H7307G,spirit,spirit,"M08:Pride & Arrogance,M24:Faintness & Despair,M77:Stumbling & Trial","H1347 (Pride),H7667 (destruction),H1363 (haughty),H3783 (fall)","Pride goes before destruction, and a haughty spirit before a fall."
Pro 16:19,H7307G,spirit,spirit,"M18:Desire & Longing,M53:Dishonor & Disgrace,M09:Humility & Lowliness,M08:Pride & Arrogance","H2896A (better),H8213 (lowly),H6035 (poor),H1343 (proud)",It is better to be of a lowly spirit with the poor than to divide the spoil with the proud.
Pro 16:2,H7307G,spirit,spirit,"M76:Walk & Conduct,M12:Righteousness & Integrity","H1870G (ways),H2134 (pure)","All the ways of a man are pure in his own eyes, but the Lord weighs the spirit."
Pro 16:21,H3820A,heart,heart,"M16:Wisdom & Folly,M42:Prayer & Petition,M15:Knowing & Understanding","H2450 (wise),H7121G (called),H0995 (discerning)","The wise of heart is called discerning, and sweetness of speech increases persuasiveness."
Pro 16:23,H3820A,heart,heart,"M16:Wisdom & Folly,M65:Speech & Tongue","H2450 (wise),H6310I (speech),H7919A (judicious)",The heart of the wise makes his speech judicious and adds persuasiveness to his lips.
Pro 16:24,H5315G,soul,soul,"M18:Desire & Longing,M65:Speech & Tongue","H5278 (Gracious),H0561 (words)","Gracious words are like a honeycomb, sweetness to the soul and health to the body."
Pro 16:26,H5315L,soul: appetite,appetite,"M24:Faintness & Despair,M18:Desire & Longing","H6001A (worker’s),H0404 (urges)",A worker’s appetite works for him; his mouth urges him on.
Pro 16:32,H7307G,spirit,spirit,"M02:Anger & Wrath,M18:Desire & Longing,M72:Authority & Dominion","H0639G (anger),H2896A (better),H4910 (rules)","Whoever is slow to anger is better than the mighty, and he who rules his spirit than he who takes a city."
Pro 16:5,H3820A,heart,heart,"M08:Pride & Arrogance,M58:Wickedness,M61:Purity & Holiness","H1364 (arrogant),H8441 (abomination),H5352 (go unpunished)","Everyone who is arrogant in heart is an abomination to the Lord; be assured, he will not go unpunished."
Pro 16:9,H3820A,heart,heart,M64:Will & Resolve,H2803I (plans),"The heart of man plans his way, but the Lord establishes his steps."
Pro 17:16,H3820A,heart,sense,M16:Wisdom & Folly,"H3684 (fool),H2451 (wisdom)",Why should a fool have money in his hand to buy wisdom when he has no sense?
Pro 17:18,H3820A,heart,sense,M18:Desire & Longing,H2638 (lacks),One who lacks sense gives a pledge and puts up security in the presence of his neighbor.
Pro 17:20,H3820A,heart,heart,"M14:Deceit & Falsehood,M05:Kindness & Friendship,M24:Faintness & Despair","H6141 (crooked),H2896B (good),H7451C (calamity)","A man of crooked heart does not discover good, and one with a dishonest tongue falls into calamity."
Pro 17:22,H3820A,heart,heart,"M04:Joy & Gladness,M05:Kindness & Friendship,M24:Faintness & Despair","H8056 (joyful),H3190 (good),H3001 (dries up)","A joyful heart is good medicine, but a crushed spirit dries up the bones."
Pro 17:22,H7307G,spirit,spirit,"M04:Joy & Gladness,M05:Kindness & Friendship,M24:Faintness & Despair","H8056 (joyful),H3190 (good),H3001 (dries up)","A joyful heart is good medicine, but a crushed spirit dries up the bones."
Pro 17:27,H7307J,spirit: temper,spirit,"M65:Speech & Tongue,M15:Knowing & Understanding,M18:Desire & Longing","H0561 (words),H3045 (has),H1847 (knowledge),H3368 (cool),H8394 (understanding)","Whoever restrains his words has knowledge, and he who has a cool spirit is a man of understanding."
Pro 17:3,H3826,heart,hearts,M35:Being Tested,H0974 (tests),"The crucible is for silver, and the furnace is for gold, and the Lord tests hearts."
Pro 18:12,H3820A,heart,heart,"M24:Faintness & Despair,M08:Pride & Arrogance,M05:Kindness & Friendship,M22:Praise & Song","H7667 (destruction),H1361 (haughty),H6038 (humility),H3519 (honor)","Before destruction a man’s heart is haughty, but humility comes before honor."
Pro 18:15,H3820A,heart,heart,"M15:Knowing & Understanding,M16:Wisdom & Folly,M83:Seeking & Inquiring","H0995 (intelligent),H1847 (knowledge),H2450 (wise),H1245 (seeks)","An intelligent heart acquires knowledge, and the ear of the wise seeks knowledge."
Pro 18:2,H3820A,heart,opinion,"M16:Wisdom & Folly,M18:Desire & Longing,M15:Knowing & Understanding","H3684 (fool),H2654A (pleasure),H8394 (understanding)","A fool takes no pleasure in understanding, but only in expressing his opinion."
Pro 18:7,H5315G,soul,soul,"M16:Wisdom & Folly,M01:Fear & Awe","H3684 (fool’s),H4288 (ruin)","A fool’s mouth is his ruin, and his lips are a snare to his soul."
Pro 19:15,H5315J,soul: person,person,"M24:Faintness & Despair,M14:Deceit & Falsehood","H6103 (Slothfulness),H7423B (idle)","Slothfulness casts into a deep sleep, and an idle person will suffer hunger."
Pro 19:16,H5315H,soul: life,life,"M74:Keeping & Guarding,M54:Torah & Obedience,M30:Rebellion & Stubbornness,M76:Walk & Conduct","H8104G (keeps),H4687 (commandment),H8104H (keeps),H0959 (despises),H1870G (ways)",Whoever keeps the commandment keeps his life; he who despises his ways will die.
Pro 19:18,H5315G,soul,heart,"M68:Hope & Waiting,M19:Trust & Refuge","H8615B (hope),H5375O (putting)","Discipline your son, for there is hope; do not set your heart on putting him to death."
Pro 19:2,H5315J,soul: person,Desire,"M15:Knowing & Understanding,M18:Desire & Longing,M56:Sin & Guilt","H1847 (knowledge),H2896A (good),H2398 (way)","Desire without knowledge is not good, and whoever makes haste with his feet misses his way."
Pro 19:21,H3820A,heart,mind,"M06:Malice & Enmity,M16:Wisdom & Folly","H4284 (plans),H6098 (purpose)","Many are the plans in the mind of a man, but it is the purpose of the Lord that will stand."
Pro 19:3,H3820A,heart,heart,"M16:Wisdom & Folly,M76:Walk & Conduct,M57:Corruption & Perversion,M02:Anger & Wrath","H0200 (folly),H1870G (way),H5557 (ruin),H2196 (rages)","When a man’s folly brings his way to ruin, his heart rages against the Lord."
Pro 19:8,H3820A,heart,sense,"M51:Love & Devotion,M74:Keeping & Guarding,M15:Knowing & Understanding,M05:Kindness & Friendship","H0157G (loves),H8104H (keeps),H8394 (understanding),H2896B (good)",Whoever gets sense loves his own soul; he who keeps understanding will discover good.
Pro 19:8,H5315G,soul,soul,"M51:Love & Devotion,M74:Keeping & Guarding,M15:Knowing & Understanding,M05:Kindness & Friendship","H0157G (loves),H8104H (keeps),H8394 (understanding),H2896B (good)",Whoever gets sense loves his own soul; he who keeps understanding will discover good.
Pro 1:19,H5315H,soul: life,life,"M18:Desire & Longing,M12:Righteousness & Integrity","H1214I (greedy),H1215 (unjust gain)",Such are the ways of everyone who is greedy for unjust gain; it takes away the life of its possessors.
Pro 1:23,H7307G,spirit,spirit,"M11:Turning & Repentance,M65:Speech & Tongue,M15:Knowing & Understanding","H7725O (turn),H1697G (words),H3045 (known)","If you turn at my reproof, behold, I will pour out my spirit to you; I will make my words known to you."
Pro 20:2,H5315H,soul: life,life,"M01:Fear & Awe,M72:Authority & Dominion,M84:Outcry & Shouting,M02:Anger & Wrath,M56:Sin & Guilt","H0367 (terror),H4428G (king),H5099 (growling),H5674B (anger),H2398 (forfeits)",The terror of a king is like the growling of a lion; whoever provokes him to anger forfeits his life.
Pro 20:5,H3820A,heart,heart,"M16:Wisdom & Folly,M15:Knowing & Understanding","H6098 (purpose),H8394 (understanding)","The purpose in a man’s heart is like deep water, but a man of understanding will draw it out."
Pro 20:9,H3820A,heart,heart,"M12:Righteousness & Integrity,M56:Sin & Guilt","H2135 (pure),H2891 (clean),H2403B (sin)","Who can say, “I have made my heart pure; I am clean from my sin ”?"
Pro 21:1,H3820A,heart,heart,"M72:Authority & Dominion,M18:Desire & Longing","H4428G (king’s),H2654A (will)",The king’s heart is a stream of water in the hand of the Lord; he turns it wherever he will.
Pro 21:10,H5315G,soul,soul,"M58:Wickedness,M18:Desire & Longing,M50:Grace & Mercy","H7563 (wicked),H0183 (desires),H7451B (evil),H2603A (mercy)",The soul of the wicked desires evil; his neighbor finds no mercy in his eyes.
Pro 21:2,H3826,heart,heart,"M76:Walk & Conduct,M12:Righteousness & Integrity","H1870G (way),H3477G (right)","Every way of a man is right in his own eyes, but the Lord weighs the heart."
Pro 21:23,H5315I,soul: myself,himself,"M74:Keeping & Guarding,M24:Faintness & Despair","H8104H (keeps),H6869B (trouble)",Whoever keeps his mouth and his tongue keeps himself out of trouble.
Pro 21:4,H3820A,heart,heart,"M08:Pride & Arrogance,M58:Wickedness,M56:Sin & Guilt","H7312 (Haughty),H7342I (proud),H7563 (wicked),H2403B (sin)","Haughty eyes and a proud heart, the lamp of the wicked, are sin."
Pro 22:11,H3820A,heart,heart,"M51:Love & Devotion,M12:Righteousness & Integrity,M39:Gift & Favor,M72:Authority & Dominion","H0157G (loves),H2889 (purity),H2580 (gracious),H4428G (king)","He who loves purity of heart, and whose speech is gracious, will have the king as his friend."
Pro 22:15,H3820A,heart,heart,M16:Wisdom & Folly,"H0200 (Folly),H4148G (discipline)","Folly is bound up in the heart of a child, but the rod of discipline drives it far from him."
Pro 22:17,H3820A,heart,heart,"M41:Being Heard,M65:Speech & Tongue,M16:Wisdom & Folly,M15:Knowing & Understanding","H8085G (hear),H1697G (words),H2450 (wise),H1847 (knowledge)","Incline your ear, and hear the words of the wise, and apply your heart to my knowledge,"
Pro 22:23,H5315H,soul: life,life,"M44:Covenant & Fellowship,M10:Violence & Cruelty","H7378 (plead),H7379 (cause)",for the Lord will plead their cause and rob of life those who rob them.
Pro 22:5,H5315G,soul,soul,"M76:Walk & Conduct,M14:Deceit & Falsehood,M74:Keeping & Guarding","H1870G (way),H6141 (crooked),H8104H (whoever)",Thorns and snares are in the way of the crooked; whoever guards his soul will keep far from them.
Pro 23:12,H3820A,heart,heart,"M65:Speech & Tongue,M15:Knowing & Understanding","H0561 (words),H1847 (knowledge)",Apply your heart to instruction and your ear to words of knowledge.
Pro 23:14,H5315G,soul,soul,M45:Renewal & Transformation,H5337 (save),"If you strike him with the rod, you will save his soul from Sheol."
Pro 23:15,H3820A,heart,heart,"M15:Knowing & Understanding,M04:Joy & Gladness","H2449 (wise),H8055 (glad)","My son, if your heart is wise, my heart too will be glad."
Pro 23:15,H3820A,heart,heart,"M15:Knowing & Understanding,M04:Joy & Gladness","H2449 (wise),H8055 (glad)","My son, if your heart is wise, my heart too will be glad."
Pro 23:17,H3820A,heart,heart,"M18:Desire & Longing,M56:Sin & Guilt,M01:Fear & Awe","H7065 (envy),H2400 (sinners),H3374 (fear)","Let not your heart envy sinners, but continue in the fear of the Lord all the day."
Pro 23:19,H3820A,heart,heart,"M41:Being Heard,M15:Knowing & Understanding,M80:Blessing,M76:Walk & Conduct","H8085G (Hear),H2449 (wise),H0833 (direct),H1870G (way)","Hear, my son, and be wise, and direct your heart in the way."
Pro 23:26,H3820A,heart,heart,"M74:Keeping & Guarding,M76:Walk & Conduct","H5341 (observe),H1870G (ways)","My son, give me your heart, and let your eyes observe my ways."
Pro 23:33,H3820A,heart,heart,"M42:Prayer & Petition,M14:Deceit & Falsehood","H1696G (utter),H8419 (perverse things)","Your eyes will see strange things, and your heart utter perverse things."
Pro 24:12,H3826,heart,heart,"M15:Knowing & Understanding,M74:Keeping & Guarding","H3045 (know),H0995 (perceive),H5341 (keeps watch)","If you say, “ Behold, we did not know this,” does not he who weighs the heart perceive it? Does not he who keeps watch over your soul know it, and will he not repay man according to his work?"
Pro 24:12,H5315G,soul,soul,"M15:Knowing & Understanding,M74:Keeping & Guarding","H3045 (know),H0995 (perceive),H5341 (keeps watch)","If you say, “ Behold, we did not know this,” does not he who weighs the heart perceive it? Does not he who keeps watch over your soul know it, and will he not repay man according to his work?"
Pro 24:14,H5315G,soul,soul,"M15:Knowing & Understanding,M16:Wisdom & Folly,M68:Hope & Waiting","H3045 (Know),H2451 (wisdom),H8615B (hope)","Know that wisdom is such to your soul; if you find it, there will be a future, and your hope will not be cut off."
Pro 24:17,H3820A,heart,heart,"M04:Joy & Gladness,M06:Malice & Enmity,M77:Stumbling & Trial","H8055 (rejoice),H0341 (enemy),H1523 (glad),H3782 (stumbles)","Do not rejoice when your enemy falls, and let not your heart be glad when he stumbles,"
Pro 24:2,H3820A,heart,hearts,"M84:Outcry & Shouting,M10:Violence & Cruelty,M42:Prayer & Petition,M03:Grief & Lament","H1897 (devise),H7701 (violence),H1696G (talk),H5999 (trouble)","for their hearts devise violence, and their lips talk of trouble."
Pro 24:30,H3820A,heart,sense,"M24:Faintness & Despair,M18:Desire & Longing","H6102 (sluggard),H2638 (lacking)","I passed by the field of a sluggard, by the vineyard of a man lacking sense,"
Pro 24:32,H3820A,heart,considered,M15:Knowing & Understanding,H7896K (considered),Then I saw and considered it; I looked and received instruction.
Pro 25:13,H5315G,soul,soul,M13:Faith & Faithfulness,H0539 (faithful),Like the cold of snow in the time of harvest is a faithful messenger to those who send him; he refreshes the soul of his masters.
Pro 25:14,H7307H,spirit: breath,wind,"M08:Pride & Arrogance,M39:Gift & Favor,M14:Deceit & Falsehood","H1984H (boasts),H4991 (gift),H8267 (give)",Like clouds and wind without rain is a man who boasts of a gift he does not give.
Pro 25:20,H3820A,heart,heart,"M22:Praise & Song,M58:Wickedness","H7891 (sings),H7892A (songs),H7451A (heavy)","Whoever sings songs to a heavy heart is like one who takes off a garment on a cold day, and like vinegar on soda."
Pro 25:23,H7307H,spirit: breath,wind,M02:Anger & Wrath,H2194 (angry),"The north wind brings forth rain, and a backbiting tongue, angry looks."
Pro 25:25,H5315G,soul,soul,"M24:Faintness & Despair,M18:Desire & Longing,M82:Reminder & Report","H5889 (thirsty),H2896A (good),H8052 (news)","Like cold water to a thirsty soul, so is good news from a far country."
Pro 25:3,H3820A,heart,heart,"M08:Pride & Arrogance,M72:Authority & Dominion","H7312 (height),H4428G (kings)","As the heavens for height, and the earth for depth, so the heart of kings is unsearchable."
Pro 26:23,H3820A,heart,heart,M58:Wickedness,H7451H (evil),Like the glaze covering an earthen vessel are fervent lips with an evil heart.
Pro 26:25,H3820A,heart,heart,"M50:Grace & Mercy,M13:Faith & Faithfulness,M58:Wickedness","H2603A (graciously),H0539 (believe),H8441 (abominations)","when he speaks graciously, believe him not, for there are seven abominations in his heart;"
Pro 27:11,H3820A,heart,heart,"M15:Knowing & Understanding,M04:Joy & Gladness,M65:Speech & Tongue,M08:Pride & Arrogance","H2449 (wise),H8055 (glad),H1697G (answer),H2778A (reproaches)","Be wise, my son, and make my heart glad, that I may answer him who reproaches me."
Pro 27:16,H7307H,spirit: breath,wind,M37:Firstborn & Foreknowledge,H7122H (grasp),to restrain her is to restrain the wind or to grasp oil in one’s right hand.
Pro 27:23,H3820A,heart,attention,M15:Knowing & Understanding,"H3045 (Know),H3045 (well)","Know well the condition of your flocks, and give attention to your herds,"
Pro 27:7,H5315J,soul: person,One,M03:Grief & Lament,H4751 (bitter),"One who is full loathes honey, but to one who is hungry everything bitter is sweet."
Pro 27:7,H5315J,soul: person,one,M03:Grief & Lament,H4751 (bitter),"One who is full loathes honey, but to one who is hungry everything bitter is sweet."
Pro 27:9,H3820A,heart,heart,"M04:Joy & Gladness,M16:Wisdom & Folly","H8055 (glad),H6098 (counsel)","Oil and perfume make the heart glad, and the sweetness of a friend comes from his earnest counsel."
Pro 27:9,H5315I,soul: myself,earnest,"M04:Joy & Gladness,M16:Wisdom & Folly","H8055 (glad),H6098 (counsel)","Oil and perfume make the heart glad, and the sweetness of a friend comes from his earnest counsel."
Pro 28:14,H3820A,heart,heart,"M80:Blessing,M01:Fear & Awe,M24:Faintness & Despair","H0835 (Blessed),H6342 (fears),H7451C (calamity)","Blessed is the one who fears the Lord always, but whoever hardens his heart will fall into calamity."
Pro 28:25,H5315J,soul: person,man,"M08:Pride & Arrogance,M10:Violence & Cruelty,M19:Trust & Refuge,M46:Wealth & Riches","H7342I (greedy),H4066 (strife),H0982 (trusts),H1878 (enriched)","A greedy man stirs up strife, but the one who trusts in the Lord will be enriched."
Pro 28:26,H3820A,heart,mind,"M19:Trust & Refuge,M16:Wisdom & Folly","H0982 (trusts),H3684 (fool),H2451 (wisdom)","Whoever trusts in his own mind is a fool, but he who walks in wisdom will be delivered."
Pro 29:10,H5315H,soul: life,life,"M06:Malice & Enmity,M34:Patience & Perseverance,M83:Seeking & Inquiring,M12:Righteousness & Integrity","H8130 (hate),H8535 (blameless),H1245 (seek),H3477G (upright)",Bloodthirsty men hate one who is blameless and seek the life of the upright.
Pro 29:11,H7307J,spirit: temper,spirit,"M16:Wisdom & Folly,M33:Rest & Peace","H3684 (fool),H2450 (wise),H7623A (quietly holds)","A fool gives full vent to his spirit, but a wise man quietly holds it back."
Pro 29:17,H5315G,soul,heart,M33:Rest & Peace,H5117 (rest),"Discipline your son, and he will give you rest; he will give delight to your heart."
Pro 29:23,H7307G,spirit,spirit,"M08:Pride & Arrogance,M53:Dishonor & Disgrace,M09:Humility & Lowliness,M22:Praise & Song","H1346 (pride),H8213 (low),H8217 (lowly),H3519 (honor)","One’s pride will bring him low, but he who is lowly in spirit will obtain honor."
Pro 29:24,H5315H,soul: life,life,"M06:Malice & Enmity,M41:Being Heard,M65:Speech & Tongue","H8130 (hates),H8085G (hears),H5046 (discloses)","The partner of a thief hates his own life; he hears the curse, but discloses nothing."
Pro 2:10,H3820A,heart,heart,"M16:Wisdom & Folly,M15:Knowing & Understanding,M18:Desire & Longing","H2451 (wisdom),H1847 (knowledge),H5276 (pleasant)","for wisdom will come into your heart, and knowledge will be pleasant to your soul;"
Pro 2:10,H5315G,soul,soul,"M16:Wisdom & Folly,M15:Knowing & Understanding,M18:Desire & Longing","H2451 (wisdom),H1847 (knowledge),H5276 (pleasant)","for wisdom will come into your heart, and knowledge will be pleasant to your soul;"
Pro 2:2,H3820A,heart,heart,"M41:Being Heard,M16:Wisdom & Folly,M15:Knowing & Understanding","H7181 (attentive),H2451 (wisdom),H8394 (understanding)",making your ear attentive to wisdom and inclining your heart to understanding;
Pro 30:4,H7307H,spirit: breath,wind,M15:Knowing & Understanding,H3045 (know),"Who has ascended to heaven and come down? Who has gathered the wind in his fists? Who has wrapped up the waters in a garment? Who has established all the ends of the earth? What is his name, and what is his son’s name? Surely you know!"
Pro 31:11,H3820A,heart,heart,M19:Trust & Refuge,H0982 (trusts),"The heart of her husband trusts in her, and he will have no lack of gain."
Pro 31:6,H5315G,soul,distress,M03:Grief & Lament,H4751 (bitter),"Give strong drink to the one who is perishing, and wine to those in bitter distress;"
Pro 3:1,H3820A,heart,heart,"M81:Memory (act),M54:Torah & Obedience,M74:Keeping & Guarding","H7911 (forget),H8451 (teaching),H5341 (keep),H4687 (commandments)","My son, do not forget my teaching, but let your heart keep my commandments,"
Pro 3:22,H5315G,soul,soul,"M25:Life & Death,M39:Gift & Favor","H2416E (life),H2580 (adornment)",and they will be life for your soul and adornment for your neck.
Pro 3:3,H3820A,heart,heart,"M50:Grace & Mercy,M13:Faith & Faithfulness,M30:Rebellion & Stubbornness","H2617A (steadfast love),H0571G (faithfulness),H5800A (forsake)",Let not steadfast love and faithfulness forsake you; bind them around your neck; write them on the tablet of your heart.
Pro 3:5,H3820A,heart,heart,"M19:Trust & Refuge,M15:Knowing & Understanding","H0982 (Trust),H8172 (lean),H0998 (understanding)","Trust in the Lord with all your heart, and do not lean on your own understanding."
Pro 4:21,H3824,heart,heart,"M14:Deceit & Falsehood,M74:Keeping & Guarding","H3868 (escape),H8104G (keep)",Let them not escape from your sight; keep them within your heart.
Pro 4:22,H1320,flesh,flesh,M25:Life & Death,H2416E (life),"For they are life to those who find them, and healing to all their flesh."
Pro 4:23,H3820A,heart,heart,"M74:Keeping & Guarding,M25:Life & Death","H5341 (Keep),H2416E (life)","Keep your heart with all vigilance, for from it flow the springs of life."
Pro 4:4,H3820A,heart,heart,"M05:Kindness & Friendship,M65:Speech & Tongue,M74:Keeping & Guarding,M54:Torah & Obedience,M25:Life & Death","H3384B (taught),H1697G (words),H8104G (keep),H4687 (commandments),H2421 (live)","he taught me and said to me, “Let your heart hold fast my words; keep my commandments, and live."
Pro 5:11,H1320,flesh,flesh,M03:Grief & Lament,H5098 (groan),"and at the end of your life you groan, when your flesh and body are consumed,"
Pro 5:11,H7607,flesh,body,M03:Grief & Lament,H5098 (groan),"and at the end of your life you groan, when your flesh and body are consumed,"
Pro 5:12,H3820A,heart,heart,"M06:Malice & Enmity,M16:Wisdom & Folly,M30:Rebellion & Stubbornness","H8130 (hated),H4148G (discipline),H5006 (despised)","and you say, “ How I hated discipline, and my heart despised reproof!"
Pro 5:20,H2436G,bosom: embrace,bosom,M76:Walk & Conduct,H7686 (intoxicated),"Why should you be intoxicated, my son, with a forbidden woman and embrace the bosom of an adulteress?"
Pro 6:14,H3820A,heart,heart,"M14:Deceit & Falsehood,M06:Malice & Enmity,M58:Wickedness,M02:Anger & Wrath","H8419 (perverted),H2790A (devises),H7451B (evil),H4079 (discord)","with perverted heart devises evil, continually sowing discord;"
Pro 6:16,H5315I,soul: myself,to him,"M06:Malice & Enmity,M58:Wickedness","H8130 (hates),H8441 (abomination)","There are six things that the Lord hates, seven that are an abomination to him:"
Pro 6:18,H3820A,heart,heart,"M06:Malice & Enmity,M58:Wickedness","H2790A (devises),H0205G (wicked),H4284 (plans),H7451I (evil)","a heart that devises wicked plans, feet that make haste to run to evil,"
Pro 6:25,H3824,heart,heart,M18:Desire & Longing,H2530A (desire),"Do not desire her beauty in your heart, and do not let her capture you with her eyelashes;"
Pro 6:26,H5315H,soul: life,life,"M28:Envy & Greed,M18:Desire & Longing","H2181 (prostitute),H3368 (precious)","for the price of a prostitute is only a loaf of bread, but a married woman hunts down a precious life."
Pro 6:30,H5315L,soul: appetite,appetite,M30:Rebellion & Stubbornness,H0936 (despise),"People do not despise a thief if he steals to satisfy his appetite when he is hungry,"
Pro 6:32,H3820A,heart,sense,"M57:Corruption & Perversion,M18:Desire & Longing,M55:Destruction & Ruin","H5003 (commits adultery),H2638 (lacks),H7843 (destroys)",He who commits adultery lacks sense; he who does it destroys himself.
Pro 6:32,H5315I,soul: myself,himself,"M57:Corruption & Perversion,M18:Desire & Longing,M55:Destruction & Ruin","H5003 (commits adultery),H2638 (lacks),H7843 (destroys)",He who commits adultery lacks sense; he who does it destroys himself.
Pro 7:10,H3820A,heart,heart,"M37:Firstborn & Foreknowledge,M28:Envy & Greed,M74:Keeping & Guarding","H7122G (meets),H2181 (prostitute),H5341 (wily)","And behold, the woman meets him, dressed as a prostitute, wily of heart."
Pro 7:23,H5315H,soul: life,life,M15:Knowing & Understanding,H3045 (know),till an arrow pierces its liver; as a bird rushes into a snare; he does not know that it will cost him his life.
Pro 7:25,H3820A,heart,heart,"M11:Turning & Repentance,M76:Walk & Conduct","H7847 (turn aside),H1870G (ways),H8582 (stray)","Let not your heart turn aside to her ways; do not stray into her paths,"
Pro 7:7,H3820A,heart,sense,"M16:Wisdom & Folly,M15:Knowing & Understanding,M18:Desire & Longing","H6612A (simple),H0995 (perceived),H2638 (lacking)","and I have seen among the simple, I have perceived among the youths, a young man lacking sense,"
Pro 8:36,H5315I,soul: myself,himself,"M56:Sin & Guilt,M06:Malice & Enmity,M51:Love & Devotion","H2398 (fails),H8130 (hate),H0157G (love)",but he who fails to find me injures himself; all who hate me love death.”
Pro 8:5,H3820A,heart,sense,"M16:Wisdom & Folly,M15:Knowing & Understanding","H6612A (simple ones),H0995 (learn),H6195 (prudence),H3684 (fools)","O simple ones, learn prudence; O fools, learn sense."
Pro 9:16,H3820A,heart,sense,"M16:Wisdom & Folly,M11:Turning & Repentance,M18:Desire & Longing","H6612A (simple),H5493H (turn in),H2638 (lacks)","“ Whoever is simple, let him turn in here!” And to him who lacks sense she says,"
Pro 9:4,H3820A,heart,sense,"M16:Wisdom & Folly,M11:Turning & Repentance,M18:Desire & Longing","H6612A (simple),H5493H (turn in),H2638 (lacks)","“ Whoever is simple, let him turn in here!” To him who lacks sense she says,"
Psa 101:2,H3824,heart,heart,"M16:Wisdom & Folly,M76:Walk & Conduct,M12:Righteousness & Integrity","H7919A (ponder),H1870G (way),H8549H (blameless),H8537 (integrity)",I will ponder the way that is blameless. Oh when will you come to me? I will walk with integrity of heart within my house;
Psa 101:4,H3824,heart,heart,"M14:Deceit & Falsehood,M11:Turning & Repentance,M15:Knowing & Understanding,M58:Wickedness","H6141 (perverse),H5493G (far),H3045 (know),H7451H (evil)",A perverse heart shall be far from me; I will know nothing of evil.
Psa 101:5,H3824,heart,heart,"M14:Deceit & Falsehood,M10:Violence & Cruelty,M08:Pride & Arrogance,M23:Strength & Courage","H3960 (slanders),H6789 (destroy),H1364 (haughty),H3201 (endure)",Whoever slanders his neighbor secretly I will destroy. Whoever has a haughty look and an arrogant heart I will not endure.
Psa 102:4,H3820A,heart,heart,"M24:Faintness & Despair,M81:Memory (act)","H3001 (withered),H7911 (forget)",My heart is struck down like grass and has withered; I forget to eat my bread.
Psa 102:5,H1320,flesh,flesh,M03:Grief & Lament,H0585 (groaning),Because of my loud groaning my bones cling to my flesh.
Psa 103:1,H5315G,soul,soul,"M80:Blessing,M61:Purity & Holiness","H1288 (Bless),H6944G (holy)","Of David. Bless the Lord, O my soul, and all that is within me, bless his holy name!"
Psa 103:2,H5315G,soul,soul,"M80:Blessing,M81:Memory (act)","H1288 (Bless),H7911 (forget)","Bless the Lord, O my soul, and forget not all his benefits,"
Psa 103:22,H5315G,soul,soul,"M80:Blessing,M72:Authority & Dominion","H1288 (Bless),H4475 (dominion)","Bless the Lord, all his works, in all places of his dominion. Bless the Lord, O my soul!"
Psa 104:1,H5315G,soul,soul,"M80:Blessing,M22:Praise & Song,M71:Glory & Splendor","H1288 (Bless),H1431 (great),H1935 (splendor),H1926 (majesty)","Bless the Lord, O my soul! O Lord my God, you are very great! You are clothed with splendor and majesty,"
Psa 104:15,H3824,heart,heart,"M04:Joy & Gladness,M70:Lifting & Bearing","H8055 (gladden),H5582 (strengthen)","and wine to gladden the heart of man, oil to make his face shine and bread to strengthen man’s heart."
Psa 104:15,H3824,heart,heart,"M04:Joy & Gladness,M70:Lifting & Bearing","H8055 (gladden),H5582 (strengthen)","and wine to gladden the heart of man, oil to make his face shine and bread to strengthen man’s heart."
Psa 104:29,H7307H,spirit: breath,breath,"M20:Doubt & Discouragement,M24:Faintness & Despair","H5641 (hide),H0926 (dismayed)","When you hide your face, they are dismayed; when you take away their breath, they die and return to their dust."
Psa 104:30,H7307G,spirit,Spirit,M45:Renewal & Transformation,H2318 (renew),"When you send forth your Spirit, they are created, and you renew the face of the ground."
Psa 104:35,H5315G,soul,soul,"M56:Sin & Guilt,M58:Wickedness,M80:Blessing,M22:Praise & Song","H2400 (sinners),H7563 (wicked),H1288 (Bless),H1984B (Praise)","Let sinners be consumed from the earth, and let the wicked be no more! Bless the Lord, O my soul! Praise the Lord!"
Psa 104:4,H7307H,spirit: breath,winds,M36:Worship & Service,H8334 (ministers),"he makes his messengers winds, his ministers a flaming fire."
Psa 105:18,H5315N,soul: neck,neck,M24:Faintness & Despair,H6031B (hurt),His feet were hurt with fetters; his neck was put in a collar of iron;
Psa 105:22,H5315L,soul: appetite,pleasure,"M72:Authority & Dominion,M15:Knowing & Understanding","H8269 (princes),H2449 (teach)",to bind his princes at his pleasure and to teach his elders wisdom.
Psa 105:25,H3820A,heart,hearts,"M06:Malice & Enmity,M36:Worship & Service","H8130 (hate),H5230 (deal craftily),H5650 (servants)","He turned their hearts to hate his people, to deal craftily with his servants."
Psa 105:3,H3820A,heart,hearts,"M08:Pride & Arrogance,M61:Purity & Holiness,M83:Seeking & Inquiring,M04:Joy & Gladness","H1984H (Glory),H6944G (holy),H1245 (seek),H8055 (rejoice)",Glory in his holy name; let the hearts of those who seek the Lord rejoice!
Psa 106:15,H5315I,soul: myself,among them,M42:Prayer & Petition,H7596 (asked),"he gave them what they asked, but sent a wasting disease among them."
Psa 106:33,H7307G,spirit,spirit,"M30:Rebellion & Stubbornness,M42:Prayer & Petition","H4784 (bitter),H0981 (spoke rashly)","for they made his spirit bitter, and he spoke rashly with his lips."
Psa 107:12,H3820A,heart,hearts,"M09:Humility & Lowliness,M03:Grief & Lament,M77:Stumbling & Trial,M45:Renewal & Transformation","H3665 (down),H5999 (hard labor),H3782 (fell down),H5826 (help)","So he bowed their hearts down with hard labor; they fell down, with none to help."
Psa 107:18,H5315I,soul: myself,they,M06:Malice & Enmity,H8581 (loathed),"they loathed any kind of food, and they drew near to the gates of death."
Psa 107:25,H7307H,spirit: breath,wind,M22:Praise & Song,H7311A (lifted up),"For he commanded and raised the stormy wind, which lifted up the waves of the sea."
Psa 107:26,H5315I,soul: myself,courage,M24:Faintness & Despair,H7451C (plight),They mounted up to heaven; they went down to the depths; their courage melted away in their evil plight;
Psa 107:5,H5315G,soul,soul,M24:Faintness & Despair,H5848C (fainted),"hungry and thirsty, their soul fainted within them."
Psa 107:9,H5315G,soul,soul,"M45:Renewal & Transformation,M05:Kindness & Friendship","H7646 (satisfies),H2896B (good things)","For he satisfies the longing soul, and the hungry soul he fills with good things."
Psa 107:9,H5315G,soul,soul,"M45:Renewal & Transformation,M05:Kindness & Friendship","H7646 (satisfies),H2896B (good things)","For he satisfies the longing soul, and the hungry soul he fills with good things."
Psa 108:1,H3820A,heart,heart,M22:Praise & Song,"H7892A (Song),H4210 (Psalm),H7891 (sing),H2167 (make melody),H3519 (being)","A Song. A Psalm of David. My heart is steadfast, O God! I will sing and make melody with all my being!"
Psa 109:16,H3824,heart,brokenhearted,"M81:Memory (act),M50:Grace & Mercy,M24:Faintness & Despair,M09:Humility & Lowliness,M20:Doubt & Discouragement","H2142 (remember),H2617A (kindness),H6041 (poor),H0034 (needy),H3512A (brokenhearted)","For he did not remember to show kindness, but pursued the poor and needy and the brokenhearted, to put them to death."
Psa 109:20,H5315H,soul: life,life,"M06:Malice & Enmity,M42:Prayer & Petition,M58:Wickedness","H7853 (accusers),H1696G (speak),H7451B (evil)","May this be the reward of my accusers from the Lord, of those who speak evil against my life!"
Psa 109:22,H3820A,heart,heart,"M24:Faintness & Despair,M09:Humility & Lowliness","H6041 (poor),H0034 (needy)","For I am poor and needy, and my heart is stricken within me."
Psa 109:24,H1320,flesh,body,"M77:Stumbling & Trial,M14:Deceit & Falsehood","H3782 (weak),H3584 (become gaunt)","My knees are weak through fasting; my body has become gaunt, with no fat."
Psa 109:31,H5315G,soul,soul,"M09:Humility & Lowliness,M45:Renewal & Transformation,M63:Reasoning & Interpretation","H0034 (needy one),H3467 (save),H8199 (condemn)","For he stands at the right hand of the needy one, to save him from those who condemn his soul to death."
Psa 10:11,H3820A,heart,heart,"M81:Memory (act),M20:Doubt & Discouragement,M34:Patience & Perseverance","H7911 (forgotten),H5641 (hidden),H5331 (never)","He says in his heart, “ God has forgotten, he has hidden his face, he will never see it.”"
Psa 10:13,H3820A,heart,heart,"M58:Wickedness,M30:Rebellion & Stubbornness,M83:Seeking & Inquiring","H7563 (wicked),H5006 (renounce),H1875 (call)","Why does the wicked renounce God and say in his heart, “You will not call to account”?"
Psa 10:17,H3820A,heart,heart,"M41:Being Heard,M18:Desire & Longing,M09:Humility & Lowliness","H8085G (hear),H8378 (desire),H6035 (afflicted),H7181 (incline)","O Lord, you hear the desire of the afflicted; you will strengthen their heart; you will incline your ear"
Psa 10:3,H5315G,soul,soul,"M58:Wickedness,M08:Pride & Arrogance,M18:Desire & Longing,M80:Blessing,M30:Rebellion & Stubbornness","H7563 (wicked),H1984H (boasts),H8378 (desires),H1214I (greedy),H1288 (gain),H5006 (renounces)","For the wicked boasts of the desires of his soul, and the one greedy for gain curses and renounces the Lord."
Psa 10:6,H3820A,heart,heart,M58:Wickedness,H7451B (adversity),"He says in his heart, “I shall not be moved; throughout all generations I shall not meet adversity.”"
Psa 111:1,H3824,heart,heart,"M22:Praise & Song,M49:Thanksgiving,M16:Wisdom & Folly,M12:Righteousness & Integrity","H1984B (Praise),H3034 (give thanks),H5475 (company),H3477G (upright)","Praise the Lord! I will give thanks to the Lord with my whole heart, in the company of the upright, in the congregation."
Psa 112:7,H3820A,heart,heart,"M01:Fear & Awe,M58:Wickedness,M82:Reminder & Report,M19:Trust & Refuge","H3372G (afraid),H7451A (bad),H8052 (news),H0982 (trusting)","He is not afraid of bad news; his heart is firm, trusting in the Lord."
Psa 112:8,H3820A,heart,heart,"M70:Lifting & Bearing,M01:Fear & Awe,M06:Malice & Enmity","H5564 (steady),H3372G (afraid),H6862C (adversaries)","His heart is steady; he will not be afraid, until he looks in triumph on his adversaries."
Psa 116:4,H5315G,soul,soul,M42:Prayer & Petition,H7121G (called),"Then I called on the name of the Lord: “O Lord, I pray, deliver my soul!”"
Psa 116:7,H5315G,soul,soul,M33:Rest & Peace,H4496H (rest),"Return, O my soul, to your rest; for the Lord has dealt bountifully with you."
Psa 116:8,H5315G,soul,soul,"M45:Renewal & Transformation,M03:Grief & Lament","H2502A (delivered),H1832 (tears)","For you have delivered my soul from death, my eyes from tears, my feet from stumbling;"
Psa 119:10,H3820A,heart,heart,"M83:Seeking & Inquiring,M76:Walk & Conduct,M54:Torah & Obedience","H1875 (seek),H7686 (wander),H4687 (commandments)",With my whole heart I seek you; let me not wander from your commandments!
Psa 119:109,H5315H,soul: life,life,"M81:Memory (act),M54:Torah & Obedience","H7911 (forget),H8451 (law)","I hold my life in my hand continually, but I do not forget your law."
Psa 119:11,H3820A,heart,heart,"M65:Speech & Tongue,M56:Sin & Guilt","H0565A (word),H2398 (sin)","I have stored up your word in my heart, that I might not sin against you."
Psa 119:111,H3820A,heart,heart,M04:Joy & Gladness,H8342 (joy),"Your testimonies are my heritage forever, for they are the joy of my heart."
Psa 119:120,H1320,flesh,flesh,"M01:Fear & Awe,M12:Righteousness & Integrity","H6343 (fear),H3372G (afraid),H4941G (judgments)","My flesh trembles for fear of you, and I am afraid of your judgments."
Psa 119:129,H5315G,soul,soul,"M48:Astonishment & Wonder,M74:Keeping & Guarding","H6382 (wonderful),H5341 (keeps)",Pe Your testimonies are wonderful; therefore my soul keeps them.
Psa 119:145,H3820A,heart,heart,"M42:Prayer & Petition,M74:Keeping & Guarding","H7121G (cry),H5341 (keep)","Qoph With my whole heart I cry; answer me, O Lord! I will keep your statutes."
Psa 119:161,H3820A,heart,heart,"M72:Authority & Dominion,M01:Fear & Awe,M65:Speech & Tongue","H8269 (Princes),H6342 (awe),H1697G (words)","Sin and Shin Princes persecute me without cause, but my heart stands in awe of your words."
Psa 119:167,H5315G,soul,soul,"M74:Keeping & Guarding,M51:Love & Devotion","H8104G (keeps),H0157G (love)",My soul keeps your testimonies; I love them exceedingly.
Psa 119:175,H5315G,soul,soul,"M25:Life & Death,M22:Praise & Song,M12:Righteousness & Integrity,M45:Renewal & Transformation","H2421 (live),H1984B (praise),H4941G (rules),H5826 (help)","Let my soul live and praise you, and let your rules help me."
Psa 119:2,H3820A,heart,heart,"M80:Blessing,M74:Keeping & Guarding,M83:Seeking & Inquiring","H0835 (Blessed),H5341 (keep),H1875 (seek)","Blessed are those who keep his testimonies, who seek him with their whole heart,"
Psa 119:20,H5315G,soul,soul,"M18:Desire & Longing,M12:Righteousness & Integrity","H8375 (longing),H4941G (rules)",My soul is consumed with longing for your rules at all times.
Psa 119:25,H5315G,soul,soul,"M25:Life & Death,M65:Speech & Tongue","H2421 (give me life),H1697G (word)",Daleth My soul clings to the dust; give me life according to your word!
Psa 119:28,H5315G,soul,soul,"M03:Grief & Lament,M65:Speech & Tongue","H8424 (sorrow),H1697G (word)",My soul melts away for sorrow; strengthen me according to your word!
Psa 119:32,H3820A,heart,heart,"M76:Walk & Conduct,M54:Torah & Obedience,M23:Strength & Courage","H1870G (way),H4687 (commandments),H7337 (enlarge)",I will run in the way of your commandments when you enlarge my heart!
Psa 119:34,H3820A,heart,heart,"M15:Knowing & Understanding,M74:Keeping & Guarding,M54:Torah & Obedience","H0995 (understanding),H5341 (keep),H8451 (law),H8104G (observe)","Give me understanding, that I may keep your law and observe it with my whole heart."
Psa 119:36,H3820A,heart,heart,M12:Righteousness & Integrity,H1215 (selfish gain),"Incline my heart to your testimonies, and not to selfish gain!"
Psa 119:58,H3820A,heart,heart,"M21:Fasting & Piety,M50:Grace & Mercy,M65:Speech & Tongue","H2470B (entreat),H2603A (gracious),H0565A (promise)",I entreat your favor with all my heart; be gracious to me according to your promise.
Psa 119:69,H3820A,heart,heart,"M08:Pride & Arrogance,M14:Deceit & Falsehood,M74:Keeping & Guarding","H2086 (insolent),H8267 (lies),H5341 (keep)","The insolent smear me with lies, but with my whole heart I keep your precepts;"
Psa 119:7,H3824,heart,heart,"M49:Thanksgiving,M12:Righteousness & Integrity","H3034 (praise),H3476 (upright),H6664G (righteous),H4941G (rules)","I will praise you with an upright heart, when I learn your righteous rules."
Psa 119:70,H3820A,heart,heart,"M30:Rebellion & Stubbornness,M18:Desire & Longing,M54:Torah & Obedience","H2954 (fat),H8173B (delight),H8451 (law)","their heart is unfeeling like fat, but I delight in your law."
Psa 119:80,H3820A,heart,heart,"M12:Righteousness & Integrity,M07:Shame & Confusion","H8549H (blameless),H0954 (put to shame)","May my heart be blameless in your statutes, that I may not be put to shame!"
Psa 119:81,H5315G,soul,soul,"M45:Renewal & Transformation,M68:Hope & Waiting,M65:Speech & Tongue","H8668G (salvation),H3176H (hope),H1697G (word)",Kaph My soul longs for your salvation; I hope in your word.
Psa 11:1,H5315G,soul,soul,"M76:Walk & Conduct,M19:Trust & Refuge","H5329 (choirmaster),H2620 (take refuge),H5110 (Flee)","To the choirmaster. Of David. In the Lord I take refuge; how can you say to my soul, Flee like a bird to your mountain,"
Psa 11:2,H3820A,heart,heart,"M58:Wickedness,M03:Grief & Lament,M12:Righteousness & Integrity","H7563 (wicked),H3499B (string),H3477G (upright)","for behold, the wicked bend the bow; they have fitted their arrow to the string to shoot in the dark at the upright in heart;"
Psa 11:5,H5315G,soul,soul,"M35:Being Tested,M12:Righteousness & Integrity,M06:Malice & Enmity,M58:Wickedness,M51:Love & Devotion,M10:Violence & Cruelty","H0974 (tests),H6662 (righteous),H8130 (hates),H7563 (wicked),H0157G (loves),H2555 (violence)","The Lord tests the righteous, but his soul hates the wicked and the one who loves violence."
Psa 11:6,H7307H,spirit: breath,wind,"M58:Wickedness,M02:Anger & Wrath","H7563 (wicked),H2152 (scorching)",Let him rain coals on the wicked; fire and sulfur and a scorching wind shall be the portion of their cup.
Psa 120:2,H5315I,soul: myself,me,"M45:Renewal & Transformation,M14:Deceit & Falsehood","H5337 (Deliver),H8267 (lying),H7423A (deceitful)","Deliver me, O Lord, from lying lips, from a deceitful tongue."
Psa 120:6,H5315I,soul: myself,I,"M06:Malice & Enmity,M33:Rest & Peace","H8130 (hate),H7965G (peace)",Too long have I had my dwelling among those who hate peace.
Psa 121:7,H5315H,soul: life,life,"M74:Keeping & Guarding,M58:Wickedness","H8104H (keep),H7451B (evil)",The Lord will keep you from all evil; he will keep your life.
Psa 123:4,H5315G,soul,soul,"M45:Renewal & Transformation,M06:Malice & Enmity,M46:Wealth & Riches,M24:Faintness & Despair,M08:Pride & Arrogance","H7646 (enough),H3933 (scorn),H7600 (ease),H0937 (contempt),H3238 (proud),H1343 (proud)","Our soul has had more than enough of the scorn of those who are at ease, of the contempt of the proud."
Psa 124:5,H5315I,soul: myself,us,M02:Anger & Wrath,H2121 (raging),then over us would have gone the raging waters.
Psa 124:7,H5315I,soul: myself,We,M24:Faintness & Despair,H7665 (broken),"We have escaped like a bird from the snare of the fowlers; the snare is broken, and we have escaped!"
Psa 125:4,H3826,heart,hearts,"M05:Kindness & Friendship,M18:Desire & Longing,M12:Righteousness & Integrity","H3190 (good),H2896A (good),H3477G (upright)","Do good, O Lord, to those who are good, and to those who are upright in their hearts!"
Psa 12:2,H3820A,heart,double,"M42:Prayer & Petition,M14:Deceit & Falsehood","H1696G (utters),H7723G (lies),H1696G (speak)",Everyone utters lies to his neighbor; with flattering lips and a double heart they speak.
Psa 12:2,H3820A,heart,heart,"M42:Prayer & Petition,M14:Deceit & Falsehood","H1696G (utters),H7723G (lies),H1696G (speak)",Everyone utters lies to his neighbor; with flattering lips and a double heart they speak.
Psa 130:5,H5315G,soul,soul,"M68:Hope & Waiting,M65:Speech & Tongue","H6960A (wait),H6960A (waits),H1697G (word),H3176H (hope)","I wait for the Lord, my soul waits, and in his word I hope;"
Psa 130:6,H5315G,soul,soul,M74:Keeping & Guarding,H8104H (watchmen),"my soul waits for the Lord more than watchmen for the morning, more than watchmen for the morning."
Psa 131:1,H3820A,heart,heart,"M22:Praise & Song,M15:Knowing & Understanding,M08:Pride & Arrogance,M48:Astonishment & Wonder","H7892A (Song),H4609A (Ascents),H1361 (lifted up),H7311A (raised),H6381 (marvelous)","A Song of Ascents. Of David. O Lord, my heart is not lifted up; my eyes are not raised too high; I do not occupy myself with things too great and too marvelous for me."
Psa 131:2,H5315G,soul,soul,M33:Rest & Peace,H1826H (quieted),"But I have calmed and quieted my soul, like a weaned child with its mother; like a weaned child is my soul within me."
Psa 131:2,H5315G,soul,soul,M33:Rest & Peace,H1826H (quieted),"But I have calmed and quieted my soul, like a weaned child with its mother; like a weaned child is my soul within me."
Psa 135:17,H7307H,spirit: breath,breath,M41:Being Heard,H0238 (hear),"they have ears, but do not hear, nor is there any breath in their mouths."
Psa 136:25,H1320,flesh,flesh,M50:Grace & Mercy,H2617A (steadfast love),"he who gives food to all flesh, for his steadfast love endures forever."
Psa 138:1,H3820A,heart,heart,"M49:Thanksgiving,M22:Praise & Song","H3034 (give you thanks),H2167 (sing your praise)","Of David. I give you thanks, O Lord, with my whole heart; before the gods I sing your praise;"
Psa 138:3,H5315G,soul,soul,"M42:Prayer & Petition,M23:Strength & Courage,M08:Pride & Arrogance","H7121G (called),H5797 (strength),H7292 (increased)","On the day I called, you answered me; my strength of soul you increased."
Psa 139:14,H5315G,soul,soul,"M49:Thanksgiving,M01:Fear & Awe,M48:Astonishment & Wonder,M15:Knowing & Understanding","H3034 (praise),H3372H (fearfully),H6381 (Wonderful),H3045 (knows)","I praise you, for I am fearfully and wonderfully made. Wonderful are your works; my soul knows it very well."
Psa 139:23,H3824,heart,heart,"M15:Knowing & Understanding,M35:Being Tested,M20:Doubt & Discouragement","H3045 (know),H0974 (Try),H8312 (thoughts)","Search me, O God, and know my heart! Try me and know my thoughts!"
Psa 13:2,H5315G,soul,soul,"M15:Knowing & Understanding,M16:Wisdom & Folly,M03:Grief & Lament,M06:Malice & Enmity,M22:Praise & Song","H7896K (take),H6098 (counsel),H3015 (sorrow),H0341 (enemy),H7311A (exalted)",How long must I take counsel in my soul and have sorrow in my heart all the day? How long shall my enemy be exalted over me?
Psa 13:2,H3824,heart,heart,"M15:Knowing & Understanding,M16:Wisdom & Folly,M03:Grief & Lament,M06:Malice & Enmity,M22:Praise & Song","H7896K (take),H6098 (counsel),H3015 (sorrow),H0341 (enemy),H7311A (exalted)",How long must I take counsel in my soul and have sorrow in my heart all the day? How long shall my enemy be exalted over me?
Psa 13:5,H3820A,heart,heart,"M19:Trust & Refuge,M50:Grace & Mercy,M04:Joy & Gladness,M79:Salvation & Ransom","H0982 (trusted),H2617A (steadfast love),H1523 (rejoice),H3444 (salvation)",But I have trusted in your steadfast love; my heart shall rejoice in your salvation.
Psa 140:2,H3820A,heart,heart,"M64:Will & Resolve,M58:Wickedness,M10:Violence & Cruelty","H2803I (plan),H7451I (evil things),H4421 (wars)",who plan evil things in their heart and stir up wars continually.
Psa 141:4,H3820A,heart,heart,"M58:Wickedness,M28:Envy & Greed","H7451H (evil),H7562 (wicked),H5949 (deeds),H0205G (iniquity)","Do not let my heart incline to any evil, to busy myself with wicked deeds in company with men who work iniquity, and let me not eat of their delicacies!"
Psa 141:8,H5315I,soul: myself,me,M19:Trust & Refuge,H2620 (refuge),"But my eyes are toward you, O God, my Lord; in you I seek refuge; leave me not defenseless!"
Psa 142:3,H7307G,spirit,spirit,"M24:Faintness & Despair,M15:Knowing & Understanding,M20:Doubt & Discouragement","H5848C (faints),H3045 (know),H2934 (hidden)","When my spirit faints within me, you know my way! In the path where I walk they have hidden a trap for me."
Psa 142:4,H5315G,soul,soul,"M19:Trust & Refuge,M83:Seeking & Inquiring","H4498 (refuge),H1875 (cares)",Look to the right and see: there is none who takes notice of me; no refuge remains to me; no one cares for my soul.
Psa 142:7,H5315I,soul: myself,me,"M49:Thanksgiving,M12:Righteousness & Integrity","H3034 (give thanks to),H6662 (righteous)","Bring me out of prison, that I may give thanks to your name! The righteous will surround me, for you will deal bountifully with me."
Psa 143:10,H7307G,spirit,Spirit,M18:Desire & Longing,"H7522 (will),H2896A (good)","Teach me to do your will, for you are my God! Let your good Spirit lead me on level ground!"
Psa 143:11,H5315G,soul,soul,"M25:Life & Death,M12:Righteousness & Integrity,M24:Faintness & Despair","H2421 (life),H6666 (righteousness),H6869B (trouble)","For your name’s sake, O Lord, preserve my life! In your righteousness bring my soul out of trouble!"
Psa 143:12,H5315G,soul,soul,"M50:Grace & Mercy,M10:Violence & Cruelty,M06:Malice & Enmity,M36:Worship & Service","H2617A (steadfast love),H6789 (cut off),H0341 (enemies),H5650 (servant)","And in your steadfast love you will cut off my enemies, and you will destroy all the adversaries of my soul, for I am your servant."
Psa 143:3,H5315G,soul,soul,"M06:Malice & Enmity,M10:Violence & Cruelty,M25:Life & Death","H0341 (enemy),H1792 (crushed),H2416C (life)",For the enemy has pursued my soul; he has crushed my life to the ground; he has made me sit in darkness like those long dead.
Psa 143:4,H7307G,spirit,spirit,"M24:Faintness & Despair,M55:Destruction & Ruin","H5848C (faints),H8074H (appalled)",Therefore my spirit faints within me; my heart within me is appalled.
Psa 143:4,H3820A,heart,heart,"M24:Faintness & Despair,M55:Destruction & Ruin","H5848C (faints),H8074H (appalled)",Therefore my spirit faints within me; my heart within me is appalled.
Psa 143:6,H5315G,soul,soul,M24:Faintness & Despair,H5889 (parched),I stretch out my hands to you; my soul thirsts for you like a parched land. Selah
Psa 143:7,H7307G,spirit,spirit,M20:Doubt & Discouragement,H5641 (Hide),"Answer me quickly, O Lord! My spirit fails! Hide not your face from me, lest I be like those who go down to the pit."
Psa 143:8,H5315G,soul,soul,"M41:Being Heard,M50:Grace & Mercy,M19:Trust & Refuge,M15:Knowing & Understanding,M76:Walk & Conduct","H8085G (hear),H2617A (steadfast love),H0982 (trust),H3045 (know),H1870G (way),H5375Q (lift up)","Let me hear in the morning of your steadfast love, for in you I trust. Make me know the way I should go, for to you I lift up my soul."
Psa 145:21,H1320,flesh,flesh,"M42:Prayer & Petition,M22:Praise & Song,M80:Blessing,M61:Purity & Holiness,M34:Patience & Perseverance","H1696G (speak),H8416 (praise),H1288 (bless),H6944G (holy),H5703 (ever)","My mouth will speak the praise of the Lord, and let all flesh bless his holy name forever and ever."
Psa 146:1,H5315G,soul,soul,M22:Praise & Song,H1984B (Praise),"Praise the Lord! Praise the Lord, O my soul!"
Psa 146:4,H7307H,spirit: breath,breath,M15:Knowing & Understanding,H6250 (plans),"When his breath departs, he returns to the earth; on that very day his plans perish."
Psa 147:18,H7307H,spirit: breath,wind,M65:Speech & Tongue,H1697G (word),"He sends out his word, and melts them; he makes his wind blow and the waters flow."
Psa 147:3,H3820A,heart,brokenhearted,"M24:Faintness & Despair,M10:Violence & Cruelty","H7665 (brokenhearted),H6094 (wounds)",He heals the brokenhearted and binds up their wounds.
Psa 148:8,H7307H,spirit: breath,wind,M65:Speech & Tongue,H1697G (word),"fire and hail, snow and mist, stormy wind fulfilling his word!"
Psa 14:1,H3820A,heart,heart,"M76:Walk & Conduct,M16:Wisdom & Folly,M55:Destruction & Ruin,M06:Malice & Enmity,M28:Envy & Greed,M05:Kindness & Friendship","H5329 (choirmaster),H5036 (fool),H7843 (corrupt),H8581 (abominable),H5949 (deeds),H2896B (good)","To the choirmaster. Of David. The fool says in his heart, “There is no God.” They are corrupt, they do abominable deeds; there is none who does good."
Psa 15:2,H3824,heart,heart,"M12:Righteousness & Integrity,M42:Prayer & Petition,M13:Faith & Faithfulness","H8549H (blamelessly),H6664G (right),H1696G (speaks),H0571H (truth)",He who walks blamelessly and does what is right and speaks truth in his heart;
Psa 16:10,H5315G,soul,soul,"M30:Rebellion & Stubbornness,M05:Kindness & Friendship","H5800A (abandon),H2623 (holy one)","For you will not abandon my soul to Sheol, or let your holy one see corruption."
Psa 16:9,H3820A,heart,heart,"M04:Joy & Gladness,M22:Praise & Song,M19:Trust & Refuge","H8055 (glad),H3519 (whole being),H1523 (rejoices),H0983 (secure)","Therefore my heart is glad, and my whole being rejoices; my flesh also dwells secure."
Psa 16:9,H1320,flesh,flesh,"M04:Joy & Gladness,M22:Praise & Song,M19:Trust & Refuge","H8055 (glad),H3519 (whole being),H1523 (rejoices),H0983 (secure)","Therefore my heart is glad, and my whole being rejoices; my flesh also dwells secure."
Psa 17:13,H5315G,soul,soul,"M08:Pride & Arrogance,M58:Wickedness","H6965B (Arise),H7563 (wicked)","Arise, O Lord! Confront him, subdue him! Deliver my soul from the wicked by your sword,"
Psa 17:3,H3820A,heart,heart,"M35:Being Tested,M64:Will & Resolve,M56:Sin & Guilt","H0974 (tested),H2161 (purposed),H5674D (transgress)","You have tried my heart, you have visited me by night, you have tested me, and you will find nothing; I have purposed that my mouth will not transgress."
Psa 17:9,H5315H,soul: life,deadly,"M58:Wickedness,M55:Destruction & Ruin,M06:Malice & Enmity","H7563 (wicked),H7703 (violence),H0341 (enemies)","from the wicked who do me violence, my deadly enemies who surround me."
Psa 18:15,H7307H,spirit: breath,breath,M25:Life & Death,H5397 (blast),"Then the channels of the sea were seen, and the foundations of the world were laid bare at your rebuke, O Lord, at the blast of the breath of your nostrils."
Psa 19:14,H3820A,heart,heart,"M65:Speech & Tongue,M15:Knowing & Understanding,M18:Desire & Longing","H0561 (words),H1902H (meditation),H7522 (acceptable)","Let the words of my mouth and the meditation of my heart be acceptable in your sight, O Lord, my rock and my redeemer."
Psa 19:7,H5315G,soul,soul,"M54:Torah & Obedience,M61:Purity & Holiness,M13:Faith & Faithfulness,M15:Knowing & Understanding,M16:Wisdom & Folly","H8451 (law),H8549G (perfect),H0539 (sure),H2449 (wise),H6612A (simple)","The law of the Lord is perfect, reviving the soul; the testimony of the Lord is sure, making wise the simple;"
Psa 19:8,H3820A,heart,heart,"M12:Righteousness & Integrity,M04:Joy & Gladness,M54:Torah & Obedience","H3477G (right),H8055 (rejoicing),H4687 (commandment),H1249 (pure)","the precepts of the Lord are right, rejoicing the heart; the commandment of the Lord is pure, enlightening the eyes;"
Psa 1:4,H7307H,spirit: breath,wind,M58:Wickedness,H7563 (wicked),"The wicked are not so, but are like chaff that the wind drives away."
Psa 20:4,H3824,heart,heart’s desire,M16:Wisdom & Folly,H6098 (plans),May he grant you your heart’s desire and fulfill all your plans!
Psa 21:2,H3820A,heart,heart’s,M18:Desire & Longing,H8378 (desire),You have given him his heart’s desire and have not withheld the request of his lips. Selah
Psa 22:20,H5315G,soul,soul,"M45:Renewal & Transformation,M72:Authority & Dominion","H5337 (Deliver),H3027H (power)","Deliver my soul from the sword, my precious life from the power of the dog!"
Psa 22:26,H3824,heart,hearts,"M09:Humility & Lowliness,M45:Renewal & Transformation,M83:Seeking & Inquiring,M22:Praise & Song,M25:Life & Death,M34:Patience & Perseverance","H6035 (afflicted),H7646 (satisfied),H1875 (seek),H1984B (praise),H2421 (live),H5703 (forever)",The afflicted shall eat and be satisfied; those who seek him shall praise the Lord! May your hearts live forever!
Psa 22:29,H5315I,soul: myself,himself,M25:Life & Death,H2421 (alive),"All the prosperous of the earth eat and worship; before him shall bow all who go down to the dust, even the one who could not keep himself alive."
Psa 23:3,H5315G,soul,soul,M12:Righteousness & Integrity,H6664G (righteousness),He restores my soul. He leads me in paths of righteousness for his name’s sake.
Psa 24:4,H3824,heart,heart,"M12:Righteousness & Integrity,M19:Trust & Refuge,M14:Deceit & Falsehood","H5355A (clean),H1249 (pure),H5375O (lift up),H7723G (false),H4820 (deceitfully)","He who has clean hands and a pure heart, who does not lift up his soul to what is false and does not swear deceitfully."
Psa 24:4,H5315G,soul,soul,"M12:Righteousness & Integrity,M19:Trust & Refuge,M14:Deceit & Falsehood","H5355A (clean),H1249 (pure),H5375O (lift up),H7723G (false),H4820 (deceitfully)","He who has clean hands and a pure heart, who does not lift up his soul to what is false and does not swear deceitfully."
Psa 25:1,H5315G,soul,soul,M19:Trust & Refuge,H5375O (lift up),"Of David. To you, O Lord, I lift up my soul."
Psa 25:13,H5315G,soul,soul,M05:Kindness & Friendship,H2896B (well-being),"His soul shall abide in well-being, and his offspring shall inherit the land."
Psa 25:17,H3824,heart,heart,"M24:Faintness & Despair,M23:Strength & Courage","H6869B (troubles),H7337 (enlarged),H4691 (distresses)",The troubles of my heart are enlarged; bring me out of my distresses.
Psa 25:20,H5315G,soul,soul,"M74:Keeping & Guarding,M45:Renewal & Transformation,M07:Shame & Confusion,M19:Trust & Refuge","H8104H (guard),H5337 (deliver),H0954 (put to shame),H2620 (take refuge)","Oh, guard my soul, and deliver me! Let me not be put to shame, for I take refuge in you."
Psa 26:2,H3820A,heart,heart,M35:Being Tested,"H0974 (Prove),H5254H (try)","Prove me, O Lord, and try me; test my heart and my mind."
Psa 26:9,H5315G,soul,soul,"M56:Sin & Guilt,M25:Life & Death","H2400 (sinners),H2416E (life)","Do not sweep my soul away with sinners, nor my life with bloodthirsty men,"
Psa 27:12,H5315L,soul: appetite,will,"M06:Malice & Enmity,M14:Deceit & Falsehood,M10:Violence & Cruelty","H6862C (adversaries),H8267 (false),H2555 (violence)","Give me not up to the will of my adversaries; for false witnesses have risen against me, and they breathe out violence."
Psa 27:14,H3820A,heart,heart,"M68:Hope & Waiting,M23:Strength & Courage","H6960A (Wait),H2388G (strong),H0553 (take courage),H6960A (wait)","Wait for the Lord; be strong, and let your heart take courage; wait for the Lord!"
Psa 27:2,H1320,flesh,flesh,"M58:Wickedness,M06:Malice & Enmity,M77:Stumbling & Trial","H7489A (evildoers),H6862C (adversaries),H0341 (foes),H3782 (stumble)","When evildoers assail me to eat up my flesh, my adversaries and foes, it is they who stumble and fall."
Psa 27:3,H3820A,heart,heart,"M01:Fear & Awe,M10:Violence & Cruelty,M08:Pride & Arrogance,M19:Trust & Refuge","H3372G (fear),H4421 (war),H6965B (arise),H0982 (confident)","Though an army encamp against me, my heart shall not fear; though war arise against me, yet I will be confident."
Psa 27:8,H3820A,heart,heart,M83:Seeking & Inquiring,"H1245 (Seek),H1245 (seek)","You have said, “ Seek my face.” My heart says to you, “Your face, Lord, do I seek.”"
Psa 28:3,H3824,heart,hearts,"M58:Wickedness,M42:Prayer & Petition,M33:Rest & Peace","H7563 (wicked),H0205G (evil),H1696G (speak),H7965G (peace),H7451I (evil)","Do not drag me off with the wicked, with the workers of evil, who speak peace with their neighbors while evil is in their hearts."
Psa 28:7,H3820A,heart,heart,"M23:Strength & Courage,M19:Trust & Refuge,M45:Renewal & Transformation,M04:Joy & Gladness,M22:Praise & Song,M49:Thanksgiving","H5797 (strength),H0982 (trusts),H5826 (helped),H5937 (exults),H7892A (song),H3034 (give thanks)","The Lord is my strength and my shield; in him my heart trusts, and I am helped; my heart exults, and with my song I give thanks to him."
Psa 28:7,H3820A,heart,heart,"M23:Strength & Courage,M19:Trust & Refuge,M45:Renewal & Transformation,M04:Joy & Gladness,M22:Praise & Song,M49:Thanksgiving","H5797 (strength),H0982 (trusts),H5826 (helped),H5937 (exults),H7892A (song),H3034 (give thanks)","The Lord is my strength and my shield; in him my heart trusts, and I am helped; my heart exults, and with my song I give thanks to him."
Psa 30:3,H5315G,soul,soul,M25:Life & Death,H2421 (restored me to life),"O Lord, you have brought up my soul from Sheol; you restored me to life from among those who go down to the pit."
Psa 31:12,H3820A,heart,forgotten,M81:Memory (act),H7911 (forgotten),I have been forgotten like one who is dead; I have become like a broken vessel.
Psa 31:13,H5315H,soul: life,life,"M41:Being Heard,M14:Deceit & Falsehood,M01:Fear & Awe,M64:Will & Resolve","H8085G (hear),H1681 (whispering),H4032 (terror),H2161 (plot)","For I hear the whispering of many — terror on every side!— as they scheme together against me, as they plot to take my life."
Psa 31:24,H3824,heart,heart,"M23:Strength & Courage,M68:Hope & Waiting","H2388G (strong),H0553 (take courage),H3176H (wait)","Be strong, and let your heart take courage, all you who wait for the Lord!"
Psa 31:5,H7307G,spirit,spirit,"M79:Salvation & Ransom,M13:Faith & Faithfulness","H6299 (redeemed),H0571G (faithful)","Into your hand I commit my spirit; you have redeemed me, O Lord, faithful God."
Psa 31:7,H5315G,soul,soul,"M04:Joy & Gladness,M50:Grace & Mercy,M24:Faintness & Despair,M15:Knowing & Understanding","H1523 (rejoice),H8055 (glad),H2617A (steadfast love),H6040 (affliction),H3045 (known),H6869B (distress)","I will rejoice and be glad in your steadfast love, because you have seen my affliction; you have known the distress of my soul,"
Psa 31:9,H5315G,soul,soul,"M50:Grace & Mercy,M02:Anger & Wrath","H2603A (gracious),H3708A (grief)","Be gracious to me, O Lord, for I am in distress; my eye is wasted from grief; my soul and my body also."
Psa 32:11,H3820A,heart,heart,"M04:Joy & Gladness,M12:Righteousness & Integrity,M22:Praise & Song","H8055 (glad),H1523 (rejoice),H6662 (righteous),H7442B (joy),H3477G (upright)","Be glad in the Lord, and rejoice, O righteous, and shout for joy, all you upright in heart!"
Psa 32:2,H7307G,spirit,spirit,"M80:Blessing,M64:Will & Resolve,M56:Sin & Guilt,M14:Deceit & Falsehood","H0835 (Blessed),H2803H (counts),H5771G (iniquity),H7423A (deceit)","Blessed is the man against whom the Lord counts no iniquity, and in whose spirit there is no deceit."
Psa 33:11,H3820A,heart,heart,"M16:Wisdom & Folly,M06:Malice & Enmity","H6098 (counsel),H4284 (plans)","The counsel of the Lord stands forever, the plans of his heart to all generations."
Psa 33:15,H3820A,heart,hearts,M15:Knowing & Understanding,H0995 (observes),he who fashions the hearts of them all and observes all their deeds.
Psa 33:19,H5315G,soul,soul,"M45:Renewal & Transformation,M25:Life & Death","H5337 (deliver),H2421 (alive)",that he may deliver their soul from death and keep them alive in famine.
Psa 33:20,H5315G,soul,soul,M68:Hope & Waiting,H2442 (waits),Our soul waits for the Lord; he is our help and our shield.
Psa 33:21,H3820A,heart,heart,"M04:Joy & Gladness,M19:Trust & Refuge,M61:Purity & Holiness","H8055 (glad),H0982 (trust),H6944G (holy)","For our heart is glad in him, because we trust in his holy name."
Psa 33:6,H7307H,spirit: breath,breath,M65:Speech & Tongue,H1697G (word),"By the word of the Lord the heavens were made, and by the breath of his mouth all their host."
Psa 34:18,H3820A,heart,brokenhearted,"M24:Faintness & Despair,M45:Renewal & Transformation,M11:Turning & Repentance","H7665 (brokenhearted),H3467 (saves),H1793A (crushed)",The Lord is near to the brokenhearted and saves the crushed in spirit.
Psa 34:18,H7307G,spirit,spirit,"M24:Faintness & Despair,M45:Renewal & Transformation,M11:Turning & Repentance","H7665 (brokenhearted),H3467 (saves),H1793A (crushed)",The Lord is near to the brokenhearted and saves the crushed in spirit.
Psa 34:2,H5315G,soul,soul,"M08:Pride & Arrogance,M09:Humility & Lowliness,M41:Being Heard,M04:Joy & Gladness","H1984H (boast),H6035 (humble),H8085G (hear),H8055 (glad)",My soul makes its boast in the Lord; let the humble hear and be glad.
Psa 34:22,H5315H,soul: life,life,"M79:Salvation & Ransom,M36:Worship & Service,M19:Trust & Refuge,M56:Sin & Guilt","H6299 (redeems),H5650 (servants),H2620 (take refuge),H0816 (condemned)",The Lord redeems the life of his servants; none of those who take refuge in him will be condemned.
Psa 35:12,H5315G,soul,soul,"M58:Wickedness,M03:Grief & Lament","H7451I (evil),H7908 (bereft)",They repay me evil for good; my soul is bereft.
Psa 35:13,H5315I,soul: myself,myself,"M73:Sickness & Weakness,M24:Faintness & Despair,M42:Prayer & Petition","H2470H (sick),H6031B (afflicted),H8605 (prayed)","But I, when they were sick — I wore sackcloth; I afflicted myself with fasting; I prayed with head bowed on my chest."
Psa 35:13,H2436G,bosom: embrace,chest,"M73:Sickness & Weakness,M24:Faintness & Despair,M42:Prayer & Petition","H2470H (sick),H6031B (afflicted),H8605 (prayed)","But I, when they were sick — I wore sackcloth; I afflicted myself with fasting; I prayed with head bowed on my chest."
Psa 35:3,H5315G,soul,soul,"M37:Firstborn & Foreknowledge,M79:Salvation & Ransom","H7122H (against),H3444 (salvation)","Draw the spear and javelin against my pursuers! Say to my soul, “ I am your salvation!”"
Psa 35:4,H5315H,soul: life,life,"M07:Shame & Confusion,M83:Seeking & Inquiring,M64:Will & Resolve,M58:Wickedness","H0954 (put to shame),H3637 (dishonor),H1245 (seek),H2659 (disappointed),H2803I (devise),H7451I (evil)",Let them be put to shame and dishonor who seek after my life! Let them be turned back and disappointed who devise evil against me!
Psa 35:7,H5315H,soul: life,life,M20:Doubt & Discouragement,H2934 (hid),For without cause they hid their net for me; without cause they dug a pit for my life.
Psa 35:9,H5315G,soul,soul,"M04:Joy & Gladness,M79:Salvation & Ransom","H1523 (rejoice),H7797 (exulting),H3444 (salvation)","Then my soul will rejoice in the Lord, exulting in his salvation."
Psa 36:1,H3820A,heart,heart,"M76:Walk & Conduct,M36:Worship & Service,M56:Sin & Guilt,M42:Prayer & Petition,M58:Wickedness,M01:Fear & Awe","H5329 (choirmaster),H5650 (servant),H6588 (Transgression),H5002 (speaks),H7563 (wicked),H6343 (fear)","To the choirmaster. Of David, the servant of the Lord. Transgression speaks to the wicked deep in his heart; there is no fear of God before his eyes."
Psa 36:10,H3820A,heart,heart,"M50:Grace & Mercy,M15:Knowing & Understanding,M12:Righteousness & Integrity","H2617A (steadfast love),H3045 (know),H6666 (righteousness),H3477G (upright)","Oh, continue your steadfast love to those who know you, and your righteousness to the upright of heart!"
Psa 37:15,H3820A,heart,heart,M24:Faintness & Despair,H7665 (broken),"their sword shall enter their own heart, and their bows shall be broken."
Psa 37:31,H3820A,heart,heart,M54:Torah & Obedience,H8451 (law),The law of his God is in his heart; his steps do not slip.
Psa 37:4,H3820A,heart,heart,"M18:Desire & Longing,M42:Prayer & Petition","H6026 (Delight),H4862 (desires)","Delight yourself in the Lord, and he will give you the desires of your heart."
Psa 38:10,H3820A,heart,heart,"M23:Strength & Courage,M30:Rebellion & Stubbornness","H3581B (strength),H5800A (fails)","My heart throbs; my strength fails me, and the light of my eyes — it also has gone from me."
Psa 38:12,H5315H,soul: life,life,"M83:Seeking & Inquiring,M24:Faintness & Despair,M42:Prayer & Petition,M18:Desire & Longing,M84:Outcry & Shouting,M14:Deceit & Falsehood","H1245 (seek),H1875 (seek),H7451C (hurt),H1696G (speak),H1942 (ruin),H1897 (meditate),H4820 (treachery)",Those who seek my life lay their snares; those who seek my hurt speak of ruin and meditate treachery all day long.
Psa 38:3,H1320,flesh,flesh,"M61:Purity & Holiness,M02:Anger & Wrath,M33:Rest & Peace,M56:Sin & Guilt","H4974 (soundness),H2195 (indignation),H7965I (health),H2403B (sin)",There is no soundness in my flesh because of your indignation; there is no health in my bones because of my sin.
Psa 38:7,H1320,flesh,flesh,M61:Purity & Holiness,H4974 (soundness),"For my sides are filled with burning, and there is no soundness in my flesh."
Psa 38:8,H3820A,heart,heart,"M73:Sickness & Weakness,M10:Violence & Cruelty,M84:Outcry & Shouting,M03:Grief & Lament","H6313 (feeble),H1794 (crushed),H7580 (groan),H5100 (tumult)",I am feeble and crushed; I groan because of the tumult of my heart.
Psa 39:3,H3820A,heart,heart,"M15:Knowing & Understanding,M42:Prayer & Petition","H1901 (mused),H1696G (spoke)","My heart became hot within me. As I mused, the fire burned; then I spoke with my tongue:"
Psa 3:2,H5315G,soul,soul,M79:Salvation & Ransom,H3444 (salvation),"many are saying of my soul, ""There is no salvation for him in God."" Selah"
Psa 40:10,H3820A,heart,heart,"M45:Renewal & Transformation,M12:Righteousness & Integrity,M13:Faith & Faithfulness,M20:Doubt & Discouragement,M50:Grace & Mercy,M44:Covenant & Fellowship","H3680 (hidden),H6666 (deliverance),H0530 (faithfulness),H8668G (salvation),H3582 (concealed),H2617A (steadfast love),H0571G (faithfulness),H6951 (congregation)",I have not hidden your deliverance within my heart; I have spoken of your faithfulness and your salvation; I have not concealed your steadfast love and your faithfulness from the great congregation.
Psa 40:12,H3820A,heart,heart,"M58:Wickedness,M56:Sin & Guilt,M23:Strength & Courage,M30:Rebellion & Stubbornness","H7451I (evils),H5771G (iniquities),H3201 (cannot),H5800A (fails)","For evils have encompassed me beyond number; my iniquities have overtaken me, and I cannot see; they are more than the hairs of my head; my heart fails me."
Psa 40:14,H5315H,soul: life,life,"M07:Shame & Confusion,M83:Seeking & Inquiring,M18:Desire & Longing,M24:Faintness & Despair","H0954 (put to shame),H2659 (disappointed),H1245 (seek),H3637 (brought to dishonor),H2655 (delight),H7451C (hurt)",Let those be put to shame and disappointed altogether who seek to snatch away my life; let those be turned back and brought to dishonor who delight in my hurt!
Psa 41:2,H5315L,soul: appetite,will,"M74:Keeping & Guarding,M25:Life & Death,M80:Blessing,M06:Malice & Enmity","H8104H (protects),H2421 (alive),H0833 (called blessed),H0341 (enemies)",the Lord protects him and keeps him alive; he is called blessed in the land; you do not give him up to the will of his enemies.
Psa 41:4,H5315I,soul: myself,me,"M50:Grace & Mercy,M56:Sin & Guilt","H2603A (gracious),H2398 (sinned)","As for me, I said, “O Lord, be gracious to me; heal me, for I have sinned against you!”"
Psa 41:6,H3820A,heart,heart,"M42:Prayer & Petition,M14:Deceit & Falsehood,M58:Wickedness","H1696G (utters),H7723G (empty),H0205G (iniquity),H1696G (tells)","And when one comes to see me, he utters empty words, while his heart gathers iniquity; when he goes out, he tells it abroad."
Psa 42:1,H5315G,soul,soul,"M76:Walk & Conduct,M18:Desire & Longing","H5329 (choirmaster),H6165 (pants)","To the choirmaster. A Maskil of the Sons of Korah. As a deer pants for flowing streams, so pants my soul for you, O God."
Psa 42:11,H5315G,soul,soul,"M84:Outcry & Shouting,M68:Hope & Waiting,M49:Thanksgiving,M79:Salvation & Ransom","H1993 (turmoil),H3176H (Hope),H3034 (praise),H3444 (salvation)","Why are you cast down, O my soul, and why are you in turmoil within me? Hope in God; for I shall again praise him, my salvation and my God."
Psa 42:2,H5315G,soul,soul,"M18:Desire & Longing,M25:Life & Death","H6770 (thirsts),H2416A (living)","My soul thirsts for God, for the living God. When shall I come and appear before God?"
Psa 42:4,H5315G,soul,soul,"M81:Memory (act),M42:Prayer & Petition,M49:Thanksgiving,M71:Glory & Splendor","H2142 (remember),H7440 (glad),H8426 (songs),H2287 (keeping festival)","These things I remember, as I pour out my soul: how I would go with the throng and lead them in procession to the house of God with glad shouts and songs of praise, a multitude keeping festival."
Psa 42:5,H5315G,soul,soul,"M84:Outcry & Shouting,M68:Hope & Waiting,M49:Thanksgiving,M79:Salvation & Ransom","H1993 (turmoil),H3176H (Hope),H3034 (praise),H3444 (salvation)","Why are you cast down, O my soul, and why are you in turmoil within me? Hope in God; for I shall again praise him, my salvation"
Psa 42:6,H5315G,soul,soul,M81:Memory (act),H2142 (remember),"and my God. My soul is cast down within me; therefore I remember you from the land of Jordan and of Hermon, from Mount Mizar."
Psa 43:5,H5315G,soul,soul,"M84:Outcry & Shouting,M68:Hope & Waiting,M49:Thanksgiving,M79:Salvation & Ransom","H1993 (turmoil),H3176H (Hope),H3034 (praise),H3444 (salvation)","Why are you cast down, O my soul, and why are you in turmoil within me? Hope in God; for I shall again praise him, my salvation and my God."
Psa 44:21,H3820A,heart,heart,M15:Knowing & Understanding,H3045 (knows),would not God discover this? For he knows the secrets of the heart.
Psa 45:1,H3820A,heart,heart,"M76:Walk & Conduct,M22:Praise & Song,M18:Desire & Longing,M65:Speech & Tongue,M72:Authority & Dominion","H5329 (choirmaster),H7892A (song),H2896A (pleasing),H1697I (theme),H4428G (king)",To the choirmaster: according to Lilies. A Maskil of the Sons of Korah; a love song. My heart overflows with a pleasing theme; I address my verses to the king; my tongue is like the pen of a ready scribe.
Psa 45:5,H3820A,heart,heart,"M72:Authority & Dominion,M06:Malice & Enmity","H4428G (king’s),H0341 (enemies)",Your arrows are sharp in the heart of the king’s enemies; the peoples fall under you.
Psa 46:2,H3820A,heart,heart,"M01:Fear & Awe,M45:Renewal & Transformation","H3372G (fear),H4171 (give way)","Therefore we will not fear though the earth give way, though the mountains be moved into the heart of the sea,"
Psa 48:13,H3820A,heart,well,M15:Knowing & Understanding,H7896K (consider),"consider well her ramparts, go through her citadels, that you may tell the next generation"
Psa 48:7,H7307H,spirit: breath,wind,M24:Faintness & Despair,H7665 (shattered),By the east wind you shattered the ships of Tarshish.
Psa 49:15,H5315G,soul,soul,"M79:Salvation & Ransom,M72:Authority & Dominion","H6299 (ransom),H3027H (power)","But God will ransom my soul from the power of Sheol, for he will receive me. Selah"
Psa 49:18,H5315G,soul,he,"M25:Life & Death,M80:Blessing,M49:Thanksgiving,M05:Kindness & Friendship","H2416E (lives),H1288 (blessed),H3034 (praise),H3190 (well)","For though, while he lives, he counts himself blessed — and though you get praise when you do well for yourself —"
Psa 49:3,H3820A,heart,heart,"M42:Prayer & Petition,M16:Wisdom & Folly,M15:Knowing & Understanding","H1696G (speak),H2451 (wisdom),H1900 (meditation),H8394 (understanding)",My mouth shall speak wisdom; the meditation of my heart shall be understanding.
Psa 49:8,H5315G,soul,life,M18:Desire & Longing,H3365 (costly),"for the ransom of their life is costly and can never suffice,"
Psa 4:4,H3824,heart,hearts,"M01:Fear & Awe,M56:Sin & Guilt,M33:Rest & Peace","H7264 (angry),H2398 (sin),H1826H (silent)","Be angry, and do not sin; ponder in your own hearts on your beds, and be silent. Selah"
Psa 4:7,H3820A,heart,heart,M04:Joy & Gladness,H8057 (joy),You have put more joy in my heart than they have when their grain and wine abound.
Psa 51:10,H3820A,heart,heart,"M12:Righteousness & Integrity,M45:Renewal & Transformation,M23:Strength & Courage","H2889 (clean),H2318 (renew),H3559K (right)","Create in me a clean heart, O God, and renew a right spirit within me."
Psa 51:10,H7307G,spirit,spirit,"M12:Righteousness & Integrity,M45:Renewal & Transformation,M23:Strength & Courage","H2889 (clean),H2318 (renew),H3559K (right)","Create in me a clean heart, O God, and renew a right spirit within me."
Psa 51:11,H7307G,spirit,Spirit,M61:Purity & Holiness,H6944G (Holy),"Cast me not away from your presence, and take not your Holy Spirit from me."
Psa 51:12,H7307G,spirit,spirit,"M04:Joy & Gladness,M79:Salvation & Ransom,M70:Lifting & Bearing,M09:Humility & Lowliness","H8342 (joy),H3468 (salvation),H5564 (uphold),H5081G (willing)","Restore to me the joy of your salvation, and uphold me with a willing spirit."
Psa 51:17,H7307G,spirit,spirit,"M24:Faintness & Despair,M10:Violence & Cruelty,M30:Rebellion & Stubbornness","H7665 (broken),H1794 (contrite),H0959 (despise)","The sacrifices of God are a broken spirit; a broken and contrite heart, O God, you will not despise."
Psa 51:17,H3820A,heart,heart,"M24:Faintness & Despair,M10:Violence & Cruelty,M30:Rebellion & Stubbornness","H7665 (broken),H1794 (contrite),H0959 (despise)","The sacrifices of God are a broken spirit; a broken and contrite heart, O God, you will not despise."
Psa 53:1,H3820A,heart,heart,"M76:Walk & Conduct,M16:Wisdom & Folly,M55:Destruction & Ruin,M06:Malice & Enmity,M12:Righteousness & Integrity,M05:Kindness & Friendship","H5329 (choirmaster),H5036 (fool),H7843 (corrupt),H8581 (abominable),H5766A (iniquity),H2896B (good)","To the choirmaster: according to Mahalath. A Maskil of David. The fool says in his heart, “There is no God.” They are corrupt, doing abominable iniquity; there is none who does good."
Psa 54:3,H5315H,soul: life,life,"M10:Violence & Cruelty,M83:Seeking & Inquiring","H6184 (ruthless men),H1245 (seek)",For strangers have risen against me; ruthless men seek my life; they do not set God before themselves. Selah
Psa 54:4,H5315H,soul: life,life,"M45:Renewal & Transformation,M70:Lifting & Bearing","H5826 (helper),H5564 (upholder)","Behold, God is my helper; the Lord is the upholder of my life."
Psa 55:18,H5315G,soul,soul,"M79:Salvation & Ransom,M33:Rest & Peace","H6299 (redeems),H7965I (safety)","He redeems my soul in safety from the battle that I wage, for many are arrayed against me."
Psa 55:21,H3820A,heart,heart,"M65:Speech & Tongue,M05:Kindness & Friendship","H6310I (speech),H1697G (words),H7401 (softer)","His speech was smooth as butter, yet war was in his heart; his words were softer than oil, yet they were drawn swords."
Psa 55:4,H3820A,heart,heart,M01:Fear & Awe,"H2342A (anguish),H0367 (terrors)",My heart is in anguish within me; the terrors of death have fallen upon me.
Psa 56:13,H5315G,soul,soul,"M45:Renewal & Transformation,M25:Life & Death","H5337 (delivered),H2416A (life)","For you have delivered my soul from death, yes, my feet from falling, that I may walk before God in the light of life."
Psa 56:4,H1320,flesh,flesh,"M65:Speech & Tongue,M22:Praise & Song,M19:Trust & Refuge,M01:Fear & Awe","H1697G (word),H1984B (praise),H0982 (trust),H3372G (afraid)","In God, whose word I praise, in God I trust; I shall not be afraid. What can flesh do to me?"
Psa 56:6,H5315H,soul: life,life,"M74:Keeping & Guarding,M68:Hope & Waiting","H8104I (watch),H6960A (waited)","They stir up strife, they lurk; they watch my steps, as they have waited for my life."
Psa 57:1,H5315G,soul,soul,"M76:Walk & Conduct,M50:Grace & Mercy,M19:Trust & Refuge,M18:Desire & Longing","H5329 (choirmaster),H2603A (merciful),H2620 (refuge),H2620 (take refuge),H1942 (destruction)","To the choirmaster: according to Do Not Destroy. A Miktam of David, when he fled from Saul, in the cave. Be merciful to me, O God, be merciful to me, for in you my soul takes refuge; in the shadow of your wings I will take refuge, till the storms of destruction pass by."
Psa 57:7,H3820A,heart,heart,M22:Praise & Song,"H7891 (sing),H2167 (make melody)","My heart is steadfast, O God, my heart is steadfast! I will sing and make melody!"
Psa 57:7,H3820A,heart,heart,M22:Praise & Song,"H7891 (sing),H2167 (make melody)","My heart is steadfast, O God, my heart is steadfast! I will sing and make melody!"
Psa 58:2,H3820A,heart,hearts,"M12:Righteousness & Integrity,M28:Envy & Greed,M10:Violence & Cruelty","H5766B (wrongs),H6424 (deal out),H2555 (violence)","No, in your hearts you devise wrongs; your hands deal out violence on earth."
Psa 59:3,H5315H,soul: life,life,"M23:Strength & Courage,M56:Sin & Guilt","H5794 (fierce men),H6588 (transgression),H2403B (sin)","For behold, they lie in wait for my life; fierce men stir up strife against me. For no transgression or sin of mine, O Lord,"
Psa 61:2,H3820A,heart,heart,"M42:Prayer & Petition,M24:Faintness & Despair,M22:Praise & Song","H7121G (call),H5848C (faint),H7311A (higher)","from the end of the earth I call to you when my heart is faint. Lead me to the rock that is higher than I,"
Psa 62:1,H5315G,soul,soul,"M76:Walk & Conduct,M22:Praise & Song,M33:Rest & Peace,M79:Salvation & Ransom","H5329 (choirmaster),H4210 (Psalm),H1747 (waits),H3444 (salvation)",To the choirmaster: according to Jeduthun. A Psalm of David. For God alone my soul waits in silence; from him comes my salvation.
Psa 62:10,H3820A,heart,heart,"M19:Trust & Refuge,M46:Wealth & Riches","H0982 (trust),H2428H (riches)","Put no trust in extortion; set no vain hopes on robbery; if riches increase, set not your heart on them."
Psa 62:5,H5315G,soul,soul,"M33:Rest & Peace,M68:Hope & Waiting","H1826H (silence),H8615B (hope)","For God alone, O my soul, wait in silence, for my hope is from him."
Psa 62:8,H3824,heart,heart,M19:Trust & Refuge,"H0982 (Trust),H4268 (refuge)","Trust in him at all times, O people; pour out your heart before him; God is a refuge for us. Selah"
Psa 63:1,H5315G,soul,soul,"M22:Praise & Song,M83:Seeking & Inquiring,M18:Desire & Longing,M24:Faintness & Despair","H4210 (Psalm),H7836 (seek),H6770 (thirsts),H3642 (faints),H5889 (weary)","A Psalm of David, when he was in the wilderness of Judah. O God, you are my God; earnestly I seek you; my soul thirsts for you; my flesh faints for you, as in a dry and weary land where there is no water."
Psa 63:1,H1320,flesh,flesh,"M22:Praise & Song,M83:Seeking & Inquiring,M18:Desire & Longing,M24:Faintness & Despair","H4210 (Psalm),H7836 (seek),H6770 (thirsts),H3642 (faints),H5889 (weary)","A Psalm of David, when he was in the wilderness of Judah. O God, you are my God; earnestly I seek you; my soul thirsts for you; my flesh faints for you, as in a dry and weary land where there is no water."
Psa 63:5,H5315G,soul,soul,"M45:Renewal & Transformation,M22:Praise & Song,M48:Astonishment & Wonder","H7646 (satisfied),H1984B (praise),H7445 (joyful)","My soul will be satisfied as with fat and rich food, and my mouth will praise you with joyful lips,"
Psa 63:9,H5315H,soul: life,life,"M83:Seeking & Inquiring,M55:Destruction & Ruin","H1245 (seek),H7722B (destroy)",But those who seek to destroy my life shall go down into the depths of the earth;
Psa 64:10,H3820A,heart,heart,"M12:Righteousness & Integrity,M04:Joy & Gladness,M19:Trust & Refuge,M08:Pride & Arrogance","H6662 (righteous),H8055 (rejoice),H2620 (take refuge),H3477G (upright),H1984H (exult)",Let the righteous one rejoice in the Lord and take refuge in him! Let all the upright in heart exult!
Psa 64:6,H3820A,heart,heart,"M12:Righteousness & Integrity,M06:Malice & Enmity","H5766B (injustice),H2665 (search)","They search out injustice, saying, “We have accomplished a diligent search.” For the inward mind and heart of a man are deep."
Psa 65:2,H1320,flesh,flesh,"M41:Being Heard,M42:Prayer & Petition","H8085G (hear),H8605 (prayer)","O you who hear prayer, to you shall all flesh come."
Psa 66:16,H5315G,soul,soul,"M41:Being Heard,M01:Fear & Awe","H8085G (hear),H3373 (fear)","Come and hear, all you who fear God, and I will tell what he has done for my soul."
Psa 66:18,H3820A,heart,heart,"M58:Wickedness,M41:Being Heard","H0205G (iniquity),H8085G (listened)","If I had cherished iniquity in my heart, the Lord would not have listened."
Psa 66:9,H5315G,soul,soul,M25:Life & Death,H2416E (living),who has kept our soul among the living and has not let our feet slip.
Psa 69:1,H5315N,soul: neck,neck,"M76:Walk & Conduct,M45:Renewal & Transformation","H5329 (choirmaster),H3467 (Save)","To the choirmaster: according to Lilies. Of David. Save me, O God! For the waters have come up to my neck."
Psa 69:10,H5315G,soul,soul,"M03:Grief & Lament,M07:Shame & Confusion","H1058 (wept),H2781 (reproach)","When I wept and humbled my soul with fasting, it became my reproach."
Psa 69:18,H5315G,soul,soul,"M79:Salvation & Ransom,M06:Malice & Enmity","H6299 (ransom),H0341 (enemies)","Draw near to my soul, redeem me; ransom me because of my enemies!"
Psa 69:20,H3820A,heart,heart,"M07:Shame & Confusion,M24:Faintness & Despair,M73:Sickness & Weakness,M68:Hope & Waiting,M76:Walk & Conduct,M45:Renewal & Transformation","H2781 (Reproaches),H7665 (broken),H5136 (despair),H6960A (looked),H5110 (pity),H5162G (comforters)","Reproaches have broken my heart, so that I am in despair. I looked for pity, but there was none, and for comforters, but I found none."
Psa 69:32,H3824,heart,hearts,"M09:Humility & Lowliness,M04:Joy & Gladness,M83:Seeking & Inquiring,M25:Life & Death","H6035 (humble),H8055 (glad),H1875 (seek),H2421 (revive)","When the humble see it they will be glad; you who seek God, let your hearts revive."
Psa 6:3,H5315G,soul,soul,M24:Faintness & Despair,H0926 (troubled),"My soul also is greatly troubled. But you, O Lord — how long?"
Psa 6:4,H5315G,soul,life,"M45:Renewal & Transformation,M50:Grace & Mercy","H2502A (deliver),H3467 (save),H2617A (steadfast love)","Turn, O Lord, deliver my life; save me for the sake of your steadfast love."
Psa 70:2,H5315H,soul: life,life,"M07:Shame & Confusion,M83:Seeking & Inquiring,M18:Desire & Longing,M24:Faintness & Despair","H0954 (put to shame),H2659 (confusion),H1245 (seek),H3637 (brought to dishonor),H2655 (delight),H7451C (hurt)",Let them be put to shame and confusion who seek my life! Let them be turned back and brought to dishonor who delight in my hurt!
Psa 71:10,H5315H,soul: life,life,"M06:Malice & Enmity,M74:Keeping & Guarding,M63:Reasoning & Interpretation","H0341 (enemies),H8104I (watch),H3289 (consult)",For my enemies speak concerning me; those who watch for my life consult together
Psa 71:13,H5315I,soul: myself,accusers,"M06:Malice & Enmity,M07:Shame & Confusion,M83:Seeking & Inquiring,M24:Faintness & Despair","H7853 (accusers),H0954 (put to shame),H2781 (scorn),H3639 (disgrace),H1245 (seek),H7451C (hurt)",May my accusers be put to shame and consumed; with scorn and disgrace may they be covered who seek my hurt.
Psa 71:23,H5315G,soul,soul,"M22:Praise & Song,M79:Salvation & Ransom","H7442B (joy),H2167 (sing praises),H6299 (redeemed)","My lips will shout for joy, when I sing praises to you; my soul also, which you have redeemed."
Psa 72:13,H5315H,soul: life,lives,"M50:Grace & Mercy,M09:Humility & Lowliness,M45:Renewal & Transformation","H2347 (pity),H1800 (weak),H0034 (needy),H3467 (saves)","He has pity on the weak and the needy, and saves the lives of the needy."
Psa 72:14,H5315H,soul: life,life,"M24:Faintness & Despair,M10:Violence & Cruelty,M18:Desire & Longing","H8496 (oppression),H2555 (violence),H3365 (precious)","From oppression and violence he redeems their life, and precious is their blood in his sight."
Psa 73:1,H3824,heart,heart,"M22:Praise & Song,M18:Desire & Longing,M12:Righteousness & Integrity","H4210 (Psalm),H2896A (good),H1249 (pure)","A Psalm of Asaph. Truly God is good to Israel, to those who are pure in heart."
Psa 73:13,H3824,heart,heart,M12:Righteousness & Integrity,"H2135 (clean),H5356A (innocence)",All in vain have I kept my heart clean and washed my hands in innocence.
Psa 74:19,H5315G,soul,soul,"M25:Life & Death,M81:Memory (act),M44:Covenant & Fellowship,M24:Faintness & Despair,M34:Patience & Perseverance","H2416C (beasts),H7911 (forget),H2416D (life),H6041 (poor),H5331 (forever)",Do not deliver the soul of your dove to the wild beasts; do not forget the life of your poor forever.
Psa 74:8,H3820A,heart,themselves,M24:Faintness & Despair,H3238 (subdue),"They said to themselves, “We will utterly subdue them”; they burned all the meeting places of God in the land."
Psa 76:12,H7307G,spirit,spirit,"M01:Fear & Awe,M72:Authority & Dominion","H3372G (feared),H4428G (kings)","who cuts off the spirit of princes, who is to be feared by the kings of the earth."
Psa 76:5,H3820A,heart,stouthearted,M23:Strength & Courage,"H0047I (stouthearted),H2428A (war)",The stouthearted were stripped of their spoil; they sank into sleep; all the men of war were unable to use their hands.
Psa 77:2,H5315G,soul,soul,"M24:Faintness & Despair,M83:Seeking & Inquiring,M73:Sickness & Weakness,M30:Rebellion & Stubbornness,M45:Renewal & Transformation","H6869B (trouble),H1875 (seek),H6313 (wearying),H3985 (refuses),H5162G (comforted)",In the day of my trouble I seek the Lord; in the night my hand is stretched out without wearying; my soul refuses to be comforted.
Psa 77:3,H7307G,spirit,spirit,"M81:Memory (act),M84:Outcry & Shouting,M15:Knowing & Understanding,M24:Faintness & Despair","H2142 (remember),H1993 (moan),H7878 (meditate),H5848C (faints)","When I remember God, I moan; when I meditate, my spirit faints. Selah"
Psa 77:6,H3824,heart,heart,"M81:Memory (act),M15:Knowing & Understanding","H2142 (remember),H7878 (meditate)","I said, “Let me remember my song in the night; let me meditate in my heart.” Then my spirit made a diligent search:"
Psa 77:6,H7307G,spirit,spirit,"M81:Memory (act),M15:Knowing & Understanding","H2142 (remember),H7878 (meditate)","I said, “Let me remember my song in the night; let me meditate in my heart.” Then my spirit made a diligent search:"
Psa 78:18,H3824,heart,heart,"M35:Being Tested,M21:Fasting & Piety","H5254G (tested),H7592 (demanding)",They tested God in their heart by demanding the food they craved.
Psa 78:18,H5315L,soul: appetite,craved,"M35:Being Tested,M21:Fasting & Piety","H5254G (tested),H7592 (demanding)",They tested God in their heart by demanding the food they craved.
Psa 78:20,H7607,flesh,meat,M23:Strength & Courage,H3201 (Can),He struck the rock so that water gushed out and streams overflowed. Can he also give bread or provide meat for his people?”
Psa 78:37,H3820A,heart,heart,"M13:Faith & Faithfulness,M44:Covenant & Fellowship","H0539 (faithful),H1285 (covenant)",Their heart was not steadfast toward him; they were not faithful to his covenant.
Psa 78:39,H1320,flesh,flesh,M81:Memory (act),H2142 (remembered),"He remembered that they were but flesh, a wind that passes and comes not again."
Psa 78:39,H7307H,spirit: breath,wind,M81:Memory (act),H2142 (remembered),"He remembered that they were but flesh, a wind that passes and comes not again."
Psa 78:50,H5315I,soul: myself,them,"M28:Envy & Greed,M02:Anger & Wrath,M25:Life & Death","H6424 (made),H0639G (anger),H2416C (lives)","He made a path for his anger; he did not spare them from death, but gave their lives over to the plague."
Psa 78:72,H3824,heart,heart,"M12:Righteousness & Integrity,M15:Knowing & Understanding","H8537 (upright),H8394 (skillful)",With upright heart he shepherded them and guided them with his skillful hand.
Psa 78:8,H3820A,heart,heart,"M30:Rebellion & Stubbornness,M13:Faith & Faithfulness","H5637 (stubborn),H4784 (rebellious),H0539 (faithful)","and that they should not be like their fathers, a stubborn and rebellious generation, a generation whose heart was not steadfast, whose spirit was not faithful to God."
Psa 78:8,H7307G,spirit,spirit,"M30:Rebellion & Stubbornness,M13:Faith & Faithfulness","H5637 (stubborn),H4784 (rebellious),H0539 (faithful)","and that they should not be like their fathers, a stubborn and rebellious generation, a generation whose heart was not steadfast, whose spirit was not faithful to God."
Psa 79:2,H1320,flesh,flesh,"M36:Worship & Service,M05:Kindness & Friendship,M25:Life & Death","H5650 (servants),H2623 (faithful),H2416C (beasts)","They have given the bodies of your servants to the birds of the heavens for food, the flesh of your faithful to the beasts of the earth."
Psa 7:10,H3820A,heart,heart,"M45:Renewal & Transformation,M12:Righteousness & Integrity","H3467 (saves),H3477G (upright)","My shield is with God, who saves the upright in heart."
Psa 7:2,H5315G,soul,soul,M45:Renewal & Transformation,H5337 (deliver),"lest like a lion they tear my soul apart, rending it in pieces, with none to deliver."
Psa 7:5,H5315G,soul,soul,"M06:Malice & Enmity,M25:Life & Death,M22:Praise & Song","H0341 (enemy),H2416E (life),H3519 (glory)","let the enemy pursue my soul and overtake it, and let him trample my life to the ground and lay my glory in the dust. Selah"
Psa 7:9,H3826,heart,hearts,"M58:Wickedness,M12:Righteousness & Integrity,M35:Being Tested","H7451B (evil),H7563 (wicked),H6662 (righteous),H0974 (test)","Oh, let the evil of the wicked come to an end, and may you establish the righteous — you who test the minds and hearts, O righteous God!"
Psa 81:12,H3820A,heart,hearts,"M30:Rebellion & Stubbornness,M16:Wisdom & Folly","H8307 (stubborn),H4156 (counsels)","So I gave them over to their stubborn hearts, to follow their own counsels."
Psa 83:5,H3820A,heart,accord,"M63:Reasoning & Interpretation,M44:Covenant & Fellowship","H3289 (conspire),H3772H (make),H1285 (covenant)",For they conspire with one accord; against you they make a covenant —
Psa 84:2,H5315G,soul,soul,"M18:Desire & Longing,M22:Praise & Song,M25:Life & Death","H3700 (longs),H7442B (sing for joy),H2416A (living)","My soul longs, yes, faints for the courts of the Lord; my heart and flesh sing for joy to the living God."
Psa 84:2,H3820A,heart,heart,"M18:Desire & Longing,M22:Praise & Song,M25:Life & Death","H3700 (longs),H7442B (sing for joy),H2416A (living)","My soul longs, yes, faints for the courts of the Lord; my heart and flesh sing for joy to the living God."
Psa 84:2,H1320,flesh,flesh,"M18:Desire & Longing,M22:Praise & Song,M25:Life & Death","H3700 (longs),H7442B (sing for joy),H2416A (living)","My soul longs, yes, faints for the courts of the Lord; my heart and flesh sing for joy to the living God."
Psa 84:5,H3824,heart,heart,"M80:Blessing,M23:Strength & Courage","H0835 (Blessed),H5797 (strength)","Blessed are those whose strength is in you, in whose heart are the highways to Zion."
Psa 86:11,H3824,heart,heart,"M05:Kindness & Friendship,M76:Walk & Conduct,M13:Faith & Faithfulness,M01:Fear & Awe","H3384B (Teach),H1870G (way),H0571H (truth),H3372H (fear)","Teach me your way, O Lord, that I may walk in your truth; unite my heart to fear your name."
Psa 86:12,H3824,heart,heart,M49:Thanksgiving,H3034 (give thanks),"I give thanks to you, O Lord my God, with my whole heart, and I will glorify your name forever."
Psa 86:13,H5315G,soul,soul,"M50:Grace & Mercy,M45:Renewal & Transformation","H2617A (steadfast love),H5337 (delivered)",For great is your steadfast love toward me; you have delivered my soul from the depths of Sheol.
Psa 86:14,H5315H,soul: life,life,"M08:Pride & Arrogance,M10:Violence & Cruelty,M83:Seeking & Inquiring","H2086 (insolent),H6184 (ruthless men),H1245 (seeks)","O God, insolent men have risen up against me; a band of ruthless men seeks my life, and they do not set you before them."
Psa 86:2,H5315G,soul,life,"M74:Keeping & Guarding,M05:Kindness & Friendship,M45:Renewal & Transformation,M36:Worship & Service,M19:Trust & Refuge","H8104H (Preserve),H2623 (godly),H3467 (save),H5650 (servant),H0982 (trusts)","Preserve my life, for I am godly; save your servant, who trusts in you— you are my God."
Psa 86:4,H5315G,soul,soul,"M04:Joy & Gladness,M36:Worship & Service,M19:Trust & Refuge","H8055 (Gladden),H5650 (servant),H5375O (lift up)","Gladden the soul of your servant, for to you, O Lord, do I lift up my soul."
Psa 86:4,H5315G,soul,soul,"M04:Joy & Gladness,M36:Worship & Service,M19:Trust & Refuge","H8055 (Gladden),H5650 (servant),H5375O (lift up)","Gladden the soul of your servant, for to you, O Lord, do I lift up my soul."
Psa 88:14,H5315G,soul,soul,"M30:Rebellion & Stubbornness,M20:Doubt & Discouragement","H2186A (cast),H5641 (hide)","O Lord, why do you cast my soul away? Why do you hide your face from me?"
Psa 88:3,H5315G,soul,soul,"M45:Renewal & Transformation,M24:Faintness & Despair,M25:Life & Death","H7646 (full),H7451C (troubles),H2416E (life)","For my soul is full of troubles, and my life draws near to Sheol."
Psa 89:48,H5315G,soul,soul,"M25:Life & Death,M72:Authority & Dominion","H2421 (live),H3027H (power)",What man can live and never see death? Who can deliver his soul from the power of Sheol? Selah
Psa 89:50,H2436G,bosom: embrace,heart,"M81:Memory (act),M36:Worship & Service,M07:Shame & Confusion","H2142 (Remember),H5650 (servants),H2781 (mocked)","Remember, O Lord, how your servants are mocked, and how I bear in my heart the insults of all the many nations,"
Psa 90:12,H3824,heart,heart,"M15:Knowing & Understanding,M26:Judgment & Condemnation,M16:Wisdom & Folly","H3045 (teach),H4487 (number),H2451 (wisdom)",So teach us to number our days that we may get a heart of wisdom.
Psa 94:15,H3820A,heart,heart,M12:Righteousness & Integrity,"H4941H (justice),H6664G (righteous),H3477G (upright)","for justice will return to the righteous, and all the upright in heart will follow it."
Psa 94:19,H5315G,soul,soul,"M20:Doubt & Discouragement,M46:Wealth & Riches,M45:Renewal & Transformation,M18:Desire & Longing","H8312 (cares),H7230 (many),H8575 (consolations),H8173B (cheer)","When the cares of my heart are many, your consolations cheer my soul."
Psa 94:21,H5315H,soul: life,life,"M12:Righteousness & Integrity,M58:Wickedness","H6662 (righteous),H7561 (condemn),H5355A (innocent)",They band together against the life of the righteous and condemn the innocent to death.
Psa 95:10,H3824,heart,heart,"M06:Malice & Enmity,M76:Walk & Conduct,M15:Knowing & Understanding","H6962 (loathed),H8582 (go astray),H3045 (known),H1870G (ways)","For forty years I loathed that generation and said, “They are a people who go astray in their heart, and they have not known my ways.”"
Psa 95:8,H3824,heart,hearts,M02:Anger & Wrath,H4809G (Meribah),"do not harden your hearts, as at Meribah, as on the day at Massah in the wilderness,"
Psa 97:10,H5315H,soul: life,lives,"M51:Love & Devotion,M06:Malice & Enmity,M58:Wickedness,M74:Keeping & Guarding,M05:Kindness & Friendship,M45:Renewal & Transformation,M72:Authority & Dominion","H0157G (love),H8130 (hate),H7451B (evil),H8104H (preserves),H2623 (saints),H5337 (delivers),H3027H (hand),H7563 (wicked)","O you who love the Lord, hate evil! He preserves the lives of his saints; he delivers them from the hand of the wicked."
Psa 97:11,H3820A,heart,heart,"M12:Righteousness & Integrity,M04:Joy & Gladness","H6662 (righteous),H8057 (joy),H3477G (upright)","Light is sown for the righteous, and joy for the upright in heart."
Psa 9:1,H3820A,heart,heart,"M76:Walk & Conduct,M22:Praise & Song,M49:Thanksgiving,M48:Astonishment & Wonder","H5329 (choirmaster),H4210 (Psalm),H3034 (give thanks),H6381 (wonderful)",To the choirmaster: according to Muth-labben. A Psalm of David. I will give thanks to the Lord with my whole heart; I will recount all of your wonderful deeds.
Rev 11:11,G4151H,spirit/breath: breath,breath,"M25:Life & Death,M01:Fear & Awe","G2222 (life),G5401 (fear)","But after the three and a half days a breath of life from God entered them, and they stood up on their feet, and great fear fell on those who saw them."
Rev 12:11,G5590H,soul: life,lives,"M23:Strength & Courage,M65:Speech & Tongue,M51:Love & Devotion","G3528 (conquered),G3056 (word),G0025 (loved)","And they have conquered him by the blood of the Lamb and by the word of their testimony, for they loved not their lives even unto death."
Rev 13:15,G4151G,spirit/breath: spirit,breath,"M43:Prophecy & Vision,M36:Worship & Service","G1504 (image),G4352 (worship)","And it was allowed to give breath to the image of the beast, so that the image of the beast might even speak and might cause those who would not worship the image of the beast to be slain."
Rev 14:13,G4151G,spirit/breath: spirit,Spirit,"M80:Blessing,M33:Rest & Peace,M24:Faintness & Despair","G3107 (Blessed),G0373 (rest),G2873 (labors)","And I heard a voice from heaven saying, “ Write this: Blessed are the dead who die in the Lord from now on.” “Blessed indeed,” says the Spirit, “ that they may rest from their labors, for their deeds follow them!”"
Rev 16:13,G4151G,spirit/breath: spirit,spirits,"M15:Knowing & Understanding,M14:Deceit & Falsehood,M10c:Defilement","G1492G (saw),G5578 (false prophet),G0169 (unclean)","And I saw, coming out of the mouth of the dragon and out of the mouth of the beast and out of the mouth of the false prophet, three unclean spirits like frogs."
Rev 16:14,G4151G,spirit/breath: spirit,spirits,"M43:Prophecy & Vision,M23:Strength & Courage","G4592 (signs),G3841 (Almighty)","For they are demonic spirits, performing signs, who go abroad to the kings of the whole world, to assemble them for battle on the great day of God the Almighty."
Rev 16:3,G5590G,soul,thing,M25:Life & Death,G2198 (living),"The second angel poured out his bowl into the sea, and it became like the blood of a corpse, and every living thing died that was in the sea."
Rev 17:16,G4561,flesh,flesh,"M15:Knowing & Understanding,M06:Malice & Enmity","G1492G (saw),G3404 (hate)","And the ten horns that you saw, they and the beast will hate the prostitute. They will make her desolate and naked, and devour her flesh and burn her up with fire,"
Rev 17:17,G2588,heart,hearts,"M15:Knowing & Understanding,M72:Authority & Dominion,M65:Speech & Tongue","G1106 (purpose),G1106 (mind),G0932 (royal power),G3056 (words)","for God has put it into their hearts to carry out his purpose by being of one mind and handing over their royal power to the beast, until the words of God are fulfilled."
Rev 17:3,G4151G,spirit/breath: spirit,Spirit,"M15:Knowing & Understanding,M58:Wickedness","G1492G (saw),G0988 (blasphemous)","And he carried me away in the Spirit into a wilderness, and I saw a woman sitting on a scarlet beast that was full of blasphemous names, and it had seven heads and ten horns."
Rev 18:14,G5590G,soul,soul,"M18:Desire & Longing,M46:Wealth & Riches,M10:Violence & Cruelty","G1939 (longed),G3045 (delicacies),G0622 (lost)","“The fruit for which your soul longed has gone from you, and all your delicacies and your splendors are lost to you, never to be found again!”"
Rev 18:2,G4151G,spirit/breath: spirit,spirit,"M42:Prayer & Petition,M23:Strength & Courage,M10c:Defilement,M06:Malice & Enmity","G2896 (called out),G2478 (mighty),G0169 (unclean),G3404 (detestable)","And he called out with a mighty voice, “ Fallen, fallen is Babylon the great! She has become a dwelling place for demons, a haunt for every unclean spirit, a haunt for every unclean bird, a haunt for every unclean and detestable beast."
Rev 18:7,G2588,heart,heart,"M22:Praise & Song,M35:Being Tested,M03:Grief & Lament,M72:Authority & Dominion,M15:Knowing & Understanding","G1392 (glorified),G0929 (torment),G3997 (mourning),G0938G (queen),G1492G (see)","As she glorified herself and lived in luxury, so give her a like measure of torment and mourning, since in her heart she says, ‘I sit as a queen, I am no widow, and mourning I shall never see.’"
Rev 19:10,G4151G,spirit/breath: spirit,spirit,"M36:Worship & Service,M78:Slavery & Bondage,M14:Deceit & Falsehood,M43:Prophecy & Vision","G4352 (worship),G4889 (fellow servant),G0080 (brothers),G4352 (Worship),G4394 (prophecy)","Then I fell down at his feet to worship him, but he said to me, “You must not do that! I am a fellow servant with you and your brothers who hold to the testimony of Jesus. Worship God.” For the testimony of Jesus is the spirit of prophecy."
Rev 19:18,G4561,flesh,flesh,"M23:Strength & Courage,M78:Slavery & Bondage","G2478 (mighty men),G1401 (slave)","to eat the flesh of kings, the flesh of captains, the flesh of mighty men, the flesh of horses and their riders, and the flesh of all men, both free and slave, both small and great.”"
Rev 19:18,G4561,flesh,flesh,"M23:Strength & Courage,M78:Slavery & Bondage","G2478 (mighty men),G1401 (slave)","to eat the flesh of kings, the flesh of captains, the flesh of mighty men, the flesh of horses and their riders, and the flesh of all men, both free and slave, both small and great.”"
Rev 19:18,G4561,flesh,flesh,"M23:Strength & Courage,M78:Slavery & Bondage","G2478 (mighty men),G1401 (slave)","to eat the flesh of kings, the flesh of captains, the flesh of mighty men, the flesh of horses and their riders, and the flesh of all men, both free and slave, both small and great.”"
Rev 19:18,G4561,flesh,flesh,"M23:Strength & Courage,M78:Slavery & Bondage","G2478 (mighty men),G1401 (slave)","to eat the flesh of kings, the flesh of captains, the flesh of mighty men, the flesh of horses and their riders, and the flesh of all men, both free and slave, both small and great.”"
Rev 19:18,G4561,flesh,flesh,"M23:Strength & Courage,M78:Slavery & Bondage","G2478 (mighty men),G1401 (slave)","to eat the flesh of kings, the flesh of captains, the flesh of mighty men, the flesh of horses and their riders, and the flesh of all men, both free and slave, both small and great.”"
Rev 1:10,G4151G,spirit/breath: spirit,Spirit,"M23:Strength & Courage,M84:Outcry & Shouting","G2960 (Lord’s),G5456H (voice)","I was in the Spirit on the Lord’s day, and I heard behind me a loud voice like a trumpet"
Rev 1:4,G4151G,spirit/breath: spirit,spirits,"M44:Covenant & Fellowship,M50:Grace & Mercy,M33:Rest & Peace","G1577 (churches),G5485 (Grace),G1515 (peace)","John to the seven churches that are in Asia: Grace to you and peace from him who is and who was and who is to come, and from the seven spirits who are before his throne,"
Rev 20:4,G5590G,soul,souls,"M15:Knowing & Understanding,M26:Judgment & Condemnation,M65:Speech & Tongue,M36:Worship & Service,M43:Prophecy & Vision,M25:Life & Death,M72:Authority & Dominion","G1492G (saw),G2917 (judge),G3056 (word),G4352 (worshiped),G1504 (image),G2198 (life),G0936 (reigned)","Then I saw thrones, and seated on them were those to whom the authority to judge was committed. Also I saw the souls of those who had been beheaded for the testimony of Jesus and for the word of God, and those who had not worshiped the beast or its image and had not received its mark on their foreheads or their hands. They came to life and reigned with Christ for a thousand years."
Rev 21:10,G4151G,spirit/breath: spirit,Spirit,"M08:Pride & Arrogance,M05:Kindness & Friendship,M61:Purity & Holiness","G5308 (high),G1166 (showed),G0040G (holy)","And he carried me away in the Spirit to a great, high mountain, and showed me the holy city Jerusalem coming down out of heaven from God,"
Rev 22:17,G4151G,spirit/breath: spirit,Spirit,"M18:Desire & Longing,M25:Life & Death","G1372 (thirsty),G2309 (desires),G2222 (life)","The Spirit and the Bride say, “ Come.” And let the one who hears say, “ Come.” And let the one who is thirsty come; let the one who desires take the water of life without price."
Rev 22:6,G4151G,spirit/breath: spirit,spirits,"M65:Speech & Tongue,M13:Faith & Faithfulness,M43:Prophecy & Vision,M05:Kindness & Friendship,M78:Slavery & Bondage","G3056 (words),G4103 (trustworthy),G0228 (true),G4396 (prophets),G1166 (show),G1401 (servants)","And he said to me, “ These words are trustworthy and true. And the Lord, the God of the spirits of the prophets, has sent his angel to show his servants what must soon take place.”"
Rev 2:11,G4151G,spirit/breath: spirit,Spirit,"M44:Covenant & Fellowship,M23:Strength & Courage,M24:Faintness & Despair","G1577 (churches),G3528 (conquers),G0091 (hurt)","He who has an ear, let him hear what the Spirit says to the churches. The one who conquers will not be hurt by the second death.’"
Rev 2:17,G4151G,spirit/breath: spirit,Spirit,"M44:Covenant & Fellowship,M23:Strength & Courage,M20:Doubt & Discouragement,M45:Renewal & Transformation,M15:Knowing & Understanding","G1577 (churches),G3528 (conquers),G2928 (hidden),G2537 (new),G6063 (knows)","He who has an ear, let him hear what the Spirit says to the churches. To the one who conquers I will give some of the hidden manna, and I will give him a white stone, with a new name written on the stone that no one knows except the one who receives it.’"
Rev 2:23,G2588,heart,heart,"M44:Covenant & Fellowship,M15:Knowing & Understanding","G1577 (churches),G1097 (know),G3510 (mind)","and I will strike her children dead. And all the churches will know that I am he who searches mind and heart, and I will give to each of you according to your works."
Rev 2:29,G4151G,spirit/breath: spirit,Spirit,M44:Covenant & Fellowship,G1577 (churches),"He who has an ear, let him hear what the Spirit says to the churches.’"
Rev 2:7,G4151G,spirit/breath: spirit,Spirit,"M44:Covenant & Fellowship,M23:Strength & Courage,M25:Life & Death","G1577 (churches),G3528 (conquers),G2222 (life)","He who has an ear, let him hear what the Spirit says to the churches. To the one who conquers I will grant to eat of the tree of life, which is in the paradise of God.’"
Rev 3:1,G4151G,spirit/breath: spirit,spirits,"M44:Covenant & Fellowship,M15:Knowing & Understanding,M25:Life & Death","G1577 (church),G6063 (know),G2198 (alive)","“ And to the angel of the church in Sardis write: ‘ The words of him who has the seven spirits of God and the seven stars. “‘I know your works. You have the reputation of being alive, but you are dead."
Rev 3:13,G4151G,spirit/breath: spirit,Spirit,M44:Covenant & Fellowship,G1577 (churches),"He who has an ear, let him hear what the Spirit says to the churches.’"
Rev 3:22,G4151G,spirit/breath: spirit,Spirit,M44:Covenant & Fellowship,G1577 (churches),"He who has an ear, let him hear what the Spirit says to the churches.’”"
Rev 3:6,G4151G,spirit/breath: spirit,Spirit,M44:Covenant & Fellowship,G1577 (churches),"He who has an ear, let him hear what the Spirit says to the churches.’"
Rev 4:5,G4151G,spirit/breath: spirit,spirits,M84:Outcry & Shouting,G5456H (rumblings),"From the throne came flashes of lightning, and rumblings and peals of thunder, and before the throne were burning seven torches of fire, which are the seven spirits of God,"
Rev 5:6,G4151G,spirit/breath: spirit,spirits,M25:Life & Death,G2226 (living),"And between the throne and the four living creatures and among the elders I saw a Lamb standing, as though it had been slain, with seven horns and with seven eyes, which are the seven spirits of God sent out into all the earth."
Rev 6:9,G5590G,soul,souls,M65:Speech & Tongue,G3056 (word),"When he opened the fifth seal, I saw under the altar the souls of those who had been slain for the word of God and for the witness they had borne."
Rev 8:9,G5590G,soul,living,M10:Violence & Cruelty,G1311 (destroyed),"A third of the living creatures in the sea died, and a third of the ships were destroyed."
Rom 10:1,G2588,heart,heart’s,"M14:Deceit & Falsehood,M39:Gift & Favor,M42:Prayer & Petition,M79:Salvation & Ransom","G0080 (Brothers),G2107 (desire),G1162 (prayer),G4991 (saved)","Brothers, my heart’s desire and prayer to God for them is that they may be saved."
Rom 10:10,G2588,heart,heart,"M19:Trust & Refuge,M12:Righteousness & Integrity,M60:Confession & Forgiveness,M79:Salvation & Ransom","G4100 (believes),G1343 (justified),G3670 (confesses),G4991 (saved)","For with the heart one believes and is justified, and with the mouth one confesses and is saved."
Rom 10:6,G2588,heart,heart,"M12:Righteousness & Integrity,M13:Faith & Faithfulness","G1343 (righteousness),G4102G (faith)","But the righteousness based on faith says, “Do not say in your heart, ‘ Who will ascend into heaven?’” (that is, to bring Christ down )"
Rom 10:8,G2588,heart,heart,M13:Faith & Faithfulness,G4102G (faith),"But what does it say? “The word is near you, in your mouth and in your heart ” (that is, the word of faith that we proclaim );"
Rom 10:9,G2588,heart,heart,"M60:Confession & Forgiveness,M19:Trust & Refuge,M45:Renewal & Transformation","G3670 (confess),G4100 (believe),G4982 (saved)","because, if you confess with your mouth that Jesus is Lord and believe in your heart that God raised him from the dead, you will be saved."
Rom 11:14,G4561,flesh,fellow Jews,"M28:Envy & Greed,M45:Renewal & Transformation","G3863 (jealous),G4982 (save)","in order somehow to make my fellow Jews jealous, and thus save some of them."
Rom 11:3,G5590H,soul: life,life,"M43:Prophecy & Vision,M55:Destruction & Ruin,M59:Release & Reconciliation,M83:Seeking & Inquiring","G4396 (prophets),G2679 (demolished),G5275 (left),G2212 (seek)","“ Lord, they have killed your prophets, they have demolished your altars, and I alone am left, and they seek my life.”"
Rom 12:1,G3050,spiritual,spiritual worship,"M42:Prayer & Petition,M14:Deceit & Falsehood,M50:Grace & Mercy,M25:Life & Death,M61:Purity & Holiness,M36:Worship & Service","G3870 (appeal),G0080 (brothers),G3628 (mercies),G2198 (living),G0040G (holy),G2999 (spiritual worship)","I appeal to you therefore, brothers, by the mercies of God, to present your bodies as a living sacrifice, holy and acceptable to God, which is your spiritual worship."
Rom 12:11,G4151G,spirit/breath: spirit,spirit,"M67:Sloth & Diligence,M69:Self-Control & Zeal,M78:Slavery & Bondage","G3636 (slothful),G4710 (zeal),G2204 (fervent),G1398 (serve)","Do not be slothful in zeal, be fervent in spirit, serve the Lord."
Rom 13:1,G5590J,soul: person,person,"M23:Strength & Courage,M72:Authority & Dominion","G5293 (subject),G5242 (governing),G1849 (authorities),G1849 (authority)","Let every person be subject to the governing authorities. For there is no authority except from God, and those that exist have been instituted by God."
Rom 13:14,G4561,flesh,flesh,"M43:Prophecy & Vision,M18:Desire & Longing","G4307 (provision),G1939 (desires)","But put on the Lord Jesus Christ, and make no provision for the flesh, to gratify its desires."
Rom 13:5,G4893,conscience,conscience,"M23:Strength & Courage,M02:Anger & Wrath","G5293 (subjection),G3709 (wrath)","Therefore one must be in subjection, not only to avoid God’s wrath but also for the sake of conscience."
Rom 14:17,G4151G,spirit/breath: spirit,Spirit,"M72:Authority & Dominion,M12:Righteousness & Integrity,M33:Rest & Peace,M04:Joy & Gladness,M61:Purity & Holiness","G0932 (kingdom),G1343 (righteousness),G1515 (peace),G5479 (joy),G0040G (Holy)",For the kingdom of God is not a matter of eating and drinking but of righteousness and peace and joy in the Holy Spirit.
Rom 15:13,G4151G,spirit/breath: spirit,Spirit,"M68:Hope & Waiting,M04:Joy & Gladness,M33:Rest & Peace,M19:Trust & Refuge,M23:Strength & Courage,M61:Purity & Holiness","G1680 (hope),G5479 (joy),G1515 (peace),G4100 (believing),G1411 (power),G0040G (Holy)","May the God of hope fill you with all joy and peace in believing, so that by the power of the Holy Spirit you may abound in hope."
Rom 15:16,G4151G,spirit/breath: spirit,Spirit,M61:Purity & Holiness,"G0037 (sanctified),G0040G (Holy)","to be a minister of Christ Jesus to the Gentiles in the priestly service of the gospel of God, so that the offering of the Gentiles may be acceptable, sanctified by the Holy Spirit."
Rom 15:19,G4151G,spirit/breath: spirit,Spirit,"M23:Strength & Courage,M43:Prophecy & Vision","G1411 (power),G4592 (signs)","by the power of signs and wonders, by the power of the Spirit of God —so that from Jerusalem and all the way around to Illyricum I have fulfilled the ministry of the gospel of Christ;"
Rom 15:27,G4152,spiritual,spiritual blessings,"M18:Desire & Longing,M28:Envy & Greed","G2106 (pleased),G4559 (material blessings)","For they were pleased to do it, and indeed they owe it to them. For if the Gentiles have come to share in their spiritual blessings, they ought also to be of service to them in material blessings."
Rom 15:30,G4151G,spirit/breath: spirit,Spirit,"M42:Prayer & Petition,M14:Deceit & Falsehood,M51:Love & Devotion,M34:Patience & Perseverance","G3870 (appeal),G0080 (brothers),G0026 (love),G4865 (strive together),G4335 (prayers)","I appeal to you, brothers, by our Lord Jesus Christ and by the love of the Spirit, to strive together with me in your prayers to God on my behalf,"
Rom 16:18,G2588,heart,hearts,"M78:Slavery & Bondage,M65:Speech & Tongue,M22:Praise & Song,M14:Deceit & Falsehood,M12:Righteousness & Integrity","G1398 (serve),G5542 (smooth talk),G2129 (flattery),G1818 (deceive),G0172 (naive)","For such persons do not serve our Lord Christ, but their own appetites, and by smooth talk and flattery they deceive the hearts of the naive."
Rom 16:4,G5590H,soul: life,life,"M49:Thanksgiving,M44:Covenant & Fellowship","G2168 (give thanks),G1577 (churches)","who risked their necks for my life, to whom not only I give thanks but all the churches of the Gentiles give thanks as well."
Rom 1:11,G4152,spiritual,spiritual,"M18:Desire & Longing,M44:Covenant & Fellowship,M39:Gift & Favor","G1971 (long),G3330 (impart),G5486 (gift)","For I long to see you, that I may impart to you some spiritual gift to strengthen you —"
Rom 1:21,G2588,heart,hearts,"M15:Knowing & Understanding,M22:Praise & Song,M49:Thanksgiving,M63:Reasoning & Interpretation,M16:Wisdom & Folly","G1097 (knew),G1392 (honor),G2168 (give thanks),G1261 (thinking),G0801 (foolish)","For although they knew God, they did not honor him as God or give thanks to him, but they became futile in their thinking, and their foolish hearts were darkened."
Rom 1:24,G2588,heart,hearts,"M18:Desire & Longing,M10c:Defilement,M07:Shame & Confusion","G1939 (lusts),G0167 (impurity),G0818 (dishonoring)","Therefore God gave them up in the lusts of their hearts to impurity, to the dishonoring of their bodies among themselves,"
Rom 1:4,G4151G,spirit/breath: spirit,Spirit,"M23:Strength & Courage,M61:Purity & Holiness","G1411 (power),G0042 (holiness)","and was declared to be the Son of God in power according to the Spirit of holiness by his resurrection from the dead, Jesus Christ our Lord,"
Rom 1:9,G4151G,spirit/breath: spirit,spirit,"M36:Worship & Service,M82:Reminder & Report","G3000 (serve),G3417 (mention)","For God is my witness, whom I serve with my spirit in the gospel of his Son, that without ceasing I mention you"
Rom 2:15,G2588,heart,hearts,"M05:Kindness & Friendship,M54:Torah & Obedience,M15:Knowing & Understanding","G1731 (show),G3551 (law),G3053 (conflicting thoughts)","They show that the work of the law is written on their hearts, while their conscience also bears witness, and their conflicting thoughts accuse or even excuse them"
Rom 2:15,G4893,conscience,conscience,"M05:Kindness & Friendship,M54:Torah & Obedience,M15:Knowing & Understanding","G1731 (show),G3551 (law),G3053 (conflicting thoughts)","They show that the work of the law is written on their hearts, while their conscience also bears witness, and their conflicting thoughts accuse or even excuse them"
Rom 2:28,G4561,flesh,physical,M32:Covenant,G4061 (circumcision),"For no one is a Jew who is merely one outwardly, nor is circumcision outward and physical."
Rom 2:29,G2588,heart,heart,"M32:Covenant,M22:Praise & Song","G4061 (circumcision),G1868 (praise)","But a Jew is one inwardly, and circumcision is a matter of the heart, by the Spirit, not by the letter. His praise is not from man but from God."
Rom 2:29,G4151G,spirit/breath: spirit,Spirit,"M32:Covenant,M22:Praise & Song","G4061 (circumcision),G1868 (praise)","But a Jew is one inwardly, and circumcision is a matter of the heart, by the Spirit, not by the letter. His praise is not from man but from God."
Rom 2:5,G2588,heart,heart,"M75:Disobedience & Lawlessness,M02:Anger & Wrath,M12:Righteousness & Integrity","G4643 (hard),G3709 (wrath),G1341 (righteous judgment)",But because of your hard and impenitent heart you are storing up wrath for yourself on the day of wrath when God’s righteous judgment will be revealed.
Rom 2:9,G5590J,soul: person,human being,"M24:Faintness & Despair,M58:Wickedness","G2347 (tribulation),G4730 (distress),G2556G (evil)","There will be tribulation and distress for every human being who does evil, the Jew first and also the Greek,"
Rom 3:20,G4561,flesh,human being,"M54:Torah & Obedience,M26:Judgment & Condemnation,M15:Knowing & Understanding,M56:Sin & Guilt","G3551 (law),G1344 (justified),G1922 (knowledge),G0266 (sin)","For by works of the law no human being will be justified in his sight, since through the law comes knowledge of sin."
Rom 4:1,G4561,flesh,flesh,M65:Speech & Tongue,G4483 (say),"What then shall we say was gained by Abraham, our forefather according to the flesh?"
Rom 5:5,G2588,heart,hearts,"M68:Hope & Waiting,M07:Shame & Confusion,M51:Love & Devotion,M61:Purity & Holiness","G1680 (hope),G2617 (shame),G0026 (love),G0040G (Holy)","and hope does not put us to shame, because God’s love has been poured into our hearts through the Holy Spirit who has been given to us."
Rom 5:5,G4151G,spirit/breath: spirit,Spirit,"M68:Hope & Waiting,M07:Shame & Confusion,M51:Love & Devotion,M61:Purity & Holiness","G1680 (hope),G2617 (shame),G0026 (love),G0040G (Holy)","and hope does not put us to shame, because God’s love has been poured into our hearts through the Holy Spirit who has been given to us."
Rom 6:17,G2588,heart,heart,"M50:Grace & Mercy,M78:Slavery & Bondage,M56:Sin & Guilt,M54:Torah & Obedience","G5485 (thanks),G1401 (slaves),G0266 (sin),G5219 (become obedient)","But thanks be to God, that you who were once slaves of sin have become obedient from the heart to the standard of teaching to which you were committed,"
Rom 6:19,G4561,flesh,natural,"M73:Sickness & Weakness,M78:Slavery & Bondage,M10c:Defilement,M75:Disobedience & Lawlessness,M12:Righteousness & Integrity,M61:Purity & Holiness","G0769G (limitations),G1401 (slaves),G0167 (impurity),G0458 (lawlessness),G1343 (righteousness),G0038 (sanctification)","I am speaking in human terms, because of your natural limitations. For just as you once presented your members as slaves to impurity and to lawlessness leading to more lawlessness, so now present your members as slaves to righteousness leading to sanctification."
Rom 7:14,G4152,spiritual,spiritual,"M15:Knowing & Understanding,M54:Torah & Obedience,M28:Envy & Greed,M56:Sin & Guilt","G6063 (know),G3551 (law),G4559 (flesh),G0266 (sin)","For we know that the law is spiritual, but I am of the flesh, sold under sin."
Rom 7:18,G4561,flesh,flesh,"M15:Knowing & Understanding,M05:Kindness & Friendship,M18:Desire & Longing","G6063 (know),G0018 (good),G2309 (desire),G2570G (right)","For I know that nothing good dwells in me, that is, in my flesh. For I have the desire to do what is right, but not the ability to carry it out."
Rom 7:25,G4561,flesh,flesh,"M49:Thanksgiving,M78:Slavery & Bondage,M54:Torah & Obedience,M15:Knowing & Understanding,M56:Sin & Guilt","G2168 (Thanks),G1398 (serve),G3551 (law),G3563 (mind),G0266 (sin)","Thanks be to God through Jesus Christ our Lord! So then, I myself serve the law of God with my mind, but with my flesh I serve the law of sin."
Rom 7:5,G4561,flesh,flesh,"M56:Sin & Guilt,M24:Faintness & Despair,M54:Torah & Obedience,M23:Strength & Courage","G0266 (sinful),G3804 (passions),G3551 (law),G1754 (work)","For while we were living in the flesh, our sinful passions, aroused by the law, were at work in our members to bear fruit for death."
Rom 7:6,G4151G,spirit/breath: spirit,Spirit,"M54:Torah & Obedience,M78:Slavery & Bondage","G3551 (law),G1398 (serve)","But now we are released from the law, having died to that which held us captive, so that we serve in the new way of the Spirit and not in the old way of the written code."
Rom 8:10,G4151G,spirit/breath: spirit,Spirit,"M56:Sin & Guilt,M25:Life & Death,M12:Righteousness & Integrity","G0266 (sin),G2222 (life),G1343 (righteousness)","But if Christ is in you, although the body is dead because of sin, the Spirit is life because of righteousness."
Rom 8:11,G4151G,spirit/breath: spirit,Spirit,M25:Life & Death,G2227 (life to),"If the Spirit of him who raised Jesus from the dead dwells in you, he who raised Christ Jesus from the dead will also give life to your mortal bodies through his Spirit who dwells in you."
Rom 8:11,G4151G,spirit/breath: spirit,Spirit,M25:Life & Death,G2227 (life to),"If the Spirit of him who raised Jesus from the dead dwells in you, he who raised Christ Jesus from the dead will also give life to your mortal bodies through his Spirit who dwells in you."
Rom 8:12,G4561,flesh,flesh,"M14:Deceit & Falsehood,M25:Life & Death","G0080 (brothers),G2198 (live)","So then, brothers, we are debtors, not to the flesh, to live according to the flesh."
Rom 8:12,G4561,flesh,flesh,"M14:Deceit & Falsehood,M25:Life & Death","G0080 (brothers),G2198 (live)","So then, brothers, we are debtors, not to the flesh, to live according to the flesh."
Rom 8:13,G4561,flesh,flesh,M25:Life & Death,G2198 (live),"For if you live according to the flesh you will die, but if by the Spirit you put to death the deeds of the body, you will live."
Rom 8:13,G4151G,spirit/breath: spirit,Spirit,M25:Life & Death,G2198 (live),"For if you live according to the flesh you will die, but if by the Spirit you put to death the deeds of the body, you will live."
Rom 8:15,G4151G,spirit/breath: spirit,spirit,"M78:Slavery & Bondage,M01:Fear & Awe,M42:Prayer & Petition","G1397 (slavery),G5401 (fear),G2896 (cry)","For you did not receive the spirit of slavery to fall back into fear, but you have received the Spirit of adoption as sons, by whom we cry, “ Abba! Father!”"
Rom 8:15,G4151G,spirit/breath: spirit,Spirit,"M78:Slavery & Bondage,M01:Fear & Awe,M42:Prayer & Petition","G1397 (slavery),G5401 (fear),G2896 (cry)","For you did not receive the spirit of slavery to fall back into fear, but you have received the Spirit of adoption as sons, by whom we cry, “ Abba! Father!”"
Rom 8:2,G4151G,spirit/breath: spirit,Spirit,"M54:Torah & Obedience,M25:Life & Death,M56:Sin & Guilt","G3551 (law),G2222 (life),G0266 (sin)",For the law of the Spirit of life has set you free in Christ Jesus from the law of sin and death.
Rom 8:23,G4151G,spirit/breath: spirit,Spirit,M03:Grief & Lament,G4727 (groan),"And not only the creation, but we ourselves, who have the firstfruits of the Spirit, groan inwardly as we wait eagerly for adoption as sons, the redemption of our bodies."
Rom 8:26,G4151G,spirit/breath: spirit,Spirit,"M45:Renewal & Transformation,M73:Sickness & Weakness,M15:Knowing & Understanding,M42:Prayer & Petition,M21:Fasting & Piety,M03:Grief & Lament","G4878 (helps),G0769G (weakness),G6063 (know),G4336 (pray for),G5241 (intercedes),G4726 (groanings)","Likewise the Spirit helps us in our weakness. For we do not know what to pray for as we ought, but the Spirit himself intercedes for us with groanings too deep for words."
Rom 8:26,G4151G,spirit/breath: spirit,Spirit,"M45:Renewal & Transformation,M73:Sickness & Weakness,M15:Knowing & Understanding,M42:Prayer & Petition,M21:Fasting & Piety,M03:Grief & Lament","G4878 (helps),G0769G (weakness),G6063 (know),G4336 (pray for),G5241 (intercedes),G4726 (groanings)","Likewise the Spirit helps us in our weakness. For we do not know what to pray for as we ought, but the Spirit himself intercedes for us with groanings too deep for words."
Rom 8:27,G2588,heart,hearts,"M15:Knowing & Understanding,M64:Will & Resolve,M42:Prayer & Petition,M13:Faith & Faithfulness","G6063 (knows),G5427 (mind),G1793 (intercedes),G0040H (saints)","And he who searches hearts knows what is the mind of the Spirit, because the Spirit intercedes for the saints according to the will of God."
Rom 8:27,G4151G,spirit/breath: spirit,Spirit,"M15:Knowing & Understanding,M64:Will & Resolve,M42:Prayer & Petition,M13:Faith & Faithfulness","G6063 (knows),G5427 (mind),G1793 (intercedes),G0040H (saints)","And he who searches hearts knows what is the mind of the Spirit, because the Spirit intercedes for the saints according to the will of God."
Rom 8:3,G4561,flesh,flesh,"M54:Torah & Obedience,M73:Sickness & Weakness,M56:Sin & Guilt,M26:Judgment & Condemnation","G3551 (law),G0770G (weakened),G0266 (sinful),G0266 (sin),G2632 (condemned)","For God has done what the law, weakened by the flesh, could not do. By sending his own Son in the likeness of sinful flesh and for sin, he condemned sin in the flesh,"
Rom 8:3,G4561,flesh,flesh,"M54:Torah & Obedience,M73:Sickness & Weakness,M56:Sin & Guilt,M26:Judgment & Condemnation","G3551 (law),G0770G (weakened),G0266 (sinful),G0266 (sin),G2632 (condemned)","For God has done what the law, weakened by the flesh, could not do. By sending his own Son in the likeness of sinful flesh and for sin, he condemned sin in the flesh,"
Rom 8:3,G4561,flesh,flesh,"M54:Torah & Obedience,M73:Sickness & Weakness,M56:Sin & Guilt,M26:Judgment & Condemnation","G3551 (law),G0770G (weakened),G0266 (sinful),G0266 (sin),G2632 (condemned)","For God has done what the law, weakened by the flesh, could not do. By sending his own Son in the likeness of sinful flesh and for sin, he condemned sin in the flesh,"
Rom 8:4,G4561,flesh,flesh,"M12:Righteousness & Integrity,M54:Torah & Obedience","G1345 (righteous),G3551 (law)","in order that the righteous requirement of the law might be fulfilled in us, who walk not according to the flesh but according to the Spirit."
Rom 8:4,G4151G,spirit/breath: spirit,Spirit,"M12:Righteousness & Integrity,M54:Torah & Obedience","G1345 (righteous),G3551 (law)","in order that the righteous requirement of the law might be fulfilled in us, who walk not according to the flesh but according to the Spirit."
Rom 8:5,G4561,flesh,flesh,M63:Reasoning & Interpretation,G5426 (minds on),"For those who live according to the flesh set their minds on the things of the flesh, but those who live according to the Spirit set their minds on the things of the Spirit."
Rom 8:5,G4561,flesh,flesh,M63:Reasoning & Interpretation,G5426 (minds on),"For those who live according to the flesh set their minds on the things of the flesh, but those who live according to the Spirit set their minds on the things of the Spirit."
Rom 8:5,G4151G,spirit/breath: spirit,Spirit,M63:Reasoning & Interpretation,G5426 (minds on),"For those who live according to the flesh set their minds on the things of the flesh, but those who live according to the Spirit set their minds on the things of the Spirit."
Rom 8:5,G4151G,spirit/breath: spirit,Spirit,M63:Reasoning & Interpretation,G5426 (minds on),"For those who live according to the flesh set their minds on the things of the flesh, but those who live according to the Spirit set their minds on the things of the Spirit."
Rom 8:6,G4561,flesh,flesh,"M64:Will & Resolve,M25:Life & Death,M33:Rest & Peace","G5427 (mind on),G2222 (life),G1515 (peace)","For to set the mind on the flesh is death, but to set the mind on the Spirit is life and peace."
Rom 8:6,G4151G,spirit/breath: spirit,Spirit,"M64:Will & Resolve,M25:Life & Death,M33:Rest & Peace","G5427 (mind on),G2222 (life),G1515 (peace)","For to set the mind on the flesh is death, but to set the mind on the Spirit is life and peace."
Rom 8:7,G4561,flesh,flesh,"M64:Will & Resolve,M06:Malice & Enmity,M23:Strength & Courage,M54:Torah & Obedience","G5427 (mind),G2189 (hostile),G5293 (submit),G3551 (law)","For the mind that is set on the flesh is hostile to God, for it does not submit to God’s law; indeed, it cannot."
Rom 8:8,G4561,flesh,flesh,"M23:Strength & Courage,M04:Joy & Gladness","G5607 (are),G0700 (please)",Those who are in the flesh cannot please God.
Rom 9:1,G4893,conscience,conscience,"M13:Faith & Faithfulness,M14:Deceit & Falsehood,M61:Purity & Holiness","G0225 (truth),G5574 (lying),G0040G (Holy)",I am speaking the truth in Christ —I am not lying; my conscience bears me witness in the Holy Spirit —
Rom 9:1,G4151G,spirit/breath: spirit,Spirit,"M13:Faith & Faithfulness,M14:Deceit & Falsehood,M61:Purity & Holiness","G0225 (truth),G5574 (lying),G0040G (Holy)",I am speaking the truth in Christ —I am not lying; my conscience bears me witness in the Holy Spirit —
Rom 9:2,G2588,heart,heart,"M03:Grief & Lament,M24:Faintness & Despair","G3077 (sorrow),G3601 (anguish)",that I have great sorrow and unceasing anguish in my heart.
Rom 9:3,G4561,flesh,flesh,"M42:Prayer & Petition,M14:Deceit & Falsehood","G2172 (wish),G0080 (brothers)","For I could wish that I myself were accursed and cut off from Christ for the sake of my brothers, my kinsmen according to the flesh."
Rom 9:5,G4561,flesh,flesh,M22:Praise & Song,G2128 (blessed),"To them belong the patriarchs, and from their race, according to the flesh, is the Christ, who is God over all, blessed forever. Amen."
Rom 9:8,G4561,flesh,flesh,M26:Judgment & Condemnation,G3049 (counted),"This means that it is not the children of the flesh who are the children of God, but the children of the promise are counted as offspring."
Rut 2:13,H3820A,heart,kindly,"M39:Gift & Favor,M45:Renewal & Transformation,M42:Prayer & Petition","H2580 (favor),H5162G (comforted),H1696G (spoken)","Then she said, “I have found favor in your eyes, my lord, for you have comforted me and spoken kindly to your servant, though I am not one of your servants.”"
Rut 3:7,H3820A,heart,heart,M05:Kindness & Friendship,H3190 (merry),"And when Boaz had eaten and drunk, and his heart was merry, he went to lie down at the end of the heap of grain. Then she came softly and uncovered his feet and lay down."
Rut 4:15,H5315H,soul: life,life,"M51:Love & Devotion,M18:Desire & Longing","H0157G (loves),H2896A (more)","He shall be to you a restorer of life and a nourisher of your old age, for your daughter-in-law who loves you, who is more to you than seven sons, has given birth to him.”"
Rut 4:16,H2436G,bosom: embrace,lap,M13:Faith & Faithfulness,H0539 (nurse),Then Naomi took the child and laid him on her lap and became his nurse.
Song 1:7,H5315G,soul,soul,"M65:Speech & Tongue,M51:Love & Devotion,M44:Covenant & Fellowship","H5046 (Tell),H0157G (loves),H2270 (companions)","Tell me, you whom my soul loves, where you pasture your flock, where you make it lie down at noon; for why should I be like one who veils herself beside the flocks of your companions?"
Song 3:1,H5315G,soul,soul,"M83:Seeking & Inquiring,M51:Love & Devotion","H1245 (sought),H0157G (loves)","On my bed by night I sought him whom my soul loves; I sought him, but found him not."
Song 3:11,H3820A,heart,heart,"M72:Authority & Dominion,M04:Joy & Gladness","H4428G (King),H8057 (gladness)","Go out, O daughters of Zion, and look upon King Solomon, with the crown with which his mother crowned him on the day of his wedding, on the day of the gladness of his heart."
Song 3:2,H5315G,soul,soul,"M08:Pride & Arrogance,M83:Seeking & Inquiring,M51:Love & Devotion","H6965B (rise),H1245 (seek),H0157G (loves),H1245 (sought)","I will rise now and go about the city, in the streets and in the squares; I will seek him whom my soul loves. I sought him, but found him not."
Song 3:3,H5315G,soul,soul,"M74:Keeping & Guarding,M51:Love & Devotion","H8104H (watchmen),H0157G (loves)",The watchmen found me as they went about in the city. “Have you seen him whom my soul loves?”
Song 3:4,H5315G,soul,soul,"M51:Love & Devotion,M24:Faintness & Despair","H0157G (loves),H7503 (go)","Scarcely had I passed them when I found him whom my soul loves. I held him, and would not let him go until I had brought him into my mother’s house, and into the chamber of her who conceived me."
Song 5:2,H3820A,heart,heart,"M25:Life & Death,M44:Covenant & Fellowship,M34:Patience & Perseverance","H5782 (awake),H0269 (sister),H8535 (perfect one)","I slept, but my heart was awake. A sound! My beloved is knocking. “ Open to me, my sister, my love, my dove, my perfect one, for my head is wet with dew, my locks with the drops of the night.”"
Song 5:6,H5315G,soul,soul,"M11:Turning & Repentance,M42:Prayer & Petition,M83:Seeking & Inquiring","H2559 (turned),H1696G (spoke),H1245 (sought),H7121G (called)","I opened to my beloved, but my beloved had turned and gone. My soul failed me when he spoke. I sought him, but found him not; I called him, but he gave no answer."
Song 6:12,H5315L,soul: appetite,desire,"M15:Knowing & Understanding,M34:Patience & Perseverance","H3045 (aware),H5081H (prince)","Before I was aware, my desire set me among the chariots of my kinsman, a prince."
Song 8:6,H3820A,heart,heart,"M51:Love & Devotion,M23:Strength & Courage,M18:Desire & Longing,M24:Faintness & Despair","H0160 (love),H5794 (strong),H7068 (jealousy),H7186 (fierce)","Set me as a seal upon your heart, as a seal upon your arm, for love is strong as death, jealousy is fierce as the grave. Its flashes are flashes of fire, the very flame of the Lord."
Tit 1:15,G4893,conscience,consciences,"M12:Righteousness & Integrity,M61:Purity & Holiness,M31:Faith,M15:Knowing & Understanding","G2513 (pure),G3392 (defiled),G0571 (unbelieving),G3563 (minds)","To the pure, all things are pure, but to the defiled and unbelieving, nothing is pure; but both their minds and their consciences are defiled."
Tit 3:5,G4151G,spirit/breath: spirit,Spirit,"M45:Renewal & Transformation,M12:Righteousness & Integrity,M50:Grace & Mercy,M61:Purity & Holiness","G4982 (saved),G1343 (righteousness),G1656 (mercy),G3824 (regeneration),G0342 (renewal),G0040G (Holy)","he saved us, not because of works done by us in righteousness, but according to his own mercy, by the washing of regeneration and renewal of the Holy Spirit,"
Zec 10:7,H3820A,heart,hearts,M04:Joy & Gladness,"H8055 (glad),H1523 (rejoice)","Then Ephraim shall become like a mighty warrior, and their hearts shall be glad as with wine. Their children shall see it and be glad; their hearts shall rejoice in the Lord."
Zec 10:7,H3820A,heart,hearts,M04:Joy & Gladness,"H8055 (glad),H1523 (rejoice)","Then Ephraim shall become like a mighty warrior, and their hearts shall be glad as with wine. Their children shall see it and be glad; their hearts shall rejoice in the Lord."
Zec 11:16,H1320,flesh,flesh,"M20:Doubt & Discouragement,M83:Seeking & Inquiring,M24:Faintness & Despair","H3582 (being destroyed),H1245 (seek),H7665 (maimed)","For behold, I am raising up in the land a shepherd who does not care for those being destroyed, or seek the young or heal the maimed or nourish the healthy, but devours the flesh of the fat ones, tearing off even their hoofs."
Zec 11:8,H5315I,soul: myself,I,"M20:Doubt & Discouragement,M06:Malice & Enmity","H3582 (destroyed),H0973A (detested)","In one month I destroyed the three shepherds. But I became impatient with them, and they also detested me."
Zec 11:8,H5315I,soul: myself,and they,"M20:Doubt & Discouragement,M06:Malice & Enmity","H3582 (destroyed),H0973A (detested)","In one month I destroyed the three shepherds. But I became impatient with them, and they also detested me."
Zec 11:9,H1320,flesh,flesh,M20:Doubt & Discouragement,H3582 (be destroyed),"So I said, “I will not be your shepherd. What is to die, let it die. What is to be destroyed, let it be destroyed. And let those who are left devour the flesh of one another.”"
Zec 12:1,H7307G,spirit,spirit,"M65:Speech & Tongue,M42:Prayer & Petition","H1697G (word),H5002 (declares)","The oracle of the word of the Lord concerning Israel: Thus declares the Lord, who stretched out the heavens and founded the earth and formed the spirit of man within him:"
Zec 12:10,H7307G,spirit,spirit,"M39:Gift & Favor,M42:Prayer & Petition,M03:Grief & Lament,M37:Firstborn & Foreknowledge","H2580 (grace),H8469 (pleas for mercy),H5594 (mourn),H4843 (weep),H4553 (weeps),H1060 (firstborn),H4843 (firstborn)","“And I will pour out on the house of David and the inhabitants of Jerusalem a spirit of grace and pleas for mercy, so that, when they look on me, on him whom they have pierced, they shall mourn for him, as one mourns for an only child, and weep bitterly over him, as one weeps over a firstborn."
Zec 12:5,H3820A,heart,themselves,"M23:Strength & Courage,M72:Authority & Dominion","H0556 (strength),H6635B (hosts)","Then the clans of Judah shall say to themselves, ‘The inhabitants of Jerusalem have strength through the Lord of hosts, their God.’"
Zec 13:2,H7307G,spirit,spirit,"M42:Prayer & Petition,M72:Authority & Dominion,M55:Destruction & Ruin,M81:Memory (act),M43:Prophecy & Vision,M56:Sin & Guilt","H5002 (declares),H6635B (hosts),H6091 (idols),H2142 (remembered),H5030 (prophets),H2932 (uncleanness)","“And on that day, declares the Lord of hosts, I will cut off the names of the idols from the land, so that they shall be remembered no more. And also I will remove from the land the prophets and the spirit of uncleanness."
Zec 14:12,H1320,flesh,flesh,M36:Worship & Service,H6633 (wage war),"And this shall be the plague with which the Lord will strike all the peoples that wage war against Jerusalem: their flesh will rot while they are still standing on their feet, their eyes will rot in their sockets, and their tongues will rot in their mouths."
Zec 2:13,H1320,flesh,flesh,"M33:Rest & Peace,M25:Life & Death,M61:Purity & Holiness","H2013 (silent),H5782 (roused),H6944G (holy)","Be silent, all flesh, before the Lord, for he has roused himself from his holy dwelling."
Zec 2:6,H7307H,spirit: breath,winds,"M03:Grief & Lament,M42:Prayer & Petition","H1945 (Up),H5002 (declares)","Up! Up! Flee from the land of the north, declares the Lord. For I have spread you abroad as the four winds of the heavens, declares the Lord."
Zec 4:6,H7307G,spirit,Spirit,"M65:Speech & Tongue,M23:Strength & Courage,M72:Authority & Dominion","H1697G (word),H2428G (might),H3581B (power),H6635B (hosts)","Then he said to me, “ This is the word of the Lord to Zerubbabel: Not by might, nor by power, but by my Spirit, says the Lord of hosts."
Zec 6:8,H7307G,spirit,Spirit,"M42:Prayer & Petition,M33:Rest & Peace","H1696G (Then he),H2199 (cried),H5117 (rest)","Then he cried to me, “ Behold, those who go toward the north country have set my Spirit at rest in the north country.”"
Zec 7:10,H3824,heart,heart,"M24:Faintness & Despair,M64:Will & Resolve,M58:Wickedness","H3490 (fatherless),H6041 (poor),H2803I (devise),H7451I (evil)","do not oppress the widow, the fatherless, the sojourner, or the poor, and let none of you devise evil against another in your heart.”"
Zec 7:12,H3820A,heart,hearts,"M41:Being Heard,M54:Torah & Obedience,M65:Speech & Tongue,M72:Authority & Dominion,M43:Prophecy & Vision,M02:Anger & Wrath","H8085G (hear),H8451 (law),H1697G (words),H6635B (hosts),H5030 (prophets),H7110A (anger)",They made their hearts diamond-hard lest they should hear the law and the words that the Lord of hosts had sent by his Spirit through the former prophets. Therefore great anger came from the Lord of hosts.
Zec 7:12,H7307G,spirit,Spirit,"M41:Being Heard,M54:Torah & Obedience,M65:Speech & Tongue,M72:Authority & Dominion,M43:Prophecy & Vision,M02:Anger & Wrath","H8085G (hear),H8451 (law),H1697G (words),H6635B (hosts),H5030 (prophets),H7110A (anger)",They made their hearts diamond-hard lest they should hear the law and the words that the Lord of hosts had sent by his Spirit through the former prophets. Therefore great anger came from the Lord of hosts.
Zec 8:17,H3824,heart,hearts,"M64:Will & Resolve,M58:Wickedness,M51:Love & Devotion,M14:Deceit & Falsehood,M06:Malice & Enmity,M42:Prayer & Petition","H2803I (devise),H7451I (evil),H0157G (love),H8267 (false),H8130 (hate),H5002 (declares)","do not devise evil in your hearts against one another, and love no false oath, for all these things I hate, declares the Lord.”"
Zep 1:12,H3824,heart,hearts,"M05:Kindness & Friendship,M58:Wickedness","H3190 (good),H7489A (do ill)","At that time I will search Jerusalem with lamps, and I will punish the men who are complacent, those who say in their hearts, ‘The Lord will not do good, nor will he do ill.’"
Zep 2:15,H3824,heart,heart,"M04:Joy & Gladness,M19:Trust & Refuge,M01:Fear & Awe,M33:Rest & Peace,M25:Life & Death","H5947 (exultant),H0983 (securely),H8047G (desolation),H4769 (lair),H2416C (beasts)","This is the exultant city that lived securely, that said in her heart, “ I am, and there is no one else.” What a desolation she has become, a lair for wild beasts! Everyone who passes by her hisses and shakes his fist."
Zep 3:14,H3820A,heart,heart,"M22:Praise & Song,M84:Outcry & Shouting,M04:Joy & Gladness","H7442B (Sing),H7321 (shout),H8055 (Rejoice),H5937 (exult)","Sing aloud, O daughter of Zion; shout, O Israel! Rejoice and exult with all your heart, O daughter of Jerusalem!"
