family,cluster,strong,stepGloss
inner-seat-heart-soul-spirit,M04,G2293,take heart
inner-seat-heart-soul-spirit,M05,H2436G,bosom: embrace
inner-seat-heart-soul-spirit,M15,G7244,inner thought
inner-seat-heart-soul-spirit,M20,G1573,to lose heart
inner-seat-heart-soul-spirit,M23,G2293,take heart
inner-seat-heart-soul-spirit,M24,G8485,be faint-hearted
inner-seat-heart-soul-spirit,M25,G4151G,spirit/breath: spirit
inner-seat-heart-soul-spirit,M25,G4151H,spirit/breath: breath
inner-seat-heart-soul-spirit,M25,G5590H,soul: life
inner-seat-heart-soul-spirit,M25,H5315H,soul: life
inner-seat-heart-soul-spirit,M26,G2589,heart-knower
inner-seat-heart-soul-spirit,M30,G4641,hardness of heart
inner-seat-heart-soul-spirit,M43,G3050,spiritual
inner-seat-heart-soul-spirit,M43,G4152,spiritual
inner-seat-heart-soul-spirit,M47,G2588,heart
inner-seat-heart-soul-spirit,M47,G4561,flesh
inner-seat-heart-soul-spirit,M47,G5590G,soul
inner-seat-heart-soul-spirit,M47,G5590I,soul: myself
inner-seat-heart-soul-spirit,M47,G5590J,soul: person
inner-seat-heart-soul-spirit,M47,G5590K,soul: animal
inner-seat-heart-soul-spirit,M47,G7143,to tear off flesh
inner-seat-heart-soul-spirit,M47,G7681,decaying flesh
inner-seat-heart-soul-spirit,M47,G7798,to take heart
inner-seat-heart-soul-spirit,M47,G8419,dull of heart
inner-seat-heart-soul-spirit,M47,H1320,flesh
inner-seat-heart-soul-spirit,M47,H1321,flesh
inner-seat-heart-soul-spirit,M47,H3820A,heart
inner-seat-heart-soul-spirit,M47,H3821,heart
inner-seat-heart-soul-spirit,M47,H3824,heart
inner-seat-heart-soul-spirit,M47,H3825,heart
inner-seat-heart-soul-spirit,M47,H3826,heart
inner-seat-heart-soul-spirit,M47,H5315G,soul
inner-seat-heart-soul-spirit,M47,H5315I,soul: myself
inner-seat-heart-soul-spirit,M47,H5315J,soul: person
inner-seat-heart-soul-spirit,M47,H5315K,soul: animal
inner-seat-heart-soul-spirit,M47,H5315L,soul: appetite
inner-seat-heart-soul-spirit,M47,H5315M,soul: dead
inner-seat-heart-soul-spirit,M47,H5315N,soul: neck
inner-seat-heart-soul-spirit,M47,H7307G,spirit
inner-seat-heart-soul-spirit,M47,H7307H,spirit: breath
inner-seat-heart-soul-spirit,M47,H7307I,spirit: side
inner-seat-heart-soul-spirit,M47,H7307J,spirit: temper
inner-seat-heart-soul-spirit,M47,H7308,spirit
inner-seat-heart-soul-spirit,M47,H7607,flesh
inner-seat-heart-soul-spirit,M47,H7907,heart
trust-refuge-security,M04,G2292,be confident
trust-refuge-security,M19,G0803,security
trust-refuge-security,M19,G0804,secure
trust-refuge-security,M19,G2294,courage/confidence
trust-refuge-security,M19,G4006,confidence
trust-refuge-security,M19,G4740,security
trust-refuge-security,M19,G5287,confidence/essence
trust-refuge-security,M19,G6381,worthy of trust
trust-refuge-security,M19,H0540,to trust
trust-refuge-security,M19,H0982,to trust
trust-refuge-security,M19,H0983,security
trust-refuge-security,M19,H0985,trust
trust-refuge-security,M19,H0986,trust
trust-refuge-security,M19,H0987,security
trust-refuge-security,M19,H2620,to seek refuge
trust-refuge-security,M19,H2622,refuge
trust-refuge-security,M19,H3690,confidence
trust-refuge-security,M19,H4009,confidence
trust-refuge-security,M19,H4224B,refuge
trust-refuge-security,M19,H4268,refuge
trust-refuge-security,M19,H4498,refuge
trust-refuge-security,M19,H4581,security
trust-refuge-security,M19,H4733,refuge
trust-refuge-security,M19,H5375O,to lift: trust
trust-refuge-security,M19,H5756,to seek refuge
trust-refuge-security,M19,H7365,to trust
trust-refuge-security,M19,H7514,to lean
trust-refuge-security,M19,H7600,secure
trust-refuge-security,M19,H8172,to lean
trust-refuge-security,M19,H8594,security
trust-refuge-security,M19,H8667,security
trust-refuge-security,M23,G2292,be confident
trust-refuge-security,M31,G4100,to trust (in)
trust-refuge-security,M33,G1879,to rest/rely on
trust-refuge-security,M46,H7600,secure
hope-waiting,M17,G0362,to await
hope-waiting,M17,G4037,to await
hope-waiting,M17,H6960A,to await
hope-waiting,M17,H7663B,to await
hope-waiting,M18,G0603,eager expectation
hope-waiting,M18,G1561,expectation
hope-waiting,M18,G1679,to hope/expect
hope-waiting,M18,G1680,hope
hope-waiting,M18,G4328,to look for
hope-waiting,M18,G4329,expectation
hope-waiting,M18,G7379,to raise hope
hope-waiting,M18,H2442,to wait
hope-waiting,M18,H3175,waiting
hope-waiting,M18,H3176G,to wait: wait
hope-waiting,M18,H3176H,to wait: hope
hope-waiting,M18,H4007,expectation
hope-waiting,M18,H4723B,hope
hope-waiting,M18,H7664,hope
hope-waiting,M18,H8431,hope
hope-waiting,M18,H8615B,hope
fear-of-god-awe,M01,G1167,timidity
fear-of-god-awe,M01,G1168,be timid
fear-of-god-awe,M01,G1169,timid
fear-of-god-awe,M01,G1568,be awe-struck
fear-of-god-awe,M01,G1630,terrified
fear-of-god-awe,M01,G1719,afraid
fear-of-god-awe,M01,G1790,trembling
fear-of-god-awe,M01,G2412,reverent
fear-of-god-awe,M01,G4422,to frighten
fear-of-god-awe,M01,G4423,fear
fear-of-god-awe,M01,G4426,to frighten
fear-of-god-awe,M01,G5141,to tremble
fear-of-god-awe,M01,G5156,trembling
fear-of-god-awe,M01,G5398,fearful
fear-of-god-awe,M01,G5399,to fear
fear-of-god-awe,M01,G5400,fearful thing
fear-of-god-awe,M01,G5401,fear
fear-of-god-awe,M01,G5425,to shudder
fear-of-god-awe,M01,G6015,fear
fear-of-god-awe,M01,G6786,be in awe
fear-of-god-awe,M01,G7898,a terror
fear-of-god-awe,M01,G7899,to strike with terror
fear-of-god-awe,M01,G7904,to awe
fear-of-god-awe,M01,G7949,fear
fear-of-god-awe,M01,H0366,terrible
fear-of-god-awe,M01,H0367,terror
fear-of-god-awe,M01,H0574,terrible
fear-of-god-awe,M01,H1091,terror
fear-of-god-awe,M01,H1161,terror
fear-of-god-awe,M01,H1205,terror
fear-of-god-awe,M01,H1481C,to dread
fear-of-god-awe,M01,H1763,to fear
fear-of-god-awe,M01,H2111,to tremble
fear-of-god-awe,M01,H2112,to tremble
fear-of-god-awe,M01,H2113,trembling
fear-of-god-awe,M01,H2119B,to fear
fear-of-god-awe,M01,H2189,horror
fear-of-god-awe,M01,H2283,terror
fear-of-god-awe,M01,H2342A,to twist: tremble
fear-of-god-awe,M01,H2427B,agony
fear-of-god-awe,M01,H2729,to tremble
fear-of-god-awe,M01,H2730,trembling
fear-of-god-awe,M01,H2731,trembling
fear-of-god-awe,M01,H2844A,terror
fear-of-god-awe,M01,H2847,terror
fear-of-god-awe,M01,H2849,terror
fear-of-god-awe,M01,H2851,terror
fear-of-god-awe,M01,H2866,terror
fear-of-god-awe,M01,H3016,fearing
fear-of-god-awe,M01,H3025,to fear
fear-of-god-awe,M01,H3372G,to fear
fear-of-god-awe,M01,H3372H,to fear: revere
fear-of-god-awe,M01,H3373,afraid
fear-of-god-awe,M01,H3374,fear
fear-of-god-awe,M01,H4032,terror
fear-of-god-awe,M01,H4034,fear
fear-of-god-awe,M01,H4035,fear
fear-of-god-awe,M01,H4036,`Terror on Every Side`
fear-of-god-awe,M01,H4172A,fear
fear-of-god-awe,M01,H4172B,fear
fear-of-god-awe,M01,H4288,terror
fear-of-god-awe,M01,H4637,terror
fear-of-god-awe,M01,H4656,horror
fear-of-god-awe,M01,H4712,terror
fear-of-god-awe,M01,H6178,dreadful
fear-of-god-awe,M01,H6206,to tremble
fear-of-god-awe,M01,H6342,to dread
fear-of-god-awe,M01,H6343,dread
fear-of-god-awe,M01,H6345,dread
fear-of-god-awe,M01,H6426,to shudder
fear-of-god-awe,M01,H6427,shuddering
fear-of-god-awe,M01,H7264,to tremble
fear-of-god-awe,M01,H7268,quivering
fear-of-god-awe,M01,H7269,quivering
fear-of-god-awe,M01,H7297,to fear
fear-of-god-awe,M01,H7322,to tremble
fear-of-god-awe,M01,H7374,panic
fear-of-god-awe,M01,H7460,to tremble
fear-of-god-awe,M01,H7461A,trembling
fear-of-god-awe,M01,H7461B,trembling
fear-of-god-awe,M01,H7578,trembling
fear-of-god-awe,M01,H7661,agony
fear-of-god-awe,M01,H8047G,horror: destroyed
fear-of-god-awe,M01,H8047H,horror: appalled
fear-of-god-awe,M01,H8078,horror
fear-of-god-awe,M01,H8175A,to shudder
fear-of-god-awe,M01,H8178A,shuddering
fear-of-god-awe,M01,H8186A,horror
fear-of-god-awe,M01,H8186B,horror
fear-of-god-awe,M01,H8429,be startled
fear-of-god-awe,M01,H8541,bewilderment
fear-of-god-awe,M01,H8606,terror
fear-of-god-awe,M03,H2427A,agony
fear-of-god-awe,M21,G2124,reverence
fear-of-god-awe,M21,G2125,to revere
fear-of-god-awe,M21,G2317,reverence for God
fear-of-god-awe,M24,H4712,terror
worship-prostration-service,M21,G4574,object of worship
worship-prostration-service,M21,H6282A,worshiper
worship-prostration-service,M22,G4352,to worship
worship-prostration-service,M22,G4573,to worship
worship-prostration-service,M36,G1247,to serve
worship-prostration-service,M36,G1248,service
worship-prostration-service,M36,G2322,service
worship-prostration-service,M36,G2323,to serve/heal
worship-prostration-service,M36,G3000,to minister
worship-prostration-service,M36,G4332,to sit near/serve
worship-prostration-service,M36,G5256,to serve
worship-prostration-service,M36,H5647G,to serve
worship-prostration-service,M36,H5647H,to serve: minister
worship-prostration-service,M36,H5647I,to serve: labour
worship-prostration-service,M36,H5647J,to serve: burden
worship-prostration-service,M36,H5649,servant/slave
worship-prostration-service,M36,H5650,servant/slave
worship-prostration-service,M36,H5656G,service
worship-prostration-service,M36,H5656H,service: ministry
worship-prostration-service,M36,H5656I,service: work
worship-prostration-service,M36,H5657,service
worship-prostration-service,M36,H5673,service
worship-prostration-service,M36,H6399,to serve
worship-prostration-service,M36,H6402,service
worship-prostration-service,M36,H6633,to serve
worship-prostration-service,M36,H6642,to serve
worship-prostration-service,M36,H8334,to minister
praise-extol-sing,M08,G5251,to exalt
praise-extol-sing,M08,H7311A,to exalt
praise-extol-sing,M08,H7426,be exalted
praise-extol-sing,M08,H7682,to exalt
praise-extol-sing,M22,G0133,praise
praise-extol-sing,M22,G0134,to praise
praise-extol-sing,M22,G0136,praise
praise-extol-sing,M22,G0437,to praise
praise-extol-sing,M22,G1391,glory
praise-extol-sing,M22,G1392,to glorify
praise-extol-sing,M22,G1740,be glorified
praise-extol-sing,M22,G1867,to praise
praise-extol-sing,M22,G1868,praise
praise-extol-sing,M22,G2127,to praise/bless
praise-extol-sing,M22,G2128,praiseworthy
praise-extol-sing,M22,G2129,praise
praise-extol-sing,M22,G3170,to magnify
praise-extol-sing,M22,G5214,to praise
praise-extol-sing,M22,G5567,to sing praise
praise-extol-sing,M22,G6165,praise
praise-extol-sing,M22,G7765,to sing praise
praise-extol-sing,M22,H1431,to magnify
praise-extol-sing,M22,H1925,glory
praise-extol-sing,M22,H1926,glory
praise-extol-sing,M22,H1960,praise
praise-extol-sing,M22,H1974,praise
praise-extol-sing,M22,H1984B,to boast: praise
praise-extol-sing,M22,H2172,melody
praise-extol-sing,M22,H3029,to praise
praise-extol-sing,M22,H3519,glory
praise-extol-sing,M22,H4110,praise
praise-extol-sing,M22,H4210,melody
praise-extol-sing,M22,H7318,extolling
praise-extol-sing,M22,H7623B,to praise
praise-extol-sing,M22,H7624,to praise
praise-extol-sing,M22,H8416,praise
praise-extol-sing,M42,G0103,to sing
praise-extol-sing,M42,G5603,song
praise-extol-sing,M42,H2158,song
praise-extol-sing,M42,H2167,to sing
praise-extol-sing,M42,H2176,song
praise-extol-sing,M42,H7438,song
praise-extol-sing,M42,H7442B,to sing
praise-extol-sing,M42,H7891,to sing
praise-extol-sing,M42,H7892A,song
praise-extol-sing,M42,H7892B,song
thanksgiving,M04,G2169,thankfulness
thanksgiving,M04,G2170,thankful
thanksgiving,M21,G2168,to thank
thanksgiving,M22,H3034,to give thanks
thanksgiving,M22,H8426,thanksgiving
blessing-benediction,M04,G3108,blessedness
blessing-benediction,M22,H1293,blessing
blessing-benediction,M39,G1757,be blessed
blessing-benediction,M39,G3106,to bless
blessing-benediction,M39,G3107,blessed
blessing-benediction,M39,G6050,to bless
blessing-benediction,M39,H0833,to bless
blessing-benediction,M39,H0835,blessed
blessing-benediction,M39,H1288,to bless
blessing-benediction,M39,H1289,to bless
joy-gladness,M04,G0020,joy
joy-gladness,M04,G0021,to rejoice
joy-gladness,M04,G0700,to please
joy-gladness,M04,G0780,gladly
joy-gladness,M04,G1070,to laugh
joy-gladness,M04,G2100,to please
joy-gladness,M04,G2114,be cheerful
joy-gladness,M04,G2167,joy
joy-gladness,M04,G2174,be glad
joy-gladness,M04,G2234,gladly
joy-gladness,M04,G2236,most gladly
joy-gladness,M04,G2431,cheerful
joy-gladness,M04,G3685,to have joy
joy-gladness,M04,G4796,to rejoice with
joy-gladness,M04,G5463,to rejoice
joy-gladness,M04,G5479,joy
joy-gladness,M04,G6110,a leap for joy
joy-gladness,M04,G7471,to rejoice at
joy-gladness,M04,G7953,to rejoice against
joy-gladness,M04,G8946,to rejoice with
joy-gladness,M04,H1082,be cheerful
joy-gladness,M04,H1361,to exult
joy-gladness,M04,H1523,to rejoice
joy-gladness,M04,H1524A,rejoicing
joy-gladness,M04,H1525,rejoicing
joy-gladness,M04,H2302,to rejoice
joy-gladness,M04,H2304,joy
joy-gladness,M04,H2305,joy
joy-gladness,M04,H4010,cheer
joy-gladness,M04,H4885,rejoicing
joy-gladness,M04,H5207,soothing
joy-gladness,M04,H5208,soothing
joy-gladness,M04,H5539,to rejoice
joy-gladness,M04,H5937,to exult
joy-gladness,M04,H5938,exultant
joy-gladness,M04,H5947,jubilant
joy-gladness,M04,H5951,exultation
joy-gladness,M04,H5965,to rejoice
joy-gladness,M04,H5970,to rejoice
joy-gladness,M04,H6149,to please
joy-gladness,M04,H6711,to laugh
joy-gladness,M04,H7797,to rejoice
joy-gladness,M04,H7832,to laugh
joy-gladness,M04,H8055,to rejoice
joy-gladness,M04,H8056,glad
joy-gladness,M04,H8057,joy
joy-gladness,M04,H8342,rejoicing
joy-gladness,M08,H1361,to exult
faith-faithfulness-truth,M12,G0040H,holy: saint
faith-faithfulness-truth,M12,H6918H,holy: saint
faith-faithfulness-truth,M13,G0225,truth
faith-faithfulness-truth,M13,G0226,be truthful
faith-faithfulness-truth,M13,G0227,true
faith-faithfulness-truth,M13,G0228,true
faith-faithfulness-truth,M13,G4103,faithful
faith-faithfulness-truth,M13,H0529,faithful
faith-faithfulness-truth,M13,H0530,faithfulness
faith-faithfulness-truth,M13,H0539,be faithful
faith-faithfulness-truth,M13,H0544,faithfulness
faith-faithfulness-truth,M13,H0571G,truth: faithful
faith-faithfulness-truth,M13,H0571H,truth: true
faith-faithfulness-truth,M13,H0571I,truth: certain
faith-faithfulness-truth,M13,H7187,truth
faith-faithfulness-truth,M13,H7189B,truth
faith-faithfulness-truth,M21,G2318,godly
faith-faithfulness-truth,M21,G4576,be devout
faith-faithfulness-truth,M31,G2126,devout
faith-faithfulness-truth,M31,G3640,of little faith
faith-faithfulness-truth,M31,G4102G,faith
faith-faithfulness-truth,M31,G4102H,faith: faithfulness
faith-faithfulness-truth,M31,G6066,little faith
faith-faithfulness-truth,M31,H4878,faithlessness
love-devotion,M02,G5379,love of dispute
love-devotion,M05,G0025,to love
love-devotion,M05,G0026,love
love-devotion,M05,G4375,lovely
love-devotion,M05,G5358,lover of good
love-devotion,M05,G5360,brotherly love
love-devotion,M05,G5368,to love
love-devotion,M05,G5387,affectionate
love-devotion,M05,G7493,to love passionately
love-devotion,M05,H0157G,to love: lover
love-devotion,M05,H0157H,to love: friend
love-devotion,M05,H0158,lover
love-devotion,M05,H0159,beloved
love-devotion,M05,H0160,love
love-devotion,M05,H2245,to love
love-devotion,M05,H3033,beloved
love-devotion,M05,H3039B,love
love-devotion,M05,H4998,be lovely
love-devotion,M05,H5000,lovely
love-devotion,M10,H2763A,to devote/destroy
love-devotion,M28,G5365,love of money
love-devotion,M28,H2764A,devoted thing
grace-mercy-compassion,M05,G0415,merciless
grace-mercy-compassion,M05,G0448,merciless
grace-mercy-compassion,M05,G1653,to have mercy
grace-mercy-compassion,M05,G1655,merciful
grace-mercy-compassion,M05,G1656,mercy
grace-mercy-compassion,M05,G2155,compassionate
grace-mercy-compassion,M05,G3627,to have compassion
grace-mercy-compassion,M05,G3628,compassion
grace-mercy-compassion,M05,G3629,compassionate
grace-mercy-compassion,M05,G4184,very compassionate
grace-mercy-compassion,M05,G4697,to pity
grace-mercy-compassion,M05,G5544,kindness
grace-mercy-compassion,M05,G7451,to show compassion
grace-mercy-compassion,M05,G8849,full of mercy
grace-mercy-compassion,M05,H2347,to pity
grace-mercy-compassion,M05,H2551,compassion
grace-mercy-compassion,M05,H2617A,kindness
grace-mercy-compassion,M05,H4263,compassion
grace-mercy-compassion,M05,H5375Q,to lift: kindness
grace-mercy-compassion,M05,H6440N,face: kindness
grace-mercy-compassion,M05,H7349,compassionate
grace-mercy-compassion,M05,H7355,to have compassion
grace-mercy-compassion,M05,H7356B,compassion
grace-mercy-compassion,M05,H7359,compassion
grace-mercy-compassion,M05,H7362,compassionate
grace-mercy-compassion,M38,G2436,propitious/gracious
grace-mercy-compassion,M39,G5483,to give grace
grace-mercy-compassion,M39,G5485,grace
grace-mercy-compassion,M39,H2587,gracious
grace-mercy-compassion,M39,H2603A,be gracious
grace-mercy-compassion,M39,H2604,be gracious
desire-longing-appetite,M02,G7600,jealousy
desire-longing-appetite,M02,G7601,jealousy
desire-longing-appetite,M02,H7065,be jealous
desire-longing-appetite,M02,H7067H,jealous
desire-longing-appetite,M02,H7068,jealousy
desire-longing-appetite,M02,H7072,jealous
desire-longing-appetite,M04,G0587,pleasing
desire-longing-appetite,M04,G0699,pleasing
desire-longing-appetite,M04,G0701,pleasing
desire-longing-appetite,M04,G2106,to delight
desire-longing-appetite,M04,G2237,pleasure
desire-longing-appetite,M04,G4913,to delight
desire-longing-appetite,M04,G7936,to delight
desire-longing-appetite,M04,H2531,delight
desire-longing-appetite,M04,H2654A,to delight in
desire-longing-appetite,M04,H2655,delighting
desire-longing-appetite,M04,H2656,pleasure
desire-longing-appetite,M04,H2896A,pleasant
desire-longing-appetite,M04,H5273A,pleasant
desire-longing-appetite,M04,H5276,be pleasant
desire-longing-appetite,M04,H5278,pleasantness
desire-longing-appetite,M04,H5282,pleasantness
desire-longing-appetite,M04,H5730B,delight
desire-longing-appetite,M04,H6026,to delight
desire-longing-appetite,M04,H6027,delight
desire-longing-appetite,M04,H7470,pleasure
desire-longing-appetite,M04,H8173B,to delight
desire-longing-appetite,M04,H8191,delight
desire-longing-appetite,M18,G1937,to long for
desire-longing-appetite,M18,G1971,to long for
desire-longing-appetite,M18,G1972,longing
desire-longing-appetite,M18,G1973,longed for
desire-longing-appetite,M18,G1974,longing
desire-longing-appetite,M18,G2375,long shield
desire-longing-appetite,M18,G2863,be long-haired
desire-longing-appetite,M18,G3117,long/distant
desire-longing-appetite,M18,G3118,long-lived
desire-longing-appetite,M18,G3713,to aspire
desire-longing-appetite,M18,G5389,to aspire
desire-longing-appetite,M18,G7383,longed for
desire-longing-appetite,M18,G7808,with long sleeves
desire-longing-appetite,M18,G8232,long-lived
desire-longing-appetite,M18,G8859,to delay long
desire-longing-appetite,M18,G8860,long-lived
desire-longing-appetite,M18,H2968,to long
desire-longing-appetite,M18,H3616,longing
desire-longing-appetite,M18,H3700,to long
desire-longing-appetite,M18,H6446,long-sleeved
desire-longing-appetite,M18,H7469,longing
desire-longing-appetite,M18,H7602A,to long for
desire-longing-appetite,M18,H8375,longing
desire-longing-appetite,M21,G2205,zeal
desire-longing-appetite,M21,G2207,zealot
desire-longing-appetite,M21,G2208,Zealot
desire-longing-appetite,M21,G2581,Zealot
desire-longing-appetite,M24,H2638,lacking
desire-longing-appetite,M28,G1939,desire
desire-longing-appetite,M28,G2237,pleasure
desire-longing-appetite,M28,G2442,to desire
desire-longing-appetite,M28,G2691,to desire
desire-longing-appetite,M28,G5369,pleasure-loving
desire-longing-appetite,M28,G7410,desire
desire-longing-appetite,M28,H0183,to desire
desire-longing-appetite,M28,H0185,desire
desire-longing-appetite,M28,H1942,desire
desire-longing-appetite,M28,H2530A,to desire
desire-longing-appetite,M28,H2532A,desire
desire-longing-appetite,M28,H2836A,to desire
desire-longing-appetite,M28,H2837,desire
desire-longing-appetite,M28,H4261,desire
desire-longing-appetite,M28,H7067G,Jealous [God]
desire-longing-appetite,M28,H8378,desire
desire-longing-appetite,M28,H8669,desire
desire-longing-appetite,M29,G1372,to thirst
desire-longing-appetite,M29,G1373,thirst
desire-longing-appetite,M29,G1938,one who desires
desire-longing-appetite,M29,G20833,yearn for
desire-longing-appetite,M29,G2307,will/desire
desire-longing-appetite,M29,G2309,to will/desire
desire-longing-appetite,M29,G7114,craving
desire-longing-appetite,M29,G8013,to crave for strange food
desire-longing-appetite,M29,H0035,desire
desire-longing-appetite,M29,H0404,to crave
desire-longing-appetite,M29,H3970,desire
desire-longing-appetite,M29,H6165,to long for
desire-longing-appetite,M29,H6770,to thirst
desire-longing-appetite,M29,H6772,thirst
desire-longing-appetite,M29,H8373,to long for
desire-longing-appetite,M39,H2895,be pleasing
prayer-petition-crying-out,M03,G3437,complaint
prayer-petition-crying-out,M03,H7879,complaint
prayer-petition-crying-out,M05,G3870,to plead/comfort
prayer-petition-crying-out,M21,G1162,petition
prayer-petition-crying-out,M21,G1189,to pray
prayer-petition-crying-out,M21,G2171,a vow/prayer
prayer-petition-crying-out,M21,G2172,to pray/wish for
prayer-petition-crying-out,M21,G2428,supplication
prayer-petition-crying-out,M21,G4335,prayer
prayer-petition-crying-out,M21,G4336,to pray
prayer-petition-crying-out,M21,H1159,petition
prayer-petition-crying-out,M21,H4862,petition
prayer-petition-crying-out,M21,H6279,to pray
prayer-petition-crying-out,M21,H6419,to pray
prayer-petition-crying-out,M21,H6739,to pray
prayer-petition-crying-out,M21,H7596,petition
prayer-petition-crying-out,M21,H8467,supplication
prayer-petition-crying-out,M21,H8469,supplication
prayer-petition-crying-out,M21,H8605,prayer
prayer-petition-crying-out,M30,G0524,to become callous
prayer-petition-crying-out,M31,G2821,calling
prayer-petition-crying-out,M31,G2822,called
prayer-petition-crying-out,M31,G5581,falsely called
prayer-petition-crying-out,M37,G1793,to call on
prayer-petition-crying-out,M37,G1941,to call (on)/name
prayer-petition-crying-out,M37,G1951,to call/choose
prayer-petition-crying-out,M37,G2564G,to call: call
prayer-petition-crying-out,M37,G2564H,to call: name
prayer-petition-crying-out,M37,G4341,to call to/summon
prayer-petition-crying-out,M37,G4377,to call to/summon
prayer-petition-crying-out,M37,G4779,to call together
prayer-petition-crying-out,M37,G6285,to call by name
prayer-petition-crying-out,M37,G7099,to call forth
prayer-petition-crying-out,M37,G7115,to call into account
prayer-petition-crying-out,M37,H7121G,to call: call to
prayer-petition-crying-out,M37,H7121H,to call: call by
prayer-petition-crying-out,M37,H7121I,to call: call out
prayer-petition-crying-out,M37,H7121J,to call: read out
prayer-petition-crying-out,M42,G0310,to cry out
prayer-petition-crying-out,M42,G0994,to cry out
prayer-petition-crying-out,M42,G2896,to cry
prayer-petition-crying-out,M42,G5455,to call
prayer-petition-crying-out,M42,H2199,to cry out
prayer-petition-crying-out,M42,H2200,to cry out
prayer-petition-crying-out,M42,H2980,to cry
prayer-petition-crying-out,M42,H6670A,to cry out
prayer-petition-crying-out,M42,H6681,to cry aloud
prayer-petition-crying-out,M42,H6817,to cry
prayer-petition-crying-out,M42,H6818,cry
prayer-petition-crying-out,M42,H6873,to cry
prayer-petition-crying-out,M42,H7440,cry
prayer-petition-crying-out,M42,H7768,to cry
prayer-petition-crying-out,M42,H7769,cry
prayer-petition-crying-out,M42,H7773,to cry
prayer-petition-crying-out,M42,H7775,cry
being-heard-listening,M21,G1522,to listen to
being-heard-listening,M21,G1873,to listen to
being-heard-listening,M21,G1874,to listen ro
being-heard-listening,M24,G0611,to answer
being-heard-listening,M24,H6032,to answer
being-heard-listening,M41,G0189,hearing
being-heard-listening,M41,H0238,to listen
being-heard-listening,M41,H4926,hearing
being-heard-listening,M41,H7181,to listen
being-heard-listening,M41,H8085G,to hear: hear
being-heard-listening,M41,H8085H,to hear: obey
being-heard-listening,M41,H8085I,to hear: proclaim
being-heard-listening,M41,H8085J,to hear: understand
being-heard-listening,M41,H8085K,to hear: judge
being-heard-listening,M41,H8085L,to hear: welcome
being-heard-listening,M42,G0612,answer
being-heard-listening,M42,H4617,answer
knowing-understanding,M14,G3191,to meditate/plot
knowing-understanding,M15,G0143,to perceive
knowing-understanding,M15,G0333,to contemplate
knowing-understanding,M15,G1097,to know
knowing-understanding,M15,G1108,knowledge
knowing-understanding,M15,G1270,thought
knowing-understanding,M15,G1380,to think
knowing-understanding,M15,G1425,hard to understand
knowing-understanding,M15,G1492G,to perceive: understand
knowing-understanding,M15,G1492I,to perceive: know
knowing-understanding,M15,G1760,to reflect on
knowing-understanding,M15,G1761,reflection
knowing-understanding,M15,G1771,thought/purpose
knowing-understanding,M15,G1922,knowledge
knowing-understanding,M15,G1963,thought
knowing-understanding,M15,G1987,to know/understand
knowing-understanding,M15,G1990,knowing
knowing-understanding,M15,G2467,to know
knowing-understanding,M15,G2529,to perceive
knowing-understanding,M15,G2924,discerning
knowing-understanding,M15,G3053,thought
knowing-understanding,M15,G3539,to understand
knowing-understanding,M15,G3540,mind/thought
knowing-understanding,M15,G3543,to think
knowing-understanding,M15,G4907,understanding
knowing-understanding,M15,G4920,to understand
knowing-understanding,M15,G4993,be of sound mind
knowing-understanding,M15,G5424,thinking
knowing-understanding,M15,G5428,understanding
knowing-understanding,M15,G5429,thoughtful
knowing-understanding,M15,G6063,to know
knowing-understanding,M15,G6140,meditation
knowing-understanding,M15,G7243,a thought
knowing-understanding,M15,G7396,knowledge
knowing-understanding,M15,G7454,higher knowledge
knowing-understanding,M15,G8281,meditation
knowing-understanding,M15,H0995,to understand
knowing-understanding,M15,H0998,understanding
knowing-understanding,M15,H0999,understanding
knowing-understanding,M15,H1843,knowledge
knowing-understanding,M15,H1844,knowledge
knowing-understanding,M15,H1847,knowledge
knowing-understanding,M15,H1900,meditation
knowing-understanding,M15,H1901,meditation
knowing-understanding,M15,H1902H,meditation
knowing-understanding,M15,H2803J,to devise: think
knowing-understanding,M15,H2938,to perceive
knowing-understanding,M15,H3045,to know
knowing-understanding,M15,H3046,to know
knowing-understanding,M15,H3321,to know
knowing-understanding,M15,H4093,knowledge
knowing-understanding,M15,H4486,knowledge
knowing-understanding,M15,H4609A,thought
knowing-understanding,M15,H6245B,to think
knowing-understanding,M15,H6248,thought
knowing-understanding,M15,H6250,thought
knowing-understanding,M15,H7454,thought
knowing-understanding,M15,H7476,thought
knowing-understanding,M15,H7760K,to set: consider
knowing-understanding,M15,H7808,thought
knowing-understanding,M15,H7878,to muse
knowing-understanding,M15,H7881,meditation
knowing-understanding,M15,H7896K,to set: consider
knowing-understanding,M15,H7920,to contemplate
knowing-understanding,M15,H7922,understanding
knowing-understanding,M15,H8175C,to know
knowing-understanding,M15,H8394,understanding
knowing-understanding,M37,G4267,to know/choose
knowing-understanding,M41,H0239,to ponder
knowing-understanding,M43,G1253,discernment
knowing-understanding,M45,G3328,to change mind
knowing-understanding,M47,G1271,mind
knowing-understanding,M47,G3510,mind
knowing-understanding,M47,G3563,mind
knowing-understanding,M47,G4993,be of sound mind
knowing-understanding,M47,H1079,mind
wisdom-folly-teaching,M05,G2567,teaching good
wisdom-folly-teaching,M14,G3834,craftiness
wisdom-folly-teaching,M14,G3835,crafty
wisdom-folly-teaching,M14,H6195,craftiness
wisdom-folly-teaching,M15,G0801,senseless
wisdom-folly-teaching,M15,G1321,to teach
wisdom-folly-teaching,M15,G3809,discipline
wisdom-folly-teaching,M15,G4678,wisdom
wisdom-folly-teaching,M15,G4679,to make wise
wisdom-folly-teaching,M15,G4680,wise
wisdom-folly-teaching,M15,H2445,wise
wisdom-folly-teaching,M15,H2449,be wise
wisdom-folly-teaching,M15,H2450,wise
wisdom-folly-teaching,M15,H2451,wisdom
wisdom-folly-teaching,M15,H2452,wisdom
wisdom-folly-teaching,M15,H4148G,discipline
wisdom-folly-teaching,M15,H4561,discipline
wisdom-folly-teaching,M15,H5034A,be senseless
wisdom-folly-teaching,M15,H6175,prudent
wisdom-folly-teaching,M15,H6191,be shrewd
wisdom-folly-teaching,M15,H7919A,be prudent
wisdom-folly-teaching,M15,H8454,wisdom
wisdom-folly-teaching,M15,H8637,to teach
wisdom-folly-teaching,M16,G0453,foolish
wisdom-folly-teaching,M16,G0454,folly
wisdom-folly-teaching,M16,G0877,foolishness
wisdom-folly-teaching,M16,G0878,foolish
wisdom-folly-teaching,M16,G3471,be foolish
wisdom-folly-teaching,M16,G3472,foolishness
wisdom-folly-teaching,M16,G3473,foolish talk
wisdom-folly-teaching,M16,G3474,foolish
wisdom-folly-teaching,M16,G4469,fool
wisdom-folly-teaching,M16,H0191,fool[ish]
wisdom-folly-teaching,M16,H0196,foolish
wisdom-folly-teaching,M16,H0200,folly
wisdom-folly-teaching,M16,H1197B,be brutish
wisdom-folly-teaching,M16,H1198,stupid
wisdom-folly-teaching,M16,H1984C,to be foolish
wisdom-folly-teaching,M16,H2973,be foolish
wisdom-folly-teaching,M16,H3684,fool
wisdom-folly-teaching,M16,H3687,stupidity
wisdom-folly-teaching,M16,H3688,be stupid
wisdom-folly-teaching,M16,H5036,foolish
wisdom-folly-teaching,M16,H5039,folly
wisdom-folly-teaching,M16,H5528,be foolish
wisdom-folly-teaching,M16,H5529,folly
wisdom-folly-teaching,M16,H5530,fool
wisdom-folly-teaching,M16,H5531A,folly
wisdom-folly-teaching,M16,H5531B,folly
wisdom-folly-teaching,M16,H6580,folly
wisdom-folly-teaching,M16,H6612A,simple
wisdom-folly-teaching,M16,H8604,folly
wisdom-folly-teaching,M17,G3875,counsellor
wisdom-folly-teaching,M17,G4824,counsel/council
wisdom-folly-teaching,M17,G4825,counselor
wisdom-folly-teaching,M17,H1907,counselor
wisdom-folly-teaching,M17,H3272A,to counsel
wisdom-folly-teaching,M17,H3272B,counsellor
wisdom-folly-teaching,M17,H4156,counsel
wisdom-folly-teaching,M17,H4431,counsel
wisdom-folly-teaching,M17,H5475,counsel
wisdom-folly-teaching,M17,H5843,counsel
wisdom-folly-teaching,M17,H6098,counsel
wisdom-folly-teaching,M17,H8458,counsel
wisdom-folly-teaching,M19,G4995,self-discipline
wisdom-folly-teaching,M22,H3513J,to honor: dull
sloth-diligence-industry,M16,G3636,lazy
sloth-diligence-industry,M34,G4710,diligence
wealth-poverty-riches,M04,H8588,luxury
wealth-poverty-riches,M22,H3520B,riches
wealth-poverty-riches,M23,H2428H,strength: rich
wealth-poverty-riches,M28,G0694,money
wealth-poverty-riches,M28,G5366,money-loving
wealth-poverty-riches,M28,G5536,money
wealth-poverty-riches,M33,H4766,abundance
wealth-poverty-riches,M46,G2141,be prosperous
wealth-poverty-riches,M46,G2142,prosperity
wealth-poverty-riches,M46,G3045,rich
wealth-poverty-riches,M46,G3126,wealth
wealth-poverty-riches,M46,G4145,rich
wealth-poverty-riches,M46,G4146,richly
wealth-poverty-riches,M46,G4147,be rich
wealth-poverty-riches,M46,G4149,riches
wealth-poverty-riches,M46,G5094,wealth
wealth-poverty-riches,M46,H1878,to prosper
wealth-poverty-riches,M46,H1991,wealth
wealth-poverty-riches,M46,H2633,wealth
wealth-poverty-riches,M46,H3502,abundance
wealth-poverty-riches,M46,H3520B,riches
wealth-poverty-riches,M46,H3574,prosperity
wealth-poverty-riches,M46,H5232,wealth
wealth-poverty-riches,M46,H5233,wealth
wealth-poverty-riches,M46,H6223,rich
wealth-poverty-riches,M46,H6239,riches
wealth-poverty-riches,M46,H6743B,to prosper
wealth-poverty-riches,M46,H6744,to prosper
wealth-poverty-riches,M46,H7230,abundance
wealth-poverty-riches,M46,H7951,to prosper
wealth-poverty-riches,M46,H7959,prosperity
wealth-poverty-riches,M46,H8082,rich
memory-remembrance,M11,H7725N,to return: recall
memory-remembrance,M41,G1585,to forget
memory-remembrance,M41,G1950,to forget
memory-remembrance,M41,G1953,forgetfulness
memory-remembrance,M41,G3024,forgetfulness
memory-remembrance,M41,G3403,to remember
memory-remembrance,M41,G3415,to remember
memory-remembrance,M41,G3421,to remember
memory-remembrance,M41,H2142,to remember
memory-remembrance,M41,H5382,to forget
memory-remembrance,M41,H5388,forgetfulness
memory-remembrance,M41,H7876,to forget
memory-remembrance,M41,H7911,to forget
memory-remembrance,M41,H7913,forgetful
speech-mouth-tongue,M05,G2097,to speak good news
speech-mouth-tongue,M05,G4283,to speak good news
speech-mouth-tongue,M14,G5396,to talk nonsense
speech-mouth-tongue,M14,G5542,smooth talk
speech-mouth-tongue,M15,G3056,word
speech-mouth-tongue,M15,H0561,word
speech-mouth-tongue,M15,H0562,word
speech-mouth-tongue,M15,H0565A,word
speech-mouth-tongue,M15,H1697G,word
speech-mouth-tongue,M15,H1697H,word: speaking
speech-mouth-tongue,M15,H1703,word
speech-mouth-tongue,M15,H4406,word
speech-mouth-tongue,M15,H6310I,lip: word
speech-mouth-tongue,M23,G8156,power of speech
speech-mouth-tongue,M28,H1697I,word: thing
speech-mouth-tongue,M29,G4483,to say: will say
speech-mouth-tongue,M42,G1834,to tell
speech-mouth-tongue,M42,H0981,to speak rashly
speech-mouth-tongue,M42,H1696G,to speak: speak
speech-mouth-tongue,M42,H1696I,to speak: promise
speech-mouth-tongue,M42,H5002,utterance
speech-mouth-tongue,M42,H5046,to tell
walk-way-conduct,M18,H5074,to wander
walk-way-conduct,M18,H5110,to wander
walk-way-conduct,M21,G1872,to follow after
walk-way-conduct,M22,H2986,to conduct
walk-way-conduct,M22,H5329,to conduct
walk-way-conduct,M30,H7683,to go astray
walk-way-conduct,M30,H7686,to wander
walk-way-conduct,M30,H8582,to go astray
keeping-guarding-vigilance,M06,G4337,to watch out
keeping-guarding-vigilance,M06,G4648,to watch out
keeping-guarding-vigilance,M06,H7520,to watch with envy
keeping-guarding-vigilance,M28,H7520,to watch with envy
keeping-guarding-vigilance,M30,G1301,to keep
keeping-guarding-vigilance,M30,G5083H,to keep: guard
keeping-guarding-vigilance,M30,G5442G,to keep/guard: observe
keeping-guarding-vigilance,M30,H5201,to keep
keeping-guarding-vigilance,M30,H5202,to keep
keeping-guarding-vigilance,M30,H5341,to watch
keeping-guarding-vigilance,M30,H5770,to watch
keeping-guarding-vigilance,M30,H6822,to watch
keeping-guarding-vigilance,M30,H7673B,to keep
keeping-guarding-vigilance,M30,H8104G,to keep: obey
keeping-guarding-vigilance,M30,H8104H,to keep: guard
keeping-guarding-vigilance,M30,H8104I,to keep: look at
keeping-guarding-vigilance,M30,H8104J,to keep: careful
keeping-guarding-vigilance,M30,H8245,to watch
torah-obedience-word,M09,G3980,to obey
torah-obedience-word,M09,G5218,obedience
torah-obedience-word,M09,G5219,to obey
torah-obedience-word,M09,H3349,obedience
torah-obedience-word,M14,G5577,false testimony
torah-obedience-word,M30,G5255,obedient
righteousness-integrity,M07,G6177,innocence
righteousness-integrity,M07,H2136,innocence
righteousness-integrity,M07,H5356A,innocence
righteousness-integrity,M10,G0094,unjust
righteousness-integrity,M10,H1215,unjust-gain
righteousness-integrity,M10,H5760,unjust one
righteousness-integrity,M10,H5766A,injustice
righteousness-integrity,M10,H5766B,injustice
righteousness-integrity,M10,H5767,unjust
righteousness-integrity,M12,G0053,pure
righteousness-integrity,M12,G0097,pure
righteousness-integrity,M12,G0121,innocent
righteousness-integrity,M12,G0172,innocent
righteousness-integrity,M12,G0185,innocent
righteousness-integrity,M12,G0273,blameless
righteousness-integrity,M12,G0283,pure
righteousness-integrity,M12,G0298,blameless
righteousness-integrity,M12,G0299,blameless
righteousness-integrity,M12,G0338,innocent
righteousness-integrity,M12,G1506,pure
righteousness-integrity,M12,G2511,to clean
righteousness-integrity,M12,G2512,cleansing
righteousness-integrity,M12,G2513,clean
righteousness-integrity,M12,G2514,cleanness
righteousness-integrity,M12,G4101,pure
righteousness-integrity,M12,G7752,be clean
righteousness-integrity,M12,H1249,pure
righteousness-integrity,M12,H1252,cleanness
righteousness-integrity,M12,H2134,pure
righteousness-integrity,M12,H2135,to clean
righteousness-integrity,M12,H2141,be clean
righteousness-integrity,M12,H2643,clean
righteousness-integrity,M12,H2889,pure
righteousness-integrity,M12,H2890,pureness
righteousness-integrity,M12,H2891,be pure
righteousness-integrity,M12,H4935,cleansing
righteousness-integrity,M12,H5343,pure
righteousness-integrity,M12,H5355A,innocent
righteousness-integrity,M12,H5355B,innocent
righteousness-integrity,M12,H6337,pure gold
righteousness-integrity,M12,H8549H,unblemished: blameless
righteousness-integrity,M13,G3716,be upright
righteousness-integrity,M13,H3477G,upright:right
righteousness-integrity,M13,H3477I,upright:straight
righteousness-integrity,M13,H8537,integrity
righteousness-integrity,M13,H8538,integrity
righteousness-integrity,M26,G1341,justice
righteousness-integrity,M26,G1342,just
righteousness-integrity,M26,G1343,righteousness
righteousness-integrity,M26,G1345,righteous act
righteousness-integrity,M26,G1738,just
righteousness-integrity,M26,G2118,righteousness
righteousness-integrity,M26,G3717,upright
righteousness-integrity,M26,G6928,court of justice
righteousness-integrity,M26,H0197H,Hall [of Justice]
righteousness-integrity,M26,H3476,uprightness
righteousness-integrity,M26,H3483,uprightness
righteousness-integrity,M26,H4339,uprightness
righteousness-integrity,M26,H4639H,deed: justice
righteousness-integrity,M26,H4941G,justice: judgement
righteousness-integrity,M26,H4941H,justice
righteousness-integrity,M26,H4941I,justice: rule
righteousness-integrity,M26,H4941J,justice: custom
righteousness-integrity,M26,H5229,upright
righteousness-integrity,M26,H5765,to act unjustly
righteousness-integrity,M26,H6662,righteous
righteousness-integrity,M26,H6664G,righteousness
righteousness-integrity,M26,H6664H,Righteousness [God]
righteousness-integrity,M26,H6665,righteousness
righteousness-integrity,M26,H6666,righteousness
righteousness-integrity,M26,H6968,uprightness
sin-guilt-iniquity,M01,H2933,to defile
sin-guilt-iniquity,M10,G0264,to sin
sin-guilt-iniquity,M10,G0265,sin
sin-guilt-iniquity,M10,G0266,sin
sin-guilt-iniquity,M10,G21497,Sin/Shin
sin-guilt-iniquity,M10,G3845,to transgress
sin-guilt-iniquity,M10,G3847,transgression
sin-guilt-iniquity,M10,G3848,transgressor
sin-guilt-iniquity,M10,G3900,trespass
sin-guilt-iniquity,M10,G4202,sexual sin
sin-guilt-iniquity,M10,G4203,to sin sexually
sin-guilt-iniquity,M10,G4205,sexual sinner
sin-guilt-iniquity,M10,G7292,to lead into sin
sin-guilt-iniquity,M10,G8327,defilement
sin-guilt-iniquity,M10,G8634,a transgression
sin-guilt-iniquity,M10,H0816,be guilty
sin-guilt-iniquity,M10,H0817,guilt [offering]
sin-guilt-iniquity,M10,H0818,guilty
sin-guilt-iniquity,M10,H0819,guiltiness
sin-guilt-iniquity,M10,H2054,guilty
sin-guilt-iniquity,M10,H2398,to sin
sin-guilt-iniquity,M10,H2399,sin
sin-guilt-iniquity,M10,H2400,sinner
sin-guilt-iniquity,M10,H2401,sin
sin-guilt-iniquity,M10,H2403A,sin
sin-guilt-iniquity,M10,H2403B,sin
sin-guilt-iniquity,M10,H2403H,sin: sin offering
sin-guilt-iniquity,M10,H2403I,sin: punishment
sin-guilt-iniquity,M10,H2408,sin
sin-guilt-iniquity,M10,H5375J,to lift: guilt
sin-guilt-iniquity,M10,H5512B,Sin
sin-guilt-iniquity,M10,H5674D,to pass: trespass
sin-guilt-iniquity,M10,H5758,iniquity
sin-guilt-iniquity,M10,H5771G,iniquity: crime
sin-guilt-iniquity,M10,H5771H,iniquity: guilt
sin-guilt-iniquity,M10,H5771I,iniquity: punishment
sin-guilt-iniquity,M10,H5932,iniquity
sin-guilt-iniquity,M10,H6586,to transgress
sin-guilt-iniquity,M10,H6588,transgression
sin-guilt-iniquity,M12,G0168,uncleanness
sin-guilt-iniquity,M12,H2932,uncleanness
shame-confusion,M05,H2616B,to shame
shame-confusion,M05,H2617B,shame
shame-confusion,M06,G0176,beyond reproach
shame-confusion,M06,G3680,reproach
shame-confusion,M06,H2781,reproach
shame-confusion,M07,G0149,shameful
shame-confusion,M07,G0150,shameful
shame-confusion,M07,G0152,shame
shame-confusion,M07,G0153,be ashamed
shame-confusion,M07,G0818,to dishonor
shame-confusion,M07,G0819,dishonour
shame-confusion,M07,G1165,to disgrace
shame-confusion,M07,G1788,to cause shame
shame-confusion,M07,G1791,shame
shame-confusion,M07,G1870,be ashamed of
shame-confusion,M07,G2617,to dishonor
shame-confusion,M07,G3681,disgrace
shame-confusion,M07,G3856,to disgrace
shame-confusion,M07,G6396,to cast shame
shame-confusion,M07,H0954,be ashamed
shame-confusion,M07,H0955,shame
shame-confusion,M07,H1317,shame
shame-confusion,M07,H1322,shame
shame-confusion,M07,H2616B,to shame
shame-confusion,M07,H2617B,shame
shame-confusion,M07,H2659,be ashamed
shame-confusion,M07,H3637,be humiliated
shame-confusion,M07,H3639,shame
shame-confusion,M07,H3640,shame
shame-confusion,M07,H6173,dishonor
shame-confusion,M07,H7022,disgrace
shame-confusion,M07,H7034,to dishonor
shame-confusion,M07,H7036,dishonor
shame-confusion,M07,H8218,humiliation
confession-forgiveness,M10,H3725,atonement
confession-forgiveness,M11,G0859,forgiveness
confession-forgiveness,M11,G0863H,to release: forgive
confession-forgiveness,M11,G1813,to blot out
confession-forgiveness,M11,H3722A,to atone
confession-forgiveness,M11,H5375I,to lift: forgive
confession-forgiveness,M11,H5545,to forgive
confession-forgiveness,M11,H5546,forgiving
confession-forgiveness,M11,H5547,forgiveness
rebellion-stubbornness,M06,G2706,to despise
rebellion-stubbornness,M06,G3643,to despise
rebellion-stubbornness,M06,G4065,to despise
rebellion-stubbornness,M06,G6141,be despised
rebellion-stubbornness,M06,H0936,to despise
rebellion-stubbornness,M06,H0959,to despise
rebellion-stubbornness,M06,H2107,to lavish/despise
rebellion-stubbornness,M06,H2186A,to reject
rebellion-stubbornness,M06,H3988A,to reject
rebellion-stubbornness,M06,H5006,to spurn
rebellion-stubbornness,M06,H7590,to despise
rebellion-stubbornness,M07,G0114,to reject
rebellion-stubbornness,M07,G0593,to reject
rebellion-stubbornness,M07,G0683,to reject
rebellion-stubbornness,M07,G1848,to reject
rebellion-stubbornness,M07,H5541A,to reject
rebellion-stubbornness,M20,H5800A,to leave: forsake
rebellion-stubbornness,M27,G3868,to refuse/excuse
rebellion-stubbornness,M27,H0830H,refuse
rebellion-stubbornness,M27,H3985,to refuse
rebellion-stubbornness,M27,H4651,refuse
rebellion-stubbornness,M27,H6569,refuse
rebellion-stubbornness,M27,H6574,refuse
rebellion-stubbornness,M27,H7419,refuse
rebellion-stubbornness,M30,G1881,to rebel against
rebellion-stubbornness,M30,G3027,robber/rebel
rebellion-stubbornness,M30,G3893,to rebel
rebellion-stubbornness,M30,G3894,rebellion
rebellion-stubbornness,M30,G6149,rebellion
rebellion-stubbornness,M30,H4775,to rebel
rebellion-stubbornness,M30,H4776,rebellion
rebellion-stubbornness,M30,H4777,rebellion
rebellion-stubbornness,M30,H4779,rebellious
rebellion-stubbornness,M30,H4780,rebellious
rebellion-stubbornness,M30,H4784,to rebel
rebellion-stubbornness,M30,H4805H,rebellion
rebellion-stubbornness,M30,H5620,stubborn
rebellion-stubbornness,M30,H5637,to rebel
rebellion-stubbornness,M30,H7190,stubbornness
rebellion-stubbornness,M30,H7846,rebellion
rebellion-stubbornness,M30,H8307,stubbornness
wickedness-ungodliness,M03,H7451I,distress: evil
wickedness-ungodliness,M10,G0764,be ungodly
wickedness-ungodliness,M10,H2149,vileness
wickedness-ungodliness,M26,H7561,be wicked
wickedness-ungodliness,M27,G2556H,evil/harm: harm
wickedness-ungodliness,M27,H7451I,distress: evil
malice-enmity-persecution,M06,G0436,to oppose
malice-enmity-persecution,M06,G0475,to oppose
malice-enmity-persecution,M06,G0476,opponent
malice-enmity-persecution,M06,G0480,be an opponent
malice-enmity-persecution,M06,G0655,to abhor
malice-enmity-persecution,M06,G0786,irreconcilable
malice-enmity-persecution,M06,G0948,to abhor
malice-enmity-persecution,M06,G1758,to oppose
malice-enmity-persecution,M06,G1908,to mistreat
malice-enmity-persecution,M06,G2189,hostility
malice-enmity-persecution,M06,G2653,to curse
malice-enmity-persecution,M06,G2672,to curse
malice-enmity-persecution,M06,G3404,to hate
malice-enmity-persecution,M06,G3605,to stink
malice-enmity-persecution,M06,G4767,hated
malice-enmity-persecution,M06,G5195,to mistreat
malice-enmity-persecution,M06,G6522,to curse
malice-enmity-persecution,M06,G7223,to be adversary
malice-enmity-persecution,M06,G7351,contempt
malice-enmity-persecution,M06,G7352,contempt
malice-enmity-persecution,M06,G7590,hatred
malice-enmity-persecution,M06,G8332,hatred
malice-enmity-persecution,M06,H0340,be hostile
malice-enmity-persecution,M06,H0779,to curse
malice-enmity-persecution,M06,H0887,to stink
malice-enmity-persecution,M06,H0937,contempt
malice-enmity-persecution,M06,H0939,contempt
malice-enmity-persecution,M06,H0963,contempt
malice-enmity-persecution,M06,H0973A,to loath
malice-enmity-persecution,M06,H1602,to abhor
malice-enmity-persecution,M06,H1604,loathing
malice-enmity-persecution,M06,H1860,abhorrence
malice-enmity-persecution,M06,H2092,to loathe
malice-enmity-persecution,M06,H2186B,to stink
malice-enmity-persecution,M06,H3401,opponent
malice-enmity-persecution,M06,H3944,scorning
malice-enmity-persecution,M06,H4895,hatred
malice-enmity-persecution,M06,H5007A,contempt
malice-enmity-persecution,M06,H5007B,contempt
malice-enmity-persecution,M06,H5010,to disown
malice-enmity-persecution,M06,H5344B,to curse
malice-enmity-persecution,M06,H6895,to curse
malice-enmity-persecution,M06,H6962,to loath
malice-enmity-persecution,M06,H6973,to loathe
malice-enmity-persecution,M06,H7009,adversary
malice-enmity-persecution,M06,H7048,derision
malice-enmity-persecution,M06,H7147,hostility
malice-enmity-persecution,M06,H7589,scorn
malice-enmity-persecution,M06,H7852,to hate
malice-enmity-persecution,M06,H7853,to oppose
malice-enmity-persecution,M06,H8103,derision
malice-enmity-persecution,M06,H8130,to hate
malice-enmity-persecution,M06,H8131,to hate
malice-enmity-persecution,M06,H8146,hated
malice-enmity-persecution,M06,H8263,detestation
malice-enmity-persecution,M06,H8374,to loathe
malice-enmity-persecution,M06,H8581,to abhor
malice-enmity-persecution,M07,G0685,curse
malice-enmity-persecution,M07,G2551,to curse/revile
malice-enmity-persecution,M07,G2652,curse
malice-enmity-persecution,M07,G2671,curse
malice-enmity-persecution,M07,G7906,a curse
malice-enmity-persecution,M07,H3994,curse
malice-enmity-persecution,M07,H7045,curse
malice-enmity-persecution,M07,H8381,curse
malice-enmity-persecution,M08,H3933,derision
malice-enmity-persecution,M08,H7047,derision
malice-enmity-persecution,M14,G1917,plot
malice-enmity-persecution,M14,G4945,plot
malice-enmity-persecution,M14,H2050,to plot
malice-enmity-persecution,M14,H2665,plot
malice-enmity-persecution,M14,H2790A,to plow/plot
malice-enmity-persecution,M14,H4209,plot
malice-enmity-persecution,M14,H4284,plot
malice-enmity-persecution,M14,H5230,to plot
malice-enmity-persecution,M23,G4912,to hold/oppress
malice-enmity-persecution,M24,G2616,to oppress
malice-enmity-persecution,M24,G2669,to oppress
malice-enmity-persecution,M24,H2556C,to oppress
malice-enmity-persecution,M24,H3238,to oppress
malice-enmity-persecution,M24,H3905,to oppress
malice-enmity-persecution,M24,H4835,oppression
malice-enmity-persecution,M24,H5065,to oppress
malice-enmity-persecution,M24,H8496,oppression
malice-enmity-persecution,M28,G7353,a contemptible thing
malice-enmity-persecution,M44,G2190,enemy
malice-enmity-persecution,M44,G7589,be an enemy
malice-enmity-persecution,M44,H0341,enemy
malice-enmity-persecution,M44,H6145,enemy
malice-enmity-persecution,M44,H6862C,enemy
malice-enmity-persecution,M44,H7790,enemy
malice-enmity-persecution,M44,H8324,enemy
pride-arrogance-scoffing,M06,H1422,taunt
pride-arrogance-scoffing,M06,H2049,mockery
pride-arrogance-scoffing,M06,H2778A,to taunt
pride-arrogance-scoffing,M06,H3934,mocking
pride-arrogance-scoffing,M06,H4426,mockery
pride-arrogance-scoffing,M06,H4485,mocking
pride-arrogance-scoffing,M06,H5607A,mockery
pride-arrogance-scoffing,M06,H8148,taunt
pride-arrogance-scoffing,M08,G0212,boasting
pride-arrogance-scoffing,M08,G0757,be first
pride-arrogance-scoffing,M08,G0829,self-willed
pride-arrogance-scoffing,M08,G1702,to mock
pride-arrogance-scoffing,M08,G2606,to mock
pride-arrogance-scoffing,M08,G2620,to boast
pride-arrogance-scoffing,M08,G2744,to boast
pride-arrogance-scoffing,M08,G2745,pride
pride-arrogance-scoffing,M08,G2746,pride
pride-arrogance-scoffing,M08,G2755,conceited
pride-arrogance-scoffing,M08,G3166,to boast
pride-arrogance-scoffing,M08,G3168,majesty
pride-arrogance-scoffing,M08,G3172,majesty
pride-arrogance-scoffing,M08,G3456,to mock
pride-arrogance-scoffing,M08,G4068,to boast
pride-arrogance-scoffing,M08,G4409,be first
pride-arrogance-scoffing,M08,G5187,be conceited
pride-arrogance-scoffing,M08,G5229,be haughty
pride-arrogance-scoffing,M08,G5243,pride
pride-arrogance-scoffing,M08,G5244,arrogant
pride-arrogance-scoffing,M08,G5246,boastful
pride-arrogance-scoffing,M08,G5252,be haughty
pride-arrogance-scoffing,M08,G5309,be arrogant
pride-arrogance-scoffing,M08,G5311,height
pride-arrogance-scoffing,M08,G5313,height
pride-arrogance-scoffing,M08,G5367,selfish
pride-arrogance-scoffing,M08,G5448,to inflate
pride-arrogance-scoffing,M08,G5450,arrogance
pride-arrogance-scoffing,M08,G6094,to boast
pride-arrogance-scoffing,M08,G7013,to boast of
pride-arrogance-scoffing,M08,G7973,be arrogant
pride-arrogance-scoffing,M08,H1341,proud
pride-arrogance-scoffing,M08,H1342,to rise up
pride-arrogance-scoffing,M08,H1343,proud
pride-arrogance-scoffing,M08,H1344,pride
pride-arrogance-scoffing,M08,H1346,pride
pride-arrogance-scoffing,M08,H1347,pride
pride-arrogance-scoffing,M08,H1348,majesty
pride-arrogance-scoffing,M08,H1363,height
pride-arrogance-scoffing,M08,H1365,haughtiness
pride-arrogance-scoffing,M08,H1466,pride
pride-arrogance-scoffing,M08,H1467,pride
pride-arrogance-scoffing,M08,H1984H,to boast: boast
pride-arrogance-scoffing,M08,H1984I,to boast: rave madly
pride-arrogance-scoffing,M08,H2048A,to mock
pride-arrogance-scoffing,M08,H2086,arrogant
pride-arrogance-scoffing,M08,H2087,arrogance
pride-arrogance-scoffing,M08,H2103,be proud
pride-arrogance-scoffing,M08,H3093,proud
pride-arrogance-scoffing,M08,H3887,to mock
pride-arrogance-scoffing,M08,H3932,to mock
pride-arrogance-scoffing,M08,H4167,to mock
pride-arrogance-scoffing,M08,H4791,height
pride-arrogance-scoffing,M08,H5674H,be arrogant
pride-arrogance-scoffing,M08,H5719,voluptuous
pride-arrogance-scoffing,M08,H5920H,height
pride-arrogance-scoffing,M08,H5953C,to mock
pride-arrogance-scoffing,M08,H6277,arrogant
pride-arrogance-scoffing,M08,H6967,height
pride-arrogance-scoffing,M08,H7046,to mock
pride-arrogance-scoffing,M08,H7295,proud
pride-arrogance-scoffing,M08,H7296,pride
pride-arrogance-scoffing,M08,H7312,height
pride-arrogance-scoffing,M08,H7314,height
pride-arrogance-scoffing,M08,H7830,pride
pride-arrogance-scoffing,M08,H7986,imperious
pride-arrogance-scoffing,M08,H8591,to mock
pride-arrogance-scoffing,M16,H1984I,to boast: rave madly
deceit-falsehood,M10,G4942,to join hypocrisy
deceit-falsehood,M10,G6882,perverseness
deceit-falsehood,M10,H0898,to act treacherously
deceit-falsehood,M10,H2017,perversity
deceit-falsehood,M10,H3891,perversity
deceit-falsehood,M10,H8419,perversity
deceit-falsehood,M14,G0539,deceit
deceit-falsehood,M14,G0613,to conceal
deceit-falsehood,M14,G0802,untrustworthy
deceit-falsehood,M14,G1228H,slanderous
deceit-falsehood,M14,G1386,deceitful
deceit-falsehood,M14,G1387,to deceive
deceit-falsehood,M14,G1388,deceit
deceit-falsehood,M14,G1389,to distort
deceit-falsehood,M14,G1426,slander
deceit-falsehood,M14,G1818,to deceive
deceit-falsehood,M14,G2636,slander
deceit-falsehood,M14,G2637,slanderous
deceit-falsehood,M14,G2686,be cunning
deceit-falsehood,M14,G2850,flattery
deceit-falsehood,M14,G2940,cunning
deceit-falsehood,M14,G3884,to deceive
deceit-falsehood,M14,G4108,deceiving
deceit-falsehood,M14,G4273,traitor
deceit-falsehood,M14,G4646,crooked
deceit-falsehood,M14,G4761,to distort
deceit-falsehood,M14,G4780,to conceal
deceit-falsehood,M14,G5271,to pretend
deceit-falsehood,M14,G5272,hypocrisy
deceit-falsehood,M14,G5273,hypocrite
deceit-falsehood,M14,G5422,to deceive
deceit-falsehood,M14,G5569,false brother
deceit-falsehood,M14,G5573,lying
deceit-falsehood,M14,G5574,to lie
deceit-falsehood,M14,G5578,false prophet
deceit-falsehood,M14,G5579,lie
deceit-falsehood,M14,G5580,false Christ
deceit-falsehood,M14,G5582,falsehood
deceit-falsehood,M14,G6957,deceit
deceit-falsehood,M14,H0391,deceptive
deceit-falsehood,M14,H0899A,treachery
deceit-falsehood,M14,H0900,treachery
deceit-falsehood,M14,H0901,treacherous
deceit-falsehood,M14,H1681,slander
deceit-falsehood,M14,H1848,slander
deceit-falsehood,M14,H1892,vanity
deceit-falsehood,M14,H2019,crooked
deceit-falsehood,M14,H2048B,to deceive
deceit-falsehood,M14,H2514,flattery
deceit-falsehood,M14,H3576,to lie
deceit-falsehood,M14,H3577,lie
deceit-falsehood,M14,H3584,to deceive
deceit-falsehood,M14,H3585,lie
deceit-falsehood,M14,H3586,deceptive
deceit-falsehood,M14,H3655,to flatter
deceit-falsehood,M14,H3868,be devious
deceit-falsehood,M14,H4020,twisted
deceit-falsehood,M14,H4123,deception
deceit-falsehood,M14,H4820,deceit
deceit-falsehood,M14,H4860,guile
deceit-falsehood,M14,H5377,to deceive
deceit-falsehood,M14,H5558,crookedness
deceit-falsehood,M14,H5956,to conceal
deceit-falsehood,M14,H6121A,insidious
deceit-falsehood,M14,H6122,cunning
deceit-falsehood,M14,H6128,crooked
deceit-falsehood,M14,H6129,crooked
deceit-falsehood,M14,H6141,twisted
deceit-falsehood,M14,H6143,crookedness
deceit-falsehood,M14,H6618,twisted
deceit-falsehood,M14,H7400,slander
deceit-falsehood,M14,H7411B,to deceive
deceit-falsehood,M14,H7423A,deceit
deceit-falsehood,M14,H7723G,vanity: false
deceit-falsehood,M14,H8267,deception
deceit-falsehood,M14,H8649A,treachery
deceit-falsehood,M14,H8649B,deceitfulness
deceit-falsehood,M42,G2635,to slander
deceit-falsehood,M42,H3960,to slander
anger-wrath-vexation,M01,H5590,to rage
anger-wrath-vexation,M02,G0023,be indignant
anger-wrath-vexation,M02,G1278,be vexed
anger-wrath-vexation,M02,G1282,be furious
anger-wrath-vexation,M02,G1370,dissension
anger-wrath-vexation,M02,G2042,to provoke/irritate
anger-wrath-vexation,M02,G2054,quarrel
anger-wrath-vexation,M02,G2200,hot
anger-wrath-vexation,M02,G2371,to quarrel
anger-wrath-vexation,M02,G2372,wrath
anger-wrath-vexation,M02,G2373,to anger
anger-wrath-vexation,M02,G3055,quarrel
anger-wrath-vexation,M02,G3163,quarrel
anger-wrath-vexation,M02,G3709,wrath
anger-wrath-vexation,M02,G3710,to anger
anger-wrath-vexation,M02,G3711,quick-tempered
anger-wrath-vexation,M02,G3947,to provoke
anger-wrath-vexation,M02,G3948,stirring up
anger-wrath-vexation,M02,G3949,to anger
anger-wrath-vexation,M02,G3950,anger
anger-wrath-vexation,M02,G4292,to provoke
anger-wrath-vexation,M02,G4360,be angry
anger-wrath-vexation,M02,G5433,to rage
anger-wrath-vexation,M02,G5520,be angry
anger-wrath-vexation,M02,G7025,be angry
anger-wrath-vexation,M02,G7026,an object of anger
anger-wrath-vexation,M02,G8318,vehement anger
anger-wrath-vexation,M02,H0599,be angry
anger-wrath-vexation,M02,H1149,be angry
anger-wrath-vexation,M02,H2102,to boil
anger-wrath-vexation,M02,H2121,raging
anger-wrath-vexation,M02,H2152,scorching
anger-wrath-vexation,M02,H2194,be indignant
anger-wrath-vexation,M02,H2196,to enrage
anger-wrath-vexation,M02,H2197,rage
anger-wrath-vexation,M02,H2198,vexed
anger-wrath-vexation,M02,H2525,hot
anger-wrath-vexation,M02,H2528,rage
anger-wrath-vexation,M02,H2534,rage
anger-wrath-vexation,M02,H2734,to be incensed
anger-wrath-vexation,M02,H2740,burning anger
anger-wrath-vexation,M02,H3707,to provoke
anger-wrath-vexation,M02,H3708A,vexation
anger-wrath-vexation,M02,H3708B,vexation
anger-wrath-vexation,M02,H4808,provocation
anger-wrath-vexation,M02,H4843,to provoke
anger-wrath-vexation,M02,H5307K,to fall: angry
anger-wrath-vexation,M02,H5674B,be angry
anger-wrath-vexation,M02,H5678,fury
anger-wrath-vexation,M02,H6225,be angry
anger-wrath-vexation,M02,H6440M,face: angry
anger-wrath-vexation,M02,H6696B,to provoke
anger-wrath-vexation,M02,H6869C,vexer
anger-wrath-vexation,M02,H7107,be angry
anger-wrath-vexation,M02,H7108,be angry
anger-wrath-vexation,M02,H7109,wrath
anger-wrath-vexation,M02,H7110A,wrath
anger-wrath-vexation,M02,H7265,to enrage
anger-wrath-vexation,M02,H7266,rage
anger-wrath-vexation,M03,H4843,to provoke
anger-wrath-vexation,M08,H2102,to boil
anger-wrath-vexation,M24,H6869C,vexer
violence-cruelty,M02,G3859,contention
violence-cruelty,M02,H4066,strife
violence-cruelty,M02,H4079,contention
violence-cruelty,M02,H4090,strife
violence-cruelty,M02,H4683,strife
violence-cruelty,M02,H4695,strife
violence-cruelty,M02,H7379,strife
violence-cruelty,M02,H8409,strife
violence-cruelty,M03,G5135,to wound
violence-cruelty,M03,H4272,to wound
violence-cruelty,M03,H5142,to suffer injury
violence-cruelty,M03,H6094,injury
violence-cruelty,M03,H6481,to wound
violence-cruelty,M03,H8428,to wound
violence-cruelty,M06,H0393,cruel
violence-cruelty,M06,H0394,cruel
violence-cruelty,M06,H0395,cruel
violence-cruelty,M06,H6184,ruthless
violence-cruelty,M10,G0622,to destroy
violence-cruelty,M10,G0853,to destroy
violence-cruelty,M10,G1311,to destroy
violence-cruelty,M10,G3645,to destroy
violence-cruelty,M10,G5351,to destroy
violence-cruelty,M10,H0007,to destroy
violence-cruelty,M10,H2254B,to destroy
violence-cruelty,M10,H2255,to destroy
violence-cruelty,M10,H2717B,to destroy
violence-cruelty,M10,H4277,to destroy
violence-cruelty,M10,H5642B,to destroy
violence-cruelty,M10,H6789,to destroy
violence-cruelty,M10,H6979C,to destroy
violence-cruelty,M10,H8045,to destroy
violence-cruelty,M10,H8046,to destroy
violence-cruelty,M24,G2352,to crush
violence-cruelty,M24,G3039,to crush
violence-cruelty,M24,H1792,to crush
violence-cruelty,M24,H1794,to crush
violence-cruelty,M24,H1795,crushing
violence-cruelty,M24,H1854,to crush
violence-cruelty,M24,H2115,to crush
violence-cruelty,M24,H3807,to crush
violence-cruelty,M24,H7533,to crush
violence-cruelty,M24,H7602B,to crush
violence-cruelty,M27,H1500,violence
violence-cruelty,M27,H2555,violence
violence-cruelty,M27,H7701,violence
violence-cruelty,M27,H8074G,be desolate: destroyed
violence-cruelty,M35,G0073,fight
humility-lowliness-contrition,M09,G0036,lowly
humility-lowliness-contrition,M09,G5011,lowly
humility-lowliness-contrition,M09,G5012,humility
humility-lowliness-contrition,M09,G5013,to humble
humility-lowliness-contrition,M09,G5014,lowliness
humility-lowliness-contrition,M09,H1793A,contrite
humility-lowliness-contrition,M09,H3665,be humble
humility-lowliness-contrition,M09,H6800A,be humble
humility-lowliness-contrition,M09,H6800B,humble
humility-lowliness-contrition,M09,H7807,lowly
humility-lowliness-contrition,M09,H8214,be low
humility-lowliness-contrition,M09,H8215,low
humility-lowliness-contrition,M09,H8217,low
humility-lowliness-contrition,M11,H1793A,contrite
humility-lowliness-contrition,M24,G3993,poor
humility-lowliness-contrition,M24,H0034,needy
humility-lowliness-contrition,M24,H1800,poor
humility-lowliness-contrition,M24,H2489,helpless
humility-lowliness-contrition,M24,H4134,be poor
humility-lowliness-contrition,M24,H4542,poor
humility-lowliness-contrition,M24,H6035,poor
humility-lowliness-contrition,M24,H6199,destitute
humility-lowliness-contrition,M24,H7326,be poor
humility-lowliness-contrition,M46,G4433,be poor
humility-lowliness-contrition,M46,G4434,poor
rest-stillness-peace,M33,G0372,rest
rest-stillness-peace,M33,G0425,rest
rest-stillness-peace,M33,G1055,calm
rest-stillness-peace,M33,G1514,be at peace
rest-stillness-peace,M33,G1515,peace
rest-stillness-peace,M33,G1516,peaceful
rest-stillness-peace,M33,G1517,to make peace
rest-stillness-peace,M33,G1518,peacemaker
rest-stillness-peace,M33,G1993,to silence
rest-stillness-peace,M33,G2263,quiet
rest-stillness-peace,M33,G2270,be quiet/give up
rest-stillness-peace,M33,G2271,quietness
rest-stillness-peace,M33,G2272,quiet
rest-stillness-peace,M33,G2663,rest
rest-stillness-peace,M33,G2687,to quiet
rest-stillness-peace,M33,G4602,silence
rest-stillness-peace,M33,G4623,be quiet
rest-stillness-peace,M33,G7635,be calm
rest-stillness-peace,M33,H1747,silence
rest-stillness-peace,M33,H1824,quiet
rest-stillness-peace,M33,H1826A,to silence: stationary
rest-stillness-peace,M33,H1826H,to silence: silent
rest-stillness-peace,M33,H1827,silence
rest-stillness-peace,M33,H2013,to silence
rest-stillness-peace,M33,H2790B,be quiet
rest-stillness-peace,M33,H4771,rest
rest-stillness-peace,M33,H4774,repose
rest-stillness-peace,M33,H5117,to rest
rest-stillness-peace,M33,H5118,rest
rest-stillness-peace,M33,H5183A,quietness
rest-stillness-peace,M33,H7258,rest
rest-stillness-peace,M33,H7280B,to rest
rest-stillness-peace,M33,H7599,to rest
rest-stillness-peace,M33,H7965G,peace
rest-stillness-peace,M33,H7965H,Peace [God]
rest-stillness-peace,M33,H7965I,peace: well-being
rest-stillness-peace,M33,H7965J,peace: friendship
rest-stillness-peace,M33,H7965K,peace: greeting
rest-stillness-peace,M33,H7965L,peace: completely
rest-stillness-peace,M33,H7987,quietness
rest-stillness-peace,M33,H8001,peace
rest-stillness-peace,M33,H8002,peace offering
rest-stillness-peace,M33,H8252,to quiet
rest-stillness-peace,M33,H8253,quietness
rest-stillness-peace,M33,H8367,be quiet
rest-stillness-peace,M42,G4601,be silent
rest-stillness-peace,M42,G8146,be silent
rest-stillness-peace,M42,H2814,be silent
rest-stillness-peace,M42,H5535,be silent
strength-courage-steadfastness,M08,G5113,bold man
strength-courage-steadfastness,M13,H3559K,to establish: right
strength-courage-steadfastness,M19,G0949,firm
strength-courage-steadfastness,M19,G4733,firmness
strength-courage-steadfastness,M21,G3955,to preach boldly
strength-courage-steadfastness,M23,G0315,to compel
strength-courage-steadfastness,M23,G0970,force
strength-courage-steadfastness,M23,G0972,strong
strength-courage-steadfastness,M23,G1411,power
strength-courage-steadfastness,M23,G1412,to empower
strength-courage-steadfastness,M23,G1414,be able
strength-courage-steadfastness,M23,G1415,able
strength-courage-steadfastness,M23,G1418,hard
strength-courage-steadfastness,M23,G1743,to strengthen
strength-courage-steadfastness,M23,G1840,to have power
strength-courage-steadfastness,M23,G2478,strong
strength-courage-steadfastness,M23,G2479,strength
strength-courage-steadfastness,M23,G2480,be strong
strength-courage-steadfastness,M23,G2610,to conquer
strength-courage-steadfastness,M23,G2900,mighty
strength-courage-steadfastness,M23,G2904,power
strength-courage-steadfastness,M23,G2908,greater
strength-courage-steadfastness,M23,G3528,to conquer
strength-courage-steadfastness,M23,G4119,greater
strength-courage-steadfastness,M23,G4599,to strengthen
strength-courage-steadfastness,M23,G4642,hard
strength-courage-steadfastness,M23,G4731,strong
strength-courage-steadfastness,M23,G4732,to strengthen
strength-courage-steadfastness,M23,G4788,to confine
strength-courage-steadfastness,M23,G5245,to conquer
strength-courage-steadfastness,M23,G6347,without strength
strength-courage-steadfastness,M23,G6975,be in power
strength-courage-steadfastness,M23,G7027,to have power over
strength-courage-steadfastness,M23,H0047I,mighty: strong
strength-courage-steadfastness,M23,H0153,force
strength-courage-steadfastness,M23,H0193A,strength
strength-courage-steadfastness,M23,H0202,strength
strength-courage-steadfastness,M23,H0353,strength
strength-courage-steadfastness,M23,H0360,strength
strength-courage-steadfastness,M23,H0386,strong
strength-courage-steadfastness,M23,H0533,strong
strength-courage-steadfastness,M23,H0553,to strengthen
strength-courage-steadfastness,M23,H0554,strong
strength-courage-steadfastness,M23,H0555,strength
strength-courage-steadfastness,M23,H0556,strength
strength-courage-steadfastness,M23,H0597,to compel
strength-courage-steadfastness,M23,H0820,strong
strength-courage-steadfastness,M23,H1369,might
strength-courage-steadfastness,M23,H1432,growing
strength-courage-steadfastness,M23,H1679,strength
strength-courage-steadfastness,M23,H2388G,to strengthen: strengthen
strength-courage-steadfastness,M23,H2388H,to strengthen: hold
strength-courage-steadfastness,M23,H2388I,to strengthen: ensure
strength-courage-steadfastness,M23,H2388J,to strengthen: prevail over
strength-courage-steadfastness,M23,H2389,strong
strength-courage-steadfastness,M23,H2390,stronger
strength-courage-steadfastness,M23,H2391,strength
strength-courage-steadfastness,M23,H2392,strength
strength-courage-steadfastness,M23,H2393,strength
strength-courage-steadfastness,M23,H2394,force
strength-courage-steadfastness,M23,H2428A,strength: soldiers
strength-courage-steadfastness,M23,H2428G,strength
strength-courage-steadfastness,M23,H2428I,strength: worthy
strength-courage-steadfastness,M23,H2429,strength
strength-courage-steadfastness,M23,H2626,mighty
strength-courage-steadfastness,M23,H2634,strong
strength-courage-steadfastness,M23,H3201,be able
strength-courage-steadfastness,M23,H3524,mighty
strength-courage-steadfastness,M23,H3581B,strength
strength-courage-steadfastness,M23,H3981,power
strength-courage-steadfastness,M23,H5794,strong
strength-courage-steadfastness,M23,H5797,strength
strength-courage-steadfastness,M23,H5807,strength
strength-courage-steadfastness,M23,H5808,mighty
strength-courage-steadfastness,M23,H5810,be strong
strength-courage-steadfastness,M23,H6099,mighty
strength-courage-steadfastness,M23,H6108,strength
strength-courage-steadfastness,M23,H6109,strength
strength-courage-steadfastness,M23,H6696A,to confine
strength-courage-steadfastness,M23,H6862D,hard
strength-courage-steadfastness,M23,H6978,might
strength-courage-steadfastness,M23,H7235A,to multiply
strength-courage-steadfastness,M23,H7337,to enlarge
strength-courage-steadfastness,M23,H7983,power
strength-courage-steadfastness,M23,H8592,power
strength-courage-steadfastness,M23,H8623,mighty
strength-courage-steadfastness,M23,H8624,strong
strength-courage-steadfastness,M23,H8631,to grow strong
strength-courage-steadfastness,M23,H8632A,might
strength-courage-steadfastness,M23,H8633,power
strength-courage-steadfastness,M34,G0662,be bold
strength-courage-steadfastness,M34,G1476,steadfast
strength-courage-steadfastness,M34,G3954,boldness
strength-courage-steadfastness,M34,G5111,be bold
strength-courage-steadfastness,M34,G7683,boldness
strength-courage-steadfastness,M34,G7686,bold
strength-courage-steadfastness,M34,H2388K,to strengthen: persevere
faint-despair-languishing,M01,G0085,be distressed
faint-despair-languishing,M01,H0926,to dismay
faint-despair-languishing,M01,H0927,to dismay
faint-despair-languishing,M01,H0928,dismay
faint-despair-languishing,M01,H1670,dismay
faint-despair-languishing,M01,H2865,to to be dismayed
faint-despair-languishing,M01,H3544,faint
faint-despair-languishing,M01,H3735,be distressed
faint-despair-languishing,M01,H5889,faint
faint-despair-languishing,M03,G0928H,to torture: anguish
faint-despair-languishing,M03,G3600,be anguished
faint-despair-languishing,M03,G3601,anguish
faint-despair-languishing,M03,G4778,to suffer with
faint-despair-languishing,M03,G4841,to suffer with
faint-despair-languishing,M03,G4928,anguish
faint-despair-languishing,M03,G5605,be in labor
faint-despair-languishing,M03,H0928,dismay
faint-despair-languishing,M03,H1670,dismay
faint-despair-languishing,M03,H1742,faint
faint-despair-languishing,M03,H2256B,pain
faint-despair-languishing,M03,H2342I,to twist: writh in pain
faint-despair-languishing,M03,H2479,anguish
faint-despair-languishing,M03,H3018,toil
faint-despair-languishing,M03,H3510,to pain
faint-despair-languishing,M03,H3511,pain
faint-despair-languishing,M03,H4157,distress
faint-despair-languishing,M03,H4341,pain
faint-despair-languishing,M03,H4689,distress
faint-despair-languishing,M03,H4691,distress
faint-despair-languishing,M03,H6088,to pain
faint-despair-languishing,M03,H6089A,toil
faint-despair-languishing,M03,H6090A,pain
faint-despair-languishing,M03,H6093,toil
faint-despair-languishing,M03,H6695A,distress
faint-despair-languishing,M03,H6695B,anguish
faint-despair-languishing,M03,H6862B,distress
faint-despair-languishing,M03,H6869B,distress
faint-despair-languishing,M03,H7089,anguish
faint-despair-languishing,M03,H7451C,distress: harm
faint-despair-languishing,M03,H8383,toil
faint-despair-languishing,M18,G0560,to despair
faint-despair-languishing,M20,G1820,to despair
faint-despair-languishing,M20,G3642,fainthearted
faint-despair-languishing,M20,H2976,to despair
faint-despair-languishing,M20,H4523,despairing
faint-despair-languishing,M20,H4531A,despair
faint-despair-languishing,M24,G0674,to faint
faint-despair-languishing,M24,G1590,to faint
faint-despair-languishing,M24,G2552,suffering
faint-despair-languishing,M24,G2577G,be weary/sick: weak
faint-despair-languishing,M24,G2577H,be weary/sick: ill
faint-despair-languishing,M24,G2872,to labor
faint-despair-languishing,M24,G2873,labor
faint-despair-languishing,M24,G3804,suffering
faint-despair-languishing,M24,G3805,suffering
faint-despair-languishing,M24,G3958,to suffer
faint-despair-languishing,M24,G4777,to suffer with
faint-despair-languishing,M24,G5604,labor
faint-despair-languishing,M24,G7680,affliction
faint-despair-languishing,M24,G7983,to afflict grievously
faint-despair-languishing,M24,H1669,to languish
faint-despair-languishing,M24,H1727,to pine
faint-despair-languishing,M24,H1809,to languish
faint-despair-languishing,M24,H2826,be feeble
faint-despair-languishing,M24,H3001,to wither
faint-despair-languishing,M24,H3013,to suffer
faint-despair-languishing,M24,H3019,weary
faint-despair-languishing,M24,H3021,be weary/toil
faint-despair-languishing,M24,H3023,weary
faint-despair-languishing,M24,H3286,to faint
faint-despair-languishing,M24,H3287,weary
faint-despair-languishing,M24,H3811,be weary
faint-despair-languishing,M24,H3856A,to languish
faint-despair-languishing,M24,H4251,suffering
faint-despair-languishing,M24,H5034B,to wither
faint-despair-languishing,M24,H5243A,to languish
faint-despair-languishing,M24,H5263,to faint
faint-despair-languishing,M24,H5888,be faint
faint-despair-languishing,M24,H5969,fainting
faint-despair-languishing,M24,H6031B,to afflict
faint-despair-languishing,M24,H6039,affliction
faint-despair-languishing,M24,H6040,affliction
faint-despair-languishing,M24,H6041,afflicted
faint-despair-languishing,M24,H6296,to faint
faint-despair-languishing,M24,H6887C,to distress
faint-despair-languishing,M24,H7510,feebleness
faint-despair-languishing,M29,H3642,to pine
faint-despair-languishing,M36,H8383,toil
grief-lament-sorrow,M02,G4088,bitterness
grief-lament-sorrow,M03,G0214,to wail
grief-lament-sorrow,M03,G0389,to sigh deeply
grief-lament-sorrow,M03,G0929,torment
grief-lament-sorrow,M03,G0931,torment
grief-lament-sorrow,M03,G1145,to weep
grief-lament-sorrow,M03,G1298,to trouble
grief-lament-sorrow,M03,G1776,to trouble
grief-lament-sorrow,M03,G2354,to lament
grief-lament-sorrow,M03,G2799,to weep
grief-lament-sorrow,M03,G2805,weeping
grief-lament-sorrow,M03,G2875,to cut/mourn
grief-lament-sorrow,M03,G3076,to grieve
grief-lament-sorrow,M03,G3077,grief
grief-lament-sorrow,M03,G3602,mourning
grief-lament-sorrow,M03,G3649,to wail
grief-lament-sorrow,M03,G3759,woe!
grief-lament-sorrow,M03,G3926,to trouble
grief-lament-sorrow,M03,G3996,to mourn
grief-lament-sorrow,M03,G3997,grief
grief-lament-sorrow,M03,G4036,sorrowful
grief-lament-sorrow,M03,G4090,bitterly
grief-lament-sorrow,M03,G4660,to trouble
grief-lament-sorrow,M03,G4726,groan
grief-lament-sorrow,M03,G4818,be grieved
grief-lament-sorrow,M03,G4959,to groan with
grief-lament-sorrow,M03,G5003,to grieve
grief-lament-sorrow,M03,G5015,to trouble
grief-lament-sorrow,M03,G6443,to weep
grief-lament-sorrow,M03,G6697,groaning
grief-lament-sorrow,M03,G7891,to mourn
grief-lament-sorrow,M03,G8692,mournful
grief-lament-sorrow,M03,G8793,bitterness
grief-lament-sorrow,M03,H0056,to mourn
grief-lament-sorrow,M03,H0057,mourning
grief-lament-sorrow,M03,H0060,mourning
grief-lament-sorrow,M03,H0099,grieved
grief-lament-sorrow,M03,H0109,to grieve
grief-lament-sorrow,M03,H0188,woe!
grief-lament-sorrow,M03,H0190,woe!
grief-lament-sorrow,M03,H0337,woe!
grief-lament-sorrow,M03,H0480,woe!
grief-lament-sorrow,M03,H0578,to lament
grief-lament-sorrow,M03,H0584,to sigh
grief-lament-sorrow,M03,H0585,sighing
grief-lament-sorrow,M03,H0603,groaning
grief-lament-sorrow,M03,H1058,to weep
grief-lament-sorrow,M03,H1059,bitterly
grief-lament-sorrow,M03,H1065,weeping
grief-lament-sorrow,M03,H1068,weeping
grief-lament-sorrow,M03,H1671,sorrow
grief-lament-sorrow,M03,H1804,to trouble
grief-lament-sorrow,M03,H1830,to weep
grief-lament-sorrow,M03,H1832,tears
grief-lament-sorrow,M03,H1945,woe!
grief-lament-sorrow,M03,H2470I,be weak: grieved
grief-lament-sorrow,M03,H3015,sorrow
grief-lament-sorrow,M03,H3213,to wail
grief-lament-sorrow,M03,H3215,wailing
grief-lament-sorrow,M03,H4470,bitterness
grief-lament-sorrow,M03,H4472,bitterness
grief-lament-sorrow,M03,H4553,mourning
grief-lament-sorrow,M03,H4620,torment
grief-lament-sorrow,M03,H4751,bitter
grief-lament-sorrow,M03,H4786,bitterness
grief-lament-sorrow,M03,H4787,bitterness
grief-lament-sorrow,M03,H4798,mourning
grief-lament-sorrow,M03,H4814,bitterness
grief-lament-sorrow,M03,H4815,bitter
grief-lament-sorrow,M03,H4844,bitterness
grief-lament-sorrow,M03,H5009,groan
grief-lament-sorrow,M03,H5091,to wail
grief-lament-sorrow,M03,H5092,wailing
grief-lament-sorrow,M03,H5100,groaning
grief-lament-sorrow,M03,H5204,wailing
grief-lament-sorrow,M03,H5594,to mourn
grief-lament-sorrow,M03,H5701,be grieved
grief-lament-sorrow,M03,H5916,to trouble
grief-lament-sorrow,M03,H5999,trouble
grief-lament-sorrow,M03,H6365,disaster
grief-lament-sorrow,M03,H6470,to trouble
grief-lament-sorrow,M03,H6941,mournfully
grief-lament-sorrow,M03,H7908,bereavement
grief-lament-sorrow,M03,H7923,bereavement
grief-lament-sorrow,M03,H8386,mourning
grief-lament-sorrow,M03,H8424,grief
grief-lament-sorrow,M03,H8563,bitterness
grief-lament-sorrow,M22,H3513H,to honor: heavy
grief-lament-sorrow,M28,G4089,bitter
grief-lament-sorrow,M35,G0929,torment
grief-lament-sorrow,M42,G2870,lamentation
grief-lament-sorrow,M42,G4727,to groan
grief-lament-sorrow,M42,G7929,to groan
grief-lament-sorrow,M42,H0592,lamentation
grief-lament-sorrow,M42,H0602,to groan
grief-lament-sorrow,M42,H5008,to groan
grief-lament-sorrow,M42,H5098,to groan
grief-lament-sorrow,M42,H6463,to groan
turning-repentance,M06,G0654,to turn away
turning-repentance,M06,H2559,to turn away
turning-repentance,M07,G6306,not be turned away
turning-repentance,M11,G0344,to return
turning-repentance,M11,G0488,to return
turning-repentance,M11,G1880,to return
turning-repentance,M11,G5290,to return
turning-repentance,M11,H5749A,to return
turning-repentance,M11,H8421G,to return: return
turning-repentance,M30,H5493G,to turn aside: remove
turning-repentance,M30,H5493H,to turn aside: depart
turning-repentance,M30,H5493I,to turn aside: turn aside
turning-repentance,M45,G3338,to repent
turning-repentance,M45,G3340,to repent
turning-repentance,M45,G3341,repentance
turning-repentance,M45,G8298,repentance
turning-repentance,M45,H5164,repentance
turning-repentance,M45,H7725O,to return: repent
restoration-revival-satisfaction,M05,G7534,to enjoy good health
restoration-revival-satisfaction,M05,H5162G,to be sorry: comfort
restoration-revival-satisfaction,M05,H8575,consolation
restoration-revival-satisfaction,M25,H5314,be refreshed
restoration-revival-satisfaction,M33,G3889,comfort
restoration-revival-satisfaction,M33,G3890,comfort
restoration-revival-satisfaction,M33,G3931,comfort
restoration-revival-satisfaction,M33,H5150,comfort
restoration-revival-satisfaction,M33,H5165,comfort
restoration-revival-satisfaction,M38,G0482,to help
restoration-revival-satisfaction,M38,G0997,to help
restoration-revival-satisfaction,M38,G1295,to save
restoration-revival-satisfaction,M38,G1805,to redeem
restoration-revival-satisfaction,M38,G1884,to help
restoration-revival-satisfaction,M38,G3086,redeemer
restoration-revival-satisfaction,M38,G4506,to rescue
restoration-revival-satisfaction,M38,G4878,to help
restoration-revival-satisfaction,M38,G4982,to save
restoration-revival-satisfaction,M38,G5623,to help
restoration-revival-satisfaction,M38,H2502A,to rescue
restoration-revival-satisfaction,M38,H3467,to save
restoration-revival-satisfaction,M38,H5337,to rescue
restoration-revival-satisfaction,M38,H5338,to rescue
restoration-revival-satisfaction,M38,H5737A,to help
restoration-revival-satisfaction,M38,H5789,to help
restoration-revival-satisfaction,M38,H5790,to help
restoration-revival-satisfaction,M38,H5826,to help
restoration-revival-satisfaction,M38,H7804,to rescue
restoration-revival-satisfaction,M38,H8668G,deliverance: salvation
restoration-revival-satisfaction,M38,H8668H,deliverance: victory
restoration-revival-satisfaction,M45,G0330,to renew
restoration-revival-satisfaction,M45,G0341,to renew
restoration-revival-satisfaction,M45,G0342,renewal
restoration-revival-satisfaction,M45,G0365,to renew
restoration-revival-satisfaction,M45,G7361,to renew
restoration-revival-satisfaction,M45,H2318,to renew
restoration-revival-satisfaction,M46,G2880,to satisfy
restoration-revival-satisfaction,M46,H7646,to satisfy
seeking-inquiring,M21,G1934,to seek after
seeking-inquiring,M41,G1567,to seek out
seeking-inquiring,M41,G2212,to seek
seeking-inquiring,M41,G2614,to seek
seeking-inquiring,M41,H1245,to seek
seeking-inquiring,M41,H1875,to seek
seeking-inquiring,M41,H7836,to seek
lifting-bearing,M19,H4552,support
lifting-bearing,M19,H4937A,support
lifting-bearing,M19,H4937B,support
lifting-bearing,M19,H4938A,support
lifting-bearing,M19,H5564,to support
lifting-bearing,M19,H5582,to support
lifting-bearing,M19,H5979,support
lifting-bearing,M21,H5375P,to lift: vow
lifting-bearing,M23,G5342,to bear/lead
lifting-bearing,M37,H1069,to be/bear firstborn
lifting-bearing,M41,H1319,to bear tidings
will-resolve-vow-intent,M12,H5144A,to dedicate
will-resolve-vow-intent,M12,H6942H,to consecrate: dedicate
will-resolve-vow-intent,M15,G1011,to plan
will-resolve-vow-intent,M15,G1014,to plan
will-resolve-vow-intent,M15,G4388,to plan/present
will-resolve-vow-intent,M15,H0908,to devise
will-resolve-vow-intent,M15,H2161,to plan
will-resolve-vow-intent,M15,H2803G,to devise: design
will-resolve-vow-intent,M15,H2803H,to devise: count
will-resolve-vow-intent,M15,H2803I,to devise: devise
will-resolve-vow-intent,M15,H5779,to plan
will-resolve-vow-intent,M15,H6246,to plan
will-resolve-vow-intent,M17,G1012,plan
will-resolve-vow-intent,M17,G1013,plan
will-resolve-vow-intent,M17,G4286,purpose
will-resolve-vow-intent,M17,G5427,purpose
will-resolve-vow-intent,M17,H2162,plan
will-resolve-vow-intent,M29,G0830,self-chosen
will-resolve-vow-intent,M29,G2071,will be
will-resolve-vow-intent,M29,G3801,"was, is, will be"
will-resolve-vow-intent,M29,H0972,chosen
will-resolve-vow-intent,M29,H3336,intention
will-resolve-vow-intent,M29,H6634,to will
will-resolve-vow-intent,M29,H7148,chosen
will-resolve-vow-intent,M37,G0138,to choose
will-resolve-vow-intent,M37,G0140,to choose
will-resolve-vow-intent,M37,G4401,to choose
will-resolve-vow-intent,M37,H0977,to choose
being-searched-tested-by-god,M13,G3140,to testify
being-searched-tested-by-god,M13,G3143,to testify
being-searched-tested-by-god,M13,H5749B,to testify
being-searched-tested-by-god,M23,G3942,proverb
being-searched-tested-by-god,M23,H4912,proverb
being-searched-tested-by-god,M35,G1381,to test
being-searched-tested-by-god,M35,G1382,test
being-searched-tested-by-god,M35,G1383,testing
being-searched-tested-by-god,M35,G1384,tested
being-searched-tested-by-god,M35,G1598,to test/tempt
being-searched-tested-by-god,M35,G3984,test
being-searched-tested-by-god,M35,G3985G,to test/tempt: tempt
being-searched-tested-by-god,M35,G3985H,to test/tempt: test
being-searched-tested-by-god,M35,G3985I,to test/tempt: try
being-searched-tested-by-god,M35,G3986G,temptation/testing: temptation
being-searched-tested-by-god,M35,G3986H,temptation/testing: testing
being-searched-tested-by-god,M35,H0974,to test
being-searched-tested-by-god,M35,H0976,testing
being-searched-tested-by-god,M35,H5254G,to test
life-death-vitality,M24,G2253,half-dead
life-death-vitality,M24,G3499,to put to death
life-death-vitality,M25,G0979,life
life-death-vitality,M25,G0980,to live
life-death-vitality,M25,G1236,to live
life-death-vitality,M25,G2198,to live
life-death-vitality,M25,G2222,life
life-death-vitality,M25,G2226,living thing
life-death-vitality,M25,H2416C,living thing
life-death-vitality,M25,H2416E,life
life-death-vitality,M25,H2418,to live
life-death-vitality,M25,H2421,to live
life-death-vitality,M25,H2424,living
life-death-vitality,M25,H2425,to live
authority-dominion-rule,M08,H7989,domineering
authority-dominion-rule,M23,G0831,to domineer
authority-dominion-rule,M23,G0932,kingdom
authority-dominion-rule,M23,G0933,palace
authority-dominion-rule,M23,G0934,kingly
authority-dominion-rule,M23,G0936,to reign
authority-dominion-rule,M23,G0937,royal
authority-dominion-rule,M23,G0938G,queen
authority-dominion-rule,M23,G1018,to rule
authority-dominion-rule,M23,G1849,authority
authority-dominion-rule,M23,G1850,to have authority
authority-dominion-rule,M23,G2230,to govern
authority-dominion-rule,M23,G2233,to govern
authority-dominion-rule,M23,G2583,rule
authority-dominion-rule,M23,G2634,to master
authority-dominion-rule,M23,G2715,to rule
authority-dominion-rule,M23,G2961,to lord over
authority-dominion-rule,M23,G2962H,lord: master
authority-dominion-rule,M23,G2963,lordship
authority-dominion-rule,M23,G4519,hosts
authority-dominion-rule,M23,G4821,to reign with
authority-dominion-rule,M23,G5247,authority
authority-dominion-rule,M23,H0643,palace
authority-dominion-rule,M23,H1002,palace
authority-dominion-rule,M23,H1055,palace
authority-dominion-rule,M23,H2632,authority
authority-dominion-rule,M23,H4427A,to reign
authority-dominion-rule,M23,H4437,kingdom
authority-dominion-rule,M23,H4467,kingdom
authority-dominion-rule,M23,H4468,kingdom
authority-dominion-rule,M23,H4474,dominion
authority-dominion-rule,M23,H4475,dominion
authority-dominion-rule,M23,H4896,rule
authority-dominion-rule,M23,H4910,to rule
authority-dominion-rule,M23,H4915B,dominion
authority-dominion-rule,M23,H4951,dominion
authority-dominion-rule,M23,H5943,Most High [God]
authority-dominion-rule,M23,H6635B,[Lord of] Hosts
authority-dominion-rule,M23,H7287A,to rule
authority-dominion-rule,M23,H7336,to rule
authority-dominion-rule,M23,H7786,to reign
authority-dominion-rule,M23,H7980,to domineer
authority-dominion-rule,M23,H7981,to rule
authority-dominion-rule,M23,H7985,dominion
authority-dominion-rule,M23,H7989,domineering
authority-dominion-rule,M23,H7990,ruling
authority-dominion-rule,M23,H8323A,to rule
kindness-gentleness-friendship,M04,H2868,be good
kindness-gentleness-friendship,M05,G0014,to do good
kindness-gentleness-friendship,M05,G0015,to do good
kindness-gentleness-friendship,M05,G0016,doing good
kindness-gentleness-friendship,M05,G0017,doing good
kindness-gentleness-friendship,M05,G0018,good
kindness-gentleness-friendship,M05,G0420,not resentful
kindness-gentleness-friendship,M05,G0463,tolerance
kindness-gentleness-friendship,M05,G0527,tender
kindness-gentleness-friendship,M05,G0572,openness
kindness-gentleness-friendship,M05,G1085H,family: kind
kindness-gentleness-friendship,M05,G1652,pitiful
kindness-gentleness-friendship,M05,G1654,charity
kindness-gentleness-friendship,M05,G1932,gentleness
kindness-gentleness-friendship,M05,G1933,gentle
kindness-gentleness-friendship,M05,G2083,friend
kindness-gentleness-friendship,M05,G2108,good deed
kindness-gentleness-friendship,M05,G2109,to do good
kindness-gentleness-friendship,M05,G2140,doing good
kindness-gentleness-friendship,M05,G2152,pious
kindness-gentleness-friendship,M05,G2261,gentle
kindness-gentleness-friendship,M05,G2282,to care for
kindness-gentleness-friendship,M05,G2473,like-minded
kindness-gentleness-friendship,M05,G2566,good
kindness-gentleness-friendship,M05,G2569,to do good
kindness-gentleness-friendship,M05,G2570G,good
kindness-gentleness-friendship,M05,G2643,reconciliation
kindness-gentleness-friendship,M05,G3675,like-minded
kindness-gentleness-friendship,M05,G4217,of what kind?
kindness-gentleness-friendship,M05,G4235,gentle
kindness-gentleness-friendship,M05,G4236,gentleness
kindness-gentleness-friendship,M05,G4239,gentle
kindness-gentleness-friendship,M05,G4240,gentleness
kindness-gentleness-friendship,M05,G4306,to care for
kindness-gentleness-friendship,M05,G4834,to sympathize
kindness-gentleness-friendship,M05,G4835,sympathetic
kindness-gentleness-friendship,M05,G5363,benevolence
kindness-gentleness-friendship,M05,G5373,friendship
kindness-gentleness-friendship,M05,G5381,hospitality
kindness-gentleness-friendship,M05,G5382,hospitable
kindness-gentleness-friendship,M05,G5384,friendly/friend
kindness-gentleness-friendship,M05,G5391,friendly
kindness-gentleness-friendship,M05,G5541,be kind
kindness-gentleness-friendship,M05,G5543,good/kind
kindness-gentleness-friendship,M05,G6073,gentleness
kindness-gentleness-friendship,M05,G6107,to do good
kindness-gentleness-friendship,M05,G7527,good news
kindness-gentleness-friendship,M05,G7548,to have good vine branches
kindness-gentleness-friendship,M05,G7559,good-looking
kindness-gentleness-friendship,M05,G8922,kind
kindness-gentleness-friendship,M05,H1309,good news
kindness-gentleness-friendship,M05,H2177,kind
kindness-gentleness-friendship,M05,H2178,kind
kindness-gentleness-friendship,M05,H2616A,be kind
kindness-gentleness-friendship,M05,H2623,pious
kindness-gentleness-friendship,M05,H2896B,good
kindness-gentleness-friendship,M05,H2949,tender care
kindness-gentleness-friendship,M05,H6037,gentleness
kindness-gentleness-friendship,M05,H6038,gentleness
kindness-gentleness-friendship,M05,H7390,tender
kindness-gentleness-friendship,M05,H7391,tenderness
kindness-gentleness-friendship,M05,H7401,be tender
kindness-gentleness-friendship,M05,H7463,friend
kindness-gentleness-friendship,M06,G0865,hating good
kindness-gentleness-friendship,M09,G3356,be gentle
kindness-gentleness-friendship,M09,G8878,gentle-minded
kindness-gentleness-friendship,M11,G0604,to reconcile
kindness-gentleness-friendship,M11,G2132,to reconcile
kindness-gentleness-friendship,M11,G2644,to reconcile
kindness-gentleness-friendship,M22,G2162,good report
kindness-gentleness-friendship,M33,G1259,be reconciled
kindness-gentleness-friendship,M39,H3190,be good
kindness-gentleness-friendship,M39,H3191,be good
encouragement-edification,M05,G2026,to build up/upon
encouragement-edification,M05,G3618,to build
encouragement-edification,M05,G3619,building
encouragement-edification,M05,G3874,encouragement
encouragement-edification,M05,G3888,to encourage
encouragement-edification,M05,G4389,to encourage
encouragement-edification,M05,G4837,to encourage
encouragement-edification,M05,H3823A,to encourage
sickness-weakness-infirmity,M03,H0535,to weaken
sickness-weakness-infirmity,M24,G0376,crippled
sickness-weakness-infirmity,M24,G0769G,weakness: weak
sickness-weakness-infirmity,M24,G0769H,weakness: ill
sickness-weakness-infirmity,M24,G0770G,be weak: weak
sickness-weakness-infirmity,M24,G0770H,be weak: ill
sickness-weakness-infirmity,M24,G0771,weakness
sickness-weakness-infirmity,M24,G0772G,weak
sickness-weakness-infirmity,M24,G0772H,weak: ill
sickness-weakness-infirmity,M24,G1133,weak-willed woman
sickness-weakness-infirmity,M24,G2948,crippled
sickness-weakness-infirmity,M24,G3552,be sick
sickness-weakness-infirmity,M24,G3554,illness
sickness-weakness-infirmity,M24,G5185,blind
sickness-weakness-infirmity,M24,G5186,to blind
sickness-weakness-infirmity,M24,G6103,incurable
sickness-weakness-infirmity,M24,G6345,incurable
sickness-weakness-infirmity,M24,G6542,be ill
sickness-weakness-infirmity,M24,G7167,to make blind
sickness-weakness-infirmity,M24,G7735,weak voiced
sickness-weakness-infirmity,M24,G8242,be infirm
sickness-weakness-infirmity,M24,H0536,weak
sickness-weakness-infirmity,M24,H0537,weak
sickness-weakness-infirmity,M24,H0605,be incurable
sickness-weakness-infirmity,M24,H1738,be sick
sickness-weakness-infirmity,M24,H1739,sick
sickness-weakness-infirmity,M24,H1741,illness
sickness-weakness-infirmity,M24,H2456,be sick
sickness-weakness-infirmity,M24,H2470A,be weak: weak
sickness-weakness-infirmity,M24,H2470H,be weak: ill
sickness-weakness-infirmity,M24,H2476,weakness
sickness-weakness-infirmity,M24,H2483,sickness
sickness-weakness-infirmity,M24,H2522,to weaken
sickness-weakness-infirmity,M24,H2523,weak
sickness-weakness-infirmity,M24,H3415,be ill
sickness-weakness-infirmity,M24,H4064,disease
sickness-weakness-infirmity,M24,H4816,weakness
sickness-weakness-infirmity,M24,H4834,be sick
sickness-weakness-infirmity,M24,H5136,be sick
sickness-weakness-infirmity,M24,H5223,crippled
sickness-weakness-infirmity,M24,H5786,to blind
sickness-weakness-infirmity,M24,H5787,blind
sickness-weakness-infirmity,M24,H7363A,be weak
sickness-weakness-infirmity,M24,H7504,weak
sickness-weakness-infirmity,M24,H7829,illness
sickness-weakness-infirmity,M24,H8463,disease
corruption-perversion-immorality,M10,G0646,apostasy
corruption-perversion-immorality,M10,G1294,to pervert
corruption-perversion-immorality,M10,G3429,to commit adultery
corruption-perversion-immorality,M10,G3430,adultery
corruption-perversion-immorality,M10,G3431,to commit adultery
corruption-perversion-immorality,M10,G5356,corruption
corruption-perversion-immorality,M10,G7946,corruption
corruption-perversion-immorality,M10,H0444,to corrupt
corruption-perversion-immorality,M10,H2342J,to twist: dance
corruption-perversion-immorality,M10,H2342K,to twist: anticipate
corruption-perversion-immorality,M10,H3943,to twist
corruption-perversion-immorality,M10,H4297,perversion
corruption-perversion-immorality,M10,H4603,be unfaithful
corruption-perversion-immorality,M10,H4604,unfaithfulness
corruption-perversion-immorality,M10,H4893B,corruption
corruption-perversion-immorality,M10,H5003,to commit adultery
corruption-perversion-immorality,M10,H5004,adultery
corruption-perversion-immorality,M10,H5005,adultery
corruption-perversion-immorality,M10,H5040,lewdness
corruption-perversion-immorality,M10,H5494,degenerate
corruption-perversion-immorality,M10,H5557,to pervert
corruption-perversion-immorality,M10,H5753A,to twist
corruption-perversion-immorality,M10,H5753B,to pervert
corruption-perversion-immorality,M10,H5791,to pervert
corruption-perversion-immorality,M10,H6127,to twist
corruption-perversion-immorality,M10,H6140,to twist
corruption-perversion-immorality,M10,H6617,to twist
corruption-perversion-immorality,M10,H7806,to twist
corruption-perversion-immorality,M10,H7844,to corrupt
corruption-perversion-immorality,M10,H8308,to twist
corruption-perversion-immorality,M10,H8397,perversion
reasoning-judgment-interpretation,M02,G0485,dispute
reasoning-judgment-interpretation,M02,G2213,a question/dispute
reasoning-judgment-interpretation,M02,G5380,dispute-loving
reasoning-judgment-interpretation,M15,G0050,be ignorant
reasoning-judgment-interpretation,M15,G0052,ignorance
reasoning-judgment-interpretation,M15,G0056,ignorance
reasoning-judgment-interpretation,M15,G0145,sense
reasoning-judgment-interpretation,M15,G0158,reason for charge
reasoning-judgment-interpretation,M15,G0474,to discuss
reasoning-judgment-interpretation,M15,G0483,to dispute
reasoning-judgment-interpretation,M15,G0781,unwise
reasoning-judgment-interpretation,M15,G1231,to decide
reasoning-judgment-interpretation,M15,G1252,to judge/doubt
reasoning-judgment-interpretation,M15,G1255,to discuss
reasoning-judgment-interpretation,M15,G1256,to dispute
reasoning-judgment-interpretation,M15,G1260,to discuss
reasoning-judgment-interpretation,M15,G1261,reasoning
reasoning-judgment-interpretation,M15,G1328,interpreter
reasoning-judgment-interpretation,M15,G1948,to decide
reasoning-judgment-interpretation,M15,G2058,interpretation
reasoning-judgment-interpretation,M15,G4817,to discuss
reasoning-judgment-interpretation,M15,G4908,intelligent
reasoning-judgment-interpretation,M15,G5426,to reason
reasoning-judgment-interpretation,M15,G6629,be unwise
reasoning-judgment-interpretation,M15,H2782,to decide
reasoning-judgment-interpretation,M15,H3289,to advise
reasoning-judgment-interpretation,M15,H4427B,to advise
reasoning-judgment-interpretation,M15,H6591,interpretation
reasoning-judgment-interpretation,M15,H6592,interpretation
reasoning-judgment-interpretation,M15,H6623,interpretation
reasoning-judgment-interpretation,M26,G2919,to judge
reasoning-judgment-interpretation,M26,H1777,to judge
reasoning-judgment-interpretation,M26,H8199,to judge
reasoning-judgment-interpretation,M26,H8200,to judge
reasoning-judgment-interpretation,M43,G1329,to interpret
reasoning-judgment-interpretation,M43,G2059,to interpret
reasoning-judgment-interpretation,M43,H6590,to interpret
reasoning-judgment-interpretation,M43,H6622,to interpret
purity-holiness-sanctification,M12,G0037,to sanctify
purity-holiness-sanctification,M12,G0047,purity
purity-holiness-sanctification,M12,G0048,to purify
purity-holiness-sanctification,M12,G0049,purification
purity-holiness-sanctification,M12,G0054,purity
purity-holiness-sanctification,M12,G0178,uncondemned
purity-holiness-sanctification,M12,G0361,sinless
purity-holiness-sanctification,M12,G0462,unholy
purity-holiness-sanctification,M12,G0505,genuine
purity-holiness-sanctification,M12,G0861,incorruptibility
purity-holiness-sanctification,M12,G0862,incorruptible
purity-holiness-sanctification,M12,G1103,genuine
purity-holiness-sanctification,M12,G2413,sacred
purity-holiness-sanctification,M12,G2676,perfection
purity-holiness-sanctification,M12,G2929,be clear
purity-holiness-sanctification,M12,G3392,to stain
purity-holiness-sanctification,M12,G3445,to form
purity-holiness-sanctification,M12,G3741,sacred
purity-holiness-sanctification,M12,G4695,to stain
purity-holiness-sanctification,M12,G5047,perfection
purity-holiness-sanctification,M12,G5050,perfection
purity-holiness-sanctification,M12,G7751,to consecrate
purity-holiness-sanctification,M12,H1305,to purify
purity-holiness-sanctification,M12,H2892A,purity
purity-holiness-sanctification,M12,H2892B,clearness
purity-holiness-sanctification,M12,H2893,purifying
purity-holiness-sanctification,M12,H4358,perfection
purity-holiness-sanctification,M12,H4974,soundness
purity-holiness-sanctification,M12,H5352,to clear
purity-holiness-sanctification,M12,H6696C,to form
purity-holiness-sanctification,M12,H6942G,to consecrate: consecate
purity-holiness-sanctification,M12,H6942I,to consecrate: forfeit
purity-holiness-sanctification,M12,H6942J,to consecrate: prepare
purity-holiness-sanctification,M12,H6942K,to consecrate: holiness
purity-holiness-sanctification,M12,H8235,clearness
purity-holiness-sanctification,M12,H8502,perfection
purity-holiness-sanctification,M12,H8549G,unblemished
purity-holiness-sanctification,M12,H8549I,unblemished: complete
purity-holiness-sanctification,M12,H8549J,unblemished: Thummim
purity-holiness-sanctification,M15,G4997,mental soundness
purity-holiness-sanctification,M22,G0038,holiness
purity-holiness-sanctification,M22,G0040G,holy
purity-holiness-sanctification,M22,G0041,holiness
purity-holiness-sanctification,M22,G0042,holiness
purity-holiness-sanctification,M22,G3742,holiness
purity-holiness-sanctification,M22,H6918G,holy
purity-holiness-sanctification,M22,H6922,holy
purity-holiness-sanctification,M22,H6944G,holiness
judgment-condemnation-justice,M02,H5359,vengeance
judgment-condemnation-justice,M02,H5360,vengeance
judgment-condemnation-justice,M26,G0087,impartial
judgment-condemnation-justice,M26,G0156,cause/charge
judgment-condemnation-justice,M26,G0157,charge
judgment-condemnation-justice,M26,G0843,self-condemned
judgment-condemnation-justice,M26,G1344,to justify
judgment-condemnation-justice,M26,G1347,justification
judgment-condemnation-justice,M26,G1349,condemnation
judgment-condemnation-justice,M26,G1556,to avenge
judgment-condemnation-justice,M26,G1557,vengeance
judgment-condemnation-justice,M26,G2607,to condemn
judgment-condemnation-justice,M26,G2613,to condemn
judgment-condemnation-justice,M26,G2632,to condemn
judgment-condemnation-justice,M26,G2633,condemnation
judgment-condemnation-justice,M26,G2917,judgment
judgment-condemnation-justice,M26,G2920,judgment
judgment-condemnation-justice,M26,G5267,accountable
judgment-condemnation-justice,M26,G6048,judgment
judgment-condemnation-justice,M26,H1779,judgment
judgment-condemnation-justice,M26,H4931,charge
judgment-condemnation-justice,M26,H4941K,[Hall of] Judgment
judgment-condemnation-justice,M26,H5358,to avenge
judgment-condemnation-justice,M26,H6663,to justify
judgment-condemnation-justice,M26,H8196,judgment
judgment-condemnation-justice,M26,H8201,judgment
envy-greed-excess,M05,G0866,not greedy
envy-greed-excess,M05,H0973B,be greedy
envy-greed-excess,M28,G0146,greedy
envy-greed-excess,M28,G0147,greedily
envy-greed-excess,M28,G0192,self-indulgence
envy-greed-excess,M28,G0766,debauchery
envy-greed-excess,M28,G0810,debauchery
envy-greed-excess,M28,G1608,to fornicate
envy-greed-excess,M28,G2052,rivalry
envy-greed-excess,M28,G3715,lust
envy-greed-excess,M28,G3863,to make envious
envy-greed-excess,M28,G4123,greedy
envy-greed-excess,M28,G4124,greediness
envy-greed-excess,M28,G5172,self-indulgence
envy-greed-excess,M28,G5354,to envy
envy-greed-excess,M28,G5355,envy
envy-greed-excess,M28,G6041,to envy
envy-greed-excess,M28,H2181,to fornicate
envy-greed-excess,M28,H2183,fornication
envy-greed-excess,M28,H2184,fornication
envy-greed-excess,M28,H5178B,lust
envy-greed-excess,M28,H5690,lust
envy-greed-excess,M28,H5691,lust
envy-greed-excess,M28,H5949,wantonness
envy-greed-excess,M28,H6424,to envy
envy-greed-excess,M28,H8457,fornication
envy-greed-excess,M29,H5689,to lust
envy-greed-excess,M29,H7904,to lust
astonishment-wonder-marvel,M01,G1569,astonished
astonishment-wonder-marvel,M01,G1605,be astonished
astonishment-wonder-marvel,M01,G1611,amazement
astonishment-wonder-marvel,M01,G2285,amazement
astonishment-wonder-marvel,M04,G2284,to astonish
astonishment-wonder-marvel,M04,G2295,marvel
astonishment-wonder-marvel,M04,G2296,to marvel
astonishment-wonder-marvel,M04,G7643,to cause wonder
astonishment-wonder-marvel,M04,H1724,to astonish
astonishment-wonder-marvel,M04,H4159,wonder
astonishment-wonder-marvel,M04,H4652,wonder
astonishment-wonder-marvel,M04,H6381,to wonder
astonishment-wonder-marvel,M04,H6382,wonder
astonishment-wonder-marvel,M04,H7445,triumphing
astonishment-wonder-marvel,M04,H8540,wonder
dishonor-mutilation-disgrace,M07,G0216,mute
dishonor-mutilation-disgrace,M07,G0808,indecency
dishonor-mutilation-disgrace,M07,G0880,mute
dishonor-mutilation-disgrace,M07,G2699,mutilation
dishonor-mutilation-disgrace,M07,G3058,to revile
dishonor-mutilation-disgrace,M07,G3059,reviling
dishonor-mutilation-disgrace,M07,G3679,to revile
dishonor-mutilation-disgrace,M07,G4507,filth
dishonor-mutilation-disgrace,M07,G4509,filth
dishonor-mutilation-disgrace,M07,G5392,to muzzle
dishonor-mutilation-disgrace,M07,G6452,be mute
dishonor-mutilation-disgrace,M07,G8147,be mute
dishonor-mutilation-disgrace,M07,H0483,mute
dishonor-mutilation-disgrace,M07,H1421,reviling
dishonor-mutilation-disgrace,M07,H2629,to muzzle
dishonor-mutilation-disgrace,M07,H4893A,mutilation
dishonor-mutilation-disgrace,M07,H5206,filth
dishonor-mutilation-disgrace,M07,H5356B,bluntness
dishonor-mutilation-disgrace,M07,H5708,filth
dishonor-mutilation-disgrace,M07,H6477,bluntness
dishonor-mutilation-disgrace,M07,H6675,filth
dishonor-mutilation-disgrace,M07,H8213,to abase
disobedience-hardness-lawlessness,M30,G0458,lawlessness
disobedience-hardness-lawlessness,M30,G0506,insubordinate
disobedience-hardness-lawlessness,M30,G0543,disobedience
disobedience-hardness-lawlessness,M30,G0545,disobedient
disobedience-hardness-lawlessness,M30,G21419,hardness
disobedience-hardness-lawlessness,M30,G3876,disobedience
disobedience-hardness-lawlessness,M30,G3892,lawlessness
disobedience-hardness-lawlessness,M30,G4456,to harden
disobedience-hardness-lawlessness,M30,G4457,hardening
disobedience-hardness-lawlessness,M30,G4643,hardness
disobedience-hardness-lawlessness,M30,G4645,to harden
disobedience-hardness-lawlessness,M30,H7188,to harden
disobedience-hardness-lawlessness,M30,H7280C,to harden
patience-endurance-perseverance,M33,G3115,patience
patience-endurance-perseverance,M34,G2553,to endure
patience-endurance-perseverance,M34,G3114,to have patience
patience-endurance-perseverance,M34,G3116,patiently
patience-endurance-perseverance,M34,G4343,perseverance
patience-endurance-perseverance,M34,G5159,to put up with
patience-endurance-perseverance,M34,G5278,to remain/endure
patience-endurance-perseverance,M34,G5281,perseverance
patience-endurance-perseverance,M35,G0430,to endure
patience-endurance-perseverance,M35,G2594,to endure
patience-endurance-perseverance,M35,G4722,to endure
patience-endurance-perseverance,M35,G5297,to endure
stumbling-trial-temptation,M10,G1185,to entice
stumbling-trial-temptation,M10,H6601B,to entice
stumbling-trial-temptation,M35,G0374,to persuade
stumbling-trial-temptation,M35,G0677,not stumbling
stumbling-trial-temptation,M35,G3982,to persuade
stumbling-trial-temptation,M35,G3987,to try
stumbling-trial-temptation,M35,G4348,stumbling block
stumbling-trial-temptation,M35,G4349,stumbling
stumbling-trial-temptation,M35,G4417,to stumble
stumbling-trial-temptation,M35,G4617,to sift
stumbling-trial-temptation,M35,G4624,to cause to stumble
stumbling-trial-temptation,M35,G4625,stumbling block
stumbling-trial-temptation,M35,H3782,to stumble
stumbling-trial-temptation,M35,H3783,stumbling
stumbling-trial-temptation,M35,H4065,enticement
stumbling-trial-temptation,M35,H4383,stumbling
stumbling-trial-temptation,M35,H4531B,trial
stumbling-trial-temptation,M35,H6761,stumbling
slavery-bondage-burden,M36,G0922,burden
slavery-bondage-burden,M36,G1396,to enslave
slavery-bondage-burden,M36,G1397,slavery
slavery-bondage-burden,M36,G1398,be a slave
slavery-bondage-burden,M36,G1399,female slave
slavery-bondage-burden,M36,G1401,slave
slavery-bondage-burden,M36,G1402,to enslave
slavery-bondage-burden,M36,G2615,to enslave
slavery-bondage-burden,M36,G3610,slave
slavery-bondage-burden,M36,G5413,burden
slavery-bondage-burden,M36,H0405,burden
slavery-bondage-burden,M36,H2960,burden
slavery-bondage-burden,M36,H3053,burden
slavery-bondage-burden,M36,H4614,burden
slavery-bondage-burden,M36,H4853A,burden
slavery-bondage-burden,M36,H5385,burden
slavery-bondage-burden,M36,H5447,burden
slavery-bondage-burden,M36,H5448,burden
slavery-bondage-burden,M36,H5449,burden
slavery-bondage-burden,M36,H5450,burden
slavery-bondage-burden,M36,H5659,slavery
slavery-bondage-burden,M44,G4889,fellow slave
salvation-ransom-propitiation,M38,G2433,to propitiate
salvation-ransom-propitiation,M38,G2434,propitiation
salvation-ransom-propitiation,M38,G2435,propitiation
salvation-ransom-propitiation,M38,G3084,to ransom
salvation-ransom-propitiation,M38,G4990,savior
salvation-ransom-propitiation,M38,G4991,salvation
salvation-ransom-propitiation,M38,G4992,saving
salvation-ransom-propitiation,M38,H3444,salvation
salvation-ransom-propitiation,M38,H3468,salvation
salvation-ransom-propitiation,M38,H4190,salvation
salvation-ransom-propitiation,M38,H6299,to ransom
gift-favor-goodwill,M38,G1431,free gift
gift-favor-goodwill,M38,G1434,free gift
gift-favor-goodwill,M39,G0019,goodness
gift-favor-goodwill,M39,G1390,gift
gift-favor-goodwill,M39,G1394,gift
gift-favor-goodwill,M39,G1435,gift
gift-favor-goodwill,M39,G2107,goodwill
gift-favor-goodwill,M39,G4380,to favor
gift-favor-goodwill,M39,G5486,gift
gift-favor-goodwill,M39,G5487,to favor
gift-favor-goodwill,M39,H0814,gift
gift-favor-goodwill,M39,H1890,gift
gift-favor-goodwill,M39,H2580,favor
gift-favor-goodwill,M39,H2594,favor
gift-favor-goodwill,M39,H4976,gift
gift-favor-goodwill,M39,H4978,gift
gift-favor-goodwill,M39,H4979,gift
gift-favor-goodwill,M39,H4991,gift
gift-favor-goodwill,M39,H5078,gift
gift-favor-goodwill,M39,H5083,gift
gift-favor-goodwill,M39,H5379,gift
gift-favor-goodwill,M39,H7862,gift
gift-favor-goodwill,M46,G0019,goodness
remembrance-reminder-report,M41,G0363,to remind
remembrance-reminder-report,M41,G0364,remembrance
remembrance-reminder-report,M41,G1878,to remind
remembrance-reminder-report,M41,G3417,remembrance
remembrance-reminder-report,M41,G3420,remembrance
remembrance-reminder-report,M41,G5279,to remind
remembrance-reminder-report,M41,G5280,remembrance
remembrance-reminder-report,M41,G5334,news
remembrance-reminder-report,M41,G5345,news
remembrance-reminder-report,M41,H8052,tidings
remembrance-reminder-report,M41,H8088B,report
remembrance-reminder-report,M41,H8089,report
prophecy-vision-interpretation,M15,G1955,explanation
prophecy-vision-interpretation,M15,G4307,foresight
prophecy-vision-interpretation,M15,H0263,explanation
prophecy-vision-interpretation,M15,H2808,explanation
prophecy-vision-interpretation,M42,G4395,to prophesy
prophecy-vision-interpretation,M42,H5001,to prophesy
prophecy-vision-interpretation,M42,H5012,to prophesy
prophecy-vision-interpretation,M42,H5013,to prophesy
prophecy-vision-interpretation,M43,G0144,insight
prophecy-vision-interpretation,M43,G1504,image
prophecy-vision-interpretation,M43,G4394,prophecy
prophecy-vision-interpretation,M43,G4592,sign
prophecy-vision-interpretation,M43,H0226G,sign: miraculous
prophecy-vision-interpretation,M43,H0226H,sign:  indicator
prophecy-vision-interpretation,M43,H0852,sign
prophecy-vision-interpretation,M43,H5016,prophecy
prophecy-vision-interpretation,M43,H5017,prophesying
prophecy-vision-interpretation,M43,H6754,image
prophecy-vision-interpretation,M43,H6816,image
prophecy-vision-interpretation,M43,H7924,insight
outcry-roaring-shouting,M15,H7452,shouting
outcry-roaring-shouting,M22,G2019,to shout
outcry-roaring-shouting,M22,G2905,to shout
outcry-roaring-shouting,M22,H7321,to shout
outcry-roaring-shouting,M42,G0995,outcry
outcry-roaring-shouting,M42,G2906,shouting
outcry-roaring-shouting,M42,G3455,to roar
outcry-roaring-shouting,M42,G5456H,voice/sound: noise
outcry-roaring-shouting,M42,G5612,to roar
outcry-roaring-shouting,M42,H1897,to mutter
outcry-roaring-shouting,M42,H1899,moaning
outcry-roaring-shouting,M42,H1906,shout
outcry-roaring-shouting,M42,H1959,shout
outcry-roaring-shouting,M42,H1993,to roar
outcry-roaring-shouting,M42,H2201,outcry
outcry-roaring-shouting,M42,H5099,roaring
outcry-roaring-shouting,M42,H6682,outcry
outcry-roaring-shouting,M42,H7032G,voice: sound
outcry-roaring-shouting,M42,H7032H,voice
outcry-roaring-shouting,M42,H7580,to roar
outcry-roaring-shouting,M42,H7581,roaring
outcry-roaring-shouting,M42,H8643,shout
outcry-roaring-shouting,M42,H8663,shout
covenant-fellowship-unity,M05,G1577,assembly
covenant-fellowship-unity,M05,G3831,assembly
covenant-fellowship-unity,M05,H4721,assembly
covenant-fellowship-unity,M05,H4744,assembly
covenant-fellowship-unity,M05,H6116,assembly
covenant-fellowship-unity,M05,H6951,assembly
covenant-fellowship-unity,M05,H6952,assembly
covenant-fellowship-unity,M21,G1303,to make a covenant
covenant-fellowship-unity,M44,G0079,sister
covenant-fellowship-unity,M44,G0081,brotherhood
covenant-fellowship-unity,M44,G0718,to betroth
covenant-fellowship-unity,M44,G1242,covenant
covenant-fellowship-unity,M44,G1775,unity
covenant-fellowship-unity,M44,G1843,to agree
covenant-fellowship-unity,M44,G3330,to share
covenant-fellowship-unity,M44,G3348,to share
covenant-fellowship-unity,M44,G3423,to betroth
covenant-fellowship-unity,M44,G4790,to share with
covenant-fellowship-unity,M44,G4829,to share
covenant-fellowship-unity,M44,G4852,to agree
covenant-fellowship-unity,M44,G4909,to agree to
covenant-fellowship-unity,M44,G4934,to agree
covenant-fellowship-unity,M44,H0264,brotherhood
covenant-fellowship-unity,M44,H0269,sister
covenant-fellowship-unity,M44,H0781,to betroth
covenant-fellowship-unity,M44,H1285,covenant
covenant-fellowship-unity,M44,H2164,to agree
covenant-fellowship-unity,M44,H2256C,union
covenant-fellowship-unity,M44,H2270,companion
covenant-fellowship-unity,M44,H3772H,to cut: make [covenant]
renewal-transformation-change,M45,G0236,to change
renewal-transformation-change,M45,G2537,new
renewal-transformation-change,M45,G3339,to transform
renewal-transformation-change,M45,G3344,to change
renewal-transformation-change,M45,G3345,to transform
renewal-transformation-change,M45,G3501,new
renewal-transformation-change,M45,G3824,regeneration
renewal-transformation-change,M45,G4372,new
renewal-transformation-change,M45,G4832,conformed
renewal-transformation-change,M45,H2319H,new
renewal-transformation-change,M45,H2323,new
renewal-transformation-change,M45,H4171,to change
renewal-transformation-change,M45,H8132,to change
renewal-transformation-change,M45,H8133,to change
renewal-transformation-change,M45,H8138A,to change
self-control-sobriety-zeal,M19,G1466,self-control
self-control-sobriety-zeal,M19,G1467,to self-control
self-control-sobriety-zeal,M19,G1468,self-controlled
self-control-sobriety-zeal,M19,G1618,fervent
self-control-sobriety-zeal,M19,G2204,be fervent
self-control-sobriety-zeal,M19,G2206,be eager
self-control-sobriety-zeal,M19,G3524,sober
self-control-sobriety-zeal,M19,G4104,be convinced
self-control-sobriety-zeal,M19,G4704,be eager
self-control-sobriety-zeal,M19,G4998,self-controlled
self-control-sobriety-zeal,M19,G5431,be careful
self-control-sobriety-zeal,M33,G3525,be sober
self-control-sobriety-zeal,M34,G4289,eager
self-control-sobriety-zeal,M34,G4705,eager
doubt-discouragement-worry,M01,H1674,anxiety
doubt-discouragement-worry,M01,H8312,anxiety
doubt-discouragement-worry,M20,G0120,be discouraged
doubt-discouragement-worry,M20,G0639,be perplexed
doubt-discouragement-worry,M20,G1280,be perplexed
doubt-discouragement-worry,M20,G1365,to doubt
doubt-discouragement-worry,M20,G1374,double-minded
doubt-discouragement-worry,M20,G2928,to hide
doubt-discouragement-worry,M20,G3308,concern
doubt-discouragement-worry,M20,G3309,to worry
doubt-discouragement-worry,M20,G3349,to worry
doubt-discouragement-worry,M20,G3871,to hide
doubt-discouragement-worry,M20,G4032,to hide
doubt-discouragement-worry,M20,G6023,be discouraged
doubt-discouragement-worry,M20,G6185,be discouraged
doubt-discouragement-worry,M20,H1672,be anxious
doubt-discouragement-worry,M20,H2244,to hide
doubt-discouragement-worry,M20,H2247,to hide
doubt-discouragement-worry,M20,H2934,to hide
doubt-discouragement-worry,M20,H3512A,be disheartened
doubt-discouragement-worry,M20,H3512B,disheartened
doubt-discouragement-worry,M20,H3582,to hide
doubt-discouragement-worry,M20,H3885B,to grumble
doubt-discouragement-worry,M20,H5641,to hide
doubt-discouragement-worry,M20,H5642A,to hide
doubt-discouragement-worry,M20,H7279,to grumble
doubt-discouragement-worry,M20,H7672,be perplexed
doubt-discouragement-worry,M33,G0253,without anxiety
firstborn-foreknowledge,M37,G4255,to predetermine
firstborn-foreknowledge,M37,G4268,foreknowledge
firstborn-foreknowledge,M37,G4384,to predetermine
firstborn-foreknowledge,M37,G4416,firstborn
firstborn-foreknowledge,M37,H1060,firstborn
firstborn-foreknowledge,M37,H1067,firstborn
firstborn-foreknowledge,M37,H6363A,firstborn
firstborn-foreknowledge,M37,H6363B,firstborn
destruction-ruin-devastation,M10,G0051,error
destruction-ruin-devastation,M10,G0092,crime
destruction-ruin-devastation,M10,G0684,destruction
destruction-ruin-devastation,M10,G0763,ungodlinessness
destruction-ruin-devastation,M10,G1777,liable for
destruction-ruin-devastation,M10,G2506,destruction
destruction-ruin-devastation,M10,G4106,error
destruction-ruin-devastation,M10,G4467,crime
destruction-ruin-devastation,M10,G4485,destruction
destruction-ruin-devastation,M10,H0008,destruction
destruction-ruin-devastation,M10,H0010,destruction
destruction-ruin-devastation,M10,H0012,destruction
destruction-ruin-devastation,M10,H0013,destruction
destruction-ruin-devastation,M10,H2248,crime
destruction-ruin-devastation,M10,H2256D,destruction
destruction-ruin-devastation,M10,H2475,destruction
destruction-ruin-devastation,M10,H4879,error
destruction-ruin-devastation,M10,H4889,destruction
destruction-ruin-devastation,M10,H4892,destruction
destruction-ruin-devastation,M10,H5627,revolt
destruction-ruin-devastation,M10,H6986,destruction
destruction-ruin-devastation,M10,H6987,destruction
destruction-ruin-devastation,M10,H7691,error
destruction-ruin-devastation,M10,H8399,destruction
destruction-ruin-devastation,M10,H8417,error
destruction-ruin-devastation,M10,H8442,error
destruction-ruin-devastation,M27,G2050,devastation
destruction-ruin-devastation,M27,G2679,to ruin
destruction-ruin-devastation,M27,G2692,ruin
destruction-ruin-devastation,M27,G4938,ruin
destruction-ruin-devastation,M27,H3589,ruin
destruction-ruin-devastation,M27,H3832,to ruin
destruction-ruin-devastation,M27,H4072,ruin
destruction-ruin-devastation,M27,H4654A,ruin
destruction-ruin-devastation,M27,H4654B,ruin
destruction-ruin-devastation,M27,H4923,devastation
destruction-ruin-devastation,M27,H5754,ruin
destruction-ruin-devastation,M27,H5856,ruin
destruction-ruin-devastation,M27,H7591,ruin
destruction-ruin-devastation,M27,H7612,devastation
destruction-ruin-devastation,M27,H7703,to ruin
destruction-ruin-devastation,M27,H7722B,devastation
destruction-ruin-devastation,M27,H7843,to ruin
destruction-ruin-devastation,M27,H8077A,devastation
destruction-ruin-devastation,M27,H8395,ruin
truth-sincerity-certainty,M13,G0278,irrevocable
truth-sincerity-certainty,M13,G0573,sound
truth-sincerity-certainty,M13,G0858,sincerity
truth-sincerity-certainty,M13,G0950,to confirm
truth-sincerity-certainty,M13,G0951,confirmation
truth-sincerity-certainty,M13,G1505,sincerity
truth-sincerity-certainty,M13,G2117,Straight
truth-sincerity-certainty,M13,G2279,sound
truth-sincerity-certainty,M13,G3718,to cut straight
truth-sincerity-certainty,M13,G4537,to sound a trumpet
truth-sincerity-certainty,M13,G5353,sound
truth-sincerity-certainty,M13,G8546,be straight up
truth-sincerity-certainty,M13,H0548,sure
truth-sincerity-certainty,M13,H1998,sound
truth-sincerity-certainty,M13,H3330,certain
truth-sincerity-certainty,M13,H5228,straightforward
truth-sincerity-certainty,M13,H6422,certain
truth-sincerity-certainty,M13,H8088A,sound
truth-sincerity-certainty,M13,H8626,be straight
truth-sincerity-certainty,M13,H8627,to confirm
madness-recklessness-insanity,M16,G3105,to rave
madness-recklessness-insanity,M16,G3130,insanity
madness-recklessness-insanity,M16,G3912,be insane
madness-recklessness-insanity,M16,G3913,insanity
madness-recklessness-insanity,M16,H1947,madness
madness-recklessness-insanity,M16,H1948,madness
madness-recklessness-insanity,M16,H2031,fantasies
madness-recklessness-insanity,M16,H6348,be reckless
madness-recklessness-insanity,M16,H6349,recklessness
madness-recklessness-insanity,M16,H6350,recklessness
madness-recklessness-insanity,M16,H7696,be mad
madness-recklessness-insanity,M16,H7697,madness
fasting-piety-intercession,M21,G0776,fasting
fasting-piety-intercession,M21,G0777,fasting
fasting-piety-intercession,M21,G1783,intercession
fasting-piety-intercession,M21,G2150,piety
fasting-piety-intercession,M21,G2151,to show piety
fasting-piety-intercession,M21,G3521,fasting
fasting-piety-intercession,M21,G3523,fasting
fasting-piety-intercession,M21,G4319,to beg
fasting-piety-intercession,M21,G5377,God-loving
fasting-piety-intercession,M21,H2470B,to beg
fasting-piety-intercession,M21,H2908,fasting
fasting-piety-intercession,M21,H8589,fasting
glory-honor-splendor,M22,G0514,worthy
glory-honor-splendor,M22,G2016,glorious
glory-honor-splendor,M22,G2165,to celebrate
glory-honor-splendor,M22,G5091,to honor
glory-honor-splendor,M22,G5092,honor
glory-honor-splendor,M22,H0142,be glorious
glory-honor-splendor,M22,H1420,greatness
glory-honor-splendor,M22,H1433,greatness
glory-honor-splendor,M22,H1921,to honor
glory-honor-splendor,M22,H1922,to honor
glory-honor-splendor,M22,H1923,honor
glory-honor-splendor,M22,H1927,adornment
glory-honor-splendor,M22,H1935,splendor
glory-honor-splendor,M22,H2122,splendor
glory-honor-splendor,M22,H2287,to celebrate
glory-honor-splendor,M22,H3314,splendor
glory-honor-splendor,M22,H3367,honor
glory-honor-splendor,M22,H3513I,to honor: many
glory-honor-splendor,M22,H3520A,glorious
glory-honor-splendor,M22,H5082,honor
glory-honor-splendor,M23,H4768,greatness
glory-honor-splendor,M26,G0515,to deem worthy
release-relinquish-reconcile,M11,G0402,to leave
release-relinquish-reconcile,M11,G0525,to release
release-relinquish-reconcile,M11,G0580,deprivation
release-relinquish-reconcile,M11,G0620,to leave
release-relinquish-reconcile,M11,G0630G,to release: release
release-relinquish-reconcile,M11,G0657,to leave
release-relinquish-reconcile,M11,G0672,to leave
release-relinquish-reconcile,M11,G0863G,to release: leave
release-relinquish-reconcile,M11,G0863I,to release: permit
release-relinquish-reconcile,M11,G0868,to leave
release-relinquish-reconcile,M11,G3332,to leave
release-relinquish-reconcile,M11,G5275,to leave
release-relinquish-reconcile,M11,H5203,to leave
release-relinquish-reconcile,M11,H5800H,to leave: neglect
release-relinquish-reconcile,M11,H8058,to release
UNASSIGNED,M01,G0318,necessity
UNASSIGNED,M01,G2347,pressure
UNASSIGNED,M01,G4730,hardship
UNASSIGNED,M01,H2750,burning
UNASSIGNED,M01,H4164,constraint
UNASSIGNED,M01,H4867,wave
UNASSIGNED,M01,H6125,pressure
UNASSIGNED,M01,H8175B,to storm
UNASSIGNED,M01,H8539,to astounded
UNASSIGNED,M02,G0024,indignation
UNASSIGNED,M02,H0888,be displeased
UNASSIGNED,M02,H2195,indignation
UNASSIGNED,M02,H2750,burning
T2-generic-nonIB,M02,H4809G,Meribah
T2-generic-nonIB,M02,H4809H,Meribah
UNASSIGNED,M02,H7015,dirge
UNASSIGNED,M02,H7110B,splinter
UNASSIGNED,M02,H7111,splinter
UNASSIGNED,M03,G0928G,to torture: torture
UNASSIGNED,M03,G0930,torturer
UNASSIGNED,M03,G4087,to embitter
UNASSIGNED,M03,G4192,travail
T2-generic-nonIB,M03,H0061,truly
UNASSIGNED,M03,H2254C,be in labour
T2-generic-nonIB,M03,H2256M,cord
T2-generic-nonIB,M03,H3499B,cord
T2-generic-nonIB,M03,H4340,cord
UNASSIGNED,M03,H5076,tossing
T2-generic-nonIB,M03,H5688,cord
T2-generic-nonIB,M03,H6616,cord
UNASSIGNED,M03,H6735C,pang
T2-generic-nonIB,M03,H6957A,cord
T2-generic-nonIB,M03,H8615A,cord
UNASSIGNED,M04,H6028,dainty
UNASSIGNED,M05,G1166,to show
UNASSIGNED,M05,G1718,to show
UNASSIGNED,M05,G1731,to show
UNASSIGNED,M05,G2705,to kiss
UNASSIGNED,M05,G2842,participation
UNASSIGNED,M05,G2844,participant
UNASSIGNED,M05,G3352,participation
UNASSIGNED,M05,G5263,to show
UNASSIGNED,M05,G5339,to spare
UNASSIGNED,M05,G5361,loving the brothers
UNASSIGNED,M05,G5362,husband-loving
UNASSIGNED,M05,G5370,kiss
UNASSIGNED,M05,G5388,child loving
UNASSIGNED,M05,G8128,be with child
UNASSIGNED,M05,H2324,to show
UNASSIGNED,M05,H2550,to spare
UNASSIGNED,M05,H3384B,to show
UNASSIGNED,M05,H5390,kiss
UNASSIGNED,M05,H5401A,to kiss
UNASSIGNED,M06,G0663,severity
UNASSIGNED,M06,H6531,severity
UNASSIGNED,M06,H6887E,to rival
UNASSIGNED,M06,H7850,scourge
UNASSIGNED,M06,H8135,hating
UNASSIGNED,M07,G0577,to throw away
UNASSIGNED,M07,G1553,be away
UNASSIGNED,M08,G0193,intemperate
UNASSIGNED,M08,G0213,braggart
T2-generic-nonIB,M08,G1065,indeed
T2-generic-nonIB,M08,G4007,indeed
UNASSIGNED,M08,G5308,high
UNASSIGNED,M08,H1364,high
UNASSIGNED,M08,H5945A,high
UNASSIGNED,M08,H6965B,to arise: rise
UNASSIGNED,M08,H7292,to be assertive
T2-generic-nonIB,M08,H7293,Rahab
UNASSIGNED,M09,G1019,to delay
UNASSIGNED,M09,G1299,to direct
UNASSIGNED,M09,G3635,to delay
UNASSIGNED,M09,G4587,dignity
UNASSIGNED,M09,G4929,to direct
UNASSIGNED,M09,G5292,submission
UNASSIGNED,M09,G5549,to delay
UNASSIGNED,M09,G8117,dignity
UNASSIGNED,M09,H0309,to delay
UNASSIGNED,M09,H4102,to delay
UNASSIGNED,M09,H5081G,noble: willing
UNASSIGNED,M10,G0268,sinful
UNASSIGNED,M10,H4560,to commit
UNASSIGNED,M10,H6330,staggering
UNASSIGNED,M11,H5162H,to be sorry: relent
UNASSIGNED,M12,G1472,to rub on
UNASSIGNED,M12,G2025,to rub on
UNASSIGNED,M12,G3833,complete armor
UNASSIGNED,M12,H8000,be complete
T2-generic-nonIB,M13,H3477H,Jashar
UNASSIGNED,M13,H8266,to deal
T8-human-relational,M14,G0080,brother
T8-human-relational,M14,H0252,brother
UNASSIGNED,M14,H0481,be dumb
UNASSIGNED,M14,H2810,invention
UNASSIGNED,M14,H3908,charm
UNASSIGNED,M14,H7423B,slackness
UNASSIGNED,M15,G1106,resolution
UNASSIGNED,M15,G1128,to train
UNASSIGNED,M15,G1226,to insist
UNASSIGNED,M15,G1502,to yield
UNASSIGNED,M15,G1503,to resemble
T2-generic-nonIB,M15,G1764,be present
UNASSIGNED,M15,G3177,to mean
UNASSIGNED,M15,G3312,arbiter
T2-generic-nonIB,M15,G3873,be present
T2-generic-nonIB,M15,G3918,be present
T2-generic-nonIB,M15,G4840,be present with
T2-generic-nonIB,M15,G4894,be aware
UNASSIGNED,M15,G4994,to train
UNASSIGNED,M15,G5591,natural
UNASSIGNED,M16,H3276,to gain
UNASSIGNED,M17,G0746,beginning
UNASSIGNED,M17,G2602,beginning
UNASSIGNED,M17,G4816,to collect
UNASSIGNED,M17,H1700,cause
UNASSIGNED,M17,H1701,cause
UNASSIGNED,M17,H3246,beginning
UNASSIGNED,M17,H6960B,to collect
UNASSIGNED,M17,H7221,beginning
UNASSIGNED,M17,H8462,beginning
UNASSIGNED,M18,G0275,untroubled
UNASSIGNED,M18,G3048,collection
UNASSIGNED,M18,H0627,collection
UNASSIGNED,M18,H2841,collection
UNASSIGNED,M18,H4723C,collection
UNASSIGNED,M18,H6899,collection
UNASSIGNED,M21,G0154,to ask
UNASSIGNED,M21,G2065,to ask
UNASSIGNED,M21,G5241,to intercede
UNASSIGNED,M21,H1156,to ask
UNASSIGNED,M21,H6280,be abundant
UNASSIGNED,M21,H6282B,odour
UNASSIGNED,M21,H7592,to ask
UNASSIGNED,M21,H7593,to ask
UNASSIGNED,M22,H5273B,musical
UNASSIGNED,M23,G1753,active energy
UNASSIGNED,M23,G1754,be active
UNASSIGNED,M23,G1755,working
UNASSIGNED,M23,G1756,effective
T2-generic-nonIB,M23,G2192,to have/be
UNASSIGNED,M23,G2729,to prevail
T7-divine,M23,G2960,the Lord’s
UNASSIGNED,M23,G3841,almighty
UNASSIGNED,M23,G5242,be higher
UNASSIGNED,M23,G5293,to subject
T2-generic-nonIB,M23,G5607,being
UNASSIGNED,M23,H1396,to prevail
UNASSIGNED,M23,H1623,to scrape
T2-generic-nonIB,M23,H3027W,hand: owner
UNASSIGNED,M23,H3543A,to grow dim
UNASSIGNED,M23,H3624,vigor
UNASSIGNED,M23,H3648,to grow warm
UNASSIGNED,M23,H3893,vigor
UNASSIGNED,M23,H5500,to scrape
T2-generic-nonIB,M23,H6105A,be vast
UNASSIGNED,M23,H7106A,to scrape
UNASSIGNED,M23,H7236,to grow great
UNASSIGNED,M23,H7287B,to scrape
UNASSIGNED,M23,H7679,to grow great
UNASSIGNED,M23,H7680,to grow great
UNASSIGNED,M23,H8630,to prevail
UNASSIGNED,M24,G0091,to harm
UNASSIGNED,M24,G0096,failing
UNASSIGNED,M24,G0540,fatherless
UNASSIGNED,M24,G0642,to orphan
UNASSIGNED,M24,G0724,plunder
UNASSIGNED,M24,G0726,to seize
UNASSIGNED,M24,G0840,severe
UNASSIGNED,M24,G0984,to hurt
UNASSIGNED,M24,G0992,must be put
UNASSIGNED,M24,G1000,throwing
UNASSIGNED,M24,G1606,to expire
UNASSIGNED,M24,G1634,to expire
UNASSIGNED,M24,G2347,pressure
UNASSIGNED,M24,G2559,to harm
UNASSIGNED,M24,G2800,breaking
UNASSIGNED,M24,G3737,orphan
UNASSIGNED,M24,G4661,plunder
UNASSIGNED,M24,G4730,hardship
UNASSIGNED,M24,G4884,to seize
UNASSIGNED,M24,H0957,plunder
UNASSIGNED,M24,H0961,plunder
UNASSIGNED,M24,H2862,to seize
UNASSIGNED,M24,H3490,orphan
UNASSIGNED,M24,H3631,failing
UNASSIGNED,M24,H4164,constraint
UNASSIGNED,M24,H4290,breaking
UNASSIGNED,M24,H4933,plunder
UNASSIGNED,M24,H5222,smitten
UNASSIGNED,M24,H5848C,to enfeeble
UNASSIGNED,M24,H6001A,labour[er]
UNASSIGNED,M24,H6087A,to hurt
UNASSIGNED,M24,H6101,be sluggish
UNASSIGNED,M24,H6102,sluggish
UNASSIGNED,M24,H6103,sluggishness
UNASSIGNED,M24,H6104,sluggishness
UNASSIGNED,M24,H6115,coercion
UNASSIGNED,M24,H6563,plunder
UNASSIGNED,M24,H6869A,dearth
UNASSIGNED,M24,H7059,to seize
UNASSIGNED,M24,H7186,severe
T2-generic-nonIB,M24,H7218K,head: group
UNASSIGNED,M24,H7219,poison
UNASSIGNED,M24,H7503,to slacken
UNASSIGNED,M24,H7665,to break
UNASSIGNED,M24,H7667,breaking
UNASSIGNED,M24,H7670,breaking
UNASSIGNED,M24,H8513,hardship
UNASSIGNED,M25,G1312,decay
UNASSIGNED,M25,G3905,to prolong
UNASSIGNED,M25,H0748,to prolong
UNASSIGNED,M25,H2416A,alive
T8-human-relational,M25,H2416B,kinsfolk
UNASSIGNED,M25,H2422,vigorous
UNASSIGNED,M25,H3306,to breathe
UNASSIGNED,M25,H4241,recovery
UNASSIGNED,M25,H5301,to breathe
UNASSIGNED,M25,H5396,breath
UNASSIGNED,M25,H5397,breath
UNASSIGNED,M25,H5782,to rouse
UNASSIGNED,M25,H6315,to breathe
UNASSIGNED,M26,G0159,causer
UNASSIGNED,M26,G0467,to repay
UNASSIGNED,M26,G0661,to repay
UNASSIGNED,M26,G0703,virtue
UNASSIGNED,M26,G1558,avenging
T2-generic-nonIB,M26,G1888,in the very act
UNASSIGNED,M26,G3049,to count
UNASSIGNED,M26,G6083,be conscious of
UNASSIGNED,M26,H4487,to count
UNASSIGNED,M26,H6186B,to value
UNASSIGNED,M27,G0930,torturer
UNASSIGNED,M27,G0983,harmful
T7-divine,M27,G1493,idol's temple
T7-divine,M27,G1494,sacrificed to idols
T7-divine,M27,G1495,idolatry
T7-divine,M27,G1496,idolater
T7-divine,M27,G1497,idol
T7-divine,M27,G2712,idolatrous
T7-divine,M27,H0457,idol
T7-divine,M27,H1544,idol
T7-divine,M27,H5566,idol
T7-divine,M27,H6091,idol
T7-divine,M27,H6456,idol
T7-divine,M27,H6459,idol
UNASSIGNED,M27,H7496,shade
UNASSIGNED,M27,H8074H,be desolate: appalled
UNASSIGNED,M28,G21415,desirable
T2-generic-nonIB,M28,G4229,thing
UNASSIGNED,M28,G4559,fleshly
UNASSIGNED,M28,G4560,fleshly
T2-generic-nonIB,M28,G5600,may be
UNASSIGNED,M28,G7411,desirable
UNASSIGNED,M28,H2530B,precious thing
UNASSIGNED,M28,H2532B,desirable thing
UNASSIGNED,M28,H4030,precious thing
UNASSIGNED,M28,H4262,desirable
T2-generic-nonIB,M28,H6640,thing
UNASSIGNED,M28,H6887E,to rival
UNASSIGNED,M29,G0594,acceptance
UNASSIGNED,M29,G4288,eagerness
UNASSIGNED,M29,G4356,acceptance
UNASSIGNED,M29,G5093,precious
UNASSIGNED,M29,G7124,be willing
UNASSIGNED,M29,H0014,be willing
UNASSIGNED,M29,H1214I,to cut off: to gain
UNASSIGNED,M29,H2974,be willing
UNASSIGNED,M29,H3357,precious
UNASSIGNED,M29,H3365,be precious
UNASSIGNED,M29,H3368,precious
UNASSIGNED,M29,H5068,be willing
UNASSIGNED,M29,H5069,be willing
UNASSIGNED,M29,H7522,acceptance
UNASSIGNED,M30,G0544,to disobey
UNASSIGNED,M30,G2138,compliant
UNASSIGNED,M30,G3878,to ignore
UNASSIGNED,M30,H0014,be willing
UNASSIGNED,M30,H2413,to restrain
UNASSIGNED,M30,H2954,be insensitive
UNASSIGNED,M30,H3607,to restrain
UNASSIGNED,M30,H6113,to restrain
UNASSIGNED,M31,G0569,to disbelieve
UNASSIGNED,M31,G0570,unbelief
UNASSIGNED,M31,G0571,unbelieving
UNASSIGNED,M31,G1175,religion
UNASSIGNED,M31,G1479,self-made religion
T2-generic-nonIB,M31,G1832,be permitted
UNASSIGNED,M31,G2356,religion
T2-generic-nonIB,M31,H6819,be little
UNASSIGNED,M32,G0203,uncircumcision
UNASSIGNED,M32,G0564,uncircumcised
UNASSIGNED,M32,G1986,to uncircumcise
UNASSIGNED,M32,G4059,to circumcise
UNASSIGNED,M32,G4061,circumcision
UNASSIGNED,M32,H4135A,to circumcise
UNASSIGNED,M32,H4135B,to circumcise
UNASSIGNED,M32,H4139,circumcision
UNASSIGNED,M32,H6190H,foreskin
UNASSIGNED,M33,G4861,harmonious
UNASSIGNED,M33,G7994,being easily led on
UNASSIGNED,M33,H4494,resting
UNASSIGNED,M33,H4496H,resting
UNASSIGNED,M33,H4769,resting
UNASSIGNED,M33,H7282,restful
UNASSIGNED,M33,H7623A,to soothe
UNASSIGNED,M34,G0074,a struggle
UNASSIGNED,M34,G0075,to struggle
UNASSIGNED,M34,G0464,to struggle
UNASSIGNED,M34,G0679,without falling
UNASSIGNED,M34,G0778,to strive
UNASSIGNED,M34,G2104,of noble birth
UNASSIGNED,M34,G4586,noble
UNASSIGNED,M34,G4865,to struggle
UNASSIGNED,M34,H1519,to strive
UNASSIGNED,M34,H2715,noble
UNASSIGNED,M34,H5081H,noble
UNASSIGNED,M34,H5327A,to struggle
UNASSIGNED,M34,H5331,perpetuity
UNASSIGNED,M34,H5703,perpetuity
UNASSIGNED,M34,H5957,perpetuity
UNASSIGNED,M34,H6579,noble
UNASSIGNED,M34,H7261,noble
UNASSIGNED,M34,H7712,to strive
UNASSIGNED,M34,H8003,complete
UNASSIGNED,M34,H8280,to strive
UNASSIGNED,M34,H8535,complete
UNASSIGNED,M35,G2021,to attempt
UNASSIGNED,M36,G2999,ministry
UNASSIGNED,M36,G3009,ministry
UNASSIGNED,M37,G2770,to gain
UNASSIGNED,M37,G3333,to summon
UNASSIGNED,M37,G3343,to summon
UNASSIGNED,M37,H7122G,to encounter: meet
UNASSIGNED,M37,H7122H,to encounter: toward
UNASSIGNED,M37,H7122I,to encounter: chanced
UNASSIGNED,M37,H7123,to read
UNASSIGNED,M38,G1943,to cover
UNASSIGNED,M38,G2572,to cover
UNASSIGNED,M38,G2619,to cover
UNASSIGNED,M38,G4028,to cover
UNASSIGNED,M38,H2645,to cover
UNASSIGNED,M38,H2666,be free
UNASSIGNED,M38,H2926,to cover
UNASSIGNED,M38,H3271,to cover
UNASSIGNED,M38,H3680,to cover
UNASSIGNED,M38,H3722B,to cover
UNASSIGNED,M38,H3813,to cover
UNASSIGNED,M38,H5526B,to cover
UNASSIGNED,M38,H5526E,to cover
UNASSIGNED,M38,H5603,to cover
UNASSIGNED,M38,H7159,to cover
UNASSIGNED,M39,G1962,to accept
UNASSIGNED,M39,H7521,to accept
UNASSIGNED,M41,H7182,attentiveness
UNASSIGNED,M41,H7183A,attentive
UNASSIGNED,M41,H7183B,attentive
UNASSIGNED,M41,H7835,be black
UNASSIGNED,M42,H6969,to chant
UNASSIGNED,M44,G1264,to contend sharply
UNASSIGNED,M44,G1864,to contend
UNASSIGNED,M44,G4866,to contend
UNASSIGNED,M44,H0342,enmity
T8-human-relational,M44,H2416D,community
UNASSIGNED,M44,H2836B,to connect
UNASSIGNED,M44,H7378,to contend
UNASSIGNED,M44,H8474,to contend
UNASSIGNED,M45,G0329,to rekindle
UNASSIGNED,M45,H2487,change
UNASSIGNED,M46,G0842,self-sufficient
UNASSIGNED,M46,G4148,to enrich
UNASSIGNED,M46,H1952,substance
UNASSIGNED,M46,H2630,to hoard
UNASSIGNED,M46,H4924B,fatness
UNASSIGNED,M46,H5727,to luxuriate
UNASSIGNED,M46,H6238,to enrich
UNASSIGNED,M46,H8080,to grow fat
UNASSIGNED,M47,G4893,conscience
