base,strong_variant,stepGloss,clusters,surface,reference,text
H0241,H0241G,ear,T14,ears,Job 36:10,He opens their ears to instruction and commands that they return from iniquity.
H8085,H8085G H3588A,,,heard,Psa 6:8,"Depart from me, all you workers of evil, for the Lord has heard the sound of my weeping."
H2803,H2803I,to devise: devise,M64,plots,Psa 36:4,He plots trouble while on his bed; he sets himself in a way that is not good; he does not reject evil.
H8085,H8085G,to hear: hear,M41,listened,Psa 66:18,"If I had cherished iniquity in my heart, the Lord would not have listened."
H4284,H4284,plot,M06,plans,Pro 6:18,"a heart that devises wicked plans, feet that make haste to run to evil,"
H7181,H7181,to listen,M41,listens,Pro 17:4,"An evildoer listens to wicked lips, and a liar gives ear to a mischievous tongue."
H4284,H4284,plot,M06,thoughts,Isa 55:7,"let the wicked forsake his way, and the unrighteous man his thoughts; let him return to the Lord, that he may have compassion on him, and to our God, for he will abundantly pardon."
H4284,H4284,plot,M06,thoughts,Isa 59:7,"Their feet run to evil, and they are swift to shed innocent blood; their thoughts are thoughts of iniquity; desolation and destruction are in their highways."
H4284,H4284 H9028,,,thoughts,Isa 59:7,"Their feet run to evil, and they are swift to shed innocent blood; their thoughts are thoughts of iniquity; desolation and destruction are in their highways."
H4284,H4284 H9022,,,thoughts,Jer 4:14,"O Jerusalem, wash your heart from evil, that you may be saved. How long shall your wicked thoughts lodge within you?"
H2803,H2803I H9009,,,devise,Eze 11:2,"And he said to me, “ Son of man, these are the men who devise iniquity and who give wicked counsel in this city;"
H2803,H2803I,to devise: devise,M64,devise,Mic 2:1,"Woe to those who devise wickedness and work evil on their beds! When the morning dawns, they perform it, because it is in the power of their hand."
H2803,H2803I,to devise: devise,M64,plots,Psa 52:2,"Your tongue plots destruction, like a sharp razor, you worker of deceit."
H8085,H8085G,to hear: hear,M41,hear,Jer 20:10,"For I hear many whispering. Terror is on every side! “ Denounce him! Let us denounce him!” say all my close friends, watching for my fall. “ Perhaps he will be deceived; then we can overcome him and take our revenge on him.”"
H4209,H4209,plot,M06,purpose,Jer 51:11,"“ Sharpen the arrows! Take up the shields! The Lord has stirred up the spirit of the kings of the Medes, because his purpose concerning Babylon is to destroy it, for that is the vengeance of the Lord, the vengeance for his temple."
H4284,H4284,plot,M06,plots,Lam 3:60,"You have seen all their vengeance, all their plots against me."
H8085,H8085G,to hear: hear,M41,heard,Gen 29:33,"She conceived again and bore a son, and said, “ Because the Lord has heard that I am hated, he has given me this son also.” And she called his name Simeon."
H2803,H2803I H9030 H5921A H9030,,,imagine,Psa 41:7,All who hate me whisper together about me; they imagine the worst for me.
H4209,H4209,plot,M06,evil devices,Pro 14:17,"A man of quick temper acts foolishly, and a man of evil devices is hated."
H8085,H8085G,to hear: hear,M41,hears,Pro 29:24,"The partner of a thief hates his own life; he hears the curse, but discloses nothing."
H8085,H8085G,to hear: hear,M41,Hear,Isa 66:5,"Hear the word of the Lord, you who tremble at his word: “Your brothers who hate you and cast you out for my name’s sake have said, ‘Let the Lord be glorified, that we may see your joy ’; but it is they who shall be put to shame."
H2803,H2803I,to devise: devise,M64,devise,Zec 8:17,"do not devise evil in your hearts against one another, and love no false oath, for all these things I hate, declares the Lord.”"
H8085,H8085G,to hear: hear,M41,listen,Exo 16:20,"But they did not listen to Moses. Some left part of it till the morning, and it bred worms and stank. And Moses was angry with them."
H8085,H8085G,to hear: hear,M41,heard,1Sa 13:4,"And all Israel heard it said that Saul had defeated the garrison of the Philistines, and also that Israel had become a stench to the Philistines. And the people were called out to join Saul at Gilgal."
H8085,H8085G,to hear: hear,M41,hear,2Sa 16:21,"Ahithophel said to Absalom, “ Go in to your father’s concubines, whom he has left to keep the house, and all Israel will hear that you have made yourself a stench to your father, and the hands of all who are with you will be strengthened.”"
H2803,H2803H H0853 H9033,,,credited,Lev 7:18,"If any of the flesh of the sacrifice of his peace offering is eaten on the third day, he who offers it shall not be accepted, neither shall it be credited to him. It is tainted, and he who eats of it shall bear his iniquity."
H8085,H8085G H9002 H9004,,,heard,2Ch 15:8,"As soon as Asa heard these words, the prophecy of Azariah the son of Oded, he took courage and put away the detestable idols from all the land of Judah and Benjamin and from the cities that he had taken in the hill country of Ephraim, and he repaired the altar of the Lord that was in front of the vestibule of the house of the Lord."
H8085,H8085G H9005,,,listen,Eze 20:8,"But they rebelled against me and were not willing to listen to me. None of them cast away the detestable things their eyes feasted on, nor did they forsake the idols of Egypt. “Then I said I would pour out my wrath upon them and spend my anger against them in the midst of the land of Egypt."
H8085,H8085G H9033 H0413 H9043,,,heard,Psa 22:24,"For he has not despised or abhorred the affliction of the afflicted, and he has not hidden his face from him, but has heard, when he cried to him."
H8085,H8085G H9005 H9031,,,hear,Deu 17:4,"and it is told you and you hear of it, then you shall inquire diligently, and if it is true and certain that such an abomination has been done in Israel,"
H4284,H4284,plot,M06,thoughts,Pro 15:26,"The thoughts of the wicked are an abomination to the Lord, but gracious words are pure."
H0241,H0241G,ear,T14,ear,Pro 28:9,"If one turns away his ear from hearing the law, even his prayer is an abomination."
H8085,H8085G H9006 H9023,,,hearing,Pro 28:9,"If one turns away his ear from hearing the law, even his prayer is an abomination."
H8085,H8085G,to hear: hear,M41,Hear,Mic 3:9,"Hear this, you heads of the house of Jacob and rulers of the house of Israel, who detest justice and make crooked all that is straight,"
H8085,H8085G,to hear: hear,M41,hear,Deu 2:25,"This day I will begin to put the dread and fear of you on the peoples who are under the whole heaven, who shall hear the report of you and shall tremble and be in anguish because of you.’"
H8085,H8085G,to hear: hear,M41,heard,Isa 66:8,Who has heard such a thing? Who has seen such things? Shall a land be born in one day? Shall a nation be brought forth in one moment? For as soon as Zion was in labor she brought forth her children.
H4284,H4284,plot,M06,purposes,Jer 51:29,"The land trembles and writhes in pain, for the Lord’s purposes against Babylon stand, to make the land of Babylon a desolation, without inhabitant."
H8085,H8085G,to hear: hear,M41,heard,Exo 15:14,The peoples have heard; they tremble; pangs have seized the inhabitants of Philistia.
H8085,H8085G,to hear: hear,M41,heard,Jer 6:24,"We have heard the report of it; our hands fall helpless; anguish has taken hold of us, pain as of a woman in labor."
H8085,H8085G,to hear: hear,M41,heard,Jer 50:43,"“The king of Babylon heard the report of them, and his hands fell helpless; anguish seized him, pain as of a woman in labor."
G0191,G0191,to hear,T3,heard,Luk 4:28,"When they heard these things, all in the synagogue were filled with wrath."
G0191,G0191,to hear,T3,heard,Act 19:28,"When they heard this they were enraged and were crying out, “ Great is Artemis of the Ephesians!”"
G0191,G0191,to hear,T3,heard,Rev 16:1,"Then I heard a loud voice from the temple telling the seven angels, “ Go and pour out on the earth the seven bowls of the wrath of God.”"
G1271,G1271,mind,M15,mind,Eph 2:3,"among whom we all once lived in the passions of our flesh, carrying out the desires of the flesh and the mind, and were by nature children of wrath, like the rest of mankind."
G1261,G1261,reasoning,M63,quarreling,1Ti 2:8,"I desire then that in every place the men should pray, lifting holy hands without anger or quarreling;"
G0191,G0191,to hear,T3,hear,Jam 1:19,"Know this, my beloved brothers: let every person be quick to hear, slow to speak, slow to anger;"
H8085,H8085G H9004 H1961,,,heard,Gen 39:19,"As soon as his master heard the words that his wife spoke to him, “This is the way your servant treated me,” his anger was kindled."
H0241,H0241I H9003,,,ears,Gen 44:18,"Then Judah went up to him and said, “Oh, my lord, please let your servant speak a word in my lord’s ears, and let not your anger burn against your servant, for you are like Pharaoh himself."
H0241,H0241H H9003,,,hearing,Num 11:1,"And the people complained in the hearing of the Lord about their misfortunes, and when the Lord heard it, his anger was kindled, and the fire of the Lord burned among them and consumed some outlying parts of the camp."
H8085,H8085G,to hear: hear,M41,heard,Num 11:1,"And the people complained in the hearing of the Lord about their misfortunes, and when the Lord heard it, his anger was kindled, and the fire of the Lord burned among them and consumed some outlying parts of the camp."
H8085,H8085G,to hear: hear,M41,heard,Num 11:10,"Moses heard the people weeping throughout their clans, everyone at the door of his tent. And the anger of the Lord blazed hotly, and Moses was displeased."
H8085,H8085G H0853 H9036,,,listened to,Deu 9:19,"For I was afraid of the anger and hot displeasure that the Lord bore against you, so that he was ready to destroy you. But the Lord listened to me that time also."
H8085,H8085H,to hear: obey,M41,obeyed,Judg 2:20,"So the anger of the Lord was kindled against Israel, and he said, “ Because this people have transgressed my covenant that I commanded their fathers and have not obeyed my voice,"
H8085,H8085G,to hear: hear,M41,heard,Judg 9:30,"When Zebul the ruler of the city heard the words of Gaal the son of Ebed, his anger was kindled."
H8085,H8085G H9004,,,heard,1Sa 11:6,"And the Spirit of God rushed upon Saul when he heard these words, and his anger was greatly kindled."
H8085,H8085G,to hear: hear,M41,heard,1Sa 17:28,"Now Eliab his eldest brother heard when he spoke to the men. And Eliab’s anger was kindled against David, and he said, “ Why have you come down? And with whom have you left those few sheep in the wilderness? I know your presumption and the evil of your heart, for you have come down to see the battle.”"
H8085,H8085H,to hear: obey,M41,obey,1Sa 28:18,"Because you did not obey the voice of the Lord and did not carry out his fierce wrath against Amalek, therefore the Lord has done this thing to you this day."
H8085,H8085G,to hear: hear,M41,hear,2Ch 28:11,"Now hear me, and send back the captives from your relatives whom you have taken, for the fierce wrath of the Lord is upon you.”"
H8085,H8085H H9005,,,obey,Neh 9:17,"They refused to obey and were not mindful of the wonders that you performed among them, but they stiffened their neck and appointed a leader to return to their slavery in Egypt. But you are a God ready to forgive, gracious and merciful, slow to anger and abounding in steadfast love, and did not forsake them."
H2803,H2803J H9023,,,counts,Job 19:11,He has kindled his wrath against me and counts me as his adversary.
H8085,H8085G,to hear: hear,M41,heard,Psa 78:21,"Therefore, when the Lord heard, he was full of wrath; a fire was kindled against Jacob; his anger rose against Israel,"
H8085,H8085G,to hear: hear,M41,heard,Isa 30:30,"And the Lord will cause his majestic voice to be heard and the descending blow of his arm to be seen, in furious anger and a flame of devouring fire, with a cloudburst and storm and hailstones."
H4209,H4209 H9043,,,intents,Jer 23:20,The anger of the Lord will not turn back until he has executed and accomplished the intents of his heart. In the latter days you will understand it clearly.
H4209,H4209 H9043,,,intentions,Jer 30:24,The fierce anger of the Lord will not turn back until he has executed and accomplished the intentions of his mind. In the latter days you will understand this.
H8085,H8085H,to hear: obey,M41,obey,Mic 5:15,And in anger and wrath I will execute vengeance on the nations that did not obey.
H0241,H0241G H9003,,,ears,2Ki 19:28,"Because you have raged against me and your complacency has come into my ears, I will put my hook in your nose and my bit in your mouth, and I will turn you back on the way by which you came."
H0241,H0241G,ear,T14,ears,Psa 115:6,"They have ears, but do not hear; noses, but do not smell."
H8085,H8085G,to hear: hear,M41,hear,Psa 115:6,"They have ears, but do not hear; noses, but do not smell."
H2803,H2803J,to devise: think,M15,account,Isa 2:22,"Stop regarding man in whose nostrils is breath, for of what account is he?"
H0241,H0241G H9003,,,ears,Isa 37:29,"Because you have raged against me and your complacency has come to my ears, I will put my hook in your nose and my bit in your mouth, and I will turn you back on the way by which you came.’"
H0241,H0241G,ear,T14,ears,Eze 16:12,And I put a ring on your nose and earrings in your ears and a beautiful crown on your head.
H0241,H0241G H9002 H9022,,,ears,Eze 23:25,"And I will direct my jealousy against you, that they may deal with you in fury. They shall cut off your nose and your ears, and your survivors shall fall by the sword. They shall seize your sons and your daughters, and your survivors shall be devoured by fire."
H4209,H4209 H9023,,,thoughts,Psa 10:4,"In the pride of his face the wicked does not seek him; all his thoughts are, “There is no God.”"
H8085,H8085H,to hear: obey,M41,obeyed,2Ki 22:13,"“ Go, inquire of the Lord for me, and for the people, and for all Judah, concerning the words of this book that has been found. For great is the wrath of the Lord that is kindled against us, because our fathers have not obeyed the words of this book, to do according to all that is written concerning us.”"
H0241,H0241G H9023,,,ear,Psa 58:4,"They have venom like the venom of a serpent, like the deaf adder that stops its ear,"
H0241,H0241I H9003,,,ears,Eze 8:18,"Therefore I will act in wrath. My eye will not spare, nor will I have pity. And though they cry in my ears with a loud voice, I will not hear them.”"
H8085,H8085G,to hear: hear,M41,hear,Eze 8:18,"Therefore I will act in wrath. My eye will not spare, nor will I have pity. And though they cry in my ears with a loud voice, I will not hear them.”"
H8085,H8085G H9004,,,heard,Gen 34:7,"The sons of Jacob had come in from the field as soon as they heard of it, and the men were indignant and very angry, because he had done an outrageous thing in Israel by lying with Jacob’s daughter, for such a thing must not be done."
H8085,H8085G,to hear: hear,M41,heard,2Sa 13:21,"When King David heard of all these things, he was very angry."
H8085,H8085G,to hear: hear,M41,heard,Neh 4:1,"Now when Sanballat heard that we were building the wall, he was angry and greatly enraged, and he jeered at the Jews."
H8085,H8085G,to hear: hear,M41,heard,Neh 4:7,"But when Sanballat and Tobiah and the Arabs and the Ammonites and the Ashdodites heard that the repairing of the walls of Jerusalem was going forward and that the breaches were beginning to be closed, they were very angry."
H8085,H8085G H0834A H9004,,,heard,Neh 5:6,I was very angry when I heard their outcry and these words.
H4209,H4209,plot,M06,evil,Psa 37:7,"Be still before the Lord and wait patiently for him; fret not yourself over the one who prospers in his way, over the man who carries out evil devices!"
H8085,H8085G,to hear: hear,M41,listened,Jer 25:7,"Yet you have not listened to me, declares the Lord, that you might provoke me to anger with the work of your hands to your own harm."
H8085,H8085G,to hear: hear,M41,listen,Deu 3:26,"But the Lord was angry with me because of you and would not listen to me. And the Lord said to me, ‘Enough from you; do not speak to me of this matter again."
H8085,H8085G,to hear: hear,M41,heard,Psa 78:59,"When God heard, he was full of wrath, and he utterly rejected Israel."
H0241,H0241G H9003,,,ears,Pro 26:17,Whoever meddles in a quarrel not his own is like one who takes a passing dog by the ears.
H8085,H8085G,to hear: hear,M41,heard,Isa 16:6,"We have heard of the pride of Moab — how proud he is!— of his arrogance, his pride, and his insolence; in his idle boasting he is not right."
H8085,H8085G,to hear: hear,M41,heard,Deu 1:34,"“And the Lord heard your words and was angered, and he swore,"
H8085,H8085G,to hear: hear,M41,heard,Est 1:18,"This very day the noble women of Persia and Media who have heard of the queen’s behavior will say the same to all the king’s officials, and there will be contempt and wrath in plenty."
H8085,H8085G H9006,,,hear,Zec 7:12,They made their hearts diamond-hard lest they should hear the law and the words that the Lord of hosts had sent by his Spirit through the former prophets. Therefore great anger came from the Lord of hosts.
H8085,H8085G,to hear: hear,M41,Keep,Job 37:2,Keep listening to the thunder of his voice and the rumbling that comes from his mouth.
H8085,H8085G,to hear: hear,M41,listening,Job 37:2,Keep listening to the thunder of his voice and the rumbling that comes from his mouth.
H8085,H8085G,to hear: hear,M41,heard,Hab 3:2,"O Lord, I have heard the report of you, and your work, O Lord, do I fear. In the midst of the years revive it; in the midst of the years make it known; in wrath remember mercy."
H8085,H8085G,to hear: hear,M41,hear,Isa 21:3,"Therefore my loins are filled with anguish; pangs have seized me, like the pangs of a woman in labor; I am bowed down so that I cannot hear; I am dismayed so that I cannot see."
H8085,H8085G H9004,,,heard,Gen 27:34,"As soon as Esau heard the words of his father, he cried out with an exceedingly great and bitter cry and said to his father, “ Bless me, even me also, O my father!”"
H8085,H8085G H0408,,,heard,Judg 18:25,"And the people of Dan said to him, “Do not let your voice be heard among us, lest angry fellows fall upon you, and you lose your life with the lives of your household.”"
H8085,H8085I H6963A,,,shout aloud,Eze 27:30,and shout aloud over you and cry out bitterly. They cast dust on their heads and wallow in ashes;
H8085,H8085G H9025,,,heard,Deu 26:7,"Then we cried to the Lord, the God of our fathers, and the Lord heard our voice and saw our affliction, our toil, and our oppression."
H8085,H8085G,to hear: hear,M41,heard,Job 16:2,“I have heard many such things; miserable comforters are you all.
H2803,H2803J,to devise: think,M15,thought,Psa 73:16,"But when I thought how to understand this, it seemed to me a wearisome task,"
H7475,H7475 H9003 H9002 H9023,,,striving,Ecc 2:22,What has a man from all the toil and striving of heart with which he toils beneath the sun?
H8085,H8085G,to hear: hear,M41,heard,1Sa 4:19,"Now his daughter-in-law, the wife of Phinehas, was pregnant, about to give birth. And when she heard the news that the ark of God was captured, and that her father-in-law and her husband were dead, she bowed and gave birth, for her pains came upon her."
H8085,H8085H H9021,,,obey,Deu 4:30,"When you are in tribulation, and all these things come upon you in the latter days, you will return to the Lord your God and obey his voice."
H0241,H0241G H9003 H9020,,,ears,2Sa 22:7,"“In my distress I called upon the Lord; to my God I called. From his temple he heard my voice, and my cry came to his ears."
H8085,H8085G,to hear: hear,M41,heard,2Sa 22:7,"“In my distress I called upon the Lord; to my God I called. From his temple he heard my voice, and my cry came to his ears."
H8085,H8085G H9020,,,hear,Psa 4:1,"To the choirmaster: with stringed instruments. A Psalm of David. Answer me when I call, O God of my righteousness! You have given me relief when I was in distress. Be gracious to me and hear my prayer!"
H0241,H0241G H9003,,,ears,Psa 18:6,"In my distress I called upon the Lord; to my God I cried for help. From his temple he heard my voice, and my cry to him reached his ears."
H8085,H8085G,to hear: hear,M41,heard,Psa 18:6,"In my distress I called upon the Lord; to my God I cried for help. From his temple he heard my voice, and my cry to him reached his ears."
H8085,H8085G H9005 H9038,,,heard,Psa 106:44,"Nevertheless, he looked upon their distress, when he heard their cry."
H8085,H8085G,to hear: hear,M41,heard,Jer 48:5,For at the ascent of Luhith they go up weeping; for at the descent of Horonaim they have heard the distressed cry of destruction.
H8085,H8085G,to hear: hear,M41,Hear,Deu 33:7,"And this he said of Judah: “ Hear, O Lord, the voice of Judah, and bring him in to his people. With your hands contend for him, and be a help against his adversaries.”"
H8085,H8085G,to hear: hear,M41,heard,Ezr 4:1,"Now when the adversaries of Judah and Benjamin heard that the returned exiles were building a temple to the Lord, the God of Israel,"
H8085,H8085G,to hear: hear,M41,heard them,Neh 9:27,"Therefore you gave them into the hand of their enemies, who made them suffer. And in the time of their suffering they cried out to you and you heard them from heaven, and according to your great mercies you gave them saviors who saved them from the hand of their enemies."
H8085,H8085G,to hear: hear,M41,listen,Gen 42:21,"Then they said to one another, “In truth we are guilty concerning our brother, in that we saw the distress of his soul, when he begged us and we did not listen. That is why this distress has come upon us.”"
H8085,H8085G H9025,,,hear,2Ch 20:9,"‘ If disaster comes upon us, the sword, judgment, or pestilence, or famine, we will stand before this house and before you— for your name is in this house —and cry out to you in our affliction, and you will hear and save.’"
H8085,H8085G H9023,,,hear,Job 27:9,Will God hear his cry when distress comes upon him?
H8085,H8085G,to hear: hear,M41,heard,Psa 34:6,"This poor man cried, and the Lord heard him and saved him out of all his troubles."
H8085,H8085G,to hear: hear,M41,hears,Psa 34:17,"When the righteous cry for help, the Lord hears and delivers them out of all their troubles."
H8085,H8085G,to hear: hear,M41,heard,Jer 4:31,"For I heard a cry as of a woman in labor, anguish as of one giving birth to her first child, the cry of the daughter of Zion gasping for breath, stretching out her hands, “ Woe is me! I am fainting before murderers.”"
H8085,H8085G,to hear: hear,M41,heard,Jon 2:2,"saying, “I called out to the Lord, out of my distress, and he answered me; out of the belly of Sheol I cried, and you heard my voice."
H2803,H2803I,to devise: devise,M64,plot,Nah 1:9,What do you plot against the Lord? He will make a complete end; trouble will not rise up a second time.
H8085,H8085G,to hear: hear,M41,hear,Hab 3:16,"I hear, and my body trembles; my lips quiver at the sound; rottenness enters into my bones; my legs tremble beneath me. Yet I will quietly wait for the day of trouble to come upon people who invade us."
H8085,H8085G H9002,,,listen,Exo 6:9,"Moses spoke thus to the people of Israel, but they did not listen to Moses, because of their broken spirit and harsh slavery."
H0241,H0241I H0853,,,you,1Sa 20:13,"But should it please my father to do you harm, the Lord do so to Jonathan and more also if I do not disclose it to you and send you away, that you may go in safety. May the Lord be with you, as he has been with my father."
H8085,H8085G,to hear: hear,M41,listen,1Sa 24:9,"And David said to Saul, “ Why do you listen to the words of men who say, ‘ Behold, David seeks your harm ’?"
H8085,H8085G H0413 H9033 H9002,,,listen,2Sa 12:18,"On the seventh day the child died. And the servants of David were afraid to tell him that the child was dead, for they said, “ Behold, while the child was yet alive, we spoke to him, and he did not listen to us. How then can we say to him the child is dead? He may do himself some harm.”"
H0241,H0241G H9023,,,ears,2Ki 21:12,"therefore thus says the Lord, the God of Israel: Behold, I am bringing upon Jerusalem and Judah such disaster that the ears of everyone who hears of it will tingle."
H8085,H8085G H9034,,,hears,2Ki 21:12,"therefore thus says the Lord, the God of Israel: Behold, I am bringing upon Jerusalem and Judah such disaster that the ears of everyone who hears of it will tingle."
H2803,H2803I H9002,,,intended,Neh 6:2,"Sanballat and Geshem sent to me, saying, “ Come and let us meet together at Hakkephirim in the plain of Ono.” But they intended to do me harm."
H8085,H8085G,to hear: hear,M41,listens,Pro 1:33,"but whoever listens to me will dwell secure and will be at ease, without dread of disaster.”"
H4284,H4284,plot,M06,devices,Jer 6:19,"Hear, O earth; behold, I am bringing disaster upon this people, the fruit of their devices, because they have not paid attention to my words; and as for my law, they have rejected it."
H7181,H7181,to listen,M41,attention,Jer 6:19,"Hear, O earth; behold, I am bringing disaster upon this people, the fruit of their devices, because they have not paid attention to my words; and as for my law, they have rejected it."
H8085,H8085G,to hear: hear,M41,Hear,Jer 6:19,"Hear, O earth; behold, I am bringing disaster upon this people, the fruit of their devices, because they have not paid attention to my words; and as for my law, they have rejected it."
H8085,H8085G,to hear: hear,M41,listen,Jer 11:11,"Therefore, thus says the Lord, Behold, I am bringing disaster upon them that they cannot escape. Though they cry to me, I will not listen to them."
H8085,H8085G H9040,,,listen,Jer 11:14,"“Therefore do not pray for this people, or lift up a cry or prayer on their behalf, for I will not listen when they call to me in the time of their trouble."
H4209,H4209 H9009 H9044,,,vile deeds,Jer 11:15,"What right has my beloved in my house, when she has done many vile deeds? Can even sacrificial flesh avert your doom? Can you then exult?"
H2803,H2803I,to devise: devise,M64,intended,Jer 18:8,"and if that nation, concerning which I have spoken, turns from its evil, I will relent of the disaster that I intended to do to it."
H2803,H2803I,to devise: devise,M64,devising,Jer 18:11,"Now, therefore, say to the men of Judah and the inhabitants of Jerusalem: ‘ Thus says the Lord, Behold, I am shaping disaster against you and devising a plan against you. Return, every one from his evil way, and amend your ways and your deeds.’"
H4284,H4284 H9036,,,plan,Jer 18:11,"Now, therefore, say to the men of Judah and the inhabitants of Jerusalem: ‘ Thus says the Lord, Behold, I am shaping disaster against you and devising a plan against you. Return, every one from his evil way, and amend your ways and your deeds.’"
H0241,H0241G H9023,,,ears,Jer 19:3,"You shall say, ‘ Hear the word of the Lord, O kings of Judah and inhabitants of Jerusalem. Thus says the Lord of hosts, the God of Israel: Behold, I am bringing such disaster upon this place that the ears of everyone who hears of it will tingle."
H8085,H8085G,to hear: hear,M41,Hear,Jer 19:3,"You shall say, ‘ Hear the word of the Lord, O kings of Judah and inhabitants of Jerusalem. Thus says the Lord of hosts, the God of Israel: Behold, I am bringing such disaster upon this place that the ears of everyone who hears of it will tingle."
H8085,H8085G,to hear: hear,M41,hears,Jer 19:3,"You shall say, ‘ Hear the word of the Lord, O kings of Judah and inhabitants of Jerusalem. Thus says the Lord of hosts, the God of Israel: Behold, I am bringing such disaster upon this place that the ears of everyone who hears of it will tingle."
H8085,H8085G,to hear: hear,M41,hear,Jer 19:15,"“ Thus says the Lord of hosts, the God of Israel, behold, I am bringing upon this city and upon all its towns all the disaster that I have pronounced against it, because they have stiffened their neck, refusing to hear my words.”"
H2803,H2803I,to devise: devise,M64,intend,Jer 26:3,"It may be they will listen, and every one turn from his evil way, that I may relent of the disaster that I intend to do to them because of their evil deeds."
H8085,H8085G,to hear: hear,M41,listen,Jer 26:3,"It may be they will listen, and every one turn from his evil way, that I may relent of the disaster that I intend to do to them because of their evil deeds."
H8085,H8085H H9026,,,obey,Jer 26:13,"Now therefore mend your ways and your deeds, and obey the voice of the Lord your God, and the Lord will relent of the disaster that he has pronounced against you."
H8085,H8085H,to hear: obey,M41,obey,Jer 32:23,And they entered and took possession of it. But they did not obey your voice or walk in your law. They did nothing of all you commanded them to do. Therefore you have made all this disaster come upon them.
H8085,H8085G,to hear: hear,M41,listened,Jer 35:17,"Therefore, thus says the Lord, the God of hosts, the God of Israel: Behold, I am bringing upon Judah and all the inhabitants of Jerusalem all the disaster that I have pronounced against them, because I have spoken to them and they have not listened, I have called to them and they have not answered.”"
H2803,H2803I,to devise: devise,M64,intend,Jer 36:3,"It may be that the house of Judah will hear all the disaster that I intend to do to them, so that every one may turn from his evil way, and that I may forgive their iniquity and their sin.”"
H8085,H8085G,to hear: hear,M41,hear,Jer 36:3,"It may be that the house of Judah will hear all the disaster that I intend to do to them, so that every one may turn from his evil way, and that I may forgive their iniquity and their sin.”"
H8085,H8085G,to hear: hear,M41,hear,Jer 36:31,"And I will punish him and his offspring and his servants for their iniquity. I will bring upon them and upon the inhabitants of Jerusalem and upon the people of Judah all the disaster that I have pronounced against them, but they would not hear.’”"
H8085,H8085H,to hear: obey,M41,obey,Jer 44:23,"It is because you made offerings and because you sinned against the Lord and did not obey the voice of the Lord or walk in his law and in his statutes and in his testimonies that this disaster has happened to you, as at this day.”"
H2803,H2803I,to devise: devise,M64,planned,Jer 48:2,"the renown of Moab is no more. In Heshbon they planned disaster against her: ‘ Come, let us cut her off from being a nation!’ You also, O Madmen, shall be brought to silence; the sword shall pursue you."
H8085,H8085G H3588A,,,heard,Lam 1:21,"“They heard my groaning, yet there is no one to comfort me. All my enemies have heard of my trouble; they are glad that you have done it. You have brought the day you announced; now let them be as I am."
H8085,H8085G H9020,,,heard,Lam 1:21,"“They heard my groaning, yet there is no one to comfort me. All my enemies have heard of my trouble; they are glad that you have done it. You have brought the day you announced; now let them be as I am."
H8085,H8085H,to hear: obey,M41,obeyed,Dan 9:14,"Therefore the Lord has kept ready the calamity and has brought it upon us, for the Lord our God is righteous in all the works that he has done, and we have not obeyed his voice."
H2803,H2803I H9040,,,devising,Mic 2:3,"Therefore thus says the Lord: behold, against this family I am devising disaster, from which you cannot remove your necks, and you shall not walk haughtily, for it will be a time of disaster."
G0191,G0191,to hear,T3,heard,Mat 11:2,"Now when John heard in prison about the deeds of the Christ, he sent word by his disciples"
G0191,G0191,to hear,T3,heard,Joh 12:34,"So the crowd answered him, “ We have heard from the Law that the Christ remains forever. How can you say that the Son of Man must be lifted up? Who is this Son of Man?”"
G0191,G0191,to hear,T3,heard,Act 24:24,"After some days Felix came with his wife Drusilla, who was Jewish, and he sent for Paul and heard him speak about faith in Christ Jesus."
G3540,G3540,mind/thought,M15,minds,2Cor 3:14,"But their minds were hardened. For to this day, when they read the old covenant, that same veil remains unlifted, because only through Christ is it taken away."
G3540,G3540,mind/thought,M15,minds,2Cor 4:4,"In their case the god of this world has blinded the minds of the unbelievers, to keep them from seeing the light of the gospel of the glory of Christ, who is the image of God."
G3053,G3053,thought,M15,arguments,2Cor 10:5,"We destroy arguments and every lofty opinion raised against the knowledge of God, and take every thought captive to obey Christ,"
G3540,G3540,mind/thought,M15,thought,2Cor 10:5,"We destroy arguments and every lofty opinion raised against the knowledge of God, and take every thought captive to obey Christ,"
G3540,G3540,mind/thought,M15,thoughts,2Cor 11:3,"But I am afraid that as the serpent deceived Eve by his cunning, your thoughts will be led astray from a sincere and pure devotion to Christ."
G0191,G0191,to hear,T3,hear,Phili 1:27,"Only let your manner of life be worthy of the gospel of Christ, so that whether I come and see you or am absent, I may hear of you that you are standing firm in one spirit, with one mind striving side by side for the faith of the gospel,"
G3540,G3540,mind/thought,M15,minds,Phili 4:7,"And the peace of God, which surpasses all understanding, will guard your hearts and your minds in Christ Jesus."
G0191,G0191,to hear,T3,heard,Col 1:4,"since we heard of your faith in Christ Jesus and of the love that you have for all the saints,"
G0191,G0191,to hear,T3,heard,2Ti 1:13,"Follow the pattern of the sound words that you have heard from me, in the faith and love that are in Christ Jesus."
G1271,G1271,mind,M15,minds,1Pe 1:13,"Therefore, preparing your minds for action, and being sober-minded, set your hope fully on the grace that will be brought to you at the revelation of Jesus Christ."
G0191,G0191,to hear,T3,heard,1Jo 1:3,"that which we have seen and heard we proclaim also to you, so that you too may have fellowship with us; and indeed our fellowship is with the Father and with his Son Jesus Christ."
G1271,G1271,mind,M15,understanding,1Jo 5:20,"And we know that the Son of God has come and has given us understanding, so that we may know him who is true; and we are in him who is true, in his Son Jesus Christ. He is the true God and eternal life."
G0191,G0191,to hear,T3,heard,Rev 12:10,"And I heard a loud voice in heaven, saying, “ Now the salvation and the power and the kingdom of our God and the authority of his Christ have come, for the accuser of our brothers has been thrown down, who accuses them day and night before our God."
H8085,H8085J,to hear: understand,M41,understand,Gen 11:7,"Come, let us go down and there confuse their language, so that they may not understand one another’s speech.”"
H8085,H8085G,to hear: hear,M41,listen,1Sa 15:1,"And Samuel said to Saul, “The Lord sent me to anoint you king over his people Israel; now therefore listen to the words of the Lord."
H8085,H8085G,to hear: hear,M41,heard,2Sa 5:17,"When the Philistines heard that David had been anointed king over Israel, all the Philistines went up to search for David. But David heard of it and went down to the stronghold."
H8085,H8085G,to hear: hear,M41,heard,1Ki 1:45,"And Zadok the priest and Nathan the prophet have anointed him king at Gihon, and they have gone up from there rejoicing, so that the city is in an uproar. This is the noise that you have heard."
H8085,H8085G,to hear: hear,M41,heard,1Ki 5:1,"Now Hiram king of Tyre sent his servants to Solomon when he heard that they had anointed him king in place of his father, for Hiram always loved David."
H8085,H8085G,to hear: hear,M41,heard,1Ch 14:8,"When the Philistines heard that David had been anointed king over all Israel, all the Philistines went up to search for David. But David heard of it and went out against them."
H0241,H0241G,ear,T14,ear,Lev 14:17,"And some of the oil that remains in his hand the priest shall put on the lobe of the right ear of him who is to be cleansed and on the thumb of his right hand and on the big toe of his right foot, on top of the blood of the guilt offering."
H0241,H0241G,ear,T14,ear,Lev 14:28,"And the priest shall put some of the oil that is in his hand on the lobe of the right ear of him who is to be cleansed and on the thumb of his right hand and on the big toe of his right foot, in the place where the blood of the guilt offering was put."
H8085,H8085L,to hear: welcome,M41,welcomed,2Ki 20:13,"And Hezekiah welcomed them, and he showed them all his treasure house, the silver, the gold, the spices, the precious oil, his armory, all that was found in his storehouses. There was nothing in his house or in all his realm that Hezekiah did not show them."
H8085,H8085I,to hear: proclaim,M41,publish,Neh 8:15,"and that they should proclaim it and publish it in all their towns and in Jerusalem, “ Go out to the hills and bring branches of olive, wild olive, myrtle, palm, and other leafy trees to make booths, as it is written.”"
G0191,G0191,to hear,T3,ears,Mat 28:14,"And if this comes to the governor’s ears, we will satisfy him and keep you out of trouble.”"
G0191,G0191,to hear,T3,hears,Mat 13:22,"As for what was sown among thorns, this is the one who hears the word, but the cares of the world and the deceitfulness of riches choke the word, and it proves unfruitful."
G0191,G0191,to hear,T3,hear,Luk 8:14,"And as for what fell among the thorns, they are those who hear, but as they go on their way they are choked by the cares and riches and pleasures of life, and their fruit does not mature."
H8085,H8085G,to hear: hear,M41,heard,Jer 49:23,"Concerning Damascus: “ Hamath and Arpad are confounded, for they have heard bad news; they melt in fear, they are troubled like the sea that cannot be quiet."
H8085,H8085G,to hear: hear,M41,hear,Job 3:18,There the prisoners are at ease together; they hear not the voice of the taskmaster.
H8312,H8312,anxiety,M20,cares,Psa 94:19,"When the cares of my heart are many, your consolations cheer my soul."
H8312,H8312,anxiety,M20,thoughts,Psa 139:23,"Search me, O God, and know my heart! Try me and know my thoughts!"
G0191,G0191,to hear,T3,heard,Luk 1:41,"And when Elizabeth heard the greeting of Mary, the baby leaped in her womb. And Elizabeth was filled with the Holy Spirit,"
H8085,H8085G,to hear: hear,M41,heard,Gen 42:2,"And he said, “ Behold, I have heard that there is grain for sale in Egypt. Go down and buy grain for us there, that we may live and not die.”"
H2803,H2803I,to devise: devise,M64,meant,Gen 50:20,"As for you, you meant evil against me, but God meant it for good, to bring it about that many people should be kept alive, as they are today."
H2803,H2803I H9002,,,meant,Gen 50:20,"As for you, you meant evil against me, but God meant it for good, to bring it about that many people should be kept alive, as they are today."
H8085,H8085G,to hear: hear,M41,listen,Deu 4:1,"“And now, O Israel, listen to the statutes and the rules that I am teaching you, and do them, that you may live, and go in and take possession of the land that the Lord, the God of your fathers, is giving you."
H8085,H8085G,to hear: hear,M41,heard,Deu 4:33,"Did any people ever hear the voice of a god speaking out of the midst of the fire, as you have heard, and still live?"
H8085,H8085G H9008,,,hear,Deu 4:33,"Did any people ever hear the voice of a god speaking out of the midst of the fire, as you have heard, and still live?"
H8085,H8085G H9023,,,heard,Deu 5:24,"And you said, ‘ Behold, the Lord our God has shown us his glory and greatness, and we have heard his voice out of the midst of the fire. This day we have seen God speak with man, and man still live."
H8085,H8085G,to hear: hear,M41,heard,Deu 5:26,"For who is there of all flesh, that has heard the voice of the living God speaking out of the midst of fire as we have, and has still lived?"
H8085,H8085G,to hear: hear,M41,you obey,Deu 30:16,"If you obey the commandments of the Lord your God that I command you today, by loving the Lord your God, by walking in his ways, and by keeping his commandments and his statutes and his rules, then you shall live and multiply, and the Lord your God will bless you in the land that you are entering to take possession of it."
H8085,H8085G,to hear: hear,M41,listened,1Ki 17:22,"And the Lord listened to the voice of Elijah. And the life of the child came into him again, and he revived."
H8085,H8085G,to hear: hear,M41,heard,1Ki 20:31,"And his servants said to him, “ Behold now, we have heard that the kings of the house of Israel are merciful kings. Let us put sackcloth around our waists and ropes on our heads and go out to the king of Israel. Perhaps he will spare your life.”"
H8085,H8085G H0408 H9002,,,listen,2Ki 18:32,"until I come and take you away to a land like your own land, a land of grain and wine, a land of bread and vineyards, a land of olive trees and honey, that you may live, and not die. And do not listen to Hezekiah when he misleads you by saying, “The Lord will deliver us.”"
H8085,H8085H,to hear: obey,M41,obey,Neh 9:29,"And you warned them in order to turn them back to your law. Yet they acted presumptuously and did not obey your commandments, but sinned against your rules, which if a person does them, he shall live by them, and they turned a stubborn shoulder and stiffened their neck and would not obey."
H8085,H8085G H9020,,,Hear,Psa 119:149,"Hear my voice according to your steadfast love; O Lord, according to your justice give me life."
H0241,H0241G,ear,T14,ear,Isa 55:3,"Incline your ear, and come to me; hear, that your soul may live; and I will make with you an everlasting covenant, my steadfast, sure love for David."
H8085,H8085G H0413 H9030,,,hear,Isa 55:3,"Incline your ear, and come to me; hear, that your soul may live; and I will make with you an everlasting covenant, my steadfast, sure love for David."
H8085,H8085G,to hear: hear,M41,listen,Jer 27:17,Do not listen to them; serve the king of Babylon and live. Why should this city become a desolation?
H8085,H8085H,to hear: obey,M41,Obey,Jer 38:20,"Jeremiah said, “You shall not be given to them. Obey now the voice of the Lord in what I say to you, and it shall be well with you, and your life shall be spared."
H8085,H8085G H9020,,,listen,Eze 13:19,"You have profaned me among my people for handfuls of barley and for pieces of bread, putting to death souls who should not die and keeping alive souls who should not live, by your lying to my people, who listen to lies."
H8085,H8085G H9020,,,hear,Gen 23:8,"And he said to them, “If you are willing that I should bury my dead out of my sight, hear me and entreat for me Ephron the son of Zohar,"
H8085,H8085G,to hear: hear,M41,Listen,Isa 55:2,"Why do you spend your money for that which is not bread, and your labor for that which does not satisfy? Listen diligently to me, and eat what is good, and delight yourselves in rich food."
H8085,H8085G,to hear: hear,M41,diligently,Isa 55:2,"Why do you spend your money for that which is not bread, and your labor for that which does not satisfy? Listen diligently to me, and eat what is good, and delight yourselves in rich food."
G0191,G0191,to hear,T3,heard,Act 5:5,"When Ananias heard these words, he fell down and breathed his last. And great fear came upon all who heard of it."
G0191,G0191,to hear,T3,heard,Act 5:11,And great fear came upon the whole church and upon all who heard of these things.
H8085,H8085G,to hear: hear,M41,hear,Deu 1:17,"You shall not be partial in judgment. You shall hear the small and the great alike. You shall not be intimidated by anyone, for the judgment is God’s. And the case that is too hard for you, you shall bring to me, and I will hear it.’"
H8085,H8085G H9013 H9030,,,hear,Deu 1:17,"You shall not be partial in judgment. You shall hear the small and the great alike. You shall not be intimidated by anyone, for the judgment is God’s. And the case that is too hard for you, you shall bring to me, and I will hear it.’"
H8085,H8085G,to hear: hear,M41,heard,1Sa 17:11,"When Saul and all Israel heard these words of the Philistine, they were dismayed and greatly afraid."
H7181,H7181,to listen,M41,Listen,2Ch 20:15,"And he said, “ Listen, all Judah and inhabitants of Jerusalem and King Jehoshaphat: Thus says the Lord to you, ‘Do not be afraid and do not be dismayed at this great horde, for the battle is not yours but God’s."
H8085,H8085G,to hear: hear,M41,Listen,Isa 51:7,"“ Listen to me, you who know righteousness, the people in whose heart is my law; fear not the reproach of man, nor be dismayed at their revilings."
H8085,H8085I,to hear: proclaim,M41,proclaim,Jer 50:2,"“ Declare among the nations and proclaim, set up a banner and proclaim, conceal it not, and say: ‘ Babylon is taken, Bel is put to shame, Merodach is dismayed. Her images are put to shame, her idols are dismayed.’"
H8085,H8085G H9021,,,heard,Gen 3:10,"And he said, “I heard the sound of you in the garden, and I was afraid, because I was naked, and I hid myself.”"
H0241,H0241I H9003 H0428 H9009,,,them,Gen 20:8,So Abimelech rose early in the morning and called all his servants and told them all these things. And the men were very much afraid.
H8085,H8085G,to hear: hear,M41,heard,Gen 21:17,"And God heard the voice of the boy, and the angel of God called to Hagar from heaven and said to her, “What troubles you, Hagar? Fear not, for God has heard the voice of the boy where he is."
H8085,H8085G H3588A,,,heard,Gen 21:17,"And God heard the voice of the boy, and the angel of God called to Hagar from heaven and said to her, “What troubles you, Hagar? Fear not, for God has heard the voice of the boy where he is."
H8085,H8085G,to hear: hear,M41,hear,Deu 13:11,And all Israel shall hear and fear and never again do any such wickedness as this among you.
H8085,H8085G,to hear: hear,M41,hear,Deu 17:13,And all the people shall hear and fear and not act presumptuously again.
H8085,H8085G,to hear: hear,M41,hear,Deu 19:20,"And the rest shall hear and fear, and shall never again commit any such evil among you."
H8085,H8085G H9038,,,Hear,Deu 20:3,"and shall say to them, ‘ Hear, O Israel, today you are drawing near for battle against your enemies: let not your heart faint. Do not fear or panic or be in dread of them,"
H8085,H8085G,to hear: hear,M41,hear,Deu 21:21,"Then all the men of the city shall stone him to death with stones. So you shall purge the evil from your midst, and all Israel shall hear, and fear."
H8085,H8085G,to hear: hear,M41,heard,1Sa 7:7,"Now when the Philistines heard that the people of Israel had gathered at Mizpah, the lords of the Philistines went up against Israel. And when the people of Israel heard of it, they were afraid of the Philistines."
H8085,H8085H,to hear: obey,M41,obeyed,1Sa 15:24,"Saul said to Samuel, “I have sinned, for I have transgressed the commandment of the Lord and your words, because I feared the people and obeyed their voice."
H8085,H8085G H0859A,,,hear,1Ki 8:43,"hear in heaven your dwelling place and do according to all for which the foreigner calls to you, in order that all the peoples of the earth may know your name and fear you, as do your people Israel, and that they may know that this house that I have built is called by your name."
H8085,H8085G,to hear: hear,M41,heard,2Ki 19:6,"Isaiah said to them, “ Say to your master, ‘Thus says the Lord: Do not be afraid because of the words that you have heard, with which the servants of the king of Assyria have reviled me."
H8085,H8085G,to hear: hear,M41,heard,Neh 6:16,"And when all our enemies heard of it, all the nations around us were afraid and fell greatly in their own esteem, for they perceived that this work had been accomplished with the help of our God."
H8085,H8085I,to hear: proclaim,M41,uttered,Psa 76:8,"From the heavens you uttered judgment; the earth feared and was still,"
H8085,H8085G,to hear: hear,M41,heard,Isa 37:6,"Isaiah said to them, “ Say to your master, ‘ Thus says the Lord: Do not be afraid because of the words that you have heard, with which the young men of the king of Assyria have reviled me."
H8085,H8085G,to hear: hear,M41,heard,Jer 26:21,"And when King Jehoiakim, with all his warriors and all the officials, heard his words, the king sought to put him to death. But when Uriah heard of it, he was afraid and fled and escaped to Egypt."
H8085,H8085G H9033,,,heard,Jer 26:21,"And when King Jehoiakim, with all his warriors and all the officials, heard his words, the king sought to put him to death. But when Uriah heard of it, he was afraid and fled and escaped to Egypt."
H8085,H8085G H9009,,,heard,Jer 51:46,"Let not your heart faint, and be not fearful at the report heard in the land, when a report comes in one year and afterward a report in another year, and violence is in the land, and ruler is against ruler."
H8085,H8085G H9021,,,heard,Dan 10:12,"Then he said to me, “ Fear not, Daniel, for from the first day that you set your heart to understand and humbled yourself before your God, your words have been heard, and I have come because of your words."
H8085,H8085G,to hear: hear,M41,hear,Deu 4:10,"how on the day that you stood before the Lord your God at Horeb, the Lord said to me, ‘ Gather the people to me, that I may let them hear my words, so that they may learn to fear me all the days that they live on the earth, and that they may teach their children so.’"
H8085,H8085H H9023,,,obey,Deu 13:4,"You shall walk after the Lord your God and fear him and keep his commandments and obey his voice, and you shall serve him and hold fast to him."
H8085,H8085G,to hear: hear,M41,hear,Deu 31:12,"Assemble the people, men, women, and little ones, and the sojourner within your towns, that they may hear and learn to fear the Lord your God, and be careful to do all the words of this law,"
H8085,H8085G,to hear: hear,M41,hear,Deu 31:13,"and that their children, who have not known it, may hear and learn to fear the Lord your God, as long as you live in the land that you are going over the Jordan to possess.”"
H8085,H8085H,to hear: obey,M41,obeyed,Judg 6:10,"And I said to you, ‘ I am the Lord your God; you shall not fear the gods of the Amorites in whose land you dwell.’ But you have not obeyed my voice.”"
H8085,H8085H H0853 H9033,,,obey,1Sa 12:14,"If you will fear the Lord and serve him and obey his voice and not rebel against the commandment of the Lord, and if both you and the king who reigns over you will follow the Lord your God, it will be well."
H8085,H8085G,to hear: hear,M41,heard,1Ki 3:28,"And all Israel heard of the judgment that the king had rendered, and they stood in awe of the king, because they perceived that the wisdom of God was in him to do justice."
H8085,H8085G H0859A H9002,,,hear,2Ch 6:33,"hear from heaven your dwelling place and do according to all for which the foreigner calls to you, in order that all the peoples of the earth may know your name and fear you, as do your people Israel, and that they may know that this house that I have built is called by your name."
H0241,H0241G H1961,,,ear,Neh 1:11,"O Lord, let your ear be attentive to the prayer of your servant, and to the prayer of your servants who delight to fear your name, and give success to your servant today, and grant him mercy in the sight of this man.” Now I was cupbearer to the king."
H8085,H8085G,to hear: hear,M41,give ear,Psa 55:19,"God will give ear and humble them, he who is enthroned from of old, Selah because they do not change and do not fear God."
H8085,H8085G,to hear: hear,M41,heard,Ecc 12:13,"The end of the matter; all has been heard. Fear God and keep his commandments, for this is the whole duty of man."
H8085,H8085H,to hear: obey,M41,obeyed,Hag 1:12,"Then Zerubbabel the son of Shealtiel, and Joshua the son of Jehozadak, the high priest, with all the remnant of the people, obeyed the voice of the Lord their God, and the words of Haggai the prophet, as the Lord their God had sent him. And the people feared the Lord."
H8085,H8085I,to hear: proclaim,M41,told,Isa 44:8,"Fear not, nor be afraid; have I not told you from of old and declared it? And you are my witnesses! Is there a God besides me? There is no Rock; I know not any.”"
H8085,H8085G,to hear: hear,M41,hear,Jer 33:9,"And this city shall be to me a name of joy, a praise and a glory before all the nations of the earth who shall hear of all the good that I do for them. They shall fear and tremble because of all the good and all the prosperity I provide for it."
H8085,H8085G H9004 H1961,,,heard,Jer 36:16,"When they heard all the words, they turned one to another in fear. And they said to Baruch, “We must report all these words to the king.”"
H8085,H8085G H9009 H9023,,,heard,Jer 36:24,"Yet neither the king nor any of his servants who heard all these words was afraid, nor did they tear their garments."
H8085,H8085G H9003,,,heard,2Ch 20:29,And the fear of God came on all the kingdoms of the countries when they heard that the Lord had fought against the enemies of Israel.
H0241,H0241G H9003,,,ears,Job 15:21,Dreadful sounds are in his ears; in prosperity the destroyer will come upon him.
H8085,H8085G,to hear: hear,M41,Hear,Psa 64:1,"To the choirmaster. A Psalm of David. Hear my voice, O God, in my complaint; preserve my life from dread of the enemy."
H8085,H8085G,to hear: hear,M41,heard,Jer 30:5,"“ Thus says the Lord: We have heard a cry of panic, of terror, and no peace."
H8085,H8085G H9005 H9038,,,Hear,Num 20:10,"Then Moses and Aaron gathered the assembly together before the rock, and he said to them, “ Hear now, you rebels: shall we bring water for you out of this rock?”"
H8085,H8085G,to hear: hear,M41,listen,Deu 1:43,"So I spoke to you, and you would not listen; but you rebelled against the command of the Lord and presumptuously went up into the hill country."
H8085,H8085H,to hear: obey,M41,obey,Deu 9:23,"And when the Lord sent you from Kadesh-barnea, saying, ‘ Go up and take possession of the land that I have given you,’ then you rebelled against the commandment of the Lord your God and did not believe him or obey his voice."
H8085,H8085G,to hear: hear,M41,listen,Deu 21:18,"“ If a man has a stubborn and rebellious son who will not obey the voice of his father or the voice of his mother, and, though they discipline him, will not listen to them,"
H8085,H8085H H9043,,,obey,Deu 21:18,"“ If a man has a stubborn and rebellious son who will not obey the voice of his father or the voice of his mother, and, though they discipline him, will not listen to them,"
H8085,H8085H H9043,,,obey,Deu 21:20,"and they shall say to the elders of his city, ‘ This our son is stubborn and rebellious; he will not obey our voice; he is a glutton and a drunkard.’"
H8085,H8085H H9021 H3808 H9002,,,disobeys,Jos 1:18,"Whoever rebels against your commandment and disobeys your words, whatever you command him, shall be put to death. Only be strong and courageous.”"
H8085,H8085H,to hear: obey,M41,obey,1Sa 12:15,"But if you will not obey the voice of the Lord, but rebel against the commandment of the Lord, then the hand of the Lord will be against you and your king."
H8085,H8085G,to hear: hear,M41,heard,1Ki 13:26,"And when the prophet who had brought him back from the way heard of it, he said, “It is the man of God who disobeyed the word of the Lord; therefore the Lord has given him to the lion, which has torn him and killed him, according to the word that the Lord spoke to him.”"
H0241,H0241G H9005 H9030,,,ear,Isa 50:5,"The Lord God has opened my ear, and I was not rebellious; I turned not backward."
H8085,H8085G,to hear: hear,M41,hear,Lam 1:18,"“The Lord is in the right, for I have rebelled against his word; but hear, all you peoples, and see my suffering; my young women and my young men have gone into captivity."
H8085,H8085G,to hear: hear,M41,hear,Isa 30:9,"For they are a rebellious people, lying children, children unwilling to hear the instruction of the Lord;"
H8085,H8085G,to hear: hear,M41,hear,Eze 2:5,And whether they hear or refuse to hear ( for they are a rebellious house ) they will know that a prophet has been among them.
H8085,H8085G,to hear: hear,M41,hear,Eze 2:7,"And you shall speak my words to them, whether they hear or refuse to hear, for they are a rebellious house."
H8085,H8085G,to hear: hear,M41,hear,Eze 2:8,"“But you, son of man, hear what I say to you. Be not rebellious like that rebellious house; open your mouth and eat what I give you.”"
H8085,H8085G,to hear: hear,M41,hear,Eze 3:27,"But when I speak with you, I will open your mouth, and you shall say to them, ‘ Thus says the Lord God.’ He who will hear, let him hear; and he who will refuse to hear, let him refuse, for they are a rebellious house."
H8085,H8085G H9009,,,hear,Eze 3:27,"But when I speak with you, I will open your mouth, and you shall say to them, ‘ Thus says the Lord God.’ He who will hear, let him hear; and he who will refuse to hear, let him refuse, for they are a rebellious house."
H0241,H0241G,ear,T14,ears,Eze 12:2,"“ Son of man, you dwell in the midst of a rebellious house, who have eyes to see, but see not, who have ears to hear, but hear not, for they are a rebellious house."
H8085,H8085G,to hear: hear,M41,hear,Eze 12:2,"“ Son of man, you dwell in the midst of a rebellious house, who have eyes to see, but see not, who have ears to hear, but hear not, for they are a rebellious house."
H8085,H8085G H9005 H9005 H9038,,,hear,Eze 12:2,"“ Son of man, you dwell in the midst of a rebellious house, who have eyes to see, but see not, who have ears to hear, but hear not, for they are a rebellious house."
H8085,H8085H H9023,,,obey,Exo 23:21,"Pay careful attention to him and obey his voice; do not rebel against him, for he will not pardon your transgression, for my name is in him."
H8085,H8085G,to hear: hear,M41,heard,Jer 31:15,"Thus says the Lord: “A voice is heard in Ramah, lamentation and bitter weeping. Rachel is weeping for her children; she refuses to be comforted for her children, because they are no more.”"
G0191,G0191,to hear,T3,hears,2Cor 12:6,"though if I should wish to boast, I would not be a fool, for I would be speaking the truth; but I refrain from it, so that no one may think more of me than he sees in me or hears from me."
G0191,G0191,to hear,T3,heard,Mat 8:10,"When Jesus heard this, he marveled and said to those who followed him, “ Truly, I tell you, with no one in Israel have I found such faith."
G0191,G0191,to hear,T3,hear,Mat 10:27,"What I tell you in the dark, say in the light, and what you hear whispered, proclaim on the housetops."
G0191,G0191,to hear,T3,hear,Mat 11:4,"And Jesus answered them, “ Go and tell John what you hear and see:"
G0191,G0189 G0191,,,indeed hear,Mat 13:14,"Indeed, in their case the prophecy of Isaiah is fulfilled that says: “‘“You will indeed hear but never understand, and you will indeed see but never perceive.”"
G0191,G0191,to hear,T3,hear,Mat 13:17,"For truly, I say to you, many prophets and righteous people longed to see what you see, and did not see it, and to hear what you hear, and did not hear it."
G0191,G0191,to hear,T3,heard,Mat 15:12,"Then the disciples came and said to him, “Do you know that the Pharisees were offended when they heard this saying?”"
G0191,G0191,to hear,T3,listen,Mat 17:5,"He was still speaking when, behold, a bright cloud overshadowed them, and a voice from the cloud said, “ This is my beloved Son, with whom I am well pleased; listen to him.”"
G0191,G0191,to hear,T3,heard,Mat 19:25,"When the disciples heard this, they were greatly astonished, saying, “ Who then can be saved?”"
G0191,G0191,to hear,T3,heard,Mat 20:30,"And behold, there were two blind men sitting by the roadside, and when they heard that Jesus was passing by, they cried out, “ Lord, have mercy on us, Son of David!”"
G0191,G0191,to hear,T3,hear,Mat 21:16,"and they said to him, “Do you hear what these are saying?” And Jesus said to them, “ Yes; have you never read, “‘Out of the mouth of infants and nursing babies you have prepared praise ’?”"
G0191,G0191,to hear,T3,heard,Mat 21:45,"When the chief priests and the Pharisees heard his parables, they perceived that he was speaking about them."
G0191,G0191,to hear,T3,heard,Mat 26:65,"Then the high priest tore his robes and said, “He has uttered blasphemy. What further witnesses do we need? You have now heard his blasphemy."
G0191,G0191,to hear,T3,hear,Mat 27:13,"Then Pilate said to him, “Do you not hear how many things they testify against you?”"
G0191,G0191,to hear,T3,hearing,Mat 27:47,"And some of the bystanders, hearing it, said, “ This man is calling Elijah.”"
G0191,G0191,to hear,T3,heard,Mar 2:17,"And when Jesus heard it, he said to them, “Those who are well have no need of a physician, but those who are sick. I came not to call the righteous, but sinners.”"
G0191,G0191,to hear,T3,heard,Mar 3:21,"And when his family heard it, they went out to seize him, for they were saying, “He is out of his mind.”"
G0191,G0191,to hear,T3,hear,Mar 4:9,"And he said, “He who has ears to hear, let him hear.”"
G0191,G0191,to hear,T3,hear,Mar 4:24,"And he said to them, “Pay attention to what you hear: with the measure you use, it will be measured to you, and still more will be added to you."
G0191,G0191,to hear,T3,heard,Mar 6:2,"And on the Sabbath he began to teach in the synagogue, and many who heard him were astonished, saying, “ Where did this man get these things? What is the wisdom given to him? How are such mighty works done by his hands?"
G0191,G0191,to hear,T3,heard,Mar 6:14,"King Herod heard of it, for Jesus ’ name had become known. Some said, “ John the Baptist has been raised from the dead. That is why these miraculous powers are at work in him.”"
G0191,G0191,to hear,T3,Hear,Mar 7:14,"And he called the people to him again and said to them, “ Hear me, all of you, and understand:"
G0191,G0191,to hear,T3,hear,Mar 7:37,"And they were astonished beyond measure, saying, “He has done all things well. He even makes the deaf hear and the mute speak.”"
G0191,G0191,to hear,T3,listen,Mar 9:7,"And a cloud overshadowed them, and a voice came out of the cloud, “ This is my beloved Son; listen to him.”"
G0191,G0191,to hear,T3,heard,Mar 10:47,"And when he heard that it was Jesus of Nazareth, he began to cry out and say, “ Jesus, Son of David, have mercy on me!”"
G0191,G0191,to hear,T3,heard,Mar 14:58,"“ We heard him say, ‘ I will destroy this temple that is made with hands, and in three days I will build another, not made with hands.’”"
G0191,G0191,to hear,T3,hearing,Mar 15:35,"And some of the bystanders hearing it said, “ Behold, he is calling Elijah.”"
G0191,G0191,to hear,T3,heard,Luk 1:66,"and all who heard them laid them up in their hearts, saying, “ What then will this child be?” For the hand of the Lord was with him."
G0191,G0191,to hear,T3,hear,Luk 6:27,"“ But I say to you who hear, Love your enemies, do good to those who hate you,"
G0191,G0191,to hear,T3,heard,Luk 7:9,"When Jesus heard these things, he marveled at him, and turning to the crowd that followed him, said, “I tell you, not even in Israel have I found such faith.”"
G0191,G0191,to hear,T3,hear,Luk 8:8,"And some fell into good soil and grew and yielded a hundredfold.” As he said these things, he called out, “He who has ears to hear, let him hear.”"
G0191,G0191,to hear,T3,heard,Luk 9:7,"Now Herod the tetrarch heard about all that was happening, and he was perplexed, because it was said by some that John had been raised from the dead,"
G0191,G0191,to hear,T3,listen to,Luk 9:35,"And a voice came out of the cloud, saying, “ This is my Son, my Chosen One; listen to him!”"
G0191,G0191,to hear,T3,hear,Luk 10:24,"For I tell you that many prophets and kings desired to see what you see, and did not see it, and to hear what you hear, and did not hear it.”"
G0191,G0191,to hear,T3,hear,Luk 16:29,"But Abraham said, ‘They have Moses and the Prophets; let them hear them.’"
G0191,G0191,to hear,T3,Hear,Luk 18:6,"And the Lord said, “ Hear what the unrighteous judge says."
G0191,G0191,to hear,T3,heard,Joh 4:42,"They said to the woman, “It is no longer because of what you said that we believe, for we have heard for ourselves, and we know that this is indeed the Savior of the world.”"
G0191,G0191,to hear,T3,hears,Joh 5:24,"Truly, truly, I say to you, whoever hears my word and believes him who sent me has eternal life. He does not come into judgment, but has passed from death to life."
G0191,G0191,to hear,T3,hear,Joh 5:25,"“ Truly, truly, I say to you, an hour is coming, and is now here, when the dead will hear the voice of the Son of God, and those who hear will live."
G0191,G0191,to hear,T3,heard,Joh 7:40,"When they heard these words, some of the people said, “ This really is the Prophet.”"
G0191,G0191,to hear,T3,heard,Joh 8:26,"I have much to say about you and much to judge, but he who sent me is true, and I declare to the world what I have heard from him.”"
G0191,G0191,to hear,T3,listen,Joh 10:20,"Many of them said, “He has a demon, and is insane; why listen to him?”"
G0191,G0191,to hear,T3,heard,Joh 12:29,"The crowd that stood there and heard it said that it had thundered. Others said, “An angel has spoken to him.”"
G0191,G0191,to hear,T3,listens to,Joh 18:37,"Then Pilate said to him, “ So you are a king?” Jesus answered, “ You say that I am a king. For this purpose I was born and for this purpose I have come into the world — to bear witness to the truth. Everyone who is of the truth listens to my voice.”"
G0191,G0191,to hear,T3,heard,Joh 21:7,"That disciple whom Jesus loved therefore said to Peter, “It is the Lord!” When Simon Peter heard that it was the Lord, he put on his outer garment, for he was stripped for work, and threw himself into the sea."
G0191,G0191,to hear,T3,heard,Act 6:11,"Then they secretly instigated men who said, “We have heard him speak blasphemous words against Moses and God.”"
G0191,G0191,to hear,T3,heard,Act 6:14,for we have heard him say that this Jesus of Nazareth will destroy this place and will change the customs that Moses delivered to us.”
G0191,G0191,to hear,T3,heard,Act 8:6,"And the crowds with one accord paid attention to what was being said by Philip, when they heard him and saw the signs that he did."
G0191,G0191,to hear,T3,heard,Act 9:4,"And falling to the ground, he heard a voice saying to him, “ Saul, Saul, why are you persecuting me?”"
G0191,G0191,to hear,T3,heard,Act 9:21,"And all who heard him were amazed and said, “ Is not this the man who made havoc in Jerusalem of those who called upon this name? And has he not come here for this purpose, to bring them bound before the chief priests?”"
G0191,G0191,to hear,T3,heard,Act 11:7,"And I heard a voice saying to me, ‘ Rise, Peter; kill and eat.’"
G0191,G0191,to hear,T3,heard,Act 11:18,"When they heard these things they fell silent. And they glorified God, saying, “ Then to the Gentiles also God has granted repentance that leads to life.”"
G0191,G0191,to hear,T3,listen,Act 15:13,"After they finished speaking, James replied, “ Brothers, listen to me."
G0191,G0191,to hear,T3,hearing,Act 17:21,Now all the Athenians and the foreigners who lived there would spend their time in nothing except telling or hearing something new.
G0191,G0191,to hear,T3,hear,Act 19:26,"And you see and hear that not only in Ephesus but in almost all of Asia this Paul has persuaded and turned away a great many people, saying that gods made with hands are not gods."
G0191,G0191,to hear,T3,heard,Act 22:7,"And I fell to the ground and heard a voice saying to me, ‘ Saul, Saul, why are you persecuting me?’"
G0191,G0191,to hear,T3,listened,Act 22:22,"Up to this word they listened to him. Then they raised their voices and said, “Away with such a fellow from the earth! For he should not be allowed to live.”"
G0191,G0191,to hear,T3,heard,Act 26:14,"And when we had all fallen to the ground, I heard a voice saying to me in the Hebrew language, ‘ Saul, Saul, why are you persecuting me? It is hard for you to kick against the goads.’"
G0191,G0191,to hear,T3,heard,Rom 10:18,"But I ask, have they not heard? Indeed they have, for “ Their voice has gone out to all the earth, and their words to the ends of the world.”"
G0191,G0191,to hear,T3,listen to,Gal 4:21,"Tell me, you who desire to be under the law, do you not listen to the law?"
G0191,G0191,to hear,T3,hear,Heb 3:7,"Therefore, as the Holy Spirit says, “ Today, if you hear his voice,"
G0191,G0191,to hear,T3,hear,Heb 3:15,"As it is said, “ Today, if you hear his voice, do not harden your hearts as in the rebellion.”"
G0191,G0191,to hear,T3,hear,Heb 4:7,"again he appoints a certain day, “ Today,” saying through David so long afterward, in the words already quoted, “ Today, if you hear his voice, do not harden your hearts.”"
G1271,G1271,mind,M15,minds,Heb 8:10,"For this is the covenant that I will make with the house of Israel after those days, declares the Lord: I will put my laws into their minds, and write them on their hearts, and I will be their God, and they shall be my people."
G1271,G1271,mind,M15,minds,Heb 10:16,"“ This is the covenant that I will make with them after those days, declares the Lord: I will put my laws on their hearts, and write them on their minds,”"
G0191,G0191,to hear,T3,hear,Rev 2:7,"He who has an ear, let him hear what the Spirit says to the churches. To the one who conquers I will grant to eat of the tree of life, which is in the paradise of God.’"
G0191,G0191,to hear,T3,hear,Rev 2:11,"He who has an ear, let him hear what the Spirit says to the churches. The one who conquers will not be hurt by the second death.’"
G0191,G0191,to hear,T3,hear,Rev 2:17,"He who has an ear, let him hear what the Spirit says to the churches. To the one who conquers I will give some of the hidden manna, and I will give him a white stone, with a new name written on the stone that no one knows except the one who receives it.’"
G0191,G0191,to hear,T3,hear,Rev 2:29,"He who has an ear, let him hear what the Spirit says to the churches.’"
G0191,G0191,to hear,T3,hear,Rev 3:6,"He who has an ear, let him hear what the Spirit says to the churches.’"
G0191,G0191,to hear,T3,hear,Rev 3:13,"He who has an ear, let him hear what the Spirit says to the churches.’"
G0191,G0191,to hear,T3,hear,Rev 3:22,"He who has an ear, let him hear what the Spirit says to the churches.’”"
G0191,G0191,to hear,T3,heard,Rev 4:1,"After this I looked, and behold, a door standing open in heaven! And the first voice, which I had heard speaking to me like a trumpet, said, “Come up here, and I will show you what must take place after this.”"
G0191,G0191,to hear,T3,heard,Rev 5:13,"And I heard every creature in heaven and on earth and under the earth and in the sea, and all that is in them, saying, “To him who sits on the throne and to the Lamb be blessing and honor and glory and might forever and ever!”"
G0191,G0191,to hear,T3,heard,Rev 6:1,"Now I watched when the Lamb opened one of the seven seals, and I heard one of the four living creatures say with a voice like thunder, “ Come!”"
G0191,G0191,to hear,T3,heard,Rev 6:3,"When he opened the second seal, I heard the second living creature say, “ Come!”"
G0191,G0191,to hear,T3,heard,Rev 6:5,"When he opened the third seal, I heard the third living creature say, “ Come!” And I looked, and behold, a black horse! And its rider had a pair of scales in his hand."
G0191,G0191,to hear,T3,heard,Rev 6:6,"And I heard what seemed to be a voice in the midst of the four living creatures, saying, “A quart of wheat for a denarius, and three quarts of barley for a denarius, and do not harm the oil and wine!”"
G0191,G0191,to hear,T3,heard,Rev 6:7,"When he opened the fourth seal, I heard the voice of the fourth living creature say, “ Come!”"
G0191,G0191,to hear,T3,heard,Rev 8:13,"Then I looked, and I heard an eagle crying with a loud voice as it flew directly overhead, “ Woe, woe, woe to those who dwell on the earth, at the blasts of the other trumpets that the three angels are about to blow!”"
G0191,G0191,to hear,T3,heard,Rev 10:4,"And when the seven thunders had sounded, I was about to write, but I heard a voice from heaven saying, “ Seal up what the seven thunders have said, and do not write it down.”"
G0191,G0191,to hear,T3,heard,Rev 10:8,"Then the voice that I had heard from heaven spoke to me again, saying, “ Go, take the scroll that is open in the hand of the angel who is standing on the sea and on the land.”"
G0191,G0191,to hear,T3,heard,Rev 11:12,"Then they heard a loud voice from heaven saying to them, “Come up here!” And they went up to heaven in a cloud, and their enemies watched them."
G0191,G0191,to hear,T3,heard,Rev 14:13,"And I heard a voice from heaven saying, “ Write this: Blessed are the dead who die in the Lord from now on.” “Blessed indeed,” says the Spirit, “ that they may rest from their labors, for their deeds follow them!”"
G0191,G0191,to hear,T3,heard,Rev 16:5,"And I heard the angel in charge of the waters say, “ Just are you, O Holy One, who is and who was, for you brought these judgments."
G0191,G0191,to hear,T3,heard,Rev 16:7,"And I heard the altar saying, “ Yes, Lord God the Almighty, true and just are your judgments!”"
G0191,G0191,to hear,T3,heard,Rev 18:4,"Then I heard another voice from heaven saying, “ Come out of her, my people, lest you take part in her sins, lest you share in her plagues;"
G0191,G0191,to hear,T3,heard,Rev 19:1,"After this I heard what seemed to be the loud voice of a great multitude in heaven, crying out, “ Hallelujah! Salvation and glory and power belong to our God,"
G0191,G0191,to hear,T3,heard,Rev 19:6,"Then I heard what seemed to be the voice of a great multitude, like the roar of many waters and like the sound of mighty peals of thunder, crying out, “ Hallelujah! For the Lord our God the Almighty reigns."
G0191,G0191,to hear,T3,heard,Rev 21:3,"And I heard a loud voice from the throne saying, “ Behold, the dwelling place of God is with man. He will dwell with them, and they will be his people, and God himself will be with them as their God."
G0191,G0191,to hear,T3,hears,Rev 22:17,"The Spirit and the Bride say, “ Come.” And let the one who hears say, “ Come.” And let the one who is thirsty come; let the one who desires take the water of life without price."
H2803,H2803I,to devise: devise,M64,devised,Psa 10:2,In arrogance the wicked hotly pursue the poor; let them be caught in the schemes that they have devised.
H4209,H4209 H9003,,,schemes,Psa 10:2,In arrogance the wicked hotly pursue the poor; let them be caught in the schemes that they have devised.
H8085,H8085G,to hear: hear,M41,heard,Jer 48:29,"We have heard of the pride of Moab — he is very proud — of his loftiness, his pride, and his arrogance, and the haughtiness of his heart."
H0241,H0241G H9003,,,ears,2Sa 7:22,"Therefore you are great, O Lord God. For there is none like you, and there is no God besides you, according to all that we have heard with our ears."
H8085,H8085G,to hear: hear,M41,heard,2Sa 7:22,"Therefore you are great, O Lord God. For there is none like you, and there is no God besides you, according to all that we have heard with our ears."
H8085,H8085H H9020,,,obey,2Ki 10:6,"Then he wrote to them a second letter, saying, “ If you are on my side, and if you are ready to obey me, take the heads of your master’s sons and come to me at Jezreel tomorrow at this time.” Now the king’s sons, seventy persons, were with the great men of the city, who were bringing them up."
H4284,H4284,plot,M06,thoughts,Psa 92:5,"How great are your works, O Lord! Your thoughts are very deep!"
H8085,H8085G,to hear: hear,M41,Hear,Isa 1:2,"Hear, O heavens, and give ear, O earth; for the Lord has spoken: “ Children have I reared and brought up, but they have rebelled against me."
H8085,H8085G,to hear: hear,M41,heard,Eze 35:13,"And you magnified yourselves against me with your mouth, and multiplied your words against me; I heard it."
H8085,H8085G,to hear: hear,M41,heard,Zep 2:8,"“I have heard the taunts of Moab and the revilings of the Ammonites, how they have taunted my people and made boasts against their territory."
H0241,H0241H H9003,,,hearing,Gen 23:13,"And he said to Ephron in the hearing of the people of the land, “But if you will, hear me: I give the price of the field. Accept it from me, that I may bury my dead there.”"
H8085,H8085G,to hear: hear,M41,hear,Gen 23:13,"And he said to Ephron in the hearing of the people of the land, “But if you will, hear me: I give the price of the field. Accept it from me, that I may bury my dead there.”"
H8085,H8085G H9004 H9002 H9023,,,heard,Gen 24:30,"As soon as he saw the ring and the bracelets on his sister’s arms, and heard the words of Rebekah his sister, “ Thus the man spoke to me,” he went to the man. And behold, he was standing by the camels at the spring."
H8085,H8085G,to hear: hear,M41,listening,Gen 27:5,"Now Rebekah was listening when Isaac spoke to his son Esau. So when Esau went to the field to hunt for game and bring it,"
H8085,H8085G H9024 H9005 H2009,,,heard,Gen 27:6,"Rebekah said to her son Jacob, “I heard your father speak to your brother Esau,"
H8085,H8085G,to hear: hear,M41,listen,Gen 39:10,"And as she spoke to Joseph day after day, he would not listen to her, to lie beside her or to be with her."
H0241,H0241I H9003 H4994,,,ears,Gen 50:4,"And when the days of weeping for him were past, Joseph spoke to the household of Pharaoh, saying, “ If now I have found favor in your eyes, please speak in the ears of Pharaoh, saying,"
H8085,H8085G,to hear: hear,M41,listened,Exo 6:12,"But Moses said to the Lord, “Behold, the people of Israel have not listened to me. How then shall Pharaoh listen to me, for I am of uncircumcised lips?”"
H8085,H8085G H0413 H9030 H0349A H9002,,,listen,Exo 6:12,"But Moses said to the Lord, “Behold, the people of Israel have not listened to me. How then shall Pharaoh listen to me, for I am of uncircumcised lips?”"
H8085,H8085G H9002,,,listen,Exo 7:13,"Still Pharaoh’s heart was hardened, and he would not listen to them, as the Lord had said."
H8085,H8085G H9002,,,listen,Exo 7:22,"But the magicians of Egypt did the same by their secret arts. So Pharaoh’s heart remained hardened, and he would not listen to them, as the Lord had said."
H8085,H8085G,to hear: hear,M41,listen,Exo 8:15,"But when Pharaoh saw that there was a respite, he hardened his heart and would not listen to them, as the Lord had said."
H8085,H8085G,to hear: hear,M41,listen,Exo 8:19,"Then the magicians said to Pharaoh, “ This is the finger of God.” But Pharaoh’s heart was hardened, and he would not listen to them, as the Lord had said."
H8085,H8085G,to hear: hear,M41,listen,Exo 9:12,"But the Lord hardened the heart of Pharaoh, and he did not listen to them, as the Lord had spoken to Moses."
H0241,H0241H H9003,,,hearing,Exo 11:2,"Speak now in the hearing of the people, that they ask, every man of his neighbor and every woman of her neighbor, for silver and gold jewelry.”"
H8085,H8085G,to hear: hear,M41,heard,Exo 16:12,"“I have heard the grumbling of the people of Israel. Say to them, ‘ At twilight you shall eat meat, and in the morning you shall be filled with bread. Then you shall know that I am the Lord your God.’”"
H8085,H8085G H5668 H9003,,,hear,Exo 19:9,"And the Lord said to Moses, “ Behold, I am coming to you in a thick cloud, that the people may hear when I speak with you, and may also believe you forever.” When Moses told the words of the people to the Lord,"
H8085,H8085G H0859A H5973A H9035,,,listen,Exo 20:19,"and said to Moses, “You speak to us, and we will listen; but do not let God speak to us, lest we die.”"
H8085,H8085H,to hear: obey,M41,carefully,Exo 23:22,"“But if you carefully obey his voice and do all that I say, then I will be an enemy to your enemies and an adversary to your adversaries."
H8085,H8085H,to hear: obey,M41,obey,Exo 23:22,"“But if you carefully obey his voice and do all that I say, then I will be an enemy to your enemies and an adversary to your adversaries."
H0241,H0241H H9003,,,hearing,Exo 24:7,"Then he took the Book of the Covenant and read it in the hearing of the people. And they said, “ All that the Lord has spoken we will do, and we will be obedient.”"
H8085,H8085H,to hear: obey,M41,obedient,Exo 24:7,"Then he took the Book of the Covenant and read it in the hearing of the people. And they said, “ All that the Lord has spoken we will do, and we will be obedient.”"
H8085,H8085G H9033,,,heard,Num 7:89,"And when Moses went into the tent of meeting to speak with the Lord, he heard the voice speaking to him from above the mercy seat that was on the ark of the testimony, from between the two cherubim; and it spoke to him."
H8085,H8085G,to hear: hear,M41,heard,Num 12:2,"And they said, “Has the Lord indeed spoken only through Moses? Has he not spoken through us also?” And the Lord heard it."
H8085,H8085G H4994,,,Hear,Num 12:6,"And he said, “ Hear my words: If there is a prophet among you, I the Lord make myself known to him in a vision; I speak with him in a dream."
H0241,H0241H H9003,,,hearing,Num 14:28,"Say to them, ‘As I live, declares the Lord, what you have said in my hearing I will do to you:"
H8085,H8085G,to hear: hear,M41,heard,Deu 4:12,"Then the Lord spoke to you out of the midst of the fire. You heard the sound of words, but saw no form; there was only a voice."
H0241,H0241H H9003,,,hearing,Deu 5:1,"And Moses summoned all Israel and said to them, “ Hear, O Israel, the statutes and the rules that I speak in your hearing today, and you shall learn them and be careful to do them."
H8085,H8085G H9038,,,Hear,Deu 5:1,"And Moses summoned all Israel and said to them, “ Hear, O Israel, the statutes and the rules that I speak in your hearing today, and you shall learn them and be careful to do them."
H8085,H8085G H0859A,,,hear,Deu 5:27,"Go near and hear all that the Lord our God will say, and speak to us all that the Lord our God will speak to you, and we will hear and do it.’"
H8085,H8085G H9025 H9031,,,hear,Deu 5:27,"Go near and hear all that the Lord our God will say, and speak to us all that the Lord our God will speak to you, and we will hear and do it.’"
H8085,H8085G,to hear: hear,M41,heard,Deu 5:28,"“And the Lord heard your words, when you spoke to me. And the Lord said to me, ‘I have heard the words of this people, which they have spoken to you. They are right in all that they have spoken."
H8085,H8085G H9030,,,heard,Deu 5:28,"“And the Lord heard your words, when you spoke to me. And the Lord said to me, ‘I have heard the words of this people, which they have spoken to you. They are right in all that they have spoken."
H8085,H8085G,to hear: hear,M41,listen,Deu 18:19,"And whoever will not listen to my words that he shall speak in my name, I myself will require it of him."
H8085,H8085G,to hear: hear,M41,hear,Deu 27:9,"Then Moses and the Levitical priests said to all Israel, “Keep silence and hear, O Israel: this day you have become the people of the Lord your God."
H0241,H0241I H9003,,,ears,Deu 31:28,"Assemble to me all the elders of your tribes and your officers, that I may speak these words in their ears and call heaven and earth to witness against them."
H0241,H0241I H9003,,,ears,Deu 31:30,"Then Moses spoke the words of this song until they were finished, in the ears of all the assembly of Israel:"
H8085,H8085G,to hear: hear,M41,hear,Deu 32:1,"“Give ear, O heavens, and I will speak, and let the earth hear the words of my mouth."
H8085,H8085G,to hear: hear,M41,heard,Jos 14:12,"So now give me this hill country of which the Lord spoke on that day, for you heard on that day how the Anakim were there, with great fortified cities. It may be that the Lord will be with me, and I shall drive them out just as the Lord said.”"
H0241,H0241I H9003,,,to,Jos 20:4,"He shall flee to one of these cities and shall stand at the entrance of the gate of the city and explain his case to the elders of that city. Then they shall take him into the city and give him a place, and he shall remain with them."
H8085,H8085G,to hear: hear,M41,heard,Jos 22:30,"When Phinehas the priest and the chiefs of the congregation, the heads of the families of Israel who were with him, heard the words that the people of Reuben and the people of Gad and the people of Manasseh spoke, it was good in their eyes."
H8085,H8085G H3588A,,,heard,Jos 24:27,"And Joshua said to all the people, “Behold, this stone shall be a witness against us, for it has heard all the words of the Lord that he spoke to us. Therefore it shall be a witness against you, lest you deal falsely with your God.”"
H8085,H8085G,to hear: hear,M41,hear,Judg 7:11,"And you shall hear what they say, and afterward your hands shall be strengthened to go down against the camp.” Then he went down with Purah his servant to the outposts of the armed men who were in the camp."
H0241,H0241I H9003 H4994,,,ears,Judg 9:2,"“ Say in the ears of all the leaders of Shechem, ‘Which is better for you, that all seventy of the sons of Jerubbaal rule over you, or that one rule over you?’ Remember also that I am your bone and your flesh.”"
H0241,H0241I H9003 H9033,,,ears,Judg 9:3,"And his mother’s relatives spoke all these words on his behalf in the ears of all the leaders of Shechem, and their hearts inclined to follow Abimelech, for they said, “ He is our brother.”"
H8085,H8085G,to hear: hear,M41,heard,Judg 20:3,"(Now the people of Benjamin heard that the people of Israel had gone up to Mizpah.) And the people of Israel said, “ Tell us, how did this evil happen?”"
H2803,H2803J,to devise: think,M15,took her,1Sa 1:13,"Hannah was speaking in her heart; only her lips moved, and her voice was not heard. Therefore Eli took her to be a drunken woman."
H8085,H8085G H9024,,,heard,1Sa 1:13,"Hannah was speaking in her heart; only her lips moved, and her voice was not heard. Therefore Eli took her to be a drunken woman."
H8085,H8085G H3588A,,,hears,1Sa 3:9,"Therefore Eli said to Samuel, “ Go, lie down, and if he calls you, you shall say, ‘ Speak, Lord, for your servant hears.’” So Samuel went and lay down in his place."
H8085,H8085G H3588A,,,hears,1Sa 3:10,"And the Lord came and stood, calling as at other times, “ Samuel! Samuel!” And Samuel said, “ Speak, for your servant hears.”"
H0241,H0241I H9003 H9038,,,ears,1Sa 8:21,"And when Samuel had heard all the words of the people, he repeated them in the ears of the Lord."
H8085,H8085G,to hear: hear,M41,heard,1Sa 8:21,"And when Samuel had heard all the words of the people, he repeated them in the ears of the Lord."
H0241,H0241I H9003,,,ears,1Sa 11:4,"When the messengers came to Gibeah of Saul, they reported the matter in the ears of the people, and all the people wept aloud."
H8085,H8085G,to hear: hear,M41,heard,1Sa 17:23,"As he talked with them, behold, the champion, the Philistine of Gath, Goliath by name, came up out of the ranks of the Philistines and spoke the same words as before. And David heard him."
H8085,H8085G,to hear: hear,M41,heard,1Sa 17:31,"When the words that David spoke were heard, they repeated them before Saul, and he sent for him."
H0241,H0241I H9003,,,ears,1Sa 18:23,"And Saul’s servants spoke those words in the ears of David. And David said, “Does it seem to you a little thing to become the king’s son-in-law, since I am a poor man and have no reputation?”"
H0241,H0241I H9003 H9021,,,ears,1Sa 25:24,"She fell at his feet and said, “On me alone, my lord, be the guilt. Please let your servant speak in your ears, and hear the words of your servant."
H8085,H8085G H9021,,,hear,1Sa 25:24,"She fell at his feet and said, “On me alone, my lord, be the guilt. Please let your servant speak in your ears, and hear the words of your servant."
H8085,H8085G,to hear: hear,M41,heard,1Sa 25:39,"When David heard that Nabal was dead, he said, “ Blessed be the Lord who has avenged the insult I received at the hand of Nabal, and has kept back his servant from wrongdoing. The Lord has returned the evil of Nabal on his own head.” Then David sent and spoke to Abigail, to take her as his wife."
H8085,H8085G H9020,,,listened,1Sa 28:21,"And the woman came to Saul, and when she saw that he was terrified, she said to him, “ Behold, your servant has obeyed you. I have taken my life in my hand and have listened to what you have said to me."
H8085,H8085H,to hear: obey,M41,obeyed,1Sa 28:21,"And the woman came to Saul, and when she saw that he was terrified, she said to him, “ Behold, your servant has obeyed you. I have taken my life in my hand and have listened to what you have said to me."
H0241,H0241I H9003,,,to,2Sa 3:19,Abner also spoke to Benjamin. And then Abner went to tell David at Hebron all that Israel and the whole house of Benjamin thought good to do.
H0241,H1696G H9005 H0241I,,,tell,2Sa 3:19,Abner also spoke to Benjamin. And then Abner went to tell David at Hebron all that Israel and the whole house of Benjamin thought good to do.
H8085,H8085G,to hear: hear,M41,Listen,2Sa 20:16,"Then a wise woman called from the city, “ Listen! Listen! Tell Joab, ‘ Come here, that I may speak to you.’”"
H8085,H8085G,to hear: hear,M41,listen,1Ki 12:15,"So the king did not listen to the people, for it was a turn of affairs brought about by the Lord that he might fulfill his word, which the Lord spoke by Ahijah the Shilonite to Jeroboam the son of Nebat."
H8085,H8085G,to hear: hear,M41,Hear,1Ki 22:28,"And Micaiah said, “ If you return in peace, the Lord has not spoken by me.” And he said, “ Hear, all you peoples!”"
H0241,H0241H H9003,,,hearing,2Ki 18:26,"Then Eliakim the son of Hilkiah, and Shebnah, and Joah, said to the Rabshakeh, “ Please speak to your servants in Aramaic, for we understand it. Do not speak to us in the language of Judah within the hearing of the people who are on the wall.”"
H8085,H8085J H3588A,,,understand,2Ki 18:26,"Then Eliakim the son of Hilkiah, and Shebnah, and Joah, said to the Rabshakeh, “ Please speak to your servants in Aramaic, for we understand it. Do not speak to us in the language of Judah within the hearing of the people who are on the wall.”"
H8085,H8085G,to hear: hear,M41,Hear,2Ki 18:28,"Then the Rabshakeh stood and called out in a loud voice in the language of Judah: “ Hear the word of the great king, the king of Assyria!"
H8085,H8085G H9003,,,heard,2Ki 22:19,"because your heart was penitent, and you humbled yourself before the Lord, when you heard how I spoke against this place and against its inhabitants, that they should become a desolation and a curse, and you have torn your clothes and wept before me, I also have heard you, declares the Lord."
H8085,H8085G H9020 H1571 H9002,,,heard,2Ki 22:19,"because your heart was penitent, and you humbled yourself before the Lord, when you heard how I spoke against this place and against its inhabitants, that they should become a desolation and a curse, and you have torn your clothes and wept before me, I also have heard you, declares the Lord."
H8085,H8085G,to hear: hear,M41,heard,2Ch 9:1,"Now when the queen of Sheba heard of the fame of Solomon, she came to Jerusalem to test him with hard questions, having a very great retinue and camels bearing spices and very much gold and precious stones. And when she came to Solomon, she told him all that was on her mind."
H8085,H8085G,to hear: hear,M41,listen,2Ch 10:15,"So the king did not listen to the people, for it was a turn of affairs brought about by God that the Lord might fulfill his word, which he spoke by Ahijah the Shilonite to Jeroboam the son of Nebat."
H8085,H8085G,to hear: hear,M41,Hear,2Ch 18:27,"And Micaiah said, “ If you return in peace, the Lord has not spoken by me.” And he said, “ Hear, all you peoples!”"
H8085,H8085G,to hear: hear,M41,listened,2Ch 25:16,"But as he was speaking, the king said to him, “Have we made you a royal counselor? Stop! Why should you be struck down?” So the prophet stopped, but said, “I know that God has determined to destroy you, because you have done this and have not listened to my counsel.”"
H7181,H7181,to listen,M41,attention,2Ch 33:10,"The Lord spoke to Manasseh and to his people, but they paid no attention."
H2803,H2803G H9023,,,devised,Est 8:3,Then Esther spoke again to the king. She fell at his feet and wept and pleaded with him to avert the evil plan of Haman the Agagite and the plot that he had devised against the Jews.
H4284,H4284 H0853 H9002,,,plot,Est 8:3,Then Esther spoke again to the king. She fell at his feet and wept and pleaded with him to avert the evil plan of Haman the Agagite and the plot that he had devised against the Jews.
H7181,H7181,to listen,M41,Pay attention,Job 33:31,"Pay attention, O Job, listen to me; be silent, and I will speak."
H8085,H8085G,to hear: hear,M41,listen,Job 33:31,"Pay attention, O Job, listen to me; be silent, and I will speak."
H8085,H8085G H4994,,,Hear,Job 42:4,"‘ Hear, and I will speak; I will question you, and you make it known to me.’"
H2803,H2803G H9013,,,devise,Psa 35:20,"For they do not speak peace, but against those who are quiet in the land they devise words of deceit."
H4284,H4284 H9002 H9021,,,thoughts,Psa 40:5,"You have multiplied, O Lord my God, your wondrous deeds and your thoughts toward us; none can compare with you! I will proclaim and tell of them, yet they are more than can be told."
H8085,H8085G,to hear: hear,M41,Hear,Psa 50:7,"“ Hear, O my people, and I will speak; O Israel, I will testify against you. I am God, your God."
H8085,H8085G,to hear: hear,M41,heard,Psa 62:11,"Once God has spoken; twice have I heard this: that power belongs to God,"
H8085,H8085G,to hear: hear,M41,hear,Psa 85:8,"Let me hear what God the Lord will speak, for he will speak peace to his people, to his saints; but let them not turn back to folly."
H8085,H8085G,to hear: hear,M41,Hear,Pro 8:6,"Hear, for I will speak noble things, and from my lips will come what is right,"
H8085,H8085G,to hear: hear,M41,hears,Pro 21:28,"A false witness will perish, but the word of a man who hears will endure."
H0241,H0241H H9003,,,hearing,Pro 23:9,"Do not speak in the hearing of a fool, for he will despise the good sense of your words."
H0241,H0241G,ear,T14,ear,Ecc 1:8,"All things are full of weariness; a man cannot utter it; the eye is not satisfied with seeing, nor the ear filled with hearing."
H8085,H8085G H9006,,,hearing,Ecc 1:8,"All things are full of weariness; a man cannot utter it; the eye is not satisfied with seeing, nor the ear filled with hearing."
H8085,H8085G H9021 H0834A H3808,,,hear,Ecc 7:21,"Do not take to heart all the things that people say, lest you hear your servant cursing you."
H0241,H0241G,ear,T14,ears,Isa 33:15,"He who walks righteously and speaks uprightly, who despises the gain of oppressions, who shakes his hands, lest they hold a bribe, who stops his ears from hearing of bloodshed and shuts his eyes from looking on evil,"
H8085,H8085G H9006 H9023,,,hearing,Isa 33:15,"He who walks righteously and speaks uprightly, who despises the gain of oppressions, who shakes his hands, lest they hold a bribe, who stops his ears from hearing of bloodshed and shuts his eyes from looking on evil,"
H0241,H0241H H9003,,,hearing,Isa 36:11,"Then Eliakim, Shebna, and Joah said to the Rabshakeh, “ Please speak to your servants in Aramaic, for we understand it. Do not speak to us in the language of Judah within the hearing of the people who are on the wall.”"
H8085,H8085J,to hear: understand,M41,understand,Isa 36:11,"Then Eliakim, Shebna, and Joah said to the Rabshakeh, “ Please speak to your servants in Aramaic, for we understand it. Do not speak to us in the language of Judah within the hearing of the people who are on the wall.”"
H8085,H8085G H9030,,,hear,Isa 48:16,"Draw near to me, hear this: from the beginning I have not spoken in secret, from the time it came to be I have been there.” And now the Lord God has sent me, and his Spirit."
H8085,H8085G,to hear: hear,M41,listen,Isa 65:12,"I will destine you to the sword, and all of you shall bow down to the slaughter, because, when I called, you did not answer; when I spoke, you did not listen, but you did what was evil in my eyes and chose what I did not delight in.”"
H8085,H8085G H9002,,,hear,Isa 65:24,Before they call I will answer; while they are yet speaking I will hear.
H8085,H8085G,to hear: hear,M41,listen,Isa 66:4,"I also will choose harsh treatment for them and bring their fears upon them, because when I called, no one answered, when I spoke, they did not listen; but they did what was evil in my eyes and chose that in which I did not delight.”"
H8085,H8085J,to hear: understand,M41,understand,Jer 5:15,"Behold, I am bringing against you a nation from afar, O house of Israel, declares the Lord. It is an enduring nation; it is an ancient nation, a nation whose language you do not know, nor can you understand what they say."
H0241,H0241G,ear,T14,ears,Jer 6:10,"To whom shall I speak and give warning, that they may hear? Behold, their ears are uncircumcised, they cannot listen; behold, the word of the Lord is to them an object of scorn; they take no pleasure in it."
H7181,H7181 H9005,,,listen,Jer 6:10,"To whom shall I speak and give warning, that they may hear? Behold, their ears are uncircumcised, they cannot listen; behold, the word of the Lord is to them an object of scorn; they take no pleasure in it."
H8085,H8085G,to hear: hear,M41,hear,Jer 6:10,"To whom shall I speak and give warning, that they may hear? Behold, their ears are uncircumcised, they cannot listen; behold, the word of the Lord is to them an object of scorn; they take no pleasure in it."
H8085,H8085G,to hear: hear,M41,listen,Jer 7:13,"And now, because you have done all these things, declares the Lord, and when I spoke to you persistently you did not listen, and when I called you, you did not answer,"
H8085,H8085G,to hear: hear,M41,listen,Jer 7:27,"“So you shall speak all these words to them, but they will not listen to you. You shall call to them, but they will not answer you."
H7181,H7181,to listen,M41,attention,Jer 8:6,"I have paid attention and listened, but they have not spoken rightly; no man relents of his evil, saying, ‘ What have I done?’ Everyone turns to his own course, like a horse plunging headlong into battle."
H8085,H8085G,to hear: hear,M41,listened,Jer 8:6,"I have paid attention and listened, but they have not spoken rightly; no man relents of his evil, saying, ‘ What have I done?’ Everyone turns to his own course, like a horse plunging headlong into battle."
H8085,H8085G,to hear: hear,M41,Hear,Jer 10:1,"Hear the word that the Lord speaks to you, O house of Israel."
H8085,H8085G,to hear: hear,M41,Hear,Jer 11:2,"“ Hear the words of this covenant, and speak to the men of Judah and the inhabitants of Jerusalem."
H8085,H8085G,to hear: hear,M41,Hear,Jer 13:15,"Hear and give ear; be not proud, for the Lord has spoken."
H8085,H8085G,to hear: hear,M41,listen,Jer 22:21,"I spoke to you in your prosperity, but you said, ‘I will not listen.’ This has been your way from your youth, that you have not obeyed my voice."
H8085,H8085H,to hear: obey,M41,obeyed,Jer 22:21,"I spoke to you in your prosperity, but you said, ‘I will not listen.’ This has been your way from your youth, that you have not obeyed my voice."
H8085,H8085G,to hear: hear,M41,listen,Jer 23:16,"Thus says the Lord of hosts: “Do not listen to the words of the prophets who prophesy to you, filling you with vain hopes. They speak visions of their own minds, not from the mouth of the Lord."
H8085,H8085G,to hear: hear,M41,listened,Jer 25:3,"“For twenty-three years, from the thirteenth year of Josiah the son of Amon, king of Judah, to this day, the word of the Lord has come to me, and I have spoken persistently to you, but you have not listened."
H8085,H8085G,to hear: hear,M41,heard,Jer 26:7,The priests and the prophets and all the people heard Jeremiah speaking these words in the house of the Lord.
H0241,H0241G H9003,,,ears,Jer 26:15,"Only know for certain that if you put me to death, you will bring innocent blood upon yourselves and upon this city and its inhabitants, for in truth the Lord sent me to you to speak all these words in your ears.”"
H8085,H8085G,to hear: hear,M41,listen,Jer 27:16,"Then I spoke to the priests and to all this people, saying, “ Thus says the Lord: Do not listen to the words of your prophets who are prophesying to you, saying, ‘ Behold, the vessels of the Lord’s house will now shortly be brought back from Babylon,’ for it is a lie that they are prophesying to you."
H0241,H0241H H9003,,,hearing,Jer 28:7,Yet hear now this word that I speak in your hearing and in the hearing of all the people.
H0241,H0241H H9003 H9002 H9021,,,hearing,Jer 28:7,Yet hear now this word that I speak in your hearing and in the hearing of all the people.
H8085,H8085G,to hear: hear,M41,hear,Jer 28:7,Yet hear now this word that I speak in your hearing and in the hearing of all the people.
H8085,H8085G,to hear: hear,M41,listened,Jer 35:14,"The command that Jonadab the son of Rechab gave to his sons, to drink no wine, has been kept, and they drink none to this day, for they have obeyed their father’s command. I have spoken to you persistently, but you have not listened to me."
H8085,H8085H,to hear: obey,M41,obeyed,Jer 35:14,"The command that Jonadab the son of Rechab gave to his sons, to drink no wine, has been kept, and they drink none to this day, for they have obeyed their father’s command. I have spoken to you persistently, but you have not listened to me."
H8085,H3808 H9002 H8085G,,,listened,Jer 37:2,But neither he nor his servants nor the people of the land listened to the words of the Lord that he spoke through Jeremiah the prophet.
H8085,H8085G,to hear: hear,M41,heard,Jer 38:1,"Now Shephatiah the son of Mattan, Gedaliah the son of Pashhur, Jucal the son of Shelemiah, and Pashhur the son of Malchiah heard the words that Jeremiah was saying to all the people:"
H8085,H8085G,to hear: hear,M41,hear,Jer 38:25,"If the officials hear that I have spoken with you and come to you and say to you, ‘ Tell us what you said to the king and what the king said to you; hide nothing from us and we will not put you to death,’"
H8085,H8085H,to hear: obey,M41,obey,Jer 40:3,"The Lord has brought it about, and has done as he said. Because you sinned against the Lord and did not obey his voice, this thing has come upon you."
H8085,H8085G H9045,,,listen,Jer 44:16,"“As for the word that you have spoken to us in the name of the Lord, we will not listen to you."
H8085,H8085G H9020,,,heard,Eze 1:28,"Like the appearance of the bow that is in the cloud on the day of rain, so was the appearance of the brightness all around. Such was the appearance of the likeness of the glory of the Lord. And when I saw it, I fell on my face, and I heard the voice of one speaking."
H8085,H8085G H9020,,,heard,Eze 2:2,"And as he spoke to me, the Spirit entered into me and set me on my feet, and I heard him speaking to me."
H0241,H0241G H9003 H9002 H9021,,,ears,Eze 3:10,"Moreover, he said to me, “ Son of man, all my words that I shall speak to you receive in your heart, and hear with your ears."
H8085,H8085G H9021,,,hear,Eze 3:10,"Moreover, he said to me, “ Son of man, all my words that I shall speak to you receive in your heart, and hear with your ears."
H8085,H8085G,to hear: hear,M41,hear,Eze 3:11,"And go to the exiles, to your people, and speak to them and say to them, ‘ Thus says the Lord God,’ whether they hear or refuse to hear.”"
H8085,H8085G,to hear: hear,M41,heard,Eze 10:5,"And the sound of the wings of the cherubim was heard as far as the outer court, like the voice of God Almighty when he speaks."
H8085,H8085G H4994,,,hear,Eze 33:30,"“As for you, son of man, your people who talk together about you by the walls and at the doors of the houses say to one another, each to his brother, ‘ Come, and hear what the word is that comes from the Lord.’"
H0241,H0241G H9003 H9002 H9021,,,ears,Eze 40:4,"And the man said to me, “ Son of man, look with your eyes, and hear with your ears, and set your heart upon all that I shall show you, for you were brought here in order that I might show it to you. Declare all that you see to the house of Israel.”"
H8085,H8085G H9021,,,hear,Eze 40:4,"And the man said to me, “ Son of man, look with your eyes, and hear with your ears, and set your heart upon all that I shall show you, for you were brought here in order that I might show it to you. Declare all that you see to the house of Israel.”"
H8085,H8085G,to hear: hear,M41,heard,Eze 43:6,"While the man was standing beside me, I heard one speaking to me out of the temple,"
H0241,H0241G H9003 H9002 H9021,,,ears,Eze 44:5,"And the Lord said to me, “ Son of man, mark well, see with your eyes, and hear with your ears all that I shall tell you concerning all the statutes of the temple of the Lord and all its laws. And mark well the entrance to the temple and all the exits from the sanctuary."
H8085,H8085G H9021,,,hear,Eze 44:5,"And the Lord said to me, “ Son of man, mark well, see with your eyes, and hear with your ears all that I shall tell you concerning all the statutes of the temple of the Lord and all its laws. And mark well the entrance to the temple and all the exits from the sanctuary."
H8085,H8085G,to hear: hear,M41,heard,Dan 8:13,"Then I heard a holy one speaking, and another holy one said to the one who spoke, “For how long is the vision concerning the regular burnt offering, the transgression that makes desolate, and the giving over of the sanctuary and host to be trampled underfoot?”"
H8085,H8085G,to hear: hear,M41,listened,Dan 9:6,"We have not listened to your servants the prophets, who spoke in your name to our kings, our princes, and our fathers, and to all the people of the land."
H8085,H8085G,to hear: hear,M41,Hear,Amo 3:1,"Hear this word that the Lord has spoken against you, O people of Israel, against the whole family that I brought up out of the land of Egypt:"
H2803,H2803H H9002 H9005,,,esteemed,Mal 3:16,"Then those who feared the Lord spoke with one another. The Lord paid attention and heard them, and a book of remembrance was written before him of those who feared the Lord and esteemed his name."
H7181,H7181 H9023,,,attention,Mal 3:16,"Then those who feared the Lord spoke with one another. The Lord paid attention and heard them, and a book of remembrance was written before him of those who feared the Lord and esteemed his name."
H8085,H8085G,to hear: hear,M41,heard,Mal 3:16,"Then those who feared the Lord spoke with one another. The Lord paid attention and heard them, and a book of remembrance was written before him of those who feared the Lord and esteemed his name."
H8085,H8085G H9005,,,heard,2Ch 5:13,"and it was the duty of the trumpeters and singers to make themselves heard in unison in praise and thanksgiving to the Lord ), and when the song was raised, with trumpets and cymbals and other musical instruments, in praise to the Lord, “ For he is good, for his steadfast love endures forever,” the house, the house of the Lord, was filled with a cloud,"
H8085,H8085G,to hear: hear,M41,heard,2Ch 23:12,"When Athaliah heard the noise of the people running and praising the king, she went into the house of the Lord to the people."
H8085,H8085I,to hear: proclaim,M41,proclaim,Jer 31:7,"For thus says the Lord: “ Sing aloud with gladness for Jacob, and raise shouts for the chief of the nations; proclaim, give praise, and say, ‘O Lord, save your people, the remnant of Israel.’"
H8085,H8085G H9020,,,hear,Psa 34:2,My soul makes its boast in the Lord; let the humble hear and be glad.
H8085,H8085G,to hear: hear,M41,heard,Gen 17:20,"As for Ishmael, I have heard you; behold, I have blessed him and will make him fruitful and multiply him greatly. He shall father twelve princes, and I will make him into a great nation."
H8085,H8085G,to hear: hear,M41,listen,Exo 11:9,"Then the Lord said to Moses, “ Pharaoh will not listen to you, that my wonders may be multiplied in the land of Egypt.”"
H8085,H8085G,to hear: hear,M41,Hear,Deu 6:3,"Hear therefore, O Israel, and be careful to do them, that it may go well with you, and that you may multiply greatly, as the Lord, the God of your fathers, has promised you, in a land flowing with milk and honey."
H8085,H8085G,to hear: hear,M41,Hear,Pro 4:10,"Hear, my son, and accept my words, that the years of your life may be many."
H8085,H8085G H9040,,,listen,Isa 1:15,"When you spread out your hands, I will hide my eyes from you; even though you make many prayers, I will not listen; your hands are full of blood."
G0191,G0191,to hear,T3,hears,1Jo 5:14,"And this is the confidence that we have toward him, that if we ask anything according to his will he hears us."
G0191,G0191,to hear,T3,heard,Act 18:26,"He began to speak boldly in the synagogue, but when Priscilla and Aquila heard him, they took him aside and explained to him the way of God more accurately."
H8085,H8085G,to hear: hear,M41,hears,Num 30:4,"and her father hears of her vow and of her pledge by which she has bound herself and says nothing to her, then all her vows shall stand, and every pledge by which she has bound herself shall stand."
H8085,H8085G,to hear: hear,M41,hears,Num 30:5,"But if her father opposes her on the day that he hears of it, no vow of hers, no pledge by which she has bound herself shall stand. And the Lord will forgive her, because her father opposed her."
H8085,H8085G,to hear: hear,M41,hears,Num 30:7,"and her husband hears of it and says nothing to her on the day that he hears, then her vows shall stand, and her pledges by which she has bound herself shall stand."
H8085,H8085G,to hear: hear,M41,hear,Num 30:8,"But if, on the day that her husband comes to hear of it, he opposes her, then he makes void her vow that was on her, and the thoughtless utterance of her lips by which she bound herself. And the Lord will forgive her."
H8085,H8085G,to hear: hear,M41,heard,Num 30:11,"and her husband heard of it and said nothing to her and did not oppose her, then all her vows shall stand, and every pledge by which she bound herself shall stand."
H8085,H8085G,to hear: hear,M41,heard,Exo 6:5,"Moreover, I have heard the groaning of the people of Israel whom the Egyptians hold as slaves, and I have remembered my covenant."
H0241,H0241G H9023 H0853,,,ear,Exo 21:6,"then his master shall bring him to God, and he shall bring him to the door or the doorpost. And his master shall bore his ear through with an awl, and he shall be his slave forever."
H8085,H8085H,to hear: obey,M41,indeed,Deu 11:13,"“And if you will indeed obey my commandments that I command you today, to love the Lord your God, and to serve him with all your heart and with all your soul,"
H8085,H8085H,to hear: obey,M41,obey,Deu 11:13,"“And if you will indeed obey my commandments that I command you today, to love the Lord your God, and to serve him with all your heart and with all your soul,"
H8085,H8085G,to hear: hear,M41,hear,1Sa 26:19,"Now therefore let my lord the king hear the words of his servant. If it is the Lord who has stirred you up against me, may he accept an offering, but if it is men, may they be cursed before the Lord, for they have driven me out this day that I should have no share in the heritage of the Lord, saying, ‘ Go, serve other gods.’"
H8085,H8085G,to hear: hear,M41,listen,Jer 27:9,"So do not listen to your prophets, your diviners, your dreamers, your fortune-tellers, or your sorcerers, who are saying to you, ‘You shall not serve the king of Babylon.’"
H8085,H8085G,to hear: hear,M41,listen,Jer 27:14,"Do not listen to the words of the prophets who are saying to you, ‘You shall not serve the king of Babylon,’ for it is a lie that they are prophesying to you."
H8085,H8085H,to hear: obey,M41,obeyed,Jer 34:10,"And they obeyed, all the officials and all the people who had entered into the covenant that everyone would set free his slave, male or female, so that they would not be enslaved again. They obeyed and set them free."
H0241,H0241G H0853,,,ears,Jer 34:14,‘At the end of seven years each of you must set free the fellow Hebrew who has been sold to you and has served you six years; you must set him free from your service.’ But your fathers did not listen to me or incline their ears to me.
H8085,H8085G,to hear: hear,M41,listen,Jer 34:14,‘At the end of seven years each of you must set free the fellow Hebrew who has been sold to you and has served you six years; you must set him free from your service.’ But your fathers did not listen to me or incline their ears to me.
H8085,H8085G H9046,,,listen,Eze 20:39,"“As for you, O house of Israel, thus says the Lord God: Go serve every one of you his idols, now and hereafter, if you will not listen to me; but my holy name you shall no more profane with your gifts and your idols."
H8085,H8085G H1961 H0834A H9004,,,heard,Gen 24:52,"When Abraham’s servant heard their words, he bowed himself to the earth before the Lord."
H8085,H8085G H0559,,,heard,Gen 45:16,"When the report was heard in Pharaoh’s house, “ Joseph’s brothers have come,” it pleased Pharaoh and his servants."
H0241,H0241G H9003,,,ear,Deu 15:17,"then you shall take an awl, and put it through his ear into the door, and he shall be your slave forever. And to your female slave you shall do the same."
H8085,H8085G H9021 H3588A,,,heard,Jos 9:9,"They said to him, “From a very distant country your servants have come, because of the name of the Lord your God. For we have heard a report of him, and all that he did in Egypt,"
H8085,H8085H,to hear: obey,M41,obeyed,Jos 22:2,"and said to them, “ You have kept all that Moses the servant of the Lord commanded you and have obeyed my voice in all that I have commanded you."
H8085,H8085G,to hear: hear,M41,heard,1Sa 22:6,"Now Saul heard that David was discovered, and the men who were with him. Saul was sitting at Gibeah under the tamarisk tree on the height with his spear in his hand, and all his servants were standing about him."
H8085,H8085G H9033,,,Hear,1Sa 22:7,"And Saul said to his servants who stood about him, “ Hear now, people of Benjamin; will the son of Jesse give every one of you fields and vineyards, will he make you all commanders of thousands and commanders of hundreds,"
H0241,H0241I H0853,,,when,1Sa 22:8,"that all of you have conspired against me? No one discloses to me when my son makes a covenant with the son of Jesse. None of you is sorry for me or discloses to me that my son has stirred up my servant against me, to lie in wait, as at this day.”"
H0241,H1540H H9030 H0241I,,,discloses,1Sa 22:8,"that all of you have conspired against me? No one discloses to me when my son makes a covenant with the son of Jesse. None of you is sorry for me or discloses to me that my son has stirred up my servant against me, to lie in wait, as at this day.”"
H0241,H0241I H9020 H0853,,,me,1Sa 22:17,"And the king said to the guard who stood about him, “ Turn and kill the priests of the Lord, because their hand also is with David, and they knew that he fled and did not disclose it to me.” But the servants of the king would not put out their hand to strike the priests of the Lord."
H8085,H8085G,to hear: hear,M41,heard,1Sa 23:10,"Then David said, “O Lord, the God of Israel, your servant has surely heard that Saul seeks to come to Keilah, to destroy the city on my account."
H8085,H8085G,to hear: hear,M41,surely,1Sa 23:10,"Then David said, “O Lord, the God of Israel, your servant has surely heard that Saul seeks to come to Keilah, to destroy the city on my account."
H8085,H8085G,to hear: hear,M41,heard,1Sa 23:11,"Will the men of Keilah surrender me into his hand? Will Saul come down, as your servant has heard? O Lord, the God of Israel, please tell your servant.” And the Lord said, “He will come down.”"
H8085,H8085G,to hear: hear,M41,listened,1Sa 28:23,"He refused and said, “I will not eat.” But his servants, together with the woman, urged him, and he listened to their words. So he arose from the earth and sat on the bed."
H0241,H1540H H0241I,,,revelation,2Sa 7:27,"For you, O Lord of hosts, the God of Israel, have made this revelation to your servant, saying, ‘I will build you a house.’ Therefore your servant has found courage to pray this prayer to you."
H2803,H2803H,to devise: count,M64,hold,2Sa 19:19,"and said to the king, “Let not my lord hold me guilty or remember how your servant did wrong on the day my lord the king left Jerusalem. Do not let the king take it to heart."
H8085,H8085G,to hear: hear,M41,listen,2Sa 19:35,I am this day eighty years old. Can I discern what is pleasant and what is not? Can your servant taste what he eats or what he drinks? Can I still listen to the voice of singing men and singing women? Why then should your servant be an added burden to my lord the king?
H8085,H8085J,to hear: understand,M41,understanding,1Ki 3:9,"Give your servant therefore an understanding mind to govern your people, that I may discern between good and evil, for who is able to govern this your great people?”"
H8085,H8085G H9005 H9020,,,listening to,1Ki 8:28,"Yet have regard to the prayer of your servant and to his plea, O Lord my God, listening to the cry and to the prayer that your servant prays before you this day,"
H8085,H8085G H9005 H9020 H8033G,,,listen,1Ki 8:29,"that your eyes may be open night and day toward this house, the place of which you have said, ‘My name shall be there,’ that you may listen to the prayer that your servant offers toward this place."
H8085,H8085G,to hear: hear,M41,hear,1Ki 8:30,"And listen to the plea of your servant and of your people Israel, when they pray toward this place. And listen in heaven your dwelling place, and when you hear, forgive."
H8085,H8085G,to hear: hear,M41,listen,1Ki 8:30,"And listen to the plea of your servant and of your people Israel, when they pray toward this place. And listen in heaven your dwelling place, and when you hear, forgive."
H8085,H8085G H2088 H9009 H0859A H9002,,,listen,1Ki 8:30,"And listen to the plea of your servant and of your people Israel, when they pray toward this place. And listen in heaven your dwelling place, and when you hear, forgive."
H8085,H8085G H0859A H9002,,,hear,1Ki 8:32,"then hear in heaven and act and judge your servants, condemning the guilty by bringing his conduct on his own head, and vindicating the righteous by rewarding him according to his righteousness."
H8085,H8085G H0859A H9002,,,hear,1Ki 8:36,"then hear in heaven and forgive the sin of your servants, your people Israel, when you teach them the good way in which they should walk, and grant rain upon your land, which you have given to your people as an inheritance."
H8085,H8085G H9005,,,giving ear,1Ki 8:52,"Let your eyes be open to the plea of your servant and to the plea of your people Israel, giving ear to them whenever they call to you."
H8085,H8085G H9009,,,hear,1Ki 10:8,"Happy are your men! Happy are your servants, who continually stand before you and hear your wisdom!"
H8085,H8085G,to hear: hear,M41,listen,1Ki 11:38,"And if you will listen to all that I command you, and will walk in my ways, and do what is right in my eyes by keeping my statutes and my commandments, as David my servant did, I will be with you and will build you a sure house, as I built for David, and I will give Israel to you."
H8085,H8085G H9004 H1961,,,heard,1Ki 20:12,"When Ben-hadad heard this message as he was drinking with the kings in the booths, he said to his men, “Take your positions.” And they took their positions against the city."
H8085,H8085G H9002,,,listened,2Ki 18:12,"because they did not obey the voice of the Lord their God but transgressed his covenant, even all that Moses the servant of the Lord commanded. They neither listened nor obeyed."
H8085,H8085H H5921A H0834A,,,obey,2Ki 18:12,"because they did not obey the voice of the Lord their God but transgressed his covenant, even all that Moses the servant of the Lord commanded. They neither listened nor obeyed."
H0241,H0241I H0853,,,to your,1Ch 17:25,"For you, my God, have revealed to your servant that you will build a house for him. Therefore your servant has found courage to pray before you."
H8085,H8085G H9005 H9020,,,listening,2Ch 6:19,"Yet have regard to the prayer of your servant and to his plea, O Lord my God, listening to the cry and to the prayer that your servant prays before you,"
H8085,H8085G H9005 H9021 H8033G,,,listen,2Ch 6:20,"that your eyes may be open day and night toward this house, the place where you have promised to set your name, that you may listen to the prayer that your servant offers toward this place."
H8085,H8085G,to hear: hear,M41,hear,2Ch 6:21,"And listen to the pleas of your servant and of your people Israel, when they pray toward this place. And listen from heaven your dwelling place, and when you hear, forgive."
H8085,H8085G,to hear: hear,M41,listen,2Ch 6:21,"And listen to the pleas of your servant and of your people Israel, when they pray toward this place. And listen from heaven your dwelling place, and when you hear, forgive."
H8085,H8085G H2088 H9009 H0859A H9002,,,listen,2Ch 6:21,"And listen to the pleas of your servant and of your people Israel, when they pray toward this place. And listen from heaven your dwelling place, and when you hear, forgive."
H8085,H8085G H0859A H9002,,,hear,2Ch 6:23,"then hear from heaven and act and judge your servants, repaying the guilty by bringing his conduct on his own head, and vindicating the righteous by rewarding him according to his righteousness."
H8085,H8085G H0859A H9002,,,hear,2Ch 6:27,"then hear in heaven and forgive the sin of your servants, your people Israel, when you teach them the good way in which they should walk, and grant rain upon your land, which you have given to your people as an inheritance."
H8085,H8085G,to hear: hear,M41,hear,2Ch 9:7,"Happy are your men! Happy are these your servants, who continually stand before you and hear your wisdom!"
H0241,H0241G,ear,T14,ear,Neh 1:6,"let your ear be attentive and your eyes open, to hear the prayer of your servant that I now pray before you day and night for the people of Israel your servants, confessing the sins of the people of Israel, which we have sinned against you. Even I and my father’s house have sinned."
H8085,H8085G H9005,,,hear,Neh 1:6,"let your ear be attentive and your eyes open, to hear the prayer of your servant that I now pray before you day and night for the people of Israel your servants, confessing the sins of the people of Israel, which we have sinned against you. Even I and my father’s house have sinned."
H8085,H8085G,to hear: hear,M41,heard,Neh 2:10,"But when Sanballat the Horonite and Tobiah the Ammonite servant heard this, it displeased them greatly that someone had come to seek the welfare of the people of Israel."
H8085,H8085G,to hear: hear,M41,heard,Neh 2:19,"But when Sanballat the Horonite and Tobiah the Ammonite servant and Geshem the Arab heard of it, they jeered at us and despised us and said, “ What is this thing that you are doing? Are you rebelling against the king?”"
H8085,H8085G,to hear: hear,M41,hear,Isa 44:1,"“But now hear, O Jacob my servant, Israel whom I have chosen!"
H8085,H8085I,to hear: proclaim,M41,proclaim,Isa 48:20,"Go out from Babylon, flee from Chaldea, declare this with a shout of joy, proclaim it, send it out to the end of the earth; say, “The Lord has redeemed his servant Jacob!”"
H8085,H8085H,to hear: obey,M41,obeys,Isa 50:10,Who among you fears the Lord and obeys the voice of his servant? Let him who walks in darkness and has no light trust in the name of the Lord and rely on his God.
H8085,H8085G,to hear: hear,M41,Hear,Jer 22:2,"and say, ‘ Hear the word of the Lord, O king of Judah, who sits on the throne of David, you, and your servants, and your people who enter these gates."
H0241,H0241G H0853,,,ears,Jer 25:4,"You have neither listened nor inclined your ears to hear, although the Lord persistently sent to you all his servants the prophets,"
H8085,H8085G,to hear: hear,M41,listened,Jer 25:4,"You have neither listened nor inclined your ears to hear, although the Lord persistently sent to you all his servants the prophets,"
H8085,H8085G H9005 H9026,,,hear,Jer 25:4,"You have neither listened nor inclined your ears to hear, although the Lord persistently sent to you all his servants the prophets,"
H8085,H8085G,to hear: hear,M41,listened,Jer 26:5,"and to listen to the words of my servants the prophets whom I send to you urgently, though you have not listened,"
H8085,H8085G H9005,,,listen,Jer 26:5,"and to listen to the words of my servants the prophets whom I send to you urgently, though you have not listened,"
H8085,H8085G,to hear: hear,M41,listen,Jer 29:19,"because they did not pay attention to my words, declares the Lord, that I persistently sent to you by my servants the prophets, but you would not listen, declares the Lord.’"
H8085,H8085G,to hear: hear,M41,pay attention,Jer 29:19,"because they did not pay attention to my words, declares the Lord, that I persistently sent to you by my servants the prophets, but you would not listen, declares the Lord.’"
H0241,H0241G H0853,,,ear,Jer 35:15,"I have sent to you all my servants the prophets, sending them persistently, saying, ‘ Turn now every one of you from his evil way, and amend your deeds, and do not go after other gods to serve them, and then you shall dwell in the land that I gave to you and your fathers.’ But you did not incline your ear or listen to me."
H8085,H8085G H9026 H3808 H9002,,,listen,Jer 35:15,"I have sent to you all my servants the prophets, sending them persistently, saying, ‘ Turn now every one of you from his evil way, and amend your deeds, and do not go after other gods to serve them, and then you shall dwell in the land that I gave to you and your fathers.’ But you did not incline your ear or listen to me."
H8085,H8085H,to hear: obey,M41,obeyed,Dan 9:10,"and have not obeyed the voice of the Lord our God by walking in his laws, which he set before us by his servants the prophets."
H8085,H8085H,to hear: obey,M41,obey,Dan 9:11,"All Israel has transgressed your law and turned aside, refusing to obey your voice. And the curse and oath that are written in the Law of Moses the servant of God have been poured out upon us, because we have sinned against him."
H8085,H8085G,to hear: hear,M41,listen,Dan 9:17,"Now therefore, O our God, listen to the prayer of your servant and to his pleas for mercy, and for your own sake, O Lord, make your face to shine upon your sanctuary, which is desolate."
H8085,H8085G,to hear: hear,M41,Hear,Zec 3:8,"Hear now, O Joshua the high priest, you and your friends who sit before you, for they are men who are a sign: behold, I will bring my servant the Branch."
G0191,G0191,to hear,T3,heard,Act 14:14,"But when the apostles Barnabas and Paul heard of it, they tore their garments and rushed out into the crowd, crying out,"
G0191,G0191,to hear,T3,heard,Mar 16:11,"But when they heard that he was alive and had been seen by her, they would not believe it."
G0191,G0191,to hear,T3,heard,Luk 2:18,And all who heard it wondered at what the shepherds told them.
G0191,G0191,to hear,T3,hear,Luk 6:18,who came to hear him and to be healed of their diseases. And those who were troubled with unclean spirits were cured.
G0191,G0191,to hear,T3,heard,Luk 23:8,"When Herod saw Jesus, he was very glad, for he had long desired to see him, because he had heard about him, and he was hoping to see some sign done by him."
G0191,G0191,to hear,T3,hear,Act 10:22,"And they said, “ Cornelius, a centurion, an upright and God - fearing man, who is well spoken of by the whole Jewish nation, was directed by a holy angel to send for you to come to his house and to hear what you have to say.”"
G0191,G0191,to hear,T3,hear,Act 10:33,"So I sent for you at once, and you have been kind enough to come. Now therefore we are all here in the presence of God to hear all that you have been commanded by the Lord.”"
G0191,G0191,to hear,T3,heard,Act 16:14,"One who heard us was a woman named Lydia, from the city of Thyatira, a seller of purple goods, who was a worshiper of God. The Lord opened her heart to pay attention to what was said by Paul."
G3540,G3540,mind/thought,M15,designs,2Cor 2:11,so that we would not be outwitted by Satan; for we are not ignorant of his designs.
G0191,G0191,to hear,T3,heard,Heb 2:3,"how shall we escape if we neglect such a great salvation? It was declared at first by the Lord, and it was attested to us by those who heard,"
H8085,H8085H,to hear: obey,M41,obey,Deu 8:20,"Like the nations that the Lord makes to perish before you, so shall you perish, because you would not obey the voice of the Lord your God."
H4284,H4284,plot,M06,devised,Est 8:5,"And she said, “ If it please the king, and if I have found favor in his sight, and if the thing seems right before the king, and I am pleasing in his eyes, let an order be written to revoke the letters devised by Haman the Agagite, the son of Hammedatha, which he wrote to destroy the Jews who are in all the provinces of the king."
H2803,H2803I,to devise: devise,M64,plotted,Est 9:24,"For Haman the Agagite, the son of Hammedatha, the enemy of all the Jews, had plotted against the Jews to destroy them, and had cast Pur (that is, cast lots ), to crush and to destroy them."
H6250,H6250,thought,M15,plans,Psa 146:4,"When his breath departs, he returns to the earth; on that very day his plans perish."
H8085,H8085H,to hear: obey,M41,obey,Jer 7:28,"And you shall say to them, ‘ This is the nation that did not obey the voice of the Lord their God, and did not accept discipline; truth has perished; it is cut off from their lips."
H8085,H8085G,to hear: hear,M41,listen,Jer 12:17,"But if any nation will not listen, then I will utterly pluck it up and destroy it, declares the Lord.”"
H2803,H2803I,to devise: devise,M64,make,Jer 18:18,"Then they said, “ Come, let us make plots against Jeremiah, for the law shall not perish from the priest, nor counsel from the wise, nor the word from the prophet. Come, let us strike him with the tongue, and let us not pay attention to any of his words.”"
H4284,H4284,plot,M06,plots,Jer 18:18,"Then they said, “ Come, let us make plots against Jeremiah, for the law shall not perish from the priest, nor counsel from the wise, nor the word from the prophet. Come, let us strike him with the tongue, and let us not pay attention to any of his words.”"
H7181,H7181,to listen,M41,attention,Jer 18:18,"Then they said, “ Come, let us make plots against Jeremiah, for the law shall not perish from the priest, nor counsel from the wise, nor the word from the prophet. Come, let us strike him with the tongue, and let us not pay attention to any of his words.”"
H8085,H8085G,to hear: hear,M41,hear,Eze 6:3,"and say, You mountains of Israel, hear the word of the Lord God! Thus says the Lord God to the mountains and the hills, to the ravines and the valleys: Behold, I, even I, will bring a sword upon you, and I will destroy your high places."
H8085,H8085G,to hear: hear,M41,hear,Psa 51:8,Let me hear joy and gladness; let the bones that you have broken rejoice.
H8085,H8085G,to hear: hear,M41,Hear,Eze 25:3,"Say to the Ammonites, Hear the word of the Lord God: Thus says the Lord God, Because you said, ‘ Aha!’ over my sanctuary when it was profaned, and over the land of Israel when it was made desolate, and over the house of Judah when they went into exile,"
H8085,H8085G,to hear: hear,M41,heard,Jer 46:12,"The nations have heard of your shame, and the earth is full of your cry; for warrior has stumbled against warrior; they have both fallen together.”"
H8085,H8085G,to hear: hear,M41,hear,Eze 36:15,"And I will not let you hear anymore the reproach of the nations, and you shall no longer bear the disgrace of the peoples and no longer cause your nation to stumble, declares the Lord God.”"
H8085,H8085G H9005,,,listen,Lev 26:21,"“Then if you walk contrary to me and will not listen to me, I will continue striking you, sevenfold for your sins."
H8085,H8085G,to hear: hear,M41,heard,Jer 6:7,"As a well keeps its water fresh, so she keeps fresh her evil; violence and destruction are heard within her; sickness and wounds are ever before me."
H8085,H8085G,to hear: hear,M41,hear,Nah 3:19,There is no easing your hurt; your wound is grievous. All who hear the news about you clap their hands over you. For upon whom has not come your unceasing evil?
H8085,H8085G,to hear: hear,M41,heard,Dan 12:7,"And I heard the man clothed in linen, who was above the waters of the stream; he raised his right hand and his left hand toward heaven and swore by him who lives forever that it would be for a time, times, and half a time, and that when the shattering of the power of the holy people comes to an end all these things would be finished."
H8085,H8085G H9005,,,listen,Judg 19:25,"But the men would not listen to him. So the man seized his concubine and made her go out to them. And they knew her and abused her all night until the morning. And as the dawn began to break, they let her go."
H8085,H8085G,to hear: hear,M41,hear,Exo 22:23,"If you do mistreat them, and they cry out to me, I will surely hear their cry,"
H8085,H8085G H9030,,,surely,Exo 22:23,"If you do mistreat them, and they cry out to me, I will surely hear their cry,"
H8085,H8085G H9005,,,listen,2Sa 13:14,"But he would not listen to her, and being stronger than she, he violated her and lay with her."
H2803,H2803J H9038 H9002,,,esteemed,Isa 53:4,"Surely he has borne our griefs and carried our sorrows; yet we esteemed him stricken, smitten by God, and afflicted."
H4284,H4284,plot,M06,plans,Psa 33:10,The Lord brings the counsel of the nations to nothing; he frustrates the plans of the peoples.
H8085,H8085G,to hear: hear,M41,heard,Neh 6:1,"Now when Sanballat and Tobiah and Geshem the Arab and the rest of our enemies heard that I had built the wall and that there was no breach left in it ( although up to that time I had not set up the doors in the gates ),"
H0241,H0241G H9003,,,ears,Exo 32:2,"So Aaron said to them, “Take off the rings of gold that are in the ears of your wives, your sons, and your daughters, and bring them to me.”"
H0241,H0241G H9003,,,ears,Exo 32:3,So all the people took off the rings of gold that were in their ears and brought them to Aaron.
H8085,H8085G,to hear: hear,M41,hears,Num 30:12,"But if her husband makes them null and void on the day that he hears them, then whatever proceeds out of her lips concerning her vows or concerning her pledge of herself shall not stand. Her husband has made them void, and the Lord will forgive her."
H8085,H8085G,to hear: hear,M41,heard,Num 30:15,"But if he makes them null and void after he has heard of them, then he shall bear her iniquity.”"
H8085,H8085G,to hear: hear,M41,heard,Neh 4:15,"When our enemies heard that it was known to us and that God had frustrated their plan, we all returned to the wall, each to his work."
H4284,H4284,plot,M06,devices,Job 5:12,"He frustrates the devices of the crafty, so that their hands achieve no success."
H4284,H4284,plot,M06,plans,Pro 15:22,"Without counsel plans fail, but with many advisers they succeed."
H2803,H2803H,to devise: count,M64,regard,Isa 33:8,The highways lie waste; the traveler ceases. Covenants are broken; cities are despised; there is no regard for man.
H8085,H8085G H9005,,,hear,Jer 11:10,"They have turned back to the iniquities of their forefathers, who refused to hear my words. They have gone after other gods to serve them. The house of Israel and the house of Judah have broken my covenant that I made with their fathers."
H8085,H8085G H6258 H9002,,,hear,1Sa 25:7,"I hear that you have shearers. Now your shepherds have been with us, and we did them no harm, and they missed nothing all the time they were in Carmel."
H8085,H8085G,to hear: hear,M41,Hear,Jer 31:10,"“ Hear the word of the Lord, O nations, and declare it in the coastlands far away; say, ‘He who scattered Israel will gather him, and will keep him as a shepherd keeps his flock.’"
H8085,H8085G,to hear: hear,M41,hear,Eze 34:7,"“ Therefore, you shepherds, hear the word of the Lord:"
H8085,H8085G,to hear: hear,M41,hear,Eze 34:9,"therefore, you shepherds, hear the word of the Lord:"
H0241,H0241G,ear,T14,ear,Amo 3:12,"Thus says the Lord: “As the shepherd rescues from the mouth of the lion two legs, or a piece of an ear, so shall the people of Israel who dwell in Samaria be rescued, with the corner of a couch and part of a bed."
H8085,H8085G,to hear: hear,M41,Hear,Amo 4:1,"“ Hear this word, you cows of Bashan, who are on the mountain of Samaria, who oppress the poor, who crush the needy, who say to your husbands, ‘ Bring, that we may drink!’"
H8085,H8085I,to hear: proclaim,M41,made,Jer 48:4,Moab is destroyed; her little ones have made a cry.
H2803,H2803I,to devise: devise,M64,threatened,Jon 1:4,"But the Lord hurled a great wind upon the sea, and there was a mighty tempest on the sea, so that the ship threatened to break up."
H8085,H8085G H9004 H1961,,,heard,Judg 7:15,"As soon as Gideon heard the telling of the dream and its interpretation, he worshiped. And he returned to the camp of Israel and said, “ Arise, for the Lord has given the host of Midian into your hand.”"
H8085,H8085G,to hear: hear,M41,heard,Isa 60:18,"Violence shall no more be heard in your land, devastation or destruction within your borders; you shall call your walls Salvation, and your gates Praise."
G0191,G0191,to hear,T3,heard,Mat 9:12,"But when he heard it, he said, “Those who are well have no need of a physician, but those who are sick."
G0191,G0191,to hear,T3,hear,Mat 24:6,"And you will hear of wars and rumors of wars. See that you are not alarmed, for this must take place, but the end is not yet."
G0191,G0191,to hear,T3,hear,Mar 13:7,"And when you hear of wars and rumors of wars, do not be alarmed. This must take place, but the end is not yet."
G0191,G0191,to hear,T3,hear,Luk 21:9,"And when you hear of wars and tumults, do not be terrified, for these things must first take place, but the end will not be at once.”"
G0191,G0191,to hear,T3,hear,Joh 3:8,"The wind blows where it wishes, and you hear its sound, but you do not know where it comes from or where it goes. So it is with everyone who is born of the Spirit.”"
G0191,G0191,to hear,T3,hear,Joh 5:30,"“ I can do nothing on my own. As I hear, I judge, and my judgment is just, because I seek not my own will but the will of him who sent me."
G0191,G0191,to hear,T3,listen,Joh 9:31,"We know that God does not listen to sinners, but if anyone is a worshiper of God and does his will, God listens to him."
G0191,G0191,to hear,T3,listens,Joh 9:31,"We know that God does not listen to sinners, but if anyone is a worshiper of God and does his will, God listens to him."
G0191,G0191,to hear,T3,listen to,Joh 10:8,"All who came before me are thieves and robbers, but the sheep did not listen to them."
G0191,G0191,to hear,T3,heard,Joh 11:4,"But when Jesus heard it he said, “ This illness does not lead to death. It is for the glory of God, so that the Son of God may be glorified through it.”"
G0191,G0191,to hear,T3,hear,Joh 11:42,"I knew that you always hear me, but I said this on account of the people standing around, that they may believe that you sent me.”"
G0191,G0191,to hear,T3,hears,Joh 12:47,"If anyone hears my words and does not keep them, I do not judge him; for I did not come to judge the world but to save the world."
G0191,G0191,to hear,T3,hear,Joh 14:24,Whoever does not love me does not keep my words. And the word that you hear is not mine but the Father’s who sent me.
G0191,G0191,to hear,T3,hears,Joh 16:13,"When the Spirit of truth comes, he will guide you into all the truth, for he will not speak on his own authority, but whatever he hears he will speak, and he will declare to you the things that are to come."
G0191,G0191,to hear,T3,heard,Act 1:4,"And while staying with them he ordered them not to depart from Jerusalem, but to wait for the promise of the Father, which, he said, “you heard from me;"
G0191,G0191,to hear,T3,heard,Act 19:2,"And he said to them, “ Did you receive the Holy Spirit when you believed?” And they said, “ No, we have not even heard that there is a Holy Spirit.”"
G0191,G0191,to hear,T3,hear,Act 26:29,"And Paul said, “ Whether short or long, I would to God that not only you but also all who hear me this day might become such as I am — except for these chains.”"
G1261,G1261 G2532,,,thinking,Rom 1:21,"For although they knew God, they did not honor him as God or give thanks to him, but they became futile in their thinking, and their foolish hearts were darkened."
G0191,G0191,to hear,T3,heard,Rom 15:21,"but as it is written, “Those who have never been told of him will see, and those who have never heard will understand.”"
G0191,G0191,to hear,T3,heard,1Cor 2:9,"But, as it is written, “ What no eye has seen, nor ear heard, nor the heart of man imagined, what God has prepared for those who love him ”—"
G0191,G0191,to hear,T3,understands,1Cor 14:2,"For one who speaks in a tongue speaks not to men but to God; for no one understands him, but he utters mysteries in the Spirit."
G0191,G0191,to hear,T3,hear,Eph 4:29,"Let no corrupting talk come out of your mouths, but only such as is good for building up, as fits the occasion, that it may give grace to those who hear."
G0191,G0191,to hear,T3,hear,2Th 3:11,"For we hear that some among you walk in idleness, not busy at work, but busybodies."
G0191,G0191,to hear,T3,heard,Heb 3:16,For who were those who heard and yet rebelled? Was it not all those who left Egypt led by Moses?
G0191,G0191,to hear,T3,listened,Heb 4:2,"For good news came to us just as to them, but the message they heard did not benefit them, because they were not united by faith with those who listened."
G0191,G0191,to hear,T3,heard,1Jo 2:7,"Beloved, I am writing you no new commandment, but an old commandment that you had from the beginning. The old commandment is the word that you have heard."
G0191,G0191,to hear,T3,hear,Rom 10:14,How then will they call on him in whom they have not believed? And how are they to believe in him of whom they have never heard? And how are they to hear without someone preaching?
G0191,G0191,to hear,T3,heard,Rom 10:14,How then will they call on him in whom they have not believed? And how are they to believe in him of whom they have never heard? And how are they to hear without someone preaching?
G1761,G1761,reflection,M15,thoughts,Mat 9:4,"But Jesus, knowing their thoughts, said, “ Why do you think evil in your hearts?"
G0191,G0191,to hear,T3,heard,Mat 12:24,"But when the Pharisees heard it, they said, “It is only by Beelzebul, the prince of demons, that this man casts out demons.”"
G1761,G1761,reflection,M15,thoughts,Mat 12:25,"Knowing their thoughts, he said to them, “ Every kingdom divided against itself is laid waste, and no city or house divided against itself will stand."
G0191,G0191,to hear,T3,Hear,Mat 15:10,"And he called the people to him and said to them, “ Hear and understand:"
G1271,G1271,mind,M15,mind,Mat 22:37,"And he said to him, “You shall love the Lord your God with all your heart and with all your soul and with all your mind."
G0191,G0191,to hear,T3,heard,Mar 6:16,"But when Herod heard of it, he said, “ John, whom I beheaded, has been raised.”"
G0191,G0191,to hear,T3,heard,Mar 11:14,"And he said to it, “May no one ever eat fruit from you again.” And his disciples heard it."
G0191,G0191,to hear,T3,heard,Luk 4:23,"And he said to them, “ Doubtless you will quote to me this proverb, ‘ Physician, heal yourself.’ What we have heard you did at Capernaum, do here in your hometown as well.”"
G1261,G1261,reasoning,M63,thoughts,Luk 6:8,"But he knew their thoughts, and he said to the man with the withered hand, “ Come and stand here.” And he rose and stood there."
G0191,G0191,to hear,T3,hearing,Luk 8:10,"he said, “To you it has been given to know the secrets of the kingdom of God, but for others they are in parables, so that ‘ seeing they may not see, and hearing they may not understand.’"
G0191,G0191,to hear,T3,hear,Luk 9:9,"Herod said, “ John I beheaded, but who is this about whom I hear such things?” And he sought to see him."
G1271,G1271,mind,M15,mind,Luk 10:27,"And he answered, “You shall love the Lord your God with all your heart and with all your soul and with all your strength and with all your mind, and your neighbor as yourself.”"
G1270,G1270,thought,M15,thoughts,Luk 11:17,"But he, knowing their thoughts, said to them, “ Every kingdom divided against itself is laid waste, and a divided household falls."
G0191,G0191,to hear,T3,hear,Luk 11:28,"But he said, “ Blessed rather are those who hear the word of God and keep it!”"
G0191,G0191,to hear,T3,heard,Luk 12:3,"Therefore whatever you have said in the dark shall be heard in the light, and what you have whispered in private rooms shall be proclaimed on the housetops."
G0191,G0191,to hear,T3,heard,Luk 14:15,"When one of those who reclined at table with him heard these things, he said to him, “ Blessed is everyone who will eat bread in the kingdom of God!”"
G0191,G0191,to hear,T3,hear,Luk 16:2,"And he called him and said to him, ‘ What is this that I hear about you? Turn in the account of your management, for you can no longer be manager.’"
G0191,G0191,to hear,T3,hear,Luk 16:31,"He said to him, ‘ If they do not hear Moses and the Prophets, neither will they be convinced if someone should rise from the dead.’”"
G0191,G0191,to hear,T3,heard,Luk 18:22,"When Jesus heard this, he said to him, “ One thing you still lack. Sell all that you have and distribute to the poor, and you will have treasure in heaven; and come, follow me.”"
G0191,G0191 G1161,,,heard,Luk 18:26,"Those who heard it said, “ Then who can be saved?”"
G0191,G0191,to hear,T3,heard,Luk 19:11,"As they heard these things, he proceeded to tell a parable, because he was near to Jerusalem, and because they supposed that the kingdom of God was to appear immediately."
G0191,G0191,to hear,T3,heard,Luk 20:16,"He will come and destroy those tenants and give the vineyard to others.” When they heard this, they said, “Surely not!”"
G0191,G0191,to hear,T3,hearing,Luk 20:45,"And in the hearing of all the people he said to his disciples,"
G0191,G0191,to hear,T3,heard,Luk 22:71,"Then they said, “ What further testimony do we need? We have heard it ourselves from his own lips.”"
G1261,G1261,reasoning,M63,doubts,Luk 24:38,"And he said to them, “ Why are you troubled, and why do doubts arise in your hearts?"
G0191,G0191,to hear,T3,heard,Joh 6:60,"When many of his disciples heard it, they said, “ This is a hard saying; who can listen to it?”"
G0191,G0191,to hear,T3,listen,Joh 6:60,"When many of his disciples heard it, they said, “ This is a hard saying; who can listen to it?”"
G0191,G0191,to hear,T3,hear,Joh 9:27,"He answered them, “I have told you already, and you would not listen. Why do you want to hear it again? Do you also want to become his disciples?”"
G0191,G0191,to hear,T3,listen,Joh 9:27,"He answered them, “I have told you already, and you would not listen. Why do you want to hear it again? Do you also want to become his disciples?”"
G0191,G0191,to hear,T3,heard,Joh 9:35,"Jesus heard that they had cast him out, and having found him he said, “Do you believe in the Son of Man?”"
G0191,G0191,to hear,T3,heard,Joh 9:40,"Some of the Pharisees near him heard these things, and said to him, “ Are we also blind?”"
G0191,G0191,to hear,T3,heard,Joh 11:41,"So they took away the stone. And Jesus lifted up his eyes and said, “ Father, I thank you that you have heard me."
G0191,G0191,to hear,T3,heard,Joh 14:28,"You heard me say to you, ‘I am going away, and I will come to you.’ If you loved me, you would have rejoiced, because I am going to the Father, for the Father is greater than I."
G0191,G0191,to hear,T3,heard me,Joh 18:21,Why do you ask me? Ask those who have heard me what I said to them; they know what I said.”
G0191,G0191,to hear,T3,heard,Act 2:37,"Now when they heard this they were cut to the heart, and said to Peter and the rest of the apostles, “ Brothers, what shall we do?”"
G0191,G0191,to hear,T3,listen,Act 3:22,"Moses said, ‘The Lord God will raise up for you a prophet like me from your brothers. You shall listen to him in whatever he tells you."
G0191,G0191,to hear,T3,heard,Act 4:24,"And when they heard it, they lifted their voices together to God and said, “Sovereign Lord, who made the heaven and the earth and the sea and everything in them,"
G0191,G0191,to hear,T3,heard,Act 8:30,"So Philip ran to him and heard him reading Isaiah the prophet and asked, “Do you understand what you are reading? ”"
G0191,G0191,to hear,T3,listen,Act 13:16,"So Paul stood up, and motioning with his hand said: “ Men of Israel and you who fear God, listen."
G0191,G0191,to hear,T3,hear,Act 15:7,"And after there had been much debate, Peter stood up and said to them, “ Brothers, you know that in the early days God made a choice among you, that by my mouth the Gentiles should hear the word of the gospel and believe."
G0191,G0191,to hear,T3,hear,Act 17:32,"Now when they heard of the resurrection of the dead, some mocked. But others said, “We will hear you again about this.”"
G0191,G0191,to hear,T3,heard,Act 17:32,"Now when they heard of the resurrection of the dead, some mocked. But others said, “We will hear you again about this.”"
G0191,G0191,to hear,T3,heard,Act 21:20,"And when they heard it, they glorified God. And they said to him, “You see, brother, how many thousands there are among the Jews of those who have believed. They are all zealous for the law,"
G0191,G0191,to hear,T3,hear,Act 22:14,"And he said, ‘The God of our fathers appointed you to know his will, to see the Righteous One and to hear a voice from his mouth;"
G0191,G0191,to hear,T3,hear,Act 28:26,"“‘ Go to this people, and say, “You will indeed hear but never understand, and you will indeed see but never perceive.”"
G0191,G0191,to hear,T3,heard,Mat 5:21,"“You have heard that it was said to those of old, ‘You shall not murder; and whoever murders will be liable to judgment.’"
G0191,G0191,to hear,T3,heard,Mat 5:27,"“You have heard that it was said, ‘You shall not commit adultery.’"
G0191,G0191,to hear,T3,heard,Mat 5:33,"“ Again you have heard that it was said to those of old, ‘You shall not swear falsely, but shall perform to the Lord what you have sworn.’"
G0191,G0191,to hear,T3,heard,Mat 5:38,"“You have heard that it was said, ‘An eye for an eye and a tooth for a tooth.’"
G0191,G0191,to hear,T3,heard,Mat 5:43,"“You have heard that it was said, ‘You shall love your neighbor and hate your enemy.’"
G0191,G0191,to hear,T3,heard,Joh 15:15,"No longer do I call you servants, for the servant does not know what his master is doing; but I have called you friends, for all that I have heard from my Father I have made known to you."
G0191,G0191,to hear,T3,listened,Luk 10:39,"And she had a sister called Mary, who sat at the Lord’s feet and listened to his teaching."
G0191,G0191,to hear,T3,heard,Mar 12:37,David himself calls him Lord. So how is he his son?” And the great throng heard him gladly.
G0191,G0191,to hear,T3,heard,Joh 19:13,"So when Pilate heard these words, he brought Jesus out and sat down on the judgment seat at a place called The Stone Pavement, and in Aramaic Gabbatha."
G0191,G0191,to hear,T3,hear,Joh 10:3,"To him the gatekeeper opens. The sheep hear his voice, and he calls his own sheep by name and leads them out."
G0191,G0191,to hear,T3,hearing,Act 19:5,"On hearing this, they were baptized in the name of the Lord Jesus."
G0191,G0191,to hear,T3,reported,1Cor 5:1,"It is actually reported that there is sexual immorality among you, and of a kind that is not tolerated even among pagans, for a man has his father’s wife."
G0191,G0191,to hear,T3,heard,Mat 2:18,"“A voice was heard in Ramah, weeping and loud lamentation, Rachel weeping for her children; she refused to be comforted, because they are no more.”"
G0191,G0191,to hear,T3,hearing,Act 9:38,"Since Lydda was near Joppa, the disciples, hearing that Peter was there, sent two men to him, urging him, “Please come to us without delay.”"
G0191,G0191,to hear,T3,heard,Act 21:12,"When we heard this, we and the people there urged him not to go up to Jerusalem."
G0191,G0191,to hear,T3,hear,Act 24:4,"But, to detain you no further, I beg you in your kindness to hear us briefly."
G0191,G0191,to hear,T3,hear,Act 13:7,"He was with the proconsul, Sergius Paulus, a man of intelligence, who summoned Barnabas and Saul and sought to hear the word of God."
G0191,G0191,to hear,T3,heard,Act 22:2,"And when they heard that he was addressing them in the Hebrew language, they became even more quiet. And he said:"
G0191,G0191,to hear,T3,heard,Act 5:21,"And when they heard this, they entered the temple at daybreak and began to teach. Now when the high priest came, and those who were with him, they called together the council, all the senate of the people of Israel, and sent to the prison to have them brought."
G0191,G0191,to hear,T3,heard,Mat 2:22,"But when he heard that Archelaus was reigning over Judea in place of his father Herod, he was afraid to go there, and being warned in a dream he withdrew to the district of Galilee."
H8085,H8085G,to hear: hear,M41,listened,Gen 3:17,"And to Adam he said, “ Because you have listened to the voice of your wife and have eaten of the tree of which I commanded you, ‘You shall not eat of it,’ cursed is the ground because of you; in pain you shall eat of it all the days of your life;"
H8085,H8085G,to hear: hear,M41,hear,Gen 4:23,"Lamech said to his wives: “ Adah and Zillah, hear my voice; you wives of Lamech, listen to what I say: I have killed a man for wounding me, a young man for striking me."
H8085,H8085G H4480A H9034,,,listened,Gen 16:2,"And Sarai said to Abram, “ Behold now, the Lord has prevented me from bearing children. Go in to my servant; it may be that I shall obtain children by her.” And Abram listened to the voice of Sarai."
H8085,H8085G H3588A,,,listened to,Gen 16:11,"And the angel of the Lord said to her, “ Behold, you are pregnant and shall bear a son. You shall call his name Ishmael, because the Lord has listened to your affliction."
H8085,H8085G,to hear: hear,M41,listening,Gen 18:10,"The Lord said, “I will surely return to you about this time next year, and Sarah your wife shall have a son.” And Sarah was listening at the tent door behind him."
H8085,H8085G H9009,,,hears,Gen 21:6,"And Sarah said, “ God has made laughter for me; everyone who hears will laugh over me.”"
H8085,H8085H,to hear: obey,M41,"you, do",Gen 21:12,"But God said to Abraham, “Be not displeased because of the boy and because of your slave woman. Whatever Sarah says to you, do as she tells you, for through Isaac shall your offspring be named."
H8085,H8085G H9005 H9030 H1571 H9002 H0595 H3808,,,heard,Gen 21:26,"Abimelech said, “I do not know who has done this thing; you did not tell me, and I have not heard of it until today.”"
H0241,H0241H H9003,,,hearing,Gen 23:10,"Now Ephron was sitting among the Hittites, and Ephron the Hittite answered Abraham in the hearing of the Hittites, of all who went in at the gate of his city,"
H8085,H8085H H9020 H0389,,,obey,Gen 27:13,"His mother said to him, “Let your curse be on me, my son; only obey my voice, and go, bring them to me.”"
H8085,H8085G H1571 H9002,,,heard,Gen 30:6,"Then Rachel said, “ God has judged me, and has also heard my voice and given me a son.” Therefore she called his name Dan."
H8085,H8085G,to hear: hear,M41,heard,Gen 31:1,"Now Jacob heard that the sons of Laban were saying, “ Jacob has taken all that was our father’s, and from what was our father’s he has gained all this wealth.”"
H8085,H8085G H9038,,,Hear,Gen 37:6,"He said to them, “ Hear this dream that I have dreamed:"
H8085,H8085G H3588A,,,heard,Gen 37:17,"And the man said, “They have gone away, for I heard them say, ‘Let us go to Dothan.’” So Joseph went after his brothers and found them at Dothan."
H8085,H8085G,to hear: hear,M41,heard,Gen 37:21,"But when Reuben heard it, he rescued him out of their hands, saying, “Let us not take his life.”"
H8085,H8085G,to hear: hear,M41,hear,Gen 41:15,"And Pharaoh said to Joseph, “I have had a dream, and there is no one who can interpret it. I have heard it said of you that when you hear a dream you can interpret it.”"
H8085,H8085G H0853 H9033 H9002,,,heard,Gen 41:15,"And Pharaoh said to Joseph, “I have had a dream, and there is no one who can interpret it. I have heard it said of you that when you hear a dream you can interpret it.”"
H8085,H8085G,to hear: hear,M41,listen,Gen 42:22,"And Reuben answered them, “Did I not tell you not to sin against the boy? But you did not listen. So now there comes a reckoning for his blood.”"
H8085,H8085G H9028,,,heard,Exo 3:7,"Then the Lord said, “I have surely seen the affliction of my people who are in Egypt and have heard their cry because of their taskmasters. I know their sufferings,"
H8085,H8085G,to hear: hear,M41,listen,Exo 3:18,"And they will listen to your voice, and you and the elders of Israel shall go to the king of Egypt and say to him, ‘The Lord, the God of the Hebrews, has met with us; and now, please let us go a three days ’ journey into the wilderness, that we may sacrifice to the Lord our God.’"
H8085,H8085G H9005 H9030 H3808 H9002,,,listen,Exo 4:1,"Then Moses answered, “But behold, they will not believe me or listen to my voice, for they will say, ‘The Lord did not appear to you.’”"
H8085,H8085H,to hear: obey,M41,obey,Exo 5:2,"But Pharaoh said, “Who is the Lord, that I should obey his voice and let Israel go? I do not know the Lord, and moreover, I will not let Israel go.”"
H8085,H8085G H0349A H9002,,,listen,Exo 6:30,"But Moses said to the Lord, “Behold, I am of uncircumcised lips. How will Pharaoh listen to me?”"
H8085,H8085H H2009 H9002,,,obeyed,Exo 7:16,"And you shall say to him, ‘The Lord, the God of the Hebrews, sent me to you, saying, “Let my people go, that they may serve me in the wilderness.” But so far, you have not obeyed."
H8085,H8085G,to hear: hear,M41,diligently,Exo 15:26,"saying, “ If you will diligently listen to the voice of the Lord your God, and do that which is right in his eyes, and give ear to his commandments and keep all his statutes, I will put none of the diseases on you that I put on the Egyptians, for I am the Lord, your healer.”"
H8085,H8085G,to hear: hear,M41,listen,Exo 15:26,"saying, “ If you will diligently listen to the voice of the Lord your God, and do that which is right in his eyes, and give ear to his commandments and keep all his statutes, I will put none of the diseases on you that I put on the Egyptians, for I am the Lord, your healer.”"
H8085,H8085G H9003,,,heard,Exo 16:8,"And Moses said, “When the Lord gives you in the evening meat to eat and in the morning bread to the full, because the Lord has heard your grumbling that you grumble against him— what are we? Your grumbling is not against us but against the Lord.”"
H8085,H8085G,to hear: hear,M41,heard,Exo 16:9,"Then Moses said to Aaron, “ Say to the whole congregation of the people of Israel, ‘Come near before the Lord, for he has heard your grumbling.’”"
H0241,H0241G H9003,,,ears,Exo 17:14,"Then the Lord said to Moses, “ Write this as a memorial in a book and recite it in the ears of Joshua, that I will utterly blot out the memory of Amalek from under heaven.”"
H8085,H8085G,to hear: hear,M41,listened,Exo 18:24,So Moses listened to the voice of his father-in-law and did all that he had said.
H8085,H8085G H3808,,,heard,Exo 23:13,"“Pay attention to all that I have said to you, and make no mention of the names of other gods, nor let it be heard on your lips."
H8085,H8085G,to hear: hear,M41,heard,Exo 32:17,"When Joshua heard the noise of the people as they shouted, he said to Moses, “There is a noise of war in the camp.”"
H8085,H8085G,to hear: hear,M41,hear,Exo 32:18,"But he said, “It is not the sound of shouting for victory, or the sound of the cry of defeat, but the sound of singing that I hear.”"
H8085,H8085G,to hear: hear,M41,hear,Num 9:8,"And Moses said to them, “ Wait, that I may hear what the Lord will command concerning you.”"
H0241,H0241H H9003,,,hearing,Num 11:18,"And say to the people, ‘ Consecrate yourselves for tomorrow, and you shall eat meat, for you have wept in the hearing of the Lord, saying, “ Who will give us meat to eat? For it was better for us in Egypt.” Therefore the Lord will give you meat, and you shall eat."
H8085,H8085G,to hear: hear,M41,hear,Num 14:13,"But Moses said to the Lord, “Then the Egyptians will hear of it, for you brought up this people in your might from among them,"
H8085,H8085G,to hear: hear,M41,heard,Num 14:14,"and they will tell the inhabitants of this land. They have heard that you, O Lord, are in the midst of this people. For you, O Lord, are seen face to face, and your cloud stands over them and you go before them, in a pillar of cloud by day and in a pillar of fire by night."
H8085,H8085G,to hear: hear,M41,heard,Num 14:15,"Now if you kill this people as one man, then the nations who have heard your fame will say,"
H8085,H8085G,to hear: hear,M41,Hear,Num 16:8,"And Moses said to Korah, “ Hear now, you sons of Levi:"
H2803,H2803H H9023 H9033,,,counted,Num 18:30,"Therefore you shall say to them, ‘ When you have offered from it the best of it, then the rest shall be counted to the Levites as produce of the threshing floor, and as produce of the winepress."
H8085,H8085G,to hear: hear,M41,hear,Num 23:18,"And Balaam took up his discourse and said, “ Rise, Balak, and hear; give ear to me, O son of Zippor:"
H8085,H8085G H1931 H9009 H9005,,,Hear,Deu 1:16,"And I charged your judges at that time, ‘ Hear the cases between your brothers, and judge righteously between a man and his brother or the alien who is with him."
H8085,H8085G,to hear: hear,M41,hear,Deu 4:6,"Keep them and do them, for that will be your wisdom and your understanding in the sight of the peoples, who, when they hear all these statutes, will say, ‘ Surely this great nation is a wise and understanding people.’"
H8085,H8085G H0559 H9005,,,hear,Deu 13:12,"“ If you hear in one of your cities, which the Lord your God is giving you to dwell there,"
H8085,H8085G H9005,,,hear,Deu 18:16,"just as you desired of the Lord your God at Horeb on the day of the assembly, when you said, ‘Let me not hear again the voice of the Lord my God or see this great fire any more, lest I die.’"
H8085,H8085H H9005 H9002 H9023,,,obey,Deu 26:17,"You have declared today that the Lord is your God, and that you will walk in his ways, and keep his statutes and his commandments and his rules, and will obey his voice."
H8085,H8085G H9003 H1961,,,hears,Deu 29:19,"one who, when he hears the words of this sworn covenant, blesses himself in his heart, saying, ‘I shall be safe, though I walk in the stubbornness of my heart.’ This will lead to the sweeping away of moist and dry alike."
H8085,H8085G H9034 H9005 H9035,,,hear,Deu 30:12,"It is not in heaven, that you should say, ‘ Who will ascend to heaven for us and bring it to us, that we may hear it and do it?’"
H8085,H8085G H9034 H9005 H9035,,,hear,Deu 30:13,"Neither is it beyond the sea, that you should say, ‘ Who will go over the sea for us and bring it to us, that we may hear it and do it?’"
H8085,H8085G H2008,,,listen,Jos 3:9,"And Joshua said to the people of Israel, “ Come here and listen to the words of the Lord your God.”"
H8085,H8085G,to hear: hear,M41,heard,Jos 6:10,"But Joshua commanded the people, “You shall not shout or make your voice heard, neither shall any word go out of your mouth, until the day I tell you to shout. Then you shall shout.”"
H8085,H8085G,to hear: hear,M41,heard,Jos 22:11,"And the people of Israel heard it said, “Behold, the people of Reuben and the people of Gad and the half-tribe of Manasseh have built the altar at the frontier of the land of Canaan, in the region about the Jordan, on the side that belongs to the people of Israel.”"
H8085,H8085H H9023,,,obey,Jos 24:24,"And the people said to Joshua, “The Lord our God we will serve, and his voice we will obey.”"
H0241,H0241I H9003,,,ears,Judg 7:3,"Now therefore proclaim in the ears of the people, saying, ‘ Whoever is fearful and trembling, let him return home and hurry away from Mount Gilead.’” Then 22,000 of the people returned, and 10,000 remained."
H8085,H8085G,to hear: hear,M41,listen,Judg 9:7,"When it was told to Jotham, he went and stood on top of Mount Gerizim and cried aloud and said to them, “ Listen to me, you leaders of Shechem, that God may listen to you."
H8085,H8085G H9005 H9038,,,Listen,Judg 9:7,"When it was told to Jotham, he went and stood on top of Mount Gerizim and cried aloud and said to them, “ Listen to me, you leaders of Shechem, that God may listen to you."
H8085,H8085K,to hear: judge,M41,witness,Judg 11:10,"And the elders of Gilead said to Jephthah, “The Lord will be witness between us, if we do not do as you say.”"
H8085,H8085G H9021 H9002,,,listen,Judg 11:17,"Israel then sent messengers to the king of Edom, saying, ‘Please let us pass through your land,’ but the king of Edom would not listen. And they sent also to the king of Moab, but he would not consent. So Israel remained at Kadesh."
H8085,H8085I H3808,,,announced,Judg 13:23,"But his wife said to him, “ If the Lord had meant to kill us, he would not have accepted a burnt offering and a grain offering at our hands, or shown us all these things, or now announced to us such things as these.”"
H8085,H8085G H9021,,,hear,Judg 14:13,"but if you cannot tell me what it is, then you shall give me thirty linen garments and thirty changes of clothes.” And they said to him, “ Put your riddle, that we may hear it.”"
H0241,H0241I H9003,,,ears,Judg 17:2,"And he said to his mother, “The 1,100 pieces of silver that were taken from you, about which you uttered a curse, and also spoke it in my ears, behold, the silver is with me; I took it.” And his mother said, “ Blessed be my son by the Lord.”"
H8085,H8085G H3808 H9008,,,listen,Rut 2:8,"Then Boaz said to Ruth, “Now, listen, my daughter, do not go to glean in another field or leave this one, but keep close to my young women."
H0241,H1540H H0241I,,,tell,Rut 4:4,"So I thought I would tell you of it and say, ‘ Buy it in the presence of those sitting here and in the presence of the elders of my people.’ If you will redeem it, redeem it. But if you will not, tell me, that I may know, for there is no one besides you to redeem it, and I come after you.” And he said, “ I will redeem it.”"
H8085,H8085G H0428 H9009 H0834A,,,hear,1Sa 2:23,"And he said to them, “ Why do you do such things? For I hear of your evil dealings from all these people."
H0241,H0241G H9023,,,ears,1Sa 3:11,"Then the Lord said to Samuel, “ Behold, I am about to do a thing in Israel at which the two ears of everyone who hears it will tingle."
H8085,H8085G,to hear: hear,M41,hears,1Sa 3:11,"Then the Lord said to Samuel, “ Behold, I am about to do a thing in Israel at which the two ears of everyone who hears it will tingle."
H8085,H8085G,to hear: hear,M41,heard,1Sa 4:6,"And when the Philistines heard the noise of the shouting, they said, “What does this great shouting in the camp of the Hebrews mean?” And when they learned that the ark of the Lord had come to the camp,"
H8085,H8085G,to hear: hear,M41,heard,1Sa 4:14,"When Eli heard the sound of the outcry, he said, “What is this uproar?” Then the man hurried and came and told Eli."
H8085,H8085H,to hear: obey,M41,Obey,1Sa 8:7,"And the Lord said to Samuel, “ Obey the voice of the people in all that they say to you, for they have not rejected you, but they have rejected me from being king over them."
H8085,H8085H H9005,,,obey,1Sa 8:19,"But the people refused to obey the voice of Samuel. And they said, “ No! But there shall be a king over us,"
H8085,H8085H,to hear: obey,M41,Obey,1Sa 8:22,"And the Lord said to Samuel, “ Obey their voice and make them a king.” Samuel then said to the men of Israel, “ Go every man to his city.”"
H0241,H0241I H0853,,,to,1Sa 9:15,"Now the day before Saul came, the Lord had revealed to Samuel:"
H8085,H8085I,to hear: proclaim,M41,make known,1Sa 9:27,"As they were going down to the outskirts of the city, Samuel said to Saul, “ Tell the servant to pass on before us, and when he has passed on, stop here yourself for a while, that I may make known to you the word of God.”"
H8085,H8085H,to hear: obey,M41,obeyed,1Sa 12:1,"And Samuel said to all Israel, “ Behold, I have obeyed your voice in all that you have said to me and have made a king over you."
H8085,H8085G,to hear: hear,M41,hear,1Sa 13:3,"Jonathan defeated the garrison of the Philistines that was at Geba, and the Philistines heard of it. And Saul blew the trumpet throughout all the land, saying, “Let the Hebrews hear.”"
H8085,H8085G,to hear: hear,M41,heard,1Sa 13:3,"Jonathan defeated the garrison of the Philistines that was at Geba, and the Philistines heard of it. And Saul blew the trumpet throughout all the land, saying, “Let the Hebrews hear.”"
H0241,H0241G H9003 H2088 H9009,,,ears,1Sa 15:14,"And Samuel said, “ What then is this bleating of the sheep in my ears and the lowing of the oxen that I hear?”"
H8085,H8085G,to hear: hear,M41,hear,1Sa 15:14,"And Samuel said, “ What then is this bleating of the sheep in my ears and the lowing of the oxen that I hear?”"
H8085,H8085H,to hear: obey,M41,obeyed,1Sa 15:20,"And Saul said to Samuel, “I have obeyed the voice of the Lord. I have gone on the mission on which the Lord sent me. I have brought Agag the king of Amalek, and I have devoted the Amalekites to destruction."
H7181,H7181 H9005,,,listen,1Sa 15:22,"And Samuel said, “Has the Lord as great delight in burnt offerings and sacrifices, as in obeying the voice of the Lord? Behold, to obey is better than sacrifice, and to listen than the fat of rams."
H8085,H8085H,to hear: obey,M41,obey,1Sa 15:22,"And Samuel said, “Has the Lord as great delight in burnt offerings and sacrifices, as in obeying the voice of the Lord? Behold, to obey is better than sacrifice, and to listen than the fat of rams."
H8085,H8085H,to hear: obey,M41,obeying,1Sa 15:22,"And Samuel said, “Has the Lord as great delight in burnt offerings and sacrifices, as in obeying the voice of the Lord? Behold, to obey is better than sacrifice, and to listen than the fat of rams."
H8085,H8085G,to hear: hear,M41,hears,1Sa 16:2,"And Samuel said, “ How can I go? If Saul hears it, he will kill me.” And the Lord said, “ Take a heifer with you and say, ‘I have come to sacrifice to the Lord.’"
H2803,H2803I,to devise: devise,M64,thought,1Sa 18:25,"Then Saul said, “ Thus shall you say to David, ‘The king desires no bride-price except a hundred foreskins of the Philistines, that he may be avenged of the king’s enemies.’” Now Saul thought to make David fall by the hand of the Philistines."
H0241,H0241I H0853,,,me,1Sa 20:2,"And he said to him, “ Far from it! You shall not die. Behold, my father does nothing either great or small without disclosing it to me. And why should my father hide this from me? It is not so.”"
H0241,H0241I H9021 H0853,,,you,1Sa 20:12,"And Jonathan said to David, “The Lord, the God of Israel, be witness! When I have sounded out my father, about this time tomorrow, or the third day, behold, if he is well disposed toward David, shall I not then send and disclose it to you?"
H8085,H8085G,to hear: hear,M41,Hear,1Sa 22:12,"And Saul said, “ Hear now, son of Ahitub.” And he answered, “ Here I am, my lord.”"
H8085,H8085H,to hear: obey,M41,obeyed,1Sa 25:35,"Then David received from her hand what she had brought him. And he said to her, “Go up in peace to your house. See, I have obeyed your voice, and I have granted your petition.”"
H8085,H8085G,to hear: hear,M41,heard,2Sa 3:28,"Afterward, when David heard of it, he said, “ I and my kingdom are forever guiltless before the Lord for the blood of Abner the son of Ner."
H8085,H8085G H9005,,,listen,2Sa 13:16,"But she said to him, “ No, my brother, for this wrong in sending me away is greater than the other that you did to me.” But he would not listen to her."
H2803,H2803I,to devise: devise,M64,planned,2Sa 14:13,"And the woman said, “ Why then have you planned such a thing against the people of God? For in giving this decision the king convicts himself, inasmuch as the king does not bring his banished one home again."
H8085,H8085G H9005,,,discern,2Sa 14:17,"And your servant thought, ‘The word of my lord the king will set me at rest,’ for my lord the king is like the angel of God to discern good and evil. The Lord your God be with you!”"
H8085,H8085G,to hear: hear,M41,hear,2Sa 15:3,"Absalom would say to him, “ See, your claims are good and right, but there is no man designated by the king to hear you.”"
H8085,H8085G,to hear: hear,M41,hear,2Sa 15:10,"But Absalom sent secret messengers throughout all the tribes of Israel, saying, “ As soon as you hear the sound of the trumpet, then say, ‘ Absalom is king at Hebron!’”"
H8085,H8085G,to hear: hear,M41,hear,2Sa 17:5,"Then Absalom said, “ Call Hushai the Archite also, and let us hear what he has to say.”"
H8085,H8085G H8085G,,,hears,2Sa 17:9,"Behold, even now he has hidden himself in one of the pits or in some other place. And as soon as some of the people fall at the first attack, whoever hears it will say, ‘There has been a slaughter among the people who follow Absalom.’"
H8085,H8085G,to hear: hear,M41,heard,2Sa 18:5,"And the king ordered Joab and Abishai and Ittai, “Deal gently for my sake with the young man Absalom.” And all the people heard when the king gave orders to all the commanders about Absalom."
H0241,H0241H,ear: hearing,T2,hearing,2Sa 18:12,"But the man said to Joab, “Even if I felt in my hand the weight of a thousand pieces of silver, I would not reach out my hand against the king’s son, for in our hearing the king commanded you and Abishai and Ittai, ‘ For my sake protect the young man Absalom.’"
H8085,H8085G H0559,,,heard,2Sa 19:2,"So the victory that day was turned into mourning for all the people, for the people heard that day, “The king is grieving for his son.”"
H8085,H8085G,to hear: hear,M41,listening,2Sa 20:17,"And he came near her, and the woman said, “Are you Joab?” He answered, “ I am.” Then she said to him, “Listen to the words of your servant.” And he answered, “ I am listening.”"
H8085,H8085G H9005 H9033,,,to,2Sa 20:17,"And he came near her, and the woman said, “Are you Joab?” He answered, “ I am.” Then she said to him, “Listen to the words of your servant.” And he answered, “ I am listening.”"
H8085,H8085G H0559 H9005 H9008,,,heard,1Ki 1:11,"Then Nathan said to Bathsheba the mother of Solomon, “Have you not heard that Adonijah the son of Haggith has become king and David our lord does not know it?"
H8085,H8085G,to hear: hear,M41,heard,1Ki 1:41,"Adonijah and all the guests who were with him heard it as they finished feasting. And when Joab heard the sound of the trumpet, he said, “ What does this uproar in the city mean?”"
H8085,H8085H,to hear: obey,M41,obey,1Ki 2:42,"the king sent and summoned Shimei and said to him, “Did I not make you swear by the Lord and solemnly warn you, saying, ‘ Know for certain that on the day you go out and go to any place whatever, you shall die ’? And you said to me, ‘What you say is good; I will obey.’"
H8085,H8085K H9005,,,discern,1Ki 3:11,"And God said to him, “ Because you have asked this, and have not asked for yourself long life or riches or the life of your enemies, but have asked for yourself understanding to discern what is right,"
H8085,H8085G H9004 H1961,,,heard,1Ki 5:7,"As soon as Hiram heard the words of Solomon, he rejoiced greatly and said, “ Blessed be the Lord this day, who has given to David a wise son to be over this great people.”"
H8085,H8085G,to hear: hear,M41,heard,1Ki 5:8,"And Hiram sent to Solomon, saying, “I have heard the message that you have sent to me. I am ready to do all you desire in the matter of cedar and cypress timber."
H8085,H8085G H9033,,,heard,1Ki 9:3,"And the Lord said to him, “I have heard your prayer and your plea, which you have made before me. I have consecrated this house that you have built, by putting my name there forever. My eyes and my heart will be there for all time."
H8085,H8085G,to hear: hear,M41,heard,1Ki 10:6,"And she said to the king, “The report was true that I heard in my own land of your words and of your wisdom,"
H8085,H8085G,to hear: hear,M41,heard,1Ki 11:21,"But when Hadad heard in Egypt that David slept with his fathers and that Joab the commander of the army was dead, Hadad said to Pharaoh, “Let me depart, that I may go to my own country.”"
H8085,H8085G,to hear: hear,M41,listen,1Ki 12:16,"And when all Israel saw that the king did not listen to them, the people answered the king, “ What portion do we have in David? We have no inheritance in the son of Jesse. To your tents, O Israel! Look now to your own house, David.” So Israel went to their tents."
H8085,H8085G,to hear: hear,M41,listened,1Ki 12:24,"‘ Thus says the Lord, You shall not go up or fight against your relatives the people of Israel. Every man return to his home, for this thing is from me.’” So they listened to the word of the Lord and went home again, according to the word of the Lord."
H8085,H8085G H9004 H1961,,,heard,1Ki 13:4,"And when the king heard the saying of the man of God, which he cried against the altar at Bethel, Jeroboam stretched out his hand from the altar, saying, “ Seize him.” And his hand, which he stretched out against him, dried up, so that he could not draw it back to himself."
H8085,H8085G H9004 H1961,,,heard,1Ki 14:6,"But when Ahijah heard the sound of her feet, as she came in at the door, he said, “ Come in, wife of Jeroboam. Why do you pretend to be another? For I am charged with unbearable news for you."
H8085,H8085G,to hear: hear,M41,heard,1Ki 16:16,"and the troops who were encamped heard it said, “ Zimri has conspired, and he has killed the king.” Therefore all Israel made Omri, the commander of the army, king over Israel that day in the camp."
H5587,H5587A H9009,,,different opinions,1Ki 18:21,"And Elijah came near to all the people and said, “How long will you go limping between two different opinions? If the Lord is God, follow him; but if Baal, then follow him.” And the people did not answer him a word."
H8085,H8085G H9004 H1961,,,heard,1Ki 19:13,"And when Elijah heard it, he wrapped his face in his cloak and went out and stood at the entrance of the cave. And behold, there came a voice to him and said, “ What are you doing here, Elijah?”"
H8085,H8085G,to hear: hear,M41,listen,1Ki 20:8,"And all the elders and all the people said to him, “Do not listen or consent.”"
H8085,H8085H,to hear: obey,M41,obeyed,1Ki 20:36,"Then he said to him, “ Because you have not obeyed the voice of the Lord, behold, as soon as you have gone from me, a lion shall strike you down.” And as soon as he had departed from him, a lion met him and struck him down."
H8085,H8085G H9004 H1961,,,heard,1Ki 21:15,"As soon as Jezebel heard that Naboth had been stoned and was dead, Jezebel said to Ahab, “ Arise, take possession of the vineyard of Naboth the Jezreelite, which he refused to give you for money, for Naboth is not alive, but dead.”"
H8085,H8085G,to hear: hear,M41,hear,1Ki 22:19,"And Micaiah said, “ Therefore hear the word of the Lord: I saw the Lord sitting on his throne, and all the host of heaven standing beside him on his right hand and on his left;"
H8085,H8085G H9004 H1961,,,heard,2Ki 5:8,"But when Elisha the man of God heard that the king of Israel had torn his clothes, he sent to the king, saying, “ Why have you torn your clothes? Let him come now to me, that he may know that there is a prophet in Israel.”"
H8085,H8085G,to hear: hear,M41,Hear,2Ki 7:1,"But Elisha said, “ Hear the word of the Lord: thus says the Lord, Tomorrow about this time a seah of fine flour shall be sold for a shekel, and two seahs of barley for a shekel, at the gate of Samaria.”"
H8085,H8085G,to hear: hear,M41,hear,2Ki 7:6,"For the Lord had made the army of the Syrians hear the sound of chariots and of horses, the sound of a great army, so that they said to one another, “ Behold, the king of Israel has hired against us the kings of the Hittites and the kings of Egypt to come against us.”"
H8085,H8085G H0408,,,listen,2Ki 18:31,"Do not listen to Hezekiah, for thus says the king of Assyria: ‘ Make your peace with me and come out to me. Then each one of you will eat of his own vine, and each one of his own fig tree, and each one of you will drink the water of his own cistern,"
H8085,H8085G,to hear: hear,M41,heard,2Ki 19:9,"Now the king heard concerning Tirhakah king of Cush, “Behold, he has set out to fight against you.” So he sent messengers again to Hezekiah, saying,"
H8085,H8085G,to hear: hear,M41,heard,2Ki 19:20,"Then Isaiah the son of Amoz sent to Hezekiah, saying, “Thus says the Lord, the God of Israel: Your prayer to me about Sennacherib king of Assyria I have heard."
H8085,H8085G H9021,,,heard,2Ki 20:5,"“Turn back, and say to Hezekiah the leader of my people, Thus says the Lord, the God of David your father: I have heard your prayer; I have seen your tears. Behold, I will heal you. On the third day you shall go up to the house of the Lord,"
H8085,H8085G,to hear: hear,M41,Hear,2Ki 20:16,"Then Isaiah said to Hezekiah, “ Hear the word of the Lord:"
H8085,H8085G,to hear: hear,M41,heard,2Ki 22:18,"But to the king of Judah, who sent you to inquire of the Lord, thus shall you say to him, Thus says the Lord, the God of Israel: Regarding the words that you have heard,"
H8085,H8085I,to hear: proclaim,M41,play loudly,1Ch 15:16,"David also commanded the chiefs of the Levites to appoint their brothers as the singers who should play loudly on musical instruments, on harps and lyres and cymbals, to raise sounds of joy."
H8085,H8085G,to hear: hear,M41,Hear,1Ch 28:2,"Then King David rose to his feet and said: “ Hear me, my brothers and my people. I had it in my heart to build a house of rest for the ark of the covenant of the Lord and for the footstool of our God, and I made preparations for building."
H8085,H8085G H9005 H9033,,,heard,2Ch 7:12,Then the Lord appeared to Solomon in the night and said to him: “I have heard your prayer and have chosen this place for myself as a house of sacrifice.
H8085,H8085G,to hear: hear,M41,heard,2Ch 9:5,"And she said to the king, “The report was true that I heard in my own land of your words and of your wisdom,"
H8085,H8085G,to hear: hear,M41,listen,2Ch 10:16,"And when all Israel saw that the king did not listen to them, the people answered the king, “ What portion have we in David? We have no inheritance in the son of Jesse. Each of you to your tents, O Israel! Look now to your own house, David.” So all Israel went to their tents."
H8085,H8085G,to hear: hear,M41,listened,2Ch 11:4,"‘ Thus says the Lord, You shall not go up or fight against your relatives. Return every man to his home, for this thing is from me.’” So they listened to the word of the Lord and returned and did not go against Jeroboam."
H8085,H8085G,to hear: hear,M41,Hear,2Ch 13:4,"Then Abijah stood up on Mount Zemaraim that is in the hill country of Ephraim and said, “ Hear me, O Jeroboam and all Israel!"
H8085,H8085G H9005 H9033,,,Hear,2Ch 15:2,"and he went out to meet Asa and said to him, “ Hear me, Asa, and all Judah and Benjamin: The Lord is with you while you are with him. If you seek him, he will be found by you, but if you forsake him, he will forsake you."
H8085,H8085G,to hear: hear,M41,hear,2Ch 18:18,"And Micaiah said, “ Therefore hear the word of the Lord: I saw the Lord sitting on his throne, and all the host of heaven standing on his right hand and on his left."
H8085,H8085G,to hear: hear,M41,Hear,2Ch 20:20,"And they rose early in the morning and went out into the wilderness of Tekoa. And when they went out, Jehoshaphat stood and said, “ Hear me, Judah and inhabitants of Jerusalem! Believe in the Lord your God, and you will be established; believe his prophets, and you will succeed.”"
H8085,H8085G H9005 H9038,,,Hear,2Ch 29:5,"and said to them, “ Hear me, Levites! Now consecrate yourselves, and consecrate the house of the Lord, the God of your fathers, and carry out the filth from the Holy Place."
H8085,H8085G,to hear: hear,M41,heard,2Ch 34:26,"But to the king of Judah, who sent you to inquire of the Lord, thus shall you say to him, Thus says the Lord, the God of Israel: Regarding the words that you have heard,"
H2803,H2803I,to devise: devise,M64,intend,Neh 6:6,"In it was written, “It is reported among the nations, and Geshem also says it, that you and the Jews intend to rebel; that is why you are building the wall. And according to these reports you wish to become their king."
H8085,H8085I,to hear: proclaim,M41,reported,Neh 6:6,"In it was written, “It is reported among the nations, and Geshem also says it, that you and the Jews intend to rebel; that is why you are building the wall. And according to these reports you wish to become their king."
H8085,H8085G,to hear: hear,M41,hear,Neh 6:7,"And you have also set up prophets to proclaim concerning you in Jerusalem, ‘There is a king in Judah.’ And now the king will hear of these reports. So now come and let us take counsel together.”"
H8085,H8085G H9004,,,heard,Neh 8:9,"And Nehemiah, who was the governor, and Ezra the priest and scribe, and the Levites who taught the people said to all the people, “This day is holy to the Lord your God; do not mourn or weep.” For all the people wept as they heard the words of the Law."
H8085,H8085G,to hear: hear,M41,listen,Est 3:4,"And when they spoke to him day after day and he would not listen to them, they told Haman, in order to see whether Mordecai’s words would stand, for he had told them that he was a Jew."
H2803,H2803G,to devise: design,M64,devised,Est 9:25,"But when it came before the king, he gave orders in writing that his evil plan that he had devised against the Jews should return on his own head, and that he and his sons should be hanged on the gallows."
H4284,H4284,plot,M06,plan,Est 9:25,"But when it came before the king, he gave orders in writing that his evil plan that he had devised against the Jews should return on his own head, and that he and his sons should be hanged on the gallows."
H0241,H0241G H9003,,,ears,Job 28:22,"Abaddon and Death say, ‘ We have heard a rumor of it with our ears.’"
H8085,H8085G,to hear: hear,M41,heard,Job 28:22,"Abaddon and Death say, ‘ We have heard a rumor of it with our ears.’"
H8085,H8085G,to hear: hear,M41,Listen,Job 32:10,"Therefore I say, ‘ Listen to me; let me also declare my opinion.’"
H0241,H0241G H9003,,,ears,Job 33:8,"“ Surely you have spoken in my ears, and I have heard the sound of your words."
H8085,H8085G,to hear: hear,M41,heard,Job 33:8,"“ Surely you have spoken in my ears, and I have heard the sound of your words."
H8085,H8085G,to hear: hear,M41,hears,Job 34:34,"Men of understanding will say to me, and the wise man who hears me will say:"
H2803,H2803J,to devise: think,M15,think,Job 35:2,"“Do you think this to be just? Do you say, ‘It is my right before God,’"
H8085,H8085G,to hear: hear,M41,heard,Psa 31:22,"I had said in my alarm, “ I am cut off from your sight.” But you heard the voice of my pleas for mercy when I cried to you for help."
H4209,H4209 H9005 H9031,,,malicious intent,Psa 139:20,They speak against you with malicious intent; your enemies take your name in vain.
H8085,H8085G H9023 H9048,,,heard,Ecc 9:16,"But I say that wisdom is better than might, though the poor man’s wisdom is despised and his words are not heard."
H8085,H8085G,to hear: hear,M41,heard,Isa 6:8,"And I heard the voice of the Lord saying, “ Whom shall I send, and who will go for us?” Then I said, “ Here I am! Send me.”"
H8085,H8085G,to hear: hear,M41,hearing,Isa 6:9,"And he said, “ Go, and say to this people: “‘Keep on hearing, but do not understand; keep on seeing, but do not perceive.’"
H8085,H8085G,to hear: hear,M41,on,Isa 6:9,"And he said, “ Go, and say to this people: “‘Keep on hearing, but do not understand; keep on seeing, but do not perceive.’"
H8085,H8085G,to hear: hear,M41,Hear,Isa 7:13,"And he said, “ Hear then, O house of David! Is it too little for you to weary men, that you weary my God also?"
H0241,H0241G H9003,,,ears,Isa 22:14,"The Lord of hosts has revealed himself in my ears: “Surely this iniquity will not be atoned for you until you die,” says the Lord God of hosts."
H8085,H8085G,to hear: hear,M41,hear,Isa 24:16,"From the ends of the earth we hear songs of praise, of glory to the Righteous One. But I say, “I waste away, I waste away. Woe is me! For the traitors have betrayed, with betrayal the traitors have betrayed.”"
H8085,H8085G,to hear: hear,M41,hear,Isa 28:12,"to whom he has said, “ This is rest; give rest to the weary; and this is repose ”; yet they would not hear."
H2803,H2803J,to devise: think,M15,regarded,Isa 29:16,"You turn things upside down! Shall the potter be regarded as the clay, that the thing made should say of its maker, “He did not make me”; or the thing formed say of him who formed it, “He has no understanding ”?"
H0241,H0241G H9002,,,ears,Isa 30:21,"And your ears shall hear a word behind you, saying, “ This is the way, walk in it,” when you turn to the right or when you turn to the left."
H8085,H8085G H9021,,,hear,Isa 30:21,"And your ears shall hear a word behind you, saying, “ This is the way, walk in it,” when you turn to the right or when you turn to the left."
H8085,H8085G,to hear: hear,M41,Hear,Isa 36:13,"Then the Rabshakeh stood and called out in a loud voice in the language of Judah: “ Hear the words of the great king, the king of Assyria!"
H8085,H8085G,to hear: hear,M41,listen,Isa 36:16,"Do not listen to Hezekiah. For thus says the king of Assyria: Make your peace with me and come out to me. Then each one of you will eat of his own vine, and each one of his own fig tree, and each one of you will drink the water of his own cistern,"
H8085,H8085G H0559,,,heard,Isa 37:9,"Now the king heard concerning Tirhakah king of Cush, “He has set out to fight against you.” And when he heard it, he sent messengers to Hezekiah, saying,"
H8085,H8085G H0854 H9031,,,heard,Isa 37:9,"Now the king heard concerning Tirhakah king of Cush, “He has set out to fight against you.” And when he heard it, he sent messengers to Hezekiah, saying,"
H8085,H8085G H9021,,,heard,Isa 38:5,"“ Go and say to Hezekiah, Thus says the Lord, the God of David your father: I have heard your prayer; I have seen your tears. Behold, I will add fifteen years to your life."
H8085,H8085G,to hear: hear,M41,Hear,Isa 39:5,"Then Isaiah said to Hezekiah, “ Hear the word of the Lord of hosts:"
H8085,H8085G H0369,,,heard,Isa 41:26,"Who declared it from the beginning, that we might know, and beforehand, that we might say, “He is right ”? There was none who declared it, none who proclaimed, none who heard your words."
H8085,H8085I,to hear: proclaim,M41,proclaimed,Isa 41:26,"Who declared it from the beginning, that we might know, and beforehand, that we might say, “He is right ”? There was none who declared it, none who proclaimed, none who heard your words."
H8085,H8085G,to hear: hear,M41,hear,Isa 43:9,"All the nations gather together, and the peoples assemble. Who among them can declare this, and show us the former things? Let them bring their witnesses to prove them right, and let them hear and say, It is true."
H8085,H8085I,to hear: proclaim,M41,show,Isa 43:9,"All the nations gather together, and the peoples assemble. Who among them can declare this, and show us the former things? Let them bring their witnesses to prove them right, and let them hear and say, It is true."
H8085,H8085G,to hear: hear,M41,hear,Isa 47:8,"Now therefore hear this, you lover of pleasures, who sit securely, who say in your heart, “ I am, and there is no one besides me; I shall not sit as a widow or know the loss of children ”:"
H8085,H8085I,to hear: proclaim,M41,announced,Isa 48:5,"I declared them to you from of old, before they came to pass I announced them to you, lest you should say, ‘My idol did them, my carved image and my metal image commanded them.’"
H8085,H8085G,to hear: hear,M41,heard,Isa 48:7,"They are created now, not long ago; before today you have never heard of them, lest you should say, ‘ Behold, I knew them.’"
H0241,H0241G H9003,,,ears,Isa 49:20,The children of your bereavement will yet say in your ears: ‘The place is too narrow for me; make room for me to dwell in.’
H8085,H8085I,to hear: proclaim,M41,publishes,Isa 52:7,"How beautiful upon the mountains are the feet of him who brings good news, who publishes peace, who brings good news of happiness, who publishes salvation, who says to Zion, “ Your God reigns.”"
H8085,H8085I,to hear: proclaim,M41,proclaimed,Isa 62:11,"Behold, the Lord has proclaimed to the end of the earth: Say to the daughter of Zion, “ Behold, your salvation comes; behold, his reward is with him, and his recompense before him.”"
H0241,H0241H H9003,,,hearing,Jer 2:2,"“ Go and proclaim in the hearing of Jerusalem, Thus says the Lord, “I remember the devotion of your youth, your love as a bride, how you followed me in the wilderness, in a land not sown."
H8085,H8085I,to hear: proclaim,M41,proclaim,Jer 4:5,"Declare in Judah, and proclaim in Jerusalem, and say, “ Blow the trumpet through the land; cry aloud and say, ‘ Assemble, and let us go into the fortified cities!’"
H8085,H8085I H0559 H9005,,,proclaim,Jer 5:20,Declare this in the house of Jacob; proclaim it in Judah:
H7181,H7181,to listen,M41,attention,Jer 6:17,"I set watchmen over you, saying, ‘Pay attention to the sound of the trumpet!’ But they said, ‘We will not pay attention.’"
H8085,H8085G,to hear: hear,M41,Hear,Jer 7:2,"“ Stand in the gate of the Lord’s house, and proclaim there this word, and say, Hear the word of the Lord, all you men of Judah who enter these gates to worship the Lord."
H8085,H8085H H0853 H9038 H9005,,,Obey,Jer 7:23,"But this command I gave them: ‘ Obey my voice, and I will be your God, and you shall be my people. And walk in all the way that I command you, that it may be well with you.’"
H8085,H8085H,to hear: obey,M41,obeyed,Jer 9:13,"And the Lord says: “ Because they have forsaken my law that I set before them, and have not obeyed my voice or walked in accord with it,"
H8085,H8085G,to hear: hear,M41,hear,Jer 11:3,"You shall say to them, Thus says the Lord, the God of Israel: Cursed be the man who does not hear the words of this covenant"
H8085,H8085G,to hear: hear,M41,Listen,Jer 11:4,"that I commanded your fathers when I brought them out of the land of Egypt, from the iron furnace, saying, Listen to my voice, and do all that I command you. So shall you be my people, and I will be your God,"
H8085,H8085G H9005,,,Hear,Jer 11:6,"And the Lord said to me, “ Proclaim all these words in the cities of Judah and in the streets of Jerusalem: Hear the words of this covenant and do them."
H8085,H8085H,to hear: obey,M41,Obey,Jer 11:7,"For I solemnly warned your fathers when I brought them up out of the land of Egypt, warning them persistently, even to this day, saying, Obey my voice."
H8085,H8085G H0413 H9038,,,Hear,Jer 17:20,"and say: ‘ Hear the word of the Lord, you kings of Judah, and all Judah, and all the inhabitants of Jerusalem, who enter by these gates."
H8085,H8085G,to hear: hear,M41,listening to,Jer 18:10,"and if it does evil in my sight, not listening to my voice, then I will relent of the good that I had intended to do to it."
H4284,H4284,plot,M06,plans,Jer 18:12,"“But they say, ‘That is in vain! We will follow our own plans, and will every one act according to the stubbornness of his evil heart.’"
H8085,H8085G,to hear: hear,M41,heard,Jer 18:13,"“ Therefore thus says the Lord: Ask among the nations, Who has heard the like of this? The virgin Israel has done a very horrible thing."
H8085,H8085G,to hear: hear,M41,heard,Jer 23:25,"I have heard what the prophets have said who prophesy lies in my name, saying, ‘I have dreamed, I have dreamed!’"
H8085,H8085H,to hear: obey,M41,obeyed,Jer 25:8,"“ Therefore thus says the Lord of hosts: Because you have not obeyed my words,"
H8085,H8085G,to hear: hear,M41,listen,Jer 26:4,"You shall say to them, ‘ Thus says the Lord: If you will not listen to me, to walk in my law that I have set before you,"
H0241,H0241G H9003,,,ears,Jer 26:11,"Then the priests and the prophets said to the officials and to all the people, “ This man deserves the sentence of death, because he has prophesied against this city, as you have heard with your own ears.”"
H8085,H8085G,to hear: hear,M41,heard,Jer 26:11,"Then the priests and the prophets said to the officials and to all the people, “ This man deserves the sentence of death, because he has prophesied against this city, as you have heard with your own ears.”"
H8085,H8085G,to hear: hear,M41,heard,Jer 26:12,"Then Jeremiah spoke to all the officials and all the people, saying, “The Lord sent me to prophesy against this house and this city all the words you have heard."
H8085,H8085G H4994,,,Listen,Jer 28:15,"And Jeremiah the prophet said to the prophet Hananiah, “ Listen, Hananiah, the Lord has not sent you, and you have made this people trust in a lie."
H8085,H8085G,to hear: hear,M41,listen,Jer 29:8,"For thus says the Lord of hosts, the God of Israel: Do not let your prophets and your diviners who are among you deceive you, and do not listen to the dreams that they dream,"
H8085,H8085G,to hear: hear,M41,heard,Jer 33:10,"“ Thus says the Lord: In this place of which you say, ‘It is a waste without man or beast,’ in the cities of Judah and the streets of Jerusalem that are desolate, without man or inhabitant or beast, there shall be heard again"
H8085,H8085G H0389,,,hear,Jer 34:4,"Yet hear the word of the Lord, O Zedekiah king of Judah! Thus says the Lord concerning you: ‘You shall not die by the sword."
H8085,H8085H,to hear: obey,M41,obeyed,Jer 34:17,"“ Therefore, thus says the Lord: You have not obeyed me by proclaiming liberty, every one to his brother and to his neighbor; behold, I proclaim to you liberty to the sword, to pestilence, and to famine, declares the Lord. I will make you a horror to all the kingdoms of the earth."
H8085,H8085H H9005,,,listen,Jer 35:13,"“ Thus says the Lord of hosts, the God of Israel: Go and say to the people of Judah and the inhabitants of Jerusalem, Will you not receive instruction and listen to my words? declares the Lord."
H8085,H8085H,to hear: obey,M41,obeyed,Jer 35:18,"But to the house of the Rechabites Jeremiah said, “ Thus says the Lord of hosts, the God of Israel: Because you have obeyed the command of Jonadab your father and kept all his precepts and done all that he commanded you,"
H0241,H0241H H9003 H9003 H9034,,,hearing,Jer 36:14,"Then all the officials sent Jehudi the son of Nethaniah, son of Shelemiah, son of Cushi, to say to Baruch, “ Take in your hand the scroll that you read in the hearing of the people, and come.” So Baruch the son of Neriah took the scroll in his hand and came to them."
H0241,H0241I H9003 H9034,,,it,Jer 36:15,"And they said to him, “Sit down and read it.” So Baruch read it to them."
H0241,H0241I H9028 H9003,,,to them,Jer 36:15,"And they said to him, “Sit down and read it.” So Baruch read it to them."
H8085,H8085G,to hear: hear,M41,listen,Jer 37:14,"And Jeremiah said, “It is a lie; I am not deserting to the Chaldeans.” But Irijah would not listen to him, and seized Jeremiah and brought him to the officials."
H8085,H8085G,to hear: hear,M41,listen,Jer 38:15,"Jeremiah said to Zedekiah, “ If I tell you, will you not surely put me to death? And if I give you counsel, you will not listen to me.”"
H8085,H8085G,to hear: hear,M41,heard,Jer 42:4,"Jeremiah the prophet said to them, “I have heard you. Behold, I will pray to the Lord your God according to your request, and whatever the Lord answers you I will tell you. I will keep nothing back from you.”"
H8085,H1115 H9005 H8085H,,,disobeying,Jer 42:13,"But if you say, ‘We will not remain in this land,’ disobeying the voice of the Lord your God"
H8085,H8085G,to hear: hear,M41,hear,Jer 42:14,"and saying, ‘ No, we will go to the land of Egypt, where we shall not see war or hear the sound of the trumpet or be hungry for bread, and we will dwell there,’"
H8085,H8085G H3651C H9005,,,hear,Jer 42:15,"then hear the word of the Lord, O remnant of Judah. Thus says the Lord of hosts, the God of Israel: If you set your faces to enter Egypt and go to live there,"
H8085,H8085G,to hear: hear,M41,Hear,Jer 44:24,"Jeremiah said to all the people and all the women, “ Hear the word of the Lord, all you of Judah who are in the land of Egypt."
H8085,H8085G,to hear: hear,M41,hear,Jer 44:26,"Therefore hear the word of the Lord, all you of Judah who dwell in the land of Egypt: Behold, I have sworn by my great name, says the Lord, that my name shall no more be invoked by the mouth of any man of Judah in all the land of Egypt, saying, ‘As the Lord God lives.’"
H8085,H8085I,to hear: proclaim,M41,proclaim,Jer 46:14,"“ Declare in Egypt, and proclaim in Migdol; proclaim in Memphis and Tahpanhes; say, ‘ Stand ready and be prepared, for the sword shall devour around you.’"
H8085,H8085G,to hear: hear,M41,heard,Jer 49:2,"Therefore, behold, the days are coming, declares the Lord, when I will cause the battle cry to be heard against Rabbah of the Ammonites; it shall become a desolate mound, and its villages shall be burned with fire; then Israel shall dispossess those who dispossessed him, says the Lord."
H0241,H0241I H9003,,,ears,Eze 9:1,"Then he cried in my ears with a loud voice, saying, “Bring near the executioners of the city, each with his destroying weapon in his hand.”"
H0241,H0241H H9003,,,hearing,Eze 9:5,"And to the others he said in my hearing, “Pass through the city after him, and strike. Your eye shall not spare, and you shall show no pity."
H8085,H8085G H9028,,,Hear,Eze 13:2,"“ Son of man, prophesy against the prophets of Israel, who are prophesying, and say to those who prophesy from their own hearts: ‘ Hear the word of the Lord!’"
H8085,H8085G,to hear: hear,M41,Hear,Eze 18:25,"“Yet you say, ‘The way of the Lord is not just.’ Hear now, O house of Israel: Is my way not just? Is it not your ways that are not just?"
H8085,H8085G,to hear: hear,M41,Hear,Eze 20:47,"Say to the forest of the Negeb, Hear the word of the Lord: Thus says the Lord God, Behold, I will kindle a fire in you, and it shall devour every green tree in you and every dry tree. The blazing flame shall not be quenched, and all faces from south to north shall be scorched by it."
H8085,H8085G,to hear: hear,M41,heard,Eze 35:12,"And you shall know that I am the Lord. “I have heard all the revilings that you uttered against the mountains of Israel, saying, ‘They are laid desolate; they are given us to devour.’"
H8085,H8085G,to hear: hear,M41,hear,Eze 36:1,"“And you, son of man, prophesy to the mountains of Israel, and say, O mountains of Israel, hear the word of the Lord."
H8085,H8085G,to hear: hear,M41,hear,Eze 36:4,"therefore, O mountains of Israel, hear the word of the Lord God: Thus says the Lord God to the mountains and the hills, the ravines and the valleys, the desolate wastes and the deserted cities, which have become a prey and derision to the rest of the nations all around,"
H8085,H8085G,to hear: hear,M41,hear,Eze 37:4,"Then he said to me, “ Prophesy over these bones, and say to them, O dry bones, hear the word of the Lord."
H2803,H2803I H9021,,,devise,Eze 38:10,"“ Thus says the Lord God: On that day, thoughts will come into your mind, and you will devise an evil scheme"
H4284,H4284,plot,M06,scheme,Eze 38:10,"“ Thus says the Lord God: On that day, thoughts will come into your mind, and you will devise an evil scheme"
H8085,H8085G,to hear: hear,M41,heard,Dan 8:16,"And I heard a man’s voice between the banks of the Ulai, and it called, “ Gabriel, make this man understand the vision.”"
H8085,H8085G,to hear: hear,M41,heard,Dan 12:8,"I heard, but I did not understand. Then I said, “O my lord, what shall be the outcome of these things?”"
H8085,H8085I,to hear: proclaim,M41,Proclaim,Amo 3:9,"Proclaim to the strongholds in Ashdod and to the strongholds in the land of Egypt, and say, “ Assemble yourselves on the mountains of Samaria, and see the great tumults within her, and the oppressed in her midst.”"
H8085,H8085G,to hear: hear,M41,hear,Amo 7:16,"Now therefore hear the word of the Lord. “ You say, ‘Do not prophesy against Israel, and do not preach against the house of Isaac.’"
H8085,H8085G,to hear: hear,M41,heard,Obd 1,"The vision of Obadiah. Thus says the Lord God concerning Edom: We have heard a report from the Lord, and a messenger has been sent among the nations: “ Rise up! Let us rise against her for battle!”"
H8085,H8085G,to hear: hear,M41,Hear,Mic 3:1,"And I said: Hear, you heads of Jacob and rulers of the house of Israel! Is it not for you to know justice?—"
H8085,H8085G,to hear: hear,M41,Hear,Mic 6:1,"Hear what the Lord says: Arise, plead your case before the mountains, and let the hills hear your voice."
H8085,H8085G,to hear: hear,M41,hear,Mic 6:1,"Hear what the Lord says: Arise, plead your case before the mountains, and let the hills hear your voice."
H7181,H7181 H3808 H9002,,,attention to,Zec 1:4,"Do not be like your fathers, to whom the former prophets cried out, ‘ Thus says the Lord of hosts, Return from your evil ways and from your evil deeds.’ But they did not hear or pay attention to me, declares the Lord."
H8085,H8085G,to hear: hear,M41,hear,Zec 1:4,"Do not be like your fathers, to whom the former prophets cried out, ‘ Thus says the Lord of hosts, Return from your evil ways and from your evil deeds.’ But they did not hear or pay attention to me, declares the Lord."
H8085,H8085G,to hear: hear,M41,hear,Zec 7:13,"“ As I called, and they would not hear, so they called, and I would not hear,” says the Lord of hosts,"
H8085,H8085G H9009 H9026,,,hearing,Zec 8:9,"Thus says the Lord of hosts: “Let your hands be strong, you who in these days have been hearing these words from the mouth of the prophets who were present on the day that the foundation of the house of the Lord of hosts was laid, that the temple might be built."
H8085,H8085G,to hear: hear,M41,heard,Zec 8:23,"Thus says the Lord of hosts: In those days ten men from the nations of every tongue shall take hold of the robe of a Jew, saying, ‘Let us go with you, for we have heard that God is with you.’”"
H8085,H8085G,to hear: hear,M41,listen,Mal 2:2,"If you will not listen, if you will not take it to heart to give honor to my name, says the Lord of hosts, then I will send the curse upon you and I will curse your blessings. Indeed, I have already cursed them, because you do not lay it to heart."
H7476,H7476 H9002,,,thoughts,Dan 4:19,"Then Daniel, whose name was Belteshazzar, was dismayed for a while, and his thoughts alarmed him. The king answered and said, “ Belteshazzar, let not the dream or the interpretation alarm you.” Belteshazzar answered and said, “My lord, may the dream be for those who hate you and its interpretation for your enemies!"
H7476,H7476 H9031,,,thoughts,Dan 5:10,"The queen, because of the words of the king and his lords, came into the banqueting hall, and the queen declared, “O king, live forever! Let not your thoughts alarm you or your color change."
H0241,H0241G H3588A,,,ear,Job 29:11,"When the ear heard, it called me blessed, and when the eye saw, it approved,"
H8085,H8085G,to hear: hear,M41,heard,Job 29:11,"When the ear heard, it called me blessed, and when the eye saw, it approved,"
H8085,H8085G,to hear: hear,M41,Hear,Pro 23:19,"Hear, my son, and be wise, and direct your heart in the way."
H8085,H8085H,to hear: obey,M41,obey,Deu 28:13,"And the Lord will make you the head and not the tail, and you shall only go up and not down, if you obey the commandments of the Lord your God, which I command you today, being careful to do them,"
H8085,H8085G,to hear: hear,M41,hear,Eze 3:17,"“ Son of man, I have made you a watchman for the house of Israel. Whenever you hear a word from my mouth, you shall give them warning from me."
H8085,H8085G,to hear: hear,M41,hear,Eze 33:7,"“So you, son of man, I have made a watchman for the house of Israel. Whenever you hear a word from my mouth, you shall give them warning from me."
H8085,H8085G,to hear: hear,M41,hear,Job 20:3,"I hear censure that insults me, and out of my understanding a spirit answers me."
H8085,H8085G H9005 H9030,,,hear,Job 31:35,"Oh, that I had one to hear me! ( Here is my signature! Let the Almighty answer me!) Oh, that I had the indictment written by my adversary!"
H0241,H0241G,ear,T14,ear,Psa 17:6,"I call upon you, for you will answer me, O God; incline your ear to me; hear my words."
H8085,H8085G H9021 H9005 H9030,,,hear,Psa 17:6,"I call upon you, for you will answer me, O God; incline your ear to me; hear my words."
H8085,H8085G,to hear: hear,M41,Hear,Psa 27:7,"Hear, O Lord, when I cry aloud; be gracious to me and answer me!"
H7181,H7181,to listen,M41,Attend,Psa 55:2,"Attend to me, and answer me; I am restless in my complaint and I moan,"
H0241,H0241G,ear,T14,ear,Psa 86:1,"A Prayer of David. Incline your ear, O Lord, and answer me, for I am poor and needy."
H0241,H0241G H0413 H9030,,,ear,Psa 102:2,Do not hide your face from me in the day of my distress! Incline your ear to me; answer me speedily in the day when I call!
H8085,H8085G,to hear: hear,M41,Hear,Psa 143:1,"A Psalm of David. Hear my prayer, O Lord; give ear to my pleas for mercy! In your faithfulness answer me, in your righteousness!"
H0241,H0241G,ear,T14,ear,Pro 21:13,Whoever closes his ear to the cry of the poor will himself call out and not be answered.
H8085,H8085G H9004 H9041,,,hears,Isa 30:19,"For a people shall dwell in Zion, in Jerusalem; you shall weep no more. He will surely be gracious to you at the sound of your cry. As soon as he hears it, he answers you."
H8085,H8085G H9030,,,hear,Exo 22:27,"for that is his only covering, and it is his cloak for his body; in what else shall he sleep? And if he cries to me, I will hear, for I am compassionate."
H8085,H8085G,to hear: hear,M41,heard,Num 20:16,"And when we cried to the Lord, he heard our voice and sent an angel and brought us out of Egypt. And here we are in Kadesh, a city on the edge of your territory."
H8085,H8085G,to hear: hear,M41,heard,2Ki 3:21,"When all the Moabites heard that the kings had come up to fight against them, all who were able to put on armor, from the youngest to the oldest, were called out and were drawn up at the border."
H8085,H8085G,to hear: hear,M41,heard,Isa 42:2,"He will not cry aloud or lift up his voice, or make it heard in the street;"
H8085,H8085G,to hear: hear,M41,heard,Jos 22:12,"And when the people of Israel heard of it, the whole assembly of the people of Israel gathered at Shiloh to make war against them."
H8085,H8085G H9004 H1961,,,heard,1Ki 12:20,"And when all Israel heard that Jeroboam had returned, they sent and called him to the assembly and made him king over all Israel. There was none that followed the house of David but the tribe of Judah only."
H8085,H8085G,to hear: hear,M41,hears,Psa 4:3,But know that the Lord has set apart the godly for himself; the Lord hears when I call to him.
H0241,H0241G,ear,T14,ear,Psa 116:2,"Because he inclined his ear to me, therefore I will call on him as long as I live."
H7181,H7181,to listen,M41,heeded,Pro 1:24,"Because I have called and you refused to listen, have stretched out my hand and no one has heeded,"
H2803,H2803I,to devise: devise,M64,plans,Pro 24:8,Whoever plans to do evil will be called a schemer.
H4209,H1167K H9005 H9033 H4209,,,schemer,Pro 24:8,Whoever plans to do evil will be called a schemer.
H8085,H8085G,to hear: hear,M41,Listen,Isa 48:12,"“ Listen to me, O Jacob, and Israel, whom I called! I am he; I am the first, and I am the last."
H7181,H7181 H0413 H9030,,,attention,Isa 49:1,"Listen to me, O coastlands, and give attention, you peoples from afar. The Lord called me from the womb, from the body of my mother he named my name."
H8085,H8085G,to hear: hear,M41,Listen,Isa 49:1,"Listen to me, O coastlands, and give attention, you peoples from afar. The Lord called me from the womb, from the body of my mother he named my name."
H8085,H8085G H0413 H9030,,,hear,Jer 29:12,"Then you will call upon me and come and pray to me, and I will hear you."
H8085,H8085G H9021,,,Hear,Mic 6:9,The voice of the Lord cries to the city — and it is sound wisdom to fear your name: “ Hear of the rod and of him who appointed it!
H8085,H8085G,to hear: hear,M41,heeded,Num 21:3,"And the Lord heeded the voice of Israel and gave over the Canaanites, and they devoted them and their cities to destruction. So the name of the place was called Hormah."
H2803,H2803J,to devise: think,M15,counted,Deu 2:11,"Like the Anakim they are also counted as Rephaim, but the Moabites call them Emim."
H2803,H2803J,to devise: think,M15,counted as,Deu 2:20,(It is also counted as a land of Rephaim. Rephaim formerly lived there—but the Ammonites call them Zamzummim —
H8085,H8085G H9002,,,hear,2Ch 7:14,"if my people who are called by my name humble themselves, and pray and seek my face and turn from their wicked ways, then I will hear from heaven and will forgive their sin and heal their land."
H8085,H8085G,to hear: hear,M41,Hear,Isa 48:1,"Hear this, O house of Jacob, who are called by the name of Israel, and who came from the waters of Judah, who swear by the name of the Lord and confess the God of Israel, but not in truth or right."
H0241,H0241G,ear,T14,ear,Isa 48:8,"You have never heard, you have never known, from of old your ear has not been opened. For I knew that you would surely deal treacherously, and that from before birth you were called a rebel."
H8085,H8085G,to hear: hear,M41,heard,Isa 48:8,"You have never heard, you have never known, from of old your ear has not been opened. For I knew that you would surely deal treacherously, and that from before birth you were called a rebel."
H0241,H0241H H9003,,,hearing,Eze 10:13,"As for the wheels, they were called in my hearing “the whirling wheels.”"
H0241,H0241G H9020,,,ear,Dan 9:18,"O my God, incline your ear and hear. Open your eyes and see our desolations, and the city that is called by your name. For we do not present our pleas before you because of our righteousness, but because of your great mercy."
H8085,H8085G H9021,,,hear,Dan 9:18,"O my God, incline your ear and hear. Open your eyes and see our desolations, and the city that is called by your name. For we do not present our pleas before you because of our righteousness, but because of your great mercy."
H7181,H7181,to listen,M41,attention,Dan 9:19,"O Lord, hear; O Lord, forgive. O Lord, pay attention and act. Delay not, for your own sake, O my God, because your city and your people are called by your name.”"
H8085,H8085G,to hear: hear,M41,hear,Dan 9:19,"O Lord, hear; O Lord, forgive. O Lord, pay attention and act. Delay not, for your own sake, O my God, because your city and your people are called by your name.”"
H8085,H8085G H9004 H1961,,,heard,Gen 39:15,"And as soon as he heard that I lifted up my voice and cried out, he left his garment beside me and fled and got out of the house.”"
H8085,H8085I,to hear: proclaim,M41,publish,Amo 4:5,"offer a sacrifice of thanksgiving of that which is leavened, and proclaim freewill offerings, publish them; for so you love to do, O people of Israel!” declares the Lord God."
H0241,H0241H H9003,,,hearing,Deu 31:11,"when all Israel comes to appear before the Lord your God at the place that he will choose, you shall read this law before all Israel in their hearing."
H0241,H0241H H9003,,,hearing,2Ki 23:2,"And the king went up to the house of the Lord, and with him all the men of Judah and all the inhabitants of Jerusalem and the priests and the prophets, all the people, both small and great. And he read in their hearing all the words of the Book of the Covenant that had been found in the house of the Lord."
H0241,H0241H H9003,,,hearing,2Ch 34:30,"And the king went up to the house of the Lord, with all the men of Judah and the inhabitants of Jerusalem and the priests and the Levites, all the people both great and small. And he read in their hearing all the words of the Book of the Covenant that had been found in the house of the Lord."
H0241,H0241G H9002,,,ears,Neh 8:3,"And he read from it facing the square before the Water Gate from early morning until midday, in the presence of the men and the women and those who could understand. And the ears of all the people were attentive to the Book of the Law."
H0241,H0241H H9003,,,hearing,Neh 13:1,"On that day they read from the Book of Moses in the hearing of the people. And in it was found written that no Ammonite or Moabite should ever enter the assembly of God,"
H0241,H0241H H9003,,,hearing,Jer 29:29,Zephaniah the priest read this letter in the hearing of Jeremiah the prophet.
H0241,H0241H H9003,,,hearing,Jer 36:6,"so you are to go, and on a day of fasting in the hearing of all the people in the Lord’s house you shall read the words of the Lord from the scroll that you have written at my dictation. You shall read them also in the hearing of all the men of Judah who come out of their cities."
H0241,H0241H H9003,,,hearing,Jer 36:10,"Then, in the hearing of all the people, Baruch read the words of Jeremiah from the scroll, in the house of the Lord, in the chamber of Gemariah the son of Shaphan the secretary, which was in the upper court, at the entry of the New Gate of the Lord’s house."
H0241,H0241H H9003,,,hearing,Jer 36:13,"And Micaiah told them all the words that he had heard, when Baruch read the scroll in the hearing of the people."
H8085,H8085G,to hear: hear,M41,heard,Jer 36:13,"And Micaiah told them all the words that he had heard, when Baruch read the scroll in the hearing of the people."
H0241,H0241I H9002 H9003,,,and,Jer 36:21,"Then the king sent Jehudi to get the scroll, and he took it from the chamber of Elishama the secretary. And Jehudi read it to the king and all the officials who stood beside the king."
H0241,H0241I H9003,,,to,Jer 36:21,"Then the king sent Jehudi to get the scroll, and he took it from the chamber of Elishama the secretary. And Jehudi read it to the king and all the officials who stood beside the king."
H0241,H0241H H9003,,,hearing,Exo 10:2,"and that you may tell in the hearing of your son and of your grandson how I have dealt harshly with the Egyptians and what signs I have done among them, that you may know that I am the Lord.”"
H8085,H8085H H6963L,,,obey,1Sa 28:22,"Now therefore, you also obey your servant. Let me set a morsel of bread before you; and eat, that you may have strength when you go on your way.”"
H8085,H8085G,to hear: hear,M41,hear,Psa 81:5,He made it a decree in Joseph when he went out over the land of Egypt. I hear a language I had not known:
H8085,H8085G,to hear: hear,M41,heard,Isa 66:19,"and I will set a sign among them. And from them I will send survivors to the nations, to Tarshish, Pul, and Lud, who draw the bow, to Tubal and Javan, to the coastlands far away, that have not heard my fame or seen my glory. And they shall declare my glory among the nations."
H8085,H8085G,to hear: hear,M41,Hear,Psa 28:2,"Hear the voice of my pleas for mercy, when I cry to you for help, when I lift up my hands toward your most holy sanctuary."
H8085,H8085G,to hear: hear,M41,hear,Hab 1:2,"O Lord, how long shall I cry for help, and you will not hear? Or cry to you “ Violence!” and you will not save?"
H8085,H8085G H9004 H1961,,,heard,Jos 11:1,"When Jabin, king of Hazor, heard of this, he sent to Jobab king of Madon, and to the king of Shimron, and to the king of Achshaph,"
H8085,H8085G H9002,,,listen,Judg 11:28,But the king of the Ammonites did not listen to the words of Jephthah that he sent to him.
H8085,H8085G,to hear: hear,M41,heard,2Sa 10:7,"And when David heard of it, he sent Joab and all the host of the mighty men."
H8085,H8085G,to hear: hear,M41,hear,2Sa 15:36,"Behold, their two sons are with them there, Ahimaaz, Zadok’s son, and Jonathan, Abiathar’s son, and by them you shall send to me everything you hear.”"
H8085,H8085G,to hear: hear,M41,listened,1Ki 15:20,"And Ben-hadad listened to King Asa and sent the commanders of his armies against the cities of Israel and conquered Ijon, Dan, Abel-beth-maacah, and all Chinneroth, with all the land of Naphtali."
H8085,H8085G,to hear: hear,M41,heard,2Ki 19:4,"It may be that the Lord your God heard all the words of the Rabshakeh, whom his master the king of Assyria has sent to mock the living God, and will rebuke the words that the Lord your God has heard; therefore lift up your prayer for the remnant that is left.”"
H8085,H8085G H0834A,,,heard,2Ki 19:4,"It may be that the Lord your God heard all the words of the Rabshakeh, whom his master the king of Assyria has sent to mock the living God, and will rebuke the words that the Lord your God has heard; therefore lift up your prayer for the remnant that is left.”"
H0241,H0241G,ear,T14,ear,2Ki 19:16,"Incline your ear, O Lord, and hear; open your eyes, O Lord, and see; and hear the words of Sennacherib, which he has sent to mock the living God."
H8085,H8085G,to hear: hear,M41,hear,2Ki 19:16,"Incline your ear, O Lord, and hear; open your eyes, O Lord, and see; and hear the words of Sennacherib, which he has sent to mock the living God."
H8085,H8085G H9021,,,hear,2Ki 19:16,"Incline your ear, O Lord, and hear; open your eyes, O Lord, and see; and hear the words of Sennacherib, which he has sent to mock the living God."
H8085,H8085G H3588A,,,heard,2Ki 20:12,"At that time Merodach-baladan the son of Baladan, king of Babylon, sent envoys with letters and a present to Hezekiah, for he heard that Hezekiah had been sick."
H8085,H8085G,to hear: hear,M41,heard,1Ch 19:8,"When David heard of it, he sent Joab and all the army of the mighty men."
H8085,H8085G,to hear: hear,M41,listened,2Ch 16:4,"And Ben-hadad listened to King Asa and sent the commanders of his armies against the cities of Israel, and they conquered Ijon, Dan, Abel-maim, and all the store cities of Naphtali."
H8085,H8085G,to hear: hear,M41,hear,Isa 37:4,"It may be that the Lord your God will hear the words of the Rabshakeh, whom his master the king of Assyria has sent to mock the living God, and will rebuke the words that the Lord your God has heard; therefore lift up your prayer for the remnant that is left.’”"
H8085,H8085G H0834A,,,heard,Isa 37:4,"It may be that the Lord your God will hear the words of the Rabshakeh, whom his master the king of Assyria has sent to mock the living God, and will rebuke the words that the Lord your God has heard; therefore lift up your prayer for the remnant that is left.’”"
H0241,H0241G,ear,T14,ear,Isa 37:17,"Incline your ear, O Lord, and hear; open your eyes, O Lord, and see; and hear all the words of Sennacherib, which he has sent to mock the living God."
H8085,H8085G,to hear: hear,M41,hear,Isa 37:17,"Incline your ear, O Lord, and hear; open your eyes, O Lord, and see; and hear all the words of Sennacherib, which he has sent to mock the living God."
H8085,H8085G H9021,,,hear,Isa 37:17,"Incline your ear, O Lord, and hear; open your eyes, O Lord, and see; and hear all the words of Sennacherib, which he has sent to mock the living God."
H8085,H8085G,to hear: hear,M41,heard,Isa 39:1,"At that time Merodach-baladan the son of Baladan, king of Babylon, sent envoys with letters and a present to Hezekiah, for he heard that he had been sick and had recovered."
H8085,H8085G H0859D H9002,,,Hear,Jer 29:20,"Hear the word of the Lord, all you exiles whom I sent away from Jerusalem to Babylon:"
H8085,H8085H,to hear: obey,M41,obey,Jer 42:6,"Whether it is good or bad, we will obey the voice of the Lord our God to whom we are sending you, that it may be well with us when we obey the voice of the Lord our God.”"
H8085,H8085H H0853 H9031 H0413 H9033,,,obey,Jer 42:6,"Whether it is good or bad, we will obey the voice of the Lord our God to whom we are sending you, that it may be well with us when we obey the voice of the Lord our God.”"
H8085,H8085H,to hear: obey,M41,obeyed,Jer 42:21,"And I have this day declared it to you, but you have not obeyed the voice of the Lord your God in anything that he sent me to tell you."
H8085,H8085G,to hear: hear,M41,heard,Jer 49:14,"I have heard a message from the Lord, and an envoy has been sent among the nations: “Gather yourselves together and come against her, and rise up for battle!"
H8085,H8085G H9031,,,listen,Eze 3:6,"not to many peoples of foreign speech and a hard language, whose words you cannot understand. Surely, if I sent you to such, they would listen to you."
H8085,H8085J,to hear: understand,M41,understand,Eze 3:6,"not to many peoples of foreign speech and a hard language, whose words you cannot understand. Surely, if I sent you to such, they would listen to you."
H8085,H8085G H9005 H3588B H0518B,,,hearing,Amo 8:11,"“ Behold, the days are coming,” declares the Lord God, “when I will send a famine on the land — not a famine of bread, nor a thirst for water, but of hearing the words of the Lord."
H8085,H8085H,to hear: obey,M41,diligently,Zec 6:15,"“And those who are far off shall come and help to build the temple of the Lord. And you shall know that the Lord of hosts has sent me to you. And this shall come to pass, if you will diligently obey the voice of the Lord your God.”"
H8085,H8085H,to hear: obey,M41,obey,Zec 6:15,"“And those who are far off shall come and help to build the temple of the Lord. And you shall know that the Lord of hosts has sent me to you. And this shall come to pass, if you will diligently obey the voice of the Lord your God.”"
H8085,H8085G,to hear: hear,M41,hear,Jos 7:9,For the Canaanites and all the inhabitants of the land will hear of it and will surround us and cut off our name from the earth. And what will you do for your great name?”
H2803,H2803H,to devise: count,M64,counted,2Sa 4:2,"Now Saul’s son had two men who were captains of raiding bands; the name of the one was Baanah, and the name of the other Rechab, sons of Rimmon a man of Benjamin from Beeroth ( for Beeroth also is counted part of Benjamin;"
H8085,H8085G H3588A,,,hear,1Ki 8:42,"(for they shall hear of your great name and your mighty hand, and of your outstretched arm ), when he comes and prays toward this house,"
H8085,H8085G,to hear: hear,M41,heard,1Ki 10:1,"Now when the queen of Sheba heard of the fame of Solomon concerning the name of the Lord, she came to test him with hard questions."
H2803,H2803G,to devise: design,M64,skillful men,2Ch 26:15,"In Jerusalem he made machines, invented by skillful men, to be on the towers and the corners, to shoot arrows and great stones. And his fame spread far, for he was marvelously helped, till he was strong."
H4284,H4284,plot,M06,invented,2Ch 26:15,"In Jerusalem he made machines, invented by skillful men, to be on the towers and the corners, to shoot arrows and great stones. And his fame spread far, for he was marvelously helped, till he was strong."
H8085,H8085G,to hear: hear,M41,heard,Psa 61:5,"For you, O God, have heard my vows; you have given me the heritage of those who fear your name."
H2803,H2803I H9030,,,devised,Jer 11:19,"But I was like a gentle lamb led to the slaughter. I did not know it was against me they devised schemes, saying, “Let us destroy the tree with its fruit, let us cut him off from the land of the living, that his name be remembered no more.”"
H4284,H4284,plot,M06,schemes,Jer 11:19,"But I was like a gentle lamb led to the slaughter. I did not know it was against me they devised schemes, saying, “Let us destroy the tree with its fruit, let us cut him off from the land of the living, that his name be remembered no more.”"
H8085,H8085G,to hear: hear,M41,listen,Jer 13:11,"For as the loincloth clings to the waist of a man, so I made the whole house of Israel and the whole house of Judah cling to me, declares the Lord, that they might be for me a people, a name, a praise, and a glory, but they would not listen."
H2803,H2803J H9009,,,think,Jer 23:27,"who think to make my people forget my name by their dreams that they tell one another, even as their fathers forgot my name for Baal?"
H8085,H8085I,to hear: proclaim,M41,summoned,1Sa 15:4,"So Saul summoned the people and numbered them in Telaim, two hundred thousand men on foot, and ten thousand men of Judah."
H8085,H8085I,to hear: proclaim,M41,summoned,1Sa 23:8,"And Saul summoned all the people to war, to go down to Keilah, to besiege David and his men."
H8085,H8085I,to hear: proclaim,M41,made a proclamation,1Ki 15:22,"Then King Asa made a proclamation to all Judah, none was exempt, and they carried away the stones of Ramah and its timber, with which Baasha had been building, and with them King Asa built Geba of Benjamin and Mizpah."
H8085,H8085I H9005,,,sound,1Ch 15:19,"The singers, Heman, Asaph, and Ethan, were to sound bronze cymbals;"
H8085,H8085I,to hear: proclaim,M41,loud music,1Ch 15:28,"So all Israel brought up the ark of the covenant of the Lord with shouting, to the sound of the horn, trumpets, and cymbals, and made loud music on harps and lyres."
H8085,H8085I,to hear: proclaim,M41,sound,1Ch 16:5,"Asaph was the chief, and second to him were Zechariah, Jeiel, Shemiramoth, Jehiel, Mattithiah, Eliab, Benaiah, Obed-edom, and Jeiel, who were to play harps and lyres; Asaph was to sound the cymbals,"
H8085,H8085I H9005,,,music,1Ch 16:42,Heman and Jeduthun had trumpets and cymbals for the music and instruments for sacred song. The sons of Jeduthun were appointed to the gate.
H8085,H8085I,to hear: proclaim,M41,sang,Neh 12:42,"and Maaseiah, Shemaiah, Eleazar, Uzzi, Jehohanan, Malchijah, Elam, and Ezer. And the singers sang with Jezrahiah as their leader."
H8085,H8085I,to hear: proclaim,M41,proclaimed,Est 1:20,"So when the decree made by the king is proclaimed throughout all his kingdom, for it is vast, all women will give honor to their husbands, high and low alike.”"
H8085,H8085I H9003,,,proclaimed,Est 2:8,"So when the king’s order and his edict were proclaimed, and when many young women were gathered in Susa the citadel in custody of Hegai, Esther also was taken into the king’s palace and put in custody of Hegai, who had charge of the women."
H8085,H8085I H9005,,,proclaiming,Psa 26:7,"proclaiming thanksgiving aloud, and telling all your wondrous deeds."
H8085,H8085I,to hear: proclaim,M41,declare,Psa 106:2,"Who can utter the mighty deeds of the Lord, or declare all his praise?"
H8085,H8085I,to hear: proclaim,M41,declare,Isa 41:22,"Let them bring them, and tell us what is to happen. Tell us the former things, what they are, that we may consider them, that we may know their outcome; or declare to us the things to come."
H8085,H8085I,to hear: proclaim,M41,tell,Isa 42:9,"Behold, the former things have come to pass, and new things I now declare; before they spring forth I tell you of them.”"
H8085,H8085I,to hear: proclaim,M41,proclaimed,Isa 43:12,"I declared and saved and proclaimed, when there was no strange god among you; and you are my witnesses,” declares the Lord, “and I am God."
H8085,H8085I,to hear: proclaim,M41,told,Isa 45:21,"Declare and present your case; let them take counsel together! Who told this long ago? Who declared it of old? Was it not I, the Lord? And there is no other god besides me, a righteous God and a Savior; there is none besides me."
H8085,H8085I,to hear: proclaim,M41,announced,Isa 48:3,"“The former things I declared of old; they went out from my mouth, and I announced them; then suddenly I did them, and they came to pass."
H8085,H8085G,to hear: hear,M41,heard,Isa 48:6,"“You have heard; now see all this; and will you not declare it? From this time forth I announce to you new things, hidden things that you have not known."
H8085,H8085I,to hear: proclaim,M41,you,Isa 48:6,"“You have heard; now see all this; and will you not declare it? From this time forth I announce to you new things, hidden things that you have not known."
H8085,H8085I,to hear: proclaim,M41,proclaims,Jer 4:15,For a voice declares from Dan and proclaims trouble from Mount Ephraim.
H8085,H8085I,to hear: proclaim,M41,announce,Jer 4:16,"Warn the nations that he is coming; announce to Jerusalem, “ Besiegers come from a distant land; they shout against the cities of Judah."
H8085,H8085I H9020,,,proclaimed,Jer 23:22,"But if they had stood in my council, then they would have proclaimed my words to my people, and they would have turned them from their evil way, and from the evil of their deeds."
H8085,H8085I,to hear: proclaim,M41,Summon,Jer 50:29,"“ Summon archers against Babylon, all those who bend the bow. Encamp around her; let no one escape. Repay her according to her deeds; do to her according to all that she has done. For she has proudly defied the Lord, the Holy One of Israel."
H8085,H8085I,to hear: proclaim,M41,summon,Jer 51:27,"“Set up a standard on the earth; blow the trumpet among the nations; prepare the nations for war against her; summon against her the kingdoms, Ararat, Minni, and Ashkenaz; appoint a marshal against her; bring up horses like bristling locusts."
H8085,H8085I,to hear: proclaim,M41,publishes,Nah 1:15,"Behold, upon the mountains, the feet of him who brings good news, who publishes peace! Keep your feasts, O Judah; fulfill your vows, for never again shall the worthless pass through you; he is utterly cut off."
G0191,G0191,to hear,T3,heard,Luk 1:58,"And her neighbors and relatives heard that the Lord had shown great mercy to her, and they rejoiced with her."
G0191,G0191,to hear,T3,heard,Jam 5:11,"Behold, we consider those blessed who remained steadfast. You have heard of the steadfastness of Job, and you have seen the purpose of the Lord, how the Lord is compassionate and merciful."
H8085,H8085G,to hear: hear,M41,listen,Deu 13:8,"you shall not yield to him or listen to him, nor shall your eye pity him, nor shall you spare him, nor shall you conceal him."
H8085,H8085G,to hear: hear,M41,Hear,Psa 30:10,"Hear, O Lord, and be merciful to me! O Lord, be my helper!”"
H8085,H8085G,to hear: hear,M41,listen,Deu 7:12,"“And because you listen to these rules and keep and do them, the Lord your God will keep with you the covenant and the steadfast love that he swore to your fathers."
H8085,H8085G,to hear: hear,M41,hear,Psa 143:8,"Let me hear in the morning of your steadfast love, for in you I trust. Make me know the way I should go, for to you I lift up my soul."
H8085,H8085G,to hear: hear,M41,Hear,Hos 4:1,"Hear the word of the Lord, O children of Israel, for the Lord has a controversy with the inhabitants of the land. There is no faithfulness or steadfast love, and no knowledge of God in the land;"
H8085,H8085G,to hear: hear,M41,heard,Job 2:11,"Now when Job’s three friends heard of all this evil that had come upon him, they came each from his own place, Eliphaz the Temanite, Bildad the Shuhite, and Zophar the Naamathite. They made an appointment together to come to show him sympathy and comfort him."
H8085,H8085G,to hear: hear,M41,hear,Jer 20:16,"Let that man be like the cities that the Lord overthrew without pity; let him hear a cry in the morning and an alarm at noon,"
H8085,H8085G,to hear: hear,M41,listen,2Ch 35:22,"Nevertheless, Josiah did not turn away from him, but disguised himself in order to fight with him. He did not listen to the words of Neco from the mouth of God, but came to fight in the plain of Megiddo."
H2803,H2803H,to devise: count,M64,classified,Lev 25:31,"But the houses of the villages that have no wall around them shall be classified with the fields of the land. They may be redeemed, and they shall be released in the jubilee."
H8085,H8085G,to hear: hear,M41,Listen,Isa 46:3,"“ Listen to me, O house of Jacob, all the remnant of the house of Israel, who have been borne by me from before your birth, carried from the womb;"
H8085,H8085G,to hear: hear,M41,heard,Neh 9:28,"But after they had rest they did evil again before you, and you abandoned them to the hand of their enemies, so that they had dominion over them. Yet when they turned and cried to you, you heard from heaven, and many times you delivered them according to your mercies."
G0191,G0191,to hear,T3,hear,Mat 12:42,"The queen of the South will rise up at the judgment with this generation and condemn it, for she came from the ends of the earth to hear the wisdom of Solomon, and behold, something greater than Solomon is here."
G0191,G0191,to hear,T3,heard,Mar 14:64,You have heard his blasphemy. What is your decision?” And they all condemned him as deserving death.
G0191,G0191,to hear,T3,hear,Luk 11:31,"The queen of the South will rise up at the judgment with the men of this generation and condemn them, for she came from the ends of the earth to hear the wisdom of Solomon, and behold, something greater than Solomon is here."
G0191,G0191,to hear,T3,hearing,Joh 7:51,“Does our law judge a man without first giving him a hearing and learning what he does?”
G0191,G0191,to hear,T3,listen,Act 4:19,"But Peter and John answered them, “ Whether it is right in the sight of God to listen to you rather than to God, you must judge,"
G0191,G0191,to hear,T3,listen,Mar 6:11,"And if any place will not receive you and they will not listen to you, when you leave, shake off the dust that is on your feet as a testimony against them.”"
H8085,H8085G,to hear: hear,M41,us,Gen 23:6,"“Hear us, my lord; you are a prince of God among us. Bury your dead in the choicest of our tombs. None of us will withhold from you his tomb to hinder you from burying your dead.”"
H8085,H8085G H9020,,,hear me,Gen 23:11,"“ No, my lord, hear me: I give you the field, and I give you the cave that is in it. In the sight of the sons of my people I give it to you. Bury your dead.”"
H8085,H8085G H9020,,,listen,Gen 23:15,"“My lord, listen to me: a piece of land worth four hundred shekels of silver, what is that between you and me? Bury your dead.”"
H8085,H8085G,to hear: hear,M41,heard,Exo 28:35,"And it shall be on Aaron when he ministers, and its sound shall be heard when he goes into the Holy Place before the Lord, and when he comes out, so that he does not die."
H8085,H8085G H9005,,,hear,Deu 5:25,"Now therefore why should we die? For this great fire will consume us. If we hear the voice of the Lord our God any more, we shall die."
H8085,H8085H,to hear: obey,M41,obeying,Deu 17:12,"The man who acts presumptuously by not obeying the priest who stands to minister there before the Lord your God, or the judge, that man shall die. So you shall purge the evil from Israel."
H8085,H8085H,to hear: obey,M41,obeyed,Deu 26:14,"I have not eaten of the tithe while I was mourning, or removed any of it while I was unclean, or offered any of it to the dead. I have obeyed the voice of the Lord my God. I have done according to all that you have commanded me."
H8085,H8085G H9005,,,listen,Judg 20:13,"Now therefore give up the men, the worthless fellows in Gibeah, that we may put them to death and purge evil from Israel.” But the Benjaminites would not listen to the voice of their brothers, the people of Israel."
H8085,H8085G H9005 H9033 H9002,,,listen,1Sa 2:25,"If someone sins against a man, God will mediate for him, but if someone sins against the Lord, who can intercede for him?” But they would not listen to the voice of their father, for it was the will of the Lord to put them to death."
H8085,H8085G,to hear: hear,M41,listened to,1Sa 19:6,"And Saul listened to the voice of Jonathan. Saul swore, “As the Lord lives, he shall not be put to death.”"
H8085,H8085G,to hear: hear,M41,heard,2Sa 4:1,"When Ish-bosheth, Saul’s son, heard that Abner had died at Hebron, his courage failed, and all Israel was dismayed."
H8085,H8085G,to hear: hear,M41,heard,2Sa 11:26,"When the wife of Uriah heard that Uriah her husband was dead, she lamented over her husband."
H2803,H2803G,to devise: design,M64,devises,2Sa 14:14,"We must all die; we are like water spilled on the ground, which cannot be gathered up again. But God will not take away life, and he devises means so that the banished one will not remain an outcast."
H4284,H4284,plot,M06,means,2Sa 14:14,"We must all die; we are like water spilled on the ground, which cannot be gathered up again. But God will not take away life, and he devises means so that the banished one will not remain an outcast."
H8085,H8085G H9004 H1961,,,heard,1Ki 21:16,"And as soon as Ahab heard that Naboth was dead, Ahab arose to go down to the vineyard of Naboth the Jezreelite, to take possession of it."
H8085,H8085G,to hear: hear,M41,listened,2Ki 16:9,"And the king of Assyria listened to him. The king of Assyria marched up against Damascus and took it, carrying its people captive to Kir, and he killed Rezin."
H8085,H8085G,to hear: hear,M41,hear,Jer 37:20,"Now hear, please, O my lord the king: let my humble plea come before you and do not send me back to the house of Jonathan the secretary, lest I die there.”"
H4209,H4209,plot,M06,evil devices,Pro 12:2,"A good man obtains favor from the Lord, but a man of evil devices he condemns."
H2803,H2803I,to devise: devise,M64,planned,Psa 140:4,"Guard me, O Lord, from the hands of the wicked; preserve me from violent men, who have planned to trip up my feet."
H4284,H4284,plot,M06,thoughts,Pro 12:5,The thoughts of the righteous are just; the counsels of the wicked are deceitful.
H8085,H8085G,to hear: hear,M41,hears,Pro 15:29,"The Lord is far from the wicked, but he hears the prayer of the righteous."
H7181,H7181,to listen,M41,listens,Pro 29:12,"If a ruler listens to falsehood, all his officials will be wicked."
H2803,H2803H,to devise: count,M64,calculate,Lev 25:52,"If there remain but a few years until the year of jubilee, he shall calculate and pay for his redemption in proportion to his years of service."
H8085,H8085H,to hear: obey,M41,listen,Judg 2:17,"Yet they did not listen to their judges, for they whored after other gods and bowed down to them. They soon turned aside from the way in which their fathers had walked, who had obeyed the commandments of the Lord, and they did not do so."
H8085,H8085H H9005 H9028,,,obeyed,Judg 2:17,"Yet they did not listen to their judges, for they whored after other gods and bowed down to them. They soon turned aside from the way in which their fathers had walked, who had obeyed the commandments of the Lord, and they did not do so."
H8085,H8085G H9038,,,hear,Psa 141:6,"When their judges are thrown over the cliff, then they shall hear my words, for they are pleasant."
H0241,H0241G,ear,T14,ears,Isa 11:3,"And his delight shall be in the fear of the Lord. He shall not judge by what his eyes see, or decide disputes by what his ears hear,"
H8085,H8085G H9002,,,listen,Exo 7:4,"Pharaoh will not listen to you. Then I will lay my hand on Egypt and bring my hosts, my people the children of Israel, out of the land of Egypt by great acts of judgment."
G3053,G3053,thought,M15,conflicting thoughts,Rom 2:15,"They show that the work of the law is written on their hearts, while their conscience also bears witness, and their conflicting thoughts accuse or even excuse them"
G0191,G0191,to hear,T3,heard,Mar 6:20,"for Herod feared John, knowing that he was a righteous and holy man, and he kept him safe. When he heard him, he was greatly perplexed, and yet he heard him gladly."
G0191,G0191,to hear,T3,hearing,Act 2:33,"Being therefore exalted at the right hand of God, and having received from the Father the promise of the Holy Spirit, he has poured out this that you yourselves are seeing and hearing."
G0191,G0191,to hear,T3,heard,Act 10:44,"While Peter was still saying these things, the Holy Spirit fell on all who heard the word."
G0191,G0191,to hear,T3,heard,Eph 1:13,"In him you also, when you heard the word of truth, the gospel of your salvation, and believed in him, were sealed with the promised Holy Spirit,"
G0191,G0191 G2532,,,heard,2Pe 1:18,"we ourselves heard this very voice borne from heaven, for we were with him on the holy mountain."
H4284,H4284,plot,M06,skilled,Exo 35:33,"in cutting stones for setting, and in carving wood, for work in every skilled craft."
H2803,H2803G,to devise: design,M64,designer,Exo 35:35,"He has filled them with skill to do every sort of work done by an engraver or by a designer or by an embroiderer in blue and purple and scarlet yarns and fine twined linen, or by a weaver —by any sort of workman or skilled designer."
H2803,H2803G H3605,,,skilled,Exo 35:35,"He has filled them with skill to do every sort of work done by an engraver or by a designer or by an embroiderer in blue and purple and scarlet yarns and fine twined linen, or by a weaver —by any sort of workman or skilled designer."
H4284,H4284,plot,M06,designer,Exo 35:35,"He has filled them with skill to do every sort of work done by an engraver or by a designer or by an embroiderer in blue and purple and scarlet yarns and fine twined linen, or by a weaver —by any sort of workman or skilled designer."
H8085,H8085G H1961 H0518A H8085G,,,listen,Jer 17:24,"“‘But if you listen to me, declares the Lord, and bring in no burden by the gates of this city on the Sabbath day, but keep the Sabbath day holy and do no work on it,"
H8085,H8085H,to hear: obey,M41,listen,Jer 17:27,"But if you do not listen to me, to keep the Sabbath day holy, and not to bear a burden and enter by the gates of Jerusalem on the Sabbath day, then I will kindle a fire in its gates, and it shall devour the palaces of Jerusalem and shall not be quenched.’”"
H2803,H2803H H9023,,,calculate,Lev 27:18,"but if he dedicates his field after the jubilee, then the priest shall calculate the price according to the years that remain until the year of jubilee, and a deduction shall be made from the valuation."
H2803,H2803H,to devise: count,M64,calculate,Lev 27:23,"then the priest shall calculate the amount of the valuation for it up to the year of jubilee, and the man shall give the valuation on that day as a holy gift to the Lord."
H8085,H8085G,to hear: hear,M41,heard,2Ch 30:27,"Then the priests and the Levites arose and blessed the people, and their voice was heard, and their prayer came to his holy habitation in heaven."
H7181,H7181 H9028,,,attention,Mic 1:2,"Hear, you peoples, all of you; pay attention, O earth, and all that is in it, and let the Lord God be a witness against you, the Lord from his holy temple."
H8085,H8085G,to hear: hear,M41,Hear,Mic 1:2,"Hear, you peoples, all of you; pay attention, O earth, and all that is in it, and let the Lord God be a witness against you, the Lord from his holy temple."
G0191,G0191,to hear,T3,hear,Phili 1:30,engaged in the same conflict that you saw I had and now hear that I still have.
G0191,G0191,to hear,T3,listen,Act 26:3,especially because you are familiar with all the customs and controversies of the Jews. Therefore I beg you to listen to me patiently.
H8085,H8085G,to hear: hear,M41,heard,Lev 10:20,"And when Moses heard that, he approved."
H8085,H8085H,to hear: obey,M41,obey,Deu 12:28,"Be careful to obey all these words that I command you, that it may go well with you and with your children after you forever, when you do what is good and right in the sight of the Lord your God."
H8085,H8085G,to hear: hear,M41,heard,2Ki 9:30,"When Jehu came to Jezreel, Jezebel heard of it. And she painted her eyes and adorned her head and looked out of the window."
H8085,H8085G,to hear: hear,M41,hear,Eze 33:32,"And behold, you are to them like one who sings lustful songs with a beautiful voice and plays well on an instrument, for they hear what you say, but they will not do it."
H8085,H8085G H9005,,,heard,Isa 58:4,"Behold, you fast only to quarrel and to fight and to hit with a wicked fist. Fasting like yours this day will not make your voice to be heard on high."
H7181,H7181 H9020,,,listen,Job 13:6,Hear now my argument and listen to the pleadings of my lips.
H8085,H8085G,to hear: hear,M41,Hear,Job 13:6,Hear now my argument and listen to the pleadings of my lips.
H8085,H8085G,to hear: hear,M41,Hear,Mic 6:2,"Hear, you mountains, the indictment of the Lord, and you enduring foundations of the earth, for the Lord has an indictment against his people, and he will contend with Israel."
H8085,H8085G,to hear: hear,M41,heard,Gen 3:8,"And they heard the sound of the Lord God walking in the garden in the cool of the day, and the man and his wife hid themselves from the presence of the Lord God among the trees of the garden."
H8085,H8085G,to hear: hear,M41,heard,Gen 14:14,"When Abram heard that his kinsman had been taken captive, he led forth his trained men, born in his house, 318 of them, and went in pursuit as far as Dan."
H0241,H0241H H9003,,,hearing,Gen 23:16,"Abraham listened to Ephron, and Abraham weighed out for Ephron the silver that he had named in the hearing of the Hittites, four hundred shekels of silver, according to the weights current among the merchants."
H8085,H8085G,to hear: hear,M41,listened,Gen 23:16,"Abraham listened to Ephron, and Abraham weighed out for Ephron the silver that he had named in the hearing of the Hittites, four hundred shekels of silver, according to the weights current among the merchants."
H8085,H8085G H9004 H1961,,,heard,Gen 29:13,"As soon as Laban heard the news about Jacob, his sister’s son, he ran to meet him and embraced him and kissed him and brought him to his house. Jacob told Laban all these things,"
H8085,H8085G,to hear: hear,M41,listened,Gen 30:17,"And God listened to Leah, and she conceived and bore Jacob a fifth son."
H8085,H8085G,to hear: hear,M41,listened,Gen 30:22,"Then God remembered Rachel, and God listened to her and opened her womb."
H8085,H8085G,to hear: hear,M41,heard,Gen 34:5,"Now Jacob heard that he had defiled his daughter Dinah. But his sons were with his livestock in the field, so Jacob held his peace until they came."
H8085,H8085G,to hear: hear,M41,listen,Gen 34:17,"But if you will not listen to us and be circumcised, then we will take our daughter, and we will be gone.”"
H8085,H8085G,to hear: hear,M41,listened,Gen 34:24,"And all who went out of the gate of his city listened to Hamor and his son Shechem, and every male was circumcised, all who went out of the gate of his city."
H8085,H8085G H9023,,,heard,Gen 35:22,"While Israel lived in that land, Reuben went and lay with Bilhah his father’s concubine. And Israel heard of it. Now the sons of Jacob were twelve."
H8085,H8085G H9025 H1931,,,listened,Gen 37:27,"Come, let us sell him to the Ishmaelites, and let not our hand be upon him, for he is our brother, our own flesh.” And his brothers listened to him."
H8085,H8085G H3588A,,,heard,Gen 43:25,"they prepared the present for Joseph’s coming at noon, for they heard that they should eat bread there."
H8085,H8085G,to hear: hear,M41,heard,Gen 45:2,"And he wept aloud, so that the Egyptians heard it, and the household of Pharaoh heard it."
H8085,H8085G,to hear: hear,M41,listen,Gen 49:2,"“ Assemble and listen, O sons of Jacob, listen to Israel your father."
H8085,H8085G,to hear: hear,M41,heard,Exo 2:15,"When Pharaoh heard of it, he sought to kill Moses. But Moses fled from Pharaoh and stayed in the land of Midian. And he sat down by a well."
H8085,H8085G,to hear: hear,M41,heard,Exo 2:24,"And God heard their groaning, and God remembered his covenant with Abraham, with Isaac, and with Jacob."
H8085,H8085G H9031 H3808 H9002,,,listen,Exo 4:8,"“If they will not believe you,” God said, “ or listen to the first sign, they may believe the latter sign."
H8085,H8085G H0428 H9009 H3808 H9002,,,listen,Exo 4:9,"If they will not believe even these two signs or listen to your voice, you shall take some water from the Nile and pour it on the dry ground, and the water that you shall take from the Nile will become blood on the dry ground.”"
H8085,H8085G,to hear: hear,M41,heard,Exo 4:31,"And the people believed; and when they heard that the Lord had visited the people of Israel and that he had seen their affliction, they bowed their heads and worshiped."
H8085,H8085G H9003,,,heard,Exo 16:7,"and in the morning you shall see the glory of the Lord, because he has heard your grumbling against the Lord. For what are we, that you grumble against us?”"
H8085,H8085G,to hear: hear,M41,heard,Exo 18:1,"Jethro, the priest of Midian, Moses ’ father-in-law, heard of all that God had done for Moses and for Israel his people, how the Lord had brought Israel out of Egypt."
H8085,H8085G,to hear: hear,M41,heard,Exo 33:4,"When the people heard this disastrous word, they mourned, and no one put on his ornaments."
H8085,H8085G,to hear: hear,M41,hears,Lev 5:1,"“If anyone sins in that he hears a public adjuration to testify, and though he is a witness, whether he has seen or come to know the matter, yet does not speak, he shall bear his iniquity;"
H8085,H8085G H9009,,,heard,Lev 24:14,"“ Bring out of the camp the one who cursed, and let all who heard him lay their hands on his head, and let all the congregation stone him."
H8085,H8085G H0518A H9002,,,listen,Lev 26:14,"“But if you will not listen to me and will not do all these commandments,"
H8085,H8085G H0428,,,listen,Lev 26:18,"And if in spite of this you will not listen to me, then I will discipline you again sevenfold for your sins,"
H8085,H8085G,to hear: hear,M41,listen,Lev 26:27,"“But if in spite of this you will not listen to me, but walk contrary to me,"
H8085,H8085G H9030,,,heard,Num 14:27,"“ How long shall this wicked congregation grumble against me? I have heard the grumblings of the people of Israel, which they grumble against me."
H8085,H8085G,to hear: hear,M41,heard,Num 16:4,"When Moses heard it, he fell on his face,"
H8085,H8085G,to hear: hear,M41,heard,Num 21:1,"When the Canaanite, the king of Arad, who lived in the Negeb, heard that Israel was coming by the way of Atharim, he fought against Israel, and took some of them captive."
H8085,H8085G,to hear: hear,M41,heard,Num 22:36,"When Balak heard that Balaam had come, he went out to meet him at the city of Moab, on the border formed by the Arnon, at the extremity of the border."
H8085,H8085G,to hear: hear,M41,hears,Num 24:4,"the oracle of him who hears the words of God, who sees the vision of the Almighty, falling down with his eyes uncovered:"
H8085,H8085G,to hear: hear,M41,hears,Num 24:16,"the oracle of him who hears the words of God, and knows the knowledge of the Most High, who sees the vision of the Almighty, falling down with his eyes uncovered:"
H8085,H8085G,to hear: hear,M41,heard,Num 30:14,"But if her husband says nothing to her from day to day, then he establishes all her vows or all her pledges that are upon her. He has established them, because he said nothing to her on the day that he heard of them."
H8085,H8085G,to hear: hear,M41,heard,Num 33:40,"And the Canaanite, the king of Arad, who lived in the Negeb in the land of Canaan, heard of the coming of the people of Israel."
H8085,H8085G,to hear: hear,M41,listen,Deu 1:45,"And you returned and wept before the Lord, but the Lord did not listen to your voice or give ear to you."
H8085,H8085G,to hear: hear,M41,hear,Deu 4:28,"And there you will serve gods of wood and stone, the work of human hands, that neither see, nor hear, nor eat, nor smell."
H8085,H8085G H9008,,,heard,Deu 4:32,"“ For ask now of the days that are past, which were before you, since the day that God created man on the earth, and ask from one end of heaven to the other, whether such a great thing as this has ever happened or was ever heard of."
H8085,H8085G,to hear: hear,M41,hear,Deu 4:36,"Out of heaven he let you hear his voice, that he might discipline you. And on earth he let you see his great fire, and you heard his words out of the midst of the fire."
H8085,H8085G H9023,,,heard,Deu 4:36,"Out of heaven he let you hear his voice, that he might discipline you. And on earth he let you see his great fire, and you heard his words out of the midst of the fire."
H8085,H8085G H1961,,,heard,Deu 5:23,"And as soon as you heard the voice out of the midst of the darkness, while the mountain was burning with fire, you came near to me, all the heads of your tribes, and your elders."
H8085,H8085G,to hear: hear,M41,Hear,Deu 6:4,"“ Hear, O Israel: The Lord our God, the Lord is one."
H8085,H8085G,to hear: hear,M41,Hear,Deu 9:1,"“ Hear, O Israel: you are to cross over the Jordan today, to go in to dispossess nations greater and mightier than you, cities great and fortified up to heaven,"
H8085,H8085G H9002,,,heard,Deu 9:2,"a people great and tall, the sons of the Anakim, whom you know, and of whom you have heard it said, ‘ Who can stand before the sons of Anak?’"
H8085,H8085G,to hear: hear,M41,listened,Deu 10:10,"“ I myself stayed on the mountain, as at the first time, forty days and forty nights, and the Lord listened to me that time also. The Lord was unwilling to destroy you."
H8085,H8085G,to hear: hear,M41,listen,Deu 13:3,"you shall not listen to the words of that prophet or that dreamer of dreams. For the Lord your God is testing you, to know whether you love the Lord your God with all your heart and with all your soul."
H8085,H8085G,to hear: hear,M41,listen,Deu 18:14,"for these nations, which you are about to dispossess, listen to fortune-tellers and to diviners. But as for you, the Lord your God has not allowed you to do this."
H8085,H8085G H9013 H9021 H9033,,,listen,Deu 18:15,"“The Lord your God will raise up for you a prophet like me from among you, from your brothers —it is to him you shall listen —"
H8085,H8085G H9005 H9021,,,listen,Deu 23:5,"But the Lord your God would not listen to Balaam; instead the Lord your God turned the curse into a blessing for you, because the Lord your God loved you."
H0241,H0241G H9002,,,ears,Deu 29:4,But to this day the Lord has not given you a heart to understand or eyes to see or ears to hear.
H8085,H8085G H9005,,,hear,Deu 29:4,But to this day the Lord has not given you a heart to understand or eyes to see or ears to hear.
H8085,H8085G,to hear: hear,M41,hear,Deu 30:17,"But if your heart turns away, and you will not hear, but are drawn away to worship other gods and serve them,"
H8085,H8085G H3588A,,,heard,Jos 2:10,"For we have heard how the Lord dried up the water of the Red Sea before you when you came out of Egypt, and what you did to the two kings of the Amorites who were beyond the Jordan, to Sihon and Og, whom you devoted to destruction."
H8085,H8085G,to hear: hear,M41,heard,Jos 2:11,"And as soon as we heard it, our hearts melted, and there was no spirit left in any man because of you, for the Lord your God, he is God in the heavens above and on the earth beneath."
H8085,H8085G H9004 H1961,,,heard,Jos 5:1,"As soon as all the kings of the Amorites who were beyond the Jordan to the west, and all the kings of the Canaanites who were by the sea, heard that the Lord had dried up the waters of the Jordan for the people of Israel until they had crossed over, their hearts melted and there was no longer any spirit in them because of the people of Israel."
H8085,H8085G H9004,,,hear,Jos 6:5,"And when they make a long blast with the ram’s horn, when you hear the sound of the trumpet, then all the people shall shout with a great shout, and the wall of the city will fall down flat, and the people shall go up, everyone straight before him.”"
H8085,H8085G H9004 H1961,,,heard,Jos 6:20,"So the people shouted, and the trumpets were blown. As soon as the people heard the sound of the trumpet, the people shouted a great shout, and the wall fell down flat, so that the people went up into the city, every man straight before him, and they captured the city."
H8085,H8085G H9004 H1961,,,heard,Jos 9:1,"As soon as all the kings who were beyond the Jordan in the hill country and in the lowland all along the coast of the Great Sea toward Lebanon, the Hittites, the Amorites, the Canaanites, the Perizzites, the Hivites, and the Jebusites, heard of this,"
H8085,H8085G,to hear: hear,M41,heard,Jos 9:3,"But when the inhabitants of Gibeon heard what Joshua had done to Jericho and to Ai,"
H8085,H8085G,to hear: hear,M41,heard,Jos 9:16,"At the end of three days after they had made a covenant with them, they heard that they were their neighbors and that they lived among them."
H8085,H8085G H9004 H1961,,,heard,Jos 10:1,"As soon as Adoni-zedek, king of Jerusalem, heard how Joshua had captured Ai and had devoted it to destruction, doing to Ai and its king as he had done to Jericho and its king, and how the inhabitants of Gibeon had made peace with Israel and were among them,"
H8085,H8085G H9005 H9033,,,heeded,Jos 10:14,"There has been no day like it before or since, when the Lord heeded the voice of a man, for the Lord fought for Israel."
H8085,H8085G H9005,,,listen,Jos 24:10,"but I would not listen to Balaam. Indeed, he blessed you. So I delivered you out of his hand."
H8085,H8085G,to hear: hear,M41,Hear,Judg 5:3,"“ Hear, O kings; give ear, O princes; to the Lord I will sing; I will make melody to the Lord, the God of Israel."
H8085,H8085G,to hear: hear,M41,hear,Judg 5:16,"Why did you sit still among the sheepfolds, to hear the whistling for the flocks? Among the clans of Reuben there were great searchings of heart."
H8085,H8085G,to hear: hear,M41,heard,Judg 9:46,"When all the leaders of the Tower of Shechem heard of it, they entered the stronghold of the house of El-berith."
H8085,H8085G,to hear: hear,M41,listened,Judg 13:9,"And God listened to the voice of Manoah, and the angel of God came again to the woman as she sat in the field. But Manoah her husband was not with her."
H8085,H8085G H3588A,,,heard,Rut 1:6,"Then she arose with her daughters-in-law to return from the country of Moab, for she had heard in the fields of Moab that the Lord had visited his people and given them food."
H8085,H8085G,to hear: hear,M41,kept hearing,1Sa 2:22,"Now Eli was very old, and he kept hearing all that his sons were doing to all Israel, and how they lay with the women who were serving at the entrance to the tent of meeting."
H8085,H8085G H0834A,,,hear,1Sa 2:24,"No, my sons; it is no good report that I hear the people of the Lord spreading abroad."
H8085,H8085G,to hear: hear,M41,heard,1Sa 14:22,"Likewise, when all the men of Israel who had hidden themselves in the hill country of Ephraim heard that the Philistines were fleeing, they too followed hard after them in the battle."
H8085,H8085G,to hear: hear,M41,heard,1Sa 14:27,"But Jonathan had not heard his father charge the people with the oath, so he put out the tip of the staff that was in his hand and dipped it in the honeycomb and put his hand to his mouth, and his eyes became bright."
H8085,H8085G,to hear: hear,M41,heard,1Sa 22:1,"David departed from there and escaped to the cave of Adullam. And when his brothers and all his father’s house heard it, they went down there to him."
H8085,H8085G,to hear: hear,M41,heard,1Sa 23:25,"And Saul and his men went to seek him. And David was told, so he went down to the rock and lived in the wilderness of Maon. And when Saul heard that, he pursued after David in the wilderness of Maon."
H8085,H8085G,to hear: hear,M41,heard,1Sa 25:4,David heard in the wilderness that Nabal was shearing his sheep.
H8085,H8085G,to hear: hear,M41,listen,1Sa 30:24,"Who would listen to you in this matter? For as his share is who goes down into the battle, so shall his share be who stays by the baggage. They shall share alike.”"
H8085,H8085G,to hear: hear,M41,heard,1Sa 31:11,"But when the inhabitants of Jabesh-gilead heard what the Philistines had done to Saul,"
H8085,H8085G H9004 H1961,,,hear,2Sa 5:24,"And when you hear the sound of marching in the tops of the balsam trees, then rouse yourself, for then the Lord has gone out before you to strike down the army of the Philistines.”"
H8085,H8085G,to hear: hear,M41,heard,2Sa 8:9,"When Toi king of Hamath heard that David had defeated the whole army of Hadadezer,"
H8085,H8085G H3588A,,,hear,2Sa 14:16,For the king will hear and deliver his servant from the hand of the man who would destroy me and my son together from the heritage of God.’
H8085,H8085G H9009,,,hear,2Sa 15:35,"Are not Zadok and Abiathar the priests with you there? So whatever you hear from the king’s house, tell it to Zadok and Abiathar the priests."
H0241,H8085G H9005 H9030 H0241H,,,heard,2Sa 22:45,"Foreigners came cringing to me; as soon as they heard of me, they obeyed me."
H8085,H8085G H9005 H9030 H0241H,,,heard,2Sa 22:45,"Foreigners came cringing to me; as soon as they heard of me, they obeyed me."
H8085,H8085H,to hear: obey,M41,obeyed,2Sa 22:45,"Foreigners came cringing to me; as soon as they heard of me, they obeyed me."
H8085,H8085G,to hear: hear,M41,heard,1Ki 4:34,"And people of all nations came to hear the wisdom of Solomon, and from all the kings of the earth, who had heard of his wisdom."
H8085,H8085G H9005,,,hear,1Ki 4:34,"And people of all nations came to hear the wisdom of Solomon, and from all the kings of the earth, who had heard of his wisdom."
H8085,H8085G,to hear: hear,M41,heard,1Ki 6:7,"When the house was built, it was with stone prepared at the quarry, so that neither hammer nor axe nor any tool of iron was heard in the house while it was being built."
H8085,H8085G H0859A H9002,,,hear,1Ki 8:34,then hear in heaven and forgive the sin of your people Israel and bring them again to the land that you gave to their fathers.
H8085,H8085G H0859A H9002,,,hear,1Ki 8:39,"then hear in heaven your dwelling place and forgive and act and render to each whose heart you know, according to all his ways ( for you, you only, know the hearts of all the children of mankind ),"
H8085,H8085G,to hear: hear,M41,hear,1Ki 8:45,"then hear in heaven their prayer and their plea, and maintain their cause."
H8085,H8085G,to hear: hear,M41,hear,1Ki 8:49,"then hear in heaven your dwelling place their prayer and their plea, and maintain their cause"
H8085,H8085G,to hear: hear,M41,heard,1Ki 10:7,"but I did not believe the reports until I came and my own eyes had seen it. And behold, the half was not told me. Your wisdom and prosperity surpass the report that I heard."
H8085,H8085G H9005,,,hear,1Ki 10:24,"And the whole earth sought the presence of Solomon to hear his wisdom, which God had put into his mind."
H8085,H8085G H9004 H1961,,,heard,1Ki 12:2,"And as soon as Jeroboam the son of Nebat heard of it (for he was still in Egypt, where he had fled from King Solomon ), then Jeroboam returned from Egypt."
H8085,H8085G H9004 H1961,,,heard,1Ki 15:21,"And when Baasha heard of it, he stopped building Ramah, and he lived in Tirzah."
H8085,H8085G H9006 H9038,,,listened,1Ki 20:25,"and muster an army like the army that you have lost, horse for horse, and chariot for chariot. Then we will fight against them in the plain, and surely we shall be stronger than they.” And he listened to their voice and did so."
H8085,H8085G H9004 H1961,,,heard,1Ki 21:27,"And when Ahab heard those words, he tore his clothes and put sackcloth on his flesh and fasted and lay in sackcloth and went about dejectedly."
H8085,H8085G H9004 H1961,,,heard,2Ki 6:30,"When the king heard the words of the woman, he tore his clothes —now he was passing by on the wall —and the people looked, and behold, he had sackcloth beneath on his body —"
H8085,H8085G,to hear: hear,M41,heard,2Ki 11:13,"When Athaliah heard the noise of the guard and of the people, she went into the house of the Lord to the people."
H8085,H8085G,to hear: hear,M41,listened,2Ki 13:4,"Then Jehoahaz sought the favor of the Lord, and the Lord listened to him, for he saw the oppression of Israel, how the king of Syria oppressed them."
H8085,H8085G,to hear: hear,M41,listen,2Ki 14:11,"But Amaziah would not listen. So Jehoash king of Israel went up, and he and Amaziah king of Judah faced one another in battle at Beth-shemesh, which belongs to Judah."
H8085,H8085G H9002,,,listen,2Ki 17:14,"But they would not listen, but were stubborn, as their fathers had been, who did not believe in the Lord their God."
H8085,H8085G H9002,,,listen,2Ki 17:40,"However, they would not listen, but they did according to their former manner."
H8085,H8085G H9004 H1961,,,heard,2Ki 19:1,"As soon as King Hezekiah heard it, he tore his clothes and covered himself with sackcloth and went into the house of the Lord."
H8085,H8085G,to hear: hear,M41,hear,2Ki 19:7,"Behold, I will put a spirit in him, so that he shall hear a rumor and return to his own land, and I will make him fall by the sword in his own land.’”"
H8085,H8085G H3588A,,,heard,2Ki 19:8,"The Rabshakeh returned, and found the king of Assyria fighting against Libnah, for he heard that the king had left Lachish."
H8085,H8085G H2009,,,heard,2Ki 19:11,"Behold, you have heard what the kings of Assyria have done to all lands, devoting them to destruction. And shall you be delivered?"
H8085,H8085G H9008,,,heard,2Ki 19:25,"“Have you not heard that I determined it long ago? I planned from days of old what now I bring to pass, that you should turn fortified cities into heaps of ruins,"
H8085,H8085G,to hear: hear,M41,listen,2Ki 21:9,"But they did not listen, and Manasseh led them astray to do more evil than the nations had done whom the Lord destroyed before the people of Israel."
H8085,H8085G H9004 H1961,,,heard,2Ki 22:11,"When the king heard the words of the Book of the Law, he tore his clothes."
H8085,H8085G,to hear: hear,M41,heard,2Ki 25:23,"Now when all the captains and their men heard that the king of Babylon had appointed Gedaliah governor, they came with their men to Gedaliah at Mizpah, namely, Ishmael the son of Nethaniah, and Johanan the son of Kareah, and Seraiah the son of Tanhumeth the Netophathite, and Jaazaniah the son of the Maacathite."
H8085,H8085G,to hear: hear,M41,heard,1Ch 10:11,"But when all Jabesh-gilead heard all that the Philistines had done to Saul,"
H8085,H8085G H9004 H1961,,,hear,1Ch 14:15,"And when you hear the sound of marching in the tops of the balsam trees, then go out to battle, for God has gone out before you to strike down the army of the Philistines.”"
H0241,H0241G H9003,,,ears,1Ch 17:20,"There is none like you, O Lord, and there is no God besides you, according to all that we have heard with our ears."
H8085,H8085G,to hear: hear,M41,heard,1Ch 17:20,"There is none like you, O Lord, and there is no God besides you, according to all that we have heard with our ears."
H8085,H8085G,to hear: hear,M41,heard,1Ch 18:9,"When Tou king of Hamath heard that David had defeated the whole army of Hadadezer, king of Zobah,"
H8085,H8085G H0859A H9002,,,hear,2Ch 6:25,then hear from heaven and forgive the sin of your people Israel and bring them again to the land that you gave to them and to their fathers.
H8085,H8085G H0859A H9002,,,hear,2Ch 6:30,"then hear from heaven your dwelling place and forgive and render to each whose heart you know, according to all his ways, for you, you only, know the hearts of the children of mankind,"
H8085,H8085G,to hear: hear,M41,hear,2Ch 6:35,"then hear from heaven their prayer and their plea, and maintain their cause."
H8085,H8085G,to hear: hear,M41,hear,2Ch 6:39,"then hear from heaven your dwelling place their prayer and their pleas, and maintain their cause and forgive your people who have sinned against you."
H8085,H8085G H0834A,,,heard,2Ch 9:6,"but I did not believe the reports until I came and my own eyes had seen it. And behold, half the greatness of your wisdom was not told me; you surpass the report that I heard."
H8085,H8085G H9005,,,hear,2Ch 9:23,"And all the kings of the earth sought the presence of Solomon to hear his wisdom, which God had put into his mind."
H8085,H8085G H9004 H1961,,,heard,2Ch 10:2,"And as soon as Jeroboam the son of Nebat heard of it (for he was in Egypt, where he had fled from King Solomon ), then Jeroboam returned from Egypt."
H8085,H8085G H9004 H1961,,,heard,2Ch 16:5,"And when Baasha heard of it, he stopped building Ramah and let his work cease."
H8085,H8085G H0227A,,,listened,2Ch 24:17,Now after the death of Jehoiada the princes of Judah came and paid homage to the king. Then the king listened to them.
H8085,H8085G,to hear: hear,M41,listen,2Ch 25:20,"But Amaziah would not listen, for it was of God, in order that he might give them into the hand of their enemies, because they had sought the gods of Edom."
H8085,H8085G,to hear: hear,M41,heard,2Ch 30:20,And the Lord heard Hezekiah and healed the people.
H8085,H8085G H9005 H9033,,,heard,2Ch 33:13,"He prayed to him, and God was moved by his entreaty and heard his plea and brought him again to Jerusalem into his kingdom. Then Manasseh knew that the Lord was God."
H8085,H8085G H9004 H1961,,,heard,2Ch 34:19,"And when the king heard the words of the Law, he tore his clothes."
H8085,H8085G H0589,,,heard,2Ch 34:27,"because your heart was tender and you humbled yourself before God when you heard his words against this place and its inhabitants, and you have humbled yourself before me and have torn your clothes and wept before me, I also have heard you, declares the Lord."
H8085,H8085G H9003,,,heard,2Ch 34:27,"because your heart was tender and you humbled yourself before God when you heard his words against this place and its inhabitants, and you have humbled yourself before me and have torn your clothes and wept before me, I also have heard you, declares the Lord."
H8085,H8085G,to hear: hear,M41,heard,Ezr 3:13,"so that the people could not distinguish the sound of the joyful shout from the sound of the people’s weeping, for the people shouted with a great shout, and the sound was heard far away."
H8085,H8085G H9002,,,heard,Ezr 9:3,"As soon as I heard this, I tore my garment and my cloak and pulled hair from my head and beard and sat appalled."
H8085,H8085G H1961,,,heard,Neh 1:4,"As soon as I heard these words I sat down and wept and mourned for days, and I continued fasting and praying before the God of heaven."
H8085,H8085G,to hear: hear,M41,Hear,Neh 4:4,"Hear, O our God, for we are despised. Turn back their taunt on their own heads and give them up to be plundered in a land where they are captives."
H8085,H8085G,to hear: hear,M41,hear,Neh 4:20,"In the place where you hear the sound of the trumpet, rally to us there. Our God will fight for us.”"
H8085,H8085G H9005,,,heard,Neh 8:2,"So Ezra the priest brought the Law before the assembly, both men and women and all who could understand what they heard, on the first day of the seventh month."
H8085,H8085G H9028,,,heard,Neh 9:9,"“And you saw the affliction of our fathers in Egypt and heard their cry at the Red Sea,"
H8085,H8085G,to hear: hear,M41,heard,Neh 12:43,"And they offered great sacrifices that day and rejoiced, for God had made them rejoice with great joy; the women and children also rejoiced. And the joy of Jerusalem was heard far away."
H8085,H8085G H1961,,,heard,Neh 13:3,"As soon as the people heard the law, they separated from Israel all those of foreign descent."
H8085,H8085G H9008 H9002 H9005 H9036,,,listen,Neh 13:27,Shall we then listen to you and do all this great evil and act treacherously against our God by marrying foreign women?”
H8085,H8085G,to hear: hear,M41,heard,Job 4:16,"It stood still, but I could not discern its appearance. A form was before my eyes; there was silence, then I heard a voice:"
H8085,H8085G H1931,,,Hear,Job 5:27,"Behold, this we have searched out; it is true. Hear, and know it for your good.”"
H0241,H0241G,ear,T14,ear,Job 13:1,"“Behold, my eye has seen all this, my ear has heard and understood it."
H8085,H8085G H9020,,,heard,Job 13:1,"“Behold, my eye has seen all this, my ear has heard and understood it."
H0241,H0241G H9003 H9020,,,ears,Job 13:17,"Keep listening to my words, and let my declaration be in your ears."
H8085,H8085G,to hear: hear,M41,Keep,Job 13:17,"Keep listening to my words, and let my declaration be in your ears."
H8085,H8085G,to hear: hear,M41,listening,Job 13:17,"Keep listening to my words, and let my declaration be in your ears."
H8085,H8085G,to hear: hear,M41,listened,Job 15:8,Have you listened in the council of God? And do you limit wisdom to yourself?
H8085,H8085G H9031,,,hear,Job 15:17,"“I will show you; hear me, and what I have seen I will declare"
H8085,H8085G,to hear: hear,M41,Keep,Job 21:2,"“ Keep listening to my words, and let this be your comfort."
H8085,H8085G,to hear: hear,M41,listening,Job 21:2,"“ Keep listening to my words, and let this be your comfort."
H8085,H8085G H9033,,,hear,Job 22:27,"You will make your prayer to him, and he will hear you, and you will pay your vows."
H8085,H8085G,to hear: hear,M41,hear,Job 26:14,"Behold, these are but the outskirts of his ways, and how small a whisper do we hear of him! But the thunder of his power who can understand?”"
H8085,H8085G H9005 H9030,,,listened,Job 29:21,“Men listened to me and waited and kept silence for my counsel.
H8085,H8085G,to hear: hear,M41,hear,Job 33:1,"“ But now, hear my speech, O Job, and listen to all my words."
H8085,H8085G H0859A,,,listen,Job 33:33,"If not, listen to me; be silent, and I will teach you wisdom.”"
H8085,H8085G,to hear: hear,M41,Hear,Job 34:2,"“ Hear my words, you wise men, and give ear to me, you who know;"
H8085,H8085G,to hear: hear,M41,hear,Job 34:10,"“ Therefore, hear me, you men of understanding: far be it from God that he should do wickedness, and from the Almighty that he should do wrong."
H8085,H8085G,to hear: hear,M41,hear,Job 34:16,"“ If you have understanding, hear this; listen to what I say."
H8085,H8085G,to hear: hear,M41,heard,Job 34:28,"so that they caused the cry of the poor to come to him, and he heard the cry of the afflicted —"
H8085,H8085G,to hear: hear,M41,hear,Job 35:13,"Surely God does not hear an empty cry, nor does the Almighty regard it."
H8085,H8085G,to hear: hear,M41,listen,Job 36:11,"If they listen and serve him, they complete their days in prosperity, and their years in pleasantness."
H8085,H8085G,to hear: hear,M41,listen,Job 36:12,"But if they do not listen, they perish by the sword and die without knowledge."
H8085,H8085G H9038 H3588A,,,heard,Job 37:4,"After it his voice roars; he thunders with his majestic voice, and he does not restrain the lightnings when his voice is heard."
H8085,H8085G,to hear: hear,M41,hears,Job 39:7,He scorns the tumult of the city; he hears not the shouts of the driver.
H0241,H0241G,ear,T14,ear,Job 42:5,"I had heard of you by the hearing of the ear, but now my eye sees you;"
H8085,H8085G,to hear: hear,M41,heard,Job 42:5,"I had heard of you by the hearing of the ear, but now my eye sees you;"
H8085,H8085G,to hear: hear,M41,hear,Psa 5:3,"O Lord, in the morning you hear my voice; in the morning I prepare a sacrifice for you and watch."
H8085,H8085G,to hear: hear,M41,heard,Psa 6:9,The Lord has heard my plea; the Lord accepts my prayer.
H0241,H0241G,ear,T14,ear,Psa 10:17,"O Lord, you hear the desire of the afflicted; you will strengthen their heart; you will incline your ear"
H7181,H7181 H9028,,,incline,Psa 10:17,"O Lord, you hear the desire of the afflicted; you will strengthen their heart; you will incline your ear"
H8085,H8085G,to hear: hear,M41,hear,Psa 10:17,"O Lord, you hear the desire of the afflicted; you will strengthen their heart; you will incline your ear"
H7181,H7181,to listen,M41,attend,Psa 17:1,"A Prayer of David. Hear a just cause, O Lord; attend to my cry! Give ear to my prayer from lips free of deceit!"
H8085,H8085G,to hear: hear,M41,Hear,Psa 17:1,"A Prayer of David. Hear a just cause, O Lord; attend to my cry! Give ear to my prayer from lips free of deceit!"
H8085,H8085G,to hear: hear,M41,heard,Psa 19:3,"There is no speech, nor are there words, whose voice is not heard."
H8085,H8085G H3588A,,,heard,Psa 28:6,Blessed be the Lord! For he has heard the voice of my pleas for mercy.
H8085,H8085G H3588A,,,hear,Psa 31:13,"For I hear the whispering of many — terror on every side!— as they scheme together against me, as they plot to take my life."
H8085,H8085G,to hear: hear,M41,listen,Psa 34:11,"Come, O children, listen to me; I will teach you the fear of the Lord."
H8085,H8085G,to hear: hear,M41,hear,Psa 38:13,"But I am like a deaf man; I do not hear, like a mute man who does not open his mouth."
H8085,H8085G H0834A,,,hear,Psa 38:14,"I have become like a man who does not hear, and in whose mouth are no rebukes."
H8085,H8085G,to hear: hear,M41,Hear,Psa 39:12,"“ Hear my prayer, O Lord, and give ear to my cry; hold not your peace at my tears! For I am a sojourner with you, a guest, like all my fathers."
H8085,H8085G H9030,,,heard,Psa 40:1,To the choirmaster. A Psalm of David. I waited patiently for the Lord; he inclined to me and heard my cry.
H0241,H0241G H9003,,,ears,Psa 44:1,"To the choirmaster. A Maskil of the Sons of Korah. O God, we have heard with our ears, our fathers have told us, what deeds you performed in their days, in the days of old:"
H8085,H8085G H9025,,,heard,Psa 44:1,"To the choirmaster. A Maskil of the Sons of Korah. O God, we have heard with our ears, our fathers have told us, what deeds you performed in their days, in the days of old:"
H0241,H0241G,ear,T14,ear,Psa 45:10,"Hear, O daughter, and consider, and incline your ear: forget your people and your father’s house,"
H8085,H8085G,to hear: hear,M41,Hear,Psa 45:10,"Hear, O daughter, and consider, and incline your ear: forget your people and your father’s house,"
H8085,H8085G H0834A,,,heard,Psa 48:8,"As we have heard, so have we seen in the city of the Lord of hosts, in the city of our God, which God will establish forever. Selah"
H8085,H8085G,to hear: hear,M41,Hear,Psa 49:1,"To the choirmaster. A Psalm of the Sons of Korah. Hear this, all peoples! Give ear, all inhabitants of the world,"
H8085,H8085G,to hear: hear,M41,hear,Psa 54:2,"O God, hear my prayer; give ear to the words of my mouth."
H8085,H8085G,to hear: hear,M41,hears,Psa 55:17,"Evening and morning and at noon I utter my complaint and moan, and he hears my voice."
H8085,H8085G,to hear: hear,M41,hear,Psa 58:5,so that it does not hear the voice of charmers or of the cunning enchanter.
H8085,H8085G,to hear: hear,M41,hear,Psa 59:7,"There they are, bellowing with their mouths with swords in their lips — for “ Who,” they think, “will hear us?”"
H7181,H7181 H9020,,,listen,Psa 61:1,"To the choirmaster: with stringed instruments. Of David. Hear my cry, O God, listen to my prayer;"
H8085,H8085G,to hear: hear,M41,Hear,Psa 61:1,"To the choirmaster: with stringed instruments. Of David. Hear my cry, O God, listen to my prayer;"
H8085,H8085G,to hear: hear,M41,hear,Psa 65:2,"O you who hear prayer, to you shall all flesh come."
H8085,H8085G H9025,,,heard,Psa 66:8,"Bless our God, O peoples; let the sound of his praise be heard,"
H8085,H8085G,to hear: hear,M41,hear,Psa 66:16,"Come and hear, all you who fear God, and I will tell what he has done for my soul."
H7181,H7181,to listen,M41,attended,Psa 66:19,But truly God has listened; he has attended to the voice of my prayer.
H8085,H8085G,to hear: hear,M41,listened,Psa 66:19,But truly God has listened; he has attended to the voice of my prayer.
H8085,H8085G H3588A,,,hears,Psa 69:33,For the Lord hears the needy and does not despise his own people who are prisoners.
H8085,H8085G,to hear: hear,M41,heard,Psa 78:3,"things that we have heard and known, that our fathers have told us."
H8085,H8085G,to hear: hear,M41,Hear,Psa 81:8,"Hear, O my people, while I admonish you! O Israel, if you would but listen to me!"
H8085,H8085G,to hear: hear,M41,listen,Psa 81:8,"Hear, O my people, while I admonish you! O Israel, if you would but listen to me!"
H8085,H8085G,to hear: hear,M41,listen,Psa 81:11,“But my people did not listen to my voice; Israel would not submit to me.
H8085,H8085G H9020,,,listen,Psa 81:13,"Oh, that my people would listen to me, that Israel would walk in my ways!"
H8085,H8085G,to hear: hear,M41,hear,Psa 84:8,"O Lord God of hosts, hear my prayer; give ear, O God of Jacob! Selah"
H0241,H0241G,ear,T14,ears,Psa 92:11,My eyes have seen the downfall of my enemies; my ears have heard the doom of my evil assailants.
H8085,H8085G,to hear: hear,M41,heard,Psa 92:11,My eyes have seen the downfall of my enemies; my ears have heard the doom of my evil assailants.
H0241,H0241G,ear,T14,ear,Psa 94:9,"He who planted the ear, does he not hear? He who formed the eye, does he not see?"
H8085,H8085G,to hear: hear,M41,hear,Psa 94:9,"He who planted the ear, does he not hear? He who formed the eye, does he not see?"
H8085,H8085G H9023,,,hear,Psa 95:7,"For he is our God, and we are the people of his pasture, and the sheep of his hand. Today, if you hear his voice,"
H8085,H8085G,to hear: hear,M41,hears,Psa 97:8,"Zion hears and is glad, and the daughters of Judah rejoice, because of your judgments, O Lord."
H8085,H8085G,to hear: hear,M41,Hear,Psa 102:1,"A Prayer of one afflicted, when he is faint and pours out his complaint before the Lord. Hear my prayer, O Lord; let my cry come to you!"
H8085,H8085G,to hear: hear,M41,hear,Psa 102:20,"to hear the groans of the prisoners, to set free those who were doomed to die,"
H8085,H8085G,to hear: hear,M41,heard,Psa 116:1,"I love the Lord, because he has heard my voice and my pleas for mercy."
H0241,H0241G H9020 H1961,,,ears,Psa 130:2,"O Lord, hear my voice! Let your ears be attentive to the voice of my pleas for mercy!"
H8085,H8085G,to hear: hear,M41,hear,Psa 130:2,"O Lord, hear my voice! Let your ears be attentive to the voice of my pleas for mercy!"
H8085,H8085G,to hear: hear,M41,heard,Psa 132:6,"Behold, we heard of it in Ephrathah; we found it in the fields of Jaar."
H8085,H8085G,to hear: hear,M41,heard,Psa 138:4,"All the kings of the earth shall give you thanks, O Lord, for they have heard the words of your mouth,"
H8085,H8085G,to hear: hear,M41,hears,Psa 145:19,He fulfills the desire of those who fear him; he also hears their cry and saves them.
H8085,H8085G,to hear: hear,M41,hear,Pro 1:5,"Let the wise hear and increase in learning, and the one who understands obtain guidance,"
H8085,H8085G,to hear: hear,M41,Hear,Pro 1:8,"Hear, my son, your father’s instruction, and forsake not your mother’s teaching,"
H7181,H7181,to listen,M41,attentive,Pro 4:1,"Hear, O sons, a father’s instruction, and be attentive, that you may gain insight,"
H8085,H8085G,to hear: hear,M41,Hear,Pro 4:1,"Hear, O sons, a father’s instruction, and be attentive, that you may gain insight,"
H8085,H8085G,to hear: hear,M41,listen,Pro 5:7,"And now, O sons, listen to me, and do not depart from the words of my mouth."
H0241,H0241G,ear,T14,ear,Pro 5:13,I did not listen to the voice of my teachers or incline my ear to my instructors.
H8085,H8085G,to hear: hear,M41,listen,Pro 5:13,I did not listen to the voice of my teachers or incline my ear to my instructors.
H7181,H7181 H9005 H9030,,,attentive,Pro 7:24,"And now, O sons, listen to me, and be attentive to the words of my mouth."
H8085,H8085G,to hear: hear,M41,listen,Pro 7:24,"And now, O sons, listen to me, and be attentive to the words of my mouth."
H8085,H8085G,to hear: hear,M41,listen,Pro 8:32,"“And now, O sons, listen to me: blessed are those who keep my ways."
H8085,H8085G,to hear: hear,M41,Hear,Pro 8:33,"Hear instruction and be wise, and do not neglect it."
H8085,H8085G,to hear: hear,M41,listens,Pro 8:34,"Blessed is the one who listens to me, watching daily at my gates, waiting beside my doors."
H8085,H8085G H9023,,,listens,Pro 12:15,"The way of a fool is right in his own eyes, but a wise man listens to advice."
H8085,H8085G,to hear: hear,M41,listen,Pro 13:1,"A wise son hears his father’s instruction, but a scoffer does not listen to rebuke."
H8085,H8085G,to hear: hear,M41,hears,Pro 13:8,"The ransom of a man’s life is his wealth, but a poor man hears no threat."
H0241,H0241G,ear,T14,ear,Pro 15:31,The ear that listens to life-giving reproof will dwell among the wise.
H8085,H8085G,to hear: hear,M41,listens,Pro 15:31,The ear that listens to life-giving reproof will dwell among the wise.
H8085,H8085G H9023,,,listens,Pro 15:32,"Whoever ignores instruction despises himself, but he who listens to reproof gains intelligence."
H8085,H8085G,to hear: hear,M41,hears,Pro 18:13,"If one gives an answer before he hears, it is his folly and shame."
H8085,H8085G,to hear: hear,M41,Listen,Pro 19:20,"Listen to advice and accept instruction, that you may gain wisdom in the future."
H8085,H8085G H9005 H9020,,,hear,Pro 19:27,"Cease to hear instruction, my son, and you will stray from the words of knowledge."
H0241,H0241G,ear,T14,ear,Pro 20:12,"The hearing ear and the seeing eye, the Lord has made them both."
H8085,H8085G,to hear: hear,M41,hearing,Pro 20:12,"The hearing ear and the seeing eye, the Lord has made them both."
H0241,H0241G,ear,T14,ear,Pro 22:17,"Incline your ear, and hear the words of the wise, and apply your heart to my knowledge,"
H8085,H8085G H9021,,,hear,Pro 22:17,"Incline your ear, and hear the words of the wise, and apply your heart to my knowledge,"
H8085,H8085G,to hear: hear,M41,Listen,Pro 23:22,"Listen to your father who gave you life, and do not despise your mother when she is old."
H8085,H8085G H9031,,,hears,Pro 25:10,"lest he who hears you bring shame upon you, and your ill repute have no end."
H0241,H0241G H5921A,,,ear,Pro 25:12,Like a gold ring or an ornament of gold is a wise reprover to a listening ear.
H8085,H8085G,to hear: hear,M41,listening,Pro 25:12,Like a gold ring or an ornament of gold is a wise reprover to a listening ear.
H8085,H8085G H9005,,,listen,Ecc 5:1,"Guard your steps when you go to the house of God. To draw near to listen is better than to offer the sacrifice of fools, for they do not know that they are doing evil."
H8085,H8085G,to hear: hear,M41,hear,Ecc 7:5,It is better for a man to hear the rebuke of the wise than to hear the song of fools.
H8085,H8085G H9005,,,hear,Ecc 7:5,It is better for a man to hear the rebuke of the wise than to hear the song of fools.
H8085,H8085G,to hear: hear,M41,heard,Ecc 9:17,The words of the wise heard in quiet are better than the shouting of a ruler among fools.
H8085,H8085G,to hear: hear,M41,heard,Song 2:12,"The flowers appear on the earth, the time of singing has come, and the voice of the turtledove is heard in our land."
H8085,H8085G H9022,,,hear,Song 2:14,"O my dove, in the clefts of the rock, in the crannies of the cliff, let me see your face, let me hear your voice, for your voice is sweet, and your face is lovely."
H7181,H7181,to listen,M41,listening,Song 8:13,"O you who dwell in the gardens, with companions listening for your voice; let me hear it."
H8085,H8085G H9022,,,hear,Song 8:13,"O you who dwell in the gardens, with companions listening for your voice; let me hear it."
H8085,H8085G,to hear: hear,M41,Hear,Isa 1:10,"Hear the word of the Lord, you rulers of, Sodom! Give ear to the teaching of our God, you people of Gomorrah!"
H0241,H0241G H9002 H2088 H9009,,,ears,Isa 6:10,"Make the heart of this people dull, and their ears heavy, and blind their eyes; lest they see with their eyes, and hear with their ears, and understand with their hearts, and turn and be healed.”"
H0241,H0241G H9003 H9002 H9023,,,ears,Isa 6:10,"Make the heart of this people dull, and their ears heavy, and blind their eyes; lest they see with their eyes, and hear with their ears, and understand with their hearts, and turn and be healed.”"
H8085,H8085G H9023,,,hear,Isa 6:10,"Make the heart of this people dull, and their ears heavy, and blind their eyes; lest they see with their eyes, and hear with their ears, and understand with their hearts, and turn and be healed.”"
H8085,H8085G,to hear: hear,M41,heard,Isa 15:4,Heshbon and Elealeh cry out; their voice is heard as far as Jahaz; therefore the armed men of Moab cry aloud; his soul trembles.
H8085,H8085G,to hear: hear,M41,hear,Isa 18:3,"All you inhabitants of the world, you who dwell on the earth, when a signal is raised on the mountains, look! When a trumpet is blown, hear!"
H8085,H8085G,to hear: hear,M41,heard,Isa 21:10,"O my threshed and winnowed one, what I have heard from the Lord of hosts, the God of Israel, I announce to you."
H8085,H8085G,to hear: hear,M41,hear,Isa 28:14,"Therefore hear the word of the Lord, you scoffers, who rule this people in Jerusalem!"
H8085,H8085G,to hear: hear,M41,heard,Isa 28:22,"Now therefore do not scoff, lest your bonds be made strong; for I have heard a decree of destruction from the Lord God of hosts against the whole land."
H7181,H7181 H9020,,,attention,Isa 28:23,"Give ear, and hear my voice; give attention, and hear my speech."
H8085,H8085G,to hear: hear,M41,hear,Isa 28:23,"Give ear, and hear my voice; give attention, and hear my speech."
H8085,H8085G,to hear: hear,M41,hear,Isa 29:18,"In that day the deaf shall hear the words of a book, and out of their gloom and darkness the eyes of the blind shall see."
H0241,H0241G H9002,,,ears,Isa 32:3,"Then the eyes of those who see will not be closed, and the ears of those who hear will give attention."
H7181,H7181,to listen,M41,attention,Isa 32:3,"Then the eyes of those who see will not be closed, and the ears of those who hear will give attention."
H8085,H8085G,to hear: hear,M41,hear,Isa 32:3,"Then the eyes of those who see will not be closed, and the ears of those who hear will give attention."
H8085,H8085G,to hear: hear,M41,hear,Isa 32:9,"Rise up, you women who are at ease, hear my voice; you complacent daughters, give ear to my speech."
H8085,H8085G,to hear: hear,M41,Hear,Isa 33:13,"Hear, you who are far off, what I have done; and you who are near, acknowledge my might."
H7181,H7181,to listen,M41,attention,Isa 34:1,"Draw near, O nations, to hear, and give attention, O peoples! Let the earth hear, and all that fills it; the world, and all that comes from it."
H8085,H8085G,to hear: hear,M41,hear,Isa 34:1,"Draw near, O nations, to hear, and give attention, O peoples! Let the earth hear, and all that fills it; the world, and all that comes from it."
H8085,H8085G H9005,,,hear,Isa 34:1,"Draw near, O nations, to hear, and give attention, O peoples! Let the earth hear, and all that fills it; the world, and all that comes from it."
H8085,H8085G H9004 H1961,,,heard,Isa 37:1,"As soon as King Hezekiah heard it, he tore his clothes and covered himself with sackcloth and went into the house of the Lord."
H8085,H8085G,to hear: hear,M41,hear,Isa 37:7,"Behold, I will put a spirit in him, so that he shall hear a rumor and return to his own land, and I will make him fall by the sword in his own land.’”"
H8085,H8085G,to hear: hear,M41,heard,Isa 37:8,"The Rabshakeh returned, and found the king of Assyria fighting against Libnah, for he had heard that the king had left Lachish."
H8085,H8085G,to hear: hear,M41,heard,Isa 37:11,"Behold, you have heard what the kings of Assyria have done to all lands, devoting them to destruction. And shall you be delivered?"
H8085,H8085G,to hear: hear,M41,heard,Isa 37:26,"“‘Have you not heard that I determined it long ago? I planned from days of old what now I bring to pass, that you should make fortified cities crash into heaps of ruins,"
H8085,H8085G,to hear: hear,M41,hear,Isa 40:21,Do you not know? Do you not hear? Has it not been told you from the beginning? Have you not understood from the foundations of the earth?
H8085,H8085G,to hear: hear,M41,heard,Isa 40:28,"Have you not known? Have you not heard? The Lord is the everlasting God, the Creator of the ends of the earth. He does not faint or grow weary; his understanding is unsearchable."
H8085,H8085G,to hear: hear,M41,Hear,Isa 42:18,"Hear, you deaf, and look, you blind, that you may see!"
H0241,H0241G,ear,T14,ears,Isa 42:20,"He sees many things, but does not observe them; his ears are open, but he does not hear."
H8085,H8085G,to hear: hear,M41,hear,Isa 42:20,"He sees many things, but does not observe them; his ears are open, but he does not hear."
H7181,H7181,to listen,M41,attend,Isa 42:23,"Who among you will give ear to this, will attend and listen for the time to come?"
H8085,H8085G,to hear: hear,M41,listen,Isa 42:23,"Who among you will give ear to this, will attend and listen for the time to come?"
H8085,H8085G,to hear: hear,M41,Listen,Isa 46:12,"“ Listen to me, you stubborn of heart, you who are far from righteousness:"
H8085,H8085G H9026,,,listen,Isa 48:14,"“ Assemble, all of you, and listen! Who among them has declared these things? The Lord loves him; he shall perform his purpose on Babylon, and his arm shall be against the Chaldeans."
H0241,H0241G H9005 H9030,,,ear,Isa 50:4,"The Lord God has given me the tongue of those who are taught, that I may know how to sustain with a word him who is weary. Morning by morning he awakens; he awakens my ear to hear as those who are taught."
H8085,H8085G,to hear: hear,M41,hear,Isa 50:4,"The Lord God has given me the tongue of those who are taught, that I may know how to sustain with a word him who is weary. Morning by morning he awakens; he awakens my ear to hear as those who are taught."
H8085,H8085G,to hear: hear,M41,Listen,Isa 51:1,"“ Listen to me, you who pursue righteousness, you who seek the Lord: look to the rock from which you were hewn, and to the quarry from which you were dug."
H8085,H8085G H4994,,,hear,Isa 51:21,"Therefore hear this, you who are afflicted, who are drunk, but not with wine:"
H8085,H8085G,to hear: hear,M41,heard,Isa 52:15,"so shall he sprinkle many nations; kings shall shut their mouths because of him, for that which has not been told them they see, and that which they have not heard they understand."
H0241,H0241G,ear,T14,ear,Isa 59:1,"Behold, the Lord’s hand is not shortened, that it cannot save, or his ear dull, that it cannot hear;"
H8085,H8085G,to hear: hear,M41,hear,Isa 59:1,"Behold, the Lord’s hand is not shortened, that it cannot save, or his ear dull, that it cannot hear;"
H8085,H8085G H9006 H9006 H9036,,,hear,Isa 59:2,"but your iniquities have made a separation between you and your God, and your sins have hidden his face from you so that he does not hear."
H8085,H8085G,to hear: hear,M41,heard,Isa 64:4,"From of old no one has heard or perceived by the ear, no eye has seen a God besides you, who acts for those who wait for him."
H8085,H8085G,to hear: hear,M41,heard,Isa 65:19,I will rejoice in Jerusalem and be glad in my people; no more shall be heard in it the sound of weeping and the cry of distress.
H8085,H8085G,to hear: hear,M41,Hear,Jer 2:4,"Hear the word of the Lord, O house of Jacob, and all the clans of the house of Israel."
H8085,H8085G,to hear: hear,M41,heard,Jer 3:21,"A voice on the bare heights is heard, the weeping and pleading of Israel’s sons because they have perverted their way; they have forgotten the Lord their God."
H8085,H8085G,to hear: hear,M41,hear,Jer 4:19,"My anguish, my anguish! I writhe in pain! Oh the walls of my heart! My heart is beating wildly; I cannot keep silent, for I hear the sound of the trumpet, the alarm of war."
H8085,H8085G,to hear: hear,M41,hear,Jer 4:21,How long must I see the standard and hear the sound of the trumpet?
H0241,H0241G,ear,T14,ears,Jer 5:21,"“ Hear this, O foolish and senseless people, who have eyes, but see not, who have ears, but hear not."
H8085,H8085G,to hear: hear,M41,hear,Jer 5:21,"“ Hear this, O foolish and senseless people, who have eyes, but see not, who have ears, but hear not."
H8085,H8085G H4994,,,Hear,Jer 5:21,"“ Hear this, O foolish and senseless people, who have eyes, but see not, who have ears, but hear not."
H8085,H8085G,to hear: hear,M41,hear,Jer 6:18,"Therefore hear, O nations, and know, O congregation, what will happen to them."
H8085,H8085G H9040,,,hear,Jer 7:16,"“As for you, do not pray for this people, or lift up a cry or prayer for them, and do not intercede with me, for I will not hear you."
H0241,H0241G H0853,,,ear,Jer 7:26,"Yet they did not listen to me or incline their ear, but stiffened their neck. They did worse than their fathers."
H8085,H8085G,to hear: hear,M41,listen,Jer 7:26,"Yet they did not listen to me or incline their ear, but stiffened their neck. They did worse than their fathers."
H8085,H8085G,to hear: hear,M41,heard,Jer 8:16,"“The snorting of their horses is heard from Dan; at the sound of the neighing of their stallions the whole land quakes. They come and devour the land and all that fills it, the city and those who dwell in it."
H8085,H8085G,to hear: hear,M41,heard,Jer 9:10,"“I will take up weeping and wailing for the mountains, and a lamentation for the pastures of the wilderness, because they are laid waste so that no one passes through, and the lowing of cattle is not heard; both the birds of the air and the beasts have fled and are gone."
H8085,H8085G,to hear: hear,M41,heard,Jer 9:19,"For a sound of wailing is heard from Zion: ‘ How we are ruined! We are utterly shamed, because we have left the land, because they have cast down our dwellings.’”"
H0241,H0241G,ear,T14,ear,Jer 9:20,"Hear, O women, the word of the Lord, and let your ear receive the word of his mouth; teach to your daughters a lament, and each to her neighbor a dirge."
H8085,H8085G H3588A,,,Hear,Jer 9:20,"Hear, O women, the word of the Lord, and let your ear receive the word of his mouth; teach to your daughters a lament, and each to her neighbor a dirge."
H8085,H8085G H9005,,,hear,Jer 13:10,"This evil people, who refuse to hear my words, who stubbornly follow their own heart and have gone after other gods to serve them and worship them, shall be like this loincloth, which is good for nothing."
H8085,H8085G,to hear: hear,M41,listen,Jer 13:17,"But if you will not listen, my soul will weep in secret for your pride; my eyes will weep bitterly and run down with tears, because the Lord’s flock has been taken captive."
H8085,H8085G H9040,,,hear,Jer 14:12,"Though they fast, I will not hear their cry, and though they offer burnt offering and grain offering, I will not accept them. But I will consume them by the sword, by famine, and by pestilence.”"
H0241,H0241G H0853,,,ear,Jer 17:23,"Yet they did not listen or incline their ear, but stiffened their neck, that they might not hear and receive instruction."
H8085,H8085G H9002,,,listen,Jer 17:23,"Yet they did not listen or incline their ear, but stiffened their neck, that they might not hear and receive instruction."
H8085,H8085G H9028 H9005,,,hear,Jer 17:23,"Yet they did not listen or incline their ear, but stiffened their neck, that they might not hear and receive instruction."
H8085,H8085G H9011,,,hear,Jer 18:2,"“ Arise, and go down to the potter’s house, and there I will let you hear my words.”"
H7181,H7181,to listen,M41,Hear,Jer 18:19,"Hear me, O Lord, and listen to the voice of my adversaries."
H8085,H8085G H0413 H9030,,,listen,Jer 18:19,"Hear me, O Lord, and listen to the voice of my adversaries."
H8085,H8085G,to hear: hear,M41,heard,Jer 18:22,"May a cry be heard from their houses, when you bring the plunderer suddenly upon them! For they have dug a pit to take me and laid snares for my feet."
H8085,H8085G,to hear: hear,M41,heard,Jer 20:1,"Now Pashhur the priest, the son of Immer, who was chief officer in the house of the Lord, heard Jeremiah prophesying these things."
H8085,H8085G,to hear: hear,M41,Hear,Jer 21:11,"“And to the house of the king of Judah say, ‘ Hear the word of the Lord,"
H8085,H8085G,to hear: hear,M41,hear,Jer 22:29,"O land, land, land, hear the word of the Lord!"
H7181,H7181 H9023 H4310,,,attention,Jer 23:18,"For who among them has stood in the council of the Lord to see and to hear his word, or who has paid attention to his word and listened?"
H8085,H8085G,to hear: hear,M41,hear,Jer 23:18,"For who among them has stood in the council of the Lord to see and to hear his word, or who has paid attention to his word and listened?"
H8085,H8085G,to hear: hear,M41,listened,Jer 23:18,"For who among them has stood in the council of the Lord to see and to hear his word, or who has paid attention to his word and listened?"
H8085,H8085G,to hear: hear,M41,heard,Jer 26:10,"When the officials of Judah heard these things, they came up from the king’s house to the house of the Lord and took their seat in the entry of the New Gate of the house of the Lord."
H8085,H8085G,to hear: hear,M41,have,Jer 31:18,"I have heard Ephraim grieving, ‘You have disciplined me, and I was disciplined, like an untrained calf; bring me back that I may be restored, for you are the Lord my God."
H8085,H8085G,to hear: hear,M41,heard,Jer 31:18,"I have heard Ephraim grieving, ‘You have disciplined me, and I was disciplined, like an untrained calf; bring me back that I may be restored, for you are the Lord my God."
H8085,H8085G H9048,,,listened,Jer 32:33,"They have turned to me their back and not their face. And though I have taught them persistently, they have not listened to receive instruction."
H8085,H8085G,to hear: hear,M41,heard,Jer 36:11,"When Micaiah the son of Gemariah, son of Shaphan, heard all the words of the Lord from the scroll,"
H8085,H8085G,to hear: hear,M41,listen to,Jer 36:25,"Even when Elnathan and Delaiah and Gemariah urged the king not to burn the scroll, he would not listen to them."
H8085,H8085G,to hear: hear,M41,heard,Jer 37:5,"The army of Pharaoh had come out of Egypt. And when the Chaldeans who were besieging Jerusalem heard news about them, they withdrew from Jerusalem."
H8085,H8085G,to hear: hear,M41,heard,Jer 38:7,"When Ebed-melech the Ethiopian, a eunuch who was in the king’s house, heard that they had put Jeremiah into the cistern —the king was sitting in the Benjamin Gate —"
H8085,H8085G,to hear: hear,M41,overheard,Jer 38:27,"Then all the officials came to Jeremiah and asked him, and he answered them as the king had instructed him. So they stopped speaking with him, for the conversation had not been overheard."
H8085,H8085G,to hear: hear,M41,heard,Jer 40:7,"When all the captains of the forces in the open country and their men heard that the king of Babylon had appointed Gedaliah the son of Ahikam governor in the land and had committed to him men, women, and children, those of the poorest of the land who had not been taken into exile to Babylon,"
H8085,H8085G,to hear: hear,M41,heard,Jer 40:11,"Likewise, when all the Judeans who were in Moab and among the Ammonites and in Edom and in other lands heard that the king of Babylon had left a remnant in Judah and had appointed Gedaliah the son of Ahikam, son of Shaphan, as governor over them,"
H8085,H8085G,to hear: hear,M41,heard,Jer 41:11,"But when Johanan the son of Kareah and all the leaders of the forces with him heard of all the evil that Ishmael the son of Nethaniah had done,"
H0241,H0241G H0853,,,ear,Jer 44:5,"But they did not listen or incline their ear, to turn from their evil and make no offerings to other gods."
H8085,H8085G,to hear: hear,M41,listen,Jer 44:5,"But they did not listen or incline their ear, to turn from their evil and make no offerings to other gods."
H2803,H2803I,to devise: devise,M64,formed,Jer 49:20,Therefore hear the plan that the Lord has made against Edom and the purposes that he has formed against the inhabitants of Teman: Even the little ones of the flock shall be dragged away. Surely their fold shall be appalled at their fate.
H4284,H4284 H9002,,,purposes,Jer 49:20,Therefore hear the plan that the Lord has made against Edom and the purposes that he has formed against the inhabitants of Teman: Even the little ones of the flock shall be dragged away. Surely their fold shall be appalled at their fate.
H8085,H8085G,to hear: hear,M41,hear,Jer 49:20,Therefore hear the plan that the Lord has made against Edom and the purposes that he has formed against the inhabitants of Teman: Even the little ones of the flock shall be dragged away. Surely their fold shall be appalled at their fate.
H8085,H8085G,to hear: hear,M41,heard,Jer 49:21,At the sound of their fall the earth shall tremble; the sound of their cry shall be heard at the Red Sea.
H2803,H2803I,to devise: devise,M64,formed,Jer 50:45,"Therefore hear the plan that the Lord has made against Babylon, and the purposes that he has formed against the land of the Chaldeans: Surely the little ones of their flock shall be dragged away; surely their fold shall be appalled at their fate."
H4284,H4284 H9002,,,purposes,Jer 50:45,"Therefore hear the plan that the Lord has made against Babylon, and the purposes that he has formed against the land of the Chaldeans: Surely the little ones of their flock shall be dragged away; surely their fold shall be appalled at their fate."
H8085,H8085G,to hear: hear,M41,hear,Jer 50:45,"Therefore hear the plan that the Lord has made against Babylon, and the purposes that he has formed against the land of the Chaldeans: Surely the little ones of their flock shall be dragged away; surely their fold shall be appalled at their fate."
H8085,H8085G,to hear: hear,M41,heard,Jer 50:46,"At the sound of the capture of Babylon the earth shall tremble, and her cry shall be heard among the nations.”"
H8085,H8085G,to hear: hear,M41,heard,Jer 51:51,"‘We are put to shame, for we have heard reproach; dishonor has covered our face, for foreigners have come into the holy places of the Lord’s house.’"
H0241,H0241G,ear,T14,ear,Lam 3:56,"you heard my plea, ‘Do not close your ear to my cry for help!’"
H8085,H8085G H9020,,,heard,Lam 3:56,"you heard my plea, ‘Do not close your ear to my cry for help!’"
H4284,H4284,plot,M06,plots,Lam 3:61,"“You have heard their taunts, O Lord, all their plots against me."
H8085,H8085G,to hear: hear,M41,heard,Lam 3:61,"“You have heard their taunts, O Lord, all their plots against me."
H8085,H8085G,to hear: hear,M41,heard,Eze 1:24,"And when they went, I heard the sound of their wings like the sound of many waters, like the sound of the Almighty, a sound of tumult like the sound of an army. When they stood still, they let down their wings."
H8085,H8085G H9005,,,listen,Eze 3:7,"But the house of Israel will not be willing to listen to you, for they are not willing to listen to me: because all the house of Israel have a hard forehead and a stubborn heart."
H8085,H8085G,to hear: hear,M41,heard,Eze 3:12,"Then the Spirit lifted me up, and I heard behind me the voice of a great earthquake: “ Blessed be the glory of the Lord from its place!”"
H8085,H8085G,to hear: hear,M41,hear,Eze 16:35,"“ Therefore, O prostitute, hear the word of the Lord:"
H8085,H8085G,to hear: hear,M41,heard,Eze 19:4,"The nations heard about him; he was caught in their pit, and they brought him with hooks to the land of Egypt."
H8085,H8085G,to hear: hear,M41,heard,Eze 19:9,"With hooks they put him in a cage and brought him to the king of Babylon; they brought him into custody, that his voice should no more be heard on the mountains of Israel."
H8085,H8085G,to hear: hear,M41,heard,Eze 26:13,"And I will stop the music of your songs, and the sound of your lyres shall be heard no more."
H8085,H8085G,to hear: hear,M41,anyone who,Eze 33:4,"then if anyone who hears the sound of the trumpet does not take warning, and the sword comes and takes him away, his blood shall be upon his own head."
H8085,H8085G H9009,,,hears,Eze 33:4,"then if anyone who hears the sound of the trumpet does not take warning, and the sword comes and takes him away, his blood shall be upon his own head."
H8085,H8085G,to hear: hear,M41,heard,Eze 33:5,"He heard the sound of the trumpet and did not take warning; his blood shall be upon himself. But if he had taken warning, he would have saved his life."
H8085,H8085G H9020,,,hear,Eze 33:31,"And they come to you as people come, and they sit before you as my people, and they hear what you say but they will not do it; for with lustful talk in their mouths they act; their heart is set on their gain."
H8085,H8085G,to hear: hear,M41,listened,Dan 1:14,"So he listened to them in this matter, and tested them for ten days."
H8085,H8085G,to hear: hear,M41,heard,Dan 10:9,"Then I heard the sound of his words, and as I heard the sound of his words, I fell on my face in deep sleep with my face to the ground."
H8085,H8085G H9004 H9002 H9023,,,heard,Dan 10:9,"Then I heard the sound of his words, and as I heard the sound of his words, I fell on my face in deep sleep with my face to the ground."
H7181,H7181,to listen,M41,attention,Hos 5:1,"Hear this, O priests! Pay attention, O house of Israel! Give ear, O house of the king! For the judgment is for you; for you have been a snare at Mizpah and a net spread upon Tabor."
H8085,H8085G,to hear: hear,M41,Hear,Hos 5:1,"Hear this, O priests! Pay attention, O house of Israel! Give ear, O house of the king! For the judgment is for you; for you have been a snare at Mizpah and a net spread upon Tabor."
H8085,H8085G,to hear: hear,M41,listened,Hos 9:17,My God will reject them because they have not listened to him; they shall be wanderers among the nations.
H8085,H8085G,to hear: hear,M41,Hear,Joe 1:2,"Hear this, you elders; give ear, all inhabitants of the land! Has such a thing happened in your days, or in the days of your fathers?"
H8085,H8085G,to hear: hear,M41,Hear,Amo 3:13,"“ Hear, and testify against the house of Jacob,” declares the Lord God, the God of hosts,"
H8085,H8085G,to hear: hear,M41,Hear,Amo 5:1,"Hear this word that I take up over you in lamentation, O house of Israel:"
H8085,H8085G,to hear: hear,M41,listen,Amo 5:23,Take away from me the noise of your songs; to the melody of your harps I will not listen.
H8085,H8085G,to hear: hear,M41,Hear,Amo 8:4,"Hear this, you who trample on the needy and bring the poor of the land to an end,"
H8085,H8085G H9020,,,hear,Mic 7:7,"But as for me, I will look to the Lord; I will wait for the God of my salvation; my God will hear me."
H8085,H8085G,to hear: hear,M41,heard,Nah 2:13,"Behold, I am against you, declares the Lord of hosts, and I will burn your chariots in smoke, and the sword shall devour your young lions. I will cut off your prey from the earth, and the voice of your messengers shall no longer be heard."
H8085,H8085G,to hear: hear,M41,listens,Zep 3:2,She listens to no voice; she accepts no correction. She does not trust in the Lord; she does not draw near to her God.
H0241,H0241G H9002,,,ears,Zec 7:11,But they refused to pay attention and turned a stubborn shoulder and stopped their ears that they might not hear.
H7181,H7181 H9005,,,attention,Zec 7:11,But they refused to pay attention and turned a stubborn shoulder and stopped their ears that they might not hear.
H8085,H8085G H9006,,,hear,Zec 7:11,But they refused to pay attention and turned a stubborn shoulder and stopped their ears that they might not hear.
H2803,H2803I,to devise: devise,M64,plotted,Nah 1:11,"From you came one who plotted evil against the Lord, a worthless counselor."
H2803,H2803I,to devise: devise,M64,determined,Lam 2:8,The Lord determined to lay in ruins the wall of the daughter of Zion; he stretched out the measuring line; he did not restrain his hand from destroying; he caused rampart and wall to lament; they languished together.
G0191,G0191,to hear,T3,heard,Act 5:33,"When they heard this, they were enraged and wanted to kill them."
H0241,H0241H H9003,,,hearing,Deu 32:44,"Moses came and recited all the words of this song in the hearing of the people, he and Joshua the son of Nun."
H0241,H0241G,ear,T14,ear,Job 4:12,“Now a word was brought to me stealthily; my ear received the whisper of it.
H4284,H4284,plot,M06,thoughts,Psa 56:5,All day long they injure my cause; all their thoughts are against me for evil.
H8085,H8085H H9005 H9023,,,obeying,Psa 103:20,"Bless the Lord, O you his angels, you mighty ones who do his word, obeying the voice of his word!"
H0241,H0241G,ear,T14,ear,Pro 4:20,"My son, be attentive to my words; incline your ear to my sayings."
H7181,H7181 H9020,,,attentive,Pro 4:20,"My son, be attentive to my words; incline your ear to my sayings."
H0241,H0241G H0853,,,ear,Jer 11:8,"Yet they did not obey or incline their ear, but everyone walked in the stubbornness of his evil heart. Therefore I brought upon them all the words of this covenant, which I commanded them to do, but they did not.”"
H8085,H8085H,to hear: obey,M41,obey,Jer 11:8,"Yet they did not obey or incline their ear, but everyone walked in the stubbornness of his evil heart. Therefore I brought upon them all the words of this covenant, which I commanded them to do, but they did not.”"
H8085,H8085H,to hear: obey,M41,obey,Jer 22:5,"But if you will not obey these words, I swear by myself, declares the Lord, that this house shall become a desolation."
H0241,H0241I H9003,,,to,Jer 36:20,"So they went into the court to the king, having put the scroll in the chamber of Elishama the secretary, and they reported all the words to the king."
H8085,H8085H,to hear: obey,M41,obey,Exo 18:19,"Now obey my voice; I will give you advice, and God be with you! You shall represent the people before God and bring their cases to God,"
H2803,H2803I,to devise: devise,M64,formed,Jer 49:30,"Flee, wander far away, dwell in the depths, O inhabitants of Hazor! declares the Lord. For Nebuchadnezzar king of Babylon has made a plan against you and formed a purpose against you."
H4284,H4284,plot,M06,purpose,Jer 49:30,"Flee, wander far away, dwell in the depths, O inhabitants of Hazor! declares the Lord. For Nebuchadnezzar king of Babylon has made a plan against you and formed a purpose against you."
H0241,H0241G H0853,,,ear,Jer 7:24,"But they did not obey or incline their ear, but walked in their own counsels and the stubbornness of their evil hearts, and went backward and not forward."
H8085,H8085H,to hear: obey,M41,obey,Jer 7:24,"But they did not obey or incline their ear, but walked in their own counsels and the stubbornness of their evil hearts, and went backward and not forward."
H4284,H4284,plot,M06,plans,Psa 33:11,"The counsel of the Lord stands forever, the plans of his heart to all generations."
H4284,H4284,plot,M06,plans,Pro 19:21,"Many are the plans in the mind of a man, but it is the purpose of the Lord that will stand."
H4284,H4284,plot,M06,Plans,Pro 20:18,Plans are established by counsel; by wise guidance wage war.
H4284,H4284,plot,M06,thoughts,Mic 4:12,"But they do not know the thoughts of the Lord; they do not understand his plan, that he has gathered them as sheaves to the threshing floor."
H2803,H2803G,to devise: design,M64,invent,Amo 6:5,"who sing idle songs to the sound of the harp and like David invent for themselves instruments of music,"
G0191,G0191,to hear,T3,heard,Act 28:15,"And the brothers there, when they heard about us, came as far as the Forum of Appius and Three Taverns to meet us. On seeing them, Paul thanked God and took courage."
H7181,H7181,to listen,M41,Attend,Psa 142:6,"Attend to my cry, for I am brought very low! Deliver me from my persecutors, for they are too strong for me!"
H4284,H4284,plot,M06,thoughts,Isa 55:9,"For as the heavens are higher than the earth, so are my ways higher than your ways and my thoughts than your thoughts."
H4284,H4284 H9002 H9026,,,thoughts,Isa 55:9,"For as the heavens are higher than the earth, so are my ways higher than your ways and my thoughts than your thoughts."
H0241,H0241G,ear,T14,ears,Mic 7:16,The nations shall see and be ashamed of all their might; they shall lay their hands on their mouths; their ears shall be deaf;
H2803,H2803I H9028 H0413 H9030 H9002,,,devise,Hos 7:15,"Although I trained and strengthened their arms, yet they devise evil against me."
H8085,H8085H H9033,,,obeyed,Deu 34:9,"And Joshua the son of Nun was full of the spirit of wisdom, for Moses had laid his hands on him. So the people of Israel obeyed him and did as the Lord had commanded Moses."
H2803,H2803H,to devise: count,M64,counts,Psa 32:2,"Blessed is the man against whom the Lord counts no iniquity, and in whose spirit there is no deceit."
H2803,H2803J,to devise: think,M15,deemed,Isa 32:15,"until the Spirit is poured upon us from on high, and the wilderness becomes a fruitful field, and the fruitful field is deemed a forest."
H8085,H8085H,to hear: obey,M41,indeed,Exo 19:5,"Now therefore, if you will indeed obey my voice and keep my covenant, you shall be my treasured possession among all peoples, for all the earth is mine;"
H8085,H8085H,to hear: obey,M41,obey,Exo 19:5,"Now therefore, if you will indeed obey my voice and keep my covenant, you shall be my treasured possession among all peoples, for all the earth is mine;"
H8085,H8085H,to hear: obey,M41,obeyed,Judg 2:2,and you shall make no covenant with the inhabitants of this land; you shall break down their altars.’ But you have not obeyed my voice. What is this you have done?
H8085,H8085H H9005 H9021,,,obeying,Deu 30:20,"loving the Lord your God, obeying his voice and holding fast to him, for he is your life and length of days, that you may dwell in the land that the Lord swore to your fathers, to Abraham, to Isaac, and to Jacob, to give them.”"
H8085,H8085H,to hear: obey,M41,obey,Jos 5:6,"For the people of Israel walked forty years in the wilderness, until all the nation, the men of war who came out of Egypt, perished, because they did not obey the voice of the Lord; the Lord swore to them that he would not let them see the land that the Lord had sworn to their fathers to give to us, a land flowing with milk and honey."
G0191,G0191,to hear,T3,heard,Luk 16:14,"The Pharisees, who were lovers of money, heard all these things, and they ridiculed him."
G0191,G0191,to hear,T3,listen to,1Jo 4:6,We are from God. Whoever knows God listens to us; whoever is not from God does not listen to us. By this we know the Spirit of truth and the spirit of error.
G0191,G0191,to hear,T3,listens to,1Jo 4:6,We are from God. Whoever knows God listens to us; whoever is not from God does not listen to us. By this we know the Spirit of truth and the spirit of error.
H4209,H4209 H9002,,,discretion,Pro 3:21,"My son, do not lose sight of these— keep sound wisdom and discretion,"
H4209,H4209 H9002 H9026,,,schemes,Job 21:27,"“ Behold, I know your thoughts and your schemes to wrong me."
H4284,H4284,plot,M06,thoughts,Job 21:27,"“ Behold, I know your thoughts and your schemes to wrong me."
H4209,H4209 H9031,,,purpose,Job 42:2,"“I know that you can do all things, and that no purpose of yours can be thwarted."
H2803,H2803I,to devise: devise,M64,devise,Psa 21:11,"Though they plan evil against you, though they devise mischief, they will not succeed."
H4209,H4209,plot,M06,mischief,Psa 21:11,"Though they plan evil against you, though they devise mischief, they will not succeed."
H4209,H4209 H9002,,,discretion,Pro 1:4,"to give prudence to the simple, knowledge and discretion to the youth —"
H4209,H4209,plot,M06,discretion,Pro 2:11,"discretion will watch over you, understanding will guard you,"
H4209,H4209,plot,M06,discretion,Pro 5:2,"that you may keep discretion, and your lips may guard knowledge."
H4209,H4209,plot,M06,discretion,Pro 8:12,"“ I, wisdom, dwell with prudence, and I find knowledge and discretion."
H2803,H2803I H9005 H9023,,,plans,Pro 16:30,Whoever winks his eyes plans dishonest things; he who purses his lips brings evil to pass.
H2803,H2803J,to devise: think,M15,counted,Job 18:3,Why are we counted as cattle? Why are we stupid in your sight?
G0191,G0191,to hear,T3,heard,Mar 14:11,"And when they heard it, they were glad and promised to give him money. And he sought an opportunity to betray him."
G0191,G0191,to hear,T3,hears,Joh 3:29,"The one who has the bride is the bridegroom. The friend of the bridegroom, who stands and hears him, rejoices greatly at the bridegroom’s voice. Therefore this joy of mine is now complete."
G0191,G0191,to hear,T3,heard,Act 13:48,"And when the Gentiles heard this, they began rejoicing and glorifying the word of the Lord, and as many as were appointed to eternal life believed."
G0191,G0191,to hear,T3,hears,Mat 13:20,"As for what was sown on rocky ground, this is the one who hears the word and immediately receives it with joy,"
G0191,G0191,to hear,T3,hear,Mar 4:16,"And these are the ones sown on rocky ground: the ones who, when they hear the word, immediately receive it with joy."
G0191,G0191,to hear,T3,hear,Luk 8:13,"And the ones on the rock are those who, when they hear the word, receive it with joy. But these have no root; they believe for a while, and in time of testing fall away."
G0191,G0191,to hear,T3,hear,3Jo 4,I have no greater joy than to hear that my children are walking in the truth.
H0241,H0241G,ear,T14,ear,Psa 40:6,"In sacrifice and offering you have not delighted, but you have given me an open ear. Burnt offering and sin offering you have not required."
H2803,H2803H,to devise: count,M64,regard,Isa 13:17,"Behold, I am stirring up the Medes against them, who have no regard for silver and do not delight in gold."
H4284,H4284,plot,M06,thought,1Ch 28:9,"“And you, Solomon my son, know the God of your father and serve him with a whole heart and with a willing mind, for the Lord searches all hearts and understands every plan and thought. If you seek him, he will be found by you, but if you forsake him, he will cast you off forever."
H0241,H0241H H9002 H9003,,,hearing,1Ch 28:8,"Now therefore in the sight of all Israel, the assembly of the Lord, and in the hearing of our God, observe and seek out all the commandments of the Lord your God, that you may possess this good land and leave it for an inheritance to your children after you forever."
H0241,H0241H H9003,,,hearing,Isa 5:9,"The Lord of hosts has sworn in my hearing: “ Surely many houses shall be desolate, large and beautiful houses, without inhabitant."
H4284,H4284,plot,M06,devices,Isa 65:2,"I spread out my hands all the day to a rebellious people, who walk in a way that is not good, following their own devices;"
H0241,H0241G H9003,,,ears,Gen 35:4,"So they gave to Jacob all the foreign gods that they had, and the rings that were in their ears. Jacob hid them under the terebinth tree that was near Shechem."
H2803,H2803H,to devise: count,M64,accounting,2Ki 12:15,"And they did not ask for an accounting from the men into whose hand they delivered the money to pay out to the workmen, for they dealt honestly."
H2803,H2803H,to devise: count,M64,accounting,2Ki 22:7,"But no accounting shall be asked from them for the money that is delivered into their hand, for they deal honestly.”"
H2803,H2803G H9002 H9005,,,execute,2Ch 2:14,"the son of a woman of the daughters of Dan, and his father was a man of Tyre. He is trained to work in gold, silver, bronze, iron, stone, and wood, and in purple, blue, and crimson fabrics and fine linen, and to do all sorts of engraving and execute any design that may be assigned him, with your craftsmen, the craftsmen of my lord, David your father."
H4284,H4284,plot,M06,design,2Ch 2:14,"the son of a woman of the daughters of Dan, and his father was a man of Tyre. He is trained to work in gold, silver, bronze, iron, stone, and wood, and in purple, blue, and crimson fabrics and fine linen, and to do all sorts of engraving and execute any design that may be assigned him, with your craftsmen, the craftsmen of my lord, David your father."
H8085,H8085H,to hear: obey,M41,obey,Isa 42:24,"Who gave up Jacob to the looter, and Israel to the plunderers? Was it not the Lord, against whom we have sinned, in whose ways they would not walk, and whose law they would not obey?"
H2803,H2803I H0834A,,,have,Jer 29:11,"For I know the plans I have for you, declares the Lord, plans for welfare and not for evil, to give you a future and a hope."
H4284,H4284,plot,M06,plans,Jer 29:11,"For I know the plans I have for you, declares the Lord, plans for welfare and not for evil, to give you a future and a hope."
H4284,H4284 H9009 H0853,,,plans,Jer 29:11,"For I know the plans I have for you, declares the Lord, plans for welfare and not for evil, to give you a future and a hope."
H7475,H7475 H9002,,,striving,Ecc 4:16,"There was no end of all the people, all of whom he led. Yet those who come later will not rejoice in him. Surely this also is vanity and a striving after wind."
G0191,G0191,to hear,T3,heard,Col 1:9,"And so, from the day we heard, we have not ceased to pray for you, asking that you may be filled with the knowledge of his will in all spiritual wisdom and understanding,"
G0191,G0191,to hear,T3,hears,1Jo 5:15,"And if we know that he hears us in whatever we ask, we know that we have the requests that we have asked of him."
G0191,G0191,to hear,T3,hear,Act 25:22,"Then Agrippa said to Festus, “ I would like to hear the man myself.” “ Tomorrow,” said he, “you will hear him.”"
G0191,G0191,to hear,T3,heard,Phili 2:26,for he has been longing for you all and has been distressed because you heard that he was ill.
G0191,G1161 G0191,,,heard,Luk 7:3,"When the centurion heard about Jesus, he sent to him elders of the Jews, asking him to come and heal his servant."
G0191,G0191,to hear,T3,heard,Joh 4:47,"When this man heard that Jesus had come from Judea to Galilee, he went to him and asked him to come down and heal his son, for he was at the point of death."
G0191,G0191,to hear,T3,heard,Mar 11:18,"And the chief priests and the scribes heard it and were seeking a way to destroy him, for they feared him, because all the crowd was astonished at his teaching."
G0191,G0191,to hear,T3,heard,Joh 8:40,"but now you seek to kill me, a man who has told you the truth that I heard from God. This is not what Abraham did."
H2803,H2803I,to devise: devise,M64,devise,Psa 35:4,Let them be put to shame and dishonor who seek after my life! Let them be turned back and disappointed who devise evil against me!
H0241,H0241G H9002,,,ear,Pro 18:15,"An intelligent heart acquires knowledge, and the ear of the wise seeks knowledge."
H2803,H2803J,to devise: think,M15,think,Job 6:26,"Do you think that you can reprove words, when the speech of a despairing man is wind?"
G0191,G0191,to hear,T3,hear,Mat 11:5,"the blind receive their sight and the lame walk, lepers are cleansed and the deaf hear, and the dead are raised up, and the poor have good news preached to them."
G0191,G0191,to hear,T3,hear,Luk 7:22,"And he answered them, “ Go and tell John what you have seen and heard: the blind receive their sight, the lame walk, lepers are cleansed, and the deaf hear, the dead are raised up, the poor have good news preached to them."
G0191,G0191,to hear,T3,heard,Luk 7:22,"And he answered them, “ Go and tell John what you have seen and heard: the blind receive their sight, the lame walk, lepers are cleansed, and the deaf hear, the dead are raised up, the poor have good news preached to them."
G0191,G0191,to hear,T3,heard,2Jo 6,"And this is love, that we walk according to his commandments; this is the commandment, just as you have heard from the beginning, so that you should walk in it."
G0191,G0191,to hear,T3,hear,Rev 9:20,"The rest of mankind, who were not killed by these plagues, did not repent of the works of their hands nor give up worshiping demons and idols of gold and silver and bronze and stone and wood, which cannot see or hear or walk,"
G0191,G0191,to hear,T3,heard,Heb 2:1,"Therefore we must pay much closer attention to what we have heard, lest we drift away from it."
H2803,H2803H,to devise: count,M64,regarded,Gen 31:15,"Are we not regarded by him as foreigners? For he has sold us, and he has indeed devoured our money."
H2803,H2803H,to devise: count,M64,calculate,Lev 25:27,"let him calculate the years since he sold it and pay back the balance to the man to whom he sold it, and then return to his property."
H2803,H2803H,to devise: count,M64,calculate,Lev 25:50,"He shall calculate with his buyer from the year when he sold himself to him until the year of jubilee, and the price of his sale shall vary with the number of years. The time he was with his owner shall be rated as the time of a hired worker."
H0241,H0241G,ear,T14,ear,Exo 29:20,"and you shall kill the ram and take part of its blood and put it on the tip of the right ear of Aaron and on the tips of the right ears of his sons, and on the thumbs of their right hands and on the great toes of their right feet, and throw the rest of the blood against the sides of the altar."
H0241,H0241G,ear,T14,ears,Exo 29:20,"and you shall kill the ram and take part of its blood and put it on the tip of the right ear of Aaron and on the tips of the right ears of his sons, and on the thumbs of their right hands and on the great toes of their right feet, and throw the rest of the blood against the sides of the altar."
H0241,H0241G,ear,T14,ear,Lev 8:23,"And he killed it, and Moses took some of its blood and put it on the lobe of Aaron’s right ear and on the thumb of his right hand and on the big toe of his right foot."
H0241,H0241G,ear,T14,ears,Lev 8:24,"Then he presented Aaron’s sons, and Moses put some of the blood on the lobes of their right ears and on the thumbs of their right hands and on the big toes of their right feet. And Moses threw the blood against the sides of the altar."
H0241,H0241G,ear,T14,ear,Lev 14:14,"The priest shall take some of the blood of the guilt offering, and the priest shall put it on the lobe of the right ear of him who is to be cleansed and on the thumb of his right hand and on the big toe of his right foot."
H0241,H0241G,ear,T14,ear,Lev 14:25,"And he shall kill the lamb of the guilt offering. And the priest shall take some of the blood of the guilt offering and put it on the lobe of the right ear of him who is to be cleansed, and on the thumb of his right hand and on the big toe of his right foot."
H8085,H8085H,to hear: obey,M41,obey,Num 27:20,"You shall invest him with some of your authority, that all the congregation of the people of Israel may obey."
H8085,H8085H,to hear: obey,M41,faithfully,Deu 28:1,"“And if you faithfully obey the voice of the Lord your God, being careful to do all his commandments that I command you today, the Lord your God will set you high above all the nations of the earth."
H8085,H8085H,to hear: obey,M41,obey,Deu 28:1,"“And if you faithfully obey the voice of the Lord your God, being careful to do all his commandments that I command you today, the Lord your God will set you high above all the nations of the earth."
H7475,H7475,striving,T2,striving,Ecc 1:17,And I applied my heart to know wisdom and to know madness and folly. I perceived that this also is but a striving after wind.
G0191,G0191,to hear,T3,hear,Act 7:2,"And Stephen said: “ Brothers and fathers, hear me. The God of glory appeared to our father Abraham when he was in Mesopotamia, before he lived in Haran,"
H8085,H8085H H9002,,,obeyed,Num 14:22,"none of the men who have seen my glory and my signs that I did in Egypt and in the wilderness, and yet have put me to the test these ten times and have not obeyed my voice,"
H4284,H4284 H9002 H9028,,,thoughts,Isa 66:18,"“For I know their works and their thoughts, and the time is coming to gather all nations and tongues. And they shall come and shall see my glory,"
G1261,G1261,reasoning,M63,thoughts,Jam 2:4,have you not then made distinctions among yourselves and become judges with evil thoughts?
G1261,G1261,reasoning,M63,opinions,Rom 14:1,"As for the one who is weak in faith, welcome him, but not to quarrel over opinions."
G1261,G1261,reasoning,M63,thoughts,Luk 5:22,"When Jesus perceived their thoughts, he answered them, “ Why do you question in your hearts?"
G1761,G1761,reflection,M15,thoughts,Heb 4:12,"For the word of God is living and active, sharper than any two-edged sword, piercing to the division of soul and of spirit, of joints and of marrow, and discerning the thoughts and intentions of the heart."
G0191,G0191,to hear,T3,heard,Luk 2:47,And all who heard him were amazed at his understanding and his answers.
H7454,H7454 H9005,,,thoughts,Psa 139:2,You know when I sit down and when I rise up; you discern my thoughts from afar.
H2803,H2803J,to devise: think,M15,considered,Pro 17:28,"Even a fool who keeps silent is considered wise; when he closes his lips, he is deemed intelligent."
H8085,H8085J H9006,,,comprehend,Isa 33:19,"You will see no more the insolent people, the people of an obscure speech that you cannot comprehend, stammering in a tongue that you cannot understand."
H8085,H8085J H3588A,,,understood,Gen 42:23,"They did not know that Joseph understood them, for there was an interpreter between them."
H8085,H8085H,to hear: obey,M41,obey,Deu 11:28,"and the curse, if you do not obey the commandments of the Lord your God, but turn aside from the way that I am commanding you today, to go after other gods that you have not known."
H8085,H8085H H9008,,,obey,Judg 3:4,"They were for the testing of Israel, to know whether Israel would obey the commandments of the Lord, which he commanded their fathers by the hand of Moses."
H4284,H4284,plot,M06,thoughts,Psa 94:11,"the Lord — knows the thoughts of man, that they are but a breath."
H2803,H2803J,to devise: think,M15,think,Psa 144:3,"O Lord, what is man that you regard him, or the son of man that you think of him?"
H2803,H2803H,to devise: count,M64,esteemed,Isa 53:3,"He was despised and rejected by men, a man of sorrows, and acquainted with grief; and as one from whom men hide their faces he was despised, and we esteemed him not."
H8085,H8085H,to hear: obey,M41,obeyed,Jer 3:13,"Only acknowledge your guilt, that you rebelled against the Lord your God and scattered your favors among foreigners under every green tree, and that you have not obeyed my voice, declares the Lord."
H7476,H7476 H9010,,,thoughts,Dan 2:29,"To you, O king, as you lay in bed came thoughts of what would be after this, and he who reveals mysteries made known to you what is to be."
H7476,H7476 H9002,,,thoughts,Dan 2:30,"But as for me, this mystery has been revealed to me, not because of any wisdom that I have more than all the living, but in order that the interpretation may be made known to the king, and that you may know the thoughts of your mind."
H4284,H4284,plot,M06,thoughts,Gen 6:5,"The Lord saw that the wickedness of man was great in the earth, and that every intention of the thoughts of his heart was only evil continually."
H2803,H2803J,to devise: think,M15,thought,Gen 38:15,"When Judah saw her, he thought she was a prostitute, for she had covered her face."
H2803,H2803H,to devise: count,M64,itself,Num 23:9,"For from the top of the crags I see him, from the hills I behold him; behold, a people dwelling alone, and not counting itself among the nations!"
H7181,H7181,to listen,M41,listen,Isa 21:7,"When he sees riders, horsemen in pairs, riders on donkeys, riders on camels, let him listen diligently, very diligently.”"
H0241,H0241G,ear,T14,ear,Pro 2:2,making your ear attentive to wisdom and inclining your heart to understanding;
H7181,H7181 H9005,,,attentive,Pro 2:2,making your ear attentive to wisdom and inclining your heart to understanding;
H0241,H0241G,ear,T14,ear,Pro 5:1,"My son, be attentive to my wisdom; incline your ear to my understanding,"
H7181,H7181 H9020,,,attentive,Pro 5:1,"My son, be attentive to my wisdom; incline your ear to my understanding,"
G0191,G0191,to hear,T3,heard,Mat 19:22,"When the young man heard this he went away sorrowful, for he had great possessions."
H6248,H6248,thought,M15,thought,Job 12:5,In the thought of one who is at ease there is contempt for misfortune; it is ready for those whose feet slip.
H2803,H2803J,to devise: think,M15,seem,Isa 5:28,"their arrows are sharp, all their bows bent, their horses ’ hoofs seem like flint, and their wheels like the whirlwind."
H8085,H8085H,to hear: obey,M41,obey,Neh 9:16,“But they and our fathers acted presumptuously and stiffened their neck and did not obey your commandments.
H2803,H2803I,to devise: devise,M64,plan,Psa 140:2,who plan evil things in their heart and stir up wars continually.
H2803,H2803I,to devise: devise,M64,devise,Zec 7:10,"do not oppress the widow, the fatherless, the sojourner, or the poor, and let none of you devise evil against another in your heart.”"
H8085,H8085H H1115 H9005,,,listen,Jer 16:12,"and because you have done worse than your fathers, for behold, every one of you follows his stubborn, evil will, refusing to listen to me."
G0191,G0191,to hear,T3,hear,Act 28:22,"But we desire to hear from you what your views are, for with regard to this sect we know that everywhere it is spoken against.”"
G0191,G0191,to hear,T3,hear,1Cor 11:18,"For, in the first place, when you come together as a church, I hear that there are divisions among you. And I believe it in part,"
H8085,H8085H H0834A,,,obeyed,Gen 26:5,"because Abraham obeyed my voice and kept my charge, my commandments, my statutes, and my laws.”"
H7454,H7454,thought,M15,thoughts,Psa 139:17,"How precious to me are your thoughts, O God! How vast is the sum of them!"
G0191,G0191,to hear,T3,heard,Mat 2:3,"When Herod the king heard this, he was troubled, and all Jerusalem with him;"
G0191,G0191,to hear,T3,heard,Act 15:24,"Since we have heard that some persons have gone out from us and troubled you with words, unsettling your minds, although we gave them no instructions,"
G0191,G0191,to hear,T3,heard,Act 17:8,And the people and the city authorities were disturbed when they heard these things.
G0191,G0191,to hear,T3,hear,Mar 4:15,"And these are the ones along the path, where the word is sown: when they hear, Satan immediately comes and takes away the word that is sown in them."
G0191,G0191,to hear,T3,hear,Mar 4:18,"And others are the ones sown among thorns. They are those who hear the word,"
G0191,G0191,to hear,T3,hear,Mar 4:20,"But those that were sown on the good soil are the ones who hear the word and accept it and bear fruit, thirtyfold and sixtyfold and a hundredfold.”"
G0191,G0191,to hear,T3,heard,Luk 8:12,"The ones along the path are those who have heard; then the devil comes and takes away the word from their hearts, so that they may not believe and be saved."
G0191,G0191,to hear,T3,hearing,Luk 8:15,"As for that in the good soil, they are those who, hearing the word, hold it fast in an honest and good heart, and bear fruit with patience."
G0191,G0191,to hear,T3,hear,Luk 8:21,"But he answered them, “ My mother and my brothers are those who hear the word of God and do it.”"
G0191,G0191,to hear,T3,heard,Act 16:38,"The police reported these words to the magistrates, and they were afraid when they heard that they were Roman citizens."
G1261,G1261,reasoning,M63,thoughts,1Cor 3:20,"and again, “The Lord knows the thoughts of the wise, that they are futile.”"
G0191,G0191,to hear,T3,listens to,1Jo 4:5,"They are from the world; therefore they speak from the world, and the world listens to them."
G0191,G0191,to hear,T3,heard,Joh 11:6,"So, when he heard that Lazarus was ill, he stayed two days longer in the place where he was."
G0191,G0191,to hear,T3,heard,1Jo 2:24,"Let what you heard from the beginning abide in you. If what you heard from the beginning abides in you, then you too will abide in the Son and in the Father."
H2803,H2803H,to devise: count,M64,counted,Gen 15:6,"And he believed the Lord, and he counted it to him as righteousness."
H2803,H2803H,to devise: count,M64,considered,Neh 13:13,"And I appointed as treasurers over the storehouses Shelemiah the priest, Zadok the scribe, and Pedaiah of the Levites, and as their assistant Hanan the son of Zaccur, son of Mattaniah, for they were considered reliable, and their duty was to distribute to their brothers."
H8085,H8085H,to hear: obey,M41,obey,Deu 28:15,"“But if you will not obey the voice of the Lord your God or be careful to do all his commandments and his statutes that I command you today, then all these curses shall come upon you and overtake you."
H8085,H8085H,to hear: obey,M41,obey,Deu 28:62,"Whereas you were as numerous as the stars of heaven, you shall be left few in number, because you did not obey the voice of the Lord your God."
H8085,H8085H H0834A,,,obeyed,Jos 1:17,"Just as we obeyed Moses in all things, so we will obey you. Only may the Lord your God be with you, as he was with Moses!"
H8085,H8085H H3651C,,,obey,Jos 1:17,"Just as we obeyed Moses in all things, so we will obey you. Only may the Lord your God be with you, as he was with Moses!"
H0241,H0241G H9002,,,ears,2Ch 6:40,"Now, O my God, let your eyes be open and your ears attentive to the prayer of this place."
H0241,H0241G H9002,,,ears,2Ch 7:15,Now my eyes will be open and my ears attentive to the prayer that is made in this place.
H2803,H2803J,to devise: think,M15,count,Job 19:15,The guests in my house and my maidservants count me as a stranger; I have become a foreigner in their eyes.
H0241,H0241G H0413 H9030,,,ear,Psa 31:2,"Incline your ear to me; rescue me speedily! Be a rock of refuge for me, a strong fortress to save me!"
H2803,H2803H,to devise: count,M64,counted,Psa 88:4,"I am counted among those who go down to the pit; I am a man who has no strength,"
H7181,H7181,to listen,M41,attention,Isa 48:18,"Oh that you had paid attention to my commandments! Then your peace would have been like a river, and your righteousness like the waves of the sea;"
H8085,H8085H,to hear: obey,M41,obeyed,1Ch 29:23,"Then Solomon sat on the throne of the Lord as king in place of David his father. And he prospered, and all Israel obeyed him."
H8085,H8085H,to hear: obey,M41,obeyed,Jer 35:10,but we have lived in tents and have obeyed and done all that Jonadab our father commanded us.
H8085,H8085H,to hear: obey,M41,obey,Jer 43:4,"So Johanan the son of Kareah and all the commanders of the forces and all the people did not obey the voice of the Lord, to remain in the land of Judah."
H4284,H4284 H9021,,,plans,Pro 16:3,"Commit your work to the Lord, and your plans will be established."
H2803,H2803I,to devise: devise,M64,plans,Pro 16:9,"The heart of man plans his way, but the Lord establishes his steps."
H8085,H8085J,to hear: understand,M41,understand,Deu 28:49,"The Lord will bring a nation against you from far away, from the end of the earth, swooping down like the eagle, a nation whose language you do not understand,"
H4284,H4284,plot,M06,thoughts,1Ch 29:18,"O Lord, the God of Abraham, Isaac, and Israel, our fathers, keep forever such purposes and thoughts in the hearts of your people, and direct their hearts toward you."
H2803,H2803H,to devise: count,M64,counted,Psa 106:31,And that was counted to him as righteousness from generation to generation forever.
H2803,H2803J,to devise: think,M15,consider,Psa 77:5,"I consider the days of old, the years long ago."
H2803,H2803I,to devise: devise,M64,devised,Dan 11:25,"And he shall stir up his power and his heart against the king of the south with a great army. And the king of the south shall wage war with an exceedingly great and mighty army, but he shall not stand, for plots shall be devised against him."
H4284,H4284 H9033,,,plots,Dan 11:25,"And he shall stir up his power and his heart against the king of the south with a great army. And the king of the south shall wage war with an exceedingly great and mighty army, but he shall not stand, for plots shall be devised against him."
H8085,H8085H H9020,,,obey,Gen 27:43,"Now therefore, my son, obey my voice. Arise, flee to Laban my brother in Haran"
H8085,H8085H,to hear: obey,M41,obeyed,Jer 35:16,"The sons of Jonadab the son of Rechab have kept the command that their father gave them, but this people has not obeyed me."
G0191,G0191,to hear,T3,hear,Mat 13:15,"For this people’s heart has grown dull, and with their ears they can barely hear, and their eyes they have closed, lest they should see with their eyes and hear with their ears and understand with their heart and turn, and I would heal them.’"
G0191,G0191,to hear,T3,hear,Mat 13:16,"But blessed are your eyes, for they see, and your ears, for they hear."
G0191,G0191,to hear,T3,hear,Mar 8:18,"Having eyes do you not see, and having ears do you not hear? And do you not remember?"
G0191,G0191,to hear,T3,heard,Joh 9:32,Never since the world began has it been heard that anyone opened the eyes of a man born blind.
G0191,G0191,to hear,T3,hear,Act 28:27,"For this people’s heart has grown dull, and with their ears they can barely hear, and their eyes they have closed; lest they should see with their eyes and hear with their ears and understand with their heart and turn, and I would heal them.’"
G0191,G0191,to hear,T3,hear,Rom 11:8,"as it is written, “ God gave them a spirit of stupor, eyes that would not see and ears that would not hear, down to this very day.”"
G0191,G0191,to hear,T3,heard,1Jo 1:1,"That which was from the beginning, which we have heard, which we have seen with our eyes, which we looked upon and have touched with our hands, concerning the word of life —"
G1261,G1261,reasoning,M63,thoughts,Mar 7:21,"For from within, out of the heart of man, come evil thoughts, sexual immorality, theft, murder, adultery,"
G0191,G0191,to hear,T3,heard,Act 9:13,"But Ananias answered, “ Lord, I have heard from many about this man, how much evil he has done to your saints at Jerusalem."
G0191,G0191,to hear,T3,heard,Mar 6:55,and ran about the whole region and began to bring the sick people on their beds to wherever they heard he was.
G0191,G0191,to hear,T3,hears,Mat 13:19,"When anyone hears the word of the kingdom and does not understand it, the evil one comes and snatches away what has been sown in his heart. This is what was sown along the path."
G1261,G1261,reasoning,M63,thoughts,Mat 15:19,"For out of the heart come evil thoughts, murder, adultery, sexual immorality, theft, false witness, slander."
G1271,G1271,mind,M15,mind,Col 1:21,"And you, who once were alienated and hostile in mind, doing evil deeds,"
H8085,H8085H,to hear: obey,M41,obey,1Sa 15:19,Why then did you not obey the voice of the Lord? Why did you pounce on the spoil and do what was evil in the sight of the Lord?”
G0191,G0191,to hear,T3,hearing,Act 9:7,"The men who were traveling with him stood speechless, hearing the voice but seeing no one."
G0191,G0191,to hear,T3,heard,Col 1:23,"if indeed you continue in the faith, stable and steadfast, not shifting from the hope of the gospel that you heard, which has been proclaimed in all creation under heaven, and of which I, Paul, became a minister."
G0191,G0191,to hear,T3,hearing,Luk 8:50,"But Jesus on hearing this answered him, “Do not fear; only believe, and she will be well.”"
G0191,G0191,to hear,T3,heard,Act 4:4,"But many of those who had heard the word believed, and the number of the men came to about five thousand."
G0191,G0191,to hear,T3,hearing,Act 18:8,"Crispus, the ruler of the synagogue, believed in the Lord, together with his entire household. And many of the Corinthians hearing Paul believed and were baptized."
G0191,G0191,to hear,T3,listened,Act 14:9,"He listened to Paul speaking. And Paul, looking intently at him and seeing that he had faith to be made well,"
G0191,G0191,to hear,T3,hearing,Gal 1:23,"They only were hearing it said, “He who used to persecute us is now preaching the faith he once tried to destroy.”"
G0191,G0191,to hear,T3,heard,Eph 1:15,"For this reason, because I have heard of your faith in the Lord Jesus and your love toward all the saints,"
G0191,G0191,to hear,T3,hear,Phile 5,"because I hear of your love and of the faith that you have toward the Lord Jesus and for all the saints,"
G0191,G0191,to hear,T3,Listen,Jam 2:5,"Listen, my beloved brothers, has not God chosen those who are poor in the world to be rich in faith and heirs of the kingdom, which he has promised to those who love him?"
G0191,G0191,to hear,T3,heard,2Ti 2:2,"and what you have heard from me in the presence of many witnesses entrust to faithful men, who will be able to teach others also."
H2803,H2803H,to devise: count,M64,counted,Num 18:27,"And your contribution shall be counted to you as though it were the grain of the threshing floor, and as the fullness of the winepress."
G0191,G0191,to hear,T3,Hear,Mar 12:29,"Jesus answered, “The most important is, ‘ Hear, O Israel: The Lord our God, the Lord is one."
G1271,G1271,mind,M15,mind,Mar 12:30,And you shall love the Lord your God with all your heart and with all your soul and with all your mind and with all your strength.’
G0191,G0191,to hear,T3,heard,Luk 2:20,"And the shepherds returned, glorifying and praising God for all they had heard and seen, as it had been told them."
G0191,G0191,to hear,T3,hear,Luk 5:1,"On one occasion, while the crowd was pressing in on him to hear the word of God, he was standing by the lake of Gennesaret,"
G0191,G0191,to hear,T3,heard,Luk 7:29,"( When all the people heard this, and the tax collectors too, they declared God just, having been baptized with the baptism of John,"
G0191,G0191,to hear,T3,heard,Joh 6:45,"It is written in the Prophets, ‘ And they will all be taught by God.’ Everyone who has heard and learned from the Father comes to me —"
G0191,G0191,to hear,T3,hear,Joh 8:47,Whoever is of God hears the words of God. The reason why you do not hear them is that you are not of God.”
G0191,G0191,to hear,T3,hears,Joh 8:47,Whoever is of God hears the words of God. The reason why you do not hear them is that you are not of God.”
G0191,G0191,to hear,T3,hear,Act 2:11,"both Jews and proselytes, Cretans and Arabians —we hear them telling in our own tongues the mighty works of God.”"
G0191,G0191,to hear,T3,hear,Act 2:22,"“ Men of Israel, hear these words: Jesus of Nazareth, a man attested to you by God with mighty works and wonders and signs that God did through him in your midst, as you yourselves know —"
G0191,G0191,to hear,T3,heard,Act 8:14,"Now when the apostles at Jerusalem heard that Samaria had received the word of God, they sent to them Peter and John,"
G0191,G0191,to hear,T3,hearing,Act 10:46,"For they were hearing them speaking in tongues and extolling God. Then Peter declared,"
G0191,G0191,to hear,T3,heard,Act 11:1,Now the apostles and the brothers who were throughout Judea heard that the Gentiles also had received the word of God.
G0191,G0191,to hear,T3,listened,Act 15:12,"And all the assembly fell silent, and they listened to Barnabas and Paul as they related what signs and wonders God had done through them among the Gentiles."
G1761,G1761,reflection,M15,imagination,Act 17:29,"Being then God’s offspring, we ought not to think that the divine being is like gold or silver or stone, an image formed by the art and imagination of man."
G0191,G0191 G0846,,,listen,Act 28:28,Therefore let it be known to you that this salvation of God has been sent to the Gentiles; they will listen.”
G0191,G0191,to hear,T3,heard,Gal 1:13,"For you have heard of my former life in Judaism, how I persecuted the church of God violently and tried to destroy it."
G0191,G0191,to hear,T3,heard,Eph 3:2,"assuming that you have heard of the stewardship of God’s grace that was given to me for you,"
G1271,G1271,mind,M15,understanding,Eph 4:18,"They are darkened in their understanding, alienated from the life of God because of the ignorance that is in them, due to their hardness of heart."
G0191,G0191,to hear,T3,heard,Phili 4:9,"What you have learned and received and heard and seen in me — practice these things, and the God of peace will be with you."
G0191,G0191,to hear,T3,heard,Col 1:6,"which has come to you, as indeed in the whole world it is bearing fruit and increasing — as it also does among you, since the day you heard it and understood the grace of God in truth,"
G0191,G0191,to hear,T3,hearers,2Ti 2:14,"Remind them of these things, and charge them before God not to quarrel about words, which does no good, but only ruins the hearers."
G0191,G0191,to hear,T3,heard,1Jo 1:5,"This is the message we have heard from him and proclaim to you, that God is light, and in him is no darkness at all."
G0191,G0191,to hear,T3,heard,1Jo 4:3,"and every spirit that does not confess Jesus is not from God. This is the spirit of the antichrist, which you heard was coming and now is in the world already."
G0191,G0191,to hear,T3,heard,Rev 9:13,"Then the sixth angel blew his trumpet, and I heard a voice from the four horns of the golden altar before God,"
G0191,G0191,to hear,T3,hears,Rev 22:18,"I warn everyone who hears the words of the prophecy of this book: if anyone adds to them, God will add to him the plagues described in this book,"
G0191,G0191,to hear,T3,heard,Mat 17:6,"When the disciples heard this, they fell on their faces and were terrified."
G0191,G0191,to hear,T3,heard,Joh 19:8,"When Pilate heard this statement, he was even more afraid."
G0191,G0191,to hear,T3,hears,Mat 7:26,And everyone who hears these words of mine and does not do them will be like a foolish man who built his house on the sand.
G0191,G0191,to hear,T3,heard,Mat 22:22,"When they heard it, they marveled. And they left him and went away."
G0191,G0191 G0191,,,hear,Mar 4:12,"so that “'they may indeed see but not perceive, and may indeed hear but not understand, lest they should turn and be forgiven.'”"
H8085,H8085H,to hear: obey,M41,obeyed,Jer 3:25,"Let us lie down in our shame, and let our dishonor cover us. For we have sinned against the Lord our God, we and our fathers, from our youth even to this day, and we have not obeyed the voice of the Lord our God.”"
H2803,H2803H,to devise: count,M64,accounted,Isa 40:15,"Behold, the nations are like a drop from a bucket, and are accounted as the dust on the scales; behold, he takes up the coastlands like fine dust."
G0191,G0191,to hear,T3,hears,Mat 13:23,"As for what was sown on good soil, this is the one who hears the word and understands it. He indeed bears fruit and yields, in one case a hundredfold, in another sixty, and in another thirty.”"
H8085,H8085H,to hear: obey,M41,obedient,Isa 1:19,"If you are willing and obedient, you shall eat the good of the land;"
H2803,H2803I,to devise: devise,M64,devise,Dan 11:24,"Without warning he shall come into the richest parts of the province, and he shall do what neither his fathers nor his fathers ’ fathers have done, scattering among them plunder, spoil, and goods. He shall devise plans against strongholds, but only for a time."
H4284,H4284,plot,M06,plans,Dan 11:24,"Without warning he shall come into the richest parts of the province, and he shall do what neither his fathers nor his fathers ’ fathers have done, scattering among them plunder, spoil, and goods. He shall devise plans against strongholds, but only for a time."
H7181,H7181 H9020,,,listen,Psa 86:6,"Give ear, O Lord, to my prayer; listen to my plea for grace."
H0241,H0241G,ear,T14,ear,Job 36:15,He delivers the afflicted by their affliction and opens their ear by adversity.
G0191,G0191,to hear,T3,heard,Act 7:34,"I have surely seen the affliction of my people who are in Egypt, and have heard their groaning, and I have come down to deliver them. And now come, I will send you to Egypt.’"
H2803,H2803H H9005 H9033,,,counted,Pro 27:14,"Whoever blesses his neighbor with a loud voice, rising early in the morning, will be counted as cursing."
G0191,G0191,to hear,T3,heard,Mar 7:25,But immediately a woman whose little daughter had an unclean spirit heard of him and came and fell down at his feet.
G0191,G0191,to hear,T3,heard,Rev 1:10,"I was in the Spirit on the Lord’s day, and I heard behind me a loud voice like a trumpet"
H0241,H0241G H0413 H9030,,,ear,Psa 71:2,"In your righteousness deliver me and rescue me; incline your ear to me, and save me!"
G1261,G1261,reasoning,M63,thoughts,Luk 2:35,"( and a sword will pierce through your own soul also ), so that thoughts from many hearts may be revealed.”"
G1261,G1161 G1261,,,argument,Luk 9:46,An argument arose among them as to which of them was the greatest.
G1261,G1261,reasoning,M63,reasoning,Luk 9:47,"But Jesus, knowing the reasoning of their hearts, took a child and put him by his side"
G1261,G1261,reasoning,M63,disputing,Phili 2:14,"Do all things without grumbling or disputing,"
G1271,G1271,mind,M15,thoughts,Luk 1:51,He has shown strength with his arm; he has scattered the proud in the thoughts of their hearts;
G1271,G1271,mind,M15,mind,2Pe 3:1,"This is now the second letter that I am writing to you, beloved. In both of them I am stirring up your sincere mind by way of reminder,"
G0191,G0191,to hear,T3,hear,Luk 8:18,"Take care then how you hear, for to the one who has, more will be given, and from the one who has not, even what he thinks that he has will be taken away.”"
H2803,H2803I,to devise: devise,M64,think,Isa 10:7,"But he does not so intend, and his heart does not so think; but it is in his heart to destroy, and to cut off nations not a few;"
H2803,H2803I,to devise: devise,M64,thought,Psa 40:17,"As for me, I am poor and needy, but the Lord takes thought for me. You are my help and my deliverer; do not delay, O my God!"
H2803,H2803G,to devise: design,M64,devise,Exo 31:4,"to devise artistic designs, to work in gold, silver, and bronze,"
H4284,H4284,plot,M06,artistic designs,Exo 31:4,"to devise artistic designs, to work in gold, silver, and bronze,"
H2803,H2803G H9002,,,devise,Exo 35:32,"to devise artistic designs, to work in gold and silver and bronze,"
H4284,H4284,plot,M06,artistic designs,Exo 35:32,"to devise artistic designs, to work in gold and silver and bronze,"
H4284,H4284,plot,M06,plans,Pro 21:5,"The plans of the diligent lead surely to abundance, but everyone who is hasty comes only to poverty."
H4284,H4284,plot,M06,thoughts,Isa 55:8,"For my thoughts are not your thoughts, neither are your ways my ways, declares the Lord."
H4284,H4284 H9020,,,thoughts,Isa 55:8,"For my thoughts are not your thoughts, neither are your ways my ways, declares the Lord."
G0191,G0191,to hear,T3,heard,Mat 20:24,"And when the ten heard it, they were indignant at the two brothers."
G0191,G0191,to hear,T3,heard,Mar 10:41,"And when the ten heard it, they began to be indignant at James and John."
H7181,H7181,to listen,M41,attention,Isa 10:30,"Cry aloud, O daughter of Gallim! Give attention, O Laishah! O poor Anathoth!"
G0191,G0191,to hear,T3,hear,Mat 13:43,"Then the righteous will shine like the sun in the kingdom of their Father. He who has ears, let him hear."
H2803,H2803H,to devise: count,M64,imputed,Lev 17:4,"and does not bring it to the entrance of the tent of meeting to offer it as a gift to the Lord in front of the tabernacle of the Lord, bloodguilt shall be imputed to that man. He has shed blood, and that man shall be cut off from among his people."
H0241,H0241G H9002,,,ears,Psa 34:15,The eyes of the Lord are toward the righteous and his ears toward their cry.
G0191,G0191,to hear,T3,hear,Mat 13:13,"This is why I speak to them in parables, because seeing they do not see, and hearing they do not hear, nor do they understand."
G0191,G0191,to hear,T3,hearing,Mat 13:13,"This is why I speak to them in parables, because seeing they do not see, and hearing they do not hear, nor do they understand."
H5587,H5587B,disquietings,"FLAG,T2",thoughts,Job 20:2,"“ Therefore my thoughts answer me, because of my haste within me."
H0241,H0241G,ear,T14,ear,Psa 88:2,Let my prayer come before you; incline your ear to my cry!
H2803,H2803G,to devise: design,M64,skilled,Exo 28:15,"“You shall make a breastpiece of judgment, in skilled work. In the style of the ephod you shall make it—of gold, blue and purple and scarlet yarns, and fine twined linen shall you make it."
H7181,H7181,to listen,M41,attention,Isa 51:4,"“Give attention to me, my people, and give ear to me, my nation; for a law will go out from me, and I will set my justice for a light to the peoples."
H8085,H8085H,to hear: obey,M41,obey,1Sa 8:9,"Now then, obey their voice; only you shall solemnly warn them and show them the ways of the king who shall reign over them.”"
H0241,H0241G,ear,T14,ear,Psa 49:4,I will incline my ear to a proverb; I will solve my riddle to the music of the lyre.
H0241,H0241G,ear,T14,ears,Psa 78:1,"A Maskil of Asaph. Give ear, O my people, to my teaching; incline your ears to the words of my mouth!"
G0191,G0191,to hear,T3,heard,Mar 12:28,"And one of the scribes came up and heard them disputing with one another, and seeing that he answered them well, asked him, “ Which commandment is the most important of all?”"
G0191,G0191,to hear,T3,heard,Rev 3:3,"Remember, then, what you received and heard. Keep it, and repent. If you will not wake up, I will come like a thief, and you will not know at what hour I will come against you."
H0241,H0241G H9002 H9021,,,ear,Pro 23:12,Apply your heart to instruction and your ear to words of knowledge.
H2803,H2803G,to devise: design,M64,skillfully,Exo 36:8,"And all the craftsmen among the workmen made the tabernacle with ten curtains. They were made of fine twined linen and blue and purple and scarlet yarns, with cherubim skillfully worked."
H2803,H2803G,to devise: design,M64,skilled,Exo 39:3,"And they hammered out gold leaf, and he cut it into threads to work into the blue and purple and the scarlet yarns, and into the fine twined linen, in skilled design."
H8085,H8085H,to hear: obey,M41,obey,Deu 13:18,"if you obey the voice of the Lord your God, keeping all his commandments that I am commanding you today, and doing what is right in the sight of the Lord your God."
H8085,H8085H,to hear: obey,M41,obey,Deu 15:5,"if only you will strictly obey the voice of the Lord your God, being careful to do all this commandment that I command you today."
H8085,H8085H H0518A,,,strictly,Deu 15:5,"if only you will strictly obey the voice of the Lord your God, being careful to do all this commandment that I command you today."
H8085,H8085H,to hear: obey,M41,obey,Deu 27:10,"You shall therefore obey the voice of the Lord your God, keeping his commandments and his statutes, which I command you today.”"
H8085,H8085H,to hear: obey,M41,obey,Deu 30:8,And you shall again obey the voice of the Lord and keep all his commandments that I command you today.
H7181,H7181,to listen,M41,paid attention,Neh 9:34,"Our kings, our princes, our priests, and our fathers have not kept your law or paid attention to your commandments and your warnings that you gave them."
H2803,H2803G,to devise: design,M64,skillfully,Exo 26:1,"“Moreover, you shall make the tabernacle with ten curtains of fine twined linen and blue and purple and scarlet yarns; you shall make them with cherubim skillfully worked into them."
H2803,H2803G,to devise: design,M64,skillfully,Exo 26:31,“And you shall make a veil of blue and purple and scarlet yarns and fine twined linen. It shall be made with cherubim skillfully worked into it.
H2803,H2803G,to devise: design,M64,skillfully,Exo 28:6,"“And they shall make the ephod of gold, of blue and purple and scarlet yarns, and of fine twined linen, skillfully worked."
H2803,H2803G,to devise: design,M64,skillfully,Exo 36:35,He made the veil of blue and purple and scarlet yarns and fine twined linen; with cherubim skillfully worked into it he made it.
H2803,H2803G,to devise: design,M64,skilled,Exo 39:8,"He made the breastpiece, in skilled work, in the style of the ephod, of gold, blue and purple and scarlet yarns, and fine twined linen."
G0191,G0191,to hear,T3,listening,Mat 2:9,"After listening to the king, they went on their way. And behold, the star that they had seen when it rose went before them until it came to rest over the place where the child was."
G0191,G0191,to hear,T3,came,Act 11:22,"The report of this came to the ears of the church in Jerusalem, and they sent Barnabas to Antioch."
G0191,G0191,to hear,T3,hears,Luk 6:49,"But the one who hears and does not do them is like a man who built a house on the ground without a foundation. When the stream broke against it, immediately it fell, and the ruin of that house was great.”"
G0191,G0191,to hear,T3,heard,Rev 14:2,"And I heard a voice from heaven like the roar of many waters and like the sound of loud thunder. The voice I heard was like the sound of harpists playing on their harps,"
G0191,G0191,to hear,T3,heard,Mar 3:8,"and Jerusalem and Idumea and from beyond the Jordan and from around Tyre and Sidon. When the great crowd heard all that he was doing, they came to him."
G0191,G0191,to hear,T3,hear,Mar 4:33,"With many such parables he spoke the word to them, as they were able to hear it."
G0191,G0191,to hear,T3,hear,Luk 5:15,"But now even more the report about him went abroad, and great crowds gathered to hear him and to be healed of their infirmities."
G0191,G0191,to hear,T3,heard,Joh 4:1,Now when Jesus learned that the Pharisees had heard that Jesus was making and baptizing more disciples than John
G0191,G0191,to hear,T3,heard,Joh 12:12,The next day the large crowd that had come to the feast heard that Jesus was coming to Jerusalem.
G0191,G0191,to hear,T3,heard,1Jo 2:18,"Children, it is the last hour, and as you have heard that antichrist is coming, so now many antichrists have come. Therefore we know that it is the last hour."
G0191,G0191,to hear,T3,heard,Rev 5:11,"Then I looked, and I heard around the throne and the living creatures and the elders the voice of many angels, numbering myriads of myriads and thousands of thousands,"
H8085,H8085H,to hear: obey,M41,obey,Deu 28:45,"“ All these curses shall come upon you and pursue you and overtake you till you are destroyed, because you did not obey the voice of the Lord your God, to keep his commandments and his statutes that he commanded you."
H8085,H8085H H9021,,,obey,Deu 30:2,"and return to the Lord your God, you and your children, and obey his voice in all that I command you today, with all your heart and with all your soul,"
H2803,H2803H,to devise: count,M64,counted,Jos 13:3,"( from the Shihor, which is east of Egypt, northward to the boundary of Ekron, it is counted as Canaanite; there are five rulers of the Philistines, those of Gaza, Ashdod, Ashkelon, Gath, and Ekron ), and those of the Avvim,"
H8085,H8085H,to hear: obey,M41,obey,Jer 43:7,"And they came into the land of Egypt, for they did not obey the voice of the Lord. And they arrived at Tahpanhes."
H2803,H2803H,to devise: count,M64,regarded,Hos 8:12,"Were I to write for him my laws by the ten thousands, they would be regarded as a strange thing."
G0191,G0191,to hear,T3,heard,1Jo 3:11,"For this is the message that you have heard from the beginning, that we should love one another."
G0191,G0191,to hear,T3,listens,Mat 18:15,"“ If your brother sins against you, go and tell him his fault, between you and him alone. If he listens to you, you have gained your brother."
G0191,G0191,to hear,T3,heard,Joh 1:40,"One of the two who heard John speak and followed Jesus was Andrew, Simon Peter’s brother."
G0191,G0191,to hear,T3,hear,Act 22:1,"“ Brothers and fathers, hear the defense that I now make before you.”"
G0191,G0191,to hear,T3,heard,Act 7:54,"Now when they heard these things they were enraged, and they ground their teeth at him."
H8085,H8085H,to hear: obey,M41,obey,Deu 30:10,"when you obey the voice of the Lord your God, to keep his commandments and his statutes that are written in this Book of the Law, when you turn to the Lord your God with all your heart and with all your soul."
H8085,H8085H,to hear: obey,M41,obeyed,Gen 22:18,"and in your offspring shall all the nations of the earth be blessed, because you have obeyed my voice.”"
H8085,H8085H H9020,,,obey,Gen 27:8,"Now therefore, my son, obey my voice as I command you."
H8085,H8085H,to hear: obey,M41,obeyed,Gen 28:7,and that Jacob had obeyed his father and his mother and gone to Paddan-aram.
H8085,H8085H,to hear: obey,M41,obey,Deu 11:27,"the blessing, if you obey the commandments of the Lord your God, which I command you today,"
H8085,H8085H,to hear: obey,M41,obey,Deu 28:2,"And all these blessings shall come upon you and overtake you, if you obey the voice of the Lord your God."
H0241,H0241H,ear: hearing,T2,soon,Psa 18:44,As soon as they heard of me they obeyed me; foreigners came cringing to me.
H8085,H8085H,to hear: obey,M41,obeyed,Psa 18:44,As soon as they heard of me they obeyed me; foreigners came cringing to me.
H8085,H8085H,to hear: obey,M41,obey,Psa 106:25,"They murmured in their tents, and did not obey the voice of the Lord."
H8085,H8085H,to hear: obey,M41,obeyed,Jer 35:8,"We have obeyed the voice of Jonadab the son of Rechab, our father, in all that he commanded us, to drink no wine all our days, ourselves, our wives, our sons, or our daughters,"
G0191,G0191,to hear,T3,heard,Mat 22:34,"But when the Pharisees heard that he had silenced the Sadducees, they gathered together."
G0191,G0191,to hear,T3,hear,Rev 1:3,"Blessed is the one who reads aloud the words of this prophecy, and blessed are those who hear, and who keep what is written in it, for the time is near."
G0191,G0191,to hear,T3,listen,Mat 18:16,"But if he does not listen, take one or two others along with you, that every charge may be established by the evidence of two or three witnesses."
G0191,G0191,to hear,T3,heard,Joh 8:9,"But when they heard it, they went away one by one, beginning with the older ones, and Jesus was left alone with the woman standing before him."
G0191,G0191,to hear,T3,listen,Joh 10:16,"And I have other sheep that are not of this fold. I must bring them also, and they will listen to my voice. So there will be one flock, one shepherd."
G0191,G0191,to hear,T3,hearing,Act 2:6,"And at this sound the multitude came together, and they were bewildered, because each one was hearing them speak in his own language."
G0191,G0191,to hear,T3,heard,Joh 7:32,"The Pharisees heard the crowd muttering these things about him, and the chief priests and Pharisees sent officers to arrest him."
G0191,G0191,to hear,T3,hear,2Ti 4:17,"But the Lord stood by me and strengthened me, so that through me the message might be fully proclaimed and all the Gentiles might hear it. So I was rescued from the lion’s mouth."
G0191,G0191,to hear,T3,hears,Mat 7:24,“ Everyone then who hears these words of mine and does them will be like a wise man who built his house on the rock.
G0191,G0191,to hear,T3,hears,Luk 6:47,"Everyone who comes to me and hears my words and does them, I will show you what he is like:"
G0191,G0191,to hear,T3,words,Luk 19:48,"but they did not find anything they could do, for all the people were hanging on his words."
G0191,G0191,to hear,T3,heard,Joh 8:38,"I speak of what I have seen with my Father, and you do what you have heard from your father.”"
G0191,G0191,to hear,T3,heard,Joh 12:18,The reason why the crowd went to meet him was that they heard he had done this sign.
G0191,G0191,to hear,T3,heard,Act 22:26,"When the centurion heard this, he went to the tribune and said to him, “ What are you about to do? For this man is a Roman citizen.”"
G0191,G0191,to hear,T3,hearers,1Ti 4:16,"Keep a close watch on yourself and on the teaching. Persist in this, for by so doing you will save both yourself and your hearers."
G0191,G0191,to hear,T3,heard,Mar 6:29,"When his disciples heard of it, they came and took his body and laid it in a tomb."
G0191,G0191,to hear,T3,heard,Luk 18:23,"But when he heard these things, he became very sad, for he was extremely rich."
G0191,G0191,to hear,T3,heard,Act 4:20,for we cannot but speak of what we have seen and heard.”
G0191,G0191,to hear,T3,reported,Mar 2:1,"And when he returned to Capernaum after some days, it was reported that he was at home."
G0191,G0191,to hear,T3,hear,Joh 8:43,Why do you not understand what I say? It is because you cannot bear to hear my word.
H5587,H5587B H9003,,,Amid,Job 4:13,"Amid thoughts from visions of the night, when deep sleep falls on men,"
H2803,H2803J,to devise: think,M15,counts,Job 33:10,"Behold, he finds occasions against me, he counts me as his enemy,"
H2803,H2803H,to devise: count,M64,regarded,Psa 44:22,Yet for your sake we are killed all the day long; we are regarded as sheep to be slaughtered.
G0191,G0191,to hear,T3,hears,Luk 10:16,"“The one who hears you hears me, and the one who rejects you rejects me, and the one who rejects me rejects him who sent me.”"
G0191,G0191,to hear,T3,hearers,Heb 12:19,and the sound of a trumpet and a voice whose words made the hearers beg that no further messages be spoken to them.
H2803,H2803J,to devise: think,M15,counted,Job 41:29,Clubs are counted as stubble; he laughs at the rattle of javelins.
H2803,H2803J,to devise: think,M15,think,Psa 119:59,"When I think on my ways, I turn my feet to your testimonies;"
H2803,H2803J,to devise: think,M15,regarded,Isa 29:17,"Is it not yet a very little while until Lebanon shall be turned into a fruitful field, and the fruitful field shall be regarded as a forest?"
G0191,G0191,to hear,T3,hear,Luk 15:1,Now the tax collectors and sinners were all drawing near to hear him.
G0191,G0191,to hear,T3,heard,Rev 18:23,"and the light of a lamp will shine in you no more, and the voice of bridegroom and bride will be heard in you no more, for your merchants were the great ones of the earth, and all nations were deceived by your sorcery."
G0191,G0191,to hear,T3,heard,Mat 4:12,"Now when he heard that John had been arrested, he withdrew into Galilee."
H2803,H2803H,to devise: count,M64,considered,1Ki 10:21,"All King Solomon’s drinking vessels were of gold, and all the vessels of the House of the Forest of Lebanon were of pure gold. None were of silver; silver was not considered as anything in the days of Solomon."
H2803,H2803H,to devise: count,M64,considered,2Ch 9:20,"All King Solomon’s drinking vessels were of gold, and all the vessels of the House of the Forest of Lebanon were of pure gold. Silver was not considered as anything in the days of Solomon."
G0191,G0191,to hear,T3,listen,Mat 10:14,"And if anyone will not receive you or listen to your words, shake off the dust from your feet when you leave that house or town."
G0191,G0191,to hear,T3,heard,Act 5:24,"Now when the captain of the temple and the chief priests heard these words, they were greatly perplexed about them, wondering what this would come to."
G0191,G0191,to hear,T3,hear,Act 13:44,The next Sabbath almost the whole city gathered to hear the word of the Lord.
G0191,G0191,to hear,T3,heard,Act 19:10,"This continued for two years, so that all the residents of Asia heard the word of the Lord, both Jews and Greeks."
G0191,G0191,to hear,T3,heard,Joh 3:32,"He bears witness to what he has seen and heard, yet no one receives his testimony."
G0191,G0191,to hear,T3,heard,Joh 5:37,"And the Father who sent me has himself borne witness about me. His voice you have never heard, his form you have never seen,"
H2803,H2803J,to devise: think,M15,count,Job 13:24,Why do you hide your face and count me as your enemy?
H2803,H2803J,to devise: think,M15,counts,Job 41:27,"He counts iron as straw, and bronze as rotten wood."
H2803,H2803J,to devise: think,M15,think,Job 41:32,Behind him he leaves a shining wake; one would think the deep to be white-haired.
H7181,H7181,to listen,M41,Give attention,Psa 5:2,"Give attention to the sound of my cry, my King and my God, for to you do I pray."
H7476,H7476 H9002 H9033,,,thoughts,Dan 5:6,"Then the king’s color changed, and his thoughts alarmed him; his limbs gave way, and his knees knocked together."
H7476,H7476,thought,M15,thoughts,Dan 7:28,"“ Here is the end of the matter. As for me, Daniel, my thoughts greatly alarmed me, and my color changed, but I kept the matter in my heart.”"
G0191,G0191,to hear,T3,heard,Eph 4:21,"assuming that you have heard about him and were taught in him, as the truth is in Jesus,"
H0241,H0241G,ear,T14,ears,Psa 135:17,"they have ears, but do not hear, nor is there any breath in their mouths."
G0191,G0191,to hear,T3,hear,Mat 11:15,"He who has ears to hear, let him hear."
G0191,G0191,to hear,T3,hear,Mat 12:19,"He will not quarrel or cry aloud, nor will anyone hear his voice in the streets;"
G0191,G0191,to hear,T3,hear,Mat 13:9,"He who has ears, let him hear.”"
G0191,G0191,to hear,T3,Hear,Mat 13:18,“ Hear then the parable of the sower:
G0191,G0191,to hear,T3,heard,Mat 14:1,"At that time Herod the tetrarch heard about the fame of Jesus,"
G0191,G0191,to hear,T3,heard,Mat 14:13,"Now when Jesus heard this, he withdrew from there in a boat to a desolate place by himself. But when the crowds heard it, they followed him on foot from the towns."
G0191,G0191,to hear,T3,Hear,Mat 21:33,"“ Hear another parable. There was a master of a house who planted a vineyard and put a fence around it and dug a winepress in it and built a tower and leased it to tenants, and went into another country."
G0191,G0191,to hear,T3,heard,Mat 22:33,"And when the crowd heard it, they were astonished at his teaching."
G0191,G0191,to hear,T3,Listen,Mar 4:3,"“ Listen! Behold, a sower went out to sow."
G0191,G0191,to hear,T3,hear,Mar 4:23,"If anyone has ears to hear, let him hear.”"
G0191,G0191,to hear,T3,heard,Mar 5:27,She had heard the reports about Jesus and came up behind him in the crowd and touched his garment.
G0191,G2532 G0191,,,listening,Luk 2:46,"After three days they found him in the temple, sitting among the teachers, listening to them and asking them questions."
G0191,G0191,to hear,T3,hear,Luk 14:35,"It is of no use either for the soil or for the manure pile. It is thrown away. He who has ears to hear, let him hear.”"
G0191,G0191,to hear,T3,heard,Luk 15:25,"“ Now his older son was in the field, and as he came and drew near to the house, he heard music and dancing."
G0191,G0191,to hear,T3,hearing,Luk 18:36,"And hearing a crowd going by, he inquired what this meant."
G0191,G0191,to hear,T3,hear,Luk 21:38,And early in the morning all the people came to him in the temple to hear him.
G0191,G0191,to hear,T3,heard,Luk 23:6,"When Pilate heard this, he asked whether the man was a Galilean."
G0191,G0191,to hear,T3,heard,Joh 1:37,"The two disciples heard him say this, and they followed Jesus."
G0191,G0191,to hear,T3,hear,Joh 5:28,"Do not marvel at this, for an hour is coming when all who are in the tombs will hear his voice"
G0191,G0191,to hear,T3,hear,Joh 10:27,"My sheep hear my voice, and I know them, and they follow me."
G0191,G0191,to hear,T3,heard,Joh 11:20,"So when Martha heard that Jesus was coming, she went and met him, but Mary remained seated in the house."
G0191,G0191,to hear,T3,heard,Joh 11:29,"And when she heard it, she rose quickly and went to him."
G0191,G0191,to hear,T3,hear,Act 2:8,"And how is it that we hear, each of us in his own native language?"
G0191,G0191,to hear,T3,listen,Act 3:23,And it shall be that every soul who does not listen to that prophet shall be destroyed from the people.’
G0191,G0191,to hear,T3,heard,Act 7:12,"But when Jacob heard that there was grain in Egypt, he sent out our fathers on their first visit."
G0191,G0191,to hear,T3,hear,Act 21:22,What then is to be done? They will certainly hear that you have come.
G0191,G0191,to hear,T3,understand,Act 22:9,Now those who were with me saw the light but did not understand the voice of the one who was speaking to me.
G0191,G0191,to hear,T3,heard,Act 22:15,for you will be a witness for him to everyone of what you have seen and heard.
G0191,G0191,to hear,T3,heard,Act 23:16,"Now the son of Paul’s sister heard of their ambush, so he went and entered the barracks and told Paul."
G0191,G0191,to hear,T3,heard,2Cor 12:4,"and he heard things that cannot be told, which man may not utter."
G0191,G0191,to hear,T3,hears,Rev 3:20,"Behold, I stand at the door and knock. If anyone hears my voice and opens the door, I will come in to him and eat with him, and he with me."
G0191,G0191,to hear,T3,heard,Rev 7:4,"And I heard the number of the sealed, 144,000, sealed from every tribe of the sons of Israel:"
G0191,G0191,to hear,T3,heard,Rev 9:16,The number of mounted troops was twice ten thousand times ten thousand; I heard their number.
G0191,G0191,to hear,T3,hear,Rev 13:9,"If anyone has an ear, let him hear:"
G0191,G0191,to hear,T3,heard,Rev 18:22,"and the sound of harpists and musicians, of flute players and trumpeters, will be heard in you no more, and a craftsman of any craft will be found in you no more, and the sound of the mill will be heard in you no more,"
G0191,G0191,to hear,T3,heard,Rev 22:8,"I, John, am the one who heard and saw these things. And when I heard and saw them, I fell down to worship at the feet of the angel who showed them to me,"
H2803,H2803H,to devise: count,M64,regarded,Lam 4:2,"The precious sons of Zion, worth their weight in fine gold, how they are regarded as earthen pots, the work of a potter’s hands!"
H0241,H0241G H9002,,,ears,Isa 43:8,"Bring out the people who are blind, yet have eyes, who are deaf, yet have ears!"
H0241,H0241G H9008,,,ear,Job 12:11,Does not the ear test words as the palate tastes food?
H0241,H0241G,ear,T14,ears,Job 33:16,"then he opens the ears of men and terrifies them with warnings,"
H0241,H0241G H3588A,,,ear,Job 34:3,for the ear tests words as the palate tastes food.
H0241,H0241G H9002,,,ears,Isa 35:5,"Then the eyes of the blind shall be opened, and the ears of the deaf unstopped;"
H2803,H2803H,to devise: count,M64,accounted,Isa 40:17,"All the nations are as nothing before him, they are accounted by him as less than nothing and emptiness."
H0241,H0241I,ear: to ears,T2,you,Eze 24:26,on that day a fugitive will come to you to report to you the news.
