obs_id,node_id,meaning_source,obs_text,tag,window,stage,strongNumber,stepGloss,surface,role,text,reference,node_related_subgroup,subgroup_label,strong_related_subgroup,cluster_code,short_name,question_code,strong,text,question_code,window,question_text
204,288,strong_meaning_tree+lsj+mounce,"The characteristic is named from ἀργός (idle/ineffective/careless), part of the M67 diligence-vs-negligence cluster. The name signals absence of productive activity -- the negation of engaged effort, whether physical (idleness), verbal (careless speech), or spiritual (fruitlessness).",answered-no-flag,meaning,verse-reading,G0692,idle,ineffective,"[""M67"", ""T2""]","For if these qualities are yours and are increasing, they keep you from being ineffective or unfruitful in the knowledge of our Lord Jesus Christ.",2Pe 1:8,,Idleness as inert state or condition,M67_A_dispositional_idleness,M67,Sloth & Diligence,M0.1.1,G0692,"For if these qualities are yours and are increasing, they keep you from being ineffective or unfruitful in the knowledge of our Lord Jesus Christ.",M0.1.1,meaning,"What is the characteristic called in the programme, and what does the name signal about its essential nature?"
204,289,strong_meaning_tree+lsj+mounce,"The characteristic is named from ἀργός (idle/ineffective/careless), part of the M67 diligence-vs-negligence cluster. The name signals absence of productive activity -- the negation of engaged effort, whether physical (idleness), verbal (careless speech), or spiritual (fruitlessness).",answered-no-flag,meaning,verse-reading,G0692,idle,careless,"[""M67"", ""T2""]","I tell you, on the day of judgment people will give account for every careless word they speak,",Mat 12:36,,Idleness as inert state or condition,M67_A_dispositional_idleness,M67,Sloth & Diligence,M0.1.1,G0692,"I tell you, on the day of judgment people will give account for every careless word they speak,",M0.1.1,meaning,"What is the characteristic called in the programme, and what does the name signal about its essential nature?"
204,290,strong_meaning_tree+lsj+mounce,"The characteristic is named from ἀργός (idle/ineffective/careless), part of the M67 diligence-vs-negligence cluster. The name signals absence of productive activity -- the negation of engaged effort, whether physical (idleness), verbal (careless speech), or spiritual (fruitlessness).",answered-no-flag,meaning,verse-reading,G0692,idle,idle,"[""M67"", ""T2""]","And about the eleventh hour he went out and found others standing. And he said to them, ‘ Why do you stand here idle all day?’",Mat 20:6,,Idleness as inert state or condition,M67_A_dispositional_idleness,M67,Sloth & Diligence,M0.1.1,G0692,"And about the eleventh hour he went out and found others standing. And he said to them, ‘ Why do you stand here idle all day?’",M0.1.1,meaning,"What is the characteristic called in the programme, and what does the name signal about its essential nature?"
205,291,strong_meaning_tree+lsj+mounce,"ἀργός is a compound (privative ἀ- + ἔργον, 'work'), literally 'without work'. LSJ shows the base agricultural sense 'not working the ground', extended to 'idle, lazy' (opposed to ἐργάτις) and, of things, 'lying idle, yielding no return' (of money), 'fallow' (of land), 'unwrought'. Mounce/tree converge on idle/lazy/useless/ineffective/careless.",answered-no-flag,meaning,verse-reading,G0692,idle,ineffective,"[""M67"", ""T2""]","For if these qualities are yours and are increasing, they keep you from being ineffective or unfruitful in the knowledge of our Lord Jesus Christ.",2Pe 1:8,,Idleness as inert state or condition,M67_A_dispositional_idleness,M67,Sloth & Diligence,M0.1.2,G0692,"For if these qualities are yours and are increasing, they keep you from being ineffective or unfruitful in the knowledge of our Lord Jesus Christ.",M0.1.2,meaning,What do the primary Hebrew and Greek terms show at the definitional level?
206,292,strong_meaning_tree+lsj+mounce,"The a-privative + ἔργον construction carries a constitutional implication: the word defines its subject negatively, by the absence of expected productive output, rather than by any positive quality. This makes it naturally paired with fruit/growth imagery (2 Pet 1:8's ἄκαρπος) and with accounting language (Matt 12:36's λόγος/account for careless words).",answered-no-flag,meaning,verse-reading,G0692,idle,ineffective,"[""M67"", ""T2""]","For if these qualities are yours and are increasing, they keep you from being ineffective or unfruitful in the knowledge of our Lord Jesus Christ.",2Pe 1:8,,Idleness as inert state or condition,M67_A_dispositional_idleness,M67,Sloth & Diligence,M0.1.3,G0692,"For if these qualities are yours and are increasing, they keep you from being ineffective or unfruitful in the knowledge of our Lord Jesus Christ.",M0.1.3,meaning,"What directional, relational, or constitutional implication does the name carry?"
207,293,strong_meaning_tree+lsj+mounce,"Primary Greek term ἀργός, from ἀ- (privative) + ἔργον ('work, deed'). Root meaning: 'not-working', hence idle, unproductive, ineffective. No Hebrew equivalent is in view for this NT-only term in this cluster's data.",answered-no-flag,meaning,verse-reading,G0692,idle,ineffective,"[""M67"", ""T2""]","For if these qualities are yours and are increasing, they keep you from being ineffective or unfruitful in the knowledge of our Lord Jesus Christ.",2Pe 1:8,,Idleness as inert state or condition,M67_A_dispositional_idleness,M67,Sloth & Diligence,M0.5.1,G0692,"For if these qualities are yours and are increasing, they keep you from being ineffective or unfruitful in the knowledge of our Lord Jesus Christ.",M0.5.1,meaning,"What are the primary Hebrew and Greek terms for this characteristic, and what do their root meanings show?"
208,294,strong_meaning_tree+lsj+mounce,"ἀργός is an adjective (attested only as A- morph forms across the given occurrences: A-APM, A-ASN, A-NPM), modifying persons (idle laborers, Matt 20:6), words (careless speech, Matt 12:36), and qualities/character (ineffective in knowledge, 2 Pet 1:8). Its purely adjectival range shows the characteristic operates as a descriptor of state/condition rather than as an act in itself.",answered-no-flag,meaning,verse-reading,G0692,idle,ineffective,"[""M67"", ""T2""]","For if these qualities are yours and are increasing, they keep you from being ineffective or unfruitful in the knowledge of our Lord Jesus Christ.",2Pe 1:8,,Idleness as inert state or condition,M67_A_dispositional_idleness,M67,Sloth & Diligence,M0.5.2,G0692,"For if these qualities are yours and are increasing, they keep you from being ineffective or unfruitful in the knowledge of our Lord Jesus Christ.",M0.5.2,meaning,"What is the grammatical range of the primary term (noun, verb, adjective, participle), and what does that range show about how the characteristic operates?"
208,295,strong_meaning_tree+lsj+mounce,"ἀργός is an adjective (attested only as A- morph forms across the given occurrences: A-APM, A-ASN, A-NPM), modifying persons (idle laborers, Matt 20:6), words (careless speech, Matt 12:36), and qualities/character (ineffective in knowledge, 2 Pet 1:8). Its purely adjectival range shows the characteristic operates as a descriptor of state/condition rather than as an act in itself.",answered-no-flag,meaning,verse-reading,G0692,idle,careless,"[""M67"", ""T2""]","I tell you, on the day of judgment people will give account for every careless word they speak,",Mat 12:36,,Idleness as inert state or condition,M67_A_dispositional_idleness,M67,Sloth & Diligence,M0.5.2,G0692,"I tell you, on the day of judgment people will give account for every careless word they speak,",M0.5.2,meaning,"What is the grammatical range of the primary term (noun, verb, adjective, participle), and what does that range show about how the characteristic operates?"
208,296,strong_meaning_tree+lsj+mounce,"ἀργός is an adjective (attested only as A- morph forms across the given occurrences: A-APM, A-ASN, A-NPM), modifying persons (idle laborers, Matt 20:6), words (careless speech, Matt 12:36), and qualities/character (ineffective in knowledge, 2 Pet 1:8). Its purely adjectival range shows the characteristic operates as a descriptor of state/condition rather than as an act in itself.",answered-no-flag,meaning,verse-reading,G0692,idle,idle,"[""M67"", ""T2""]","And about the eleventh hour he went out and found others standing. And he said to them, ‘ Why do you stand here idle all day?’",Mat 20:6,,Idleness as inert state or condition,M67_A_dispositional_idleness,M67,Sloth & Diligence,M0.5.2,G0692,"And about the eleventh hour he went out and found others standing. And he said to them, ‘ Why do you stand here idle all day?’",M0.5.2,meaning,"What is the grammatical range of the primary term (noun, verb, adjective, participle), and what does that range show about how the characteristic operates?"
209,297,strong_meaning_tree+lsj+mounce,"Semantic range spans: (1) literal physical idleness/unemployment (Matt 20:6, standing idle in the marketplace), (2) morally-loaded 'careless' speech implying culpable inattention rather than mere inactivity (Matt 12:36), (3) metaphorical spiritual unfruitfulness/ineffectiveness paired with ἄκαρπος (2 Pet 1:8). LSJ also documents financial idleness (money 'lying idle, yielding no return') and agricultural fallowness, showing the term's economic/productivity register carried into its NT moral use.",answered-no-flag,meaning,verse-reading,G0692,idle,ineffective,"[""M67"", ""T2""]","For if these qualities are yours and are increasing, they keep you from being ineffective or unfruitful in the knowledge of our Lord Jesus Christ.",2Pe 1:8,,Idleness as inert state or condition,M67_A_dispositional_idleness,M67,Sloth & Diligence,M0.5.3,G0692,"For if these qualities are yours and are increasing, they keep you from being ineffective or unfruitful in the knowledge of our Lord Jesus Christ.",M0.5.3,meaning,"What is the semantic range of the primary term — across what breadth of meaning does it operate, including any idiomatic, analogical, or otherwise implied meaning carried by its use in combination with other terms?"
209,298,strong_meaning_tree+lsj+mounce,"Semantic range spans: (1) literal physical idleness/unemployment (Matt 20:6, standing idle in the marketplace), (2) morally-loaded 'careless' speech implying culpable inattention rather than mere inactivity (Matt 12:36), (3) metaphorical spiritual unfruitfulness/ineffectiveness paired with ἄκαρπος (2 Pet 1:8). LSJ also documents financial idleness (money 'lying idle, yielding no return') and agricultural fallowness, showing the term's economic/productivity register carried into its NT moral use.",answered-no-flag,meaning,verse-reading,G0692,idle,careless,"[""M67"", ""T2""]","I tell you, on the day of judgment people will give account for every careless word they speak,",Mat 12:36,,Idleness as inert state or condition,M67_A_dispositional_idleness,M67,Sloth & Diligence,M0.5.3,G0692,"I tell you, on the day of judgment people will give account for every careless word they speak,",M0.5.3,meaning,"What is the semantic range of the primary term — across what breadth of meaning does it operate, including any idiomatic, analogical, or otherwise implied meaning carried by its use in combination with other terms?"
209,299,strong_meaning_tree+lsj+mounce,"Semantic range spans: (1) literal physical idleness/unemployment (Matt 20:6, standing idle in the marketplace), (2) morally-loaded 'careless' speech implying culpable inattention rather than mere inactivity (Matt 12:36), (3) metaphorical spiritual unfruitfulness/ineffectiveness paired with ἄκαρπος (2 Pet 1:8). LSJ also documents financial idleness (money 'lying idle, yielding no return') and agricultural fallowness, showing the term's economic/productivity register carried into its NT moral use.",answered-no-flag,meaning,verse-reading,G0692,idle,idle,"[""M67"", ""T2""]","And about the eleventh hour he went out and found others standing. And he said to them, ‘ Why do you stand here idle all day?’",Mat 20:6,,Idleness as inert state or condition,M67_A_dispositional_idleness,M67,Sloth & Diligence,M0.5.3,G0692,"And about the eleventh hour he went out and found others standing. And he said to them, ‘ Why do you stand here idle all day?’",M0.5.3,meaning,"What is the semantic range of the primary term — across what breadth of meaning does it operate, including any idiomatic, analogical, or otherwise implied meaning carried by its use in combination with other terms?"
210,300,strong_meaning_tree+lsj+mounce,"The structural opposite within this cluster's own vocabulary is σπουδή/σπουδαίως (G4710/G4709), denoting earnestness, zeal, diligent effort -- the positive filling of the void ἀργός names.",answered-no-flag,meaning,verse-reading,G0692,idle,ineffective,"[""M67"", ""T2""]","For if these qualities are yours and are increasing, they keep you from being ineffective or unfruitful in the knowledge of our Lord Jesus Christ.",2Pe 1:8,,Idleness as inert state or condition,M67_A_dispositional_idleness,M67,Sloth & Diligence,M0.5.5,G0692,"For if these qualities are yours and are increasing, they keep you from being ineffective or unfruitful in the knowledge of our Lord Jesus Christ.",M0.5.5,meaning,"Does the vocabulary include a term for the structural opposite or absence of this characteristic? Record it, or none."
211,301,strong_meaning_tree+lsj+mounce,"No distinct person-type noun (e.g., 'idler') is attested among these occurrences; ἀργός itself functions substantivally when applied to persons (Matt 20:6, 'idle men'), but no separate agent-noun is present in this cluster's vocabulary set.",answered-no-flag,meaning,verse-reading,G0692,idle,idle,"[""M67"", ""T2""]","And about the eleventh hour he went out and found others standing. And he said to them, ‘ Why do you stand here idle all day?’",Mat 20:6,,Idleness as inert state or condition,M67_A_dispositional_idleness,M67,Sloth & Diligence,M0.5.6,G0692,"And about the eleventh hour he went out and found others standing. And he said to them, ‘ Why do you stand here idle all day?’",M0.5.6,meaning,"Does the vocabulary include a person-type term — one for the person who habitually possesses or exercises this characteristic? Record it, or none."
212,302,strong_meaning_tree+lsj+mounce,"None. No supplication/seeking term for idleness/diligence appears among ἀργός's own occurrences; the cluster's positive counterpart σπουδή is described as an inward quality/exertion, not something requested from another.",answered-no-flag,meaning,verse-reading,G0692,idle,ineffective,"[""M67"", ""T2""]","For if these qualities are yours and are increasing, they keep you from being ineffective or unfruitful in the knowledge of our Lord Jesus Christ.",2Pe 1:8,,Idleness as inert state or condition,M67_A_dispositional_idleness,M67,Sloth & Diligence,M0.5.7,G0692,"For if these qualities are yours and are increasing, they keep you from being ineffective or unfruitful in the knowledge of our Lord Jesus Christ.",M0.5.7,meaning,"Does the vocabulary include a supplication or seeking term — one for the act of seeking this characteristic from another? Record it, or none."
213,303,strong_meaning_tree+lsj+mounce,"As this is an NT-only term in these occurrences without an OT Hebrew counterpart supplied, the vocabulary shows a purely Greek moral-philosophical development: classical Greek used ἀργός mainly for physical/economic idleness (fallow land, unworked money), while its NT use extends the term to moral and spiritual unfruitfulness (careless words, ineffective faith), a semantic broadening rather than displacement.",answered-no-flag,meaning,verse-reading,G0692,idle,ineffective,"[""M67"", ""T2""]","For if these qualities are yours and are increasing, they keep you from being ineffective or unfruitful in the knowledge of our Lord Jesus Christ.",2Pe 1:8,,Idleness as inert state or condition,M67_A_dispositional_idleness,M67,Sloth & Diligence,M0.5.8,G0692,"For if these qualities are yours and are increasing, they keep you from being ineffective or unfruitful in the knowledge of our Lord Jesus Christ.",M0.5.8,meaning,What does the relationship between the OT Hebrew and NT Greek vocabulary show about continuity or development of the characteristic across the Testaments?
214,304,strong_meaning_tree+lsj+mounce,"None. ἀργός is a well-attested classical Greek term (from Homer onward per LSJ), not a NT-period coinage; its NT usage develops existing sense rather than introducing a new word.",attested-pre-nt,meaning,verse-reading,G0692,idle,ineffective,"[""M67"", ""T2""]","For if these qualities are yours and are increasing, they keep you from being ineffective or unfruitful in the knowledge of our Lord Jesus Christ.",2Pe 1:8,,Idleness as inert state or condition,M67_A_dispositional_idleness,M67,Sloth & Diligence,M0.5.9,G0692,"For if these qualities are yours and are increasing, they keep you from being ineffective or unfruitful in the knowledge of our Lord Jesus Christ.",M0.5.9,meaning,"Is there a term newly coined in the NT period for this characteristic; if so, what does the coinage show? Record it, or none."
215,305,strong_meaning_tree+lsj+mounce,"The full arc runs from concrete physical/economic non-work (fallow land, idle money, unemployed persons standing in the marketplace) through morally-charged idle speech (careless words that will be judged) to a metaphorical extension describing spiritual unproductiveness (ineffective/unfruitful in the knowledge of Christ). The range consistently centers on absence of expected productive output across physical, verbal, and spiritual domains.",answered-no-flag,meaning,verse-reading,G0692,idle,ineffective,"[""M67"", ""T2""]","For if these qualities are yours and are increasing, they keep you from being ineffective or unfruitful in the knowledge of our Lord Jesus Christ.",2Pe 1:8,,Idleness as inert state or condition,M67_A_dispositional_idleness,M67,Sloth & Diligence,M0.5.10,G0692,"For if these qualities are yours and are increasing, they keep you from being ineffective or unfruitful in the knowledge of our Lord Jesus Christ.",M0.5.10,meaning,What does the full vocabulary arc show about the characteristic's complete semantic range?
215,306,strong_meaning_tree+lsj+mounce,"The full arc runs from concrete physical/economic non-work (fallow land, idle money, unemployed persons standing in the marketplace) through morally-charged idle speech (careless words that will be judged) to a metaphorical extension describing spiritual unproductiveness (ineffective/unfruitful in the knowledge of Christ). The range consistently centers on absence of expected productive output across physical, verbal, and spiritual domains.",answered-no-flag,meaning,verse-reading,G0692,idle,careless,"[""M67"", ""T2""]","I tell you, on the day of judgment people will give account for every careless word they speak,",Mat 12:36,,Idleness as inert state or condition,M67_A_dispositional_idleness,M67,Sloth & Diligence,M0.5.10,G0692,"I tell you, on the day of judgment people will give account for every careless word they speak,",M0.5.10,meaning,What does the full vocabulary arc show about the characteristic's complete semantic range?
215,307,strong_meaning_tree+lsj+mounce,"The full arc runs from concrete physical/economic non-work (fallow land, idle money, unemployed persons standing in the marketplace) through morally-charged idle speech (careless words that will be judged) to a metaphorical extension describing spiritual unproductiveness (ineffective/unfruitful in the knowledge of Christ). The range consistently centers on absence of expected productive output across physical, verbal, and spiritual domains.",answered-no-flag,meaning,verse-reading,G0692,idle,idle,"[""M67"", ""T2""]","And about the eleventh hour he went out and found others standing. And he said to them, ‘ Why do you stand here idle all day?’",Mat 20:6,,Idleness as inert state or condition,M67_A_dispositional_idleness,M67,Sloth & Diligence,M0.5.10,G0692,"And about the eleventh hour he went out and found others standing. And he said to them, ‘ Why do you stand here idle all day?’",M0.5.10,meaning,What does the full vocabulary arc show about the characteristic's complete semantic range?
216,308,strong_meaning_tree+lsj+mounce,"In 2Pet.1.8 ἀργός shifts from its base 'idle/unemployed' gloss to a metaphorical 'ineffective' sense applied to spiritual qualities, paired with ἄκαρπος ('unfruitful') -- the nuance here is qualitative barrenness of Christian character rather than literal non-labor. In Matt.12.36 the shift is toward 'careless/thoughtless' applied to speech -- not mere silence but reckless, unweighed utterance that incurs judgment, a moral-culpability nuance absent from the base 'idle' sense. In Matt.20.6 the term sits squarely within its base literal sense (physically standing idle, unemployed) with no notable shift.",surface-gloss-divergence,meaning,verse-reading,G0692,idle,ineffective,"[""M67"", ""T2""]","For if these qualities are yours and are increasing, they keep you from being ineffective or unfruitful in the knowledge of our Lord Jesus Christ.",2Pe 1:8,,Idleness as inert state or condition,M67_A_dispositional_idleness,M67,Sloth & Diligence,M0.5.11,G0692,"For if these qualities are yours and are increasing, they keep you from being ineffective or unfruitful in the knowledge of our Lord Jesus Christ.",M0.5.11,meaning,"Where this occurrence's surface form/contextual sense diverges from the base lemma's general stepGloss, what nuance is that divergence carrying in THIS context, what is its impact here, and how does it compare against the word's other occurrences? Record none if this occurrence sits squarely within the base gloss with no notable shift."
216,309,strong_meaning_tree+lsj+mounce,"In 2Pet.1.8 ἀργός shifts from its base 'idle/unemployed' gloss to a metaphorical 'ineffective' sense applied to spiritual qualities, paired with ἄκαρπος ('unfruitful') -- the nuance here is qualitative barrenness of Christian character rather than literal non-labor. In Matt.12.36 the shift is toward 'careless/thoughtless' applied to speech -- not mere silence but reckless, unweighed utterance that incurs judgment, a moral-culpability nuance absent from the base 'idle' sense. In Matt.20.6 the term sits squarely within its base literal sense (physically standing idle, unemployed) with no notable shift.",surface-gloss-divergence,meaning,verse-reading,G0692,idle,careless,"[""M67"", ""T2""]","I tell you, on the day of judgment people will give account for every careless word they speak,",Mat 12:36,,Idleness as inert state or condition,M67_A_dispositional_idleness,M67,Sloth & Diligence,M0.5.11,G0692,"I tell you, on the day of judgment people will give account for every careless word they speak,",M0.5.11,meaning,"Where this occurrence's surface form/contextual sense diverges from the base lemma's general stepGloss, what nuance is that divergence carrying in THIS context, what is its impact here, and how does it compare against the word's other occurrences? Record none if this occurrence sits squarely within the base gloss with no notable shift."
217,310,strong_meaning_tree+lsj+mounce,"In 2Pet.1.8, ἀργός/ἄκαρπος (M67) modifies the state of the believer's relation to M15 (knowledge/ἐπίγνωσις) -- the diligence-cluster term functions as the negative condition that increasing virtues (qualities named in v.5-7) are said to prevent, making M67 the hinge describing failure-mode outcome relative to M15's positive content.",tightly-related,relational,verse-reading,G0692,idle,ineffective,"[""M67"", ""T2""]","For if these qualities are yours and are increasing, they keep you from being ineffective or unfruitful in the knowledge of our Lord Jesus Christ.",2Pe 1:8,,Idleness as inert state or condition,M67_A_dispositional_idleness,M67,Sloth & Diligence,M0.6.5,G0692,"For if these qualities are yours and are increasing, they keep you from being ineffective or unfruitful in the knowledge of our Lord Jesus Christ.",M0.6.5,relational,What role does this characteristic play in relation to the OTHER M-code characteristics present in this verse? Build on whatever earlier cluster-passes over this SAME verse already found (given as prior context) -- do not re-derive or duplicate their findings; the focus shifts to what THIS characteristic's own vantage point adds. Record none if no other M-code characteristic is present.
218,311,strong_meaning_tree+lsj+mounce,"In Matt.12.36, ἀργός (careless, M67) qualifies λόγος (M65, word/account) which stands under M26 (judgment/κρίσις) -- M67 here names the moral quality of the speech-object that will be judged, linking the diligence characteristic to both the word/speech-content cluster and the judgment cluster in a single accountability chain.",tightly-related,relational,verse-reading,G0692,idle,careless,"[""M67"", ""T2""]","I tell you, on the day of judgment people will give account for every careless word they speak,",Mat 12:36,,Idleness as inert state or condition,M67_A_dispositional_idleness,M67,Sloth & Diligence,M0.6.5,G0692,"I tell you, on the day of judgment people will give account for every careless word they speak,",M0.6.5,relational,What role does this characteristic play in relation to the OTHER M-code characteristics present in this verse? Build on whatever earlier cluster-passes over this SAME verse already found (given as prior context) -- do not re-derive or duplicate their findings; the focus shifts to what THIS characteristic's own vantage point adds. Record none if no other M-code characteristic is present.
219,312,strong_meaning_tree+lsj+mounce,"Matt.20.6 contains no other M-code characteristic alongside ἀργός; the word functions in its own literal, non-metaphorical sense describing unemployed laborers.",no-direct-connection,relational,verse-reading,G0692,idle,idle,"[""M67"", ""T2""]","And about the eleventh hour he went out and found others standing. And he said to them, ‘ Why do you stand here idle all day?’",Mat 20:6,,Idleness as inert state or condition,M67_A_dispositional_idleness,M67,Sloth & Diligence,M0.6.5,G0692,"And about the eleventh hour he went out and found others standing. And he said to them, ‘ Why do you stand here idle all day?’",M0.6.5,relational,What role does this characteristic play in relation to the OTHER M-code characteristics present in this verse? Build on whatever earlier cluster-passes over this SAME verse already found (given as prior context) -- do not re-derive or duplicate their findings; the focus shifts to what THIS characteristic's own vantage point adds. Record none if no other M-code characteristic is present.
319,435,strong_meaning_tree+lsj+mounce,"The characteristic is named from Greek argos/argia, 'idle/idleness' — the state of being unproductive, without work or occupation. The name signals essential inertness: a failure to be operative or engaged, rather than active wrongdoing per se.",answered-no-flag,meaning,verse-reading,G0692,idle,idlers,"[""M67"", ""T2""]","Besides that, they learn to be idlers, going about from house to house, and not only idlers, but also gossips and busybodies, saying what they should not.",1Ti 5:13,,Idleness as inert state or condition,M67_A_dispositional_idleness,M67,Sloth & Diligence,M0.1.1,G0692,"Besides that, they learn to be idlers, going about from house to house, and not only idlers, but also gossips and busybodies, saying what they should not.",M0.1.1,meaning,"What is the characteristic called in the programme, and what does the name signal about its essential nature?"
319,435,strong_meaning_tree+lsj+mounce,"The characteristic is named from Greek argos/argia, 'idle/idleness' — the state of being unproductive, without work or occupation. The name signals essential inertness: a failure to be operative or engaged, rather than active wrongdoing per se.",answered-no-flag,meaning,verse-reading,G0692,idle,idlers,"[""M67"", ""T2""]","Besides that, they learn to be idlers, going about from house to house, and not only idlers, but also gossips and busybodies, saying what they should not.",1Ti 5:13,,Idleness as inert state or condition,M67_A_dispositional_idleness,M67,Sloth & Diligence,M0.1.1,G0692,"Besides that, they learn to be idlers, going about from house to house, and not only idlers, but also gossips and busybodies, saying what they should not.",M0.1.1,meaning,"What is the characteristic called in the programme, and what does the name signal about its essential nature?"
320,436,lsj+mounce+strong_meaning_tree,"Greek argos (a-ergos, 'not-working') at the definitional level denotes 'not working the ground,' hence idle, lazy, unemployed, or (of things) unwrought/unproductive - money lying idle, land lying fallow. Applied to persons it moves from literal non-labor to moral censure of laziness.",answered-no-flag,meaning,verse-reading,G0692,idle,idlers,"[""M67"", ""T2""]","Besides that, they learn to be idlers, going about from house to house, and not only idlers, but also gossips and busybodies, saying what they should not.",1Ti 5:13,,Idleness as inert state or condition,M67_A_dispositional_idleness,M67,Sloth & Diligence,M0.1.2,G0692,"Besides that, they learn to be idlers, going about from house to house, and not only idlers, but also gossips and busybodies, saying what they should not.",M0.1.2,meaning,What do the primary Hebrew and Greek terms show at the definitional level?
320,436,lsj+mounce+strong_meaning_tree,"Greek argos (a-ergos, 'not-working') at the definitional level denotes 'not working the ground,' hence idle, lazy, unemployed, or (of things) unwrought/unproductive - money lying idle, land lying fallow. Applied to persons it moves from literal non-labor to moral censure of laziness.",answered-no-flag,meaning,verse-reading,G0692,idle,idlers,"[""M67"", ""T2""]","Besides that, they learn to be idlers, going about from house to house, and not only idlers, but also gossips and busybodies, saying what they should not.",1Ti 5:13,,Idleness as inert state or condition,M67_A_dispositional_idleness,M67,Sloth & Diligence,M0.1.2,G0692,"Besides that, they learn to be idlers, going about from house to house, and not only idlers, but also gossips and busybodies, saying what they should not.",M0.1.2,meaning,What do the primary Hebrew and Greek terms show at the definitional level?
321,437,lsj+strong_meaning_tree,"The term carries a privative/negative-relational implication built into its etymology (alpha-privative + ergon 'work'): it defines a person or thing by absence of due activity, implying a constitutional failure to fulfill an expected functional role.",answered-no-flag,meaning,verse-reading,G0692,idle,idlers,"[""M67"", ""T2""]","Besides that, they learn to be idlers, going about from house to house, and not only idlers, but also gossips and busybodies, saying what they should not.",1Ti 5:13,,Idleness as inert state or condition,M67_A_dispositional_idleness,M67,Sloth & Diligence,M0.1.3,G0692,"Besides that, they learn to be idlers, going about from house to house, and not only idlers, but also gossips and busybodies, saying what they should not.",M0.1.3,meaning,"What directional, relational, or constitutional implication does the name carry?"
321,437,lsj+strong_meaning_tree,"The term carries a privative/negative-relational implication built into its etymology (alpha-privative + ergon 'work'): it defines a person or thing by absence of due activity, implying a constitutional failure to fulfill an expected functional role.",answered-no-flag,meaning,verse-reading,G0692,idle,idlers,"[""M67"", ""T2""]","Besides that, they learn to be idlers, going about from house to house, and not only idlers, but also gossips and busybodies, saying what they should not.",1Ti 5:13,,Idleness as inert state or condition,M67_A_dispositional_idleness,M67,Sloth & Diligence,M0.1.3,G0692,"Besides that, they learn to be idlers, going about from house to house, and not only idlers, but also gossips and busybodies, saying what they should not.",M0.1.3,meaning,"What directional, relational, or constitutional implication does the name carry?"
322,438,lsj+strong_meaning_tree+mounce,"Primary Greek term argos (a-privative + ergon, 'work') shows the root meaning 'without work.' No distinct Hebrew equivalent is in view here (this is an NT-only cluster term); the Greek root meaning centers on absence of productive activity.",answered-no-flag,meaning,verse-reading,G0692,idle,idlers,"[""M67"", ""T2""]","Besides that, they learn to be idlers, going about from house to house, and not only idlers, but also gossips and busybodies, saying what they should not.",1Ti 5:13,,Idleness as inert state or condition,M67_A_dispositional_idleness,M67,Sloth & Diligence,M0.5.1,G0692,"Besides that, they learn to be idlers, going about from house to house, and not only idlers, but also gossips and busybodies, saying what they should not.",M0.5.1,meaning,"What are the primary Hebrew and Greek terms for this characteristic, and what do their root meanings show?"
322,438,lsj+strong_meaning_tree+mounce,"Primary Greek term argos (a-privative + ergon, 'work') shows the root meaning 'without work.' No distinct Hebrew equivalent is in view here (this is an NT-only cluster term); the Greek root meaning centers on absence of productive activity.",answered-no-flag,meaning,verse-reading,G0692,idle,idlers,"[""M67"", ""T2""]","Besides that, they learn to be idlers, going about from house to house, and not only idlers, but also gossips and busybodies, saying what they should not.",1Ti 5:13,,Idleness as inert state or condition,M67_A_dispositional_idleness,M67,Sloth & Diligence,M0.5.1,G0692,"Besides that, they learn to be idlers, going about from house to house, and not only idlers, but also gossips and busybodies, saying what they should not.",M0.5.1,meaning,"What are the primary Hebrew and Greek terms for this characteristic, and what do their root meanings show?"
323,439,lsj+mounce,"Grammatical range is adjectival (A-NPF etc.), used substantivally ('idlers') or predicatively ('is no trouble', 'is useless'). This shows the characteristic operates as a descriptor of persons, things, or states rather than as a verbal action in its own right.",answered-no-flag,meaning,verse-reading,G0692,idle,idlers,"[""M67"", ""T2""]","Besides that, they learn to be idlers, going about from house to house, and not only idlers, but also gossips and busybodies, saying what they should not.",1Ti 5:13,,Idleness as inert state or condition,M67_A_dispositional_idleness,M67,Sloth & Diligence,M0.5.2,G0692,"Besides that, they learn to be idlers, going about from house to house, and not only idlers, but also gossips and busybodies, saying what they should not.",M0.5.2,meaning,"What is the grammatical range of the primary term (noun, verb, adjective, participle), and what does that range show about how the characteristic operates?"
323,439,lsj+mounce,"Grammatical range is adjectival (A-NPF etc.), used substantivally ('idlers') or predicatively ('is no trouble', 'is useless'). This shows the characteristic operates as a descriptor of persons, things, or states rather than as a verbal action in its own right.",answered-no-flag,meaning,verse-reading,G0692,idle,idlers,"[""M67"", ""T2""]","Besides that, they learn to be idlers, going about from house to house, and not only idlers, but also gossips and busybodies, saying what they should not.",1Ti 5:13,,Idleness as inert state or condition,M67_A_dispositional_idleness,M67,Sloth & Diligence,M0.5.2,G0692,"Besides that, they learn to be idlers, going about from house to house, and not only idlers, but also gossips and busybodies, saying what they should not.",M0.5.2,meaning,"What is the grammatical range of the primary term (noun, verb, adjective, participle), and what does that range show about how the characteristic operates?"
323,440,lsj+mounce,"Grammatical range is adjectival (A-NPF etc.), used substantivally ('idlers') or predicatively ('is no trouble', 'is useless'). This shows the characteristic operates as a descriptor of persons, things, or states rather than as a verbal action in its own right.",answered-no-flag,meaning,verse-reading,G0692,idle,lazy,"[""M67"", ""T2""]","One of the Cretans, a prophet of their own, said, “ Cretans are always liars, evil beasts, lazy gluttons.”",Tit 1:12,,Idleness as inert state or condition,M67_A_dispositional_idleness,M67,Sloth & Diligence,M0.5.2,G0692,"One of the Cretans, a prophet of their own, said, “ Cretans are always liars, evil beasts, lazy gluttons.”",M0.5.2,meaning,"What is the grammatical range of the primary term (noun, verb, adjective, participle), and what does that range show about how the characteristic operates?"
323,441,lsj+mounce,"Grammatical range is adjectival (A-NPF etc.), used substantivally ('idlers') or predicatively ('is no trouble', 'is useless'). This shows the characteristic operates as a descriptor of persons, things, or states rather than as a verbal action in its own right.",answered-no-flag,meaning,verse-reading,G0692,idle,useless,"[""M67"", ""T2""]","Do you want to be shown, you foolish person, that faith apart from works is useless?",Jam 2:20,,Idleness as inert state or condition,M67_A_dispositional_idleness,M67,Sloth & Diligence,M0.5.2,G0692,"Do you want to be shown, you foolish person, that faith apart from works is useless?",M0.5.2,meaning,"What is the grammatical range of the primary term (noun, verb, adjective, participle), and what does that range show about how the characteristic operates?"
324,442,lsj+strong_meaning_tree,"Semantic range spans literal unemployment/inactivity (idle hands, fallow land, idle money) to moral censure (lazy, shiftless persons) to a further extended sense of 'useless, ineffective, unproductive' applied to faith without works (Jas 2:20) — an analogical extension from physical idleness to spiritual barrenness.",answered-no-flag,meaning,verse-reading,G0692,idle,useless,"[""M67"", ""T2""]","Do you want to be shown, you foolish person, that faith apart from works is useless?",Jam 2:20,,Idleness as inert state or condition,M67_A_dispositional_idleness,M67,Sloth & Diligence,M0.5.3,G0692,"Do you want to be shown, you foolish person, that faith apart from works is useless?",M0.5.3,meaning,"What is the semantic range of the primary term — across what breadth of meaning does it operate, including any idiomatic, analogical, or otherwise implied meaning carried by its use in combination with other terms?"
325,443,lsj+strong_meaning_tree,The vocabulary here does not itself distinguish disposition versus act; argos describes a state/condition (being unproductive) rather than differentiating received versus given aspects.,answered-no-flag,meaning,verse-reading,G0692,idle,idlers,"[""M67"", ""T2""]","Besides that, they learn to be idlers, going about from house to house, and not only idlers, but also gossips and busybodies, saying what they should not.",1Ti 5:13,,Idleness as inert state or condition,M67_A_dispositional_idleness,M67,Sloth & Diligence,M0.5.4,G0692,"Besides that, they learn to be idlers, going about from house to house, and not only idlers, but also gossips and busybodies, saying what they should not.",M0.5.4,meaning,"Does the vocabulary include terms distinguishing distinct aspects — disposition versus act, received versus given, condition versus quality? Record which, or none."
325,443,lsj+strong_meaning_tree,The vocabulary here does not itself distinguish disposition versus act; argos describes a state/condition (being unproductive) rather than differentiating received versus given aspects.,answered-no-flag,meaning,verse-reading,G0692,idle,idlers,"[""M67"", ""T2""]","Besides that, they learn to be idlers, going about from house to house, and not only idlers, but also gossips and busybodies, saying what they should not.",1Ti 5:13,,Idleness as inert state or condition,M67_A_dispositional_idleness,M67,Sloth & Diligence,M0.5.4,G0692,"Besides that, they learn to be idlers, going about from house to house, and not only idlers, but also gossips and busybodies, saying what they should not.",M0.5.4,meaning,"Does the vocabulary include terms distinguishing distinct aspects — disposition versus act, received versus given, condition versus quality? Record which, or none."
326,444,lsj,"The structural opposite is implicit in the root itself: ergos/energos ('working, active, effective'), against which argos is formed by negation (a-privative). No separate lexeme is supplied among these sources beyond this internal contrast.",answered-no-flag,meaning,verse-reading,G0692,idle,idlers,"[""M67"", ""T2""]","Besides that, they learn to be idlers, going about from house to house, and not only idlers, but also gossips and busybodies, saying what they should not.",1Ti 5:13,,Idleness as inert state or condition,M67_A_dispositional_idleness,M67,Sloth & Diligence,M0.5.5,G0692,"Besides that, they learn to be idlers, going about from house to house, and not only idlers, but also gossips and busybodies, saying what they should not.",M0.5.5,meaning,"Does the vocabulary include a term for the structural opposite or absence of this characteristic? Record it, or none."
326,444,lsj,"The structural opposite is implicit in the root itself: ergos/energos ('working, active, effective'), against which argos is formed by negation (a-privative). No separate lexeme is supplied among these sources beyond this internal contrast.",answered-no-flag,meaning,verse-reading,G0692,idle,idlers,"[""M67"", ""T2""]","Besides that, they learn to be idlers, going about from house to house, and not only idlers, but also gossips and busybodies, saying what they should not.",1Ti 5:13,,Idleness as inert state or condition,M67_A_dispositional_idleness,M67,Sloth & Diligence,M0.5.5,G0692,"Besides that, they learn to be idlers, going about from house to house, and not only idlers, but also gossips and busybodies, saying what they should not.",M0.5.5,meaning,"Does the vocabulary include a term for the structural opposite or absence of this characteristic? Record it, or none."
327,445,lsj+strong_meaning_tree,"The person-type term is embedded in the adjective itself used substantivally: 'the idle one/idlers' (hai argoi), as in 1Tim 5:13 and Titus 1:12's 'lazy gluttons' - the word doubles as noun and adjective without a distinct separate person-noun.",answered-no-flag,meaning,verse-reading,G0692,idle,idlers,"[""M67"", ""T2""]","Besides that, they learn to be idlers, going about from house to house, and not only idlers, but also gossips and busybodies, saying what they should not.",1Ti 5:13,,Idleness as inert state or condition,M67_A_dispositional_idleness,M67,Sloth & Diligence,M0.5.6,G0692,"Besides that, they learn to be idlers, going about from house to house, and not only idlers, but also gossips and busybodies, saying what they should not.",M0.5.6,meaning,"Does the vocabulary include a person-type term — one for the person who habitually possesses or exercises this characteristic? Record it, or none."
327,445,lsj+strong_meaning_tree,"The person-type term is embedded in the adjective itself used substantivally: 'the idle one/idlers' (hai argoi), as in 1Tim 5:13 and Titus 1:12's 'lazy gluttons' - the word doubles as noun and adjective without a distinct separate person-noun.",answered-no-flag,meaning,verse-reading,G0692,idle,idlers,"[""M67"", ""T2""]","Besides that, they learn to be idlers, going about from house to house, and not only idlers, but also gossips and busybodies, saying what they should not.",1Ti 5:13,,Idleness as inert state or condition,M67_A_dispositional_idleness,M67,Sloth & Diligence,M0.5.6,G0692,"Besides that, they learn to be idlers, going about from house to house, and not only idlers, but also gossips and busybodies, saying what they should not.",M0.5.6,meaning,"Does the vocabulary include a person-type term — one for the person who habitually possesses or exercises this characteristic? Record it, or none."
328,446,lsj+strong_meaning_tree,None - no supplication/seeking term is associated with idleness/uselessness; this characteristic is not something sought from another but a condition observed or censured.,answered-no-flag,meaning,verse-reading,G0692,idle,idlers,"[""M67"", ""T2""]","Besides that, they learn to be idlers, going about from house to house, and not only idlers, but also gossips and busybodies, saying what they should not.",1Ti 5:13,,Idleness as inert state or condition,M67_A_dispositional_idleness,M67,Sloth & Diligence,M0.5.7,G0692,"Besides that, they learn to be idlers, going about from house to house, and not only idlers, but also gossips and busybodies, saying what they should not.",M0.5.7,meaning,"Does the vocabulary include a supplication or seeking term — one for the act of seeking this characteristic from another? Record it, or none."
328,446,lsj+strong_meaning_tree,None - no supplication/seeking term is associated with idleness/uselessness; this characteristic is not something sought from another but a condition observed or censured.,answered-no-flag,meaning,verse-reading,G0692,idle,idlers,"[""M67"", ""T2""]","Besides that, they learn to be idlers, going about from house to house, and not only idlers, but also gossips and busybodies, saying what they should not.",1Ti 5:13,,Idleness as inert state or condition,M67_A_dispositional_idleness,M67,Sloth & Diligence,M0.5.7,G0692,"Besides that, they learn to be idlers, going about from house to house, and not only idlers, but also gossips and busybodies, saying what they should not.",M0.5.7,meaning,"Does the vocabulary include a supplication or seeking term — one for the act of seeking this characteristic from another? Record it, or none."
329,447,lsj+strong_meaning_tree,"This is a purely Greek/NT term with no Hebrew counterpart surfaced in these sources; continuity is thus intra-Greek (classical Greek usage of argos for fallow land/idle money carries directly into NT moral usage for idle persons and useless faith), showing semantic development from economic/agricultural sense to ethical-spiritual censure.",answered-no-flag,meaning,verse-reading,G0692,idle,idlers,"[""M67"", ""T2""]","Besides that, they learn to be idlers, going about from house to house, and not only idlers, but also gossips and busybodies, saying what they should not.",1Ti 5:13,,Idleness as inert state or condition,M67_A_dispositional_idleness,M67,Sloth & Diligence,M0.5.8,G0692,"Besides that, they learn to be idlers, going about from house to house, and not only idlers, but also gossips and busybodies, saying what they should not.",M0.5.8,meaning,What does the relationship between the OT Hebrew and NT Greek vocabulary show about continuity or development of the characteristic across the Testaments?
329,447,lsj+strong_meaning_tree,"This is a purely Greek/NT term with no Hebrew counterpart surfaced in these sources; continuity is thus intra-Greek (classical Greek usage of argos for fallow land/idle money carries directly into NT moral usage for idle persons and useless faith), showing semantic development from economic/agricultural sense to ethical-spiritual censure.",answered-no-flag,meaning,verse-reading,G0692,idle,idlers,"[""M67"", ""T2""]","Besides that, they learn to be idlers, going about from house to house, and not only idlers, but also gossips and busybodies, saying what they should not.",1Ti 5:13,,Idleness as inert state or condition,M67_A_dispositional_idleness,M67,Sloth & Diligence,M0.5.8,G0692,"Besides that, they learn to be idlers, going about from house to house, and not only idlers, but also gossips and busybodies, saying what they should not.",M0.5.8,meaning,What does the relationship between the OT Hebrew and NT Greek vocabulary show about continuity or development of the characteristic across the Testaments?
330,448,lsj,"None - argos is a long-attested classical Greek term (Homer onward), not a NT-period coinage.",attested-pre-nt,meaning,verse-reading,G0692,idle,idlers,"[""M67"", ""T2""]","Besides that, they learn to be idlers, going about from house to house, and not only idlers, but also gossips and busybodies, saying what they should not.",1Ti 5:13,,Idleness as inert state or condition,M67_A_dispositional_idleness,M67,Sloth & Diligence,M0.5.9,G0692,"Besides that, they learn to be idlers, going about from house to house, and not only idlers, but also gossips and busybodies, saying what they should not.",M0.5.9,meaning,"Is there a term newly coined in the NT period for this characteristic; if so, what does the coinage show? Record it, or none."
330,448,lsj,"None - argos is a long-attested classical Greek term (Homer onward), not a NT-period coinage.",attested-pre-nt,meaning,verse-reading,G0692,idle,idlers,"[""M67"", ""T2""]","Besides that, they learn to be idlers, going about from house to house, and not only idlers, but also gossips and busybodies, saying what they should not.",1Ti 5:13,,Idleness as inert state or condition,M67_A_dispositional_idleness,M67,Sloth & Diligence,M0.5.9,G0692,"Besides that, they learn to be idlers, going about from house to house, and not only idlers, but also gossips and busybodies, saying what they should not.",M0.5.9,meaning,"Is there a term newly coined in the NT period for this characteristic; if so, what does the coinage show? Record it, or none."
331,449,lsj+strong_meaning_tree,"The vocabulary arc runs from concrete economic idleness (unemployed persons, fallow fields, unworked money) through social censure (busybody idlers going house to house, 1Tim 5:13; lazy gluttons, Titus 1:12) to abstract theological application (useless/ineffective faith without works, Jas 2:20) — showing a single root sense of 'non-functioning' extended across physical, social, and spiritual domains.",answered-no-flag,meaning,verse-reading,G0692,idle,idlers,"[""M67"", ""T2""]","Besides that, they learn to be idlers, going about from house to house, and not only idlers, but also gossips and busybodies, saying what they should not.",1Ti 5:13,,Idleness as inert state or condition,M67_A_dispositional_idleness,M67,Sloth & Diligence,M0.5.10,G0692,"Besides that, they learn to be idlers, going about from house to house, and not only idlers, but also gossips and busybodies, saying what they should not.",M0.5.10,meaning,What does the full vocabulary arc show about the characteristic's complete semantic range?
331,449,lsj+strong_meaning_tree,"The vocabulary arc runs from concrete economic idleness (unemployed persons, fallow fields, unworked money) through social censure (busybody idlers going house to house, 1Tim 5:13; lazy gluttons, Titus 1:12) to abstract theological application (useless/ineffective faith without works, Jas 2:20) — showing a single root sense of 'non-functioning' extended across physical, social, and spiritual domains.",answered-no-flag,meaning,verse-reading,G0692,idle,idlers,"[""M67"", ""T2""]","Besides that, they learn to be idlers, going about from house to house, and not only idlers, but also gossips and busybodies, saying what they should not.",1Ti 5:13,,Idleness as inert state or condition,M67_A_dispositional_idleness,M67,Sloth & Diligence,M0.5.10,G0692,"Besides that, they learn to be idlers, going about from house to house, and not only idlers, but also gossips and busybodies, saying what they should not.",M0.5.10,meaning,What does the full vocabulary arc show about the characteristic's complete semantic range?
331,450,lsj+strong_meaning_tree,"The vocabulary arc runs from concrete economic idleness (unemployed persons, fallow fields, unworked money) through social censure (busybody idlers going house to house, 1Tim 5:13; lazy gluttons, Titus 1:12) to abstract theological application (useless/ineffective faith without works, Jas 2:20) — showing a single root sense of 'non-functioning' extended across physical, social, and spiritual domains.",answered-no-flag,meaning,verse-reading,G0692,idle,lazy,"[""M67"", ""T2""]","One of the Cretans, a prophet of their own, said, “ Cretans are always liars, evil beasts, lazy gluttons.”",Tit 1:12,,Idleness as inert state or condition,M67_A_dispositional_idleness,M67,Sloth & Diligence,M0.5.10,G0692,"One of the Cretans, a prophet of their own, said, “ Cretans are always liars, evil beasts, lazy gluttons.”",M0.5.10,meaning,What does the full vocabulary arc show about the characteristic's complete semantic range?
331,451,lsj+strong_meaning_tree,"The vocabulary arc runs from concrete economic idleness (unemployed persons, fallow fields, unworked money) through social censure (busybody idlers going house to house, 1Tim 5:13; lazy gluttons, Titus 1:12) to abstract theological application (useless/ineffective faith without works, Jas 2:20) — showing a single root sense of 'non-functioning' extended across physical, social, and spiritual domains.",answered-no-flag,meaning,verse-reading,G0692,idle,useless,"[""M67"", ""T2""]","Do you want to be shown, you foolish person, that faith apart from works is useless?",Jam 2:20,,Idleness as inert state or condition,M67_A_dispositional_idleness,M67,Sloth & Diligence,M0.5.10,G0692,"Do you want to be shown, you foolish person, that faith apart from works is useless?",M0.5.10,meaning,What does the full vocabulary arc show about the characteristic's complete semantic range?
332,452,strong_meaning_tree+lsj,"In Jas 2:20 the surface gloss 'useless' diverges from the more common 'idle/lazy' sense seen in 1Tim 5:13 and Titus 1:12. Here the nuance shifts from describing a person's habitual inactivity to describing faith itself as barren/ineffective - the impact is to characterize faith without works as functionally inert, not merely a moral failing of a person but a diagnostic of dead faith. This is the theologically loaded occurrence among the three NT uses.",surface-gloss-divergence,meaning,verse-reading,G0692,idle,useless,"[""M67"", ""T2""]","Do you want to be shown, you foolish person, that faith apart from works is useless?",Jam 2:20,,Idleness as inert state or condition,M67_A_dispositional_idleness,M67,Sloth & Diligence,M0.5.11,G0692,"Do you want to be shown, you foolish person, that faith apart from works is useless?",M0.5.11,meaning,"Where this occurrence's surface form/contextual sense diverges from the base lemma's general stepGloss, what nuance is that divergence carrying in THIS context, what is its impact here, and how does it compare against the word's other occurrences? Record none if this occurrence sits squarely within the base gloss with no notable shift."
333,453,role list,"No operation/role-T3 word co-occurs directly governing G0692 as agent or object with a party in 1Tim.5.13; the surrounding verbs (learn, going about, saying) belong to the idle women themselves but are not tagged as directed operations toward another party in relation to idleness itself.",no-direct-connection,action-impact,verse-reading,G0692,idle,idlers,"[""M67"", ""T2""]","Besides that, they learn to be idlers, going about from house to house, and not only idlers, but also gossips and busybodies, saying what they should not.",1Ti 5:13,,Idleness as inert state or condition,M67_A_dispositional_idleness,M67,Sloth & Diligence,D7.7.1,G0692,"Besides that, they learn to be idlers, going about from house to house, and not only idlers, but also gossips and busybodies, saying what they should not.",D7.7.1,action-impact,"Where this verse contains an action or movement word tagged as an Operation in the cluster's role classification (the tag is `role-T3` in `cluster.cluster_code` -- consult that tagging directly, not this question's own memory of it), what is that word's relation to the parties present -- who initiates it and toward whom or what is it directed? Record none if no such operation word is present."
333,453,role list,"No operation/role-T3 word co-occurs directly governing G0692 as agent or object with a party in 1Tim.5.13; the surrounding verbs (learn, going about, saying) belong to the idle women themselves but are not tagged as directed operations toward another party in relation to idleness itself.",no-direct-connection,action-impact,verse-reading,G0692,idle,idlers,"[""M67"", ""T2""]","Besides that, they learn to be idlers, going about from house to house, and not only idlers, but also gossips and busybodies, saying what they should not.",1Ti 5:13,,Idleness as inert state or condition,M67_A_dispositional_idleness,M67,Sloth & Diligence,D7.7.1,G0692,"Besides that, they learn to be idlers, going about from house to house, and not only idlers, but also gossips and busybodies, saying what they should not.",D7.7.1,action-impact,"Where this verse contains an action or movement word tagged as an Operation in the cluster's role classification (the tag is `role-T3` in `cluster.cluster_code` -- consult that tagging directly, not this question's own memory of it), what is that word's relation to the parties present -- who initiates it and toward whom or what is it directed? Record none if no such operation word is present."
334,454,role list,"No prior context recorded for this verse. From idleness's own vantage: the idlers' laziness (G0692) is presented as the root cause producing gossip and busybodiness (paired T2-tagged vice terms) — idleness here functions as the generative condition from which other verbal vices spring, establishing the relational chain for this verse.",tightly-related,relational,verse-reading,G0692,idle,idlers,"[""M67"", ""T2""]","Besides that, they learn to be idlers, going about from house to house, and not only idlers, but also gossips and busybodies, saying what they should not.",1Ti 5:13,,Idleness as inert state or condition,M67_A_dispositional_idleness,M67,Sloth & Diligence,M0.6.5,G0692,"Besides that, they learn to be idlers, going about from house to house, and not only idlers, but also gossips and busybodies, saying what they should not.",M0.6.5,relational,What role does this characteristic play in relation to the OTHER M-code characteristics present in this verse? Build on whatever earlier cluster-passes over this SAME verse already found (given as prior context) -- do not re-derive or duplicate their findings; the focus shifts to what THIS characteristic's own vantage point adds. Record none if no other M-code characteristic is present.
334,454,role list,"No prior context recorded for this verse. From idleness's own vantage: the idlers' laziness (G0692) is presented as the root cause producing gossip and busybodiness (paired T2-tagged vice terms) — idleness here functions as the generative condition from which other verbal vices spring, establishing the relational chain for this verse.",tightly-related,relational,verse-reading,G0692,idle,idlers,"[""M67"", ""T2""]","Besides that, they learn to be idlers, going about from house to house, and not only idlers, but also gossips and busybodies, saying what they should not.",1Ti 5:13,,Idleness as inert state or condition,M67_A_dispositional_idleness,M67,Sloth & Diligence,M0.6.5,G0692,"Besides that, they learn to be idlers, going about from house to house, and not only idlers, but also gossips and busybodies, saying what they should not.",M0.6.5,relational,What role does this characteristic play in relation to the OTHER M-code characteristics present in this verse? Build on whatever earlier cluster-passes over this SAME verse already found (given as prior context) -- do not re-derive or duplicate their findings; the focus shifts to what THIS characteristic's own vantage point adds. Record none if no other M-code characteristic is present.
335,455,role list,"No prior context recorded. In this verse idleness (lazy, G0692) sits alongside M43 (prophet) and M58 (evil) characteristics attributed rhetorically to the Cretans by their own prophet; from idleness's vantage, it functions as the climactic third item in a tricolon of vices (liars, evil beasts, lazy gluttons), intensifying the charge of habitual moral failure rather than a single act.",tightly-related,relational,verse-reading,G0692,idle,lazy,"[""M67"", ""T2""]","One of the Cretans, a prophet of their own, said, “ Cretans are always liars, evil beasts, lazy gluttons.”",Tit 1:12,,Idleness as inert state or condition,M67_A_dispositional_idleness,M67,Sloth & Diligence,M0.6.5,G0692,"One of the Cretans, a prophet of their own, said, “ Cretans are always liars, evil beasts, lazy gluttons.”",M0.6.5,relational,What role does this characteristic play in relation to the OTHER M-code characteristics present in this verse? Build on whatever earlier cluster-passes over this SAME verse already found (given as prior context) -- do not re-derive or duplicate their findings; the focus shifts to what THIS characteristic's own vantage point adds. Record none if no other M-code characteristic is present.
336,456,role list,"No operation word directed toward a party co-occurs with G0692 in Titus 1:12; the verb 'said' belongs to the reporting prophet, not to an action performed by or upon the 'lazy gluttons' themselves.",no-direct-connection,action-impact,verse-reading,G0692,idle,lazy,"[""M67"", ""T2""]","One of the Cretans, a prophet of their own, said, “ Cretans are always liars, evil beasts, lazy gluttons.”",Tit 1:12,,Idleness as inert state or condition,M67_A_dispositional_idleness,M67,Sloth & Diligence,D7.7.1,G0692,"One of the Cretans, a prophet of their own, said, “ Cretans are always liars, evil beasts, lazy gluttons.”",D7.7.1,action-impact,"Where this verse contains an action or movement word tagged as an Operation in the cluster's role classification (the tag is `role-T3` in `cluster.cluster_code` -- consult that tagging directly, not this question's own memory of it), what is that word's relation to the parties present -- who initiates it and toward whom or what is it directed? Record none if no such operation word is present."
337,457,role list,"No prior context recorded. Here 'useless' (G0692) stands opposed to M13 (faith), qualifying it: from idleness's vantage, the term functions as a negative predicate diagnosing faith's condition when it lacks works - it is not itself an independent characteristic present but a qualifier applied directly to faith's efficacy.",tightly-related,relational,verse-reading,G0692,idle,useless,"[""M67"", ""T2""]","Do you want to be shown, you foolish person, that faith apart from works is useless?",Jam 2:20,,Idleness as inert state or condition,M67_A_dispositional_idleness,M67,Sloth & Diligence,M0.6.5,G0692,"Do you want to be shown, you foolish person, that faith apart from works is useless?",M0.6.5,relational,What role does this characteristic play in relation to the OTHER M-code characteristics present in this verse? Build on whatever earlier cluster-passes over this SAME verse already found (given as prior context) -- do not re-derive or duplicate their findings; the focus shifts to what THIS characteristic's own vantage point adds. Record none if no other M-code characteristic is present.
338,458,role list,No operation/role-T3 word is present in Jas 2:20 alongside a party tag in direct relation to G0692; the verb 'is' (copula) carries no operational force.,not-related-to-meaningful-word,action-impact,verse-reading,G0692,idle,useless,"[""M67"", ""T2""]","Do you want to be shown, you foolish person, that faith apart from works is useless?",Jam 2:20,,Idleness as inert state or condition,M67_A_dispositional_idleness,M67,Sloth & Diligence,D7.7.1,G0692,"Do you want to be shown, you foolish person, that faith apart from works is useless?",D7.7.1,action-impact,"Where this verse contains an action or movement word tagged as an Operation in the cluster's role classification (the tag is `role-T3` in `cluster.cluster_code` -- consult that tagging directly, not this question's own memory of it), what is that word's relation to the parties present -- who initiates it and toward whom or what is it directed? Record none if no such operation word is present."
394,525,lsj+strong_meaning_tree,"The characteristic is named argeō, 'to be idle, inoperative.' The name signals a verbal state of inactivity - the condition of not functioning or not being at work, applied here metaphorically to condemnation and destruction.",answered-no-flag,meaning,verse-reading,G0691,be idle,idle,"[""M67"", ""T2""]","And in their greed they will exploit you with false words. Their condemnation from long ago is not idle, and their destruction is not asleep.",2Pe 2:3,,Idleness as inert state or condition,M67_A_dispositional_idleness,M67,Sloth & Diligence,M0.1.1,G0691,"And in their greed they will exploit you with false words. Their condemnation from long ago is not idle, and their destruction is not asleep.",M0.1.1,meaning,"What is the characteristic called in the programme, and what does the name signal about its essential nature?"
395,526,lsj+mounce,"Greek argeō (from argos, 'idle, unemployed') at the definitional level denotes 'to be unemployed, do nothing, lie fallow, be at rest' - here used negatively ('is not idle') of condemnation, meaning judgment is not inactive/dormant but actively operative.",answered-no-flag,meaning,verse-reading,G0691,be idle,idle,"[""M67"", ""T2""]","And in their greed they will exploit you with false words. Their condemnation from long ago is not idle, and their destruction is not asleep.",2Pe 2:3,,Idleness as inert state or condition,M67_A_dispositional_idleness,M67,Sloth & Diligence,M0.1.2,G0691,"And in their greed they will exploit you with false words. Their condemnation from long ago is not idle, and their destruction is not asleep.",M0.1.2,meaning,What do the primary Hebrew and Greek terms show at the definitional level?
396,527,lsj+strong_meaning_tree,The negated form ('is not idle') carries a directional/temporal implication: it asserts ongoing operative movement toward a future outcome (condemnation actively proceeding toward execution) rather than dormant suspension.,answered-no-flag,meaning,verse-reading,G0691,be idle,idle,"[""M67"", ""T2""]","And in their greed they will exploit you with false words. Their condemnation from long ago is not idle, and their destruction is not asleep.",2Pe 2:3,,Idleness as inert state or condition,M67_A_dispositional_idleness,M67,Sloth & Diligence,M0.1.3,G0691,"And in their greed they will exploit you with false words. Their condemnation from long ago is not idle, and their destruction is not asleep.",M0.1.3,meaning,"What directional, relational, or constitutional implication does the name carry?"
397,528,lsj+strong_meaning_tree,"Primary Greek term argeō, verbal form of argos, root meaning 'to be without work/inactive' - here in verbal form denoting a state that continues or ceases. No Hebrew term supplied among sources.",answered-no-flag,meaning,verse-reading,G0691,be idle,idle,"[""M67"", ""T2""]","And in their greed they will exploit you with false words. Their condemnation from long ago is not idle, and their destruction is not asleep.",2Pe 2:3,,Idleness as inert state or condition,M67_A_dispositional_idleness,M67,Sloth & Diligence,M0.5.1,G0691,"And in their greed they will exploit you with false words. Their condemnation from long ago is not idle, and their destruction is not asleep.",M0.5.1,meaning,"What are the primary Hebrew and Greek terms for this characteristic, and what do their root meanings show?"
398,529,lsj+mounce,"Grammatical range is verbal (V-PAI-3S, present active), showing this cognate of the cluster's core adjective (argos, G0692) operates as an action/state-verb - 'to be idle' as an ongoing condition rather than a static label.",answered-no-flag,meaning,verse-reading,G0691,be idle,idle,"[""M67"", ""T2""]","And in their greed they will exploit you with false words. Their condemnation from long ago is not idle, and their destruction is not asleep.",2Pe 2:3,,Idleness as inert state or condition,M67_A_dispositional_idleness,M67,Sloth & Diligence,M0.5.2,G0691,"And in their greed they will exploit you with false words. Their condemnation from long ago is not idle, and their destruction is not asleep.",M0.5.2,meaning,"What is the grammatical range of the primary term (noun, verb, adjective, participle), and what does that range show about how the characteristic operates?"
399,530,lsj,"Semantic range covers literal cessation of labor/being unemployed, lying fallow (of land), being at rest (of the senses), to the negated sense here: condemnation 'is not idle,' i.e. is actively proceeding - an idiomatic personification of judgment as an agent that could be idle but is not.",answered-no-flag,meaning,verse-reading,G0691,be idle,idle,"[""M67"", ""T2""]","And in their greed they will exploit you with false words. Their condemnation from long ago is not idle, and their destruction is not asleep.",2Pe 2:3,,Idleness as inert state or condition,M67_A_dispositional_idleness,M67,Sloth & Diligence,M0.5.3,G0691,"And in their greed they will exploit you with false words. Their condemnation from long ago is not idle, and their destruction is not asleep.",M0.5.3,meaning,"What is the semantic range of the primary term — across what breadth of meaning does it operate, including any idiomatic, analogical, or otherwise implied meaning carried by its use in combination with other terms?"
400,531,lsj,None distinguished within this single verbal occurrence - it names a state/condition (being idle or not) rather than differentiating disposition from act.,not-related-to-meaningful-word,meaning,verse-reading,G0691,be idle,idle,"[""M67"", ""T2""]","And in their greed they will exploit you with false words. Their condemnation from long ago is not idle, and their destruction is not asleep.",2Pe 2:3,,Idleness as inert state or condition,M67_A_dispositional_idleness,M67,Sloth & Diligence,M0.5.4,G0691,"And in their greed they will exploit you with false words. Their condemnation from long ago is not idle, and their destruction is not asleep.",M0.5.4,meaning,"Does the vocabulary include terms distinguishing distinct aspects — disposition versus act, received versus given, condition versus quality? Record which, or none."
401,532,lsj+role list,"The structural opposite is the state of being active/operative (energeō-type activity); within this verse the parallel clause 'their destruction is not asleep' (using a different verb, koimaō) supplies a synonymous negation reinforcing the same opposite-of-idle sense.",answered-no-flag,meaning,verse-reading,G0691,be idle,idle,"[""M67"", ""T2""]","And in their greed they will exploit you with false words. Their condemnation from long ago is not idle, and their destruction is not asleep.",2Pe 2:3,,Idleness as inert state or condition,M67_A_dispositional_idleness,M67,Sloth & Diligence,M0.5.5,G0691,"And in their greed they will exploit you with false words. Their condemnation from long ago is not idle, and their destruction is not asleep.",M0.5.5,meaning,"Does the vocabulary include a term for the structural opposite or absence of this characteristic? Record it, or none."
402,533,lsj,"None - as a verb, argeō does not itself supply a person-type noun; the cognate adjective argos (G0692) fills that role elsewhere in the cluster.",not-related-to-meaningful-word,meaning,verse-reading,G0691,be idle,idle,"[""M67"", ""T2""]","And in their greed they will exploit you with false words. Their condemnation from long ago is not idle, and their destruction is not asleep.",2Pe 2:3,,Idleness as inert state or condition,M67_A_dispositional_idleness,M67,Sloth & Diligence,M0.5.6,G0691,"And in their greed they will exploit you with false words. Their condemnation from long ago is not idle, and their destruction is not asleep.",M0.5.6,meaning,"Does the vocabulary include a person-type term — one for the person who habitually possesses or exercises this characteristic? Record it, or none."
403,534,lsj,None - no supplication/seeking term is associated with this verb.,not-related-to-meaningful-word,meaning,verse-reading,G0691,be idle,idle,"[""M67"", ""T2""]","And in their greed they will exploit you with false words. Their condemnation from long ago is not idle, and their destruction is not asleep.",2Pe 2:3,,Idleness as inert state or condition,M67_A_dispositional_idleness,M67,Sloth & Diligence,M0.5.7,G0691,"And in their greed they will exploit you with false words. Their condemnation from long ago is not idle, and their destruction is not asleep.",M0.5.7,meaning,"Does the vocabulary include a supplication or seeking term — one for the act of seeking this characteristic from another? Record it, or none."
404,535,lsj+strong_meaning_tree,"No Hebrew term is supplied in these sources; continuity shown is intra-Greek, with the classical sense of 'being unemployed/at rest' carried into this NT usage as a vivid personification denying dormancy of divine judgment.",answered-no-flag,meaning,verse-reading,G0691,be idle,idle,"[""M67"", ""T2""]","And in their greed they will exploit you with false words. Their condemnation from long ago is not idle, and their destruction is not asleep.",2Pe 2:3,,Idleness as inert state or condition,M67_A_dispositional_idleness,M67,Sloth & Diligence,M0.5.8,G0691,"And in their greed they will exploit you with false words. Their condemnation from long ago is not idle, and their destruction is not asleep.",M0.5.8,meaning,What does the relationship between the OT Hebrew and NT Greek vocabulary show about continuity or development of the characteristic across the Testaments?
405,536,lsj,"None - argeō is attested in classical Greek Medical and other texts from the 5th century BC onward, not a NT coinage.",attested-pre-nt,meaning,verse-reading,G0691,be idle,idle,"[""M67"", ""T2""]","And in their greed they will exploit you with false words. Their condemnation from long ago is not idle, and their destruction is not asleep.",2Pe 2:3,,Idleness as inert state or condition,M67_A_dispositional_idleness,M67,Sloth & Diligence,M0.5.9,G0691,"And in their greed they will exploit you with false words. Their condemnation from long ago is not idle, and their destruction is not asleep.",M0.5.9,meaning,"Is there a term newly coined in the NT period for this characteristic; if so, what does the coinage show? Record it, or none."
406,537,lsj+strong_meaning_tree,"The vocabulary arc for argeō runs from literal unemployment/rest (of persons, land, the senses) to this singular NT use as a vivid negative personification: condemnation from long ago 'is not idle' - showing the verb's capacity for figurative extension to abstract, impersonal subjects like judgment/destruction.",answered-no-flag,meaning,verse-reading,G0691,be idle,idle,"[""M67"", ""T2""]","And in their greed they will exploit you with false words. Their condemnation from long ago is not idle, and their destruction is not asleep.",2Pe 2:3,,Idleness as inert state or condition,M67_A_dispositional_idleness,M67,Sloth & Diligence,M0.5.10,G0691,"And in their greed they will exploit you with false words. Their condemnation from long ago is not idle, and their destruction is not asleep.",M0.5.10,meaning,What does the full vocabulary arc show about the characteristic's complete semantic range?
407,538,strong_meaning_tree+lsj,"This is the sole NT occurrence of argeō (a hapax legomenon in the NT per the sources), and the surface sense 'is not idle' diverges from the ordinary human-subject usage (a person or field lying idle) by applying the verb to abstract 'condemnation' as if it were a personified agent capable of dormancy or activity. The impact is a vivid rhetorical assurance that judgment, though seemingly delayed ('from long ago'), is not dormant but actively moving toward execution - a unique theological application with no other NT occurrence for comparison.",surface-gloss-divergence,meaning,verse-reading,G0691,be idle,idle,"[""M67"", ""T2""]","And in their greed they will exploit you with false words. Their condemnation from long ago is not idle, and their destruction is not asleep.",2Pe 2:3,,Idleness as inert state or condition,M67_A_dispositional_idleness,M67,Sloth & Diligence,M0.5.11,G0691,"And in their greed they will exploit you with false words. Their condemnation from long ago is not idle, and their destruction is not asleep.",M0.5.11,meaning,"Where this occurrence's surface form/contextual sense diverges from the base lemma's general stepGloss, what nuance is that divergence carrying in THIS context, what is its impact here, and how does it compare against the word's other occurrences? Record none if this occurrence sits squarely within the base gloss with no notable shift."
408,539,role list,"No party-tagged word co-occurs as recipient of this operation; 'idle' functions predicatively of 'condemnation' (M26, an abstract entity) rather than describing an action directed at or by a human/divine party present in the verse.",no-direct-connection,action-impact,verse-reading,G0691,be idle,idle,"[""M67"", ""T2""]","And in their greed they will exploit you with false words. Their condemnation from long ago is not idle, and their destruction is not asleep.",2Pe 2:3,,Idleness as inert state or condition,M67_A_dispositional_idleness,M67,Sloth & Diligence,D7.7.1,G0691,"And in their greed they will exploit you with false words. Their condemnation from long ago is not idle, and their destruction is not asleep.",D7.7.1,action-impact,"Where this verse contains an action or movement word tagged as an Operation in the cluster's role classification (the tag is `role-T3` in `cluster.cluster_code` -- consult that tagging directly, not this question's own memory of it), what is that word's relation to the parties present -- who initiates it and toward whom or what is it directed? Record none if no such operation word is present."
409,540,role list,"No prior context recorded. From idleness's own vantage: here the negation of idleness (G0691) is paired with M26 (condemnation) as its subject and stands parallel to M55 (destruction, described as 'not asleep') - the two characteristics (condemnation and destruction) are both denied dormancy via parallel idioms, with 'not idle' specifically underscoring condemnation's active, ongoing operation rather than static or suspended judgment.",tightly-related,relational,verse-reading,G0691,be idle,idle,"[""M67"", ""T2""]","And in their greed they will exploit you with false words. Their condemnation from long ago is not idle, and their destruction is not asleep.",2Pe 2:3,,Idleness as inert state or condition,M67_A_dispositional_idleness,M67,Sloth & Diligence,M0.6.5,G0691,"And in their greed they will exploit you with false words. Their condemnation from long ago is not idle, and their destruction is not asleep.",M0.6.5,relational,What role does this characteristic play in relation to the OTHER M-code characteristics present in this verse? Build on whatever earlier cluster-passes over this SAME verse already found (given as prior context) -- do not re-derive or duplicate their findings; the focus shifts to what THIS characteristic's own vantage point adds. Record none if no other M-code characteristic is present.
548,707,strong_meaning_tree,"The characteristic is named 'Indolence' in the programme (Hebrew shiphlut, H8220). The name signals a sinking/lowering quality -- inactivity that results in structural decay, essential nature tied to neglect producing physical deterioration.",answered-no-flag,meaning,verse-reading,H8220,idleness,indolence,"[""M67"", ""T2""]","Through sloth the roof sinks in, and through indolence the house leaks.",Ecc 10:18,,Idleness as inert state or condition,M67_A_dispositional_idleness,M67,Sloth & Diligence,M0.1.1,H8220,"Through sloth the roof sinks in, and through indolence the house leaks.",M0.1.1,meaning,"What is the characteristic called in the programme, and what does the name signal about its essential nature?"
549,708,strong_meaning_tree,"H8220 shows at the definitional level 'sinking, idleness, inactivity' -- a noun capturing both the literal sense of sinking/collapsing and the metaphorical sense of slack hands/idleness leading to that collapse.",answered-no-flag,meaning,verse-reading,H8220,idleness,indolence,"[""M67"", ""T2""]","Through sloth the roof sinks in, and through indolence the house leaks.",Ecc 10:18,,Idleness as inert state or condition,M67_A_dispositional_idleness,M67,Sloth & Diligence,M0.1.2,H8220,"Through sloth the roof sinks in, and through indolence the house leaks.",M0.1.2,meaning,What do the primary Hebrew and Greek terms show at the definitional level?
550,709,strong_meaning_tree,"The name carries a constitutional implication: indolence is not merely absence of work but a cause producing tangible ruin (the house leaks, the roof sinks) -- implying a direct causal/relational link between neglect and structural failure.",answered-no-flag,meaning,verse-reading,H8220,idleness,indolence,"[""M67"", ""T2""]","Through sloth the roof sinks in, and through indolence the house leaks.",Ecc 10:18,,Idleness as inert state or condition,M67_A_dispositional_idleness,M67,Sloth & Diligence,M0.1.3,H8220,"Through sloth the roof sinks in, and through indolence the house leaks.",M0.1.3,meaning,"What directional, relational, or constitutional implication does the name carry?"
551,710,strong_meaning_tree,"Primary Hebrew term is shiphlut (H8220), a construct-form noun. Root meaning shows 'sinking, idleness, inactivity' -- likely related to the root for lowness/sinking (shaphel), tying idleness conceptually to a downward, collapsing motion.",answered-no-flag,meaning,verse-reading,H8220,idleness,indolence,"[""M67"", ""T2""]","Through sloth the roof sinks in, and through indolence the house leaks.",Ecc 10:18,,Idleness as inert state or condition,M67_A_dispositional_idleness,M67,Sloth & Diligence,M0.5.1,H8220,"Through sloth the roof sinks in, and through indolence the house leaks.",M0.5.1,meaning,"What are the primary Hebrew and Greek terms for this characteristic, and what do their root meanings show?"
552,711,strong_meaning_tree,"The vocabulary arc for H8220 is narrow -- a single gloss cluster ('sinking, idleness, inactivity'), showing the term's complete semantic range is confined to this one hapax-like occurrence in Eccl.10.18, paired poetically with H6103 (sloth) in synonymous parallelism.",answered-no-flag,meaning,verse-reading,H8220,idleness,indolence,"[""M67"", ""T2""]","Through sloth the roof sinks in, and through indolence the house leaks.",Ecc 10:18,,Idleness as inert state or condition,M67_A_dispositional_idleness,M67,Sloth & Diligence,M0.5.10,H8220,"Through sloth the roof sinks in, and through indolence the house leaks.",M0.5.10,meaning,What does the full vocabulary arc show about the characteristic's complete semantic range?
553,712,strong_meaning_tree,This occurrence sits within the base gloss with no notable divergence -- 'indolence' causing the house to leak matches the sinking/inactivity sense directly; this is effectively the term's sole/defining occurrence.,no-impact,meaning,verse-reading,H8220,idleness,indolence,"[""M67"", ""T2""]","Through sloth the roof sinks in, and through indolence the house leaks.",Ecc 10:18,,Idleness as inert state or condition,M67_A_dispositional_idleness,M67,Sloth & Diligence,M0.5.11,H8220,"Through sloth the roof sinks in, and through indolence the house leaks.",M0.5.11,meaning,"Where this occurrence's surface form/contextual sense diverges from the base lemma's general stepGloss, what nuance is that divergence carrying in THIS context, what is its impact here, and how does it compare against the word's other occurrences? Record none if this occurrence sits squarely within the base gloss with no notable shift."
554,713,strong_meaning_tree,"H8220 is grammatically a noun (feminine singular construct, HNcfsc), showing the characteristic operates as an abstract condition/state-noun describing a quality of hands/persons rather than an action itself.",answered-no-flag,meaning,verse-reading,H8220,idleness,indolence,"[""M67"", ""T2""]","Through sloth the roof sinks in, and through indolence the house leaks.",Ecc 10:18,,Idleness as inert state or condition,M67_A_dispositional_idleness,M67,Sloth & Diligence,M0.5.2,H8220,"Through sloth the roof sinks in, and through indolence the house leaks.",M0.5.2,meaning,"What is the grammatical range of the primary term (noun, verb, adjective, participle), and what does that range show about how the characteristic operates?"
555,714,strong_meaning_tree,"The semantic range of H8220 spans literal sinking/lowering and metaphorical idleness/inactivity; in Eccl.10.18 it operates idiomatically in construct with 'hands' (H3027G, yadayim) — 'through indolence of hands' — implying that slack, low-hanging hands cause the house's structural collapse, a vivid analogical link between bodily posture and neglect.",answered-no-flag,meaning,verse-reading,H8220,idleness,indolence,"[""M67"", ""T2""]","Through sloth the roof sinks in, and through indolence the house leaks.",Ecc 10:18,,Idleness as inert state or condition,M67_A_dispositional_idleness,M67,Sloth & Diligence,M0.5.3,H8220,"Through sloth the roof sinks in, and through indolence the house leaks.",M0.5.3,meaning,"What is the semantic range of the primary term — across what breadth of meaning does it operate, including any idiomatic, analogical, or otherwise implied meaning carried by its use in combination with other terms?"
556,715,strong_meaning_tree,"The vocabulary here does distinguish disposition versus act: H6103 (sloth/sluggishness, a disposition) and H8220 (indolence, tied to slack hands, closer to a condition/state of inactivity) appear in parallel, distinguishing a general lazy disposition from a specific condition of idle hands.",answered-no-flag,meaning,verse-reading,H8220,idleness,indolence,"[""M67"", ""T2""]","Through sloth the roof sinks in, and through indolence the house leaks.",Ecc 10:18,,Idleness as inert state or condition,M67_A_dispositional_idleness,M67,Sloth & Diligence,M0.5.4,H8220,"Through sloth the roof sinks in, and through indolence the house leaks.",M0.5.4,meaning,"Does the vocabulary include terms distinguishing distinct aspects — disposition versus act, received versus given, condition versus quality? Record which, or none."
557,716,strong_meaning_tree,"none -- no structural-opposite term (e.g. diligence) is present in this verse's own vocabulary for H8220, though the cluster's own H0629 (diligence) elsewhere in the cluster serves that structural-opposite role.",answered-no-flag,meaning,verse-reading,H8220,idleness,indolence,"[""M67"", ""T2""]","Through sloth the roof sinks in, and through indolence the house leaks.",Ecc 10:18,,Idleness as inert state or condition,M67_A_dispositional_idleness,M67,Sloth & Diligence,M0.5.5,H8220,"Through sloth the roof sinks in, and through indolence the house leaks.",M0.5.5,meaning,"Does the vocabulary include a term for the structural opposite or absence of this characteristic? Record it, or none."
558,717,strong_meaning_tree,none -- no distinct person-type term (e.g. 'the indolent one') is attested for H8220 in the given sources.,answered-no-flag,meaning,verse-reading,H8220,idleness,indolence,"[""M67"", ""T2""]","Through sloth the roof sinks in, and through indolence the house leaks.",Ecc 10:18,,Idleness as inert state or condition,M67_A_dispositional_idleness,M67,Sloth & Diligence,M0.5.6,H8220,"Through sloth the roof sinks in, and through indolence the house leaks.",M0.5.6,meaning,"Does the vocabulary include a person-type term — one for the person who habitually possesses or exercises this characteristic? Record it, or none."
559,718,strong_meaning_tree,none -- no supplication/seeking term is attested for indolence.,answered-no-flag,meaning,verse-reading,H8220,idleness,indolence,"[""M67"", ""T2""]","Through sloth the roof sinks in, and through indolence the house leaks.",Ecc 10:18,,Idleness as inert state or condition,M67_A_dispositional_idleness,M67,Sloth & Diligence,M0.5.7,H8220,"Through sloth the roof sinks in, and through indolence the house leaks.",M0.5.7,meaning,"Does the vocabulary include a supplication or seeking term — one for the act of seeking this characteristic from another? Record it, or none."
560,719,strong_meaning_tree,"H8220 has no direct NT Greek counterpart in this cluster's data; its conceptual opposite pairing runs instead with G0692 (argos, idle) which continues the idleness theme into the NT, showing continuity of the idleness/inactivity concept across Testaments even without shared root vocabulary.",answered-no-flag,meaning,verse-reading,H8220,idleness,indolence,"[""M67"", ""T2""]","Through sloth the roof sinks in, and through indolence the house leaks.",Ecc 10:18,,Idleness as inert state or condition,M67_A_dispositional_idleness,M67,Sloth & Diligence,M0.5.8,H8220,"Through sloth the roof sinks in, and through indolence the house leaks.",M0.5.8,meaning,What does the relationship between the OT Hebrew and NT Greek vocabulary show about continuity or development of the characteristic across the Testaments?
561,720,strong_meaning_tree,none -- H8220 is an OT Hebrew term; NT coinage question does not apply.,not-related-to-meaningful-word,meaning,verse-reading,H8220,idleness,indolence,"[""M67"", ""T2""]","Through sloth the roof sinks in, and through indolence the house leaks.",Ecc 10:18,,Idleness as inert state or condition,M67_A_dispositional_idleness,M67,Sloth & Diligence,M0.5.9,H8220,"Through sloth the roof sinks in, and through indolence the house leaks.",M0.5.9,meaning,"Is there a term newly coined in the NT period for this characteristic; if so, what does the coinage show? Record it, or none."
562,721,strong_meaning_tree,"Eccl.10.18 also carries M24 (H6103, sloth) and M23/M72 (H3027G, hand). From indolence's own vantage: H8220 supplies the causal/resultative link -- it names the condition (slack-handed idleness) that translates the disposition of sloth (M24) into the physical outcome via the hand (M23/M72), i.e. indolence is the mechanism connecting sloth-as-disposition to hand-as-instrument, producing the house's collapse. No prior cluster context exists for this verse.",tightly-related,relational,verse-reading,H8220,idleness,indolence,"[""M67"", ""T2""]","Through sloth the roof sinks in, and through indolence the house leaks.",Ecc 10:18,,Idleness as inert state or condition,M67_A_dispositional_idleness,M67,Sloth & Diligence,M0.6.5,H8220,"Through sloth the roof sinks in, and through indolence the house leaks.",M0.6.5,relational,What role does this characteristic play in relation to the OTHER M-code characteristics present in this verse? Build on whatever earlier cluster-passes over this SAME verse already found (given as prior context) -- do not re-derive or duplicate their findings; the focus shifts to what THIS characteristic's own vantage point adds. Record none if no other M-code characteristic is present.
563,722,strong_meaning_tree,"Matt.20.3 has role-T3 operation words G1831 (going out), G2476 (standing). G0692 (idle) is an adjective describing the state of 'others' (the party) found standing in the marketplace -- it does not itself initiate an operation but characterizes the party's condition as the object of the householder's seeing/going-out action, directed toward them.",answered-no-flag,action-impact,verse-reading,G0692,idle,idle,"[""M67"", ""T2""]","And going out about the third hour he saw others standing idle in the marketplace,",Mat 20:3,,Idleness as inert state or condition,M67_A_dispositional_idleness,M67,Sloth & Diligence,D7.7.1,G0692,"And going out about the third hour he saw others standing idle in the marketplace,",D7.7.1,action-impact,"Where this verse contains an action or movement word tagged as an Operation in the cluster's role classification (the tag is `role-T3` in `cluster.cluster_code` -- consult that tagging directly, not this question's own memory of it), what is that word's relation to the parties present -- who initiates it and toward whom or what is it directed? Record none if no such operation word is present."
564,723,strong_meaning_tree,"The characteristic is named 'Idleness' in the programme (Greek argos, G0692, from a-ergos 'not-working'). The name signals inactivity/unemployment as its essential nature, literally 'without work'.",answered-no-flag,meaning,verse-reading,G0692,idle,idle,"[""M67"", ""T2""]","And going out about the third hour he saw others standing idle in the marketplace,",Mat 20:3,,Idleness as inert state or condition,M67_A_dispositional_idleness,M67,Sloth & Diligence,M0.1.1,G0692,"And going out about the third hour he saw others standing idle in the marketplace,",M0.1.1,meaning,"What is the characteristic called in the programme, and what does the name signal about its essential nature?"
565,724,strong_lexicon.lsj,"Greek argos shows at the definitional level 'idle, lazy; useless, ineffective; careless' (Mounce), with LSJ confirming the etymology (a-ergos, contracted aergos) meaning 'not working the ground', 'idle, lazy', extending to 'unwrought, unprepared, unpolished' for things and 'not done, left undone' for actions.",answered-no-flag,meaning,verse-reading,G0692,idle,idle,"[""M67"", ""T2""]","And going out about the third hour he saw others standing idle in the marketplace,",Mat 20:3,,Idleness as inert state or condition,M67_A_dispositional_idleness,M67,Sloth & Diligence,M0.1.2,G0692,"And going out about the third hour he saw others standing idle in the marketplace,",M0.1.2,meaning,What do the primary Hebrew and Greek terms show at the definitional level?
566,725,strong_meaning_tree,"The name carries a relational implication of unemployment/unengagement: in Matt.20.3 argos describes laborers standing in the marketplace awaiting an employer, implying a state of waiting to be engaged rather than culpable laziness -- a directional 'not-yet-directed' status.",answered-no-flag,meaning,verse-reading,G0692,idle,idle,"[""M67"", ""T2""]","And going out about the third hour he saw others standing idle in the marketplace,",Mat 20:3,,Idleness as inert state or condition,M67_A_dispositional_idleness,M67,Sloth & Diligence,M0.1.3,G0692,"And going out about the third hour he saw others standing idle in the marketplace,",M0.1.3,meaning,"What directional, relational, or constitutional implication does the name carry?"
567,726,strong_lexicon.lsj,"Primary Greek term is argos (G0692), from a- privative + ergon 'work'. Root meaning shows 'not working', extended to idle/lazy/inactive, and by extension useless/ineffective/careless when applied metaphorically to speech or fruit (2Pet.1.8, Matt.12.36).",answered-no-flag,meaning,verse-reading,G0692,idle,idle,"[""M67"", ""T2""]","And going out about the third hour he saw others standing idle in the marketplace,",Mat 20:3,,Idleness as inert state or condition,M67_A_dispositional_idleness,M67,Sloth & Diligence,M0.5.1,G0692,"And going out about the third hour he saw others standing idle in the marketplace,",M0.5.1,meaning,"What are the primary Hebrew and Greek terms for this characteristic, and what do their root meanings show?"
568,727,strong_lexicon.lsj,"The full vocabulary arc of argos ranges from literal 'not working the ground/unemployed' (Matt.20.3,6) through moral 'lazy, averse from labor' (1Tim.5.13, Titus.1.12) to metaphorical 'unfruitful/ineffective' (2Pet.1.8) and 'careless, useless' of words/deeds (Matt.12.36, Jas.2.20), and even technical senses like 'lying fallow' (land) or 'yielding no return' (money) in Classical Greek -- showing a semantic range from physical inactivity to moral and metaphorical unproductiveness.",answered-no-flag,meaning,verse-reading,G0692,idle,idle,"[""M67"", ""T2""]","And going out about the third hour he saw others standing idle in the marketplace,",Mat 20:3,,Idleness as inert state or condition,M67_A_dispositional_idleness,M67,Sloth & Diligence,M0.5.10,G0692,"And going out about the third hour he saw others standing idle in the marketplace,",M0.5.10,meaning,What does the full vocabulary arc show about the characteristic's complete semantic range?
569,728,strong_meaning_tree,"In Matt.20.3 argos describes day-laborers standing unemployed in the marketplace, sitting within the base gloss 'idle, unemployed' with a neutral/circumstantial nuance (lack of work opportunity) rather than the morally-loaded 'lazy, careless' sense found in 1Tim.5.13/Titus.1.12/Jas.2.20. The impact here is descriptive of economic circumstance, not moral censure, contrasting with other occurrences where argos implies culpable inactivity or uselessness.",answered-no-flag,meaning,verse-reading,G0692,idle,idle,"[""M67"", ""T2""]","And going out about the third hour he saw others standing idle in the marketplace,",Mat 20:3,,Idleness as inert state or condition,M67_A_dispositional_idleness,M67,Sloth & Diligence,M0.5.11,G0692,"And going out about the third hour he saw others standing idle in the marketplace,",M0.5.11,meaning,"Where this occurrence's surface form/contextual sense diverges from the base lemma's general stepGloss, what nuance is that divergence carrying in THIS context, what is its impact here, and how does it compare against the word's other occurrences? Record none if this occurrence sits squarely within the base gloss with no notable shift."
570,729,strong_lexicon.mounce,"G0692 is grammatically an adjective (A-APM here, accusative plural masculine), showing the characteristic operates as a descriptive quality attributed to persons or things (people, land, money, words) rather than as a verb or noun in its own right.",answered-no-flag,meaning,verse-reading,G0692,idle,idle,"[""M67"", ""T2""]","And going out about the third hour he saw others standing idle in the marketplace,",Mat 20:3,,Idleness as inert state or condition,M67_A_dispositional_idleness,M67,Sloth & Diligence,M0.5.2,G0692,"And going out about the third hour he saw others standing idle in the marketplace,",M0.5.2,meaning,"What is the grammatical range of the primary term (noun, verb, adjective, participle), and what does that range show about how the characteristic operates?"
571,730,strong_lexicon.lsj,"The semantic range of argos spans literal non-labor (unemployed persons), disuse of land/money ('lying fallow', 'yielding no return'), and metaphorical unfruitfulness of faith/words (2Pet.1.8, Matt.12.36) -- in combination with genitive objects it can mean 'idle at/free from' a thing (e.g. 'slow to evil'), showing an idiomatic breadth beyond simple laziness.",answered-no-flag,meaning,verse-reading,G0692,idle,idle,"[""M67"", ""T2""]","And going out about the third hour he saw others standing idle in the marketplace,",Mat 20:3,,Idleness as inert state or condition,M67_A_dispositional_idleness,M67,Sloth & Diligence,M0.5.3,G0692,"And going out about the third hour he saw others standing idle in the marketplace,",M0.5.3,meaning,"What is the semantic range of the primary term — across what breadth of meaning does it operate, including any idiomatic, analogical, or otherwise implied meaning carried by its use in combination with other terms?"
572,731,strong_meaning_tree,"The vocabulary here distinguishes condition versus quality: in Matt.20.3 argos describes a temporary condition (unemployed at this hour, standing idle awaiting hire) rather than a fixed moral quality of laziness, contrasting with its use in 1Tim.5.13/Titus.1.12 where it denotes an ingrained habitual quality.",answered-no-flag,meaning,verse-reading,G0692,idle,idle,"[""M67"", ""T2""]","And going out about the third hour he saw others standing idle in the marketplace,",Mat 20:3,,Idleness as inert state or condition,M67_A_dispositional_idleness,M67,Sloth & Diligence,M0.5.4,G0692,"And going out about the third hour he saw others standing idle in the marketplace,",M0.5.4,meaning,"Does the vocabulary include terms distinguishing distinct aspects — disposition versus act, received versus given, condition versus quality? Record which, or none."
573,732,strong_meaning_tree,"The structural opposite is present in this cluster's own vocabulary: G4710 (spoude, haste/zeal/diligence), directly contrasting argos's inactivity with eager engagement/effort.",answered-no-flag,meaning,verse-reading,G0692,idle,idle,"[""M67"", ""T2""]","And going out about the third hour he saw others standing idle in the marketplace,",Mat 20:3,,Idleness as inert state or condition,M67_A_dispositional_idleness,M67,Sloth & Diligence,M0.5.5,G0692,"And going out about the third hour he saw others standing idle in the marketplace,",M0.5.5,meaning,"Does the vocabulary include a term for the structural opposite or absence of this characteristic? Record it, or none."
574,733,strong_meaning_tree,"none -- no distinct person-type term (beyond the adjective itself substantivally applied, e.g. 'the idle ones') is attested for argos in the given sources.",answered-no-flag,meaning,verse-reading,G0692,idle,idle,"[""M67"", ""T2""]","And going out about the third hour he saw others standing idle in the marketplace,",Mat 20:3,,Idleness as inert state or condition,M67_A_dispositional_idleness,M67,Sloth & Diligence,M0.5.6,G0692,"And going out about the third hour he saw others standing idle in the marketplace,",M0.5.6,meaning,"Does the vocabulary include a person-type term — one for the person who habitually possesses or exercises this characteristic? Record it, or none."
575,734,strong_meaning_tree,none -- no supplication/seeking term for idleness is attested.,answered-no-flag,meaning,verse-reading,G0692,idle,idle,"[""M67"", ""T2""]","And going out about the third hour he saw others standing idle in the marketplace,",Mat 20:3,,Idleness as inert state or condition,M67_A_dispositional_idleness,M67,Sloth & Diligence,M0.5.7,G0692,"And going out about the third hour he saw others standing idle in the marketplace,",M0.5.7,meaning,"Does the vocabulary include a supplication or seeking term — one for the act of seeking this characteristic from another? Record it, or none."
576,735,strong_meaning_tree,"G0692 (argos) parallels the OT idleness vocabulary (H6103 sloth, H8220 indolence in Eccl.10.18) showing continuity of the idleness concept across Testaments; the NT usage extends the concept metaphorically into moral/spiritual unfruitfulness (2Pet.1.8, Jas.2.20) beyond the OT's largely domestic/physical framing (roof sinking, house leaking).",answered-no-flag,meaning,verse-reading,G0692,idle,idle,"[""M67"", ""T2""]","And going out about the third hour he saw others standing idle in the marketplace,",Mat 20:3,,Idleness as inert state or condition,M67_A_dispositional_idleness,M67,Sloth & Diligence,M0.5.8,G0692,"And going out about the third hour he saw others standing idle in the marketplace,",M0.5.8,meaning,What does the relationship between the OT Hebrew and NT Greek vocabulary show about continuity or development of the characteristic across the Testaments?
577,736,strong_lexicon.lsj,"none -- argos is a well-attested Classical Greek term (Herodotus, Sophocles, Aristotle, etc.), not a NT coinage.",attested-pre-nt,meaning,verse-reading,G0692,idle,idle,"[""M67"", ""T2""]","And going out about the third hour he saw others standing idle in the marketplace,",Mat 20:3,,Idleness as inert state or condition,M67_A_dispositional_idleness,M67,Sloth & Diligence,M0.5.9,G0692,"And going out about the third hour he saw others standing idle in the marketplace,",M0.5.9,meaning,"Is there a term newly coined in the NT period for this characteristic; if so, what does the coinage show? Record it, or none."
578,737,strong_meaning_tree,"Matt.20.3 also carries M15 (G1492H, saw) alongside G0692. From idleness's own vantage: the idleness of 'others' is precisely the state that the M15 seeing-action discovers/targets -- G0692 supplies the object-condition that motivates the householder's seeing and subsequent action (hiring), i.e. idleness is what is perceived. No prior cluster context exists for this verse.",no-direct-connection,relational,verse-reading,G0692,idle,idle,"[""M67"", ""T2""]","And going out about the third hour he saw others standing idle in the marketplace,",Mat 20:3,,Idleness as inert state or condition,M67_A_dispositional_idleness,M67,Sloth & Diligence,M0.6.5,G0692,"And going out about the third hour he saw others standing idle in the marketplace,",M0.6.5,relational,What role does this characteristic play in relation to the OTHER M-code characteristics present in this verse? Build on whatever earlier cluster-passes over this SAME verse already found (given as prior context) -- do not re-derive or duplicate their findings; the focus shifts to what THIS characteristic's own vantage point adds. Record none if no other M-code characteristic is present.
585,744,strong_meaning_tree,"Though the root argos is classical, this verbal form argeō is a NT hapax legomenon (2 Pet 2:3), uniquely applied to an abstract subject (condemnation) as a personification device rather than to a human or literal referent.",nt-coinage,,char-subgroup,G0691,be idle,idle,"[""M67"", ""T2""]","And in their greed they will exploit you with false words. Their condemnation from long ago is not idle, and their destruction is not asleep.",2Pe 2:3,,Idleness as inert state or condition,M67_A_dispositional_idleness,M67,Sloth & Diligence,,G0691,"And in their greed they will exploit you with false words. Their condemnation from long ago is not idle, and their destruction is not asleep.",,,
586,745,strong_lexicon.lsj,"G0692 functions as the negative pole of the M67 cluster, spanning literal unemployment (Matt 20:3,6), habitual moral laziness (1 Tim 5:13; Titus 1:12), and metaphorical spiritual unfruitfulness (2 Pet 1:8; Jas 2:20) -- the broadest and most semantically flexible term in the cluster.",cluster-pole-negative,,char-subgroup,G0692,idle,useless,"[""M67"", ""T2""]","Do you want to be shown, you foolish person, that faith apart from works is useless?",Jam 2:20,,Idleness as inert state or condition,M67_A_dispositional_idleness,M67,Sloth & Diligence,,G0692,"Do you want to be shown, you foolish person, that faith apart from works is useless?",,,
591,750,strong_meaning_tree,"H8220 uniquely ties idleness to physical/structural consequence -- indolent hands directly causing a house to leak and its roof to sink -- a concrete causal image not paralleled by any other member of this cluster, which mostly treat idleness as a moral or spiritual state without depicting its material effects.",difference-inference,,char-subgroup,H8220,idleness,indolence,"[""M67"", ""T2""]","Through sloth the roof sinks in, and through indolence the house leaks.",Ecc 10:18,,Idleness as inert state or condition,M67_A_dispositional_idleness,M67,Sloth & Diligence,,H8220,"Through sloth the roof sinks in, and through indolence the house leaks.",,,
592,751,strong_meaning_tree,"G0691 (argeō, verb) and G0692 (argos, adjective) are transparent cognates sharing the a-privative + ergon root 'not-working' -- G0691 is simply the verbalized form of the state G0692 names as a quality. Both carry the same core semantic DNA of unemployment/inactivity, with G0691's single occurrence (2 Pet 2:3) functioning as a verbal counterpart to G0692's adjectival occurrences describing the same underlying condition of being without work/operation.",tightly-related,,char-reading,G0691,be idle,idle,"[""M67"", ""T2""]","And in their greed they will exploit you with false words. Their condemnation from long ago is not idle, and their destruction is not asleep.",2Pe 2:3,M67_A_dispositional_idleness,Idleness as inert state or condition,M67_A_dispositional_idleness,M67,Sloth & Diligence,,G0691,"And in their greed they will exploit you with false words. Their condemnation from long ago is not idle, and their destruction is not asleep.",,,
593,752,strong_meaning_tree,"Despite the shared root, G0691's sole occurrence diverges sharply from G0692's usual application: G0691 is negated ('is not idle') and applied to an abstract, impersonal, non-human subject (condemnation/krisis) as a rhetorical personification, whereas G0692's occurrences (except the metaphorical 2 Pet 1:8 and Jas 2:20 uses) mostly describe literal human agents (laborers, idle women, gluttons) or their direct products (careless words). G0691 thus represents the most abstracted, metaphorically extended application of the argos-root within this subgroup, while G0692 spans both literal and metaphorical registers itself.",difference-inference,,char-reading,G0691,be idle,idle,"[""M67"", ""T2""]","And in their greed they will exploit you with false words. Their condemnation from long ago is not idle, and their destruction is not asleep.",2Pe 2:3,M67_A_dispositional_idleness,Idleness as inert state or condition,M67_A_dispositional_idleness,M67,Sloth & Diligence,,G0691,"And in their greed they will exploit you with false words. Their condemnation from long ago is not idle, and their destruction is not asleep.",,,
594,753,strong_meaning_tree,"Within its own 8 occurrences, G0692 shows the same negative-pole 'not-working' core as G0691 and H8220, but uniquely spans the full range from wholly literal/circumstantial idleness (Matt.20.3,6 -- unemployed day-laborers awaiting hire, a neutral economic state) to morally-loaded habitual laziness (1Tim.5.13; Titus.1.12) to fully metaphorical spiritual unfruitfulness (2Pet.1.8; Jas.2.20) to careless/culpable speech (Matt.12.36) -- making it the semantic bridge connecting the concrete physical sense shared with H8220 and the abstract personification sense shared with G0691.",tightly-related,,char-reading,G0692,idle,ineffective,"[""M67"", ""T2""]","For if these qualities are yours and are increasing, they keep you from being ineffective or unfruitful in the knowledge of our Lord Jesus Christ.",2Pe 1:8,M67_A_dispositional_idleness,Idleness as inert state or condition,M67_A_dispositional_idleness,M67,Sloth & Diligence,,G0692,"For if these qualities are yours and are increasing, they keep you from being ineffective or unfruitful in the knowledge of our Lord Jesus Christ.",,,
594,754,strong_meaning_tree,"Within its own 8 occurrences, G0692 shows the same negative-pole 'not-working' core as G0691 and H8220, but uniquely spans the full range from wholly literal/circumstantial idleness (Matt.20.3,6 -- unemployed day-laborers awaiting hire, a neutral economic state) to morally-loaded habitual laziness (1Tim.5.13; Titus.1.12) to fully metaphorical spiritual unfruitfulness (2Pet.1.8; Jas.2.20) to careless/culpable speech (Matt.12.36) -- making it the semantic bridge connecting the concrete physical sense shared with H8220 and the abstract personification sense shared with G0691.",tightly-related,,char-reading,G0692,idle,careless,"[""M67"", ""T2""]","I tell you, on the day of judgment people will give account for every careless word they speak,",Mat 12:36,M67_A_dispositional_idleness,Idleness as inert state or condition,M67_A_dispositional_idleness,M67,Sloth & Diligence,,G0692,"I tell you, on the day of judgment people will give account for every careless word they speak,",,,
594,755,strong_meaning_tree,"Within its own 8 occurrences, G0692 shows the same negative-pole 'not-working' core as G0691 and H8220, but uniquely spans the full range from wholly literal/circumstantial idleness (Matt.20.3,6 -- unemployed day-laborers awaiting hire, a neutral economic state) to morally-loaded habitual laziness (1Tim.5.13; Titus.1.12) to fully metaphorical spiritual unfruitfulness (2Pet.1.8; Jas.2.20) to careless/culpable speech (Matt.12.36) -- making it the semantic bridge connecting the concrete physical sense shared with H8220 and the abstract personification sense shared with G0691.",tightly-related,,char-reading,G0692,idle,idle,"[""M67"", ""T2""]","And about the eleventh hour he went out and found others standing. And he said to them, ‘ Why do you stand here idle all day?’",Mat 20:6,M67_A_dispositional_idleness,Idleness as inert state or condition,M67_A_dispositional_idleness,M67,Sloth & Diligence,,G0692,"And about the eleventh hour he went out and found others standing. And he said to them, ‘ Why do you stand here idle all day?’",,,
594,756,strong_meaning_tree,"Within its own 8 occurrences, G0692 shows the same negative-pole 'not-working' core as G0691 and H8220, but uniquely spans the full range from wholly literal/circumstantial idleness (Matt.20.3,6 -- unemployed day-laborers awaiting hire, a neutral economic state) to morally-loaded habitual laziness (1Tim.5.13; Titus.1.12) to fully metaphorical spiritual unfruitfulness (2Pet.1.8; Jas.2.20) to careless/culpable speech (Matt.12.36) -- making it the semantic bridge connecting the concrete physical sense shared with H8220 and the abstract personification sense shared with G0691.",tightly-related,,char-reading,G0692,idle,idlers,"[""M67"", ""T2""]","Besides that, they learn to be idlers, going about from house to house, and not only idlers, but also gossips and busybodies, saying what they should not.",1Ti 5:13,M67_A_dispositional_idleness,Idleness as inert state or condition,M67_A_dispositional_idleness,M67,Sloth & Diligence,,G0692,"Besides that, they learn to be idlers, going about from house to house, and not only idlers, but also gossips and busybodies, saying what they should not.",,,
594,756,strong_meaning_tree,"Within its own 8 occurrences, G0692 shows the same negative-pole 'not-working' core as G0691 and H8220, but uniquely spans the full range from wholly literal/circumstantial idleness (Matt.20.3,6 -- unemployed day-laborers awaiting hire, a neutral economic state) to morally-loaded habitual laziness (1Tim.5.13; Titus.1.12) to fully metaphorical spiritual unfruitfulness (2Pet.1.8; Jas.2.20) to careless/culpable speech (Matt.12.36) -- making it the semantic bridge connecting the concrete physical sense shared with H8220 and the abstract personification sense shared with G0691.",tightly-related,,char-reading,G0692,idle,idlers,"[""M67"", ""T2""]","Besides that, they learn to be idlers, going about from house to house, and not only idlers, but also gossips and busybodies, saying what they should not.",1Ti 5:13,M67_A_dispositional_idleness,Idleness as inert state or condition,M67_A_dispositional_idleness,M67,Sloth & Diligence,,G0692,"Besides that, they learn to be idlers, going about from house to house, and not only idlers, but also gossips and busybodies, saying what they should not.",,,
594,757,strong_meaning_tree,"Within its own 8 occurrences, G0692 shows the same negative-pole 'not-working' core as G0691 and H8220, but uniquely spans the full range from wholly literal/circumstantial idleness (Matt.20.3,6 -- unemployed day-laborers awaiting hire, a neutral economic state) to morally-loaded habitual laziness (1Tim.5.13; Titus.1.12) to fully metaphorical spiritual unfruitfulness (2Pet.1.8; Jas.2.20) to careless/culpable speech (Matt.12.36) -- making it the semantic bridge connecting the concrete physical sense shared with H8220 and the abstract personification sense shared with G0691.",tightly-related,,char-reading,G0692,idle,idlers,"[""M67"", ""T2""]","Besides that, they learn to be idlers, going about from house to house, and not only idlers, but also gossips and busybodies, saying what they should not.",1Ti 5:13,M67_A_dispositional_idleness,Idleness as inert state or condition,M67_A_dispositional_idleness,M67,Sloth & Diligence,,G0692,"Besides that, they learn to be idlers, going about from house to house, and not only idlers, but also gossips and busybodies, saying what they should not.",,,
594,757,strong_meaning_tree,"Within its own 8 occurrences, G0692 shows the same negative-pole 'not-working' core as G0691 and H8220, but uniquely spans the full range from wholly literal/circumstantial idleness (Matt.20.3,6 -- unemployed day-laborers awaiting hire, a neutral economic state) to morally-loaded habitual laziness (1Tim.5.13; Titus.1.12) to fully metaphorical spiritual unfruitfulness (2Pet.1.8; Jas.2.20) to careless/culpable speech (Matt.12.36) -- making it the semantic bridge connecting the concrete physical sense shared with H8220 and the abstract personification sense shared with G0691.",tightly-related,,char-reading,G0692,idle,idlers,"[""M67"", ""T2""]","Besides that, they learn to be idlers, going about from house to house, and not only idlers, but also gossips and busybodies, saying what they should not.",1Ti 5:13,M67_A_dispositional_idleness,Idleness as inert state or condition,M67_A_dispositional_idleness,M67,Sloth & Diligence,,G0692,"Besides that, they learn to be idlers, going about from house to house, and not only idlers, but also gossips and busybodies, saying what they should not.",,,
594,758,strong_meaning_tree,"Within its own 8 occurrences, G0692 shows the same negative-pole 'not-working' core as G0691 and H8220, but uniquely spans the full range from wholly literal/circumstantial idleness (Matt.20.3,6 -- unemployed day-laborers awaiting hire, a neutral economic state) to morally-loaded habitual laziness (1Tim.5.13; Titus.1.12) to fully metaphorical spiritual unfruitfulness (2Pet.1.8; Jas.2.20) to careless/culpable speech (Matt.12.36) -- making it the semantic bridge connecting the concrete physical sense shared with H8220 and the abstract personification sense shared with G0691.",tightly-related,,char-reading,G0692,idle,lazy,"[""M67"", ""T2""]","One of the Cretans, a prophet of their own, said, “ Cretans are always liars, evil beasts, lazy gluttons.”",Tit 1:12,M67_A_dispositional_idleness,Idleness as inert state or condition,M67_A_dispositional_idleness,M67,Sloth & Diligence,,G0692,"One of the Cretans, a prophet of their own, said, “ Cretans are always liars, evil beasts, lazy gluttons.”",,,
594,759,strong_meaning_tree,"Within its own 8 occurrences, G0692 shows the same negative-pole 'not-working' core as G0691 and H8220, but uniquely spans the full range from wholly literal/circumstantial idleness (Matt.20.3,6 -- unemployed day-laborers awaiting hire, a neutral economic state) to morally-loaded habitual laziness (1Tim.5.13; Titus.1.12) to fully metaphorical spiritual unfruitfulness (2Pet.1.8; Jas.2.20) to careless/culpable speech (Matt.12.36) -- making it the semantic bridge connecting the concrete physical sense shared with H8220 and the abstract personification sense shared with G0691.",tightly-related,,char-reading,G0692,idle,useless,"[""M67"", ""T2""]","Do you want to be shown, you foolish person, that faith apart from works is useless?",Jam 2:20,M67_A_dispositional_idleness,Idleness as inert state or condition,M67_A_dispositional_idleness,M67,Sloth & Diligence,,G0692,"Do you want to be shown, you foolish person, that faith apart from works is useless?",,,
594,760,strong_meaning_tree,"Within its own 8 occurrences, G0692 shows the same negative-pole 'not-working' core as G0691 and H8220, but uniquely spans the full range from wholly literal/circumstantial idleness (Matt.20.3,6 -- unemployed day-laborers awaiting hire, a neutral economic state) to morally-loaded habitual laziness (1Tim.5.13; Titus.1.12) to fully metaphorical spiritual unfruitfulness (2Pet.1.8; Jas.2.20) to careless/culpable speech (Matt.12.36) -- making it the semantic bridge connecting the concrete physical sense shared with H8220 and the abstract personification sense shared with G0691.",tightly-related,,char-reading,G0692,idle,idle,"[""M67"", ""T2""]","And going out about the third hour he saw others standing idle in the marketplace,",Mat 20:3,M67_A_dispositional_idleness,Idleness as inert state or condition,M67_A_dispositional_idleness,M67,Sloth & Diligence,,G0692,"And going out about the third hour he saw others standing idle in the marketplace,",,,
595,761,strong_meaning_tree,"H8220 shares no root or lexical continuity with G0691/G0692 (different language families, no shared etymology supplied by any source), but conceptually converges on the same 'idleness produces/permits deterioration' notion latent in argos's classical senses (land lying fallow, money yielding no return, a house or field left unattended). Unlike the Greek pair, H8220 is anchored to a single concrete domestic image (slack hands causing a house to leak) with no attested metaphorical or moral extension in its own occurrence, making it the most literally physical of the three subgroup members.",no-direct-connection,,char-reading,H8220,idleness,indolence,"[""M67"", ""T2""]","Through sloth the roof sinks in, and through indolence the house leaks.",Ecc 10:18,M67_A_dispositional_idleness,Idleness as inert state or condition,M67_A_dispositional_idleness,M67,Sloth & Diligence,,H8220,"Through sloth the roof sinks in, and through indolence the house leaks.",,,
596,762,strong_meaning_tree,"Grammatically H8220 is a noun (construct state, tied idiomatically to 'hands') naming a condition, whereas G0692 is an adjective describing persons/things/qualities and G0691 is a verb naming an ongoing state-action. This means the subgroup's three members occupy three distinct parts of speech for essentially the same 'not-working' concept: H8220 = the condition itself as a noun-abstraction, G0692 = the descriptive quality attributed to a subject, G0691 = the verbal enactment (or negated non-enactment) of that quality over time.",difference-inference,,char-reading,H8220,idleness,indolence,"[""M67"", ""T2""]","Through sloth the roof sinks in, and through indolence the house leaks.",Ecc 10:18,M67_A_dispositional_idleness,Idleness as inert state or condition,M67_A_dispositional_idleness,M67,Sloth & Diligence,,H8220,"Through sloth the roof sinks in, and through indolence the house leaks.",,,
597,763,strong_meaning_tree,"Morph-actively read: all G0692 occurrences are adjectival (A- forms) with no verbal voice variation across its 8 occurrences -- unlike G0691 which is verbal (present active), G0692 never shows the subject DOING/HAVING-DONE/CAUSING the idleness as an action; it only ever attributes the state as a quality. This confirms the adjective/verb split noted above is the genuine, sole morph-relevant distinction within this subgroup rather than any voice-based nuance internal to G0692 itself.",difference-inference,,char-reading,G0692,idle,ineffective,"[""M67"", ""T2""]","For if these qualities are yours and are increasing, they keep you from being ineffective or unfruitful in the knowledge of our Lord Jesus Christ.",2Pe 1:8,M67_A_dispositional_idleness,Idleness as inert state or condition,M67_A_dispositional_idleness,M67,Sloth & Diligence,,G0692,"For if these qualities are yours and are increasing, they keep you from being ineffective or unfruitful in the knowledge of our Lord Jesus Christ.",,,
597,764,strong_meaning_tree,"Morph-actively read: all G0692 occurrences are adjectival (A- forms) with no verbal voice variation across its 8 occurrences -- unlike G0691 which is verbal (present active), G0692 never shows the subject DOING/HAVING-DONE/CAUSING the idleness as an action; it only ever attributes the state as a quality. This confirms the adjective/verb split noted above is the genuine, sole morph-relevant distinction within this subgroup rather than any voice-based nuance internal to G0692 itself.",difference-inference,,char-reading,G0692,idle,idle,"[""M67"", ""T2""]","And going out about the third hour he saw others standing idle in the marketplace,",Mat 20:3,M67_A_dispositional_idleness,Idleness as inert state or condition,M67_A_dispositional_idleness,M67,Sloth & Diligence,,G0692,"And going out about the third hour he saw others standing idle in the marketplace,",,,
598,765,strong_meaning_tree,"G0691's application to an abstract, non-human, non-agricultural, non-domestic subject (condemnation) has no parallel or point of contact with H8220's concrete domestic/architectural image (a leaking house) -- the two occupy opposite ends of the concrete-to-abstract spectrum within this subgroup, sharing only the bare underlying 'not operative' concept and no shared imagery, subject-type, or grammatical form.",no-direct-connection,,char-reading,G0691,be idle,idle,"[""M67"", ""T2""]","And in their greed they will exploit you with false words. Their condemnation from long ago is not idle, and their destruction is not asleep.",2Pe 2:3,M67_A_dispositional_idleness,Idleness as inert state or condition,M67_A_dispositional_idleness,M67,Sloth & Diligence,,G0691,"And in their greed they will exploit you with false words. Their condemnation from long ago is not idle, and their destruction is not asleep.",,,
618,820,,"Matt.20.3/20.6 (G0692): the idle laborers' standing in the marketplace reveals no explicit belief-content of their own, but implicitly shows they perceive themselves as available-but-unengaged, awaiting an employer's initiative -- a perception of dependency on another's summons rather than self-directed judgement. 2Pet.2.3 (G0691): the negated 'is not idle' reveals the writer's belief that divine condemnation, though seemingly delayed, is actively operative -- a judgement about the hidden reliability of judgment despite appearances of inactivity. Eccl.10.18 (H8220): the sinking roof/leaking house reveals the sage's conclusion that indolence inevitably yields visible material ruin -- a judgement of cause and effect linking neglect to decay.",answered-no-flag,cognitive,char-answers,G0692,idle,idle,"[""M67"", ""T2""]","And going out about the third hour he saw others standing idle in the marketplace,",Mat 20:3,M67_A_dispositional_idleness,Idleness as inert state or condition,M67_A_dispositional_idleness,M67,Sloth & Diligence,D1.1.1,G0692,"And going out about the third hour he saw others standing idle in the marketplace,",D1.1.1,cognitive,"In this verse, what does the characteristic reveal about the person's perception, belief, or judgement -- what do they perceive, believe true, or conclude? Record it, or record none."
618,821,,"Matt.20.3/20.6 (G0692): the idle laborers' standing in the marketplace reveals no explicit belief-content of their own, but implicitly shows they perceive themselves as available-but-unengaged, awaiting an employer's initiative -- a perception of dependency on another's summons rather than self-directed judgement. 2Pet.2.3 (G0691): the negated 'is not idle' reveals the writer's belief that divine condemnation, though seemingly delayed, is actively operative -- a judgement about the hidden reliability of judgment despite appearances of inactivity. Eccl.10.18 (H8220): the sinking roof/leaking house reveals the sage's conclusion that indolence inevitably yields visible material ruin -- a judgement of cause and effect linking neglect to decay.",answered-no-flag,cognitive,char-answers,G0692,idle,idle,"[""M67"", ""T2""]","And about the eleventh hour he went out and found others standing. And he said to them, ‘ Why do you stand here idle all day?’",Mat 20:6,M67_A_dispositional_idleness,Idleness as inert state or condition,M67_A_dispositional_idleness,M67,Sloth & Diligence,D1.1.1,G0692,"And about the eleventh hour he went out and found others standing. And he said to them, ‘ Why do you stand here idle all day?’",D1.1.1,cognitive,"In this verse, what does the characteristic reveal about the person's perception, belief, or judgement -- what do they perceive, believe true, or conclude? Record it, or record none."
618,822,,"Matt.20.3/20.6 (G0692): the idle laborers' standing in the marketplace reveals no explicit belief-content of their own, but implicitly shows they perceive themselves as available-but-unengaged, awaiting an employer's initiative -- a perception of dependency on another's summons rather than self-directed judgement. 2Pet.2.3 (G0691): the negated 'is not idle' reveals the writer's belief that divine condemnation, though seemingly delayed, is actively operative -- a judgement about the hidden reliability of judgment despite appearances of inactivity. Eccl.10.18 (H8220): the sinking roof/leaking house reveals the sage's conclusion that indolence inevitably yields visible material ruin -- a judgement of cause and effect linking neglect to decay.",answered-no-flag,cognitive,char-answers,G0691,be idle,idle,"[""M67"", ""T2""]","And in their greed they will exploit you with false words. Their condemnation from long ago is not idle, and their destruction is not asleep.",2Pe 2:3,M67_A_dispositional_idleness,Idleness as inert state or condition,M67_A_dispositional_idleness,M67,Sloth & Diligence,D1.1.1,G0691,"And in their greed they will exploit you with false words. Their condemnation from long ago is not idle, and their destruction is not asleep.",D1.1.1,cognitive,"In this verse, what does the characteristic reveal about the person's perception, belief, or judgement -- what do they perceive, believe true, or conclude? Record it, or record none."
618,823,,"Matt.20.3/20.6 (G0692): the idle laborers' standing in the marketplace reveals no explicit belief-content of their own, but implicitly shows they perceive themselves as available-but-unengaged, awaiting an employer's initiative -- a perception of dependency on another's summons rather than self-directed judgement. 2Pet.2.3 (G0691): the negated 'is not idle' reveals the writer's belief that divine condemnation, though seemingly delayed, is actively operative -- a judgement about the hidden reliability of judgment despite appearances of inactivity. Eccl.10.18 (H8220): the sinking roof/leaking house reveals the sage's conclusion that indolence inevitably yields visible material ruin -- a judgement of cause and effect linking neglect to decay.",answered-no-flag,cognitive,char-answers,H8220,idleness,indolence,"[""M67"", ""T2""]","Through sloth the roof sinks in, and through indolence the house leaks.",Ecc 10:18,M67_A_dispositional_idleness,Idleness as inert state or condition,M67_A_dispositional_idleness,M67,Sloth & Diligence,D1.1.1,H8220,"Through sloth the roof sinks in, and through indolence the house leaks.",D1.1.1,cognitive,"In this verse, what does the characteristic reveal about the person's perception, belief, or judgement -- what do they perceive, believe true, or conclude? Record it, or record none."
619,824,,The evidence shows both patterns depending on strong: in Matt.20.3/6 the idle state precedes any judgement (the householder later judges/hires based on observed idleness); in 2Pet.2.3 the negated idleness follows from and confirms a prior belief (condemnation was already decreed 'from long ago') while itself grounding the reader's conclusion that judgment is reliable; in Eccl.10.18 the observed idleness (slack hands) precedes the sage's concluding judgement about causation. No single fixed order is consistent across the subgroup.,answered-no-flag,cognitive,char-answers,G0692,idle,idle,"[""M67"", ""T2""]","And going out about the third hour he saw others standing idle in the marketplace,",Mat 20:3,M67_A_dispositional_idleness,Idleness as inert state or condition,M67_A_dispositional_idleness,M67,Sloth & Diligence,D1.1.2,G0692,"And going out about the third hour he saw others standing idle in the marketplace,",D1.1.2,cognitive,"Across the verses, does the characteristic consistently precede a judgement or belief, follow one, or both?"
619,825,,The evidence shows both patterns depending on strong: in Matt.20.3/6 the idle state precedes any judgement (the householder later judges/hires based on observed idleness); in 2Pet.2.3 the negated idleness follows from and confirms a prior belief (condemnation was already decreed 'from long ago') while itself grounding the reader's conclusion that judgment is reliable; in Eccl.10.18 the observed idleness (slack hands) precedes the sage's concluding judgement about causation. No single fixed order is consistent across the subgroup.,answered-no-flag,cognitive,char-answers,G0691,be idle,idle,"[""M67"", ""T2""]","And in their greed they will exploit you with false words. Their condemnation from long ago is not idle, and their destruction is not asleep.",2Pe 2:3,M67_A_dispositional_idleness,Idleness as inert state or condition,M67_A_dispositional_idleness,M67,Sloth & Diligence,D1.1.2,G0691,"And in their greed they will exploit you with false words. Their condemnation from long ago is not idle, and their destruction is not asleep.",D1.1.2,cognitive,"Across the verses, does the characteristic consistently precede a judgement or belief, follow one, or both?"
619,826,,The evidence shows both patterns depending on strong: in Matt.20.3/6 the idle state precedes any judgement (the householder later judges/hires based on observed idleness); in 2Pet.2.3 the negated idleness follows from and confirms a prior belief (condemnation was already decreed 'from long ago') while itself grounding the reader's conclusion that judgment is reliable; in Eccl.10.18 the observed idleness (slack hands) precedes the sage's concluding judgement about causation. No single fixed order is consistent across the subgroup.,answered-no-flag,cognitive,char-answers,H8220,idleness,indolence,"[""M67"", ""T2""]","Through sloth the roof sinks in, and through indolence the house leaks.",Ecc 10:18,M67_A_dispositional_idleness,Idleness as inert state or condition,M67_A_dispositional_idleness,M67,Sloth & Diligence,D1.1.2,H8220,"Through sloth the roof sinks in, and through indolence the house leaks.",D1.1.2,cognitive,"Across the verses, does the characteristic consistently precede a judgement or belief, follow one, or both?"
620,827,,"None. Across the subgroup's evidence there is no orientation toward a future fullness the idle person moves toward; idleness names an arrested, static, or negatively-characterized condition (standing unemployed, indolent hands, non-dormant judgment) rather than a trajectory toward increase or maturity. Where movement toward fullness does appear in the wider cluster (e.g. 2Pet.1.8's ineffective/unfruitful contrasted with increasing virtues), it belongs to G0692 but frames idleness as the thing prevented, not the person's own forward movement.",answered-no-flag,action-impact,char-answers,G0692,idle,idle,"[""M67"", ""T2""]","And about the eleventh hour he went out and found others standing. And he said to them, ‘ Why do you stand here idle all day?’",Mat 20:6,M67_A_dispositional_idleness,Idleness as inert state or condition,M67_A_dispositional_idleness,M67,Sloth & Diligence,D10.1.2,G0692,"And about the eleventh hour he went out and found others standing. And he said to them, ‘ Why do you stand here idle all day?’",D10.1.2,action-impact,"Across the evidence, is there any orientation toward a future fullness — something the person moves toward, not only what they currently are? Record it, or record none."
620,828,,"None. Across the subgroup's evidence there is no orientation toward a future fullness the idle person moves toward; idleness names an arrested, static, or negatively-characterized condition (standing unemployed, indolent hands, non-dormant judgment) rather than a trajectory toward increase or maturity. Where movement toward fullness does appear in the wider cluster (e.g. 2Pet.1.8's ineffective/unfruitful contrasted with increasing virtues), it belongs to G0692 but frames idleness as the thing prevented, not the person's own forward movement.",answered-no-flag,action-impact,char-answers,G0691,be idle,idle,"[""M67"", ""T2""]","And in their greed they will exploit you with false words. Their condemnation from long ago is not idle, and their destruction is not asleep.",2Pe 2:3,M67_A_dispositional_idleness,Idleness as inert state or condition,M67_A_dispositional_idleness,M67,Sloth & Diligence,D10.1.2,G0691,"And in their greed they will exploit you with false words. Their condemnation from long ago is not idle, and their destruction is not asleep.",D10.1.2,action-impact,"Across the evidence, is there any orientation toward a future fullness — something the person moves toward, not only what they currently are? Record it, or record none."
620,829,,"None. Across the subgroup's evidence there is no orientation toward a future fullness the idle person moves toward; idleness names an arrested, static, or negatively-characterized condition (standing unemployed, indolent hands, non-dormant judgment) rather than a trajectory toward increase or maturity. Where movement toward fullness does appear in the wider cluster (e.g. 2Pet.1.8's ineffective/unfruitful contrasted with increasing virtues), it belongs to G0692 but frames idleness as the thing prevented, not the person's own forward movement.",answered-no-flag,action-impact,char-answers,H8220,idleness,indolence,"[""M67"", ""T2""]","Through sloth the roof sinks in, and through indolence the house leaks.",Ecc 10:18,M67_A_dispositional_idleness,Idleness as inert state or condition,M67_A_dispositional_idleness,M67,Sloth & Diligence,D10.1.2,H8220,"Through sloth the roof sinks in, and through indolence the house leaks.",D10.1.2,action-impact,"Across the evidence, is there any orientation toward a future fullness — something the person moves toward, not only what they currently are? Record it, or record none."
621,830,,"The subgroup's evidence does not depict an 'immediate response' to a stimulus in the behavioural sense this question assumes (idleness is itself the state, not a response triggered by an event within the verse). This may be resolvable with adjacent narrative context (e.g. what precedes the laborers' standing idle in Matt.20.3/6) but is not determinable from the subgroup's own occurrences alone.",could-not-resolve,action-impact,char-answers,G0692,idle,idle,"[""M67"", ""T2""]","And going out about the third hour he saw others standing idle in the marketplace,",Mat 20:3,M67_A_dispositional_idleness,Idleness as inert state or condition,M67_A_dispositional_idleness,M67,Sloth & Diligence,D10.2.2,G0692,"And going out about the third hour he saw others standing idle in the marketplace,",D10.2.2,action-impact,"Across the verses, is that immediate response consistent or varied?"
622,831,,"Cannot be determined from this subgroup's own evidence since no clear 'immediate response' phase is established (see D10.2.2); the sustained effect (e.g. house deterioration in Eccl.10.18, ongoing unemployment in Matt.20.3/6) is depicted but without a contrasted initial response to compare it against within these verses.",could-not-resolve,action-impact,char-answers,H8220,idleness,indolence,"[""M67"", ""T2""]","Through sloth the roof sinks in, and through indolence the house leaks.",Ecc 10:18,M67_A_dispositional_idleness,Idleness as inert state or condition,M67_A_dispositional_idleness,M67,Sloth & Diligence,D10.3.2,H8220,"Through sloth the roof sinks in, and through indolence the house leaks.",D10.3.2,action-impact,How does the sustained effect differ from the immediate response (D10.2)?
623,832,,"Where transformation is depicted, it reads as reversible in the literal cases: idle laborers in Matt.20.3/6 move from idle to hired/working when the householder acts; indolence's effects on the house (Eccl.10.18) are presented as an ongoing/progressive consequence of continued neglect, implying that ceasing the indolence could arrest further decay, though existing damage (sinking roof) is not undone. G0691's application to condemnation (2Pet.2.3) does not depict transformation at all -- it denies a state-change (non-dormancy) rather than tracking movement from one state to another.",answered-no-flag,action-impact,char-answers,G0692,idle,idle,"[""M67"", ""T2""]","And going out about the third hour he saw others standing idle in the marketplace,",Mat 20:3,M67_A_dispositional_idleness,Idleness as inert state or condition,M67_A_dispositional_idleness,M67,Sloth & Diligence,D10.4.2,G0692,"And going out about the third hour he saw others standing idle in the marketplace,",D10.4.2,action-impact,Is the transformation reversible or irreversible in the evidence?
623,833,,"Where transformation is depicted, it reads as reversible in the literal cases: idle laborers in Matt.20.3/6 move from idle to hired/working when the householder acts; indolence's effects on the house (Eccl.10.18) are presented as an ongoing/progressive consequence of continued neglect, implying that ceasing the indolence could arrest further decay, though existing damage (sinking roof) is not undone. G0691's application to condemnation (2Pet.2.3) does not depict transformation at all -- it denies a state-change (non-dormancy) rather than tracking movement from one state to another.",answered-no-flag,action-impact,char-answers,H8220,idleness,indolence,"[""M67"", ""T2""]","Through sloth the roof sinks in, and through indolence the house leaks.",Ecc 10:18,M67_A_dispositional_idleness,Idleness as inert state or condition,M67_A_dispositional_idleness,M67,Sloth & Diligence,D10.4.2,H8220,"Through sloth the roof sinks in, and through indolence the house leaks.",D10.4.2,action-impact,Is the transformation reversible or irreversible in the evidence?
624,834,,"Yes, the mechanism differs by context. In G0692 (Matt.20.3/6) the mechanism is circumstantial/economic -- absence of an employer's summons. In 1Tim.5.13/Titus.1.12 (G0692, cluster context) idleness operates via habitual moral choice leading to further vice. In H8220 (Eccl.10.18) the mechanism is physical/instrumental -- slack hands failing to maintain a structure, producing direct material decay. In G0691 (2Pet.2.3) the 'mechanism' is rhetorical/theological -- a personification denying dormancy to underscore the certainty of divine judgment's operation. Four distinct registers (economic, moral, physical, theological-rhetorical) for the same root concept.",answered-no-flag,action-impact,char-answers,G0692,idle,idle,"[""M67"", ""T2""]","And going out about the third hour he saw others standing idle in the marketplace,",Mat 20:3,M67_A_dispositional_idleness,Idleness as inert state or condition,M67_A_dispositional_idleness,M67,Sloth & Diligence,D10.6.2,G0692,"And going out about the third hour he saw others standing idle in the marketplace,",D10.6.2,action-impact,"Does the mechanism differ across contexts in the evidence; if so, how?"
624,835,,"Yes, the mechanism differs by context. In G0692 (Matt.20.3/6) the mechanism is circumstantial/economic -- absence of an employer's summons. In 1Tim.5.13/Titus.1.12 (G0692, cluster context) idleness operates via habitual moral choice leading to further vice. In H8220 (Eccl.10.18) the mechanism is physical/instrumental -- slack hands failing to maintain a structure, producing direct material decay. In G0691 (2Pet.2.3) the 'mechanism' is rhetorical/theological -- a personification denying dormancy to underscore the certainty of divine judgment's operation. Four distinct registers (economic, moral, physical, theological-rhetorical) for the same root concept.",answered-no-flag,action-impact,char-answers,H8220,idleness,indolence,"[""M67"", ""T2""]","Through sloth the roof sinks in, and through indolence the house leaks.",Ecc 10:18,M67_A_dispositional_idleness,Idleness as inert state or condition,M67_A_dispositional_idleness,M67,Sloth & Diligence,D10.6.2,H8220,"Through sloth the roof sinks in, and through indolence the house leaks.",D10.6.2,action-impact,"Does the mechanism differ across contexts in the evidence; if so, how?"
624,836,,"Yes, the mechanism differs by context. In G0692 (Matt.20.3/6) the mechanism is circumstantial/economic -- absence of an employer's summons. In 1Tim.5.13/Titus.1.12 (G0692, cluster context) idleness operates via habitual moral choice leading to further vice. In H8220 (Eccl.10.18) the mechanism is physical/instrumental -- slack hands failing to maintain a structure, producing direct material decay. In G0691 (2Pet.2.3) the 'mechanism' is rhetorical/theological -- a personification denying dormancy to underscore the certainty of divine judgment's operation. Four distinct registers (economic, moral, physical, theological-rhetorical) for the same root concept.",answered-no-flag,action-impact,char-answers,G0691,be idle,idle,"[""M67"", ""T2""]","And in their greed they will exploit you with false words. Their condemnation from long ago is not idle, and their destruction is not asleep.",2Pe 2:3,M67_A_dispositional_idleness,Idleness as inert state or condition,M67_A_dispositional_idleness,M67,Sloth & Diligence,D10.6.2,G0691,"And in their greed they will exploit you with false words. Their condemnation from long ago is not idle, and their destruction is not asleep.",D10.6.2,action-impact,"Does the mechanism differ across contexts in the evidence; if so, how?"
625,837,,"The subgroup's evidence reads idleness as belonging to the fallen/creaturely condition rather than to created design: Matt.20.3/6's idle laborers reflect an unmet economic need (not an ideal state); Eccl.10.18's indolence causes ruin, a plainly negative outcome of neglect; 1Tim.5.13/Titus.1.12 (cluster context) treat idleness as a culpable moral failing. G0691's use in 2Pet.2.3 (negated idleness of condemnation) is not about human idleness at all but a rhetorical device concerning divine judgment, and so does not speak to human created design or fallenness.",answered-no-flag,origin,char-answers,G0692,idle,idle,"[""M67"", ""T2""]","And about the eleventh hour he went out and found others standing. And he said to them, ‘ Why do you stand here idle all day?’",Mat 20:6,M67_A_dispositional_idleness,Idleness as inert state or condition,M67_A_dispositional_idleness,M67,Sloth & Diligence,D11.1.1,G0692,"And about the eleventh hour he went out and found others standing. And he said to them, ‘ Why do you stand here idle all day?’",D11.1.1,origin,"Across the evidence, does the characteristic's role read as belonging to created design, to the fallen condition, to both, or as not determinable?"
625,838,,"The subgroup's evidence reads idleness as belonging to the fallen/creaturely condition rather than to created design: Matt.20.3/6's idle laborers reflect an unmet economic need (not an ideal state); Eccl.10.18's indolence causes ruin, a plainly negative outcome of neglect; 1Tim.5.13/Titus.1.12 (cluster context) treat idleness as a culpable moral failing. G0691's use in 2Pet.2.3 (negated idleness of condemnation) is not about human idleness at all but a rhetorical device concerning divine judgment, and so does not speak to human created design or fallenness.",answered-no-flag,origin,char-answers,H8220,idleness,indolence,"[""M67"", ""T2""]","Through sloth the roof sinks in, and through indolence the house leaks.",Ecc 10:18,M67_A_dispositional_idleness,Idleness as inert state or condition,M67_A_dispositional_idleness,M67,Sloth & Diligence,D11.1.1,H8220,"Through sloth the roof sinks in, and through indolence the house leaks.",D11.1.1,origin,"Across the evidence, does the characteristic's role read as belonging to created design, to the fallen condition, to both, or as not determinable?"
625,839,,"The subgroup's evidence reads idleness as belonging to the fallen/creaturely condition rather than to created design: Matt.20.3/6's idle laborers reflect an unmet economic need (not an ideal state); Eccl.10.18's indolence causes ruin, a plainly negative outcome of neglect; 1Tim.5.13/Titus.1.12 (cluster context) treat idleness as a culpable moral failing. G0691's use in 2Pet.2.3 (negated idleness of condemnation) is not about human idleness at all but a rhetorical device concerning divine judgment, and so does not speak to human created design or fallenness.",answered-no-flag,origin,char-answers,G0691,be idle,idle,"[""M67"", ""T2""]","And in their greed they will exploit you with false words. Their condemnation from long ago is not idle, and their destruction is not asleep.",2Pe 2:3,M67_A_dispositional_idleness,Idleness as inert state or condition,M67_A_dispositional_idleness,M67,Sloth & Diligence,D11.1.1,G0691,"And in their greed they will exploit you with false words. Their condemnation from long ago is not idle, and their destruction is not asleep.",D11.1.1,origin,"Across the evidence, does the characteristic's role read as belonging to created design, to the fallen condition, to both, or as not determinable?"
626,840,,"In Matt.20.3/6, idleness is shown as a transient, circumstantial state (standing unemployed at a given hour), with no emotion-language attached -- a descriptive economic condition, not an inner feeling.",answered-no-flag,affective,char-answers,G0692,idle,idle,"[""M67"", ""T2""]","And going out about the third hour he saw others standing idle in the marketplace,",Mat 20:3,M67_A_dispositional_idleness,Idleness as inert state or condition,M67_A_dispositional_idleness,M67,Sloth & Diligence,D2.1.1,G0692,"And going out about the third hour he saw others standing idle in the marketplace,",D2.1.1,affective,"In this verse, what is the felt quality of the characteristic -- is it shown as a settled disposition or a transient response, and what emotion-language or bodily-feeling language, if any, accompanies it? Record it, or record none."
626,841,,"In Matt.20.3/6, idleness is shown as a transient, circumstantial state (standing unemployed at a given hour), with no emotion-language attached -- a descriptive economic condition, not an inner feeling.",answered-no-flag,affective,char-answers,G0692,idle,idle,"[""M67"", ""T2""]","And about the eleventh hour he went out and found others standing. And he said to them, ‘ Why do you stand here idle all day?’",Mat 20:6,M67_A_dispositional_idleness,Idleness as inert state or condition,M67_A_dispositional_idleness,M67,Sloth & Diligence,D2.1.1,G0692,"And about the eleventh hour he went out and found others standing. And he said to them, ‘ Why do you stand here idle all day?’",D2.1.1,affective,"In this verse, what is the felt quality of the characteristic -- is it shown as a settled disposition or a transient response, and what emotion-language or bodily-feeling language, if any, accompanies it? Record it, or record none."
627,842,,"In 1Tim.5.13 and Titus.1.12, idleness is shown as a settled disposition -- a habitual character trait ('learn to be idlers,' 'lazy gluttons') rather than a momentary lapse, though still no bodily-feeling language accompanies it.",answered-no-flag,affective,char-answers,G0692,idle,idlers,"[""M67"", ""T2""]","Besides that, they learn to be idlers, going about from house to house, and not only idlers, but also gossips and busybodies, saying what they should not.",1Ti 5:13,M67_A_dispositional_idleness,Idleness as inert state or condition,M67_A_dispositional_idleness,M67,Sloth & Diligence,D2.1.1,G0692,"Besides that, they learn to be idlers, going about from house to house, and not only idlers, but also gossips and busybodies, saying what they should not.",D2.1.1,affective,"In this verse, what is the felt quality of the characteristic -- is it shown as a settled disposition or a transient response, and what emotion-language or bodily-feeling language, if any, accompanies it? Record it, or record none."
627,842,,"In 1Tim.5.13 and Titus.1.12, idleness is shown as a settled disposition -- a habitual character trait ('learn to be idlers,' 'lazy gluttons') rather than a momentary lapse, though still no bodily-feeling language accompanies it.",answered-no-flag,affective,char-answers,G0692,idle,idlers,"[""M67"", ""T2""]","Besides that, they learn to be idlers, going about from house to house, and not only idlers, but also gossips and busybodies, saying what they should not.",1Ti 5:13,M67_A_dispositional_idleness,Idleness as inert state or condition,M67_A_dispositional_idleness,M67,Sloth & Diligence,D2.1.1,G0692,"Besides that, they learn to be idlers, going about from house to house, and not only idlers, but also gossips and busybodies, saying what they should not.",D2.1.1,affective,"In this verse, what is the felt quality of the characteristic -- is it shown as a settled disposition or a transient response, and what emotion-language or bodily-feeling language, if any, accompanies it? Record it, or record none."
627,843,,"In 1Tim.5.13 and Titus.1.12, idleness is shown as a settled disposition -- a habitual character trait ('learn to be idlers,' 'lazy gluttons') rather than a momentary lapse, though still no bodily-feeling language accompanies it.",answered-no-flag,affective,char-answers,G0692,idle,lazy,"[""M67"", ""T2""]","One of the Cretans, a prophet of their own, said, “ Cretans are always liars, evil beasts, lazy gluttons.”",Tit 1:12,M67_A_dispositional_idleness,Idleness as inert state or condition,M67_A_dispositional_idleness,M67,Sloth & Diligence,D2.1.1,G0692,"One of the Cretans, a prophet of their own, said, “ Cretans are always liars, evil beasts, lazy gluttons.”",D2.1.1,affective,"In this verse, what is the felt quality of the characteristic -- is it shown as a settled disposition or a transient response, and what emotion-language or bodily-feeling language, if any, accompanies it? Record it, or record none."
628,844,,"In Eccl.10.18, indolence is depicted as a settled condition of the hands (slackness) producing sustained material consequence (sinking roof, leaking house) -- no explicit emotion-language, but the imagery implies a bodily dimension (hands) rather than pure inner disposition.",answered-no-flag,affective,char-answers,H8220,idleness,indolence,"[""M67"", ""T2""]","Through sloth the roof sinks in, and through indolence the house leaks.",Ecc 10:18,M67_A_dispositional_idleness,Idleness as inert state or condition,M67_A_dispositional_idleness,M67,Sloth & Diligence,D2.1.1,H8220,"Through sloth the roof sinks in, and through indolence the house leaks.",D2.1.1,affective,"In this verse, what is the felt quality of the characteristic -- is it shown as a settled disposition or a transient response, and what emotion-language or bodily-feeling language, if any, accompanies it? Record it, or record none."
629,845,,"None -- in 2Pet.2.3 'idle' is applied to abstract condemnation, not a person, so no felt quality or emotion-language is present or applicable.",no-human-context,affective,char-answers,G0691,be idle,idle,"[""M67"", ""T2""]","And in their greed they will exploit you with false words. Their condemnation from long ago is not idle, and their destruction is not asleep.",2Pe 2:3,M67_A_dispositional_idleness,Idleness as inert state or condition,M67_A_dispositional_idleness,M67,Sloth & Diligence,D2.1.1,G0691,"And in their greed they will exploit you with false words. Their condemnation from long ago is not idle, and their destruction is not asleep.",D2.1.1,affective,"In this verse, what is the felt quality of the characteristic -- is it shown as a settled disposition or a transient response, and what emotion-language or bodily-feeling language, if any, accompanies it? Record it, or record none."
630,846,,"The felt quality varies by context: transient/circumstantial in Matt.20.3/6, settled/habitual in 1Tim.5.13 and Titus.1.12, physically-embodied in Eccl.10.18, and inapplicable (non-human subject) in 2Pet.2.3. No uniform felt quality is attested across the subgroup.",answered-no-flag,affective,char-answers,G0692,idle,idle,"[""M67"", ""T2""]","And going out about the third hour he saw others standing idle in the marketplace,",Mat 20:3,M67_A_dispositional_idleness,Idleness as inert state or condition,M67_A_dispositional_idleness,M67,Sloth & Diligence,D2.1.2,G0692,"And going out about the third hour he saw others standing idle in the marketplace,",D2.1.2,affective,"Across the verses, is the felt quality consistent, or does it vary by context?"
630,847,,"The felt quality varies by context: transient/circumstantial in Matt.20.3/6, settled/habitual in 1Tim.5.13 and Titus.1.12, physically-embodied in Eccl.10.18, and inapplicable (non-human subject) in 2Pet.2.3. No uniform felt quality is attested across the subgroup.",answered-no-flag,affective,char-answers,G0692,idle,idlers,"[""M67"", ""T2""]","Besides that, they learn to be idlers, going about from house to house, and not only idlers, but also gossips and busybodies, saying what they should not.",1Ti 5:13,M67_A_dispositional_idleness,Idleness as inert state or condition,M67_A_dispositional_idleness,M67,Sloth & Diligence,D2.1.2,G0692,"Besides that, they learn to be idlers, going about from house to house, and not only idlers, but also gossips and busybodies, saying what they should not.",D2.1.2,affective,"Across the verses, is the felt quality consistent, or does it vary by context?"
630,847,,"The felt quality varies by context: transient/circumstantial in Matt.20.3/6, settled/habitual in 1Tim.5.13 and Titus.1.12, physically-embodied in Eccl.10.18, and inapplicable (non-human subject) in 2Pet.2.3. No uniform felt quality is attested across the subgroup.",answered-no-flag,affective,char-answers,G0692,idle,idlers,"[""M67"", ""T2""]","Besides that, they learn to be idlers, going about from house to house, and not only idlers, but also gossips and busybodies, saying what they should not.",1Ti 5:13,M67_A_dispositional_idleness,Idleness as inert state or condition,M67_A_dispositional_idleness,M67,Sloth & Diligence,D2.1.2,G0692,"Besides that, they learn to be idlers, going about from house to house, and not only idlers, but also gossips and busybodies, saying what they should not.",D2.1.2,affective,"Across the verses, is the felt quality consistent, or does it vary by context?"
630,848,,"The felt quality varies by context: transient/circumstantial in Matt.20.3/6, settled/habitual in 1Tim.5.13 and Titus.1.12, physically-embodied in Eccl.10.18, and inapplicable (non-human subject) in 2Pet.2.3. No uniform felt quality is attested across the subgroup.",answered-no-flag,affective,char-answers,H8220,idleness,indolence,"[""M67"", ""T2""]","Through sloth the roof sinks in, and through indolence the house leaks.",Ecc 10:18,M67_A_dispositional_idleness,Idleness as inert state or condition,M67_A_dispositional_idleness,M67,Sloth & Diligence,D2.1.2,H8220,"Through sloth the roof sinks in, and through indolence the house leaks.",D2.1.2,affective,"Across the verses, is the felt quality consistent, or does it vary by context?"
630,849,,"The felt quality varies by context: transient/circumstantial in Matt.20.3/6, settled/habitual in 1Tim.5.13 and Titus.1.12, physically-embodied in Eccl.10.18, and inapplicable (non-human subject) in 2Pet.2.3. No uniform felt quality is attested across the subgroup.",answered-no-flag,affective,char-answers,G0691,be idle,idle,"[""M67"", ""T2""]","And in their greed they will exploit you with false words. Their condemnation from long ago is not idle, and their destruction is not asleep.",2Pe 2:3,M67_A_dispositional_idleness,Idleness as inert state or condition,M67_A_dispositional_idleness,M67,Sloth & Diligence,D2.1.2,G0691,"And in their greed they will exploit you with false words. Their condemnation from long ago is not idle, and their destruction is not asleep.",D2.1.2,affective,"Across the verses, is the felt quality consistent, or does it vary by context?"
631,850,,"Yes, mode of operation varies markedly by context and constitutional level: G0692 in Matt.20.3/6 operates at the level of external circumstance/behaviour (standing unemployed); in 1Tim.5.13/Titus.1.12 (cluster) it operates as a habitual disposition producing further vice; H8220 in Eccl.10.18 operates through the physical instrument of the hands producing structural decay; G0691 in 2Pet.2.3 operates rhetorically, describing the (negated) operative status of an abstract judicial reality, not a constitutional level of a person at all.",answered-no-flag,operational,char-answers,G0692,idle,idle,"[""M67"", ""T2""]","And going out about the third hour he saw others standing idle in the marketplace,",Mat 20:3,M67_A_dispositional_idleness,Idleness as inert state or condition,M67_A_dispositional_idleness,M67,Sloth & Diligence,D3.1.2,G0692,"And going out about the third hour he saw others standing idle in the marketplace,",D3.1.2,operational,"Does the mode of operation vary by context, direction, or constitutional level; if so, how?"
631,851,,"Yes, mode of operation varies markedly by context and constitutional level: G0692 in Matt.20.3/6 operates at the level of external circumstance/behaviour (standing unemployed); in 1Tim.5.13/Titus.1.12 (cluster) it operates as a habitual disposition producing further vice; H8220 in Eccl.10.18 operates through the physical instrument of the hands producing structural decay; G0691 in 2Pet.2.3 operates rhetorically, describing the (negated) operative status of an abstract judicial reality, not a constitutional level of a person at all.",answered-no-flag,operational,char-answers,H8220,idleness,indolence,"[""M67"", ""T2""]","Through sloth the roof sinks in, and through indolence the house leaks.",Ecc 10:18,M67_A_dispositional_idleness,Idleness as inert state or condition,M67_A_dispositional_idleness,M67,Sloth & Diligence,D3.1.2,H8220,"Through sloth the roof sinks in, and through indolence the house leaks.",D3.1.2,operational,"Does the mode of operation vary by context, direction, or constitutional level; if so, how?"
631,852,,"Yes, mode of operation varies markedly by context and constitutional level: G0692 in Matt.20.3/6 operates at the level of external circumstance/behaviour (standing unemployed); in 1Tim.5.13/Titus.1.12 (cluster) it operates as a habitual disposition producing further vice; H8220 in Eccl.10.18 operates through the physical instrument of the hands producing structural decay; G0691 in 2Pet.2.3 operates rhetorically, describing the (negated) operative status of an abstract judicial reality, not a constitutional level of a person at all.",answered-no-flag,operational,char-answers,G0691,be idle,idle,"[""M67"", ""T2""]","And in their greed they will exploit you with false words. Their condemnation from long ago is not idle, and their destruction is not asleep.",2Pe 2:3,M67_A_dispositional_idleness,Idleness as inert state or condition,M67_A_dispositional_idleness,M67,Sloth & Diligence,D3.1.2,G0691,"And in their greed they will exploit you with false words. Their condemnation from long ago is not idle, and their destruction is not asleep.",D3.1.2,operational,"Does the mode of operation vary by context, direction, or constitutional level; if so, how?"
632,853,,"Yes -- in Matt.20.6 the characteristic is directly addressed via speech: the householder confronts the idle men with the question 'Why do you stand here idle all day?' -- the state of idleness becomes the subject of direct verbal challenge/address, which then prompts explanation and action (being sent to work).",answered-no-flag,operational,char-answers,G0692,idle,idle,"[""M67"", ""T2""]","And about the eleventh hour he went out and found others standing. And he said to them, ‘ Why do you stand here idle all day?’",Mat 20:6,M67_A_dispositional_idleness,Idleness as inert state or condition,M67_A_dispositional_idleness,M67,Sloth & Diligence,D3.1.3,G0692,"And about the eleventh hour he went out and found others standing. And he said to them, ‘ Why do you stand here idle all day?’",D3.1.3,operational,"Does the characteristic operate through a communicative or speech-based mode (commanded, addressed, spoken); if so, how? Record it, or record none."
633,854,,"In 2Pet.2.3 and Eccl.10.18, idleness/indolence is not commanded or addressed via speech within the verse; it is stated descriptively/declaratively rather than through a communicative confrontation.",answered-no-flag,operational,char-answers,G0691,be idle,idle,"[""M67"", ""T2""]","And in their greed they will exploit you with false words. Their condemnation from long ago is not idle, and their destruction is not asleep.",2Pe 2:3,M67_A_dispositional_idleness,Idleness as inert state or condition,M67_A_dispositional_idleness,M67,Sloth & Diligence,D3.1.3,G0691,"And in their greed they will exploit you with false words. Their condemnation from long ago is not idle, and their destruction is not asleep.",D3.1.3,operational,"Does the characteristic operate through a communicative or speech-based mode (commanded, addressed, spoken); if so, how? Record it, or record none."
633,855,,"In 2Pet.2.3 and Eccl.10.18, idleness/indolence is not commanded or addressed via speech within the verse; it is stated descriptively/declaratively rather than through a communicative confrontation.",answered-no-flag,operational,char-answers,H8220,idleness,indolence,"[""M67"", ""T2""]","Through sloth the roof sinks in, and through indolence the house leaks.",Ecc 10:18,M67_A_dispositional_idleness,Idleness as inert state or condition,M67_A_dispositional_idleness,M67,Sloth & Diligence,D3.1.3,H8220,"Through sloth the roof sinks in, and through indolence the house leaks.",D3.1.3,operational,"Does the characteristic operate through a communicative or speech-based mode (commanded, addressed, spoken); if so, how? Record it, or record none."
634,856,,"The subgroup's evidence does not describe inner conditions under which idleness operates 'rightly' -- idleness is consistently the negative pole in this cluster (unemployment, laziness, structural decay, or rhetorical non-dormancy), never itself a rightly-operating characteristic. Where the cluster shows a positive counterpart (diligence/zeal, per prior char-reading observations), it is diligence, not idleness, that takes hold rightly.",answered-no-flag,operational,char-answers,G0692,idle,idle,"[""M67"", ""T2""]","And going out about the third hour he saw others standing idle in the marketplace,",Mat 20:3,M67_A_dispositional_idleness,Idleness as inert state or condition,M67_A_dispositional_idleness,M67,Sloth & Diligence,D3.2.1,G0692,"And going out about the third hour he saw others standing idle in the marketplace,",D3.2.1,operational,Under what inner conditions does the characteristic take hold or operate rightly?
634,857,,"The subgroup's evidence does not describe inner conditions under which idleness operates 'rightly' -- idleness is consistently the negative pole in this cluster (unemployment, laziness, structural decay, or rhetorical non-dormancy), never itself a rightly-operating characteristic. Where the cluster shows a positive counterpart (diligence/zeal, per prior char-reading observations), it is diligence, not idleness, that takes hold rightly.",answered-no-flag,operational,char-answers,H8220,idleness,indolence,"[""M67"", ""T2""]","Through sloth the roof sinks in, and through indolence the house leaks.",Ecc 10:18,M67_A_dispositional_idleness,Idleness as inert state or condition,M67_A_dispositional_idleness,M67,Sloth & Diligence,D3.2.1,H8220,"Through sloth the roof sinks in, and through indolence the house leaks.",D3.2.1,operational,Under what inner conditions does the characteristic take hold or operate rightly?
635,858,,"Idleness is blocked/resisted when engagement is offered and taken up: in Matt.20.3-6 the idle men's condition ends when the householder addresses and hires them, showing that idleness yields to opportunity plus response. In Eccl.10.18, indolence is not resisted within the verse -- the hands remain slack and decay proceeds unchecked, implying that only diligence (its structural opposite) could interrupt it. No angelic/adversarial interference with the state is depicted in this subgroup's evidence.",answered-no-flag,operational,char-answers,G0692,idle,idle,"[""M67"", ""T2""]","And going out about the third hour he saw others standing idle in the marketplace,",Mat 20:3,M67_A_dispositional_idleness,Idleness as inert state or condition,M67_A_dispositional_idleness,M67,Sloth & Diligence,D3.2.2,G0692,"And going out about the third hour he saw others standing idle in the marketplace,",D3.2.2,operational,"Under what inner conditions is the characteristic blocked, distorted, resisted, or not taken up — including, where the evidence shows it, distortion or interference by another spirit (adversarial or angelic)?"
635,859,,"Idleness is blocked/resisted when engagement is offered and taken up: in Matt.20.3-6 the idle men's condition ends when the householder addresses and hires them, showing that idleness yields to opportunity plus response. In Eccl.10.18, indolence is not resisted within the verse -- the hands remain slack and decay proceeds unchecked, implying that only diligence (its structural opposite) could interrupt it. No angelic/adversarial interference with the state is depicted in this subgroup's evidence.",answered-no-flag,operational,char-answers,G0692,idle,idle,"[""M67"", ""T2""]","And about the eleventh hour he went out and found others standing. And he said to them, ‘ Why do you stand here idle all day?’",Mat 20:6,M67_A_dispositional_idleness,Idleness as inert state or condition,M67_A_dispositional_idleness,M67,Sloth & Diligence,D3.2.2,G0692,"And about the eleventh hour he went out and found others standing. And he said to them, ‘ Why do you stand here idle all day?’",D3.2.2,operational,"Under what inner conditions is the characteristic blocked, distorted, resisted, or not taken up — including, where the evidence shows it, distortion or interference by another spirit (adversarial or angelic)?"
635,860,,"Idleness is blocked/resisted when engagement is offered and taken up: in Matt.20.3-6 the idle men's condition ends when the householder addresses and hires them, showing that idleness yields to opportunity plus response. In Eccl.10.18, indolence is not resisted within the verse -- the hands remain slack and decay proceeds unchecked, implying that only diligence (its structural opposite) could interrupt it. No angelic/adversarial interference with the state is depicted in this subgroup's evidence.",answered-no-flag,operational,char-answers,H8220,idleness,indolence,"[""M67"", ""T2""]","Through sloth the roof sinks in, and through indolence the house leaks.",Ecc 10:18,M67_A_dispositional_idleness,Idleness as inert state or condition,M67_A_dispositional_idleness,M67,Sloth & Diligence,D3.2.2,H8220,"Through sloth the roof sinks in, and through indolence the house leaks.",D3.2.2,operational,"Under what inner conditions is the characteristic blocked, distorted, resisted, or not taken up — including, where the evidence shows it, distortion or interference by another spirit (adversarial or angelic)?"
636,861,,"Yes -- in Matt.20.3-6, idleness operates across relational distance: the idle men and the householder are not bound by prior relationship, and the householder's initiative (seeing, addressing, hiring) crosses that distance to draw them into engaged relationship (a wage-labor bond). No occurrence in this subgroup depicts idleness operating differently within an existing close relational bond (e.g. family, covenant partner) for comparison.",answered-no-flag,relational,char-answers,G0692,idle,idle,"[""M67"", ""T2""]","And going out about the third hour he saw others standing idle in the marketplace,",Mat 20:3,M67_A_dispositional_idleness,Idleness as inert state or condition,M67_A_dispositional_idleness,M67,Sloth & Diligence,D4.1.1,G0692,"And going out about the third hour he saw others standing idle in the marketplace,",D4.1.1,relational,"Does the evidence show the characteristic operating differently within existing relational bonds versus across relational distance or difference; if so, how?"
636,862,,"Yes -- in Matt.20.3-6, idleness operates across relational distance: the idle men and the householder are not bound by prior relationship, and the householder's initiative (seeing, addressing, hiring) crosses that distance to draw them into engaged relationship (a wage-labor bond). No occurrence in this subgroup depicts idleness operating differently within an existing close relational bond (e.g. family, covenant partner) for comparison.",answered-no-flag,relational,char-answers,G0692,idle,idle,"[""M67"", ""T2""]","And about the eleventh hour he went out and found others standing. And he said to them, ‘ Why do you stand here idle all day?’",Mat 20:6,M67_A_dispositional_idleness,Idleness as inert state or condition,M67_A_dispositional_idleness,M67,Sloth & Diligence,D4.1.1,G0692,"And about the eleventh hour he went out and found others standing. And he said to them, ‘ Why do you stand here idle all day?’",D4.1.1,relational,"Does the evidence show the characteristic operating differently within existing relational bonds versus across relational distance or difference; if so, how?"
637,863,,"The subgroup's evidence shows no covenantal framing at all -- Matt.20.3/6's hiring scenario is a general economic/marketplace relationship, Eccl.10.18's indolence concerns a household's physical structure, and 2Pet.2.3's non-idle condemnation concerns divine judgment generally, not a covenant party specifically. The characteristic thus operates outside any covenantal boundary in this subgroup's own evidence.",answered-no-flag,relational,char-answers,G0692,idle,idle,"[""M67"", ""T2""]","And going out about the third hour he saw others standing idle in the marketplace,",Mat 20:3,M67_A_dispositional_idleness,Idleness as inert state or condition,M67_A_dispositional_idleness,M67,Sloth & Diligence,D4.1.2,G0692,"And going out about the third hour he saw others standing idle in the marketplace,",D4.1.2,relational,"Does the characteristic operate within covenantal contexts only, or does it cross covenantal boundaries, as the evidence shows?"
637,864,,"The subgroup's evidence shows no covenantal framing at all -- Matt.20.3/6's hiring scenario is a general economic/marketplace relationship, Eccl.10.18's indolence concerns a household's physical structure, and 2Pet.2.3's non-idle condemnation concerns divine judgment generally, not a covenant party specifically. The characteristic thus operates outside any covenantal boundary in this subgroup's own evidence.",answered-no-flag,relational,char-answers,H8220,idleness,indolence,"[""M67"", ""T2""]","Through sloth the roof sinks in, and through indolence the house leaks.",Ecc 10:18,M67_A_dispositional_idleness,Idleness as inert state or condition,M67_A_dispositional_idleness,M67,Sloth & Diligence,D4.1.2,H8220,"Through sloth the roof sinks in, and through indolence the house leaks.",D4.1.2,relational,"Does the characteristic operate within covenantal contexts only, or does it cross covenantal boundaries, as the evidence shows?"
637,865,,"The subgroup's evidence shows no covenantal framing at all -- Matt.20.3/6's hiring scenario is a general economic/marketplace relationship, Eccl.10.18's indolence concerns a household's physical structure, and 2Pet.2.3's non-idle condemnation concerns divine judgment generally, not a covenant party specifically. The characteristic thus operates outside any covenantal boundary in this subgroup's own evidence.",answered-no-flag,relational,char-answers,G0691,be idle,idle,"[""M67"", ""T2""]","And in their greed they will exploit you with false words. Their condemnation from long ago is not idle, and their destruction is not asleep.",2Pe 2:3,M67_A_dispositional_idleness,Idleness as inert state or condition,M67_A_dispositional_idleness,M67,Sloth & Diligence,D4.1.2,G0691,"And in their greed they will exploit you with false words. Their condemnation from long ago is not idle, and their destruction is not asleep.",D4.1.2,relational,"Does the characteristic operate within covenantal contexts only, or does it cross covenantal boundaries, as the evidence shows?"
638,866,,"The relational scope is broad and non-exclusive: any unemployed person (Matt.20.3/6, general laborers), any negligent householder (Eccl.10.18), and even an abstract entity like condemnation (2Pet.2.3, via personification) can be described by this characteristic. No particular relational group is excluded by the vocabulary itself; the term applies wherever the relevant absence-of-work condition holds, literally or figuratively.",answered-no-flag,relational,char-answers,G0692,idle,idle,"[""M67"", ""T2""]","And going out about the third hour he saw others standing idle in the marketplace,",Mat 20:3,M67_A_dispositional_idleness,Idleness as inert state or condition,M67_A_dispositional_idleness,M67,Sloth & Diligence,D4.1.3,G0692,"And going out about the third hour he saw others standing idle in the marketplace,",D4.1.3,relational,What does the evidence show about the relational scope of the characteristic — who is included and who is not?
638,867,,"The relational scope is broad and non-exclusive: any unemployed person (Matt.20.3/6, general laborers), any negligent householder (Eccl.10.18), and even an abstract entity like condemnation (2Pet.2.3, via personification) can be described by this characteristic. No particular relational group is excluded by the vocabulary itself; the term applies wherever the relevant absence-of-work condition holds, literally or figuratively.",answered-no-flag,relational,char-answers,H8220,idleness,indolence,"[""M67"", ""T2""]","Through sloth the roof sinks in, and through indolence the house leaks.",Ecc 10:18,M67_A_dispositional_idleness,Idleness as inert state or condition,M67_A_dispositional_idleness,M67,Sloth & Diligence,D4.1.3,H8220,"Through sloth the roof sinks in, and through indolence the house leaks.",D4.1.3,relational,What does the evidence show about the relational scope of the characteristic — who is included and who is not?
638,868,,"The relational scope is broad and non-exclusive: any unemployed person (Matt.20.3/6, general laborers), any negligent householder (Eccl.10.18), and even an abstract entity like condemnation (2Pet.2.3, via personification) can be described by this characteristic. No particular relational group is excluded by the vocabulary itself; the term applies wherever the relevant absence-of-work condition holds, literally or figuratively.",answered-no-flag,relational,char-answers,G0691,be idle,idle,"[""M67"", ""T2""]","And in their greed they will exploit you with false words. Their condemnation from long ago is not idle, and their destruction is not asleep.",2Pe 2:3,M67_A_dispositional_idleness,Idleness as inert state or condition,M67_A_dispositional_idleness,M67,Sloth & Diligence,D4.1.3,G0691,"And in their greed they will exploit you with false words. Their condemnation from long ago is not idle, and their destruction is not asleep.",D4.1.3,relational,What does the evidence show about the relational scope of the characteristic — who is included and who is not?
639,869,,"Idleness's own evidence trail shows it consistently as an absence-condition rather than a positive attribute rooted in the divine image; where the person's role in the image is engaged, it is through productive/faithful activity (implied opposite), not through idleness itself. Idleness's presence marks a deficit relative to the image's expected functioning (working, fruitbearing), not a positive instantiation of it.",answered-no-flag,relational,char-answers,G0692,idle,idle,"[""M67"", ""T2""]","And going out about the third hour he saw others standing idle in the marketplace,",Mat 20:3,M67_A_dispositional_idleness,Idleness as inert state or condition,M67_A_dispositional_idleness,M67,Sloth & Diligence,D5.1.2,G0692,"And going out about the third hour he saw others standing idle in the marketplace,",D5.1.2,relational,What does the pattern of presence/absence found in D5.1.1 indicate for the characteristic's place in the human person and in the divine image?
639,870,,"Idleness's own evidence trail shows it consistently as an absence-condition rather than a positive attribute rooted in the divine image; where the person's role in the image is engaged, it is through productive/faithful activity (implied opposite), not through idleness itself. Idleness's presence marks a deficit relative to the image's expected functioning (working, fruitbearing), not a positive instantiation of it.",answered-no-flag,relational,char-answers,H8220,idleness,indolence,"[""M67"", ""T2""]","Through sloth the roof sinks in, and through indolence the house leaks.",Ecc 10:18,M67_A_dispositional_idleness,Idleness as inert state or condition,M67_A_dispositional_idleness,M67,Sloth & Diligence,D5.1.2,H8220,"Through sloth the roof sinks in, and through indolence the house leaks.",D5.1.2,relational,What does the pattern of presence/absence found in D5.1.1 indicate for the characteristic's place in the human person and in the divine image?
640,871,,"None -- idleness, as the negative pole of a work/diligence characteristic, does not itself instantiate an aspect of divine likeness in the subgroup's evidence; if anything, its opposite (diligent labor, reflecting God's own creative/working activity) would be the candidate for divine-likeness instantiation, not idleness itself.",answered-no-flag,relational,char-answers,G0692,idle,idle,"[""M67"", ""T2""]","And going out about the third hour he saw others standing idle in the marketplace,",Mat 20:3,M67_A_dispositional_idleness,Idleness as inert state or condition,M67_A_dispositional_idleness,M67,Sloth & Diligence,D5.3.1,G0692,"And going out about the third hour he saw others standing idle in the marketplace,",D5.3.1,relational,"From the characteristic's God-relation (D5.1/D7.6) and its role (D10.1/D11.1), what aspect of the divine likeness, if any, does it instantiate in the person? Record the aspect, or record none."
640,872,,"None -- idleness, as the negative pole of a work/diligence characteristic, does not itself instantiate an aspect of divine likeness in the subgroup's evidence; if anything, its opposite (diligent labor, reflecting God's own creative/working activity) would be the candidate for divine-likeness instantiation, not idleness itself.",answered-no-flag,relational,char-answers,H8220,idleness,indolence,"[""M67"", ""T2""]","Through sloth the roof sinks in, and through indolence the house leaks.",Ecc 10:18,M67_A_dispositional_idleness,Idleness as inert state or condition,M67_A_dispositional_idleness,M67,Sloth & Diligence,D5.3.1,H8220,"Through sloth the roof sinks in, and through indolence the house leaks.",D5.3.1,relational,"From the characteristic's God-relation (D5.1/D7.6) and its role (D10.1/D11.1), what aspect of the divine likeness, if any, does it instantiate in the person? Record the aspect, or record none."
641,873,,"Not shared between God and the person -- idleness/indolence is exclusively a creaturely condition in this subgroup's evidence (unemployed laborers, negligent hands, decaying houses); where the term touches the divine at all (2Pet.2.3), it is applied negatively/rhetorically to deny that God's condemnation shares this creaturely defect, reinforcing that idleness itself is not an attribute of God.",answered-no-flag,relational,char-answers,G0692,idle,idle,"[""M67"", ""T2""]","And going out about the third hour he saw others standing idle in the marketplace,",Mat 20:3,M67_A_dispositional_idleness,Idleness as inert state or condition,M67_A_dispositional_idleness,M67,Sloth & Diligence,D5.3.2,G0692,"And going out about the third hour he saw others standing idle in the marketplace,",D5.3.2,relational,"Across the evidence, is the characteristic shared between God and the person, or an exclusively creaturely analogue to something in God?"
641,874,,"Not shared between God and the person -- idleness/indolence is exclusively a creaturely condition in this subgroup's evidence (unemployed laborers, negligent hands, decaying houses); where the term touches the divine at all (2Pet.2.3), it is applied negatively/rhetorically to deny that God's condemnation shares this creaturely defect, reinforcing that idleness itself is not an attribute of God.",answered-no-flag,relational,char-answers,G0691,be idle,idle,"[""M67"", ""T2""]","And in their greed they will exploit you with false words. Their condemnation from long ago is not idle, and their destruction is not asleep.",2Pe 2:3,M67_A_dispositional_idleness,Idleness as inert state or condition,M67_A_dispositional_idleness,M67,Sloth & Diligence,D5.3.2,G0691,"And in their greed they will exploit you with false words. Their condemnation from long ago is not idle, and their destruction is not asleep.",D5.3.2,relational,"Across the evidence, is the characteristic shared between God and the person, or an exclusively creaturely analogue to something in God?"
642,875,,"Where idleness is present in a person (Matt.20.3/6 circumstantially, or the cluster's 1Tim.5.13/Titus.1.12 morally), the subgroup's own evidence does not draw an explicit connection to the condition of the divine image; the texts address economic/social/moral consequence, not imago Dei theology. No such indication is evidenced within this subgroup's own verses.",answered-no-flag,relational,char-answers,G0692,idle,idle,"[""M67"", ""T2""]","And going out about the third hour he saw others standing idle in the marketplace,",Mat 20:3,M67_A_dispositional_idleness,Idleness as inert state or condition,M67_A_dispositional_idleness,M67,Sloth & Diligence,D5.3.3,G0692,"And going out about the third hour he saw others standing idle in the marketplace,",D5.3.3,relational,"Where the characteristic is present or absent in a person, what does that indicate about the condition of the divine image in them — or is no such indication evidenced?"
643,876,,"The pattern shows idleness engaging bodily/behavioural and social levels but never explicitly the spirit level: Matt.20.3/6 engages the body (standing) and social/economic status (unemployed); Eccl.10.18 explicitly engages the body via 'hands' (H8220 idiomatically construct with hands) with a functional body link -- slack hands functionally cause structural decay, an indicative-and-functional link rather than merely expressive. No occurrence engages the spirit/soul level directly; the seat of idleness in this subgroup's evidence is external/behavioural and physical, not internal/spiritual.",answered-no-flag,constitutional,char-answers,G0692,idle,idle,"[""M67"", ""T2""]","And going out about the third hour he saw others standing idle in the marketplace,",Mat 20:3,M67_A_dispositional_idleness,Idleness as inert state or condition,M67_A_dispositional_idleness,M67,Sloth & Diligence,D6.1.2,G0692,"And going out about the third hour he saw others standing idle in the marketplace,",D6.1.2,constitutional,"Across the verses, what does the pattern of engaged and absent levels indicate — the characteristic's depth and seat, the levels it never engages, and (for any body link) whether the link is emphatic, functional, expressive, indicative, or mediating?"
643,877,,"The pattern shows idleness engaging bodily/behavioural and social levels but never explicitly the spirit level: Matt.20.3/6 engages the body (standing) and social/economic status (unemployed); Eccl.10.18 explicitly engages the body via 'hands' (H8220 idiomatically construct with hands) with a functional body link -- slack hands functionally cause structural decay, an indicative-and-functional link rather than merely expressive. No occurrence engages the spirit/soul level directly; the seat of idleness in this subgroup's evidence is external/behavioural and physical, not internal/spiritual.",answered-no-flag,constitutional,char-answers,H8220,idleness,indolence,"[""M67"", ""T2""]","Through sloth the roof sinks in, and through indolence the house leaks.",Ecc 10:18,M67_A_dispositional_idleness,Idleness as inert state or condition,M67_A_dispositional_idleness,M67,Sloth & Diligence,D6.1.2,H8220,"Through sloth the roof sinks in, and through indolence the house leaks.",D6.1.2,constitutional,"Across the verses, what does the pattern of engaged and absent levels indicate — the characteristic's depth and seat, the levels it never engages, and (for any body link) whether the link is emphatic, functional, expressive, indicative, or mediating?"
644,878,,"In Eccl.10.18 the body link runs from inner slackness (indolence as a disposition) outward through the hands (body) to external material effect (house decay) -- a functional, one-directional expression of an inner condition through bodily inaction, with no feedback loop depicted from the body back to the soul within this verse.",answered-no-flag,constitutional,char-answers,H8220,idleness,indolence,"[""M67"", ""T2""]","Through sloth the roof sinks in, and through indolence the house leaks.",Ecc 10:18,M67_A_dispositional_idleness,Idleness as inert state or condition,M67_A_dispositional_idleness,M67,Sloth & Diligence,D6.2.1,H8220,"Through sloth the roof sinks in, and through indolence the house leaks.",D6.2.1,constitutional,"Where a body link exists (from the D6.1.1 audit), in which direction does it run — soul/spirit expressing through the body, the body feeding back to the soul, or both — and what follows from that direction? If no body link, record none."
645,879,,"In Matt.20.3-6, idleness does not move across constitutional levels within the person but is acted upon from an external source (the householder's initiative) which draws the idle person out of that state into engaged work -- movement is thus person-to-person, external-to-internal, not spirit-to-soul-to-body. In Eccl.10.18 there is no depicted movement across levels; slack hands (body) simply correlate with/cause decay, a static rather than transitional pattern. No angelic/adversarial movement is shown anywhere in this subgroup.",answered-no-flag,constitutional,char-answers,G0692,idle,idle,"[""M67"", ""T2""]","And going out about the third hour he saw others standing idle in the marketplace,",Mat 20:3,M67_A_dispositional_idleness,Idleness as inert state or condition,M67_A_dispositional_idleness,M67,Sloth & Diligence,D6.3.1,G0692,"And going out about the third hour he saw others standing idle in the marketplace,",D6.3.1,constitutional,"Does the characteristic move across constitutional levels (spirit→soul→body), or onto the person from an external source — including another spirit (angelic or adversarial) — or in another direction; and if so in what sequence or pattern? If no movement, record none."
645,880,,"In Matt.20.3-6, idleness does not move across constitutional levels within the person but is acted upon from an external source (the householder's initiative) which draws the idle person out of that state into engaged work -- movement is thus person-to-person, external-to-internal, not spirit-to-soul-to-body. In Eccl.10.18 there is no depicted movement across levels; slack hands (body) simply correlate with/cause decay, a static rather than transitional pattern. No angelic/adversarial movement is shown anywhere in this subgroup.",answered-no-flag,constitutional,char-answers,H8220,idleness,indolence,"[""M67"", ""T2""]","Through sloth the roof sinks in, and through indolence the house leaks.",Ecc 10:18,M67_A_dispositional_idleness,Idleness as inert state or condition,M67_A_dispositional_idleness,M67,Sloth & Diligence,D6.3.1,H8220,"Through sloth the roof sinks in, and through indolence the house leaks.",D6.3.1,constitutional,"Does the characteristic move across constitutional levels (spirit→soul→body), or onto the person from an external source — including another spirit (angelic or adversarial) — or in another direction; and if so in what sequence or pattern? If no movement, record none."
646,881,,"Not applicable in the sense the question intends (God extending idleness to a person) -- rather 2Pet.2.3 denies that God's own condemnation is idle; God's judicial activity is shown as unconditionally and inherently operative ('not idle'), not something extended conditionally to a recipient.",no-human-context,relational,char-answers,G0691,be idle,idle,"[""M67"", ""T2""]","And in their greed they will exploit you with false words. Their condemnation from long ago is not idle, and their destruction is not asleep.",2Pe 2:3,M67_A_dispositional_idleness,Idleness as inert state or condition,M67_A_dispositional_idleness,M67,Sloth & Diligence,D7.1.2,G0691,"And in their greed they will exploit you with false words. Their condemnation from long ago is not idle, and their destruction is not asleep.",D7.1.2,relational,"On what basis does God extend the characteristic — conditional, unconditional, covenantal, or responsive — as the evidence shows?"
647,882,,"By denying idleness of condemnation, 2Pet.2.3 shows God's disposition toward the human person (specifically the false teachers/exploiters) as one of vigilant, unrelenting justice -- God is not passive or forgetful toward wrongdoing but actively moving it toward destruction, indicating a disposition of active moral seriousness rather than indifference.",answered-no-flag,relational,char-answers,G0691,be idle,idle,"[""M67"", ""T2""]","And in their greed they will exploit you with false words. Their condemnation from long ago is not idle, and their destruction is not asleep.",2Pe 2:3,M67_A_dispositional_idleness,Idleness as inert state or condition,M67_A_dispositional_idleness,M67,Sloth & Diligence,D7.1.3,G0691,"And in their greed they will exploit you with false words. Their condemnation from long ago is not idle, and their destruction is not asleep.",D7.1.3,relational,What does God's extension of the characteristic show about his disposition toward the human person?
648,883,,"In Matt.20.3-6, uptake of engaged work (the opposite of idleness) occurs when the idle men respond to the householder's address and go to the vineyard -- willingness to answer the call and readiness to work are the inner conditions accompanying the end of idleness; no blocking condition is depicted since they comply.",answered-no-flag,relational,char-answers,G0692,idle,idle,"[""M67"", ""T2""]","And about the eleventh hour he went out and found others standing. And he said to them, ‘ Why do you stand here idle all day?’",Mat 20:6,M67_A_dispositional_idleness,Idleness as inert state or condition,M67_A_dispositional_idleness,M67,Sloth & Diligence,D7.3.2,G0692,"And about the eleventh hour he went out and found others standing. And he said to them, ‘ Why do you stand here idle all day?’",D7.3.2,relational,What inner conditions accompany or block uptake of the characteristic from another person?
649,884,,"The origin is multiple and context-dependent: in Matt.20.3/6 idleness originates from lack of employment opportunity (external/circumstantial origin); in Eccl.10.18 it originates from personal neglect (internal/moral origin, slack hands); in 2Pet.2.3 the 'origin' in view is negated altogether -- condemnation's non-idleness originates in God's own settled decree ('from long ago'). Origin thus shifts across circumstantial, moral, and divine-decretal registers depending on context.",answered-no-flag,origin,char-answers,G0692,idle,idle,"[""M67"", ""T2""]","And going out about the third hour he saw others standing idle in the marketplace,",Mat 20:3,M67_A_dispositional_idleness,Idleness as inert state or condition,M67_A_dispositional_idleness,M67,Sloth & Diligence,D7.5.2,G0692,"And going out about the third hour he saw others standing idle in the marketplace,",D7.5.2,origin,"Across the verses, is the origin single or multiple, and does it change with context?"
649,885,,"The origin is multiple and context-dependent: in Matt.20.3/6 idleness originates from lack of employment opportunity (external/circumstantial origin); in Eccl.10.18 it originates from personal neglect (internal/moral origin, slack hands); in 2Pet.2.3 the 'origin' in view is negated altogether -- condemnation's non-idleness originates in God's own settled decree ('from long ago'). Origin thus shifts across circumstantial, moral, and divine-decretal registers depending on context.",answered-no-flag,origin,char-answers,H8220,idleness,indolence,"[""M67"", ""T2""]","Through sloth the roof sinks in, and through indolence the house leaks.",Ecc 10:18,M67_A_dispositional_idleness,Idleness as inert state or condition,M67_A_dispositional_idleness,M67,Sloth & Diligence,D7.5.2,H8220,"Through sloth the roof sinks in, and through indolence the house leaks.",D7.5.2,origin,"Across the verses, is the origin single or multiple, and does it change with context?"
649,886,,"The origin is multiple and context-dependent: in Matt.20.3/6 idleness originates from lack of employment opportunity (external/circumstantial origin); in Eccl.10.18 it originates from personal neglect (internal/moral origin, slack hands); in 2Pet.2.3 the 'origin' in view is negated altogether -- condemnation's non-idleness originates in God's own settled decree ('from long ago'). Origin thus shifts across circumstantial, moral, and divine-decretal registers depending on context.",answered-no-flag,origin,char-answers,G0691,be idle,idle,"[""M67"", ""T2""]","And in their greed they will exploit you with false words. Their condemnation from long ago is not idle, and their destruction is not asleep.",2Pe 2:3,M67_A_dispositional_idleness,Idleness as inert state or condition,M67_A_dispositional_idleness,M67,Sloth & Diligence,D7.5.2,G0691,"And in their greed they will exploit you with false words. Their condemnation from long ago is not idle, and their destruction is not asleep.",D7.5.2,origin,"Across the verses, is the origin single or multiple, and does it change with context?"
650,887,,"The subgroup engages the faculties of perception/observation (someone 'sees' the idle men, Matt.20.3), speech/address (the householder questions them, Matt.20.6), and bodily instrument (hands, Eccl.10.18), but consistently does not engage the will/mind in any depicted inner deliberation, nor the faculty of desire or affection. This pattern indicates idleness's nature as primarily an observable external/behavioural condition rather than an inwardly-originated faculty-driven act -- it is detected and addressed from outside more than it is chosen and felt from within, within this evidence.",answered-no-flag,faculty,char-answers,G0692,idle,idle,"[""M67"", ""T2""]","And going out about the third hour he saw others standing idle in the marketplace,",Mat 20:3,M67_A_dispositional_idleness,Idleness as inert state or condition,M67_A_dispositional_idleness,M67,Sloth & Diligence,F0.1.2,G0692,"And going out about the third hour he saw others standing idle in the marketplace,",F0.1.2,faculty,"Across the verses, what does the pattern of engagement and non-engagement with the faculties indicate about the characteristic's nature?"
650,888,,"The subgroup engages the faculties of perception/observation (someone 'sees' the idle men, Matt.20.3), speech/address (the householder questions them, Matt.20.6), and bodily instrument (hands, Eccl.10.18), but consistently does not engage the will/mind in any depicted inner deliberation, nor the faculty of desire or affection. This pattern indicates idleness's nature as primarily an observable external/behavioural condition rather than an inwardly-originated faculty-driven act -- it is detected and addressed from outside more than it is chosen and felt from within, within this evidence.",answered-no-flag,faculty,char-answers,G0692,idle,idle,"[""M67"", ""T2""]","And about the eleventh hour he went out and found others standing. And he said to them, ‘ Why do you stand here idle all day?’",Mat 20:6,M67_A_dispositional_idleness,Idleness as inert state or condition,M67_A_dispositional_idleness,M67,Sloth & Diligence,F0.1.2,G0692,"And about the eleventh hour he went out and found others standing. And he said to them, ‘ Why do you stand here idle all day?’",F0.1.2,faculty,"Across the verses, what does the pattern of engagement and non-engagement with the faculties indicate about the characteristic's nature?"
650,889,,"The subgroup engages the faculties of perception/observation (someone 'sees' the idle men, Matt.20.3), speech/address (the householder questions them, Matt.20.6), and bodily instrument (hands, Eccl.10.18), but consistently does not engage the will/mind in any depicted inner deliberation, nor the faculty of desire or affection. This pattern indicates idleness's nature as primarily an observable external/behavioural condition rather than an inwardly-originated faculty-driven act -- it is detected and addressed from outside more than it is chosen and felt from within, within this evidence.",answered-no-flag,faculty,char-answers,H8220,idleness,indolence,"[""M67"", ""T2""]","Through sloth the roof sinks in, and through indolence the house leaks.",Ecc 10:18,M67_A_dispositional_idleness,Idleness as inert state or condition,M67_A_dispositional_idleness,M67,Sloth & Diligence,F0.1.2,H8220,"Through sloth the roof sinks in, and through indolence the house leaks.",F0.1.2,faculty,"Across the verses, what does the pattern of engagement and non-engagement with the faculties indicate about the characteristic's nature?"
651,890,,"Idleness is primarily a condition/status (a state of being without work or engagement) rather than a discrete act; G0692 (adjective) attributes this status as a descriptive quality of persons or things, H8220 (noun) names it as an abstract condition, and G0691 (verb) enacts/negates it as an ongoing state over time. Across all three, no member strong depicts idleness as a single punctiliar act -- it is consistently durative/stative.",answered-no-flag,meaning,char-answers,G0692,idle,idle,"[""M67"", ""T2""]","And going out about the third hour he saw others standing idle in the marketplace,",Mat 20:3,M67_A_dispositional_idleness,Idleness as inert state or condition,M67_A_dispositional_idleness,M67,Sloth & Diligence,M0.2.1,G0692,"And going out about the third hour he saw others standing idle in the marketplace,",M0.2.1,meaning,"What kind of inner-being phenomenon is the characteristic — an act, a disposition, a condition/status, a quality, or something else?"
651,891,,"Idleness is primarily a condition/status (a state of being without work or engagement) rather than a discrete act; G0692 (adjective) attributes this status as a descriptive quality of persons or things, H8220 (noun) names it as an abstract condition, and G0691 (verb) enacts/negates it as an ongoing state over time. Across all three, no member strong depicts idleness as a single punctiliar act -- it is consistently durative/stative.",answered-no-flag,meaning,char-answers,H8220,idleness,indolence,"[""M67"", ""T2""]","Through sloth the roof sinks in, and through indolence the house leaks.",Ecc 10:18,M67_A_dispositional_idleness,Idleness as inert state or condition,M67_A_dispositional_idleness,M67,Sloth & Diligence,M0.2.1,H8220,"Through sloth the roof sinks in, and through indolence the house leaks.",M0.2.1,meaning,"What kind of inner-being phenomenon is the characteristic — an act, a disposition, a condition/status, a quality, or something else?"
651,892,,"Idleness is primarily a condition/status (a state of being without work or engagement) rather than a discrete act; G0692 (adjective) attributes this status as a descriptive quality of persons or things, H8220 (noun) names it as an abstract condition, and G0691 (verb) enacts/negates it as an ongoing state over time. Across all three, no member strong depicts idleness as a single punctiliar act -- it is consistently durative/stative.",answered-no-flag,meaning,char-answers,G0691,be idle,idle,"[""M67"", ""T2""]","And in their greed they will exploit you with false words. Their condemnation from long ago is not idle, and their destruction is not asleep.",2Pe 2:3,M67_A_dispositional_idleness,Idleness as inert state or condition,M67_A_dispositional_idleness,M67,Sloth & Diligence,M0.2.1,G0691,"And in their greed they will exploit you with false words. Their condemnation from long ago is not idle, and their destruction is not asleep.",M0.2.1,meaning,"What kind of inner-being phenomenon is the characteristic — an act, a disposition, a condition/status, a quality, or something else?"
652,893,,"Simple in structure at its core (a-privative + 'work', i.e. 'not-working'), but the subgroup's occurrences show it combining with contextual elements: in Eccl.10.18 it combines idiomatically with 'hands' to form a compound image (slack-handedness); in 1Tim.5.13/Titus.1.12 (cluster) it combines with further vice-terms (gossip, busybody, gluttony) as part of a vice-cluster; in 2Pet.2.3 it combines with negation to form a rhetorical assurance. The bare concept is simple; its applied instances are compound with surrounding imagery or vice-lists.",answered-no-flag,meaning,char-answers,H8220,idleness,indolence,"[""M67"", ""T2""]","Through sloth the roof sinks in, and through indolence the house leaks.",Ecc 10:18,M67_A_dispositional_idleness,Idleness as inert state or condition,M67_A_dispositional_idleness,M67,Sloth & Diligence,M0.2.2,H8220,"Through sloth the roof sinks in, and through indolence the house leaks.",M0.2.2,meaning,"Is the characteristic simple in structure, or does it combine constituent elements; if compound, which?"
652,894,,"Simple in structure at its core (a-privative + 'work', i.e. 'not-working'), but the subgroup's occurrences show it combining with contextual elements: in Eccl.10.18 it combines idiomatically with 'hands' to form a compound image (slack-handedness); in 1Tim.5.13/Titus.1.12 (cluster) it combines with further vice-terms (gossip, busybody, gluttony) as part of a vice-cluster; in 2Pet.2.3 it combines with negation to form a rhetorical assurance. The bare concept is simple; its applied instances are compound with surrounding imagery or vice-lists.",answered-no-flag,meaning,char-answers,G0691,be idle,idle,"[""M67"", ""T2""]","And in their greed they will exploit you with false words. Their condemnation from long ago is not idle, and their destruction is not asleep.",2Pe 2:3,M67_A_dispositional_idleness,Idleness as inert state or condition,M67_A_dispositional_idleness,M67,Sloth & Diligence,M0.2.2,G0691,"And in their greed they will exploit you with false words. Their condemnation from long ago is not idle, and their destruction is not asleep.",M0.2.2,meaning,"Is the characteristic simple in structure, or does it combine constituent elements; if compound, which?"
653,895,,"The structural opposite is diligence/zeal/active labor (ergon-based activity, e.g. spoude in the wider cluster) -- the inner-being reality of engaged, productive effort that idleness by definition excludes. This is consistent across all three member strongs, each formed on or against the root concept of 'work' (ergon in Greek; the implicit contrast to slackness in Hebrew).",answered-no-flag,meaning,char-answers,G0692,idle,idle,"[""M67"", ""T2""]","And going out about the third hour he saw others standing idle in the marketplace,",Mat 20:3,M67_A_dispositional_idleness,Idleness as inert state or condition,M67_A_dispositional_idleness,M67,Sloth & Diligence,M0.3.1,G0692,"And going out about the third hour he saw others standing idle in the marketplace,",M0.3.1,meaning,What stands against the characteristic as its structural opposite — the inner-being reality that excludes it?
653,896,,"The structural opposite is diligence/zeal/active labor (ergon-based activity, e.g. spoude in the wider cluster) -- the inner-being reality of engaged, productive effort that idleness by definition excludes. This is consistent across all three member strongs, each formed on or against the root concept of 'work' (ergon in Greek; the implicit contrast to slackness in Hebrew).",answered-no-flag,meaning,char-answers,H8220,idleness,indolence,"[""M67"", ""T2""]","Through sloth the roof sinks in, and through indolence the house leaks.",Ecc 10:18,M67_A_dispositional_idleness,Idleness as inert state or condition,M67_A_dispositional_idleness,M67,Sloth & Diligence,M0.3.1,H8220,"Through sloth the roof sinks in, and through indolence the house leaks.",M0.3.1,meaning,What stands against the characteristic as its structural opposite — the inner-being reality that excludes it?
653,897,,"The structural opposite is diligence/zeal/active labor (ergon-based activity, e.g. spoude in the wider cluster) -- the inner-being reality of engaged, productive effort that idleness by definition excludes. This is consistent across all three member strongs, each formed on or against the root concept of 'work' (ergon in Greek; the implicit contrast to slackness in Hebrew).",answered-no-flag,meaning,char-answers,G0691,be idle,idle,"[""M67"", ""T2""]","And in their greed they will exploit you with false words. Their condemnation from long ago is not idle, and their destruction is not asleep.",2Pe 2:3,M67_A_dispositional_idleness,Idleness as inert state or condition,M67_A_dispositional_idleness,M67,Sloth & Diligence,M0.3.1,G0691,"And in their greed they will exploit you with false words. Their condemnation from long ago is not idle, and their destruction is not asleep.",M0.3.1,meaning,What stands against the characteristic as its structural opposite — the inner-being reality that excludes it?
654,898,,"At its edge, idleness excludes/resists productive engagement -- being drawn into work, effort, or operative function. In Matt.20.3-6 this edge is crossed when the householder's summons ends the idle state; in Eccl.10.18 the edge is never crossed within the verse, so decay proceeds; in 2Pet.2.3 the term negated shows condemnation resisting/excluding the possibility of dormancy altogether.",answered-no-flag,meaning,char-answers,G0692,idle,idle,"[""M67"", ""T2""]","And about the eleventh hour he went out and found others standing. And he said to them, ‘ Why do you stand here idle all day?’",Mat 20:6,M67_A_dispositional_idleness,Idleness as inert state or condition,M67_A_dispositional_idleness,M67,Sloth & Diligence,M0.3.2,G0692,"And about the eleventh hour he went out and found others standing. And he said to them, ‘ Why do you stand here idle all day?’",M0.3.2,meaning,What does the characteristic exclude or resist at its edge?
654,899,,"At its edge, idleness excludes/resists productive engagement -- being drawn into work, effort, or operative function. In Matt.20.3-6 this edge is crossed when the householder's summons ends the idle state; in Eccl.10.18 the edge is never crossed within the verse, so decay proceeds; in 2Pet.2.3 the term negated shows condemnation resisting/excluding the possibility of dormancy altogether.",answered-no-flag,meaning,char-answers,H8220,idleness,indolence,"[""M67"", ""T2""]","Through sloth the roof sinks in, and through indolence the house leaks.",Ecc 10:18,M67_A_dispositional_idleness,Idleness as inert state or condition,M67_A_dispositional_idleness,M67,Sloth & Diligence,M0.3.2,H8220,"Through sloth the roof sinks in, and through indolence the house leaks.",M0.3.2,meaning,What does the characteristic exclude or resist at its edge?
654,900,,"At its edge, idleness excludes/resists productive engagement -- being drawn into work, effort, or operative function. In Matt.20.3-6 this edge is crossed when the householder's summons ends the idle state; in Eccl.10.18 the edge is never crossed within the verse, so decay proceeds; in 2Pet.2.3 the term negated shows condemnation resisting/excluding the possibility of dormancy altogether.",answered-no-flag,meaning,char-answers,G0691,be idle,idle,"[""M67"", ""T2""]","And in their greed they will exploit you with false words. Their condemnation from long ago is not idle, and their destruction is not asleep.",2Pe 2:3,M67_A_dispositional_idleness,Idleness as inert state or condition,M67_A_dispositional_idleness,M67,Sloth & Diligence,M0.3.2,G0691,"And in their greed they will exploit you with false words. Their condemnation from long ago is not idle, and their destruction is not asleep.",M0.3.2,meaning,What does the characteristic exclude or resist at its edge?
655,901,,"Idleness ends and diligence/labor begins where engaged, purposeful effort starts -- the boundary is crossed in Matt.20.3-6 when idle men accept work; it is not crossed in Eccl.10.18 (decay continues); the boundary does not even apply within 2Pet.2.3's rhetorical use since the subject (condemnation) is denied ever having been idle at all. Idleness is thus 'not-yet-or-not-engaged productive activity', distinct from engaged labor which begins the moment work is taken up.",answered-no-flag,meaning,char-answers,G0692,idle,idle,"[""M67"", ""T2""]","And about the eleventh hour he went out and found others standing. And he said to them, ‘ Why do you stand here idle all day?’",Mat 20:6,M67_A_dispositional_idleness,Idleness as inert state or condition,M67_A_dispositional_idleness,M67,Sloth & Diligence,M0.3.3,G0692,"And about the eleventh hour he went out and found others standing. And he said to them, ‘ Why do you stand here idle all day?’",M0.3.3,meaning,Where does the characteristic end and another thing begin — what is it not?
655,902,,"Idleness ends and diligence/labor begins where engaged, purposeful effort starts -- the boundary is crossed in Matt.20.3-6 when idle men accept work; it is not crossed in Eccl.10.18 (decay continues); the boundary does not even apply within 2Pet.2.3's rhetorical use since the subject (condemnation) is denied ever having been idle at all. Idleness is thus 'not-yet-or-not-engaged productive activity', distinct from engaged labor which begins the moment work is taken up.",answered-no-flag,meaning,char-answers,H8220,idleness,indolence,"[""M67"", ""T2""]","Through sloth the roof sinks in, and through indolence the house leaks.",Ecc 10:18,M67_A_dispositional_idleness,Idleness as inert state or condition,M67_A_dispositional_idleness,M67,Sloth & Diligence,M0.3.3,H8220,"Through sloth the roof sinks in, and through indolence the house leaks.",M0.3.3,meaning,Where does the characteristic end and another thing begin — what is it not?
656,903,,"Within this subgroup's own occurrences: H8220 co-occurs with H6103 (sloth) in synonymous parallelism (Eccl.10.18); G0691 co-occurs with a parallel negation ('not asleep', koimaō-based) describing destruction (2Pet.2.3). G0692 in Matt.20.3/6 co-occurs with perception/speech words (seeing, questioning) rather than another characteristic-term. Across the wider cluster (per prior char-reading), G0692 also co-occurs with gossip/busybody vice-terms (1Tim.5.13) and with 'evil beasts'/lying (Titus.1.12).",answered-no-flag,relational,char-answers,H8220,idleness,indolence,"[""M67"", ""T2""]","Through sloth the roof sinks in, and through indolence the house leaks.",Ecc 10:18,M67_A_dispositional_idleness,Idleness as inert state or condition,M67_A_dispositional_idleness,M67,Sloth & Diligence,X0.1.1,H8220,"Through sloth the roof sinks in, and through indolence the house leaks.",X0.1.1,relational,"Which adjacent characteristics appear alongside this one in the verse evidence, and how frequently? Record none if no significant co-occurrence appears."
656,904,,"Within this subgroup's own occurrences: H8220 co-occurs with H6103 (sloth) in synonymous parallelism (Eccl.10.18); G0691 co-occurs with a parallel negation ('not asleep', koimaō-based) describing destruction (2Pet.2.3). G0692 in Matt.20.3/6 co-occurs with perception/speech words (seeing, questioning) rather than another characteristic-term. Across the wider cluster (per prior char-reading), G0692 also co-occurs with gossip/busybody vice-terms (1Tim.5.13) and with 'evil beasts'/lying (Titus.1.12).",answered-no-flag,relational,char-answers,G0691,be idle,idle,"[""M67"", ""T2""]","And in their greed they will exploit you with false words. Their condemnation from long ago is not idle, and their destruction is not asleep.",2Pe 2:3,M67_A_dispositional_idleness,Idleness as inert state or condition,M67_A_dispositional_idleness,M67,Sloth & Diligence,X0.1.1,G0691,"And in their greed they will exploit you with false words. Their condemnation from long ago is not idle, and their destruction is not asleep.",X0.1.1,relational,"Which adjacent characteristics appear alongside this one in the verse evidence, and how frequently? Record none if no significant co-occurrence appears."
656,905,,"Within this subgroup's own occurrences: H8220 co-occurs with H6103 (sloth) in synonymous parallelism (Eccl.10.18); G0691 co-occurs with a parallel negation ('not asleep', koimaō-based) describing destruction (2Pet.2.3). G0692 in Matt.20.3/6 co-occurs with perception/speech words (seeing, questioning) rather than another characteristic-term. Across the wider cluster (per prior char-reading), G0692 also co-occurs with gossip/busybody vice-terms (1Tim.5.13) and with 'evil beasts'/lying (Titus.1.12).",answered-no-flag,relational,char-answers,G0692,idle,idle,"[""M67"", ""T2""]","And going out about the third hour he saw others standing idle in the marketplace,",Mat 20:3,M67_A_dispositional_idleness,Idleness as inert state or condition,M67_A_dispositional_idleness,M67,Sloth & Diligence,X0.1.1,G0692,"And going out about the third hour he saw others standing idle in the marketplace,",X0.1.1,relational,"Which adjacent characteristics appear alongside this one in the verse evidence, and how frequently? Record none if no significant co-occurrence appears."
657,906,,"The co-occurrence pattern shows idleness sitting at the root/generative position within a chain of related vices or parallel negations -- it pairs naturally with sloth (synonym), sleep/dormancy (near-synonym for inactivity), and further vice-terms it is said to produce (gossip, busybodiness). This positions idleness as a foundational inner-being deficit from which other negative behaviors or descriptions radiate, rather than a peripheral or terminal characteristic.",answered-no-flag,relational,char-answers,H8220,idleness,indolence,"[""M67"", ""T2""]","Through sloth the roof sinks in, and through indolence the house leaks.",Ecc 10:18,M67_A_dispositional_idleness,Idleness as inert state or condition,M67_A_dispositional_idleness,M67,Sloth & Diligence,X0.1.2,H8220,"Through sloth the roof sinks in, and through indolence the house leaks.",X0.1.2,relational,What does the co-occurrence pattern show about this characteristic's place in the inner-being landscape?
657,907,,"The co-occurrence pattern shows idleness sitting at the root/generative position within a chain of related vices or parallel negations -- it pairs naturally with sloth (synonym), sleep/dormancy (near-synonym for inactivity), and further vice-terms it is said to produce (gossip, busybodiness). This positions idleness as a foundational inner-being deficit from which other negative behaviors or descriptions radiate, rather than a peripheral or terminal characteristic.",answered-no-flag,relational,char-answers,G0691,be idle,idle,"[""M67"", ""T2""]","And in their greed they will exploit you with false words. Their condemnation from long ago is not idle, and their destruction is not asleep.",2Pe 2:3,M67_A_dispositional_idleness,Idleness as inert state or condition,M67_A_dispositional_idleness,M67,Sloth & Diligence,X0.1.2,G0691,"And in their greed they will exploit you with false words. Their condemnation from long ago is not idle, and their destruction is not asleep.",X0.1.2,relational,What does the co-occurrence pattern show about this characteristic's place in the inner-being landscape?
658,908,,"In the cluster context, idleness (G0692) precedes and generates further vice (gossip, busybodiness in 1Tim.5.13); in Eccl.10.18, indolence (H8220) precedes and causes structural decay (roof sinking, house leaking). In Matt.20.3-6, idleness precedes the householder's address and subsequent hiring/engagement. The consistent sequence-pattern is: idleness precedes/causes a further negative or corrective outcome.",answered-no-flag,relational,char-answers,H8220,idleness,indolence,"[""M67"", ""T2""]","Through sloth the roof sinks in, and through indolence the house leaks.",Ecc 10:18,M67_A_dispositional_idleness,Idleness as inert state or condition,M67_A_dispositional_idleness,M67,Sloth & Diligence,X0.2.1,H8220,"Through sloth the roof sinks in, and through indolence the house leaks.",X0.2.1,relational,"Does the evidence show this characteristic consistently preceding, following, or accompanying another in a sequence; if so, which and how? Record none if no sequence appears."
658,909,,"In the cluster context, idleness (G0692) precedes and generates further vice (gossip, busybodiness in 1Tim.5.13); in Eccl.10.18, indolence (H8220) precedes and causes structural decay (roof sinking, house leaking). In Matt.20.3-6, idleness precedes the householder's address and subsequent hiring/engagement. The consistent sequence-pattern is: idleness precedes/causes a further negative or corrective outcome.",answered-no-flag,relational,char-answers,G0692,idle,idle,"[""M67"", ""T2""]","And going out about the third hour he saw others standing idle in the marketplace,",Mat 20:3,M67_A_dispositional_idleness,Idleness as inert state or condition,M67_A_dispositional_idleness,M67,Sloth & Diligence,X0.2.1,G0692,"And going out about the third hour he saw others standing idle in the marketplace,",X0.2.1,relational,"Does the evidence show this characteristic consistently preceding, following, or accompanying another in a sequence; if so, which and how? Record none if no sequence appears."
659,910,,"The sequence shown is causal in Eccl.10.18 (indolence directly causes decay) and in the cluster's 1Tim.5.13 (idleness produces gossip/busybodiness); it is more circumstantial/correlational in Matt.20.3-6 (idleness correlates with lack of opportunity, and its ending correlates with, rather than being caused by, the householder's initiative).",answered-no-flag,relational,char-answers,H8220,idleness,indolence,"[""M67"", ""T2""]","Through sloth the roof sinks in, and through indolence the house leaks.",Ecc 10:18,M67_A_dispositional_idleness,Idleness as inert state or condition,M67_A_dispositional_idleness,M67,Sloth & Diligence,X0.2.2,H8220,"Through sloth the roof sinks in, and through indolence the house leaks.",X0.2.2,relational,"What does the sequence show — is the relationship causal, developmental, or correlational?"
659,911,,"The sequence shown is causal in Eccl.10.18 (indolence directly causes decay) and in the cluster's 1Tim.5.13 (idleness produces gossip/busybodiness); it is more circumstantial/correlational in Matt.20.3-6 (idleness correlates with lack of opportunity, and its ending correlates with, rather than being caused by, the householder's initiative).",answered-no-flag,relational,char-answers,G0692,idle,idle,"[""M67"", ""T2""]","And going out about the third hour he saw others standing idle in the marketplace,",Mat 20:3,M67_A_dispositional_idleness,Idleness as inert state or condition,M67_A_dispositional_idleness,M67,Sloth & Diligence,X0.2.2,G0692,"And going out about the third hour he saw others standing idle in the marketplace,",X0.2.2,relational,"What does the sequence show — is the relationship causal, developmental, or correlational?"
660,912,,"Yes -- H8220 (indolence) produces physical structural decay in Eccl.10.18: through slack hands, the roof sinks and the house leaks, a direct mechanical/causal mechanism (neglect of maintenance leading to deterioration).",answered-no-flag,relational,char-answers,H8220,idleness,indolence,"[""M67"", ""T2""]","Through sloth the roof sinks in, and through indolence the house leaks.",Ecc 10:18,M67_A_dispositional_idleness,Idleness as inert state or condition,M67_A_dispositional_idleness,M67,Sloth & Diligence,X0.3.1,H8220,"Through sloth the roof sinks in, and through indolence the house leaks.",X0.3.1,relational,"Does this characteristic produce another in the evidence, and if so which, and by what mechanism? Record none if none is shown."
661,913,,"Within this subgroup's own occurrences, idleness/indolence is not shown as itself produced by another named characteristic in the verse text (H6103 'sloth' stands in synonymous parallelism with H8220 in Eccl.10.18, rather than as its producing cause).",answered-no-flag,relational,char-answers,H8220,idleness,indolence,"[""M67"", ""T2""]","Through sloth the roof sinks in, and through indolence the house leaks.",Ecc 10:18,M67_A_dispositional_idleness,Idleness as inert state or condition,M67_A_dispositional_idleness,M67,Sloth & Diligence,X0.3.2,H8220,"Through sloth the roof sinks in, and through indolence the house leaks.",X0.3.2,relational,"Is this characteristic produced by another, and if so which?"
662,914,,Idleness/sloth (H8220/H6103) function as near-synonymous constituents of a single compound poetic image in Eccl.10.18 rather than one being strictly a constituent of the other; they stand in parallel as two names for facets of the same underlying inactive condition.,answered-no-flag,relational,char-answers,H8220,idleness,indolence,"[""M67"", ""T2""]","Through sloth the roof sinks in, and through indolence the house leaks.",Ecc 10:18,M67_A_dispositional_idleness,Idleness as inert state or condition,M67_A_dispositional_idleness,M67,Sloth & Diligence,X0.3.3,H8220,"Through sloth the roof sinks in, and through indolence the house leaks.",X0.3.3,relational,"Is this characteristic a constituent element of another, or another a constituent of this one?"
663,915,,"The nearest adjacent characteristic is sloth (H6103, sluggishness/laziness as disposition), which appears directly alongside H8220 in Eccl.10.18. What distinguishes them: sloth names the general lazy disposition of a person, while indolence (H8220) is tied specifically to the idiom of slack hands and its direct physical/structural consequence -- H8220 is more concretely instrumental/causal, sloth more purely dispositional.",answered-no-flag,relational,char-answers,H8220,idleness,indolence,"[""M67"", ""T2""]","Through sloth the roof sinks in, and through indolence the house leaks.",Ecc 10:18,M67_A_dispositional_idleness,Idleness as inert state or condition,M67_A_dispositional_idleness,M67,Sloth & Diligence,X0.5.1,H8220,"Through sloth the roof sinks in, and through indolence the house leaks.",X0.5.1,relational,"Which adjacent characteristic most closely resembles this one, and what precisely distinguishes them?"
664,916,,"The overlap between sloth and indolence (Eccl.10.18) is boundaried at the point of instrumentality: sloth is the character trait, indolence/slack-handedness is that trait's specific bodily expression (via the hands) that yields the concrete structural outcome (house decay). Sloth could exist without this particular manifestation; indolence as named here is precisely the manifested, hands-mediated form.",answered-no-flag,relational,char-answers,H8220,idleness,indolence,"[""M67"", ""T2""]","Through sloth the roof sinks in, and through indolence the house leaks.",Ecc 10:18,M67_A_dispositional_idleness,Idleness as inert state or condition,M67_A_dispositional_idleness,M67,Sloth & Diligence,X0.5.2,H8220,"Through sloth the roof sinks in, and through indolence the house leaks.",X0.5.2,relational,"Where the evidence shows apparent overlap, what is the precise boundary?"
665,917,,"The distinction between sloth and indolence is one of level (disposition vs. bodily-instrumental expression) rather than of kind or degree -- both name the same underlying inactivity, but at different constitutional levels (inner character trait vs. physical bodily manifestation via the hands).",answered-no-flag,relational,char-answers,H8220,idleness,indolence,"[""M67"", ""T2""]","Through sloth the roof sinks in, and through indolence the house leaks.",Ecc 10:18,M67_A_dispositional_idleness,Idleness as inert state or condition,M67_A_dispositional_idleness,M67,Sloth & Diligence,X0.5.3,H8220,"Through sloth the roof sinks in, and through indolence the house leaks.",X0.5.3,relational,"Is the distinction from the nearest neighbour one of degree, kind, direction, or constitutional level?"
666,918,,"None -- across all three members (2Pet.2.3's condemnation, the various argos occurrences, and Eccl.10.18's indolence), the characteristic does not itself disclose a perception, belief, or judgement held by a person; it names a state of inactivity rather than a cognitive act. Where a person is the subject (Matt.20.3,6; 1Tim.5.13; Titus.1.12), the text records their condition, not their perception/belief.",no-human-context,cognitive,char-answers,G0691,be idle,idle,"[""M67"", ""T2""]","And in their greed they will exploit you with false words. Their condemnation from long ago is not idle, and their destruction is not asleep.",2Pe 2:3,M67_A_dispositional_idleness,Idleness as inert state or condition,M67_A_dispositional_idleness,M67,Sloth & Diligence,D1.1.1,G0691,"And in their greed they will exploit you with false words. Their condemnation from long ago is not idle, and their destruction is not asleep.",D1.1.1,cognitive,"In this verse, what does the characteristic reveal about the person's perception, belief, or judgement -- what do they perceive, believe true, or conclude? Record it, or record none."
666,919,,"None -- across all three members (2Pet.2.3's condemnation, the various argos occurrences, and Eccl.10.18's indolence), the characteristic does not itself disclose a perception, belief, or judgement held by a person; it names a state of inactivity rather than a cognitive act. Where a person is the subject (Matt.20.3,6; 1Tim.5.13; Titus.1.12), the text records their condition, not their perception/belief.",no-human-context,cognitive,char-answers,G0692,idle,idle,"[""M67"", ""T2""]","And about the eleventh hour he went out and found others standing. And he said to them, ‘ Why do you stand here idle all day?’",Mat 20:6,M67_A_dispositional_idleness,Idleness as inert state or condition,M67_A_dispositional_idleness,M67,Sloth & Diligence,D1.1.1,G0692,"And about the eleventh hour he went out and found others standing. And he said to them, ‘ Why do you stand here idle all day?’",D1.1.1,cognitive,"In this verse, what does the characteristic reveal about the person's perception, belief, or judgement -- what do they perceive, believe true, or conclude? Record it, or record none."
666,920,,"None -- across all three members (2Pet.2.3's condemnation, the various argos occurrences, and Eccl.10.18's indolence), the characteristic does not itself disclose a perception, belief, or judgement held by a person; it names a state of inactivity rather than a cognitive act. Where a person is the subject (Matt.20.3,6; 1Tim.5.13; Titus.1.12), the text records their condition, not their perception/belief.",no-human-context,cognitive,char-answers,H8220,idleness,indolence,"[""M67"", ""T2""]","Through sloth the roof sinks in, and through indolence the house leaks.",Ecc 10:18,M67_A_dispositional_idleness,Idleness as inert state or condition,M67_A_dispositional_idleness,M67,Sloth & Diligence,D1.1.1,H8220,"Through sloth the roof sinks in, and through indolence the house leaks.",D1.1.1,cognitive,"In this verse, what does the characteristic reveal about the person's perception, belief, or judgement -- what do they perceive, believe true, or conclude? Record it, or record none."
667,921,,"The evidence does not establish a consistent precede/follow pattern relative to judgement or belief. In Matt.20.6 idleness precedes a challenge/question (which functions as address, not judgement per se); in Jas.2.20 'useless' functions as a conclusion about faith reached through argument (following an implied judgement); in 2Pet.2.3 'not idle' asserts the ongoing operation of a prior judgement (condemnation) rather than preceding or following a discrete belief-act. Signal: this may resolve further with adjacent-verse context on the argument structures in James and 2 Peter.",could-not-resolve,cognitive,char-answers,G0692,idle,idle,"[""M67"", ""T2""]","And about the eleventh hour he went out and found others standing. And he said to them, ‘ Why do you stand here idle all day?’",Mat 20:6,M67_A_dispositional_idleness,Idleness as inert state or condition,M67_A_dispositional_idleness,M67,Sloth & Diligence,D1.1.2,G0692,"And about the eleventh hour he went out and found others standing. And he said to them, ‘ Why do you stand here idle all day?’",D1.1.2,cognitive,"Across the verses, does the characteristic consistently precede a judgement or belief, follow one, or both?"
667,922,,"The evidence does not establish a consistent precede/follow pattern relative to judgement or belief. In Matt.20.6 idleness precedes a challenge/question (which functions as address, not judgement per se); in Jas.2.20 'useless' functions as a conclusion about faith reached through argument (following an implied judgement); in 2Pet.2.3 'not idle' asserts the ongoing operation of a prior judgement (condemnation) rather than preceding or following a discrete belief-act. Signal: this may resolve further with adjacent-verse context on the argument structures in James and 2 Peter.",could-not-resolve,cognitive,char-answers,G0692,idle,useless,"[""M67"", ""T2""]","Do you want to be shown, you foolish person, that faith apart from works is useless?",Jam 2:20,M67_A_dispositional_idleness,Idleness as inert state or condition,M67_A_dispositional_idleness,M67,Sloth & Diligence,D1.1.2,G0692,"Do you want to be shown, you foolish person, that faith apart from works is useless?",D1.1.2,cognitive,"Across the verses, does the characteristic consistently precede a judgement or belief, follow one, or both?"
667,923,,"The evidence does not establish a consistent precede/follow pattern relative to judgement or belief. In Matt.20.6 idleness precedes a challenge/question (which functions as address, not judgement per se); in Jas.2.20 'useless' functions as a conclusion about faith reached through argument (following an implied judgement); in 2Pet.2.3 'not idle' asserts the ongoing operation of a prior judgement (condemnation) rather than preceding or following a discrete belief-act. Signal: this may resolve further with adjacent-verse context on the argument structures in James and 2 Peter.",could-not-resolve,cognitive,char-answers,G0691,be idle,idle,"[""M67"", ""T2""]","And in their greed they will exploit you with false words. Their condemnation from long ago is not idle, and their destruction is not asleep.",2Pe 2:3,M67_A_dispositional_idleness,Idleness as inert state or condition,M67_A_dispositional_idleness,M67,Sloth & Diligence,D1.1.2,G0691,"And in their greed they will exploit you with false words. Their condemnation from long ago is not idle, and their destruction is not asleep.",D1.1.2,cognitive,"Across the verses, does the characteristic consistently precede a judgement or belief, follow one, or both?"
668,924,,"Yes -- in 2Pet.1.8 the negation of idleness/ineffectiveness is tied explicitly to increasing qualities moving the person toward fruitfulness 'in the knowledge of our Lord Jesus Christ', a future-oriented growth trajectory. In Matt.20.3,6 the idle laborers are moved from idleness into engaged work in the vineyard, a movement toward productive fullness. Indolence (H8220) and idleness (2Pet.2.3) show no such forward orientation -- they are terminal/static or describe judgement's unceasing operation.",answered-no-flag,action-impact,char-answers,G0692,idle,ineffective,"[""M67"", ""T2""]","For if these qualities are yours and are increasing, they keep you from being ineffective or unfruitful in the knowledge of our Lord Jesus Christ.",2Pe 1:8,M67_A_dispositional_idleness,Idleness as inert state or condition,M67_A_dispositional_idleness,M67,Sloth & Diligence,D10.1.2,G0692,"For if these qualities are yours and are increasing, they keep you from being ineffective or unfruitful in the knowledge of our Lord Jesus Christ.",D10.1.2,action-impact,"Across the evidence, is there any orientation toward a future fullness — something the person moves toward, not only what they currently are? Record it, or record none."
668,925,,"Yes -- in 2Pet.1.8 the negation of idleness/ineffectiveness is tied explicitly to increasing qualities moving the person toward fruitfulness 'in the knowledge of our Lord Jesus Christ', a future-oriented growth trajectory. In Matt.20.3,6 the idle laborers are moved from idleness into engaged work in the vineyard, a movement toward productive fullness. Indolence (H8220) and idleness (2Pet.2.3) show no such forward orientation -- they are terminal/static or describe judgement's unceasing operation.",answered-no-flag,action-impact,char-answers,G0692,idle,idle,"[""M67"", ""T2""]","And going out about the third hour he saw others standing idle in the marketplace,",Mat 20:3,M67_A_dispositional_idleness,Idleness as inert state or condition,M67_A_dispositional_idleness,M67,Sloth & Diligence,D10.1.2,G0692,"And going out about the third hour he saw others standing idle in the marketplace,",D10.1.2,action-impact,"Across the evidence, is there any orientation toward a future fullness — something the person moves toward, not only what they currently are? Record it, or record none."
668,926,,"Yes -- in 2Pet.1.8 the negation of idleness/ineffectiveness is tied explicitly to increasing qualities moving the person toward fruitfulness 'in the knowledge of our Lord Jesus Christ', a future-oriented growth trajectory. In Matt.20.3,6 the idle laborers are moved from idleness into engaged work in the vineyard, a movement toward productive fullness. Indolence (H8220) and idleness (2Pet.2.3) show no such forward orientation -- they are terminal/static or describe judgement's unceasing operation.",answered-no-flag,action-impact,char-answers,G0692,idle,idle,"[""M67"", ""T2""]","And about the eleventh hour he went out and found others standing. And he said to them, ‘ Why do you stand here idle all day?’",Mat 20:6,M67_A_dispositional_idleness,Idleness as inert state or condition,M67_A_dispositional_idleness,M67,Sloth & Diligence,D10.1.2,G0692,"And about the eleventh hour he went out and found others standing. And he said to them, ‘ Why do you stand here idle all day?’",D10.1.2,action-impact,"Across the evidence, is there any orientation toward a future fullness — something the person moves toward, not only what they currently are? Record it, or record none."
669,927,,"The immediate response to being found/addressed as idle is consistent across Matt.20.3,6: the idle are questioned or sent to work, i.e. immediate engagement replaces idleness once discovered and addressed by the householder.",answered-no-flag,action-impact,char-answers,G0692,idle,idle,"[""M67"", ""T2""]","And going out about the third hour he saw others standing idle in the marketplace,",Mat 20:3,M67_A_dispositional_idleness,Idleness as inert state or condition,M67_A_dispositional_idleness,M67,Sloth & Diligence,D10.2.2,G0692,"And going out about the third hour he saw others standing idle in the marketplace,",D10.2.2,action-impact,"Across the verses, is that immediate response consistent or varied?"
669,928,,"The immediate response to being found/addressed as idle is consistent across Matt.20.3,6: the idle are questioned or sent to work, i.e. immediate engagement replaces idleness once discovered and addressed by the householder.",answered-no-flag,action-impact,char-answers,G0692,idle,idle,"[""M67"", ""T2""]","And about the eleventh hour he went out and found others standing. And he said to them, ‘ Why do you stand here idle all day?’",Mat 20:6,M67_A_dispositional_idleness,Idleness as inert state or condition,M67_A_dispositional_idleness,M67,Sloth & Diligence,D10.2.2,G0692,"And about the eleventh hour he went out and found others standing. And he said to them, ‘ Why do you stand here idle all day?’",D10.2.2,action-impact,"Across the verses, is that immediate response consistent or varied?"
670,929,,"The sustained effect of idleness/indolence (habitual laziness in 1Tim.5.13 and Titus.1.12; structural decay in Eccl.10.18) differs from the immediate response in Matt.20.3-6 (prompt engagement once addressed) by showing entrenchment rather than resolution -- but establishing whether Matt.20's idle men had a sustained prior idleness before being hired requires the surrounding parable context (the later hours' hiring, vv.1-16) not carried within this subgroup's own occurrences.",needs_adjacent_verse_context,action-impact,char-answers,G0692,idle,idlers,"[""M67"", ""T2""]","Besides that, they learn to be idlers, going about from house to house, and not only idlers, but also gossips and busybodies, saying what they should not.",1Ti 5:13,M67_A_dispositional_idleness,Idleness as inert state or condition,M67_A_dispositional_idleness,M67,Sloth & Diligence,D10.3.2,G0692,"Besides that, they learn to be idlers, going about from house to house, and not only idlers, but also gossips and busybodies, saying what they should not.",D10.3.2,action-impact,How does the sustained effect differ from the immediate response (D10.2)?
670,929,,"The sustained effect of idleness/indolence (habitual laziness in 1Tim.5.13 and Titus.1.12; structural decay in Eccl.10.18) differs from the immediate response in Matt.20.3-6 (prompt engagement once addressed) by showing entrenchment rather than resolution -- but establishing whether Matt.20's idle men had a sustained prior idleness before being hired requires the surrounding parable context (the later hours' hiring, vv.1-16) not carried within this subgroup's own occurrences.",needs_adjacent_verse_context,action-impact,char-answers,G0692,idle,idlers,"[""M67"", ""T2""]","Besides that, they learn to be idlers, going about from house to house, and not only idlers, but also gossips and busybodies, saying what they should not.",1Ti 5:13,M67_A_dispositional_idleness,Idleness as inert state or condition,M67_A_dispositional_idleness,M67,Sloth & Diligence,D10.3.2,G0692,"Besides that, they learn to be idlers, going about from house to house, and not only idlers, but also gossips and busybodies, saying what they should not.",D10.3.2,action-impact,How does the sustained effect differ from the immediate response (D10.2)?
670,930,,"The sustained effect of idleness/indolence (habitual laziness in 1Tim.5.13 and Titus.1.12; structural decay in Eccl.10.18) differs from the immediate response in Matt.20.3-6 (prompt engagement once addressed) by showing entrenchment rather than resolution -- but establishing whether Matt.20's idle men had a sustained prior idleness before being hired requires the surrounding parable context (the later hours' hiring, vv.1-16) not carried within this subgroup's own occurrences.",needs_adjacent_verse_context,action-impact,char-answers,H8220,idleness,indolence,"[""M67"", ""T2""]","Through sloth the roof sinks in, and through indolence the house leaks.",Ecc 10:18,M67_A_dispositional_idleness,Idleness as inert state or condition,M67_A_dispositional_idleness,M67,Sloth & Diligence,D10.3.2,H8220,"Through sloth the roof sinks in, and through indolence the house leaks.",D10.3.2,action-impact,How does the sustained effect differ from the immediate response (D10.2)?
671,931,,"Reversible: in Matt.20.3,6 idleness is reversed the moment the men are hired and sent to work -- the state is not fixed but changes with opportunity/address. Irreversible in effect (though not in disposition) in Eccl.10.18: once the indolence produces structural decay (sunken roof, leaking house), that consequence stands as accomplished damage even if future diligence could in principle repair it -- the verse itself records only the ruin, not a reversal.",answered-no-flag,action-impact,char-answers,G0692,idle,idle,"[""M67"", ""T2""]","And going out about the third hour he saw others standing idle in the marketplace,",Mat 20:3,M67_A_dispositional_idleness,Idleness as inert state or condition,M67_A_dispositional_idleness,M67,Sloth & Diligence,D10.4.2,G0692,"And going out about the third hour he saw others standing idle in the marketplace,",D10.4.2,action-impact,Is the transformation reversible or irreversible in the evidence?
671,932,,"Reversible: in Matt.20.3,6 idleness is reversed the moment the men are hired and sent to work -- the state is not fixed but changes with opportunity/address. Irreversible in effect (though not in disposition) in Eccl.10.18: once the indolence produces structural decay (sunken roof, leaking house), that consequence stands as accomplished damage even if future diligence could in principle repair it -- the verse itself records only the ruin, not a reversal.",answered-no-flag,action-impact,char-answers,H8220,idleness,indolence,"[""M67"", ""T2""]","Through sloth the roof sinks in, and through indolence the house leaks.",Ecc 10:18,M67_A_dispositional_idleness,Idleness as inert state or condition,M67_A_dispositional_idleness,M67,Sloth & Diligence,D10.4.2,H8220,"Through sloth the roof sinks in, and through indolence the house leaks.",D10.4.2,action-impact,Is the transformation reversible or irreversible in the evidence?
672,933,,"Yes, the mechanism differs sharply by context: in Eccl.10.18 idleness operates through bodily/instrumental neglect (slack hands failing to maintain a structure, producing physical decay); in Matt.20.3,6 it operates as an economic/circumstantial state (lack of an employer/opportunity) reversed by verbal address and assignment; in 1Tim.5.13/Titus.1.12 it operates as a habitual moral-social vice generating further vices (gossip, meddling); in 2Pet.1.8/Jas.2.20 it operates metaphorically as spiritual unfruitfulness/uselessness of qualities or faith; in 2Pet.2.3 it operates as personified negation describing the unceasing operation of divine judgement.",answered-no-flag,action-impact,char-answers,H8220,idleness,indolence,"[""M67"", ""T2""]","Through sloth the roof sinks in, and through indolence the house leaks.",Ecc 10:18,M67_A_dispositional_idleness,Idleness as inert state or condition,M67_A_dispositional_idleness,M67,Sloth & Diligence,D10.6.2,H8220,"Through sloth the roof sinks in, and through indolence the house leaks.",D10.6.2,action-impact,"Does the mechanism differ across contexts in the evidence; if so, how?"
672,934,,"Yes, the mechanism differs sharply by context: in Eccl.10.18 idleness operates through bodily/instrumental neglect (slack hands failing to maintain a structure, producing physical decay); in Matt.20.3,6 it operates as an economic/circumstantial state (lack of an employer/opportunity) reversed by verbal address and assignment; in 1Tim.5.13/Titus.1.12 it operates as a habitual moral-social vice generating further vices (gossip, meddling); in 2Pet.1.8/Jas.2.20 it operates metaphorically as spiritual unfruitfulness/uselessness of qualities or faith; in 2Pet.2.3 it operates as personified negation describing the unceasing operation of divine judgement.",answered-no-flag,action-impact,char-answers,G0692,idle,idle,"[""M67"", ""T2""]","And about the eleventh hour he went out and found others standing. And he said to them, ‘ Why do you stand here idle all day?’",Mat 20:6,M67_A_dispositional_idleness,Idleness as inert state or condition,M67_A_dispositional_idleness,M67,Sloth & Diligence,D10.6.2,G0692,"And about the eleventh hour he went out and found others standing. And he said to them, ‘ Why do you stand here idle all day?’",D10.6.2,action-impact,"Does the mechanism differ across contexts in the evidence; if so, how?"
672,935,,"Yes, the mechanism differs sharply by context: in Eccl.10.18 idleness operates through bodily/instrumental neglect (slack hands failing to maintain a structure, producing physical decay); in Matt.20.3,6 it operates as an economic/circumstantial state (lack of an employer/opportunity) reversed by verbal address and assignment; in 1Tim.5.13/Titus.1.12 it operates as a habitual moral-social vice generating further vices (gossip, meddling); in 2Pet.1.8/Jas.2.20 it operates metaphorically as spiritual unfruitfulness/uselessness of qualities or faith; in 2Pet.2.3 it operates as personified negation describing the unceasing operation of divine judgement.",answered-no-flag,action-impact,char-answers,G0692,idle,idlers,"[""M67"", ""T2""]","Besides that, they learn to be idlers, going about from house to house, and not only idlers, but also gossips and busybodies, saying what they should not.",1Ti 5:13,M67_A_dispositional_idleness,Idleness as inert state or condition,M67_A_dispositional_idleness,M67,Sloth & Diligence,D10.6.2,G0692,"Besides that, they learn to be idlers, going about from house to house, and not only idlers, but also gossips and busybodies, saying what they should not.",D10.6.2,action-impact,"Does the mechanism differ across contexts in the evidence; if so, how?"
672,935,,"Yes, the mechanism differs sharply by context: in Eccl.10.18 idleness operates through bodily/instrumental neglect (slack hands failing to maintain a structure, producing physical decay); in Matt.20.3,6 it operates as an economic/circumstantial state (lack of an employer/opportunity) reversed by verbal address and assignment; in 1Tim.5.13/Titus.1.12 it operates as a habitual moral-social vice generating further vices (gossip, meddling); in 2Pet.1.8/Jas.2.20 it operates metaphorically as spiritual unfruitfulness/uselessness of qualities or faith; in 2Pet.2.3 it operates as personified negation describing the unceasing operation of divine judgement.",answered-no-flag,action-impact,char-answers,G0692,idle,idlers,"[""M67"", ""T2""]","Besides that, they learn to be idlers, going about from house to house, and not only idlers, but also gossips and busybodies, saying what they should not.",1Ti 5:13,M67_A_dispositional_idleness,Idleness as inert state or condition,M67_A_dispositional_idleness,M67,Sloth & Diligence,D10.6.2,G0692,"Besides that, they learn to be idlers, going about from house to house, and not only idlers, but also gossips and busybodies, saying what they should not.",D10.6.2,action-impact,"Does the mechanism differ across contexts in the evidence; if so, how?"
672,936,,"Yes, the mechanism differs sharply by context: in Eccl.10.18 idleness operates through bodily/instrumental neglect (slack hands failing to maintain a structure, producing physical decay); in Matt.20.3,6 it operates as an economic/circumstantial state (lack of an employer/opportunity) reversed by verbal address and assignment; in 1Tim.5.13/Titus.1.12 it operates as a habitual moral-social vice generating further vices (gossip, meddling); in 2Pet.1.8/Jas.2.20 it operates metaphorically as spiritual unfruitfulness/uselessness of qualities or faith; in 2Pet.2.3 it operates as personified negation describing the unceasing operation of divine judgement.",answered-no-flag,action-impact,char-answers,G0692,idle,ineffective,"[""M67"", ""T2""]","For if these qualities are yours and are increasing, they keep you from being ineffective or unfruitful in the knowledge of our Lord Jesus Christ.",2Pe 1:8,M67_A_dispositional_idleness,Idleness as inert state or condition,M67_A_dispositional_idleness,M67,Sloth & Diligence,D10.6.2,G0692,"For if these qualities are yours and are increasing, they keep you from being ineffective or unfruitful in the knowledge of our Lord Jesus Christ.",D10.6.2,action-impact,"Does the mechanism differ across contexts in the evidence; if so, how?"
672,937,,"Yes, the mechanism differs sharply by context: in Eccl.10.18 idleness operates through bodily/instrumental neglect (slack hands failing to maintain a structure, producing physical decay); in Matt.20.3,6 it operates as an economic/circumstantial state (lack of an employer/opportunity) reversed by verbal address and assignment; in 1Tim.5.13/Titus.1.12 it operates as a habitual moral-social vice generating further vices (gossip, meddling); in 2Pet.1.8/Jas.2.20 it operates metaphorically as spiritual unfruitfulness/uselessness of qualities or faith; in 2Pet.2.3 it operates as personified negation describing the unceasing operation of divine judgement.",answered-no-flag,action-impact,char-answers,G0692,idle,useless,"[""M67"", ""T2""]","Do you want to be shown, you foolish person, that faith apart from works is useless?",Jam 2:20,M67_A_dispositional_idleness,Idleness as inert state or condition,M67_A_dispositional_idleness,M67,Sloth & Diligence,D10.6.2,G0692,"Do you want to be shown, you foolish person, that faith apart from works is useless?",D10.6.2,action-impact,"Does the mechanism differ across contexts in the evidence; if so, how?"
672,938,,"Yes, the mechanism differs sharply by context: in Eccl.10.18 idleness operates through bodily/instrumental neglect (slack hands failing to maintain a structure, producing physical decay); in Matt.20.3,6 it operates as an economic/circumstantial state (lack of an employer/opportunity) reversed by verbal address and assignment; in 1Tim.5.13/Titus.1.12 it operates as a habitual moral-social vice generating further vices (gossip, meddling); in 2Pet.1.8/Jas.2.20 it operates metaphorically as spiritual unfruitfulness/uselessness of qualities or faith; in 2Pet.2.3 it operates as personified negation describing the unceasing operation of divine judgement.",answered-no-flag,action-impact,char-answers,G0691,be idle,idle,"[""M67"", ""T2""]","And in their greed they will exploit you with false words. Their condemnation from long ago is not idle, and their destruction is not asleep.",2Pe 2:3,M67_A_dispositional_idleness,Idleness as inert state or condition,M67_A_dispositional_idleness,M67,Sloth & Diligence,D10.6.2,G0691,"And in their greed they will exploit you with false words. Their condemnation from long ago is not idle, and their destruction is not asleep.",D10.6.2,action-impact,"Does the mechanism differ across contexts in the evidence; if so, how?"
673,939,,"The characteristic reads as belonging to the fallen condition throughout the evidence -- idleness/indolence is uniformly presented as a deficiency to be overcome (via hiring in Matt.20, via rebuke in 1Tim.5.13/Titus.1.12, via growth in virtue in 2Pet.1.8, via works in Jas.2.20) or as producing decay (Eccl.10.18), never as part of created design or a good creational rest. Only the personified negative use in 2Pet.2.3 ('is not idle') affirms divine activity, which is a different register entirely (attribute of God's judgement, not a human characteristic of created design).",answered-no-flag,origin,char-answers,G0692,idle,idle,"[""M67"", ""T2""]","And going out about the third hour he saw others standing idle in the marketplace,",Mat 20:3,M67_A_dispositional_idleness,Idleness as inert state or condition,M67_A_dispositional_idleness,M67,Sloth & Diligence,D11.1.1,G0692,"And going out about the third hour he saw others standing idle in the marketplace,",D11.1.1,origin,"Across the evidence, does the characteristic's role read as belonging to created design, to the fallen condition, to both, or as not determinable?"
673,940,,"The characteristic reads as belonging to the fallen condition throughout the evidence -- idleness/indolence is uniformly presented as a deficiency to be overcome (via hiring in Matt.20, via rebuke in 1Tim.5.13/Titus.1.12, via growth in virtue in 2Pet.1.8, via works in Jas.2.20) or as producing decay (Eccl.10.18), never as part of created design or a good creational rest. Only the personified negative use in 2Pet.2.3 ('is not idle') affirms divine activity, which is a different register entirely (attribute of God's judgement, not a human characteristic of created design).",answered-no-flag,origin,char-answers,G0692,idle,idlers,"[""M67"", ""T2""]","Besides that, they learn to be idlers, going about from house to house, and not only idlers, but also gossips and busybodies, saying what they should not.",1Ti 5:13,M67_A_dispositional_idleness,Idleness as inert state or condition,M67_A_dispositional_idleness,M67,Sloth & Diligence,D11.1.1,G0692,"Besides that, they learn to be idlers, going about from house to house, and not only idlers, but also gossips and busybodies, saying what they should not.",D11.1.1,origin,"Across the evidence, does the characteristic's role read as belonging to created design, to the fallen condition, to both, or as not determinable?"
673,940,,"The characteristic reads as belonging to the fallen condition throughout the evidence -- idleness/indolence is uniformly presented as a deficiency to be overcome (via hiring in Matt.20, via rebuke in 1Tim.5.13/Titus.1.12, via growth in virtue in 2Pet.1.8, via works in Jas.2.20) or as producing decay (Eccl.10.18), never as part of created design or a good creational rest. Only the personified negative use in 2Pet.2.3 ('is not idle') affirms divine activity, which is a different register entirely (attribute of God's judgement, not a human characteristic of created design).",answered-no-flag,origin,char-answers,G0692,idle,idlers,"[""M67"", ""T2""]","Besides that, they learn to be idlers, going about from house to house, and not only idlers, but also gossips and busybodies, saying what they should not.",1Ti 5:13,M67_A_dispositional_idleness,Idleness as inert state or condition,M67_A_dispositional_idleness,M67,Sloth & Diligence,D11.1.1,G0692,"Besides that, they learn to be idlers, going about from house to house, and not only idlers, but also gossips and busybodies, saying what they should not.",D11.1.1,origin,"Across the evidence, does the characteristic's role read as belonging to created design, to the fallen condition, to both, or as not determinable?"
673,941,,"The characteristic reads as belonging to the fallen condition throughout the evidence -- idleness/indolence is uniformly presented as a deficiency to be overcome (via hiring in Matt.20, via rebuke in 1Tim.5.13/Titus.1.12, via growth in virtue in 2Pet.1.8, via works in Jas.2.20) or as producing decay (Eccl.10.18), never as part of created design or a good creational rest. Only the personified negative use in 2Pet.2.3 ('is not idle') affirms divine activity, which is a different register entirely (attribute of God's judgement, not a human characteristic of created design).",answered-no-flag,origin,char-answers,H8220,idleness,indolence,"[""M67"", ""T2""]","Through sloth the roof sinks in, and through indolence the house leaks.",Ecc 10:18,M67_A_dispositional_idleness,Idleness as inert state or condition,M67_A_dispositional_idleness,M67,Sloth & Diligence,D11.1.1,H8220,"Through sloth the roof sinks in, and through indolence the house leaks.",D11.1.1,origin,"Across the evidence, does the characteristic's role read as belonging to created design, to the fallen condition, to both, or as not determinable?"
674,942,,"It varies by context: circumstantial/transient (Matt.20.3,6, economic waiting), habitual/dispositional (1Tim.5.13, Titus.1.12, moral censure), physically-mediated condition (Eccl.10.18, slack hands), metaphorical-abstract personification (2Pet.2.3, judgement not idle), and metaphorical spiritual barrenness (2Pet.1.8; Jas.2.20). No single felt quality is uniform across the subgroup.",answered-no-flag,affective,char-answers,G0692,idle,idle,"[""M67"", ""T2""]","And going out about the third hour he saw others standing idle in the marketplace,",Mat 20:3,M67_A_dispositional_idleness,Idleness as inert state or condition,M67_A_dispositional_idleness,M67,Sloth & Diligence,D2.1.2,G0692,"And going out about the third hour he saw others standing idle in the marketplace,",D2.1.2,affective,"Across the verses, is the felt quality consistent, or does it vary by context?"
674,943,,"It varies by context: circumstantial/transient (Matt.20.3,6, economic waiting), habitual/dispositional (1Tim.5.13, Titus.1.12, moral censure), physically-mediated condition (Eccl.10.18, slack hands), metaphorical-abstract personification (2Pet.2.3, judgement not idle), and metaphorical spiritual barrenness (2Pet.1.8; Jas.2.20). No single felt quality is uniform across the subgroup.",answered-no-flag,affective,char-answers,G0692,idle,idlers,"[""M67"", ""T2""]","Besides that, they learn to be idlers, going about from house to house, and not only idlers, but also gossips and busybodies, saying what they should not.",1Ti 5:13,M67_A_dispositional_idleness,Idleness as inert state or condition,M67_A_dispositional_idleness,M67,Sloth & Diligence,D2.1.2,G0692,"Besides that, they learn to be idlers, going about from house to house, and not only idlers, but also gossips and busybodies, saying what they should not.",D2.1.2,affective,"Across the verses, is the felt quality consistent, or does it vary by context?"
674,943,,"It varies by context: circumstantial/transient (Matt.20.3,6, economic waiting), habitual/dispositional (1Tim.5.13, Titus.1.12, moral censure), physically-mediated condition (Eccl.10.18, slack hands), metaphorical-abstract personification (2Pet.2.3, judgement not idle), and metaphorical spiritual barrenness (2Pet.1.8; Jas.2.20). No single felt quality is uniform across the subgroup.",answered-no-flag,affective,char-answers,G0692,idle,idlers,"[""M67"", ""T2""]","Besides that, they learn to be idlers, going about from house to house, and not only idlers, but also gossips and busybodies, saying what they should not.",1Ti 5:13,M67_A_dispositional_idleness,Idleness as inert state or condition,M67_A_dispositional_idleness,M67,Sloth & Diligence,D2.1.2,G0692,"Besides that, they learn to be idlers, going about from house to house, and not only idlers, but also gossips and busybodies, saying what they should not.",D2.1.2,affective,"Across the verses, is the felt quality consistent, or does it vary by context?"
674,944,,"It varies by context: circumstantial/transient (Matt.20.3,6, economic waiting), habitual/dispositional (1Tim.5.13, Titus.1.12, moral censure), physically-mediated condition (Eccl.10.18, slack hands), metaphorical-abstract personification (2Pet.2.3, judgement not idle), and metaphorical spiritual barrenness (2Pet.1.8; Jas.2.20). No single felt quality is uniform across the subgroup.",answered-no-flag,affective,char-answers,H8220,idleness,indolence,"[""M67"", ""T2""]","Through sloth the roof sinks in, and through indolence the house leaks.",Ecc 10:18,M67_A_dispositional_idleness,Idleness as inert state or condition,M67_A_dispositional_idleness,M67,Sloth & Diligence,D2.1.2,H8220,"Through sloth the roof sinks in, and through indolence the house leaks.",D2.1.2,affective,"Across the verses, is the felt quality consistent, or does it vary by context?"
674,945,,"It varies by context: circumstantial/transient (Matt.20.3,6, economic waiting), habitual/dispositional (1Tim.5.13, Titus.1.12, moral censure), physically-mediated condition (Eccl.10.18, slack hands), metaphorical-abstract personification (2Pet.2.3, judgement not idle), and metaphorical spiritual barrenness (2Pet.1.8; Jas.2.20). No single felt quality is uniform across the subgroup.",answered-no-flag,affective,char-answers,G0691,be idle,idle,"[""M67"", ""T2""]","And in their greed they will exploit you with false words. Their condemnation from long ago is not idle, and their destruction is not asleep.",2Pe 2:3,M67_A_dispositional_idleness,Idleness as inert state or condition,M67_A_dispositional_idleness,M67,Sloth & Diligence,D2.1.2,G0691,"And in their greed they will exploit you with false words. Their condemnation from long ago is not idle, and their destruction is not asleep.",D2.1.2,affective,"Across the verses, is the felt quality consistent, or does it vary by context?"
674,946,,"It varies by context: circumstantial/transient (Matt.20.3,6, economic waiting), habitual/dispositional (1Tim.5.13, Titus.1.12, moral censure), physically-mediated condition (Eccl.10.18, slack hands), metaphorical-abstract personification (2Pet.2.3, judgement not idle), and metaphorical spiritual barrenness (2Pet.1.8; Jas.2.20). No single felt quality is uniform across the subgroup.",answered-no-flag,affective,char-answers,G0692,idle,ineffective,"[""M67"", ""T2""]","For if these qualities are yours and are increasing, they keep you from being ineffective or unfruitful in the knowledge of our Lord Jesus Christ.",2Pe 1:8,M67_A_dispositional_idleness,Idleness as inert state or condition,M67_A_dispositional_idleness,M67,Sloth & Diligence,D2.1.2,G0692,"For if these qualities are yours and are increasing, they keep you from being ineffective or unfruitful in the knowledge of our Lord Jesus Christ.",D2.1.2,affective,"Across the verses, is the felt quality consistent, or does it vary by context?"
675,947,,"Yes -- mode varies: literal/physical (Matt.20.3,6 -- standing unemployed; Eccl.10.18 -- slack hands causing structural decay), social-habitual (1Tim.5.13; Titus.1.12 -- persons characterized as idlers/gluttons), verbal-moral (Matt.12.36 -- careless words), spiritual-metaphorical (2Pet.1.8 -- ineffective in knowledge; Jas.2.20 -- useless faith), and abstract-personified (2Pet.2.3 -- condemnation not idle). Constitutional level ranges from bodily/hand-instrumental (H8220) to purely predicated-abstract (G0691).",answered-no-flag,operational,char-answers,G0692,idle,idle,"[""M67"", ""T2""]","And going out about the third hour he saw others standing idle in the marketplace,",Mat 20:3,M67_A_dispositional_idleness,Idleness as inert state or condition,M67_A_dispositional_idleness,M67,Sloth & Diligence,D3.1.2,G0692,"And going out about the third hour he saw others standing idle in the marketplace,",D3.1.2,operational,"Does the mode of operation vary by context, direction, or constitutional level; if so, how?"
675,948,,"Yes -- mode varies: literal/physical (Matt.20.3,6 -- standing unemployed; Eccl.10.18 -- slack hands causing structural decay), social-habitual (1Tim.5.13; Titus.1.12 -- persons characterized as idlers/gluttons), verbal-moral (Matt.12.36 -- careless words), spiritual-metaphorical (2Pet.1.8 -- ineffective in knowledge; Jas.2.20 -- useless faith), and abstract-personified (2Pet.2.3 -- condemnation not idle). Constitutional level ranges from bodily/hand-instrumental (H8220) to purely predicated-abstract (G0691).",answered-no-flag,operational,char-answers,H8220,idleness,indolence,"[""M67"", ""T2""]","Through sloth the roof sinks in, and through indolence the house leaks.",Ecc 10:18,M67_A_dispositional_idleness,Idleness as inert state or condition,M67_A_dispositional_idleness,M67,Sloth & Diligence,D3.1.2,H8220,"Through sloth the roof sinks in, and through indolence the house leaks.",D3.1.2,operational,"Does the mode of operation vary by context, direction, or constitutional level; if so, how?"
675,949,,"Yes -- mode varies: literal/physical (Matt.20.3,6 -- standing unemployed; Eccl.10.18 -- slack hands causing structural decay), social-habitual (1Tim.5.13; Titus.1.12 -- persons characterized as idlers/gluttons), verbal-moral (Matt.12.36 -- careless words), spiritual-metaphorical (2Pet.1.8 -- ineffective in knowledge; Jas.2.20 -- useless faith), and abstract-personified (2Pet.2.3 -- condemnation not idle). Constitutional level ranges from bodily/hand-instrumental (H8220) to purely predicated-abstract (G0691).",answered-no-flag,operational,char-answers,G0692,idle,idlers,"[""M67"", ""T2""]","Besides that, they learn to be idlers, going about from house to house, and not only idlers, but also gossips and busybodies, saying what they should not.",1Ti 5:13,M67_A_dispositional_idleness,Idleness as inert state or condition,M67_A_dispositional_idleness,M67,Sloth & Diligence,D3.1.2,G0692,"Besides that, they learn to be idlers, going about from house to house, and not only idlers, but also gossips and busybodies, saying what they should not.",D3.1.2,operational,"Does the mode of operation vary by context, direction, or constitutional level; if so, how?"
675,949,,"Yes -- mode varies: literal/physical (Matt.20.3,6 -- standing unemployed; Eccl.10.18 -- slack hands causing structural decay), social-habitual (1Tim.5.13; Titus.1.12 -- persons characterized as idlers/gluttons), verbal-moral (Matt.12.36 -- careless words), spiritual-metaphorical (2Pet.1.8 -- ineffective in knowledge; Jas.2.20 -- useless faith), and abstract-personified (2Pet.2.3 -- condemnation not idle). Constitutional level ranges from bodily/hand-instrumental (H8220) to purely predicated-abstract (G0691).",answered-no-flag,operational,char-answers,G0692,idle,idlers,"[""M67"", ""T2""]","Besides that, they learn to be idlers, going about from house to house, and not only idlers, but also gossips and busybodies, saying what they should not.",1Ti 5:13,M67_A_dispositional_idleness,Idleness as inert state or condition,M67_A_dispositional_idleness,M67,Sloth & Diligence,D3.1.2,G0692,"Besides that, they learn to be idlers, going about from house to house, and not only idlers, but also gossips and busybodies, saying what they should not.",D3.1.2,operational,"Does the mode of operation vary by context, direction, or constitutional level; if so, how?"
675,950,,"Yes -- mode varies: literal/physical (Matt.20.3,6 -- standing unemployed; Eccl.10.18 -- slack hands causing structural decay), social-habitual (1Tim.5.13; Titus.1.12 -- persons characterized as idlers/gluttons), verbal-moral (Matt.12.36 -- careless words), spiritual-metaphorical (2Pet.1.8 -- ineffective in knowledge; Jas.2.20 -- useless faith), and abstract-personified (2Pet.2.3 -- condemnation not idle). Constitutional level ranges from bodily/hand-instrumental (H8220) to purely predicated-abstract (G0691).",answered-no-flag,operational,char-answers,G0692,idle,careless,"[""M67"", ""T2""]","I tell you, on the day of judgment people will give account for every careless word they speak,",Mat 12:36,M67_A_dispositional_idleness,Idleness as inert state or condition,M67_A_dispositional_idleness,M67,Sloth & Diligence,D3.1.2,G0692,"I tell you, on the day of judgment people will give account for every careless word they speak,",D3.1.2,operational,"Does the mode of operation vary by context, direction, or constitutional level; if so, how?"
675,951,,"Yes -- mode varies: literal/physical (Matt.20.3,6 -- standing unemployed; Eccl.10.18 -- slack hands causing structural decay), social-habitual (1Tim.5.13; Titus.1.12 -- persons characterized as idlers/gluttons), verbal-moral (Matt.12.36 -- careless words), spiritual-metaphorical (2Pet.1.8 -- ineffective in knowledge; Jas.2.20 -- useless faith), and abstract-personified (2Pet.2.3 -- condemnation not idle). Constitutional level ranges from bodily/hand-instrumental (H8220) to purely predicated-abstract (G0691).",answered-no-flag,operational,char-answers,G0692,idle,ineffective,"[""M67"", ""T2""]","For if these qualities are yours and are increasing, they keep you from being ineffective or unfruitful in the knowledge of our Lord Jesus Christ.",2Pe 1:8,M67_A_dispositional_idleness,Idleness as inert state or condition,M67_A_dispositional_idleness,M67,Sloth & Diligence,D3.1.2,G0692,"For if these qualities are yours and are increasing, they keep you from being ineffective or unfruitful in the knowledge of our Lord Jesus Christ.",D3.1.2,operational,"Does the mode of operation vary by context, direction, or constitutional level; if so, how?"
675,952,,"Yes -- mode varies: literal/physical (Matt.20.3,6 -- standing unemployed; Eccl.10.18 -- slack hands causing structural decay), social-habitual (1Tim.5.13; Titus.1.12 -- persons characterized as idlers/gluttons), verbal-moral (Matt.12.36 -- careless words), spiritual-metaphorical (2Pet.1.8 -- ineffective in knowledge; Jas.2.20 -- useless faith), and abstract-personified (2Pet.2.3 -- condemnation not idle). Constitutional level ranges from bodily/hand-instrumental (H8220) to purely predicated-abstract (G0691).",answered-no-flag,operational,char-answers,G0692,idle,useless,"[""M67"", ""T2""]","Do you want to be shown, you foolish person, that faith apart from works is useless?",Jam 2:20,M67_A_dispositional_idleness,Idleness as inert state or condition,M67_A_dispositional_idleness,M67,Sloth & Diligence,D3.1.2,G0692,"Do you want to be shown, you foolish person, that faith apart from works is useless?",D3.1.2,operational,"Does the mode of operation vary by context, direction, or constitutional level; if so, how?"
675,953,,"Yes -- mode varies: literal/physical (Matt.20.3,6 -- standing unemployed; Eccl.10.18 -- slack hands causing structural decay), social-habitual (1Tim.5.13; Titus.1.12 -- persons characterized as idlers/gluttons), verbal-moral (Matt.12.36 -- careless words), spiritual-metaphorical (2Pet.1.8 -- ineffective in knowledge; Jas.2.20 -- useless faith), and abstract-personified (2Pet.2.3 -- condemnation not idle). Constitutional level ranges from bodily/hand-instrumental (H8220) to purely predicated-abstract (G0691).",answered-no-flag,operational,char-answers,G0691,be idle,idle,"[""M67"", ""T2""]","And in their greed they will exploit you with false words. Their condemnation from long ago is not idle, and their destruction is not asleep.",2Pe 2:3,M67_A_dispositional_idleness,Idleness as inert state or condition,M67_A_dispositional_idleness,M67,Sloth & Diligence,D3.1.2,G0691,"And in their greed they will exploit you with false words. Their condemnation from long ago is not idle, and their destruction is not asleep.",D3.1.2,operational,"Does the mode of operation vary by context, direction, or constitutional level; if so, how?"
676,954,,No comparable speech-based confrontation is present for G0691 or H8220's own occurrence -- those verses describe rather than address the state directly.,answered-no-flag,operational,char-answers,G0691,be idle,idle,"[""M67"", ""T2""]","And in their greed they will exploit you with false words. Their condemnation from long ago is not idle, and their destruction is not asleep.",2Pe 2:3,M67_A_dispositional_idleness,Idleness as inert state or condition,M67_A_dispositional_idleness,M67,Sloth & Diligence,D3.1.3,G0691,"And in their greed they will exploit you with false words. Their condemnation from long ago is not idle, and their destruction is not asleep.",D3.1.3,operational,"Does the characteristic operate through a communicative or speech-based mode (commanded, addressed, spoken); if so, how? Record it, or record none."
676,955,,No comparable speech-based confrontation is present for G0691 or H8220's own occurrence -- those verses describe rather than address the state directly.,answered-no-flag,operational,char-answers,H8220,idleness,indolence,"[""M67"", ""T2""]","Through sloth the roof sinks in, and through indolence the house leaks.",Ecc 10:18,M67_A_dispositional_idleness,Idleness as inert state or condition,M67_A_dispositional_idleness,M67,Sloth & Diligence,D3.1.3,H8220,"Through sloth the roof sinks in, and through indolence the house leaks.",D3.1.3,operational,"Does the characteristic operate through a communicative or speech-based mode (commanded, addressed, spoken); if so, how? Record it, or record none."
677,956,,"Idleness/uselessness takes hold rightly (i.e. is rightly named/exposed) under conditions of neglect: slack hands (Eccl.10.18), lack of assigned work/opportunity (Matt.20.3,6), habitual house-to-house wandering without occupation (1Tim.5.13), and absence of works accompanying professed faith (Jas.2.20). Inwardly, its 'proper' operation (as a negative diagnostic) requires an underlying absence of diligence, zeal, or productive engagement.",answered-no-flag,operational,char-answers,H8220,idleness,indolence,"[""M67"", ""T2""]","Through sloth the roof sinks in, and through indolence the house leaks.",Ecc 10:18,M67_A_dispositional_idleness,Idleness as inert state or condition,M67_A_dispositional_idleness,M67,Sloth & Diligence,D3.2.1,H8220,"Through sloth the roof sinks in, and through indolence the house leaks.",D3.2.1,operational,Under what inner conditions does the characteristic take hold or operate rightly?
677,957,,"Idleness/uselessness takes hold rightly (i.e. is rightly named/exposed) under conditions of neglect: slack hands (Eccl.10.18), lack of assigned work/opportunity (Matt.20.3,6), habitual house-to-house wandering without occupation (1Tim.5.13), and absence of works accompanying professed faith (Jas.2.20). Inwardly, its 'proper' operation (as a negative diagnostic) requires an underlying absence of diligence, zeal, or productive engagement.",answered-no-flag,operational,char-answers,G0692,idle,idle,"[""M67"", ""T2""]","And going out about the third hour he saw others standing idle in the marketplace,",Mat 20:3,M67_A_dispositional_idleness,Idleness as inert state or condition,M67_A_dispositional_idleness,M67,Sloth & Diligence,D3.2.1,G0692,"And going out about the third hour he saw others standing idle in the marketplace,",D3.2.1,operational,Under what inner conditions does the characteristic take hold or operate rightly?
677,958,,"Idleness/uselessness takes hold rightly (i.e. is rightly named/exposed) under conditions of neglect: slack hands (Eccl.10.18), lack of assigned work/opportunity (Matt.20.3,6), habitual house-to-house wandering without occupation (1Tim.5.13), and absence of works accompanying professed faith (Jas.2.20). Inwardly, its 'proper' operation (as a negative diagnostic) requires an underlying absence of diligence, zeal, or productive engagement.",answered-no-flag,operational,char-answers,G0692,idle,idlers,"[""M67"", ""T2""]","Besides that, they learn to be idlers, going about from house to house, and not only idlers, but also gossips and busybodies, saying what they should not.",1Ti 5:13,M67_A_dispositional_idleness,Idleness as inert state or condition,M67_A_dispositional_idleness,M67,Sloth & Diligence,D3.2.1,G0692,"Besides that, they learn to be idlers, going about from house to house, and not only idlers, but also gossips and busybodies, saying what they should not.",D3.2.1,operational,Under what inner conditions does the characteristic take hold or operate rightly?
677,958,,"Idleness/uselessness takes hold rightly (i.e. is rightly named/exposed) under conditions of neglect: slack hands (Eccl.10.18), lack of assigned work/opportunity (Matt.20.3,6), habitual house-to-house wandering without occupation (1Tim.5.13), and absence of works accompanying professed faith (Jas.2.20). Inwardly, its 'proper' operation (as a negative diagnostic) requires an underlying absence of diligence, zeal, or productive engagement.",answered-no-flag,operational,char-answers,G0692,idle,idlers,"[""M67"", ""T2""]","Besides that, they learn to be idlers, going about from house to house, and not only idlers, but also gossips and busybodies, saying what they should not.",1Ti 5:13,M67_A_dispositional_idleness,Idleness as inert state or condition,M67_A_dispositional_idleness,M67,Sloth & Diligence,D3.2.1,G0692,"Besides that, they learn to be idlers, going about from house to house, and not only idlers, but also gossips and busybodies, saying what they should not.",D3.2.1,operational,Under what inner conditions does the characteristic take hold or operate rightly?
677,959,,"Idleness/uselessness takes hold rightly (i.e. is rightly named/exposed) under conditions of neglect: slack hands (Eccl.10.18), lack of assigned work/opportunity (Matt.20.3,6), habitual house-to-house wandering without occupation (1Tim.5.13), and absence of works accompanying professed faith (Jas.2.20). Inwardly, its 'proper' operation (as a negative diagnostic) requires an underlying absence of diligence, zeal, or productive engagement.",answered-no-flag,operational,char-answers,G0692,idle,useless,"[""M67"", ""T2""]","Do you want to be shown, you foolish person, that faith apart from works is useless?",Jam 2:20,M67_A_dispositional_idleness,Idleness as inert state or condition,M67_A_dispositional_idleness,M67,Sloth & Diligence,D3.2.1,G0692,"Do you want to be shown, you foolish person, that faith apart from works is useless?",D3.2.1,operational,Under what inner conditions does the characteristic take hold or operate rightly?
678,960,,"Idleness/ineffectiveness is blocked or reversed where increasing virtues/qualities are present (2Pet.1.8 -- these qualities 'keep you from being ineffective or unfruitful'), and where diligence, opportunity, or willingness to work is present (Matt.20.3-6, resolved once the men are hired). No adversarial-spirit interference is shown in any occurrence.",answered-no-flag,operational,char-answers,G0692,idle,ineffective,"[""M67"", ""T2""]","For if these qualities are yours and are increasing, they keep you from being ineffective or unfruitful in the knowledge of our Lord Jesus Christ.",2Pe 1:8,M67_A_dispositional_idleness,Idleness as inert state or condition,M67_A_dispositional_idleness,M67,Sloth & Diligence,D3.2.2,G0692,"For if these qualities are yours and are increasing, they keep you from being ineffective or unfruitful in the knowledge of our Lord Jesus Christ.",D3.2.2,operational,"Under what inner conditions is the characteristic blocked, distorted, resisted, or not taken up — including, where the evidence shows it, distortion or interference by another spirit (adversarial or angelic)?"
678,961,,"Idleness/ineffectiveness is blocked or reversed where increasing virtues/qualities are present (2Pet.1.8 -- these qualities 'keep you from being ineffective or unfruitful'), and where diligence, opportunity, or willingness to work is present (Matt.20.3-6, resolved once the men are hired). No adversarial-spirit interference is shown in any occurrence.",answered-no-flag,operational,char-answers,G0692,idle,idle,"[""M67"", ""T2""]","And going out about the third hour he saw others standing idle in the marketplace,",Mat 20:3,M67_A_dispositional_idleness,Idleness as inert state or condition,M67_A_dispositional_idleness,M67,Sloth & Diligence,D3.2.2,G0692,"And going out about the third hour he saw others standing idle in the marketplace,",D3.2.2,operational,"Under what inner conditions is the characteristic blocked, distorted, resisted, or not taken up — including, where the evidence shows it, distortion or interference by another spirit (adversarial or angelic)?"
679,962,,"Not directly evidenced -- the subgroup's occurrences describe the characteristic present or absent as a description of the person's outward state, but do not depict a scenario where idleness is present in a person yet somehow fails to 'take hold' as a separate inner-being condition from what is externally visible.",no-human-context,operational,char-answers,G0692,idle,idlers,"[""M67"", ""T2""]","Besides that, they learn to be idlers, going about from house to house, and not only idlers, but also gossips and busybodies, saying what they should not.",1Ti 5:13,M67_A_dispositional_idleness,Idleness as inert state or condition,M67_A_dispositional_idleness,M67,Sloth & Diligence,D3.2.3,G0692,"Besides that, they learn to be idlers, going about from house to house, and not only idlers, but also gossips and busybodies, saying what they should not.",D3.2.3,operational,What is the inner-being state of the person in whom the characteristic is present but does not take hold?
679,962,,"Not directly evidenced -- the subgroup's occurrences describe the characteristic present or absent as a description of the person's outward state, but do not depict a scenario where idleness is present in a person yet somehow fails to 'take hold' as a separate inner-being condition from what is externally visible.",no-human-context,operational,char-answers,G0692,idle,idlers,"[""M67"", ""T2""]","Besides that, they learn to be idlers, going about from house to house, and not only idlers, but also gossips and busybodies, saying what they should not.",1Ti 5:13,M67_A_dispositional_idleness,Idleness as inert state or condition,M67_A_dispositional_idleness,M67,Sloth & Diligence,D3.2.3,G0692,"Besides that, they learn to be idlers, going about from house to house, and not only idlers, but also gossips and busybodies, saying what they should not.",D3.2.3,operational,What is the inner-being state of the person in whom the characteristic is present but does not take hold?
680,963,,"Yes -- within existing relational/household bonds, idleness manifests as intrusive wandering 'from house to house' generating gossip (1Tim.5.13), a socially embedded vice; across relational distance (Matt.20.3,6) it is a neutral labor-market condition resolved by a master hiring strangers found in the marketplace. The domestic image in Eccl.10.18 (a single house) situates idleness within the bond of ownership/stewardship of one's own household.",answered-no-flag,relational,char-answers,G0692,idle,idlers,"[""M67"", ""T2""]","Besides that, they learn to be idlers, going about from house to house, and not only idlers, but also gossips and busybodies, saying what they should not.",1Ti 5:13,M67_A_dispositional_idleness,Idleness as inert state or condition,M67_A_dispositional_idleness,M67,Sloth & Diligence,D4.1.1,G0692,"Besides that, they learn to be idlers, going about from house to house, and not only idlers, but also gossips and busybodies, saying what they should not.",D4.1.1,relational,"Does the evidence show the characteristic operating differently within existing relational bonds versus across relational distance or difference; if so, how?"
680,963,,"Yes -- within existing relational/household bonds, idleness manifests as intrusive wandering 'from house to house' generating gossip (1Tim.5.13), a socially embedded vice; across relational distance (Matt.20.3,6) it is a neutral labor-market condition resolved by a master hiring strangers found in the marketplace. The domestic image in Eccl.10.18 (a single house) situates idleness within the bond of ownership/stewardship of one's own household.",answered-no-flag,relational,char-answers,G0692,idle,idlers,"[""M67"", ""T2""]","Besides that, they learn to be idlers, going about from house to house, and not only idlers, but also gossips and busybodies, saying what they should not.",1Ti 5:13,M67_A_dispositional_idleness,Idleness as inert state or condition,M67_A_dispositional_idleness,M67,Sloth & Diligence,D4.1.1,G0692,"Besides that, they learn to be idlers, going about from house to house, and not only idlers, but also gossips and busybodies, saying what they should not.",D4.1.1,relational,"Does the evidence show the characteristic operating differently within existing relational bonds versus across relational distance or difference; if so, how?"
680,964,,"Yes -- within existing relational/household bonds, idleness manifests as intrusive wandering 'from house to house' generating gossip (1Tim.5.13), a socially embedded vice; across relational distance (Matt.20.3,6) it is a neutral labor-market condition resolved by a master hiring strangers found in the marketplace. The domestic image in Eccl.10.18 (a single house) situates idleness within the bond of ownership/stewardship of one's own household.",answered-no-flag,relational,char-answers,G0692,idle,idle,"[""M67"", ""T2""]","And going out about the third hour he saw others standing idle in the marketplace,",Mat 20:3,M67_A_dispositional_idleness,Idleness as inert state or condition,M67_A_dispositional_idleness,M67,Sloth & Diligence,D4.1.1,G0692,"And going out about the third hour he saw others standing idle in the marketplace,",D4.1.1,relational,"Does the evidence show the characteristic operating differently within existing relational bonds versus across relational distance or difference; if so, how?"
680,965,,"Yes -- within existing relational/household bonds, idleness manifests as intrusive wandering 'from house to house' generating gossip (1Tim.5.13), a socially embedded vice; across relational distance (Matt.20.3,6) it is a neutral labor-market condition resolved by a master hiring strangers found in the marketplace. The domestic image in Eccl.10.18 (a single house) situates idleness within the bond of ownership/stewardship of one's own household.",answered-no-flag,relational,char-answers,H8220,idleness,indolence,"[""M67"", ""T2""]","Through sloth the roof sinks in, and through indolence the house leaks.",Ecc 10:18,M67_A_dispositional_idleness,Idleness as inert state or condition,M67_A_dispositional_idleness,M67,Sloth & Diligence,D4.1.1,H8220,"Through sloth the roof sinks in, and through indolence the house leaks.",D4.1.1,relational,"Does the evidence show the characteristic operating differently within existing relational bonds versus across relational distance or difference; if so, how?"
681,966,,"The characteristic crosses covenantal boundaries -- it describes Cretan pagans (Titus.1.12), day-laborers in a parable with no covenant marker (Matt.20.3,6), a wisdom-literature domestic scene (Eccl.10.18), and church members/widows under apostolic instruction (1Tim.5.13) alike; it is not confined to covenant-community contexts.",answered-no-flag,relational,char-answers,G0692,idle,lazy,"[""M67"", ""T2""]","One of the Cretans, a prophet of their own, said, “ Cretans are always liars, evil beasts, lazy gluttons.”",Tit 1:12,M67_A_dispositional_idleness,Idleness as inert state or condition,M67_A_dispositional_idleness,M67,Sloth & Diligence,D4.1.2,G0692,"One of the Cretans, a prophet of their own, said, “ Cretans are always liars, evil beasts, lazy gluttons.”",D4.1.2,relational,"Does the characteristic operate within covenantal contexts only, or does it cross covenantal boundaries, as the evidence shows?"
681,967,,"The characteristic crosses covenantal boundaries -- it describes Cretan pagans (Titus.1.12), day-laborers in a parable with no covenant marker (Matt.20.3,6), a wisdom-literature domestic scene (Eccl.10.18), and church members/widows under apostolic instruction (1Tim.5.13) alike; it is not confined to covenant-community contexts.",answered-no-flag,relational,char-answers,G0692,idle,idle,"[""M67"", ""T2""]","And going out about the third hour he saw others standing idle in the marketplace,",Mat 20:3,M67_A_dispositional_idleness,Idleness as inert state or condition,M67_A_dispositional_idleness,M67,Sloth & Diligence,D4.1.2,G0692,"And going out about the third hour he saw others standing idle in the marketplace,",D4.1.2,relational,"Does the characteristic operate within covenantal contexts only, or does it cross covenantal boundaries, as the evidence shows?"
681,968,,"The characteristic crosses covenantal boundaries -- it describes Cretan pagans (Titus.1.12), day-laborers in a parable with no covenant marker (Matt.20.3,6), a wisdom-literature domestic scene (Eccl.10.18), and church members/widows under apostolic instruction (1Tim.5.13) alike; it is not confined to covenant-community contexts.",answered-no-flag,relational,char-answers,H8220,idleness,indolence,"[""M67"", ""T2""]","Through sloth the roof sinks in, and through indolence the house leaks.",Ecc 10:18,M67_A_dispositional_idleness,Idleness as inert state or condition,M67_A_dispositional_idleness,M67,Sloth & Diligence,D4.1.2,H8220,"Through sloth the roof sinks in, and through indolence the house leaks.",D4.1.2,relational,"Does the characteristic operate within covenantal contexts only, or does it cross covenantal boundaries, as the evidence shows?"
681,969,,"The characteristic crosses covenantal boundaries -- it describes Cretan pagans (Titus.1.12), day-laborers in a parable with no covenant marker (Matt.20.3,6), a wisdom-literature domestic scene (Eccl.10.18), and church members/widows under apostolic instruction (1Tim.5.13) alike; it is not confined to covenant-community contexts.",answered-no-flag,relational,char-answers,G0692,idle,idlers,"[""M67"", ""T2""]","Besides that, they learn to be idlers, going about from house to house, and not only idlers, but also gossips and busybodies, saying what they should not.",1Ti 5:13,M67_A_dispositional_idleness,Idleness as inert state or condition,M67_A_dispositional_idleness,M67,Sloth & Diligence,D4.1.2,G0692,"Besides that, they learn to be idlers, going about from house to house, and not only idlers, but also gossips and busybodies, saying what they should not.",D4.1.2,relational,"Does the characteristic operate within covenantal contexts only, or does it cross covenantal boundaries, as the evidence shows?"
681,969,,"The characteristic crosses covenantal boundaries -- it describes Cretan pagans (Titus.1.12), day-laborers in a parable with no covenant marker (Matt.20.3,6), a wisdom-literature domestic scene (Eccl.10.18), and church members/widows under apostolic instruction (1Tim.5.13) alike; it is not confined to covenant-community contexts.",answered-no-flag,relational,char-answers,G0692,idle,idlers,"[""M67"", ""T2""]","Besides that, they learn to be idlers, going about from house to house, and not only idlers, but also gossips and busybodies, saying what they should not.",1Ti 5:13,M67_A_dispositional_idleness,Idleness as inert state or condition,M67_A_dispositional_idleness,M67,Sloth & Diligence,D4.1.2,G0692,"Besides that, they learn to be idlers, going about from house to house, and not only idlers, but also gossips and busybodies, saying what they should not.",D4.1.2,relational,"Does the characteristic operate within covenantal contexts only, or does it cross covenantal boundaries, as the evidence shows?"
682,970,,"The relational scope is universal in principle -- idleness/uselessness is applied to Jewish day-laborers, Gentile Cretans, Christian widows, and abstract qualities (faith, condemnation) alike, with no ethnic, gender, or covenantal exclusion visible in the evidence; the only consistent exclusion is from those actively engaged in productive labor, virtue, or works.",answered-no-flag,relational,char-answers,G0692,idle,idle,"[""M67"", ""T2""]","And going out about the third hour he saw others standing idle in the marketplace,",Mat 20:3,M67_A_dispositional_idleness,Idleness as inert state or condition,M67_A_dispositional_idleness,M67,Sloth & Diligence,D4.1.3,G0692,"And going out about the third hour he saw others standing idle in the marketplace,",D4.1.3,relational,What does the evidence show about the relational scope of the characteristic — who is included and who is not?
682,971,,"The relational scope is universal in principle -- idleness/uselessness is applied to Jewish day-laborers, Gentile Cretans, Christian widows, and abstract qualities (faith, condemnation) alike, with no ethnic, gender, or covenantal exclusion visible in the evidence; the only consistent exclusion is from those actively engaged in productive labor, virtue, or works.",answered-no-flag,relational,char-answers,G0692,idle,lazy,"[""M67"", ""T2""]","One of the Cretans, a prophet of their own, said, “ Cretans are always liars, evil beasts, lazy gluttons.”",Tit 1:12,M67_A_dispositional_idleness,Idleness as inert state or condition,M67_A_dispositional_idleness,M67,Sloth & Diligence,D4.1.3,G0692,"One of the Cretans, a prophet of their own, said, “ Cretans are always liars, evil beasts, lazy gluttons.”",D4.1.3,relational,What does the evidence show about the relational scope of the characteristic — who is included and who is not?
682,972,,"The relational scope is universal in principle -- idleness/uselessness is applied to Jewish day-laborers, Gentile Cretans, Christian widows, and abstract qualities (faith, condemnation) alike, with no ethnic, gender, or covenantal exclusion visible in the evidence; the only consistent exclusion is from those actively engaged in productive labor, virtue, or works.",answered-no-flag,relational,char-answers,G0692,idle,idlers,"[""M67"", ""T2""]","Besides that, they learn to be idlers, going about from house to house, and not only idlers, but also gossips and busybodies, saying what they should not.",1Ti 5:13,M67_A_dispositional_idleness,Idleness as inert state or condition,M67_A_dispositional_idleness,M67,Sloth & Diligence,D4.1.3,G0692,"Besides that, they learn to be idlers, going about from house to house, and not only idlers, but also gossips and busybodies, saying what they should not.",D4.1.3,relational,What does the evidence show about the relational scope of the characteristic — who is included and who is not?
682,972,,"The relational scope is universal in principle -- idleness/uselessness is applied to Jewish day-laborers, Gentile Cretans, Christian widows, and abstract qualities (faith, condemnation) alike, with no ethnic, gender, or covenantal exclusion visible in the evidence; the only consistent exclusion is from those actively engaged in productive labor, virtue, or works.",answered-no-flag,relational,char-answers,G0692,idle,idlers,"[""M67"", ""T2""]","Besides that, they learn to be idlers, going about from house to house, and not only idlers, but also gossips and busybodies, saying what they should not.",1Ti 5:13,M67_A_dispositional_idleness,Idleness as inert state or condition,M67_A_dispositional_idleness,M67,Sloth & Diligence,D4.1.3,G0692,"Besides that, they learn to be idlers, going about from house to house, and not only idlers, but also gossips and busybodies, saying what they should not.",D4.1.3,relational,What does the evidence show about the relational scope of the characteristic — who is included and who is not?
682,973,,"The relational scope is universal in principle -- idleness/uselessness is applied to Jewish day-laborers, Gentile Cretans, Christian widows, and abstract qualities (faith, condemnation) alike, with no ethnic, gender, or covenantal exclusion visible in the evidence; the only consistent exclusion is from those actively engaged in productive labor, virtue, or works.",answered-no-flag,relational,char-answers,G0692,idle,useless,"[""M67"", ""T2""]","Do you want to be shown, you foolish person, that faith apart from works is useless?",Jam 2:20,M67_A_dispositional_idleness,Idleness as inert state or condition,M67_A_dispositional_idleness,M67,Sloth & Diligence,D4.1.3,G0692,"Do you want to be shown, you foolish person, that faith apart from works is useless?",D4.1.3,relational,What does the evidence show about the relational scope of the characteristic — who is included and who is not?
683,974,,"Idleness's absence (i.e. its being overcome through diligence/virtue) correlates with fruitfulness 'in the knowledge of our Lord Jesus Christ' (2Pet.1.8), suggesting that productive engagement -- not idleness -- belongs properly to the functioning divine image in the person; idleness itself marks a deficiency or diminishment of that image's active expression, not a feature of the image itself.",answered-no-flag,relational,char-answers,G0692,idle,ineffective,"[""M67"", ""T2""]","For if these qualities are yours and are increasing, they keep you from being ineffective or unfruitful in the knowledge of our Lord Jesus Christ.",2Pe 1:8,M67_A_dispositional_idleness,Idleness as inert state or condition,M67_A_dispositional_idleness,M67,Sloth & Diligence,D5.1.2,G0692,"For if these qualities are yours and are increasing, they keep you from being ineffective or unfruitful in the knowledge of our Lord Jesus Christ.",D5.1.2,relational,What does the pattern of presence/absence found in D5.1.1 indicate for the characteristic's place in the human person and in the divine image?
684,975,,"None -- the subgroup's evidence does not depict a human-to-God movement associated with idleness/indolence; the characteristic is descriptive of human or abstract states, not itself a movement toward God.",no-human-context,relational,char-answers,G0692,idle,useless,"[""M67"", ""T2""]","Do you want to be shown, you foolish person, that faith apart from works is useless?",Jam 2:20,M67_A_dispositional_idleness,Idleness as inert state or condition,M67_A_dispositional_idleness,M67,Sloth & Diligence,D5.2.2,G0692,"Do you want to be shown, you foolish person, that faith apart from works is useless?",D5.2.2,relational,"What inner posture does this movement require, as the evidence shows?"
685,976,,"None -- no occurrence in this subgroup shows idleness functioning as a human movement toward God; where God is in view (2Pet.2.3), it is God's judgement that is described as not idle, not a human orientation toward God.",no-human-context,relational,char-answers,G0691,be idle,idle,"[""M67"", ""T2""]","And in their greed they will exploit you with false words. Their condemnation from long ago is not idle, and their destruction is not asleep.",2Pe 2:3,M67_A_dispositional_idleness,Idleness as inert state or condition,M67_A_dispositional_idleness,M67,Sloth & Diligence,D5.2.3,G0691,"And in their greed they will exploit you with false words. Their condemnation from long ago is not idle, and their destruction is not asleep.",D5.2.3,relational,What does the human-to-God direction of the characteristic show about the person's relationship with God?
686,977,,"None -- as a negative/privative characteristic (absence of work/engagement), idleness does not itself instantiate an aspect of divine likeness; rather its opposite (active, fruitful, diligent engagement) would correspond to God's own ceaseless activity as shown negatively in 2Pet.2.3 ('condemnation is not idle').",answered-no-flag,relational,char-answers,G0691,be idle,idle,"[""M67"", ""T2""]","And in their greed they will exploit you with false words. Their condemnation from long ago is not idle, and their destruction is not asleep.",2Pe 2:3,M67_A_dispositional_idleness,Idleness as inert state or condition,M67_A_dispositional_idleness,M67,Sloth & Diligence,D5.3.1,G0691,"And in their greed they will exploit you with false words. Their condemnation from long ago is not idle, and their destruction is not asleep.",D5.3.1,relational,"From the characteristic's God-relation (D5.1/D7.6) and its role (D10.1/D11.1), what aspect of the divine likeness, if any, does it instantiate in the person? Record the aspect, or record none."
687,978,,"The characteristic is an exclusively creaturely (and negative) condition in its human applications (Matt.20.3,6; 1Tim.5.13; Titus.1.12; 2Pet.1.8; Jas.2.20; Eccl.10.18); its sole God-directed use (2Pet.2.3) denies the state of God rather than affirming a shared quality -- God's judgement is emphatically described as NOT idle, underscoring that idleness itself is not a divine attribute at all, only its negation is predicated of God.",answered-no-flag,relational,char-answers,G0691,be idle,idle,"[""M67"", ""T2""]","And in their greed they will exploit you with false words. Their condemnation from long ago is not idle, and their destruction is not asleep.",2Pe 2:3,M67_A_dispositional_idleness,Idleness as inert state or condition,M67_A_dispositional_idleness,M67,Sloth & Diligence,D5.3.2,G0691,"And in their greed they will exploit you with false words. Their condemnation from long ago is not idle, and their destruction is not asleep.",D5.3.2,relational,"Across the evidence, is the characteristic shared between God and the person, or an exclusively creaturely analogue to something in God?"
688,979,,"Where idleness is present in a person (1Tim.5.13; Titus.1.12) or where useless faith lacks works (Jas.2.20), it indicates diminished or unrealized expression of the divine image's active/relational capacities; where it is absent and replaced by increasing virtue (2Pet.1.8), the image's fruitful function is evidenced as intact and growing.",answered-no-flag,relational,char-answers,G0692,idle,idlers,"[""M67"", ""T2""]","Besides that, they learn to be idlers, going about from house to house, and not only idlers, but also gossips and busybodies, saying what they should not.",1Ti 5:13,M67_A_dispositional_idleness,Idleness as inert state or condition,M67_A_dispositional_idleness,M67,Sloth & Diligence,D5.3.3,G0692,"Besides that, they learn to be idlers, going about from house to house, and not only idlers, but also gossips and busybodies, saying what they should not.",D5.3.3,relational,"Where the characteristic is present or absent in a person, what does that indicate about the condition of the divine image in them — or is no such indication evidenced?"
688,979,,"Where idleness is present in a person (1Tim.5.13; Titus.1.12) or where useless faith lacks works (Jas.2.20), it indicates diminished or unrealized expression of the divine image's active/relational capacities; where it is absent and replaced by increasing virtue (2Pet.1.8), the image's fruitful function is evidenced as intact and growing.",answered-no-flag,relational,char-answers,G0692,idle,idlers,"[""M67"", ""T2""]","Besides that, they learn to be idlers, going about from house to house, and not only idlers, but also gossips and busybodies, saying what they should not.",1Ti 5:13,M67_A_dispositional_idleness,Idleness as inert state or condition,M67_A_dispositional_idleness,M67,Sloth & Diligence,D5.3.3,G0692,"Besides that, they learn to be idlers, going about from house to house, and not only idlers, but also gossips and busybodies, saying what they should not.",D5.3.3,relational,"Where the characteristic is present or absent in a person, what does that indicate about the condition of the divine image in them — or is no such indication evidenced?"
688,980,,"Where idleness is present in a person (1Tim.5.13; Titus.1.12) or where useless faith lacks works (Jas.2.20), it indicates diminished or unrealized expression of the divine image's active/relational capacities; where it is absent and replaced by increasing virtue (2Pet.1.8), the image's fruitful function is evidenced as intact and growing.",answered-no-flag,relational,char-answers,G0692,idle,useless,"[""M67"", ""T2""]","Do you want to be shown, you foolish person, that faith apart from works is useless?",Jam 2:20,M67_A_dispositional_idleness,Idleness as inert state or condition,M67_A_dispositional_idleness,M67,Sloth & Diligence,D5.3.3,G0692,"Do you want to be shown, you foolish person, that faith apart from works is useless?",D5.3.3,relational,"Where the characteristic is present or absent in a person, what does that indicate about the condition of the divine image in them — or is no such indication evidenced?"
688,981,,"Where idleness is present in a person (1Tim.5.13; Titus.1.12) or where useless faith lacks works (Jas.2.20), it indicates diminished or unrealized expression of the divine image's active/relational capacities; where it is absent and replaced by increasing virtue (2Pet.1.8), the image's fruitful function is evidenced as intact and growing.",answered-no-flag,relational,char-answers,G0692,idle,ineffective,"[""M67"", ""T2""]","For if these qualities are yours and are increasing, they keep you from being ineffective or unfruitful in the knowledge of our Lord Jesus Christ.",2Pe 1:8,M67_A_dispositional_idleness,Idleness as inert state or condition,M67_A_dispositional_idleness,M67,Sloth & Diligence,D5.3.3,G0692,"For if these qualities are yours and are increasing, they keep you from being ineffective or unfruitful in the knowledge of our Lord Jesus Christ.",D5.3.3,relational,"Where the characteristic is present or absent in a person, what does that indicate about the condition of the divine image in them — or is no such indication evidenced?"
689,982,,"The pattern shows the characteristic engaging chiefly the bodily/behavioral level (hands in Eccl.10.18; standing/going about in Matt.20.3,6 and 1Tim.5.13) and the social-verbal level (careless words, Matt.12.36; gossip, 1Tim.5.13), with a further extension to the abstract-spiritual level (faith, knowledge) in 2Pet.1.8 and Jas.2.20. It never explicitly engages the 'spirit' level as a distinct seat of divine encounter. Where a body link exists (H8220), it is functional and mediating -- slack hands functioning as the physical instrument by which an inner lack of diligence produces material decay.",answered-no-flag,constitutional,char-answers,H8220,idleness,indolence,"[""M67"", ""T2""]","Through sloth the roof sinks in, and through indolence the house leaks.",Ecc 10:18,M67_A_dispositional_idleness,Idleness as inert state or condition,M67_A_dispositional_idleness,M67,Sloth & Diligence,D6.1.2,H8220,"Through sloth the roof sinks in, and through indolence the house leaks.",D6.1.2,constitutional,"Across the verses, what does the pattern of engaged and absent levels indicate — the characteristic's depth and seat, the levels it never engages, and (for any body link) whether the link is emphatic, functional, expressive, indicative, or mediating?"
689,983,,"The pattern shows the characteristic engaging chiefly the bodily/behavioral level (hands in Eccl.10.18; standing/going about in Matt.20.3,6 and 1Tim.5.13) and the social-verbal level (careless words, Matt.12.36; gossip, 1Tim.5.13), with a further extension to the abstract-spiritual level (faith, knowledge) in 2Pet.1.8 and Jas.2.20. It never explicitly engages the 'spirit' level as a distinct seat of divine encounter. Where a body link exists (H8220), it is functional and mediating -- slack hands functioning as the physical instrument by which an inner lack of diligence produces material decay.",answered-no-flag,constitutional,char-answers,G0692,idle,idle,"[""M67"", ""T2""]","And going out about the third hour he saw others standing idle in the marketplace,",Mat 20:3,M67_A_dispositional_idleness,Idleness as inert state or condition,M67_A_dispositional_idleness,M67,Sloth & Diligence,D6.1.2,G0692,"And going out about the third hour he saw others standing idle in the marketplace,",D6.1.2,constitutional,"Across the verses, what does the pattern of engaged and absent levels indicate — the characteristic's depth and seat, the levels it never engages, and (for any body link) whether the link is emphatic, functional, expressive, indicative, or mediating?"
689,984,,"The pattern shows the characteristic engaging chiefly the bodily/behavioral level (hands in Eccl.10.18; standing/going about in Matt.20.3,6 and 1Tim.5.13) and the social-verbal level (careless words, Matt.12.36; gossip, 1Tim.5.13), with a further extension to the abstract-spiritual level (faith, knowledge) in 2Pet.1.8 and Jas.2.20. It never explicitly engages the 'spirit' level as a distinct seat of divine encounter. Where a body link exists (H8220), it is functional and mediating -- slack hands functioning as the physical instrument by which an inner lack of diligence produces material decay.",answered-no-flag,constitutional,char-answers,G0692,idle,careless,"[""M67"", ""T2""]","I tell you, on the day of judgment people will give account for every careless word they speak,",Mat 12:36,M67_A_dispositional_idleness,Idleness as inert state or condition,M67_A_dispositional_idleness,M67,Sloth & Diligence,D6.1.2,G0692,"I tell you, on the day of judgment people will give account for every careless word they speak,",D6.1.2,constitutional,"Across the verses, what does the pattern of engaged and absent levels indicate — the characteristic's depth and seat, the levels it never engages, and (for any body link) whether the link is emphatic, functional, expressive, indicative, or mediating?"
689,985,,"The pattern shows the characteristic engaging chiefly the bodily/behavioral level (hands in Eccl.10.18; standing/going about in Matt.20.3,6 and 1Tim.5.13) and the social-verbal level (careless words, Matt.12.36; gossip, 1Tim.5.13), with a further extension to the abstract-spiritual level (faith, knowledge) in 2Pet.1.8 and Jas.2.20. It never explicitly engages the 'spirit' level as a distinct seat of divine encounter. Where a body link exists (H8220), it is functional and mediating -- slack hands functioning as the physical instrument by which an inner lack of diligence produces material decay.",answered-no-flag,constitutional,char-answers,G0692,idle,idlers,"[""M67"", ""T2""]","Besides that, they learn to be idlers, going about from house to house, and not only idlers, but also gossips and busybodies, saying what they should not.",1Ti 5:13,M67_A_dispositional_idleness,Idleness as inert state or condition,M67_A_dispositional_idleness,M67,Sloth & Diligence,D6.1.2,G0692,"Besides that, they learn to be idlers, going about from house to house, and not only idlers, but also gossips and busybodies, saying what they should not.",D6.1.2,constitutional,"Across the verses, what does the pattern of engaged and absent levels indicate — the characteristic's depth and seat, the levels it never engages, and (for any body link) whether the link is emphatic, functional, expressive, indicative, or mediating?"
689,985,,"The pattern shows the characteristic engaging chiefly the bodily/behavioral level (hands in Eccl.10.18; standing/going about in Matt.20.3,6 and 1Tim.5.13) and the social-verbal level (careless words, Matt.12.36; gossip, 1Tim.5.13), with a further extension to the abstract-spiritual level (faith, knowledge) in 2Pet.1.8 and Jas.2.20. It never explicitly engages the 'spirit' level as a distinct seat of divine encounter. Where a body link exists (H8220), it is functional and mediating -- slack hands functioning as the physical instrument by which an inner lack of diligence produces material decay.",answered-no-flag,constitutional,char-answers,G0692,idle,idlers,"[""M67"", ""T2""]","Besides that, they learn to be idlers, going about from house to house, and not only idlers, but also gossips and busybodies, saying what they should not.",1Ti 5:13,M67_A_dispositional_idleness,Idleness as inert state or condition,M67_A_dispositional_idleness,M67,Sloth & Diligence,D6.1.2,G0692,"Besides that, they learn to be idlers, going about from house to house, and not only idlers, but also gossips and busybodies, saying what they should not.",D6.1.2,constitutional,"Across the verses, what does the pattern of engaged and absent levels indicate — the characteristic's depth and seat, the levels it never engages, and (for any body link) whether the link is emphatic, functional, expressive, indicative, or mediating?"
690,986,,None -- no body link is evidenced for G0691 or the remaining G0692 occurrences; those describe states of persons/things/qualities without depicting a soul-to-body or body-to-soul mechanism.,answered-no-flag,constitutional,char-answers,G0691,be idle,idle,"[""M67"", ""T2""]","And in their greed they will exploit you with false words. Their condemnation from long ago is not idle, and their destruction is not asleep.",2Pe 2:3,M67_A_dispositional_idleness,Idleness as inert state or condition,M67_A_dispositional_idleness,M67,Sloth & Diligence,D6.2.1,G0691,"And in their greed they will exploit you with false words. Their condemnation from long ago is not idle, and their destruction is not asleep.",D6.2.1,constitutional,"Where a body link exists (from the D6.1.1 audit), in which direction does it run — soul/spirit expressing through the body, the body feeding back to the soul, or both — and what follows from that direction? If no body link, record none."
690,987,,None -- no body link is evidenced for G0691 or the remaining G0692 occurrences; those describe states of persons/things/qualities without depicting a soul-to-body or body-to-soul mechanism.,answered-no-flag,constitutional,char-answers,G0692,idle,ineffective,"[""M67"", ""T2""]","For if these qualities are yours and are increasing, they keep you from being ineffective or unfruitful in the knowledge of our Lord Jesus Christ.",2Pe 1:8,M67_A_dispositional_idleness,Idleness as inert state or condition,M67_A_dispositional_idleness,M67,Sloth & Diligence,D6.2.1,G0692,"For if these qualities are yours and are increasing, they keep you from being ineffective or unfruitful in the knowledge of our Lord Jesus Christ.",D6.2.1,constitutional,"Where a body link exists (from the D6.1.1 audit), in which direction does it run — soul/spirit expressing through the body, the body feeding back to the soul, or both — and what follows from that direction? If no body link, record none."
691,988,,"In Eccl.10.18 the movement is disposition (sloth) -> body (hands) -> external effect (structural decay), a spirit/soul-to-body-to-world sequence. In Matt.20.3-6 the movement is external circumstance (no employer) -> state of idleness -> reversed by external verbal address -> engaged behavior, i.e. onset and resolution driven by an external source (the householder) rather than an internal spiritual movement. No adversarial-spirit movement is evidenced anywhere in the subgroup.",answered-no-flag,constitutional,char-answers,H8220,idleness,indolence,"[""M67"", ""T2""]","Through sloth the roof sinks in, and through indolence the house leaks.",Ecc 10:18,M67_A_dispositional_idleness,Idleness as inert state or condition,M67_A_dispositional_idleness,M67,Sloth & Diligence,D6.3.1,H8220,"Through sloth the roof sinks in, and through indolence the house leaks.",D6.3.1,constitutional,"Does the characteristic move across constitutional levels (spirit→soul→body), or onto the person from an external source — including another spirit (angelic or adversarial) — or in another direction; and if so in what sequence or pattern? If no movement, record none."
691,989,,"In Eccl.10.18 the movement is disposition (sloth) -> body (hands) -> external effect (structural decay), a spirit/soul-to-body-to-world sequence. In Matt.20.3-6 the movement is external circumstance (no employer) -> state of idleness -> reversed by external verbal address -> engaged behavior, i.e. onset and resolution driven by an external source (the householder) rather than an internal spiritual movement. No adversarial-spirit movement is evidenced anywhere in the subgroup.",answered-no-flag,constitutional,char-answers,G0692,idle,idle,"[""M67"", ""T2""]","And about the eleventh hour he went out and found others standing. And he said to them, ‘ Why do you stand here idle all day?’",Mat 20:6,M67_A_dispositional_idleness,Idleness as inert state or condition,M67_A_dispositional_idleness,M67,Sloth & Diligence,D6.3.1,G0692,"And about the eleventh hour he went out and found others standing. And he said to them, ‘ Why do you stand here idle all day?’",D6.3.1,constitutional,"Does the characteristic move across constitutional levels (spirit→soul→body), or onto the person from an external source — including another spirit (angelic or adversarial) — or in another direction; and if so in what sequence or pattern? If no movement, record none."
692,990,,"Not applicable in the sense the question intends (God extending idleness to a person) -- rather 2Pet.2.3 denies that God's own condemnation is idle; God's judicial activity is shown as unconditionally and inherently operative ('not idle'), not something extended conditionally to a recipient.",no-human-context,relational,char-answers,G0691,be idle,idle,"[""M67"", ""T2""]","And in their greed they will exploit you with false words. Their condemnation from long ago is not idle, and their destruction is not asleep.",2Pe 2:3,M67_A_dispositional_idleness,Idleness as inert state or condition,M67_A_dispositional_idleness,M67,Sloth & Diligence,D7.1.2,G0691,"And in their greed they will exploit you with false words. Their condemnation from long ago is not idle, and their destruction is not asleep.",D7.1.2,relational,"On what basis does God extend the characteristic — conditional, unconditional, covenantal, or responsive — as the evidence shows?"
693,991,,"None -- the subgroup provides no verse where a person extends idleness/its absence to another person as a gift, so no inner conditions of a giver are evidenced.",no-human-context,relational,char-answers,G0692,idle,idlers,"[""M67"", ""T2""]","Besides that, they learn to be idlers, going about from house to house, and not only idlers, but also gossips and busybodies, saying what they should not.",1Ti 5:13,M67_A_dispositional_idleness,Idleness as inert state or condition,M67_A_dispositional_idleness,M67,Sloth & Diligence,D7.2.2,G0692,"Besides that, they learn to be idlers, going about from house to house, and not only idlers, but also gossips and busybodies, saying what they should not.",D7.2.2,relational,What inner conditions or orientations in the giver accompany genuine extension of the characteristic?
693,991,,"None -- the subgroup provides no verse where a person extends idleness/its absence to another person as a gift, so no inner conditions of a giver are evidenced.",no-human-context,relational,char-answers,G0692,idle,idlers,"[""M67"", ""T2""]","Besides that, they learn to be idlers, going about from house to house, and not only idlers, but also gossips and busybodies, saying what they should not.",1Ti 5:13,M67_A_dispositional_idleness,Idleness as inert state or condition,M67_A_dispositional_idleness,M67,Sloth & Diligence,D7.2.2,G0692,"Besides that, they learn to be idlers, going about from house to house, and not only idlers, but also gossips and busybodies, saying what they should not.",D7.2.2,relational,What inner conditions or orientations in the giver accompany genuine extension of the characteristic?
694,992,,"None -- extension of idleness (a negative characteristic) from one person to another as a positive gift is not the pattern shown; rather it is learned/imitated (1Tim.5.13, 'they learn to be idlers'), which suggests exposure/environment rather than a deliberate act of extension by a giver who has 'received' it first.",no-human-context,relational,char-answers,G0692,idle,idlers,"[""M67"", ""T2""]","Besides that, they learn to be idlers, going about from house to house, and not only idlers, but also gossips and busybodies, saying what they should not.",1Ti 5:13,M67_A_dispositional_idleness,Idleness as inert state or condition,M67_A_dispositional_idleness,M67,Sloth & Diligence,D7.2.3,G0692,"Besides that, they learn to be idlers, going about from house to house, and not only idlers, but also gossips and busybodies, saying what they should not.",D7.2.3,relational,What does the evidence show a person must have received or become before they extend the characteristic?
694,992,,"None -- extension of idleness (a negative characteristic) from one person to another as a positive gift is not the pattern shown; rather it is learned/imitated (1Tim.5.13, 'they learn to be idlers'), which suggests exposure/environment rather than a deliberate act of extension by a giver who has 'received' it first.",no-human-context,relational,char-answers,G0692,idle,idlers,"[""M67"", ""T2""]","Besides that, they learn to be idlers, going about from house to house, and not only idlers, but also gossips and busybodies, saying what they should not.",1Ti 5:13,M67_A_dispositional_idleness,Idleness as inert state or condition,M67_A_dispositional_idleness,M67,Sloth & Diligence,D7.2.3,G0692,"Besides that, they learn to be idlers, going about from house to house, and not only idlers, but also gossips and busybodies, saying what they should not.",D7.2.3,relational,What does the evidence show a person must have received or become before they extend the characteristic?
695,993,,"In Matt.20.3-6, uptake of engaged work (the opposite of idleness) occurs when the idle men respond to the householder's address and go to the vineyard -- willingness to answer the call and readiness to work are the inner conditions accompanying the end of idleness; no blocking condition is depicted since they comply. In 1Tim.5.13, idleness itself is taken up through habituation/learning ('they learn to be idlers') within a social setting (going house to house), suggesting susceptibility to imitation and lack of assigned productive occupation as the condition under which it is taken up.",answered-no-flag,relational,char-answers,G0692,idle,idle,"[""M67"", ""T2""]","And going out about the third hour he saw others standing idle in the marketplace,",Mat 20:3,M67_A_dispositional_idleness,Idleness as inert state or condition,M67_A_dispositional_idleness,M67,Sloth & Diligence,D7.3.2,G0692,"And going out about the third hour he saw others standing idle in the marketplace,",D7.3.2,relational,What inner conditions accompany or block uptake of the characteristic from another person?
695,994,,"In Matt.20.3-6, uptake of engaged work (the opposite of idleness) occurs when the idle men respond to the householder's address and go to the vineyard -- willingness to answer the call and readiness to work are the inner conditions accompanying the end of idleness; no blocking condition is depicted since they comply. In 1Tim.5.13, idleness itself is taken up through habituation/learning ('they learn to be idlers') within a social setting (going house to house), suggesting susceptibility to imitation and lack of assigned productive occupation as the condition under which it is taken up.",answered-no-flag,relational,char-answers,G0692,idle,idle,"[""M67"", ""T2""]","And about the eleventh hour he went out and found others standing. And he said to them, ‘ Why do you stand here idle all day?’",Mat 20:6,M67_A_dispositional_idleness,Idleness as inert state or condition,M67_A_dispositional_idleness,M67,Sloth & Diligence,D7.3.2,G0692,"And about the eleventh hour he went out and found others standing. And he said to them, ‘ Why do you stand here idle all day?’",D7.3.2,relational,What inner conditions accompany or block uptake of the characteristic from another person?
695,995,,"In Matt.20.3-6, uptake of engaged work (the opposite of idleness) occurs when the idle men respond to the householder's address and go to the vineyard -- willingness to answer the call and readiness to work are the inner conditions accompanying the end of idleness; no blocking condition is depicted since they comply. In 1Tim.5.13, idleness itself is taken up through habituation/learning ('they learn to be idlers') within a social setting (going house to house), suggesting susceptibility to imitation and lack of assigned productive occupation as the condition under which it is taken up.",answered-no-flag,relational,char-answers,G0692,idle,idlers,"[""M67"", ""T2""]","Besides that, they learn to be idlers, going about from house to house, and not only idlers, but also gossips and busybodies, saying what they should not.",1Ti 5:13,M67_A_dispositional_idleness,Idleness as inert state or condition,M67_A_dispositional_idleness,M67,Sloth & Diligence,D7.3.2,G0692,"Besides that, they learn to be idlers, going about from house to house, and not only idlers, but also gossips and busybodies, saying what they should not.",D7.3.2,relational,What inner conditions accompany or block uptake of the characteristic from another person?
695,995,,"In Matt.20.3-6, uptake of engaged work (the opposite of idleness) occurs when the idle men respond to the householder's address and go to the vineyard -- willingness to answer the call and readiness to work are the inner conditions accompanying the end of idleness; no blocking condition is depicted since they comply. In 1Tim.5.13, idleness itself is taken up through habituation/learning ('they learn to be idlers') within a social setting (going house to house), suggesting susceptibility to imitation and lack of assigned productive occupation as the condition under which it is taken up.",answered-no-flag,relational,char-answers,G0692,idle,idlers,"[""M67"", ""T2""]","Besides that, they learn to be idlers, going about from house to house, and not only idlers, but also gossips and busybodies, saying what they should not.",1Ti 5:13,M67_A_dispositional_idleness,Idleness as inert state or condition,M67_A_dispositional_idleness,M67,Sloth & Diligence,D7.3.2,G0692,"Besides that, they learn to be idlers, going about from house to house, and not only idlers, but also gossips and busybodies, saying what they should not.",D7.3.2,relational,What inner conditions accompany or block uptake of the characteristic from another person?
696,996,,"None -- no verse depicts a person encountering the characteristic from another but declining to take it up; all cases either show idleness present, being learned, or being resolved through hire/address, not a resistance scenario.",no-human-context,relational,char-answers,G0692,idle,idlers,"[""M67"", ""T2""]","Besides that, they learn to be idlers, going about from house to house, and not only idlers, but also gossips and busybodies, saying what they should not.",1Ti 5:13,M67_A_dispositional_idleness,Idleness as inert state or condition,M67_A_dispositional_idleness,M67,Sloth & Diligence,D7.3.3,G0692,"Besides that, they learn to be idlers, going about from house to house, and not only idlers, but also gossips and busybodies, saying what they should not.",D7.3.3,relational,What is the inner-being state of the person who meets the characteristic from another but does not take it up?
696,996,,"None -- no verse depicts a person encountering the characteristic from another but declining to take it up; all cases either show idleness present, being learned, or being resolved through hire/address, not a resistance scenario.",no-human-context,relational,char-answers,G0692,idle,idlers,"[""M67"", ""T2""]","Besides that, they learn to be idlers, going about from house to house, and not only idlers, but also gossips and busybodies, saying what they should not.",1Ti 5:13,M67_A_dispositional_idleness,Idleness as inert state or condition,M67_A_dispositional_idleness,M67,Sloth & Diligence,D7.3.3,G0692,"Besides that, they learn to be idlers, going about from house to house, and not only idlers, but also gossips and busybodies, saying what they should not.",D7.3.3,relational,What is the inner-being state of the person who meets the characteristic from another but does not take it up?
697,997,,"None -- no occurrence in this subgroup depicts idleness as a site of adversarial (demonic) activity; the closest social vice-chain (1Tim.5.13, idleness leading to gossip/meddling) names no spiritual agent behind it.",no-human-context,relational,char-answers,G0692,idle,idlers,"[""M67"", ""T2""]","Besides that, they learn to be idlers, going about from house to house, and not only idlers, but also gossips and busybodies, saying what they should not.",1Ti 5:13,M67_A_dispositional_idleness,Idleness as inert state or condition,M67_A_dispositional_idleness,M67,Sloth & Diligence,D7.4.2b,G0692,"Besides that, they learn to be idlers, going about from house to house, and not only idlers, but also gossips and busybodies, saying what they should not.",D7.4.2b,relational,What does that pattern show about the characteristic being a site of adversarial activity?
697,997,,"None -- no occurrence in this subgroup depicts idleness as a site of adversarial (demonic) activity; the closest social vice-chain (1Tim.5.13, idleness leading to gossip/meddling) names no spiritual agent behind it.",no-human-context,relational,char-answers,G0692,idle,idlers,"[""M67"", ""T2""]","Besides that, they learn to be idlers, going about from house to house, and not only idlers, but also gossips and busybodies, saying what they should not.",1Ti 5:13,M67_A_dispositional_idleness,Idleness as inert state or condition,M67_A_dispositional_idleness,M67,Sloth & Diligence,D7.4.2b,G0692,"Besides that, they learn to be idlers, going about from house to house, and not only idlers, but also gossips and busybodies, saying what they should not.",D7.4.2b,relational,What does that pattern show about the characteristic being a site of adversarial activity?
698,998,,"None -- no occurrence shows idleness or its remedy being communicated, strengthened, or mediated through angelic ministry.",no-human-context,relational,char-answers,G0692,idle,ineffective,"[""M67"", ""T2""]","For if these qualities are yours and are increasing, they keep you from being ineffective or unfruitful in the knowledge of our Lord Jesus Christ.",2Pe 1:8,M67_A_dispositional_idleness,Idleness as inert state or condition,M67_A_dispositional_idleness,M67,Sloth & Diligence,D7.4.3b,G0692,"For if these qualities are yours and are increasing, they keep you from being ineffective or unfruitful in the knowledge of our Lord Jesus Christ.",D7.4.3b,relational,"What does that pattern show about the characteristic being communicated, strengthened, or mediated through angelic ministry?"
699,999,,"The origin is multiple and context-dependent: circumstantial/economic (lack of a hiring employer, Matt.20.3,6), habitual/social (learned through idle house-to-house wandering, 1Tim.5.13), cultural-ethnic stereotype (Titus.1.12), spiritual deficiency (absence of increasing virtue, 2Pet.1.8), evidential absence of works (Jas.2.20), physical neglect (slack hands, Eccl.10.18), and rhetorical personification (2Pet.2.3). No single origin is uniform.",answered-no-flag,origin,char-answers,G0692,idle,idle,"[""M67"", ""T2""]","And going out about the third hour he saw others standing idle in the marketplace,",Mat 20:3,M67_A_dispositional_idleness,Idleness as inert state or condition,M67_A_dispositional_idleness,M67,Sloth & Diligence,D7.5.2,G0692,"And going out about the third hour he saw others standing idle in the marketplace,",D7.5.2,origin,"Across the verses, is the origin single or multiple, and does it change with context?"
699,1000,,"The origin is multiple and context-dependent: circumstantial/economic (lack of a hiring employer, Matt.20.3,6), habitual/social (learned through idle house-to-house wandering, 1Tim.5.13), cultural-ethnic stereotype (Titus.1.12), spiritual deficiency (absence of increasing virtue, 2Pet.1.8), evidential absence of works (Jas.2.20), physical neglect (slack hands, Eccl.10.18), and rhetorical personification (2Pet.2.3). No single origin is uniform.",answered-no-flag,origin,char-answers,G0692,idle,idlers,"[""M67"", ""T2""]","Besides that, they learn to be idlers, going about from house to house, and not only idlers, but also gossips and busybodies, saying what they should not.",1Ti 5:13,M67_A_dispositional_idleness,Idleness as inert state or condition,M67_A_dispositional_idleness,M67,Sloth & Diligence,D7.5.2,G0692,"Besides that, they learn to be idlers, going about from house to house, and not only idlers, but also gossips and busybodies, saying what they should not.",D7.5.2,origin,"Across the verses, is the origin single or multiple, and does it change with context?"
699,1000,,"The origin is multiple and context-dependent: circumstantial/economic (lack of a hiring employer, Matt.20.3,6), habitual/social (learned through idle house-to-house wandering, 1Tim.5.13), cultural-ethnic stereotype (Titus.1.12), spiritual deficiency (absence of increasing virtue, 2Pet.1.8), evidential absence of works (Jas.2.20), physical neglect (slack hands, Eccl.10.18), and rhetorical personification (2Pet.2.3). No single origin is uniform.",answered-no-flag,origin,char-answers,G0692,idle,idlers,"[""M67"", ""T2""]","Besides that, they learn to be idlers, going about from house to house, and not only idlers, but also gossips and busybodies, saying what they should not.",1Ti 5:13,M67_A_dispositional_idleness,Idleness as inert state or condition,M67_A_dispositional_idleness,M67,Sloth & Diligence,D7.5.2,G0692,"Besides that, they learn to be idlers, going about from house to house, and not only idlers, but also gossips and busybodies, saying what they should not.",D7.5.2,origin,"Across the verses, is the origin single or multiple, and does it change with context?"
699,1001,,"The origin is multiple and context-dependent: circumstantial/economic (lack of a hiring employer, Matt.20.3,6), habitual/social (learned through idle house-to-house wandering, 1Tim.5.13), cultural-ethnic stereotype (Titus.1.12), spiritual deficiency (absence of increasing virtue, 2Pet.1.8), evidential absence of works (Jas.2.20), physical neglect (slack hands, Eccl.10.18), and rhetorical personification (2Pet.2.3). No single origin is uniform.",answered-no-flag,origin,char-answers,G0692,idle,lazy,"[""M67"", ""T2""]","One of the Cretans, a prophet of their own, said, “ Cretans are always liars, evil beasts, lazy gluttons.”",Tit 1:12,M67_A_dispositional_idleness,Idleness as inert state or condition,M67_A_dispositional_idleness,M67,Sloth & Diligence,D7.5.2,G0692,"One of the Cretans, a prophet of their own, said, “ Cretans are always liars, evil beasts, lazy gluttons.”",D7.5.2,origin,"Across the verses, is the origin single or multiple, and does it change with context?"
699,1002,,"The origin is multiple and context-dependent: circumstantial/economic (lack of a hiring employer, Matt.20.3,6), habitual/social (learned through idle house-to-house wandering, 1Tim.5.13), cultural-ethnic stereotype (Titus.1.12), spiritual deficiency (absence of increasing virtue, 2Pet.1.8), evidential absence of works (Jas.2.20), physical neglect (slack hands, Eccl.10.18), and rhetorical personification (2Pet.2.3). No single origin is uniform.",answered-no-flag,origin,char-answers,G0692,idle,ineffective,"[""M67"", ""T2""]","For if these qualities are yours and are increasing, they keep you from being ineffective or unfruitful in the knowledge of our Lord Jesus Christ.",2Pe 1:8,M67_A_dispositional_idleness,Idleness as inert state or condition,M67_A_dispositional_idleness,M67,Sloth & Diligence,D7.5.2,G0692,"For if these qualities are yours and are increasing, they keep you from being ineffective or unfruitful in the knowledge of our Lord Jesus Christ.",D7.5.2,origin,"Across the verses, is the origin single or multiple, and does it change with context?"
699,1003,,"The origin is multiple and context-dependent: circumstantial/economic (lack of a hiring employer, Matt.20.3,6), habitual/social (learned through idle house-to-house wandering, 1Tim.5.13), cultural-ethnic stereotype (Titus.1.12), spiritual deficiency (absence of increasing virtue, 2Pet.1.8), evidential absence of works (Jas.2.20), physical neglect (slack hands, Eccl.10.18), and rhetorical personification (2Pet.2.3). No single origin is uniform.",answered-no-flag,origin,char-answers,G0692,idle,useless,"[""M67"", ""T2""]","Do you want to be shown, you foolish person, that faith apart from works is useless?",Jam 2:20,M67_A_dispositional_idleness,Idleness as inert state or condition,M67_A_dispositional_idleness,M67,Sloth & Diligence,D7.5.2,G0692,"Do you want to be shown, you foolish person, that faith apart from works is useless?",D7.5.2,origin,"Across the verses, is the origin single or multiple, and does it change with context?"
699,1004,,"The origin is multiple and context-dependent: circumstantial/economic (lack of a hiring employer, Matt.20.3,6), habitual/social (learned through idle house-to-house wandering, 1Tim.5.13), cultural-ethnic stereotype (Titus.1.12), spiritual deficiency (absence of increasing virtue, 2Pet.1.8), evidential absence of works (Jas.2.20), physical neglect (slack hands, Eccl.10.18), and rhetorical personification (2Pet.2.3). No single origin is uniform.",answered-no-flag,origin,char-answers,H8220,idleness,indolence,"[""M67"", ""T2""]","Through sloth the roof sinks in, and through indolence the house leaks.",Ecc 10:18,M67_A_dispositional_idleness,Idleness as inert state or condition,M67_A_dispositional_idleness,M67,Sloth & Diligence,D7.5.2,H8220,"Through sloth the roof sinks in, and through indolence the house leaks.",D7.5.2,origin,"Across the verses, is the origin single or multiple, and does it change with context?"
699,1005,,"The origin is multiple and context-dependent: circumstantial/economic (lack of a hiring employer, Matt.20.3,6), habitual/social (learned through idle house-to-house wandering, 1Tim.5.13), cultural-ethnic stereotype (Titus.1.12), spiritual deficiency (absence of increasing virtue, 2Pet.1.8), evidential absence of works (Jas.2.20), physical neglect (slack hands, Eccl.10.18), and rhetorical personification (2Pet.2.3). No single origin is uniform.",answered-no-flag,origin,char-answers,G0691,be idle,idle,"[""M67"", ""T2""]","And in their greed they will exploit you with false words. Their condemnation from long ago is not idle, and their destruction is not asleep.",2Pe 2:3,M67_A_dispositional_idleness,Idleness as inert state or condition,M67_A_dispositional_idleness,M67,Sloth & Diligence,D7.5.2,G0691,"And in their greed they will exploit you with false words. Their condemnation from long ago is not idle, and their destruction is not asleep.",D7.5.2,origin,"Across the verses, is the origin single or multiple, and does it change with context?"
700,1006,,"The faculties most engaged are the will/behavior (standing idle, going about, engaging or not in work) and speech (careless words, Matt.12.36; direct address, Matt.20.6), with the intellect/faith-conviction faculty engaged metaphorically in Jas.2.20 (faith without works). The affections/emotions are never engaged -- no occurrence attaches feeling-language to idleness, indicating the characteristic's nature is behavioral/volitional and evidentiary (visible in outward act or its absence) rather than affective.",answered-no-flag,faculty,char-answers,G0692,idle,idle,"[""M67"", ""T2""]","And about the eleventh hour he went out and found others standing. And he said to them, ‘ Why do you stand here idle all day?’",Mat 20:6,M67_A_dispositional_idleness,Idleness as inert state or condition,M67_A_dispositional_idleness,M67,Sloth & Diligence,F0.1.2,G0692,"And about the eleventh hour he went out and found others standing. And he said to them, ‘ Why do you stand here idle all day?’",F0.1.2,faculty,"Across the verses, what does the pattern of engagement and non-engagement with the faculties indicate about the characteristic's nature?"
700,1007,,"The faculties most engaged are the will/behavior (standing idle, going about, engaging or not in work) and speech (careless words, Matt.12.36; direct address, Matt.20.6), with the intellect/faith-conviction faculty engaged metaphorically in Jas.2.20 (faith without works). The affections/emotions are never engaged -- no occurrence attaches feeling-language to idleness, indicating the characteristic's nature is behavioral/volitional and evidentiary (visible in outward act or its absence) rather than affective.",answered-no-flag,faculty,char-answers,G0692,idle,careless,"[""M67"", ""T2""]","I tell you, on the day of judgment people will give account for every careless word they speak,",Mat 12:36,M67_A_dispositional_idleness,Idleness as inert state or condition,M67_A_dispositional_idleness,M67,Sloth & Diligence,F0.1.2,G0692,"I tell you, on the day of judgment people will give account for every careless word they speak,",F0.1.2,faculty,"Across the verses, what does the pattern of engagement and non-engagement with the faculties indicate about the characteristic's nature?"
700,1008,,"The faculties most engaged are the will/behavior (standing idle, going about, engaging or not in work) and speech (careless words, Matt.12.36; direct address, Matt.20.6), with the intellect/faith-conviction faculty engaged metaphorically in Jas.2.20 (faith without works). The affections/emotions are never engaged -- no occurrence attaches feeling-language to idleness, indicating the characteristic's nature is behavioral/volitional and evidentiary (visible in outward act or its absence) rather than affective.",answered-no-flag,faculty,char-answers,G0692,idle,useless,"[""M67"", ""T2""]","Do you want to be shown, you foolish person, that faith apart from works is useless?",Jam 2:20,M67_A_dispositional_idleness,Idleness as inert state or condition,M67_A_dispositional_idleness,M67,Sloth & Diligence,F0.1.2,G0692,"Do you want to be shown, you foolish person, that faith apart from works is useless?",F0.1.2,faculty,"Across the verses, what does the pattern of engagement and non-engagement with the faculties indicate about the characteristic's nature?"
701,1009,,"Predominantly a condition/status (a state of being without work or productive engagement), attributed adjectivally to persons/things (G0692) or nominally as an abstract condition (H8220); G0691 verbalizes this same condition as an ongoing state ('is [not] idle') rather than a discrete act. It is not itself an act, though it may become a settled disposition when habitual (1Tim.5.13; Titus.1.12).",answered-no-flag,meaning,char-answers,G0692,idle,idlers,"[""M67"", ""T2""]","Besides that, they learn to be idlers, going about from house to house, and not only idlers, but also gossips and busybodies, saying what they should not.",1Ti 5:13,M67_A_dispositional_idleness,Idleness as inert state or condition,M67_A_dispositional_idleness,M67,Sloth & Diligence,M0.2.1,G0692,"Besides that, they learn to be idlers, going about from house to house, and not only idlers, but also gossips and busybodies, saying what they should not.",M0.2.1,meaning,"What kind of inner-being phenomenon is the characteristic — an act, a disposition, a condition/status, a quality, or something else?"
701,1009,,"Predominantly a condition/status (a state of being without work or productive engagement), attributed adjectivally to persons/things (G0692) or nominally as an abstract condition (H8220); G0691 verbalizes this same condition as an ongoing state ('is [not] idle') rather than a discrete act. It is not itself an act, though it may become a settled disposition when habitual (1Tim.5.13; Titus.1.12).",answered-no-flag,meaning,char-answers,G0692,idle,idlers,"[""M67"", ""T2""]","Besides that, they learn to be idlers, going about from house to house, and not only idlers, but also gossips and busybodies, saying what they should not.",1Ti 5:13,M67_A_dispositional_idleness,Idleness as inert state or condition,M67_A_dispositional_idleness,M67,Sloth & Diligence,M0.2.1,G0692,"Besides that, they learn to be idlers, going about from house to house, and not only idlers, but also gossips and busybodies, saying what they should not.",M0.2.1,meaning,"What kind of inner-being phenomenon is the characteristic — an act, a disposition, a condition/status, a quality, or something else?"
701,1010,,"Predominantly a condition/status (a state of being without work or productive engagement), attributed adjectivally to persons/things (G0692) or nominally as an abstract condition (H8220); G0691 verbalizes this same condition as an ongoing state ('is [not] idle') rather than a discrete act. It is not itself an act, though it may become a settled disposition when habitual (1Tim.5.13; Titus.1.12).",answered-no-flag,meaning,char-answers,H8220,idleness,indolence,"[""M67"", ""T2""]","Through sloth the roof sinks in, and through indolence the house leaks.",Ecc 10:18,M67_A_dispositional_idleness,Idleness as inert state or condition,M67_A_dispositional_idleness,M67,Sloth & Diligence,M0.2.1,H8220,"Through sloth the roof sinks in, and through indolence the house leaks.",M0.2.1,meaning,"What kind of inner-being phenomenon is the characteristic — an act, a disposition, a condition/status, a quality, or something else?"
701,1011,,"Predominantly a condition/status (a state of being without work or productive engagement), attributed adjectivally to persons/things (G0692) or nominally as an abstract condition (H8220); G0691 verbalizes this same condition as an ongoing state ('is [not] idle') rather than a discrete act. It is not itself an act, though it may become a settled disposition when habitual (1Tim.5.13; Titus.1.12).",answered-no-flag,meaning,char-answers,G0691,be idle,idle,"[""M67"", ""T2""]","And in their greed they will exploit you with false words. Their condemnation from long ago is not idle, and their destruction is not asleep.",2Pe 2:3,M67_A_dispositional_idleness,Idleness as inert state or condition,M67_A_dispositional_idleness,M67,Sloth & Diligence,M0.2.1,G0691,"And in their greed they will exploit you with false words. Their condemnation from long ago is not idle, and their destruction is not asleep.",M0.2.1,meaning,"What kind of inner-being phenomenon is the characteristic — an act, a disposition, a condition/status, a quality, or something else?"
702,1012,,"Simple in core structure (a-privative + 'work' root, denoting bare absence of productive activity), but it combines with other elements idiomatically in specific occurrences: H8220 combines with 'hands' (instrumental body-part) to form a compound image; G0692 combines with genitive objects ('idle at/free from') in classical usage to specify the domain of inactivity.",answered-no-flag,meaning,char-answers,H8220,idleness,indolence,"[""M67"", ""T2""]","Through sloth the roof sinks in, and through indolence the house leaks.",Ecc 10:18,M67_A_dispositional_idleness,Idleness as inert state or condition,M67_A_dispositional_idleness,M67,Sloth & Diligence,M0.2.2,H8220,"Through sloth the roof sinks in, and through indolence the house leaks.",M0.2.2,meaning,"Is the characteristic simple in structure, or does it combine constituent elements; if compound, which?"
702,1013,,"Simple in core structure (a-privative + 'work' root, denoting bare absence of productive activity), but it combines with other elements idiomatically in specific occurrences: H8220 combines with 'hands' (instrumental body-part) to form a compound image; G0692 combines with genitive objects ('idle at/free from') in classical usage to specify the domain of inactivity.",answered-no-flag,meaning,char-answers,G0692,idle,idle,"[""M67"", ""T2""]","And about the eleventh hour he went out and found others standing. And he said to them, ‘ Why do you stand here idle all day?’",Mat 20:6,M67_A_dispositional_idleness,Idleness as inert state or condition,M67_A_dispositional_idleness,M67,Sloth & Diligence,M0.2.2,G0692,"And about the eleventh hour he went out and found others standing. And he said to them, ‘ Why do you stand here idle all day?’",M0.2.2,meaning,"Is the characteristic simple in structure, or does it combine constituent elements; if compound, which?"
703,1014,,"The structural opposite is diligent, productive activity/effort -- named in the cluster's own vocabulary (e.g. spoude/G4710, zeal/diligence) and embedded in the root itself (ergos/energos, 'working, active, effective'), against which the a-privative negates.",answered-no-flag,meaning,char-answers,G0692,idle,idle,"[""M67"", ""T2""]","And about the eleventh hour he went out and found others standing. And he said to them, ‘ Why do you stand here idle all day?’",Mat 20:6,M67_A_dispositional_idleness,Idleness as inert state or condition,M67_A_dispositional_idleness,M67,Sloth & Diligence,M0.3.1,G0692,"And about the eleventh hour he went out and found others standing. And he said to them, ‘ Why do you stand here idle all day?’",M0.3.1,meaning,What stands against the characteristic as its structural opposite — the inner-being reality that excludes it?
704,1015,,"At its edge, the characteristic excludes/resists productive labor, fruitful spiritual growth, and useful/effective works -- it is defined precisely by the negation and absence of these things (2Pet.1.8's 'ineffective or unfruitful'; Jas.2.20's 'useless...apart from works').",answered-no-flag,meaning,char-answers,G0692,idle,ineffective,"[""M67"", ""T2""]","For if these qualities are yours and are increasing, they keep you from being ineffective or unfruitful in the knowledge of our Lord Jesus Christ.",2Pe 1:8,M67_A_dispositional_idleness,Idleness as inert state or condition,M67_A_dispositional_idleness,M67,Sloth & Diligence,M0.3.2,G0692,"For if these qualities are yours and are increasing, they keep you from being ineffective or unfruitful in the knowledge of our Lord Jesus Christ.",M0.3.2,meaning,What does the characteristic exclude or resist at its edge?
704,1016,,"At its edge, the characteristic excludes/resists productive labor, fruitful spiritual growth, and useful/effective works -- it is defined precisely by the negation and absence of these things (2Pet.1.8's 'ineffective or unfruitful'; Jas.2.20's 'useless...apart from works').",answered-no-flag,meaning,char-answers,G0692,idle,useless,"[""M67"", ""T2""]","Do you want to be shown, you foolish person, that faith apart from works is useless?",Jam 2:20,M67_A_dispositional_idleness,Idleness as inert state or condition,M67_A_dispositional_idleness,M67,Sloth & Diligence,M0.3.2,G0692,"Do you want to be shown, you foolish person, that faith apart from works is useless?",M0.3.2,meaning,What does the characteristic exclude or resist at its edge?
705,1017,,"The characteristic ends where engaged, productive activity or fruitful work begins -- it is not itself an act of active wrongdoing (like malice or deceit) but a negative absence-state; it is also distinct from rest or Sabbath-keeping (a sanctioned cessation from labor), since idleness here is generally censured or resolved rather than approved, except where LSJ notes argeō could denote keeping Sabbath in extra-biblical Greek usage (not evidenced within this subgroup's own occurrences).",answered-no-flag,meaning,char-answers,G0692,idle,idlers,"[""M67"", ""T2""]","Besides that, they learn to be idlers, going about from house to house, and not only idlers, but also gossips and busybodies, saying what they should not.",1Ti 5:13,M67_A_dispositional_idleness,Idleness as inert state or condition,M67_A_dispositional_idleness,M67,Sloth & Diligence,M0.3.3,G0692,"Besides that, they learn to be idlers, going about from house to house, and not only idlers, but also gossips and busybodies, saying what they should not.",M0.3.3,meaning,Where does the characteristic end and another thing begin — what is it not?
705,1017,,"The characteristic ends where engaged, productive activity or fruitful work begins -- it is not itself an act of active wrongdoing (like malice or deceit) but a negative absence-state; it is also distinct from rest or Sabbath-keeping (a sanctioned cessation from labor), since idleness here is generally censured or resolved rather than approved, except where LSJ notes argeō could denote keeping Sabbath in extra-biblical Greek usage (not evidenced within this subgroup's own occurrences).",answered-no-flag,meaning,char-answers,G0692,idle,idlers,"[""M67"", ""T2""]","Besides that, they learn to be idlers, going about from house to house, and not only idlers, but also gossips and busybodies, saying what they should not.",1Ti 5:13,M67_A_dispositional_idleness,Idleness as inert state or condition,M67_A_dispositional_idleness,M67,Sloth & Diligence,M0.3.3,G0692,"Besides that, they learn to be idlers, going about from house to house, and not only idlers, but also gossips and busybodies, saying what they should not.",M0.3.3,meaning,Where does the characteristic end and another thing begin — what is it not?
706,1018,,"Adjacent characteristics appearing alongside idleness: sloth/H6103 (Eccl.10.18, synonymous parallelism); hand/body-instrument language (H3027-related, Eccl.10.18); gossip and busybodiness (1Tim.5.13); lying and evil-beast character (Titus.1.12, tricolon of vices); knowledge/virtue-list qualities (2Pet.1.8); faith and works (Jas.2.20); condemnation and destruction/'not asleep' (2Pet.2.3, synonymous parallel negation). These co-occurrences are frequent and consistently pair idleness with either vice-clusters or growth/virtue-clusters as its counterpoint.",answered-no-flag,relational,char-answers,H8220,idleness,indolence,"[""M67"", ""T2""]","Through sloth the roof sinks in, and through indolence the house leaks.",Ecc 10:18,M67_A_dispositional_idleness,Idleness as inert state or condition,M67_A_dispositional_idleness,M67,Sloth & Diligence,X0.1.1,H8220,"Through sloth the roof sinks in, and through indolence the house leaks.",X0.1.1,relational,"Which adjacent characteristics appear alongside this one in the verse evidence, and how frequently? Record none if no significant co-occurrence appears."
706,1019,,"Adjacent characteristics appearing alongside idleness: sloth/H6103 (Eccl.10.18, synonymous parallelism); hand/body-instrument language (H3027-related, Eccl.10.18); gossip and busybodiness (1Tim.5.13); lying and evil-beast character (Titus.1.12, tricolon of vices); knowledge/virtue-list qualities (2Pet.1.8); faith and works (Jas.2.20); condemnation and destruction/'not asleep' (2Pet.2.3, synonymous parallel negation). These co-occurrences are frequent and consistently pair idleness with either vice-clusters or growth/virtue-clusters as its counterpoint.",answered-no-flag,relational,char-answers,G0692,idle,idlers,"[""M67"", ""T2""]","Besides that, they learn to be idlers, going about from house to house, and not only idlers, but also gossips and busybodies, saying what they should not.",1Ti 5:13,M67_A_dispositional_idleness,Idleness as inert state or condition,M67_A_dispositional_idleness,M67,Sloth & Diligence,X0.1.1,G0692,"Besides that, they learn to be idlers, going about from house to house, and not only idlers, but also gossips and busybodies, saying what they should not.",X0.1.1,relational,"Which adjacent characteristics appear alongside this one in the verse evidence, and how frequently? Record none if no significant co-occurrence appears."
706,1019,,"Adjacent characteristics appearing alongside idleness: sloth/H6103 (Eccl.10.18, synonymous parallelism); hand/body-instrument language (H3027-related, Eccl.10.18); gossip and busybodiness (1Tim.5.13); lying and evil-beast character (Titus.1.12, tricolon of vices); knowledge/virtue-list qualities (2Pet.1.8); faith and works (Jas.2.20); condemnation and destruction/'not asleep' (2Pet.2.3, synonymous parallel negation). These co-occurrences are frequent and consistently pair idleness with either vice-clusters or growth/virtue-clusters as its counterpoint.",answered-no-flag,relational,char-answers,G0692,idle,idlers,"[""M67"", ""T2""]","Besides that, they learn to be idlers, going about from house to house, and not only idlers, but also gossips and busybodies, saying what they should not.",1Ti 5:13,M67_A_dispositional_idleness,Idleness as inert state or condition,M67_A_dispositional_idleness,M67,Sloth & Diligence,X0.1.1,G0692,"Besides that, they learn to be idlers, going about from house to house, and not only idlers, but also gossips and busybodies, saying what they should not.",X0.1.1,relational,"Which adjacent characteristics appear alongside this one in the verse evidence, and how frequently? Record none if no significant co-occurrence appears."
706,1020,,"Adjacent characteristics appearing alongside idleness: sloth/H6103 (Eccl.10.18, synonymous parallelism); hand/body-instrument language (H3027-related, Eccl.10.18); gossip and busybodiness (1Tim.5.13); lying and evil-beast character (Titus.1.12, tricolon of vices); knowledge/virtue-list qualities (2Pet.1.8); faith and works (Jas.2.20); condemnation and destruction/'not asleep' (2Pet.2.3, synonymous parallel negation). These co-occurrences are frequent and consistently pair idleness with either vice-clusters or growth/virtue-clusters as its counterpoint.",answered-no-flag,relational,char-answers,G0692,idle,lazy,"[""M67"", ""T2""]","One of the Cretans, a prophet of their own, said, “ Cretans are always liars, evil beasts, lazy gluttons.”",Tit 1:12,M67_A_dispositional_idleness,Idleness as inert state or condition,M67_A_dispositional_idleness,M67,Sloth & Diligence,X0.1.1,G0692,"One of the Cretans, a prophet of their own, said, “ Cretans are always liars, evil beasts, lazy gluttons.”",X0.1.1,relational,"Which adjacent characteristics appear alongside this one in the verse evidence, and how frequently? Record none if no significant co-occurrence appears."
706,1021,,"Adjacent characteristics appearing alongside idleness: sloth/H6103 (Eccl.10.18, synonymous parallelism); hand/body-instrument language (H3027-related, Eccl.10.18); gossip and busybodiness (1Tim.5.13); lying and evil-beast character (Titus.1.12, tricolon of vices); knowledge/virtue-list qualities (2Pet.1.8); faith and works (Jas.2.20); condemnation and destruction/'not asleep' (2Pet.2.3, synonymous parallel negation). These co-occurrences are frequent and consistently pair idleness with either vice-clusters or growth/virtue-clusters as its counterpoint.",answered-no-flag,relational,char-answers,G0692,idle,ineffective,"[""M67"", ""T2""]","For if these qualities are yours and are increasing, they keep you from being ineffective or unfruitful in the knowledge of our Lord Jesus Christ.",2Pe 1:8,M67_A_dispositional_idleness,Idleness as inert state or condition,M67_A_dispositional_idleness,M67,Sloth & Diligence,X0.1.1,G0692,"For if these qualities are yours and are increasing, they keep you from being ineffective or unfruitful in the knowledge of our Lord Jesus Christ.",X0.1.1,relational,"Which adjacent characteristics appear alongside this one in the verse evidence, and how frequently? Record none if no significant co-occurrence appears."
706,1022,,"Adjacent characteristics appearing alongside idleness: sloth/H6103 (Eccl.10.18, synonymous parallelism); hand/body-instrument language (H3027-related, Eccl.10.18); gossip and busybodiness (1Tim.5.13); lying and evil-beast character (Titus.1.12, tricolon of vices); knowledge/virtue-list qualities (2Pet.1.8); faith and works (Jas.2.20); condemnation and destruction/'not asleep' (2Pet.2.3, synonymous parallel negation). These co-occurrences are frequent and consistently pair idleness with either vice-clusters or growth/virtue-clusters as its counterpoint.",answered-no-flag,relational,char-answers,G0692,idle,useless,"[""M67"", ""T2""]","Do you want to be shown, you foolish person, that faith apart from works is useless?",Jam 2:20,M67_A_dispositional_idleness,Idleness as inert state or condition,M67_A_dispositional_idleness,M67,Sloth & Diligence,X0.1.1,G0692,"Do you want to be shown, you foolish person, that faith apart from works is useless?",X0.1.1,relational,"Which adjacent characteristics appear alongside this one in the verse evidence, and how frequently? Record none if no significant co-occurrence appears."
706,1023,,"Adjacent characteristics appearing alongside idleness: sloth/H6103 (Eccl.10.18, synonymous parallelism); hand/body-instrument language (H3027-related, Eccl.10.18); gossip and busybodiness (1Tim.5.13); lying and evil-beast character (Titus.1.12, tricolon of vices); knowledge/virtue-list qualities (2Pet.1.8); faith and works (Jas.2.20); condemnation and destruction/'not asleep' (2Pet.2.3, synonymous parallel negation). These co-occurrences are frequent and consistently pair idleness with either vice-clusters or growth/virtue-clusters as its counterpoint.",answered-no-flag,relational,char-answers,G0691,be idle,idle,"[""M67"", ""T2""]","And in their greed they will exploit you with false words. Their condemnation from long ago is not idle, and their destruction is not asleep.",2Pe 2:3,M67_A_dispositional_idleness,Idleness as inert state or condition,M67_A_dispositional_idleness,M67,Sloth & Diligence,X0.1.1,G0691,"And in their greed they will exploit you with false words. Their condemnation from long ago is not idle, and their destruction is not asleep.",X0.1.1,relational,"Which adjacent characteristics appear alongside this one in the verse evidence, and how frequently? Record none if no significant co-occurrence appears."
707,1024,,"The co-occurrence pattern shows idleness sits at a hinge point in the inner-being landscape: it either generates further vice (idleness -> gossip/meddling, 1Tim.5.13; slack hands -> structural ruin, Eccl.10.18) or stands as the diagnostic absence against which virtue/fruitfulness is measured (2Pet.1.8; Jas.2.20). It rarely stands alone -- its moral and theological weight comes from what it produces or fails to produce.",answered-no-flag,relational,char-answers,H8220,idleness,indolence,"[""M67"", ""T2""]","Through sloth the roof sinks in, and through indolence the house leaks.",Ecc 10:18,M67_A_dispositional_idleness,Idleness as inert state or condition,M67_A_dispositional_idleness,M67,Sloth & Diligence,X0.1.2,H8220,"Through sloth the roof sinks in, and through indolence the house leaks.",X0.1.2,relational,What does the co-occurrence pattern show about this characteristic's place in the inner-being landscape?
707,1025,,"The co-occurrence pattern shows idleness sits at a hinge point in the inner-being landscape: it either generates further vice (idleness -> gossip/meddling, 1Tim.5.13; slack hands -> structural ruin, Eccl.10.18) or stands as the diagnostic absence against which virtue/fruitfulness is measured (2Pet.1.8; Jas.2.20). It rarely stands alone -- its moral and theological weight comes from what it produces or fails to produce.",answered-no-flag,relational,char-answers,G0692,idle,idlers,"[""M67"", ""T2""]","Besides that, they learn to be idlers, going about from house to house, and not only idlers, but also gossips and busybodies, saying what they should not.",1Ti 5:13,M67_A_dispositional_idleness,Idleness as inert state or condition,M67_A_dispositional_idleness,M67,Sloth & Diligence,X0.1.2,G0692,"Besides that, they learn to be idlers, going about from house to house, and not only idlers, but also gossips and busybodies, saying what they should not.",X0.1.2,relational,What does the co-occurrence pattern show about this characteristic's place in the inner-being landscape?
707,1025,,"The co-occurrence pattern shows idleness sits at a hinge point in the inner-being landscape: it either generates further vice (idleness -> gossip/meddling, 1Tim.5.13; slack hands -> structural ruin, Eccl.10.18) or stands as the diagnostic absence against which virtue/fruitfulness is measured (2Pet.1.8; Jas.2.20). It rarely stands alone -- its moral and theological weight comes from what it produces or fails to produce.",answered-no-flag,relational,char-answers,G0692,idle,idlers,"[""M67"", ""T2""]","Besides that, they learn to be idlers, going about from house to house, and not only idlers, but also gossips and busybodies, saying what they should not.",1Ti 5:13,M67_A_dispositional_idleness,Idleness as inert state or condition,M67_A_dispositional_idleness,M67,Sloth & Diligence,X0.1.2,G0692,"Besides that, they learn to be idlers, going about from house to house, and not only idlers, but also gossips and busybodies, saying what they should not.",X0.1.2,relational,What does the co-occurrence pattern show about this characteristic's place in the inner-being landscape?
707,1026,,"The co-occurrence pattern shows idleness sits at a hinge point in the inner-being landscape: it either generates further vice (idleness -> gossip/meddling, 1Tim.5.13; slack hands -> structural ruin, Eccl.10.18) or stands as the diagnostic absence against which virtue/fruitfulness is measured (2Pet.1.8; Jas.2.20). It rarely stands alone -- its moral and theological weight comes from what it produces or fails to produce.",answered-no-flag,relational,char-answers,G0692,idle,ineffective,"[""M67"", ""T2""]","For if these qualities are yours and are increasing, they keep you from being ineffective or unfruitful in the knowledge of our Lord Jesus Christ.",2Pe 1:8,M67_A_dispositional_idleness,Idleness as inert state or condition,M67_A_dispositional_idleness,M67,Sloth & Diligence,X0.1.2,G0692,"For if these qualities are yours and are increasing, they keep you from being ineffective or unfruitful in the knowledge of our Lord Jesus Christ.",X0.1.2,relational,What does the co-occurrence pattern show about this characteristic's place in the inner-being landscape?
708,1027,,"Yes -- idleness precedes and generates further vice in 1Tim.5.13 (idleness -> gossip/busybodiness) and in Eccl.10.18 (indolent hands -> house decay); it is diagnostically dependent on/follows the absence of works in Jas.2.20 (faith without works -> shown to be useless). In Matt.20.3,6 idleness precedes and is resolved by being hired into work.",answered-no-flag,relational,char-answers,G0692,idle,idlers,"[""M67"", ""T2""]","Besides that, they learn to be idlers, going about from house to house, and not only idlers, but also gossips and busybodies, saying what they should not.",1Ti 5:13,M67_A_dispositional_idleness,Idleness as inert state or condition,M67_A_dispositional_idleness,M67,Sloth & Diligence,X0.2.1,G0692,"Besides that, they learn to be idlers, going about from house to house, and not only idlers, but also gossips and busybodies, saying what they should not.",X0.2.1,relational,"Does the evidence show this characteristic consistently preceding, following, or accompanying another in a sequence; if so, which and how? Record none if no sequence appears."
708,1027,,"Yes -- idleness precedes and generates further vice in 1Tim.5.13 (idleness -> gossip/busybodiness) and in Eccl.10.18 (indolent hands -> house decay); it is diagnostically dependent on/follows the absence of works in Jas.2.20 (faith without works -> shown to be useless). In Matt.20.3,6 idleness precedes and is resolved by being hired into work.",answered-no-flag,relational,char-answers,G0692,idle,idlers,"[""M67"", ""T2""]","Besides that, they learn to be idlers, going about from house to house, and not only idlers, but also gossips and busybodies, saying what they should not.",1Ti 5:13,M67_A_dispositional_idleness,Idleness as inert state or condition,M67_A_dispositional_idleness,M67,Sloth & Diligence,X0.2.1,G0692,"Besides that, they learn to be idlers, going about from house to house, and not only idlers, but also gossips and busybodies, saying what they should not.",X0.2.1,relational,"Does the evidence show this characteristic consistently preceding, following, or accompanying another in a sequence; if so, which and how? Record none if no sequence appears."
708,1028,,"Yes -- idleness precedes and generates further vice in 1Tim.5.13 (idleness -> gossip/busybodiness) and in Eccl.10.18 (indolent hands -> house decay); it is diagnostically dependent on/follows the absence of works in Jas.2.20 (faith without works -> shown to be useless). In Matt.20.3,6 idleness precedes and is resolved by being hired into work.",answered-no-flag,relational,char-answers,H8220,idleness,indolence,"[""M67"", ""T2""]","Through sloth the roof sinks in, and through indolence the house leaks.",Ecc 10:18,M67_A_dispositional_idleness,Idleness as inert state or condition,M67_A_dispositional_idleness,M67,Sloth & Diligence,X0.2.1,H8220,"Through sloth the roof sinks in, and through indolence the house leaks.",X0.2.1,relational,"Does the evidence show this characteristic consistently preceding, following, or accompanying another in a sequence; if so, which and how? Record none if no sequence appears."
708,1029,,"Yes -- idleness precedes and generates further vice in 1Tim.5.13 (idleness -> gossip/busybodiness) and in Eccl.10.18 (indolent hands -> house decay); it is diagnostically dependent on/follows the absence of works in Jas.2.20 (faith without works -> shown to be useless). In Matt.20.3,6 idleness precedes and is resolved by being hired into work.",answered-no-flag,relational,char-answers,G0692,idle,useless,"[""M67"", ""T2""]","Do you want to be shown, you foolish person, that faith apart from works is useless?",Jam 2:20,M67_A_dispositional_idleness,Idleness as inert state or condition,M67_A_dispositional_idleness,M67,Sloth & Diligence,X0.2.1,G0692,"Do you want to be shown, you foolish person, that faith apart from works is useless?",X0.2.1,relational,"Does the evidence show this characteristic consistently preceding, following, or accompanying another in a sequence; if so, which and how? Record none if no sequence appears."
709,1030,,"The sequence is causal in Eccl.10.18 and 1Tim.5.13 (idleness mechanically/socially produces decay or further vice) and diagnostic/correlational in Jas.2.20 (absence of works correlates with and evidences dead faith, rather than causing it). In Matt.20.3-6 the sequence is developmental -- idleness resolved into productive engagement through the householder's initiative.",answered-no-flag,relational,char-answers,H8220,idleness,indolence,"[""M67"", ""T2""]","Through sloth the roof sinks in, and through indolence the house leaks.",Ecc 10:18,M67_A_dispositional_idleness,Idleness as inert state or condition,M67_A_dispositional_idleness,M67,Sloth & Diligence,X0.2.2,H8220,"Through sloth the roof sinks in, and through indolence the house leaks.",X0.2.2,relational,"What does the sequence show — is the relationship causal, developmental, or correlational?"
709,1031,,"The sequence is causal in Eccl.10.18 and 1Tim.5.13 (idleness mechanically/socially produces decay or further vice) and diagnostic/correlational in Jas.2.20 (absence of works correlates with and evidences dead faith, rather than causing it). In Matt.20.3-6 the sequence is developmental -- idleness resolved into productive engagement through the householder's initiative.",answered-no-flag,relational,char-answers,G0692,idle,idlers,"[""M67"", ""T2""]","Besides that, they learn to be idlers, going about from house to house, and not only idlers, but also gossips and busybodies, saying what they should not.",1Ti 5:13,M67_A_dispositional_idleness,Idleness as inert state or condition,M67_A_dispositional_idleness,M67,Sloth & Diligence,X0.2.2,G0692,"Besides that, they learn to be idlers, going about from house to house, and not only idlers, but also gossips and busybodies, saying what they should not.",X0.2.2,relational,"What does the sequence show — is the relationship causal, developmental, or correlational?"
709,1031,,"The sequence is causal in Eccl.10.18 and 1Tim.5.13 (idleness mechanically/socially produces decay or further vice) and diagnostic/correlational in Jas.2.20 (absence of works correlates with and evidences dead faith, rather than causing it). In Matt.20.3-6 the sequence is developmental -- idleness resolved into productive engagement through the householder's initiative.",answered-no-flag,relational,char-answers,G0692,idle,idlers,"[""M67"", ""T2""]","Besides that, they learn to be idlers, going about from house to house, and not only idlers, but also gossips and busybodies, saying what they should not.",1Ti 5:13,M67_A_dispositional_idleness,Idleness as inert state or condition,M67_A_dispositional_idleness,M67,Sloth & Diligence,X0.2.2,G0692,"Besides that, they learn to be idlers, going about from house to house, and not only idlers, but also gossips and busybodies, saying what they should not.",X0.2.2,relational,"What does the sequence show — is the relationship causal, developmental, or correlational?"
709,1032,,"The sequence is causal in Eccl.10.18 and 1Tim.5.13 (idleness mechanically/socially produces decay or further vice) and diagnostic/correlational in Jas.2.20 (absence of works correlates with and evidences dead faith, rather than causing it). In Matt.20.3-6 the sequence is developmental -- idleness resolved into productive engagement through the householder's initiative.",answered-no-flag,relational,char-answers,G0692,idle,useless,"[""M67"", ""T2""]","Do you want to be shown, you foolish person, that faith apart from works is useless?",Jam 2:20,M67_A_dispositional_idleness,Idleness as inert state or condition,M67_A_dispositional_idleness,M67,Sloth & Diligence,X0.2.2,G0692,"Do you want to be shown, you foolish person, that faith apart from works is useless?",X0.2.2,relational,"What does the sequence show — is the relationship causal, developmental, or correlational?"
710,1033,,"Yes -- idleness (idlers, 1Tim.5.13) produces gossip and busybodiness by social mechanism: unoccupied persons wandering house to house drift into meddling and idle talk.",answered-no-flag,relational,char-answers,G0692,idle,idlers,"[""M67"", ""T2""]","Besides that, they learn to be idlers, going about from house to house, and not only idlers, but also gossips and busybodies, saying what they should not.",1Ti 5:13,M67_A_dispositional_idleness,Idleness as inert state or condition,M67_A_dispositional_idleness,M67,Sloth & Diligence,X0.3.1,G0692,"Besides that, they learn to be idlers, going about from house to house, and not only idlers, but also gossips and busybodies, saying what they should not.",X0.3.1,relational,"Does this characteristic produce another in the evidence, and if so which, and by what mechanism? Record none if none is shown."
710,1033,,"Yes -- idleness (idlers, 1Tim.5.13) produces gossip and busybodiness by social mechanism: unoccupied persons wandering house to house drift into meddling and idle talk.",answered-no-flag,relational,char-answers,G0692,idle,idlers,"[""M67"", ""T2""]","Besides that, they learn to be idlers, going about from house to house, and not only idlers, but also gossips and busybodies, saying what they should not.",1Ti 5:13,M67_A_dispositional_idleness,Idleness as inert state or condition,M67_A_dispositional_idleness,M67,Sloth & Diligence,X0.3.1,G0692,"Besides that, they learn to be idlers, going about from house to house, and not only idlers, but also gossips and busybodies, saying what they should not.",X0.3.1,relational,"Does this characteristic produce another in the evidence, and if so which, and by what mechanism? Record none if none is shown."
711,1034,,"Idleness (as ineffectiveness/unfruitfulness) is produced by the absence of increasing spiritual qualities (2Pet.1.8, implying that lack of faith, virtue, knowledge, etc. leaves one ineffective); idleness as habitual laziness is produced by learned habituation within an unoccupied social setting (1Tim.5.13).",answered-no-flag,relational,char-answers,G0692,idle,ineffective,"[""M67"", ""T2""]","For if these qualities are yours and are increasing, they keep you from being ineffective or unfruitful in the knowledge of our Lord Jesus Christ.",2Pe 1:8,M67_A_dispositional_idleness,Idleness as inert state or condition,M67_A_dispositional_idleness,M67,Sloth & Diligence,X0.3.2,G0692,"For if these qualities are yours and are increasing, they keep you from being ineffective or unfruitful in the knowledge of our Lord Jesus Christ.",X0.3.2,relational,"Is this characteristic produced by another, and if so which?"
711,1035,,"Idleness (as ineffectiveness/unfruitfulness) is produced by the absence of increasing spiritual qualities (2Pet.1.8, implying that lack of faith, virtue, knowledge, etc. leaves one ineffective); idleness as habitual laziness is produced by learned habituation within an unoccupied social setting (1Tim.5.13).",answered-no-flag,relational,char-answers,G0692,idle,idlers,"[""M67"", ""T2""]","Besides that, they learn to be idlers, going about from house to house, and not only idlers, but also gossips and busybodies, saying what they should not.",1Ti 5:13,M67_A_dispositional_idleness,Idleness as inert state or condition,M67_A_dispositional_idleness,M67,Sloth & Diligence,X0.3.2,G0692,"Besides that, they learn to be idlers, going about from house to house, and not only idlers, but also gossips and busybodies, saying what they should not.",X0.3.2,relational,"Is this characteristic produced by another, and if so which?"
711,1035,,"Idleness (as ineffectiveness/unfruitfulness) is produced by the absence of increasing spiritual qualities (2Pet.1.8, implying that lack of faith, virtue, knowledge, etc. leaves one ineffective); idleness as habitual laziness is produced by learned habituation within an unoccupied social setting (1Tim.5.13).",answered-no-flag,relational,char-answers,G0692,idle,idlers,"[""M67"", ""T2""]","Besides that, they learn to be idlers, going about from house to house, and not only idlers, but also gossips and busybodies, saying what they should not.",1Ti 5:13,M67_A_dispositional_idleness,Idleness as inert state or condition,M67_A_dispositional_idleness,M67,Sloth & Diligence,X0.3.2,G0692,"Besides that, they learn to be idlers, going about from house to house, and not only idlers, but also gossips and busybodies, saying what they should not.",X0.3.2,relational,"Is this characteristic produced by another, and if so which?"
712,1036,,"Idleness/indolence is a constituent condition contributing to a compound moral portrait in Titus.1.12 (lying, evil-beast, lazy-gluttony) rather than itself containing constituent elements; in Eccl.10.18 it functions as the constituent link between sloth (a disposition) and hand-inaction (an instrument) producing decay -- i.e. indolence itself is best understood as constituent to the larger causal chain rather than a compound of parts.",answered-no-flag,relational,char-answers,G0692,idle,lazy,"[""M67"", ""T2""]","One of the Cretans, a prophet of their own, said, “ Cretans are always liars, evil beasts, lazy gluttons.”",Tit 1:12,M67_A_dispositional_idleness,Idleness as inert state or condition,M67_A_dispositional_idleness,M67,Sloth & Diligence,X0.3.3,G0692,"One of the Cretans, a prophet of their own, said, “ Cretans are always liars, evil beasts, lazy gluttons.”",X0.3.3,relational,"Is this characteristic a constituent element of another, or another a constituent of this one?"
712,1037,,"Idleness/indolence is a constituent condition contributing to a compound moral portrait in Titus.1.12 (lying, evil-beast, lazy-gluttony) rather than itself containing constituent elements; in Eccl.10.18 it functions as the constituent link between sloth (a disposition) and hand-inaction (an instrument) producing decay -- i.e. indolence itself is best understood as constituent to the larger causal chain rather than a compound of parts.",answered-no-flag,relational,char-answers,H8220,idleness,indolence,"[""M67"", ""T2""]","Through sloth the roof sinks in, and through indolence the house leaks.",Ecc 10:18,M67_A_dispositional_idleness,Idleness as inert state or condition,M67_A_dispositional_idleness,M67,Sloth & Diligence,X0.3.3,H8220,"Through sloth the roof sinks in, and through indolence the house leaks.",X0.3.3,relational,"Is this characteristic a constituent element of another, or another a constituent of this one?"
713,1038,,"The nearest adjacent characteristic is sloth (H6103, Eccl.10.18's parallel term) -- sloth denotes the internal disposition/sluggishness of temperament, while indolence/idleness (H8220/G0692) denotes the resultant condition of non-engagement or its physical/social manifestation (slack hands, standing unemployed, habitual wandering). The distinction is disposition (inner trait) versus condition/state (outward or structural result).",answered-no-flag,relational,char-answers,H8220,idleness,indolence,"[""M67"", ""T2""]","Through sloth the roof sinks in, and through indolence the house leaks.",Ecc 10:18,M67_A_dispositional_idleness,Idleness as inert state or condition,M67_A_dispositional_idleness,M67,Sloth & Diligence,X0.5.1,H8220,"Through sloth the roof sinks in, and through indolence the house leaks.",X0.5.1,relational,"Which adjacent characteristic most closely resembles this one, and what precisely distinguishes them?"
714,1039,,"Where sloth and indolence overlap in Eccl.10.18's parallelism, the boundary is that sloth (H6103) names the character trait/tendency while indolence (H8220) names its enacted expression through the hands producing measurable decay -- the former is dispositional, the latter is functional/instrumental.",answered-no-flag,relational,char-answers,H8220,idleness,indolence,"[""M67"", ""T2""]","Through sloth the roof sinks in, and through indolence the house leaks.",Ecc 10:18,M67_A_dispositional_idleness,Idleness as inert state or condition,M67_A_dispositional_idleness,M67,Sloth & Diligence,X0.5.2,H8220,"Through sloth the roof sinks in, and through indolence the house leaks.",X0.5.2,relational,"Where the evidence shows apparent overlap, what is the precise boundary?"
715,1040,,"The distinction between indolence/idleness and its nearest neighbour (sloth) is one of kind and constitutional level: sloth is an inner disposition/trait (constitutional, seated in temperament), while idleness/indolence is a condition or state manifested through behavior or the body (hands) and observable circumstance -- not merely a matter of degree of the same thing.",answered-no-flag,relational,char-answers,H8220,idleness,indolence,"[""M67"", ""T2""]","Through sloth the roof sinks in, and through indolence the house leaks.",Ecc 10:18,M67_A_dispositional_idleness,Idleness as inert state or condition,M67_A_dispositional_idleness,M67,Sloth & Diligence,X0.5.3,H8220,"Through sloth the roof sinks in, and through indolence the house leaks.",X0.5.3,relational,"Is the distinction from the nearest neighbour one of degree, kind, direction, or constitutional level?"
