id,meaning_source,obs_text,id,observation_id,cluster_code,cluster_subgroup_code,strong,verse_reference,surface,morph_code,question_code,traced_observation_id,source_stage,seq,created_at,question_code,question_text
1,strong_meaning_tree,"In 2Cor.7.11 the characteristic is 'earnestness' (spoudē), naming an intensified, mobilized diligence produced as a fruit of godly grief. The name signals an essential nature of energetic self-application rather than passive feeling.",1,1,M67,,G4710,2Cor.7.11,earnestness,N-ASF,M0.1.1,,verse-reading,1,2026-09-17T08:52:39Z,M0.1.1,"What is the characteristic called in the programme, and what does the name signal about its essential nature?"
2,strong_lexicon.lsj,"The Greek term spoudē (from speudō, 'to hasten') shows at the definitional level a movement from mere haste/speed toward earnest application, diligence, and zeal — a term whose root sense of hurrying was extended to mean whole-hearted effort and seriousness.",2,2,M67,,G4710,2Cor.7.11,earnestness,N-ASF,M0.1.2,,verse-reading,1,2026-09-17T08:52:39Z,M0.1.2,What do the primary Hebrew and Greek terms show at the definitional level?
3,strong_meaning_tree,"As listed among the seven effects of godly grief in 2Cor.7.11, earnestness carries a relational implication: it is directed outward as evidence to Paul/the church of the Corinthians' restored right relationship, functioning as the leading proof-response that anchors the others (eagerness to clear themselves, indignation, fear, longing, zeal, punishment).",3,3,M67,,G4710,2Cor.7.11,earnestness,N-ASF,M0.1.3,,verse-reading,1,2026-09-17T08:52:39Z,M0.1.3,"What directional, relational, or constitutional implication does the name carry?"
4,strong_lexicon.lsj,"Primary Greek term: spoudē. Root meaning ties to speudō 'to hasten/hurry'; the root shows a semantic movement from physical haste to earnest zeal and diligent effort, attested from Homer through Koine usage including LXX/NT religious contexts (e.g., Rom.12.11, Heb.6.11).",4,4,M67,,G4710,2Cor.7.11,earnestness,N-ASF,M0.5.1,,verse-reading,1,2026-09-17T08:52:39Z,M0.5.1,"What are the primary Hebrew and Greek terms for this characteristic, and what do their root meanings show?"
5,strong_lexicon.lsj,"Spoudē is attested here as a noun (N-ASF), the abstract quality itself, showing that the characteristic operates as a named state/quality of mobilized diligence rather than as a verbal action in this verse; the cognate verb spoudazō and adverb spoudē (dative, 'with haste/earnestly') attest a wider grammatical range across the corpus.",5,5,M67,,G4710,2Cor.7.11,earnestness,N-ASF,M0.5.2,,verse-reading,1,2026-09-17T08:52:39Z,M0.5.2,"What is the grammatical range of the primary term (noun, verb, adjective, participle), and what does that range show about how the characteristic operates?"
6,strong_lexicon.lsj,"Semantic range spans literal haste/speed, effortful zeal or diligence, eager application to a task, esteem/regard for a person, and even partisan zeal or good offices; in 2Cor.7.11 it functions idiomatically alongside a cluster of near-synonyms (eagerness, indignation, fear, longing, zeal) to intensify the picture of thorough repentant diligence.",6,6,M67,,G4710,2Cor.7.11,earnestness,N-ASF,M0.5.3,,verse-reading,1,2026-09-17T08:52:39Z,M0.5.3,"What is the semantic range of the primary term — across what breadth of meaning does it operate, including any idiomatic, analogical, or otherwise implied meaning carried by its use in combination with other terms?"
7,strong_meaning_tree,"No distinct disposition-versus-act or received-versus-given pairing is present for spoudē itself in the sources; the term denotes a single quality (earnest diligence) that can appear as either an inner disposition or its enacted expression, without a separate paired term marking the distinction.",7,7,M67,,G4710,2Cor.7.11,earnestness,N-ASF,M0.5.4,,verse-reading,1,2026-09-17T08:52:39Z,M0.5.4,"Does the vocabulary include terms distinguishing distinct aspects — disposition versus act, received versus given, condition versus quality? Record which, or none."
8,strong_lexicon.lsj,"None: the sources given do not present a distinct structural-opposite term (e.g., a word for negligence/sloth) alongside spoudē in this evidence.",8,8,M67,,G4710,2Cor.7.11,earnestness,N-ASF,M0.5.5,,verse-reading,1,2026-09-17T08:52:39Z,M0.5.5,"Does the vocabulary include a term for the structural opposite or absence of this characteristic? Record it, or none."
9,strong_lexicon.lsj,"None: no person-type term (e.g., 'the earnest/diligent one') for a habitual possessor of this trait is present in the sources given.",9,9,M67,,G4710,2Cor.7.11,earnestness,N-ASF,M0.5.6,,verse-reading,1,2026-09-17T08:52:39Z,M0.5.6,"Does the vocabulary include a person-type term — one for the person who habitually possesses or exercises this characteristic? Record it, or none."
10,strong_lexicon.lsj,None: no supplication/seeking term (an act of asking for earnestness from another) appears in the sources provided.,10,10,M67,,G4710,2Cor.7.11,earnestness,N-ASF,M0.5.7,,verse-reading,1,2026-09-17T08:52:39Z,M0.5.7,"Does the vocabulary include a supplication or seeking term — one for the act of seeking this characteristic from another? Record it, or none."
11,strong_lexicon.lsj,"The sources given show spoudē as a Greek term with deep classical Greek usage (Homer through 2nd c. AD) carried directly into NT usage (Rom.12.8,11; 2Cor.7.11-12; 8.7,16; Heb.6.11) with continuity of sense — hastening/effort becoming earnest religious zeal — without a distinct parallel Hebrew term supplied here to compare Testament development.",11,11,M67,,G4710,2Cor.7.11,earnestness,N-ASF,M0.5.8,,verse-reading,1,2026-09-17T08:52:39Z,M0.5.8,What does the relationship between the OT Hebrew and NT Greek vocabulary show about continuity or development of the characteristic across the Testaments?
12,strong_lexicon.lsj,"None: the sources show spoudē as an established classical term continuing into the NT period, not a newly coined NT term.",12,12,M67,,G4710,2Cor.7.11,earnestness,N-ASF,M0.5.9,,verse-reading,1,2026-09-17T08:52:39Z,M0.5.9,"Is there a term newly coined in the NT period for this characteristic; if so, what does the coinage show? Record it, or none."
13,strong_lexicon.lsj,"The full vocabulary arc of spoudē runs from literal physical haste/speed, through effortful zeal, diligent application, careful attention, to esteem/regard and even partisan zeal — showing the characteristic's semantic range spans from bodily urgency to moral-religious earnestness, unified by the underlying sense of concentrated, hastened effort toward a goal.",13,13,M67,,G4710,2Cor.7.11,earnestness,N-ASF,M0.5.10,,verse-reading,1,2026-09-17T08:52:39Z,M0.5.10,What does the full vocabulary arc show about the characteristic's complete semantic range?
14,strong_meaning_tree,"No role-T3 operation word is tagged as home-cluster in this verse for G4710; the verse's operation word 'produced' (G2716, role-T3) is a different strong, initiated by 'this godly grief' and directed toward 'you' (the Corinthians), producing earnestness and the other listed effects — but G4710 itself here is a noun object/result, not the operation word.",14,14,M67,,G4710,2Cor.7.11,earnestness,N-ASF,D7.7.1,,verse-reading,1,2026-09-17T08:52:39Z,D7.7.1,"Where this verse contains an action or movement word tagged as an Operation in the cluster's role classification (the tag is `role-T3` in `cluster.cluster_code` -- consult that tagging directly, not this question's own memory of it), what is that word's relation to the parties present -- who initiates it and toward whom or what is it directed? Record none if no such operation word is present."
15,strong_meaning_tree; strong_lexicon.lsj; strong_lexicon.mounce,"In 2Cor.7.11 the operation words 'produced' (G2716) and 'proved' (G4921) are directed by the Corinthians toward themselves as a corrective response; the earnestness (G4710, home strong) named at the head of the verse is the disposition that generates these corrective actions, initiated by the addressed party 'you' and manifested toward the matter of the wrong being cleared.",15,15,M67,,G4710,2Cor.7.11,earnestness,N-ASF,D7.7.1,14,verse-reading,1,2026-09-17T09:29:01Z,D7.7.1,"Where this verse contains an action or movement word tagged as an Operation in the cluster's role classification (the tag is `role-T3` in `cluster.cluster_code` -- consult that tagging directly, not this question's own memory of it), what is that word's relation to the parties present -- who initiates it and toward whom or what is it directed? Record none if no such operation word is present."
16,strong_meaning_tree; strong_lexicon.lsj; strong_lexicon.mounce,"The characteristic is called 'earnestness/zeal' (spoudē), signaling an essential nature of concentrated, effortful application -- the opposite of passive drift, marked by urgency, diligence, and focused exertion toward a goal or person.",16,16,M67,,G4710,Mark.6.25,haste,N-GSF,M0.1.1,1,verse-reading,1,2026-09-17T09:29:01Z,M0.1.1,"What is the characteristic called in the programme, and what does the name signal about its essential nature?"
16,strong_meaning_tree; strong_lexicon.lsj; strong_lexicon.mounce,"The characteristic is called 'earnestness/zeal' (spoudē), signaling an essential nature of concentrated, effortful application -- the opposite of passive drift, marked by urgency, diligence, and focused exertion toward a goal or person.",17,16,M67,,G4710,2Cor.7.11,earnestness,N-ASF,M0.1.1,1,verse-reading,2,2026-09-17T09:29:01Z,M0.1.1,"What is the characteristic called in the programme, and what does the name signal about its essential nature?"
16,strong_meaning_tree; strong_lexicon.lsj; strong_lexicon.mounce,"The characteristic is called 'earnestness/zeal' (spoudē), signaling an essential nature of concentrated, effortful application -- the opposite of passive drift, marked by urgency, diligence, and focused exertion toward a goal or person.",18,16,M67,,G4710,2Cor.8.8,earnestness,N-GSF,M0.1.1,1,verse-reading,3,2026-09-17T09:29:01Z,M0.1.1,"What is the characteristic called in the programme, and what does the name signal about its essential nature?"
16,strong_meaning_tree; strong_lexicon.lsj; strong_lexicon.mounce,"The characteristic is called 'earnestness/zeal' (spoudē), signaling an essential nature of concentrated, effortful application -- the opposite of passive drift, marked by urgency, diligence, and focused exertion toward a goal or person.",19,16,M67,,G4710,Rom.12.11,zeal,N-DSF,M0.1.1,1,verse-reading,4,2026-09-17T09:29:01Z,M0.1.1,"What is the characteristic called in the programme, and what does the name signal about its essential nature?"
16,strong_meaning_tree; strong_lexicon.lsj; strong_lexicon.mounce,"The characteristic is called 'earnestness/zeal' (spoudē), signaling an essential nature of concentrated, effortful application -- the opposite of passive drift, marked by urgency, diligence, and focused exertion toward a goal or person.",20,16,M67,,G4710,2Cor.7.12,earnestness,N-ASF,M0.1.1,1,verse-reading,5,2026-09-17T09:29:01Z,M0.1.1,"What is the characteristic called in the programme, and what does the name signal about its essential nature?"
16,strong_meaning_tree; strong_lexicon.lsj; strong_lexicon.mounce,"The characteristic is called 'earnestness/zeal' (spoudē), signaling an essential nature of concentrated, effortful application -- the opposite of passive drift, marked by urgency, diligence, and focused exertion toward a goal or person.",21,16,M67,,G4710,2Cor.8.7,earnestness,N-DSF,M0.1.1,1,verse-reading,6,2026-09-17T09:29:01Z,M0.1.1,"What is the characteristic called in the programme, and what does the name signal about its essential nature?"
16,strong_meaning_tree; strong_lexicon.lsj; strong_lexicon.mounce,"The characteristic is called 'earnestness/zeal' (spoudē), signaling an essential nature of concentrated, effortful application -- the opposite of passive drift, marked by urgency, diligence, and focused exertion toward a goal or person.",22,16,M67,,G4710,Rom.12.8,zeal,N-DSF,M0.1.1,1,verse-reading,7,2026-09-17T09:29:01Z,M0.1.1,"What is the characteristic called in the programme, and what does the name signal about its essential nature?"
16,strong_meaning_tree; strong_lexicon.lsj; strong_lexicon.mounce,"The characteristic is called 'earnestness/zeal' (spoudē), signaling an essential nature of concentrated, effortful application -- the opposite of passive drift, marked by urgency, diligence, and focused exertion toward a goal or person.",23,16,M67,,G4710,Jude.1.3,eager,N-ASF,M0.1.1,1,verse-reading,8,2026-09-17T09:29:01Z,M0.1.1,"What is the characteristic called in the programme, and what does the name signal about its essential nature?"
16,strong_meaning_tree; strong_lexicon.lsj; strong_lexicon.mounce,"The characteristic is called 'earnestness/zeal' (spoudē), signaling an essential nature of concentrated, effortful application -- the opposite of passive drift, marked by urgency, diligence, and focused exertion toward a goal or person.",24,16,M67,,G4710,Heb.6.11,earnestness,N-ASF,M0.1.1,1,verse-reading,9,2026-09-17T09:29:01Z,M0.1.1,"What is the characteristic called in the programme, and what does the name signal about its essential nature?"
17,strong_lexicon.lsj; strong_meaning_tree; strong_lexicon.mounce,"The Greek term spoudē (from speudō, 'to hasten') shows at the definitional level a root sense of physical haste or speed that extends metaphorically to zealous effort, diligence, and earnest engagement -- the term bridges literal urgency of movement and figurative urgency of disposition.",25,17,M67,,G4710,Mark.6.25,haste,N-GSF,M0.1.2,2,verse-reading,1,2026-09-17T09:29:01Z,M0.1.2,What do the primary Hebrew and Greek terms show at the definitional level?
17,strong_lexicon.lsj; strong_meaning_tree; strong_lexicon.mounce,"The Greek term spoudē (from speudō, 'to hasten') shows at the definitional level a root sense of physical haste or speed that extends metaphorically to zealous effort, diligence, and earnest engagement -- the term bridges literal urgency of movement and figurative urgency of disposition.",26,17,M67,,G4710,2Cor.7.11,earnestness,N-ASF,M0.1.2,2,verse-reading,2,2026-09-17T09:29:01Z,M0.1.2,What do the primary Hebrew and Greek terms show at the definitional level?
18,strong_meaning_tree; strong_lexicon.lsj,"The name carries a relational implication: earnestness is directed -- toward a task, a person, or a cause (e.g. toward Paul in 2Cor.7.12, toward hope in Heb.6.11, toward zealous service of the Lord in Rom.12.11) -- constituting the person as actively invested rather than neutral or passive toward the object.",27,18,M67,,G4710,2Cor.7.12,earnestness,N-ASF,M0.1.3,3,verse-reading,1,2026-09-17T09:29:01Z,M0.1.3,"What directional, relational, or constitutional implication does the name carry?"
18,strong_meaning_tree; strong_lexicon.lsj,"The name carries a relational implication: earnestness is directed -- toward a task, a person, or a cause (e.g. toward Paul in 2Cor.7.12, toward hope in Heb.6.11, toward zealous service of the Lord in Rom.12.11) -- constituting the person as actively invested rather than neutral or passive toward the object.",28,18,M67,,G4710,Heb.6.11,earnestness,N-ASF,M0.1.3,3,verse-reading,2,2026-09-17T09:29:01Z,M0.1.3,"What directional, relational, or constitutional implication does the name carry?"
18,strong_meaning_tree; strong_lexicon.lsj,"The name carries a relational implication: earnestness is directed -- toward a task, a person, or a cause (e.g. toward Paul in 2Cor.7.12, toward hope in Heb.6.11, toward zealous service of the Lord in Rom.12.11) -- constituting the person as actively invested rather than neutral or passive toward the object.",29,18,M67,,G4710,Rom.12.11,zeal,N-DSF,M0.1.3,3,verse-reading,3,2026-09-17T09:29:01Z,M0.1.3,"What directional, relational, or constitutional implication does the name carry?"
19,strong_lexicon.lsj; strong_meaning_tree; strong_lexicon.mounce,"The primary Greek term is spoudē, from the verb speudō 'to hasten, hurry.' The root meaning shows physical haste transferred to moral/spiritual eagerness -- effort applied with urgency, whether in travel (Mark.6.25 'with haste'), in defense of oneself (2Cor.7.11), or in Christian service (Rom.12.11, Rom.12.8, Heb.6.11).",30,19,M67,,G4710,Mark.6.25,haste,N-GSF,M0.5.1,4,verse-reading,1,2026-09-17T09:29:01Z,M0.5.1,"What are the primary Hebrew and Greek terms for this characteristic, and what do their root meanings show?"
19,strong_lexicon.lsj; strong_meaning_tree; strong_lexicon.mounce,"The primary Greek term is spoudē, from the verb speudō 'to hasten, hurry.' The root meaning shows physical haste transferred to moral/spiritual eagerness -- effort applied with urgency, whether in travel (Mark.6.25 'with haste'), in defense of oneself (2Cor.7.11), or in Christian service (Rom.12.11, Rom.12.8, Heb.6.11).",31,19,M67,,G4710,Rom.12.11,zeal,N-DSF,M0.5.1,4,verse-reading,2,2026-09-17T09:29:01Z,M0.5.1,"What are the primary Hebrew and Greek terms for this characteristic, and what do their root meanings show?"
19,strong_lexicon.lsj; strong_meaning_tree; strong_lexicon.mounce,"The primary Greek term is spoudē, from the verb speudō 'to hasten, hurry.' The root meaning shows physical haste transferred to moral/spiritual eagerness -- effort applied with urgency, whether in travel (Mark.6.25 'with haste'), in defense of oneself (2Cor.7.11), or in Christian service (Rom.12.11, Rom.12.8, Heb.6.11).",32,19,M67,,G4710,Rom.12.8,zeal,N-DSF,M0.5.1,4,verse-reading,3,2026-09-17T09:29:01Z,M0.5.1,"What are the primary Hebrew and Greek terms for this characteristic, and what do their root meanings show?"
19,strong_lexicon.lsj; strong_meaning_tree; strong_lexicon.mounce,"The primary Greek term is spoudē, from the verb speudō 'to hasten, hurry.' The root meaning shows physical haste transferred to moral/spiritual eagerness -- effort applied with urgency, whether in travel (Mark.6.25 'with haste'), in defense of oneself (2Cor.7.11), or in Christian service (Rom.12.11, Rom.12.8, Heb.6.11).",33,19,M67,,G4710,Heb.6.11,earnestness,N-ASF,M0.5.1,4,verse-reading,4,2026-09-17T09:29:01Z,M0.5.1,"What are the primary Hebrew and Greek terms for this characteristic, and what do their root meanings show?"
20,strong_meaning_tree; strong_lexicon.lsj; strong_lexicon.mounce,"The full vocabulary arc for spoudē spans: physical haste/speed (Mark.6.25), earnest defensive zeal in a moral crisis (2Cor.7.11-12), a virtue commended as evidence of love and grace (2Cor.8.7-8), a disposition commanded in Christian conduct opposed to slothfulness (Rom.12.11), a manner of exercising a spiritual gift 'with zeal' (Rom.12.8), personal eagerness to write/contend for the faith (Jude.1.3), and a persevering disposition toward full assurance of hope (Heb.6.11) -- showing the term's range from literal speed to sustained moral-spiritual diligence.",34,20,M67,,G4710,Mark.6.25,haste,N-GSF,M0.5.10,13,verse-reading,1,2026-09-17T09:29:01Z,M0.5.10,What does the full vocabulary arc show about the characteristic's complete semantic range?
20,strong_meaning_tree; strong_lexicon.lsj; strong_lexicon.mounce,"The full vocabulary arc for spoudē spans: physical haste/speed (Mark.6.25), earnest defensive zeal in a moral crisis (2Cor.7.11-12), a virtue commended as evidence of love and grace (2Cor.8.7-8), a disposition commanded in Christian conduct opposed to slothfulness (Rom.12.11), a manner of exercising a spiritual gift 'with zeal' (Rom.12.8), personal eagerness to write/contend for the faith (Jude.1.3), and a persevering disposition toward full assurance of hope (Heb.6.11) -- showing the term's range from literal speed to sustained moral-spiritual diligence.",35,20,M67,,G4710,2Cor.7.11,earnestness,N-ASF,M0.5.10,13,verse-reading,2,2026-09-17T09:29:01Z,M0.5.10,What does the full vocabulary arc show about the characteristic's complete semantic range?
20,strong_meaning_tree; strong_lexicon.lsj; strong_lexicon.mounce,"The full vocabulary arc for spoudē spans: physical haste/speed (Mark.6.25), earnest defensive zeal in a moral crisis (2Cor.7.11-12), a virtue commended as evidence of love and grace (2Cor.8.7-8), a disposition commanded in Christian conduct opposed to slothfulness (Rom.12.11), a manner of exercising a spiritual gift 'with zeal' (Rom.12.8), personal eagerness to write/contend for the faith (Jude.1.3), and a persevering disposition toward full assurance of hope (Heb.6.11) -- showing the term's range from literal speed to sustained moral-spiritual diligence.",36,20,M67,,G4710,2Cor.7.12,earnestness,N-ASF,M0.5.10,13,verse-reading,3,2026-09-17T09:29:01Z,M0.5.10,What does the full vocabulary arc show about the characteristic's complete semantic range?
20,strong_meaning_tree; strong_lexicon.lsj; strong_lexicon.mounce,"The full vocabulary arc for spoudē spans: physical haste/speed (Mark.6.25), earnest defensive zeal in a moral crisis (2Cor.7.11-12), a virtue commended as evidence of love and grace (2Cor.8.7-8), a disposition commanded in Christian conduct opposed to slothfulness (Rom.12.11), a manner of exercising a spiritual gift 'with zeal' (Rom.12.8), personal eagerness to write/contend for the faith (Jude.1.3), and a persevering disposition toward full assurance of hope (Heb.6.11) -- showing the term's range from literal speed to sustained moral-spiritual diligence.",37,20,M67,,G4710,2Cor.8.7,earnestness,N-DSF,M0.5.10,13,verse-reading,4,2026-09-17T09:29:01Z,M0.5.10,What does the full vocabulary arc show about the characteristic's complete semantic range?
20,strong_meaning_tree; strong_lexicon.lsj; strong_lexicon.mounce,"The full vocabulary arc for spoudē spans: physical haste/speed (Mark.6.25), earnest defensive zeal in a moral crisis (2Cor.7.11-12), a virtue commended as evidence of love and grace (2Cor.8.7-8), a disposition commanded in Christian conduct opposed to slothfulness (Rom.12.11), a manner of exercising a spiritual gift 'with zeal' (Rom.12.8), personal eagerness to write/contend for the faith (Jude.1.3), and a persevering disposition toward full assurance of hope (Heb.6.11) -- showing the term's range from literal speed to sustained moral-spiritual diligence.",38,20,M67,,G4710,2Cor.8.8,earnestness,N-GSF,M0.5.10,13,verse-reading,5,2026-09-17T09:29:01Z,M0.5.10,What does the full vocabulary arc show about the characteristic's complete semantic range?
20,strong_meaning_tree; strong_lexicon.lsj; strong_lexicon.mounce,"The full vocabulary arc for spoudē spans: physical haste/speed (Mark.6.25), earnest defensive zeal in a moral crisis (2Cor.7.11-12), a virtue commended as evidence of love and grace (2Cor.8.7-8), a disposition commanded in Christian conduct opposed to slothfulness (Rom.12.11), a manner of exercising a spiritual gift 'with zeal' (Rom.12.8), personal eagerness to write/contend for the faith (Jude.1.3), and a persevering disposition toward full assurance of hope (Heb.6.11) -- showing the term's range from literal speed to sustained moral-spiritual diligence.",39,20,M67,,G4710,Rom.12.11,zeal,N-DSF,M0.5.10,13,verse-reading,6,2026-09-17T09:29:01Z,M0.5.10,What does the full vocabulary arc show about the characteristic's complete semantic range?
20,strong_meaning_tree; strong_lexicon.lsj; strong_lexicon.mounce,"The full vocabulary arc for spoudē spans: physical haste/speed (Mark.6.25), earnest defensive zeal in a moral crisis (2Cor.7.11-12), a virtue commended as evidence of love and grace (2Cor.8.7-8), a disposition commanded in Christian conduct opposed to slothfulness (Rom.12.11), a manner of exercising a spiritual gift 'with zeal' (Rom.12.8), personal eagerness to write/contend for the faith (Jude.1.3), and a persevering disposition toward full assurance of hope (Heb.6.11) -- showing the term's range from literal speed to sustained moral-spiritual diligence.",40,20,M67,,G4710,Rom.12.8,zeal,N-DSF,M0.5.10,13,verse-reading,7,2026-09-17T09:29:01Z,M0.5.10,What does the full vocabulary arc show about the characteristic's complete semantic range?
20,strong_meaning_tree; strong_lexicon.lsj; strong_lexicon.mounce,"The full vocabulary arc for spoudē spans: physical haste/speed (Mark.6.25), earnest defensive zeal in a moral crisis (2Cor.7.11-12), a virtue commended as evidence of love and grace (2Cor.8.7-8), a disposition commanded in Christian conduct opposed to slothfulness (Rom.12.11), a manner of exercising a spiritual gift 'with zeal' (Rom.12.8), personal eagerness to write/contend for the faith (Jude.1.3), and a persevering disposition toward full assurance of hope (Heb.6.11) -- showing the term's range from literal speed to sustained moral-spiritual diligence.",41,20,M67,,G4710,Jude.1.3,eager,N-ASF,M0.5.10,13,verse-reading,8,2026-09-17T09:29:01Z,M0.5.10,What does the full vocabulary arc show about the characteristic's complete semantic range?
20,strong_meaning_tree; strong_lexicon.lsj; strong_lexicon.mounce,"The full vocabulary arc for spoudē spans: physical haste/speed (Mark.6.25), earnest defensive zeal in a moral crisis (2Cor.7.11-12), a virtue commended as evidence of love and grace (2Cor.8.7-8), a disposition commanded in Christian conduct opposed to slothfulness (Rom.12.11), a manner of exercising a spiritual gift 'with zeal' (Rom.12.8), personal eagerness to write/contend for the faith (Jude.1.3), and a persevering disposition toward full assurance of hope (Heb.6.11) -- showing the term's range from literal speed to sustained moral-spiritual diligence.",42,20,M67,,G4710,Heb.6.11,earnestness,N-ASF,M0.5.10,13,verse-reading,9,2026-09-17T09:29:01Z,M0.5.10,What does the full vocabulary arc show about the characteristic's complete semantic range?
21,strong_meaning_tree; strong_lexicon.lsj,"Spoudē is grammatically a noun (feminine, first declension) occurring across cases (genitive, dative, accusative) depending on syntactic role -- it names the quality or state itself, functioning as the abstract head noun to which verbs of producing, showing, or having attach; the range shows the characteristic operates as a possessable/exhibitable quality rather than an action verb itself.",43,21,M67,,G4710,2Cor.7.11,earnestness,N-ASF,M0.5.2,5,verse-reading,1,2026-09-17T09:29:01Z,M0.5.2,"What is the grammatical range of the primary term (noun, verb, adjective, participle), and what does that range show about how the characteristic operates?"
21,strong_meaning_tree; strong_lexicon.lsj,"Spoudē is grammatically a noun (feminine, first declension) occurring across cases (genitive, dative, accusative) depending on syntactic role -- it names the quality or state itself, functioning as the abstract head noun to which verbs of producing, showing, or having attach; the range shows the characteristic operates as a possessable/exhibitable quality rather than an action verb itself.",44,21,M67,,G4710,Heb.6.11,earnestness,N-ASF,M0.5.2,5,verse-reading,2,2026-09-17T09:29:01Z,M0.5.2,"What is the grammatical range of the primary term (noun, verb, adjective, participle), and what does that range show about how the characteristic operates?"
21,strong_meaning_tree; strong_lexicon.lsj,"Spoudē is grammatically a noun (feminine, first declension) occurring across cases (genitive, dative, accusative) depending on syntactic role -- it names the quality or state itself, functioning as the abstract head noun to which verbs of producing, showing, or having attach; the range shows the characteristic operates as a possessable/exhibitable quality rather than an action verb itself.",45,21,M67,,G4710,Rom.12.8,zeal,N-DSF,M0.5.2,5,verse-reading,3,2026-09-17T09:29:01Z,M0.5.2,"What is the grammatical range of the primary term (noun, verb, adjective, participle), and what does that range show about how the characteristic operates?"
22,strong_lexicon.lsj; strong_meaning_tree,"The semantic range of spoudē extends from literal physical haste/speed (Mark.6.25), through earnest effort/eagerness in personal relationships and tasks (2Cor.7.11-12, Jude.1.3), to zealous diligence in exercising spiritual gifts and Christian duty (Rom.12.8, 12.11, Heb.6.11) -- an idiomatic combination 'meta spoudēs' ('with haste/zeal') recurs, and the term can also carry a sense of esteem or goodwill for a person (LSJ), showing the range bridges speed, effort, and relational regard.",46,22,M67,,G4710,Mark.6.25,haste,N-GSF,M0.5.3,6,verse-reading,1,2026-09-17T09:29:01Z,M0.5.3,"What is the semantic range of the primary term — across what breadth of meaning does it operate, including any idiomatic, analogical, or otherwise implied meaning carried by its use in combination with other terms?"
22,strong_lexicon.lsj; strong_meaning_tree,"The semantic range of spoudē extends from literal physical haste/speed (Mark.6.25), through earnest effort/eagerness in personal relationships and tasks (2Cor.7.11-12, Jude.1.3), to zealous diligence in exercising spiritual gifts and Christian duty (Rom.12.8, 12.11, Heb.6.11) -- an idiomatic combination 'meta spoudēs' ('with haste/zeal') recurs, and the term can also carry a sense of esteem or goodwill for a person (LSJ), showing the range bridges speed, effort, and relational regard.",47,22,M67,,G4710,Jude.1.3,eager,N-ASF,M0.5.3,6,verse-reading,2,2026-09-17T09:29:01Z,M0.5.3,"What is the semantic range of the primary term — across what breadth of meaning does it operate, including any idiomatic, analogical, or otherwise implied meaning carried by its use in combination with other terms?"
22,strong_lexicon.lsj; strong_meaning_tree,"The semantic range of spoudē extends from literal physical haste/speed (Mark.6.25), through earnest effort/eagerness in personal relationships and tasks (2Cor.7.11-12, Jude.1.3), to zealous diligence in exercising spiritual gifts and Christian duty (Rom.12.8, 12.11, Heb.6.11) -- an idiomatic combination 'meta spoudēs' ('with haste/zeal') recurs, and the term can also carry a sense of esteem or goodwill for a person (LSJ), showing the range bridges speed, effort, and relational regard.",48,22,M67,,G4710,Rom.12.8,zeal,N-DSF,M0.5.3,6,verse-reading,3,2026-09-17T09:29:01Z,M0.5.3,"What is the semantic range of the primary term — across what breadth of meaning does it operate, including any idiomatic, analogical, or otherwise implied meaning carried by its use in combination with other terms?"
23,strong_meaning_tree; strong_lexicon.lsj,"The cluster vocabulary distinguishes disposition (spoudē as an inward zeal/eagerness, Rom.12.11) from its outward manifestation/act (spoudē as proof demonstrated 'by the earnestness of others,' 2Cor.8.8) -- the same term functions both as inner quality and as evidenced act, though no separate lexeme marks the distinction.",49,23,M67,,G4710,Rom.12.11,zeal,N-DSF,M0.5.4,7,verse-reading,1,2026-09-17T09:29:01Z,M0.5.4,"Does the vocabulary include terms distinguishing distinct aspects — disposition versus act, received versus given, condition versus quality? Record which, or none."
23,strong_meaning_tree; strong_lexicon.lsj,"The cluster vocabulary distinguishes disposition (spoudē as an inward zeal/eagerness, Rom.12.11) from its outward manifestation/act (spoudē as proof demonstrated 'by the earnestness of others,' 2Cor.8.8) -- the same term functions both as inner quality and as evidenced act, though no separate lexeme marks the distinction.",50,23,M67,,G4710,2Cor.8.8,earnestness,N-GSF,M0.5.4,7,verse-reading,2,2026-09-17T09:29:01Z,M0.5.4,"Does the vocabulary include terms distinguishing distinct aspects — disposition versus act, received versus given, condition versus quality? Record which, or none."
24,strong_meaning_tree; strong_lexicon.lsj; strong_lexicon.mounce,"The cluster vocabulary includes the structural opposite of earnestness: oknēros (G3636), 'slothful, lazy, idle, indolent,' explicitly contrasted with spoudē/zeal in Rom.12.11 ('do not be slothful in zeal') and applied to the wicked servant in Matt.25.26.",51,24,M67,,G4710,Rom.12.11,zeal,N-DSF,M0.5.5,8,verse-reading,1,2026-09-17T09:29:01Z,M0.5.5,"Does the vocabulary include a term for the structural opposite or absence of this characteristic? Record it, or none."
25,strong_meaning_tree; strong_lexicon.lsj; strong_lexicon.mounce,"G3636 (oknēros) is itself the structural-opposite term to earnestness/zeal in this cluster's vocabulary, meaning 'slow, slothful, indolent, idle' and by extension 'tedious, troublesome' (Phil.3.1) -- LSJ notes its root sense of shrinking back, especially from fear, opposed to tolmēros ('bold').",52,25,M67,,G3636,Rom.12.11,slothful,A-NPM,M0.5.5,,verse-reading,1,2026-09-17T09:29:01Z,M0.5.5,"Does the vocabulary include a term for the structural opposite or absence of this characteristic? Record it, or none."
25,strong_meaning_tree; strong_lexicon.lsj; strong_lexicon.mounce,"G3636 (oknēros) is itself the structural-opposite term to earnestness/zeal in this cluster's vocabulary, meaning 'slow, slothful, indolent, idle' and by extension 'tedious, troublesome' (Phil.3.1) -- LSJ notes its root sense of shrinking back, especially from fear, opposed to tolmēros ('bold').",53,25,M67,,G3636,Matt.25.26,slothful,A-VSM,M0.5.5,,verse-reading,2,2026-09-17T09:29:01Z,M0.5.5,"Does the vocabulary include a term for the structural opposite or absence of this characteristic? Record it, or none."
25,strong_meaning_tree; strong_lexicon.lsj; strong_lexicon.mounce,"G3636 (oknēros) is itself the structural-opposite term to earnestness/zeal in this cluster's vocabulary, meaning 'slow, slothful, indolent, idle' and by extension 'tedious, troublesome' (Phil.3.1) -- LSJ notes its root sense of shrinking back, especially from fear, opposed to tolmēros ('bold').",54,25,M67,,G3636,Phil.3.1,trouble,A-NSN,M0.5.5,,verse-reading,3,2026-09-17T09:29:01Z,M0.5.5,"Does the vocabulary include a term for the structural opposite or absence of this characteristic? Record it, or none."
26,strong_lexicon.lsj; strong_meaning_tree; strong_lexicon.mounce,"The characteristic named by oknēros is 'slothfulness/indolence,' signaling an essential nature of shrinking back from effort or action, rooted (per LSJ) in timidity or fear-driven reluctance rather than mere laziness.",55,26,M67,,G3636,Matt.25.26,slothful,A-VSM,M0.1.1,,verse-reading,1,2026-09-17T09:29:01Z,M0.1.1,"What is the characteristic called in the programme, and what does the name signal about its essential nature?"
26,strong_lexicon.lsj; strong_meaning_tree; strong_lexicon.mounce,"The characteristic named by oknēros is 'slothfulness/indolence,' signaling an essential nature of shrinking back from effort or action, rooted (per LSJ) in timidity or fear-driven reluctance rather than mere laziness.",56,26,M67,,G3636,Rom.12.11,slothful,A-NPM,M0.1.1,,verse-reading,2,2026-09-17T09:29:01Z,M0.1.1,"What is the characteristic called in the programme, and what does the name signal about its essential nature?"
26,strong_lexicon.lsj; strong_meaning_tree; strong_lexicon.mounce,"The characteristic named by oknēros is 'slothfulness/indolence,' signaling an essential nature of shrinking back from effort or action, rooted (per LSJ) in timidity or fear-driven reluctance rather than mere laziness.",57,26,M67,,G3636,Phil.3.1,trouble,A-NSN,M0.1.1,,verse-reading,3,2026-09-17T09:29:01Z,M0.1.1,"What is the characteristic called in the programme, and what does the name signal about its essential nature?"
27,strong_lexicon.lsj,"The Greek term oknēros (from okneō, 'to shrink, hesitate') shows at the definitional level a core meaning of timid reluctance and hesitancy that generalizes to idleness and, applied to things, to what is 'troublesome' or 'vexatious' -- a semantic extension from subjective fear to objective burden.",58,27,M67,,G3636,Matt.25.26,slothful,A-VSM,M0.1.2,,verse-reading,1,2026-09-17T09:29:01Z,M0.1.2,What do the primary Hebrew and Greek terms show at the definitional level?
27,strong_lexicon.lsj,"The Greek term oknēros (from okneō, 'to shrink, hesitate') shows at the definitional level a core meaning of timid reluctance and hesitancy that generalizes to idleness and, applied to things, to what is 'troublesome' or 'vexatious' -- a semantic extension from subjective fear to objective burden.",59,27,M67,,G3636,Phil.3.1,trouble,A-NSN,M0.1.2,,verse-reading,2,2026-09-17T09:29:01Z,M0.1.2,What do the primary Hebrew and Greek terms show at the definitional level?
28,strong_meaning_tree; strong_lexicon.lsj,"The name carries a relational implication of failure toward an owed duty or master (the slothful servant, Matt.25.26) and of unwanted burden imposed on another (Phil.3.1, 'no trouble to me') -- the term is inherently evaluated in relation to another party's expectation.",60,28,M67,,G3636,Matt.25.26,slothful,A-VSM,M0.1.3,,verse-reading,1,2026-09-17T09:29:01Z,M0.1.3,"What directional, relational, or constitutional implication does the name carry?"
28,strong_meaning_tree; strong_lexicon.lsj,"The name carries a relational implication of failure toward an owed duty or master (the slothful servant, Matt.25.26) and of unwanted burden imposed on another (Phil.3.1, 'no trouble to me') -- the term is inherently evaluated in relation to another party's expectation.",61,28,M67,,G3636,Phil.3.1,trouble,A-NSN,M0.1.3,,verse-reading,2,2026-09-17T09:29:01Z,M0.1.3,"What directional, relational, or constitutional implication does the name carry?"
29,strong_lexicon.lsj; strong_meaning_tree; strong_lexicon.mounce,"The primary Greek term is oknēros, from okneō 'to shrink back, hesitate, be reluctant' -- root meaning shows a movement-avoidance sense (shrinking from action, especially out of fear) generalized to idleness and, of things, to what causes reluctance in others (troublesome).",62,29,M67,,G3636,Rom.12.11,slothful,A-NPM,M0.5.1,,verse-reading,1,2026-09-17T09:29:01Z,M0.5.1,"What are the primary Hebrew and Greek terms for this characteristic, and what do their root meanings show?"
29,strong_lexicon.lsj; strong_meaning_tree; strong_lexicon.mounce,"The primary Greek term is oknēros, from okneō 'to shrink back, hesitate, be reluctant' -- root meaning shows a movement-avoidance sense (shrinking from action, especially out of fear) generalized to idleness and, of things, to what causes reluctance in others (troublesome).",63,29,M67,,G3636,Matt.25.26,slothful,A-VSM,M0.5.1,,verse-reading,2,2026-09-17T09:29:01Z,M0.5.1,"What are the primary Hebrew and Greek terms for this characteristic, and what do their root meanings show?"
30,strong_meaning_tree; strong_lexicon.lsj,"Oknēros is grammatically an adjective, appearing as a vocative describing a person (Matt.25.26 'you slothful servant') and as a nominative predicate describing a quality of a thing (Phil.3.1, 'no trouble') -- the range shows the characteristic can qualify both persons (moral failing) and things (objective burden/vexation).",64,30,M67,,G3636,Matt.25.26,slothful,A-VSM,M0.5.2,,verse-reading,1,2026-09-17T09:29:01Z,M0.5.2,"What is the grammatical range of the primary term (noun, verb, adjective, participle), and what does that range show about how the characteristic operates?"
30,strong_meaning_tree; strong_lexicon.lsj,"Oknēros is grammatically an adjective, appearing as a vocative describing a person (Matt.25.26 'you slothful servant') and as a nominative predicate describing a quality of a thing (Phil.3.1, 'no trouble') -- the range shows the characteristic can qualify both persons (moral failing) and things (objective burden/vexation).",65,30,M67,,G3636,Phil.3.1,trouble,A-NSN,M0.5.2,,verse-reading,2,2026-09-17T09:29:01Z,M0.5.2,"What is the grammatical range of the primary term (noun, verb, adjective, participle), and what does that range show about how the characteristic operates?"
31,strong_lexicon.lsj; strong_meaning_tree,"The semantic range spans personal moral failing ('slothful, indolent,' of a servant or exhortation to avoid it in zeal) to an entirely different applied sense when predicated of things or actions ('tedious, troublesome, vexatious,' Phil.3.1) -- LSJ notes the root also covers 'timid, shrinking' especially from fear, distinguishing it from bold (tolmēros).",66,31,M67,,G3636,Matt.25.26,slothful,A-VSM,M0.5.3,,verse-reading,1,2026-09-17T09:29:01Z,M0.5.3,"What is the semantic range of the primary term — across what breadth of meaning does it operate, including any idiomatic, analogical, or otherwise implied meaning carried by its use in combination with other terms?"
31,strong_lexicon.lsj; strong_meaning_tree,"The semantic range spans personal moral failing ('slothful, indolent,' of a servant or exhortation to avoid it in zeal) to an entirely different applied sense when predicated of things or actions ('tedious, troublesome, vexatious,' Phil.3.1) -- LSJ notes the root also covers 'timid, shrinking' especially from fear, distinguishing it from bold (tolmēros).",67,31,M67,,G3636,Phil.3.1,trouble,A-NSN,M0.5.3,,verse-reading,2,2026-09-17T09:29:01Z,M0.5.3,"What is the semantic range of the primary term — across what breadth of meaning does it operate, including any idiomatic, analogical, or otherwise implied meaning carried by its use in combination with other terms?"
32,strong_meaning_tree; strong_lexicon.lsj,"The vocabulary distinguishes a condition/disposition (slothfulness as habitual character, Matt.25.26, Rom.12.11) from an incidental quality of an action or request (being 'no trouble,' Phil.3.1) -- same lexeme applied to person-condition versus act-quality.",68,32,M67,,G3636,Matt.25.26,slothful,A-VSM,M0.5.4,,verse-reading,1,2026-09-17T09:29:01Z,M0.5.4,"Does the vocabulary include terms distinguishing distinct aspects — disposition versus act, received versus given, condition versus quality? Record which, or none."
32,strong_meaning_tree; strong_lexicon.lsj,"The vocabulary distinguishes a condition/disposition (slothfulness as habitual character, Matt.25.26, Rom.12.11) from an incidental quality of an action or request (being 'no trouble,' Phil.3.1) -- same lexeme applied to person-condition versus act-quality.",69,32,M67,,G3636,Phil.3.1,trouble,A-NSN,M0.5.4,,verse-reading,2,2026-09-17T09:29:01Z,M0.5.4,"Does the vocabulary include terms distinguishing distinct aspects — disposition versus act, received versus given, condition versus quality? Record which, or none."
33,strong_meaning_tree; strong_lexicon.lsj,None -- oknēros is itself the structural opposite of the cluster's positive term (spoudē/zeal); no further opposite-of-opposite term is present in this cluster's vocabulary.,70,33,M67,,G3636,Rom.12.11,slothful,A-NPM,M0.5.5,25,verse-reading,1,2026-09-17T09:29:01Z,M0.5.5,"Does the vocabulary include a term for the structural opposite or absence of this characteristic? Record it, or none."
34,strong_meaning_tree,None -- no distinct person-type noun (e.g. 'a slothful one' as a fixed title) is present in the cluster vocabulary; oknēros functions adjectivally applied to 'servant' (doulos) rather than as its own person-noun.,71,34,M67,,G3636,Matt.25.26,slothful,A-VSM,M0.5.6,,verse-reading,1,2026-09-17T09:29:01Z,M0.5.6,"Does the vocabulary include a person-type term — one for the person who habitually possesses or exercises this characteristic? Record it, or none."
35,strong_meaning_tree,None -- no supplication/seeking term for the state of avoiding slothfulness is present among this cluster's member strongs.,72,35,M67,,G3636,Matt.25.26,slothful,A-VSM,M0.5.7,,verse-reading,1,2026-09-17T09:29:01Z,M0.5.7,"Does the vocabulary include a supplication or seeking term — one for the act of seeking this characteristic from another? Record it, or none."
36,strong_lexicon.lsj,"As this cluster's evidence is entirely NT Greek with no corresponding OT Hebrew member strong supplied, no direct OT/NT continuity comparison can be made from the given sources for oknēros; the term's classical Greek usage (LSJ) shows continuity of meaning (timidity/reluctance) into NT usage without semantic innovation.",73,36,M67,,G3636,Matt.25.26,slothful,A-VSM,M0.5.8,,verse-reading,1,2026-09-17T09:29:01Z,M0.5.8,What does the relationship between the OT Hebrew and NT Greek vocabulary show about continuity or development of the characteristic across the Testaments?
37,strong_lexicon.lsj,"None -- oknēros is attested in classical Greek from the 5th century BC onward (LSJ cites Pindar, Sophocles, Xenophon, Aristotle) and is not a NT-period coinage.",74,37,M67,,G3636,Matt.25.26,slothful,A-VSM,M0.5.9,,verse-reading,1,2026-09-17T09:29:01Z,M0.5.9,"Is there a term newly coined in the NT period for this characteristic; if so, what does the coinage show? Record it, or none."
38,strong_meaning_tree,None -- no distinct person-type noun (e.g. 'a zealous one') is present among this cluster's member strongs; spoudē remains an abstract quality noun rather than generating a person-title in the supplied vocabulary.,75,38,M67,,G4710,Rom.12.11,zeal,N-DSF,M0.5.6,9,verse-reading,1,2026-09-17T09:29:01Z,M0.5.6,"Does the vocabulary include a person-type term — one for the person who habitually possesses or exercises this characteristic? Record it, or none."
39,strong_meaning_tree,None -- no separate supplication/seeking term (asking to receive zeal from another) is present among this cluster's member strongs; the texts command or commend zeal but do not supply a lexeme for petitioning it.,76,39,M67,,G4710,Heb.6.11,earnestness,N-ASF,M0.5.7,10,verse-reading,1,2026-09-17T09:29:01Z,M0.5.7,"Does the vocabulary include a supplication or seeking term — one for the act of seeking this characteristic from another? Record it, or none."
40,strong_lexicon.lsj,"The supplied sources are entirely Greek NT and classical-Greek (LSJ) attestations of spoudē with no OT Hebrew equivalent among this cluster's member strongs in this batch; LSJ shows the term already carries religious-zeal usage in Hellenistic inscriptions (2nd c. BC, 'zeal toward the goddess') prior to and continuous with its NT usage (Rom.12.11, Heb.6.11), indicating continuity of the term's religious sense from Hellenistic Greek into the NT rather than a Testament-crossing development.",77,40,M67,,G4710,Rom.12.11,zeal,N-DSF,M0.5.8,11,verse-reading,1,2026-09-17T09:29:01Z,M0.5.8,What does the relationship between the OT Hebrew and NT Greek vocabulary show about continuity or development of the characteristic across the Testaments?
40,strong_lexicon.lsj,"The supplied sources are entirely Greek NT and classical-Greek (LSJ) attestations of spoudē with no OT Hebrew equivalent among this cluster's member strongs in this batch; LSJ shows the term already carries religious-zeal usage in Hellenistic inscriptions (2nd c. BC, 'zeal toward the goddess') prior to and continuous with its NT usage (Rom.12.11, Heb.6.11), indicating continuity of the term's religious sense from Hellenistic Greek into the NT rather than a Testament-crossing development.",78,40,M67,,G4710,Heb.6.11,earnestness,N-ASF,M0.5.8,11,verse-reading,2,2026-09-17T09:29:01Z,M0.5.8,What does the relationship between the OT Hebrew and NT Greek vocabulary show about continuity or development of the characteristic across the Testaments?
41,strong_lexicon.lsj,"None -- spoudē is well attested from Homer onward (LSJ cites Iliad, Odyssey) and is not a NT-period coinage; its religious-zeal sense is attested pre-NT in Hellenistic inscriptions.",79,41,M67,,G4710,Rom.12.11,zeal,N-DSF,M0.5.9,12,verse-reading,1,2026-09-17T09:29:01Z,M0.5.9,"Is there a term newly coined in the NT period for this characteristic; if so, what does the coinage show? Record it, or none."
42,strong_meaning_tree,"In Mark.6.25 the operation word 'came in' (G1525, entering) is initiated by the daughter (the party 'she') and directed toward the king, modified by the home-cluster noun 'haste' (spoudē) describing the manner of her approach in making her demand.",80,42,M67,,G4710,Mark.6.25,haste,N-GSF,D7.7.1,15,verse-reading,1,2026-09-17T09:29:01Z,D7.7.1,"Where this verse contains an action or movement word tagged as an Operation in the cluster's role classification (the tag is `role-T3` in `cluster.cluster_code` -- consult that tagging directly, not this question's own memory of it), what is that word's relation to the parties present -- who initiates it and toward whom or what is it directed? Record none if no such operation word is present."
43,strong_meaning_tree,"In 2Cor.8.7 the operation word 'excel' (G4052, perisseuō) is directed by the Corinthians (addressed 'you') toward growth in multiple graces including earnestness (spoudē, home strong), showing earnestness as one object/domain of the exhorted action rather than the action's initiator.",81,43,M67,,G4710,2Cor.8.7,earnestness,N-DSF,D7.7.1,15,verse-reading,1,2026-09-17T09:29:01Z,D7.7.1,"Where this verse contains an action or movement word tagged as an Operation in the cluster's role classification (the tag is `role-T3` in `cluster.cluster_code` -- consult that tagging directly, not this question's own memory of it), what is that word's relation to the parties present -- who initiates it and toward whom or what is it directed? Record none if no such operation word is present."
44,strong_meaning_tree,"In Heb.6.11 the operation word 'show' (G1731, endeiknumi) is initiated by 'each one of you' (the addressed party) and directed toward demonstrating 'the same earnestness' (spoudē, home strong) so as to attain full assurance of hope -- earnestness is the manner/quality object of the exhorted operation.",82,44,M67,,G4710,Heb.6.11,earnestness,N-ASF,D7.7.1,43,verse-reading,1,2026-09-17T09:29:01Z,D7.7.1,"Where this verse contains an action or movement word tagged as an Operation in the cluster's role classification (the tag is `role-T3` in `cluster.cluster_code` -- consult that tagging directly, not this question's own memory of it), what is that word's relation to the parties present -- who initiates it and toward whom or what is it directed? Record none if no such operation word is present."
45,strong_meaning_tree,"In Jude.1.3 the operation word 'write' (G1125) is initiated by the author (Jude) and directed toward the addressees ('you'), modified by his own eagerness (spoudē, home strong) to write about their common salvation.",83,45,M67,,G4710,Jude.1.3,eager,N-ASF,D7.7.1,44,verse-reading,1,2026-09-17T09:29:01Z,D7.7.1,"Where this verse contains an action or movement word tagged as an Operation in the cluster's role classification (the tag is `role-T3` in `cluster.cluster_code` -- consult that tagging directly, not this question's own memory of it), what is that word's relation to the parties present -- who initiates it and toward whom or what is it directed? Record none if no such operation word is present."
46,strong_meaning_tree,"In Matt.25.26 the operation words 'reap' and 'gather' (G2325, G4863) are attributed by the master to himself rhetorically, directed at the servant he is rebuking as 'wicked and slothful' (oknēros, home strong) -- the servant's own inaction (failure to trade the talent) is the implicit operation-failure being condemned, contrasted with the master's claimed harvesting activity.",84,46,M67,,G3636,Matt.25.26,slothful,A-VSM,D7.7.1,,verse-reading,1,2026-09-17T09:29:01Z,D7.7.1,"Where this verse contains an action or movement word tagged as an Operation in the cluster's role classification (the tag is `role-T3` in `cluster.cluster_code` -- consult that tagging directly, not this question's own memory of it), what is that word's relation to the parties present -- who initiates it and toward whom or what is it directed? Record none if no such operation word is present."
47,strong_meaning_tree,"No operation (role-T3) word co-occurs directly governing the home-cluster term 'trouble' (oknēros) in Phil.3.1 in a party-directed sense; the verb 'write' (G1125, role-T3) is present and initiated by Paul toward the Philippians, but oknēros here describes the writing's quality (not burdensome) rather than being itself the operation's object of direction.",85,47,M67,,G3636,Phil.3.1,trouble,A-NSN,D7.7.1,46,verse-reading,1,2026-09-17T09:29:01Z,D7.7.1,"Where this verse contains an action or movement word tagged as an Operation in the cluster's role classification (the tag is `role-T3` in `cluster.cluster_code` -- consult that tagging directly, not this question's own memory of it), what is that word's relation to the parties present -- who initiates it and toward whom or what is it directed? Record none if no such operation word is present."
48,strong_meaning_tree; strong_lexicon.lsj; strong_lexicon.mounce,"In 2Pet.1.5 the characteristic named is 'earnest effort/diligence' (G4710, spoude). The name signals not mere activity but concentrated, purposeful exertion applied toward supplementing faith with virtue — an intensifying, added-effort quality rather than passive possession.",86,48,M67,,G4710,2Pet.1.5,effort,N-ASF,M0.1.1,1,verse-reading,1,2026-09-17T09:29:39Z,M0.1.1,"What is the characteristic called in the programme, and what does the name signal about its essential nature?"
49,strong_lexicon.lsj; strong_meaning_tree,"The Greek term spoude (from speudo, 'to hasten') shows at root level a fusion of two senses: physical haste/speed and zealous, effortful earnestness — the same word covers both 'hurrying' and 'exerting oneself diligently,' as seen across Lk.1.39 (haste), 2Cor.8.16 (earnest care), and 2Pet.1.5 (effort/diligence).",87,49,M67,,G4710,2Pet.1.5,effort,N-ASF,M0.1.2,17,verse-reading,1,2026-09-17T09:29:39Z,M0.1.2,What do the primary Hebrew and Greek terms show at the definitional level?
49,strong_lexicon.lsj; strong_meaning_tree,"The Greek term spoude (from speudo, 'to hasten') shows at root level a fusion of two senses: physical haste/speed and zealous, effortful earnestness — the same word covers both 'hurrying' and 'exerting oneself diligently,' as seen across Lk.1.39 (haste), 2Cor.8.16 (earnest care), and 2Pet.1.5 (effort/diligence).",88,49,M67,,G4710,Luke.1.39,haste,N-GSF,M0.1.2,17,verse-reading,2,2026-09-17T09:29:39Z,M0.1.2,What do the primary Hebrew and Greek terms show at the definitional level?
49,strong_lexicon.lsj; strong_meaning_tree,"The Greek term spoude (from speudo, 'to hasten') shows at root level a fusion of two senses: physical haste/speed and zealous, effortful earnestness — the same word covers both 'hurrying' and 'exerting oneself diligently,' as seen across Lk.1.39 (haste), 2Cor.8.16 (earnest care), and 2Pet.1.5 (effort/diligence).",89,49,M67,,G4710,2Cor.8.16,earnest care,N-ASF,M0.1.2,17,verse-reading,3,2026-09-17T09:29:39Z,M0.1.2,What do the primary Hebrew and Greek terms show at the definitional level?
50,strong_meaning_tree; strong_lexicon.lsj,"The name carries a directional/relational implication: spoude is always oriented toward an object or goal — hastening toward a place (Luke.1.39), care directed toward a person (2Cor.8.16), or effort directed toward moral supplementation (2Pet.1.5). It is inherently other-directed or goal-directed, not a static inner state.",90,50,M67,,G4710,2Pet.1.5,effort,N-ASF,M0.1.3,18,verse-reading,1,2026-09-17T09:29:39Z,M0.1.3,"What directional, relational, or constitutional implication does the name carry?"
51,strong_lexicon.lsj; strong_meaning_tree; strong_lexicon.mounce,"Primary Greek term: spoude (G4710), from speudo ('to hasten, hurry'). Root meaning shows a movement-verb origin extended metaphorically to mental/moral exertion — physical urgency becomes zealous application. No Hebrew equivalent is present among this cluster's member strongs in this batch (all occurrences here are Greek).",91,51,M67,,G4710,2Pet.1.5,effort,N-ASF,M0.5.1,19,verse-reading,1,2026-09-17T09:29:39Z,M0.5.1,"What are the primary Hebrew and Greek terms for this characteristic, and what do their root meanings show?"
51,strong_lexicon.lsj; strong_meaning_tree; strong_lexicon.mounce,"Primary Greek term: spoude (G4710), from speudo ('to hasten, hurry'). Root meaning shows a movement-verb origin extended metaphorically to mental/moral exertion — physical urgency becomes zealous application. No Hebrew equivalent is present among this cluster's member strongs in this batch (all occurrences here are Greek).",92,51,M67,,G4710,Luke.1.39,haste,N-GSF,M0.5.1,19,verse-reading,2,2026-09-17T09:29:39Z,M0.5.1,"What are the primary Hebrew and Greek terms for this characteristic, and what do their root meanings show?"
51,strong_lexicon.lsj; strong_meaning_tree; strong_lexicon.mounce,"Primary Greek term: spoude (G4710), from speudo ('to hasten, hurry'). Root meaning shows a movement-verb origin extended metaphorically to mental/moral exertion — physical urgency becomes zealous application. No Hebrew equivalent is present among this cluster's member strongs in this batch (all occurrences here are Greek).",93,51,M67,,G4710,2Cor.8.16,earnest care,N-ASF,M0.5.1,19,verse-reading,3,2026-09-17T09:29:39Z,M0.5.1,"What are the primary Hebrew and Greek terms for this characteristic, and what do their root meanings show?"
52,strong_lexicon.lsj; strong_meaning_tree,"Across its occurrences, spoude's semantic arc runs from literal physical haste (Luke.1.39, Mary's hurried journey) through relational earnest care/concern for another (2Cor.8.16, Titus's care) to moral-spiritual diligence applied to character formation (2Pet.1.5, effort to supplement faith with virtue). The full range spans concrete motion, interpersonal solicitude, and inward ethical exertion.",94,52,M67,,G4710,2Pet.1.5,effort,N-ASF,M0.5.10,20,verse-reading,1,2026-09-17T09:29:39Z,M0.5.10,What does the full vocabulary arc show about the characteristic's complete semantic range?
52,strong_lexicon.lsj; strong_meaning_tree,"Across its occurrences, spoude's semantic arc runs from literal physical haste (Luke.1.39, Mary's hurried journey) through relational earnest care/concern for another (2Cor.8.16, Titus's care) to moral-spiritual diligence applied to character formation (2Pet.1.5, effort to supplement faith with virtue). The full range spans concrete motion, interpersonal solicitude, and inward ethical exertion.",95,52,M67,,G4710,Luke.1.39,haste,N-GSF,M0.5.10,20,verse-reading,2,2026-09-17T09:29:39Z,M0.5.10,What does the full vocabulary arc show about the characteristic's complete semantic range?
52,strong_lexicon.lsj; strong_meaning_tree,"Across its occurrences, spoude's semantic arc runs from literal physical haste (Luke.1.39, Mary's hurried journey) through relational earnest care/concern for another (2Cor.8.16, Titus's care) to moral-spiritual diligence applied to character formation (2Pet.1.5, effort to supplement faith with virtue). The full range spans concrete motion, interpersonal solicitude, and inward ethical exertion.",96,52,M67,,G4710,2Cor.8.16,earnest care,N-ASF,M0.5.10,20,verse-reading,3,2026-09-17T09:29:39Z,M0.5.10,What does the full vocabulary arc show about the characteristic's complete semantic range?
53,strong_meaning_tree,"Spoude (G4710) is a feminine noun, appearing in genitive, dative, and accusative forms across these verses (N-ASF, N-GSF, N-ASF). Its grammatical range as a noun (rather than verb) shows the characteristic is conceived as a quality or state one exercises or applies — an attribute brought to bear on an action — rather than the action itself, which is why it pairs with separate main verbs (arose/went, put, make effort).",97,53,M67,,G4710,2Pet.1.5,effort,N-ASF,M0.5.2,5,verse-reading,1,2026-09-17T09:29:39Z,M0.5.2,"What is the grammatical range of the primary term (noun, verb, adjective, participle), and what does that range show about how the characteristic operates?"
53,strong_meaning_tree,"Spoude (G4710) is a feminine noun, appearing in genitive, dative, and accusative forms across these verses (N-ASF, N-GSF, N-ASF). Its grammatical range as a noun (rather than verb) shows the characteristic is conceived as a quality or state one exercises or applies — an attribute brought to bear on an action — rather than the action itself, which is why it pairs with separate main verbs (arose/went, put, make effort).",98,53,M67,,G4710,Luke.1.39,haste,N-GSF,M0.5.2,5,verse-reading,2,2026-09-17T09:29:39Z,M0.5.2,"What is the grammatical range of the primary term (noun, verb, adjective, participle), and what does that range show about how the characteristic operates?"
53,strong_meaning_tree,"Spoude (G4710) is a feminine noun, appearing in genitive, dative, and accusative forms across these verses (N-ASF, N-GSF, N-ASF). Its grammatical range as a noun (rather than verb) shows the characteristic is conceived as a quality or state one exercises or applies — an attribute brought to bear on an action — rather than the action itself, which is why it pairs with separate main verbs (arose/went, put, make effort).",99,53,M67,,G4710,2Cor.8.16,earnest care,N-ASF,M0.5.2,5,verse-reading,3,2026-09-17T09:29:39Z,M0.5.2,"What is the grammatical range of the primary term (noun, verb, adjective, participle), and what does that range show about how the characteristic operates?"
54,strong_lexicon.lsj; strong_meaning_tree; strong_lexicon.mounce,"The semantic range of spoude spans: (1) literal haste/speed in travel or action; (2) zeal, eagerness, enthusiasm, especially religious zeal; (3) earnestness or seriousness as opposed to jest; (4) esteem, regard, or goodwill toward a person; (5) diligence/effort applied to a task or moral goal. Idiomatically it combines with 'meta' (with) to form adverbial phrases 'with haste' or 'with diligence,' and with 'poieisthai' to mean 'to take pains, be eager.'",100,54,M67,,G4710,2Pet.1.5,effort,N-ASF,M0.5.3,22,verse-reading,1,2026-09-17T09:29:39Z,M0.5.3,"What is the semantic range of the primary term — across what breadth of meaning does it operate, including any idiomatic, analogical, or otherwise implied meaning carried by its use in combination with other terms?"
54,strong_lexicon.lsj; strong_meaning_tree; strong_lexicon.mounce,"The semantic range of spoude spans: (1) literal haste/speed in travel or action; (2) zeal, eagerness, enthusiasm, especially religious zeal; (3) earnestness or seriousness as opposed to jest; (4) esteem, regard, or goodwill toward a person; (5) diligence/effort applied to a task or moral goal. Idiomatically it combines with 'meta' (with) to form adverbial phrases 'with haste' or 'with diligence,' and with 'poieisthai' to mean 'to take pains, be eager.'",101,54,M67,,G4710,Luke.1.39,haste,N-GSF,M0.5.3,22,verse-reading,2,2026-09-17T09:29:39Z,M0.5.3,"What is the semantic range of the primary term — across what breadth of meaning does it operate, including any idiomatic, analogical, or otherwise implied meaning carried by its use in combination with other terms?"
54,strong_lexicon.lsj; strong_meaning_tree; strong_lexicon.mounce,"The semantic range of spoude spans: (1) literal haste/speed in travel or action; (2) zeal, eagerness, enthusiasm, especially religious zeal; (3) earnestness or seriousness as opposed to jest; (4) esteem, regard, or goodwill toward a person; (5) diligence/effort applied to a task or moral goal. Idiomatically it combines with 'meta' (with) to form adverbial phrases 'with haste' or 'with diligence,' and with 'poieisthai' to mean 'to take pains, be eager.'",102,54,M67,,G4710,2Cor.8.16,earnest care,N-ASF,M0.5.3,22,verse-reading,3,2026-09-17T09:29:39Z,M0.5.3,"What is the semantic range of the primary term — across what breadth of meaning does it operate, including any idiomatic, analogical, or otherwise implied meaning carried by its use in combination with other terms?"
55,strong_meaning_tree; strong_lexicon.lsj,"Within this cluster's vocabulary, spoude itself straddles disposition and act: in 2Cor.8.16 it names an inward disposition (earnest care put into the heart), while in 2Pet.1.5 and Luke.1.39 it names the exercised act (making effort, hastening). No separate distinct term for the disposition-only or act-only aspect is present among the member strongs supplied here.",103,55,M67,,G4710,2Pet.1.5,effort,N-ASF,M0.5.4,23,verse-reading,1,2026-09-17T09:29:39Z,M0.5.4,"Does the vocabulary include terms distinguishing distinct aspects — disposition versus act, received versus given, condition versus quality? Record which, or none."
55,strong_meaning_tree; strong_lexicon.lsj,"Within this cluster's vocabulary, spoude itself straddles disposition and act: in 2Cor.8.16 it names an inward disposition (earnest care put into the heart), while in 2Pet.1.5 and Luke.1.39 it names the exercised act (making effort, hastening). No separate distinct term for the disposition-only or act-only aspect is present among the member strongs supplied here.",104,55,M67,,G4710,2Cor.8.16,earnest care,N-ASF,M0.5.4,23,verse-reading,2,2026-09-17T09:29:39Z,M0.5.4,"Does the vocabulary include terms distinguishing distinct aspects — disposition versus act, received versus given, condition versus quality? Record which, or none."
56,strong_meaning_tree; strong_lexicon.lsj,"No term for the structural opposite (idleness/slackness) is present among this cluster's own member strongs in this batch; the contrast is only visible via non-member role-tagged words in adjacent verses (e.g., G0812 'idle' in 2Thess.3.7, G0692 'idle' in Matt.20.3, H6103 'sloth' in Eccl.10.18), none of which belong to M67.",105,56,M67,,G4710,2Pet.1.5,effort,N-ASF,M0.5.5,24,verse-reading,1,2026-09-17T09:29:39Z,M0.5.5,"Does the vocabulary include a term for the structural opposite or absence of this characteristic? Record it, or none."
57,strong_meaning_tree,"No distinct person-type term (e.g., 'a diligent one' as a noun-agent) is present among this cluster's member strongs in this batch; spoude itself is abstract, naming the quality/effort rather than the person who exercises it.",106,57,M67,,G4710,2Pet.1.5,effort,N-ASF,M0.5.6,9,verse-reading,1,2026-09-17T09:29:39Z,M0.5.6,"Does the vocabulary include a person-type term — one for the person who habitually possesses or exercises this characteristic? Record it, or none."
58,strong_meaning_tree,"No supplication/seeking term (an act of asking for diligence from another) is present among this cluster's member strongs; spoude is the effort itself exerted by a subject, not sought from another party.",107,58,M67,,G4710,2Pet.1.5,effort,N-ASF,M0.5.7,39,verse-reading,1,2026-09-17T09:29:39Z,M0.5.7,"Does the vocabulary include a supplication or seeking term — one for the act of seeking this characteristic from another? Record it, or none."
59,strong_meaning_tree,"This batch supplies no Hebrew member-strong vocabulary for this characteristic (H0629 'diligence' seen repeatedly in Ezra role-lists is tagged T2, not a home-cluster M67 member here), so continuity/development across Testaments cannot be established from the member-strong evidence in this batch; only the Greek spoude vocabulary is attested as cluster-home.",108,59,M67,,G4710,2Pet.1.5,effort,N-ASF,M0.5.8,40,verse-reading,1,2026-09-17T09:29:39Z,M0.5.8,What does the relationship between the OT Hebrew and NT Greek vocabulary show about continuity or development of the characteristic across the Testaments?
60,strong_lexicon.lsj,"Spoude is not a NT coinage; LSJ attests it extensively in classical Greek (Homer, Herodotus, Thucydides, Plato, etc.) with the same core senses of haste, zeal, and earnest effort, showing the NT usage draws on well-established secular vocabulary rather than coining new terminology.",109,60,M67,,G4710,2Pet.1.5,effort,N-ASF,M0.5.9,12,verse-reading,1,2026-09-17T09:29:39Z,M0.5.9,"Is there a term newly coined in the NT period for this characteristic; if so, what does the coinage show? Record it, or none."
61,strong_meaning_tree,"In 2Pet.1.5 the operation-tagged (role-T3) word is 'supplement' (G2023), initiated by the addressees (the believers being exhorted) and directed toward their own faith, to which virtue is to be added; the M67 term 'effort' (G4710) itself is not T3-tagged in this verse but qualifies the manner of that operation.",110,61,M67,,G4710,2Pet.1.5,effort,N-ASF,D7.7,,verse-reading,1,2026-09-17T09:29:39Z,,
62,strong_meaning_tree,"In 2Cor.8.16 the operation word 'put' (G1325, T3) is initiated by God and directed toward Titus's heart, placing in him the same earnest care (G4710, the M67 home-cluster term) that Paul has for the Corinthians -- God is the initiator, Titus the recipient, the Corinthians the ultimate object of the care.",111,62,M67,,G4710,2Cor.8.16,earnest care,N-ASF,D7.7,61,verse-reading,1,2026-09-17T09:29:39Z,,
63,strong_meaning_tree,"In Luke.1.39 the operation words 'arose' and 'went' (G0450, G4198, both T3) are initiated by Mary and directed toward the hill country/a town in Judah, carried out 'with haste' (G4710, the M67 term) — the party initiating and the party/goal are both present in the same verse.",112,63,M67,,G4710,Luke.1.39,haste,N-GSF,D7.7,62,verse-reading,1,2026-09-17T09:29:39Z,,
64,strong_meaning_tree; strong_lexicon.lsj; strong_lexicon.mounce,"The characteristic is named 'idleness/carelessness' (Greek argos, 'a-ergos', literally 'without work'). The name signals essential inactivity or unproductiveness — the negation of active engagement, whether in labor, speech, or moral effort.",113,64,M67,,G0692,2Pet.1.8,ineffective,A-APM,M0.1.1,,verse-reading,1,2026-09-17T09:35:59Z,M0.1.1,"What is the characteristic called in the programme, and what does the name signal about its essential nature?"
64,strong_meaning_tree; strong_lexicon.lsj; strong_lexicon.mounce,"The characteristic is named 'idleness/carelessness' (Greek argos, 'a-ergos', literally 'without work'). The name signals essential inactivity or unproductiveness — the negation of active engagement, whether in labor, speech, or moral effort.",114,64,M67,,G0692,Matt.12.36,careless,A-ASN,M0.1.1,,verse-reading,2,2026-09-17T09:35:59Z,M0.1.1,"What is the characteristic called in the programme, and what does the name signal about its essential nature?"
64,strong_meaning_tree; strong_lexicon.lsj; strong_lexicon.mounce,"The characteristic is named 'idleness/carelessness' (Greek argos, 'a-ergos', literally 'without work'). The name signals essential inactivity or unproductiveness — the negation of active engagement, whether in labor, speech, or moral effort.",115,64,M67,,G0692,Matt.20.6,idle,A-NPM,M0.1.1,,verse-reading,3,2026-09-17T09:35:59Z,M0.1.1,"What is the characteristic called in the programme, and what does the name signal about its essential nature?"
64,strong_meaning_tree; strong_lexicon.lsj; strong_lexicon.mounce,"The characteristic is named 'idleness/carelessness' (Greek argos, 'a-ergos', literally 'without work'). The name signals essential inactivity or unproductiveness — the negation of active engagement, whether in labor, speech, or moral effort.",116,64,M67,,G0692,1Tim.5.13,idlers,A-NPF,M0.1.1,,verse-reading,4,2026-09-17T09:35:59Z,M0.1.1,"What is the characteristic called in the programme, and what does the name signal about its essential nature?"
64,strong_meaning_tree; strong_lexicon.lsj; strong_lexicon.mounce,"The characteristic is named 'idleness/carelessness' (Greek argos, 'a-ergos', literally 'without work'). The name signals essential inactivity or unproductiveness — the negation of active engagement, whether in labor, speech, or moral effort.",117,64,M67,,G0692,Titus.1.12,lazy,A-NPF,M0.1.1,,verse-reading,5,2026-09-17T09:35:59Z,M0.1.1,"What is the characteristic called in the programme, and what does the name signal about its essential nature?"
64,strong_meaning_tree; strong_lexicon.lsj; strong_lexicon.mounce,"The characteristic is named 'idleness/carelessness' (Greek argos, 'a-ergos', literally 'without work'). The name signals essential inactivity or unproductiveness — the negation of active engagement, whether in labor, speech, or moral effort.",118,64,M67,,G0692,Jas.2.20,useless,A-NSF,M0.1.1,,verse-reading,6,2026-09-17T09:35:59Z,M0.1.1,"What is the characteristic called in the programme, and what does the name signal about its essential nature?"
65,strong_lexicon.lsj; strong_lexicon.mounce,"Argos is formed from alpha-privative + ergon ('work'), giving 'without work.' At the definitional level it denotes literal unemployment or inactivity (of persons, land, money) which extends metaphorically to fruitlessness of speech, faith, or character.",119,65,M67,,G0692,Matt.20.6,idle,A-NPM,M0.1.2,,verse-reading,1,2026-09-17T09:35:59Z,M0.1.2,What do the primary Hebrew and Greek terms show at the definitional level?
65,strong_lexicon.lsj; strong_lexicon.mounce,"Argos is formed from alpha-privative + ergon ('work'), giving 'without work.' At the definitional level it denotes literal unemployment or inactivity (of persons, land, money) which extends metaphorically to fruitlessness of speech, faith, or character.",120,65,M67,,G0692,1Tim.5.13,idlers,A-NPF,M0.1.2,,verse-reading,2,2026-09-17T09:35:59Z,M0.1.2,What do the primary Hebrew and Greek terms show at the definitional level?
66,strong_lexicon.lsj; strong_meaning_tree,"The term carries a relational implication of failure toward an expected productive relationship: land expected to bear fruit, a person expected to labor or speak usefully, faith expected to issue in works. It implies a gap between capacity and exercised function.",121,66,M67,,G0692,Jas.2.20,useless,A-NSF,M0.1.3,,verse-reading,1,2026-09-17T09:35:59Z,M0.1.3,"What directional, relational, or constitutional implication does the name carry?"
66,strong_lexicon.lsj; strong_meaning_tree,"The term carries a relational implication of failure toward an expected productive relationship: land expected to bear fruit, a person expected to labor or speak usefully, faith expected to issue in works. It implies a gap between capacity and exercised function.",122,66,M67,,G0692,2Pet.1.8,ineffective,A-APM,M0.1.3,,verse-reading,2,2026-09-17T09:35:59Z,M0.1.3,"What directional, relational, or constitutional implication does the name carry?"
67,strong_lexicon.lsj; strong_lexicon.mounce,"Primary Greek term is argos (a- + ergon, 'work'), root meaning 'without work/unworked.' No distinct Hebrew equivalent is supplied among cluster members; the Greek root shows the characteristic is defined by absence of productive activity.",123,67,M67,,G0692,1Tim.5.13,idlers,A-NPF,M0.5.1,,verse-reading,1,2026-09-17T09:35:59Z,M0.5.1,"What are the primary Hebrew and Greek terms for this characteristic, and what do their root meanings show?"
68,strong_meaning_tree; strong_lexicon.mounce,"Argos functions as an adjective across its NT uses (masc/fem/neut forms), applied to persons (idle workers, gossiping women) and to abstract nouns (careless words, useless faith), showing the characteristic describes a state or quality attributable to both agents and their products.",124,68,M67,,G0692,Matt.20.6,idle,A-NPM,M0.5.2,,verse-reading,1,2026-09-17T09:35:59Z,M0.5.2,"What is the grammatical range of the primary term (noun, verb, adjective, participle), and what does that range show about how the characteristic operates?"
68,strong_meaning_tree; strong_lexicon.mounce,"Argos functions as an adjective across its NT uses (masc/fem/neut forms), applied to persons (idle workers, gossiping women) and to abstract nouns (careless words, useless faith), showing the characteristic describes a state or quality attributable to both agents and their products.",125,68,M67,,G0692,Matt.12.36,careless,A-ASN,M0.5.2,,verse-reading,2,2026-09-17T09:35:59Z,M0.5.2,"What is the grammatical range of the primary term (noun, verb, adjective, participle), and what does that range show about how the characteristic operates?"
68,strong_meaning_tree; strong_lexicon.mounce,"Argos functions as an adjective across its NT uses (masc/fem/neut forms), applied to persons (idle workers, gossiping women) and to abstract nouns (careless words, useless faith), showing the characteristic describes a state or quality attributable to both agents and their products.",126,68,M67,,G0692,1Tim.5.13,idlers,A-NPF,M0.5.2,,verse-reading,3,2026-09-17T09:35:59Z,M0.5.2,"What is the grammatical range of the primary term (noun, verb, adjective, participle), and what does that range show about how the characteristic operates?"
69,strong_lexicon.lsj; strong_meaning_tree,"Semantic range spans literal unemployment (Matt.20.6, standing idle in the marketplace), habitual laziness of persons (1Tim.5.13, Titus.1.12), careless/fruitless speech (Matt.12.36), and metaphorical unproductiveness of spiritual qualities or faith (2Pet.1.8, Jas.2.20). It carries an implied moral culpability when applied to persons rather than mere descriptive inactivity.",127,69,M67,,G0692,Matt.20.6,idle,A-NPM,M0.5.3,,verse-reading,1,2026-09-17T09:35:59Z,M0.5.3,"What is the semantic range of the primary term — across what breadth of meaning does it operate, including any idiomatic, analogical, or otherwise implied meaning carried by its use in combination with other terms?"
69,strong_lexicon.lsj; strong_meaning_tree,"Semantic range spans literal unemployment (Matt.20.6, standing idle in the marketplace), habitual laziness of persons (1Tim.5.13, Titus.1.12), careless/fruitless speech (Matt.12.36), and metaphorical unproductiveness of spiritual qualities or faith (2Pet.1.8, Jas.2.20). It carries an implied moral culpability when applied to persons rather than mere descriptive inactivity.",128,69,M67,,G0692,Matt.12.36,careless,A-ASN,M0.5.3,,verse-reading,2,2026-09-17T09:35:59Z,M0.5.3,"What is the semantic range of the primary term — across what breadth of meaning does it operate, including any idiomatic, analogical, or otherwise implied meaning carried by its use in combination with other terms?"
69,strong_lexicon.lsj; strong_meaning_tree,"Semantic range spans literal unemployment (Matt.20.6, standing idle in the marketplace), habitual laziness of persons (1Tim.5.13, Titus.1.12), careless/fruitless speech (Matt.12.36), and metaphorical unproductiveness of spiritual qualities or faith (2Pet.1.8, Jas.2.20). It carries an implied moral culpability when applied to persons rather than mere descriptive inactivity.",129,69,M67,,G0692,2Pet.1.8,ineffective,A-APM,M0.5.3,,verse-reading,3,2026-09-17T09:35:59Z,M0.5.3,"What is the semantic range of the primary term — across what breadth of meaning does it operate, including any idiomatic, analogical, or otherwise implied meaning carried by its use in combination with other terms?"
69,strong_lexicon.lsj; strong_meaning_tree,"Semantic range spans literal unemployment (Matt.20.6, standing idle in the marketplace), habitual laziness of persons (1Tim.5.13, Titus.1.12), careless/fruitless speech (Matt.12.36), and metaphorical unproductiveness of spiritual qualities or faith (2Pet.1.8, Jas.2.20). It carries an implied moral culpability when applied to persons rather than mere descriptive inactivity.",130,69,M67,,G0692,Jas.2.20,useless,A-NSF,M0.5.3,,verse-reading,4,2026-09-17T09:35:59Z,M0.5.3,"What is the semantic range of the primary term — across what breadth of meaning does it operate, including any idiomatic, analogical, or otherwise implied meaning carried by its use in combination with other terms?"
70,strong_meaning_tree,"The cluster distinguishes disposition (habitual laziness, as in Titus.1.12 'lazy gluttons', 1Tim.5.13 'idlers') from act/effect (fruitlessness of speech or faith, as in Matt.12.36 careless word, Jas.2.20 useless faith) — the same root covers both a settled character trait and its unproductive outworking.",131,70,M67,,G0692,Titus.1.12,lazy,A-NPF,M0.5.4,,verse-reading,1,2026-09-17T09:35:59Z,M0.5.4,"Does the vocabulary include terms distinguishing distinct aspects — disposition versus act, received versus given, condition versus quality? Record which, or none."
70,strong_meaning_tree,"The cluster distinguishes disposition (habitual laziness, as in Titus.1.12 'lazy gluttons', 1Tim.5.13 'idlers') from act/effect (fruitlessness of speech or faith, as in Matt.12.36 careless word, Jas.2.20 useless faith) — the same root covers both a settled character trait and its unproductive outworking.",132,70,M67,,G0692,Jas.2.20,useless,A-NSF,M0.5.4,,verse-reading,2,2026-09-17T09:35:59Z,M0.5.4,"Does the vocabulary include terms distinguishing distinct aspects — disposition versus act, received versus given, condition versus quality? Record which, or none."
71,strong_meaning_tree,"The vocabulary includes person-type applications directly: 'idlers' (1Tim.5.13, argai) and 'lazy gluttons' (Titus.1.12) name persons who habitually possess the quality of idleness, functioning as the person-type term rather than a separate noun.",133,71,M67,,G0692,1Tim.5.13,idlers,A-NPF,M0.5.6,,verse-reading,1,2026-09-17T09:35:59Z,M0.5.6,"Does the vocabulary include a person-type term — one for the person who habitually possesses or exercises this characteristic? Record it, or none."
71,strong_meaning_tree,"The vocabulary includes person-type applications directly: 'idlers' (1Tim.5.13, argai) and 'lazy gluttons' (Titus.1.12) name persons who habitually possess the quality of idleness, functioning as the person-type term rather than a separate noun.",134,71,M67,,G0692,Titus.1.12,lazy,A-NPF,M0.5.6,,verse-reading,2,2026-09-17T09:35:59Z,M0.5.6,"Does the vocabulary include a person-type term — one for the person who habitually possesses or exercises this characteristic? Record it, or none."
72,strong_meaning_tree,No supplication or seeking term (an act of asking another for idleness/diligence) is present in this cluster's vocabulary; idleness is described but never sought or petitioned for.,135,72,M67,,G0692,1Tim.5.13,idlers,A-NPF,M0.5.7,,verse-reading,1,2026-09-17T09:35:59Z,M0.5.7,"Does the vocabulary include a supplication or seeking term — one for the act of seeking this characteristic from another? Record it, or none."
73,strong_meaning_tree,"No Hebrew OT term for this characteristic is present among cluster members; the vocabulary is entirely Greek NT, so continuity/development across Testaments cannot be assessed from this cluster's own resolved terms.",136,73,M67,,G0692,Matt.20.6,idle,A-NPM,M0.5.8,,verse-reading,1,2026-09-17T09:35:59Z,M0.5.8,What does the relationship between the OT Hebrew and NT Greek vocabulary show about continuity or development of the characteristic across the Testaments?
74,strong_lexicon.lsj,"Argos is not a NT coinage; it is well attested from classical Greek (Herodotus, Xenophon, Plato) in both literal (unworked land, idle hands) and moral senses, so the NT usage inherits rather than creates the term.",137,74,M67,,G0692,Matt.20.6,idle,A-NPM,M0.5.9,,verse-reading,1,2026-09-17T09:35:59Z,M0.5.9,"Is there a term newly coined in the NT period for this characteristic; if so, what does the coinage show? Record it, or none."
75,strong_meaning_tree; strong_lexicon.lsj,"The full arc for argos runs from literal unemployment (standing idle, Matt.20.6) through habitual personal laziness (1Tim.5.13; Titus.1.12) to metaphorical fruitlessness of speech (Matt.12.36), spiritual life (2Pet.1.8), and faith without works (Jas.2.20) — showing a single root spanning physical, social, and theological unproductiveness.",138,75,M67,,G0692,Jas.2.20,useless,A-NSF,M0.5.10,,verse-reading,1,2026-09-17T09:35:59Z,M0.5.10,What does the full vocabulary arc show about the characteristic's complete semantic range?
76,strong_meaning_tree; strong_lexicon.lsj,"The characteristic is named 'being idle/inoperative' (argeō, verbal form of argos). The name signals a state of ceasing to act, of lying dormant rather than executing.",139,76,M67,,G0691,2Pet.2.3,idle,V-PAI-3S,M0.1.1,,verse-reading,1,2026-09-17T09:35:59Z,M0.1.1,"What is the characteristic called in the programme, and what does the name signal about its essential nature?"
77,strong_lexicon.lsj; strong_lexicon.mounce,"Primary Greek term argeō, root sense 'to be unemployed/inoperative,' derived from argos. Shows the verbal counterpart of the adjectival idleness-concept — an ongoing state rather than a fixed quality.",140,77,M67,,G0691,2Pet.2.3,idle,V-PAI-3S,M0.5.1,,verse-reading,1,2026-09-17T09:35:59Z,M0.5.1,"What are the primary Hebrew and Greek terms for this characteristic, and what do their root meanings show?"
78,strong_lexicon.mounce,"Argeō is a verb (present indicative here), showing the characteristic can be expressed as an active/stative process ('is not idle') applied even to abstract subjects like 'condemnation,' personifying inactivity as something that could occur but does not.",141,78,M67,,G0691,2Pet.2.3,idle,V-PAI-3S,M0.5.2,,verse-reading,1,2026-09-17T09:35:59Z,M0.5.2,"What is the grammatical range of the primary term (noun, verb, adjective, participle), and what does that range show about how the characteristic operates?"
79,strong_lexicon.lsj,"Semantic range covers literal unemployment, land lying fallow, sabbath rest, and here negated ('not idle') to assert that divine condemnation is actively at work rather than dormant — an idiomatic extension applying inactivity-vocabulary to judgment as a personified agent.",142,79,M67,,G0691,2Pet.2.3,idle,V-PAI-3S,M0.5.3,,verse-reading,1,2026-09-17T09:35:59Z,M0.5.3,"What is the semantic range of the primary term — across what breadth of meaning does it operate, including any idiomatic, analogical, or otherwise implied meaning carried by its use in combination with other terms?"
80,strong_lexicon.lsj,"Structural opposite is again spoudē/spoudaios (zeal, earnestness) found elsewhere in this cluster, denoting active engagement over against argeō's dormancy.",143,80,M67,,G0691,2Pet.2.3,idle,V-PAI-3S,M0.5.5,,verse-reading,1,2026-09-17T09:35:59Z,M0.5.5,"Does the vocabulary include a term for the structural opposite or absence of this characteristic? Record it, or none."
81,strong_meaning_tree; strong_lexicon.lsj,"The characteristic is named 'sluggishness/reluctance' (okneros). The name signals a shrinking-back disposition, often from fear or aversion, distinct from argos's simple lack of work — this term stresses reluctance to engage.",144,81,M67,,G3636,Rom.12.11,slothful,A-NPM,M0.1.1,26,verse-reading,1,2026-09-17T09:35:59Z,M0.1.1,"What is the characteristic called in the programme, and what does the name signal about its essential nature?"
81,strong_meaning_tree; strong_lexicon.lsj,"The characteristic is named 'sluggishness/reluctance' (okneros). The name signals a shrinking-back disposition, often from fear or aversion, distinct from argos's simple lack of work — this term stresses reluctance to engage.",145,81,M67,,G3636,Matt.25.26,slothful,A-VSM,M0.1.1,26,verse-reading,2,2026-09-17T09:35:59Z,M0.1.1,"What is the characteristic called in the programme, and what does the name signal about its essential nature?"
81,strong_meaning_tree; strong_lexicon.lsj,"The characteristic is named 'sluggishness/reluctance' (okneros). The name signals a shrinking-back disposition, often from fear or aversion, distinct from argos's simple lack of work — this term stresses reluctance to engage.",146,81,M67,,G3636,Phil.3.1,trouble,A-NSN,M0.1.1,26,verse-reading,3,2026-09-17T09:35:59Z,M0.1.1,"What is the characteristic called in the programme, and what does the name signal about its essential nature?"
82,strong_lexicon.lsj,"Okneros derives from a root associated with hesitation/timidity; classical usage shows 'shrinking, timid' applied to persons (opposed to tolmēros, 'bold') and secondarily 'vexatious, troublesome' of things — a double sense of subjective reluctance and objective burdensomeness.",147,82,M67,,G3636,Matt.25.26,slothful,A-VSM,M0.1.2,27,verse-reading,1,2026-09-17T09:35:59Z,M0.1.2,What do the primary Hebrew and Greek terms show at the definitional level?
83,strong_meaning_tree,"Applied to the wicked servant (Matt.25.26) it carries a moral-relational implication: slothfulness is a failure of stewardship toward a master's entrusted resources; applied to writing (Phil.3.1) it shifts to the sense of 'no burden/trouble,' showing the term's relational valence depends on whether the burden falls on the agent or on another.",148,83,M67,,G3636,Matt.25.26,slothful,A-VSM,M0.1.3,28,verse-reading,1,2026-09-17T09:35:59Z,M0.1.3,"What directional, relational, or constitutional implication does the name carry?"
83,strong_meaning_tree,"Applied to the wicked servant (Matt.25.26) it carries a moral-relational implication: slothfulness is a failure of stewardship toward a master's entrusted resources; applied to writing (Phil.3.1) it shifts to the sense of 'no burden/trouble,' showing the term's relational valence depends on whether the burden falls on the agent or on another.",149,83,M67,,G3636,Phil.3.1,trouble,A-NSN,M0.1.3,28,verse-reading,2,2026-09-17T09:35:59Z,M0.1.3,"What directional, relational, or constitutional implication does the name carry?"
84,strong_lexicon.lsj; strong_lexicon.mounce,"Primary Greek term is okneros, root sense 'shrinking, timid,' extending to 'idle, sluggish' and 'vexatious, troublesome.' No Hebrew term is present among cluster members.",150,84,M67,,G3636,Rom.12.11,slothful,A-NPM,M0.5.1,29,verse-reading,1,2026-09-17T09:35:59Z,M0.5.1,"What are the primary Hebrew and Greek terms for this characteristic, and what do their root meanings show?"
85,strong_meaning_tree,"Okneros is an adjective, used vocatively/attributively of persons (Matt.25.26 'wicked and slothful servant'; Rom.12.11 exhortation against being slothful) and predicatively of things (Phil.3.1 'no trouble'), showing it operates both as a character description and an evaluative label for circumstances.",151,85,M67,,G3636,Rom.12.11,slothful,A-NPM,M0.5.2,30,verse-reading,1,2026-09-17T09:35:59Z,M0.5.2,"What is the grammatical range of the primary term (noun, verb, adjective, participle), and what does that range show about how the characteristic operates?"
85,strong_meaning_tree,"Okneros is an adjective, used vocatively/attributively of persons (Matt.25.26 'wicked and slothful servant'; Rom.12.11 exhortation against being slothful) and predicatively of things (Phil.3.1 'no trouble'), showing it operates both as a character description and an evaluative label for circumstances.",152,85,M67,,G3636,Phil.3.1,trouble,A-NSN,M0.5.2,30,verse-reading,2,2026-09-17T09:35:59Z,M0.5.2,"What is the grammatical range of the primary term (noun, verb, adjective, participle), and what does that range show about how the characteristic operates?"
86,strong_lexicon.lsj,"Semantic range spans personal reluctance/timidity, moral slothfulness in stewardship, and (by extension to things) 'troublesome/tedious' — an idiomatic shift from subjective hesitancy to the objective burden that would cause such hesitancy.",153,86,M67,,G3636,Matt.25.26,slothful,A-VSM,M0.5.3,31,verse-reading,1,2026-09-17T09:35:59Z,M0.5.3,"What is the semantic range of the primary term — across what breadth of meaning does it operate, including any idiomatic, analogical, or otherwise implied meaning carried by its use in combination with other terms?"
86,strong_lexicon.lsj,"Semantic range spans personal reluctance/timidity, moral slothfulness in stewardship, and (by extension to things) 'troublesome/tedious' — an idiomatic shift from subjective hesitancy to the objective burden that would cause such hesitancy.",154,86,M67,,G3636,Phil.3.1,trouble,A-NSN,M0.5.3,31,verse-reading,2,2026-09-17T09:35:59Z,M0.5.3,"What is the semantic range of the primary term — across what breadth of meaning does it operate, including any idiomatic, analogical, or otherwise implied meaning carried by its use in combination with other terms?"
87,strong_lexicon.lsj,"Distinguishes disposition (habitual reluctance/fear-based hesitancy as inner trait, Rom.12.11) from the burdensome quality of an external task (Phil.3.1, 'no trouble to me') — disposition versus the objective character of a thing.",155,87,M67,,G3636,Rom.12.11,slothful,A-NPM,M0.5.4,32,verse-reading,1,2026-09-17T09:35:59Z,M0.5.4,"Does the vocabulary include terms distinguishing distinct aspects — disposition versus act, received versus given, condition versus quality? Record which, or none."
87,strong_lexicon.lsj,"Distinguishes disposition (habitual reluctance/fear-based hesitancy as inner trait, Rom.12.11) from the burdensome quality of an external task (Phil.3.1, 'no trouble to me') — disposition versus the objective character of a thing.",156,87,M67,,G3636,Phil.3.1,trouble,A-NSN,M0.5.4,32,verse-reading,2,2026-09-17T09:35:59Z,M0.5.4,"Does the vocabulary include terms distinguishing distinct aspects — disposition versus act, received versus given, condition versus quality? Record which, or none."
88,strong_lexicon.lsj,"Structural opposite is again spoudē/spoudaios-zēlos (zeal, being fervent), directly contrasted in the same verse (Rom.12.11: 'not slothful in zeal, be fervent in spirit').",157,88,M67,,G3636,Rom.12.11,slothful,A-NPM,M0.5.5,33,verse-reading,1,2026-09-17T09:35:59Z,M0.5.5,"Does the vocabulary include a term for the structural opposite or absence of this characteristic? Record it, or none."
89,strong_meaning_tree,"The person-type term is 'slothful servant' (Matt.25.26, doulos okneros) — naming one who habitually exercises this reluctant, unproductive disposition toward an entrusted task.",158,89,M67,,G3636,Matt.25.26,slothful,A-VSM,M0.5.6,34,verse-reading,1,2026-09-17T09:35:59Z,M0.5.6,"Does the vocabulary include a person-type term — one for the person who habitually possesses or exercises this characteristic? Record it, or none."
90,strong_lexicon.lsj,"Okneros is not a NT coinage; it is attested from classical authors (Pindar, Thucydides, Demosthenes) in both the personal-timidity sense and the 'troublesome' sense of things, so NT usage continues established Greek idiom.",159,90,M67,,G3636,Matt.25.26,slothful,A-VSM,M0.5.9,37,verse-reading,1,2026-09-17T09:35:59Z,M0.5.9,"Is there a term newly coined in the NT period for this characteristic; if so, what does the coinage show? Record it, or none."
91,strong_lexicon.lsj; strong_meaning_tree,"The vocabulary arc for okneros runs from the personal-moral (slothful servant failing his master, slothful zeal to be avoided) to the impersonal-evaluative ('no trouble' of a repeated letter), showing the term's range covers both character assessment and situational burden.",160,91,M67,,G3636,Phil.3.1,trouble,A-NSN,M0.5.10,,verse-reading,1,2026-09-17T09:35:59Z,M0.5.10,What does the full vocabulary arc show about the characteristic's complete semantic range?
92,strong_meaning_tree; strong_lexicon.lsj,"The characteristic is named 'earnestness/diligence/haste' (spoudē). The name signals energetic, purposeful exertion — the positive pole opposite argos/okneros — covering both physical speed and moral zeal.",161,92,M67,,G4710,2Cor.7.11,earnestness,N-ASF,M0.1.1,48,verse-reading,1,2026-09-17T09:35:59Z,M0.1.1,"What is the characteristic called in the programme, and what does the name signal about its essential nature?"
92,strong_meaning_tree; strong_lexicon.lsj,"The characteristic is named 'earnestness/diligence/haste' (spoudē). The name signals energetic, purposeful exertion — the positive pole opposite argos/okneros — covering both physical speed and moral zeal.",162,92,M67,,G4710,Mark.6.25,haste,N-GSF,M0.1.1,48,verse-reading,2,2026-09-17T09:35:59Z,M0.1.1,"What is the characteristic called in the programme, and what does the name signal about its essential nature?"
92,strong_meaning_tree; strong_lexicon.lsj,"The characteristic is named 'earnestness/diligence/haste' (spoudē). The name signals energetic, purposeful exertion — the positive pole opposite argos/okneros — covering both physical speed and moral zeal.",163,92,M67,,G4710,2Cor.8.8,earnestness,N-GSF,M0.1.1,48,verse-reading,3,2026-09-17T09:35:59Z,M0.1.1,"What is the characteristic called in the programme, and what does the name signal about its essential nature?"
92,strong_meaning_tree; strong_lexicon.lsj,"The characteristic is named 'earnestness/diligence/haste' (spoudē). The name signals energetic, purposeful exertion — the positive pole opposite argos/okneros — covering both physical speed and moral zeal.",164,92,M67,,G4710,Rom.12.11,zeal,N-DSF,M0.1.1,48,verse-reading,4,2026-09-17T09:35:59Z,M0.1.1,"What is the characteristic called in the programme, and what does the name signal about its essential nature?"
92,strong_meaning_tree; strong_lexicon.lsj,"The characteristic is named 'earnestness/diligence/haste' (spoudē). The name signals energetic, purposeful exertion — the positive pole opposite argos/okneros — covering both physical speed and moral zeal.",165,92,M67,,G4710,2Cor.7.12,earnestness,N-ASF,M0.1.1,48,verse-reading,5,2026-09-17T09:35:59Z,M0.1.1,"What is the characteristic called in the programme, and what does the name signal about its essential nature?"
92,strong_meaning_tree; strong_lexicon.lsj,"The characteristic is named 'earnestness/diligence/haste' (spoudē). The name signals energetic, purposeful exertion — the positive pole opposite argos/okneros — covering both physical speed and moral zeal.",166,92,M67,,G4710,2Cor.8.7,earnestness,N-DSF,M0.1.1,48,verse-reading,6,2026-09-17T09:35:59Z,M0.1.1,"What is the characteristic called in the programme, and what does the name signal about its essential nature?"
92,strong_meaning_tree; strong_lexicon.lsj,"The characteristic is named 'earnestness/diligence/haste' (spoudē). The name signals energetic, purposeful exertion — the positive pole opposite argos/okneros — covering both physical speed and moral zeal.",167,92,M67,,G4710,Rom.12.8,zeal,N-DSF,M0.1.1,48,verse-reading,7,2026-09-17T09:35:59Z,M0.1.1,"What is the characteristic called in the programme, and what does the name signal about its essential nature?"
92,strong_meaning_tree; strong_lexicon.lsj,"The characteristic is named 'earnestness/diligence/haste' (spoudē). The name signals energetic, purposeful exertion — the positive pole opposite argos/okneros — covering both physical speed and moral zeal.",168,92,M67,,G4710,Jude.1.3,eager,N-ASF,M0.1.1,48,verse-reading,8,2026-09-17T09:35:59Z,M0.1.1,"What is the characteristic called in the programme, and what does the name signal about its essential nature?"
92,strong_meaning_tree; strong_lexicon.lsj,"The characteristic is named 'earnestness/diligence/haste' (spoudē). The name signals energetic, purposeful exertion — the positive pole opposite argos/okneros — covering both physical speed and moral zeal.",169,92,M67,,G4710,Heb.6.11,earnestness,N-ASF,M0.1.1,48,verse-reading,9,2026-09-17T09:35:59Z,M0.1.1,"What is the characteristic called in the programme, and what does the name signal about its essential nature?"
93,strong_lexicon.lsj,"Spoudē derives from speudō ('to hasten'), showing the definitional core is haste/speed, which by ordinary NT usage broadens to denote energetic earnestness and zeal, sometimes with a religious dimension (zeal toward God).",170,93,M67,,G4710,Mark.6.25,haste,N-GSF,M0.1.2,2,verse-reading,1,2026-09-17T09:35:59Z,M0.1.2,What do the primary Hebrew and Greek terms show at the definitional level?
93,strong_lexicon.lsj,"Spoudē derives from speudō ('to hasten'), showing the definitional core is haste/speed, which by ordinary NT usage broadens to denote energetic earnestness and zeal, sometimes with a religious dimension (zeal toward God).",171,93,M67,,G4710,Rom.12.11,zeal,N-DSF,M0.1.2,2,verse-reading,2,2026-09-17T09:35:59Z,M0.1.2,What do the primary Hebrew and Greek terms show at the definitional level?
94,strong_meaning_tree; strong_lexicon.lsj,"The term carries a strongly relational implication: earnestness/zeal is consistently directed toward someone — for Titus's affection (2Cor.7.12), for God/the Lord (Rom.12.11), toward a task entrusted by another (Rom.12.8, leading with zeal), or toward Paul himself (2Tim.1.17). It marks the intensity of one's orientation toward another party or obligation.",172,94,M67,,G4710,2Cor.7.12,earnestness,N-ASF,M0.1.3,18,verse-reading,1,2026-09-17T09:35:59Z,M0.1.3,"What directional, relational, or constitutional implication does the name carry?"
94,strong_meaning_tree; strong_lexicon.lsj,"The term carries a strongly relational implication: earnestness/zeal is consistently directed toward someone — for Titus's affection (2Cor.7.12), for God/the Lord (Rom.12.11), toward a task entrusted by another (Rom.12.8, leading with zeal), or toward Paul himself (2Tim.1.17). It marks the intensity of one's orientation toward another party or obligation.",173,94,M67,,G4710,Rom.12.11,zeal,N-DSF,M0.1.3,18,verse-reading,2,2026-09-17T09:35:59Z,M0.1.3,"What directional, relational, or constitutional implication does the name carry?"
95,strong_lexicon.lsj; strong_lexicon.mounce,"Primary Greek term is spoudē (noun) with adverbial cognate spoudaiōs (G4709); root speudō 'to hasten.' No Hebrew term is present among cluster members, so root evidence is Greek-only, showing the concept's roots in the idea of hurried, energetic movement transferred to moral zeal.",174,95,M67,,G4710,Mark.6.25,haste,N-GSF,M0.5.1,19,verse-reading,1,2026-09-17T09:35:59Z,M0.5.1,"What are the primary Hebrew and Greek terms for this characteristic, and what do their root meanings show?"
96,strong_meaning_tree,"Spoudē is a noun (occurring in various cases) and has an adverbial cognate spoudaiōs; this grammatical range lets the characteristic be expressed both as a quality possessed/shown ('your earnestness') and as manner modifying an action ('searched for me earnestly'), showing it operates as both an attribute and an adverbial intensifier of action.",175,96,M67,,G4710,2Cor.7.11,earnestness,N-ASF,M0.5.2,5,verse-reading,1,2026-09-17T09:35:59Z,M0.5.2,"What is the grammatical range of the primary term (noun, verb, adjective, participle), and what does that range show about how the characteristic operates?"
97,strong_lexicon.lsj; strong_lexicon.mounce,"Spoudaiōs is the adverbial form of spoudē's adjective root, used to modify verbs of action (pleaded earnestly, searched earnestly), showing the characteristic's grammatical range extends into manner-of-action description alongside the noun spoudē.",176,97,M67,,G4709,Luke.7.4,earnestly,ADV,M0.5.2,,verse-reading,1,2026-09-17T09:35:59Z,M0.5.2,"What is the grammatical range of the primary term (noun, verb, adjective, participle), and what does that range show about how the characteristic operates?"
97,strong_lexicon.lsj; strong_lexicon.mounce,"Spoudaiōs is the adverbial form of spoudē's adjective root, used to modify verbs of action (pleaded earnestly, searched earnestly), showing the characteristic's grammatical range extends into manner-of-action description alongside the noun spoudē.",177,97,M67,,G4709,2Tim.1.17,earnestly,ADV,M0.5.2,,verse-reading,2,2026-09-17T09:35:59Z,M0.5.2,"What is the grammatical range of the primary term (noun, verb, adjective, participle), and what does that range show about how the characteristic operates?"
98,strong_lexicon.lsj,"Semantic range of spoudaiōs/spoudē covers literal physical haste (Mark.6.25, running quickly to the king), diligent search (2Tim.1.17), pleading intensity (Luke.7.4), and moral-spiritual zeal or diligence (Rom.12.8,11; 2Cor.7.11-12; 8.7-8; Heb.6.11) — an idiomatic range from speed of body to intensity of will.",178,98,M67,,G4709,Luke.7.4,earnestly,ADV,M0.5.3,,verse-reading,1,2026-09-17T09:35:59Z,M0.5.3,"What is the semantic range of the primary term — across what breadth of meaning does it operate, including any idiomatic, analogical, or otherwise implied meaning carried by its use in combination with other terms?"
99,strong_meaning_tree,"The vocabulary distinguishes act (haste in a specific action, Mark.6.25) from disposition/habitual quality (earnestness as a character trait proven by conduct, 2Cor.8.7-8, 'in all earnestness... your love') — the same term thus covers both a one-time exertion and an abiding trait.",179,99,M67,,G4710,Mark.6.25,haste,N-GSF,M0.5.4,23,verse-reading,1,2026-09-17T09:35:59Z,M0.5.4,"Does the vocabulary include terms distinguishing distinct aspects — disposition versus act, received versus given, condition versus quality? Record which, or none."
99,strong_meaning_tree,"The vocabulary distinguishes act (haste in a specific action, Mark.6.25) from disposition/habitual quality (earnestness as a character trait proven by conduct, 2Cor.8.7-8, 'in all earnestness... your love') — the same term thus covers both a one-time exertion and an abiding trait.",180,99,M67,,G4710,2Cor.8.7,earnestness,N-DSF,M0.5.4,23,verse-reading,2,2026-09-17T09:35:59Z,M0.5.4,"Does the vocabulary include terms distinguishing distinct aspects — disposition versus act, received versus given, condition versus quality? Record which, or none."
100,strong_lexicon.lsj,"The structural opposite within the cluster is argos/okneros (idleness, slothfulness) — directly contrasted in Rom.12.11 ('not slothful in zeal').",181,100,M67,,G4710,Rom.12.11,zeal,N-DSF,M0.5.5,24,verse-reading,1,2026-09-17T09:35:59Z,M0.5.5,"Does the vocabulary include a term for the structural opposite or absence of this characteristic? Record it, or none."
101,strong_meaning_tree,No distinct supplication/seeking term (an act of asking another to grant earnestness) is present in this cluster's vocabulary; earnestness is exhorted (Heb.6.11 'we desire each of you to show') rather than petitioned for as a gift.,182,101,M67,,G4710,Heb.6.11,earnestness,N-ASF,M0.5.7,10,verse-reading,1,2026-09-17T09:35:59Z,M0.5.7,"Does the vocabulary include a supplication or seeking term — one for the act of seeking this characteristic from another? Record it, or none."
102,strong_lexicon.lsj,"No Hebrew OT term for this characteristic is present among cluster members; the vocabulary is entirely Greek NT, drawing on classical usage (Herodotus, Thucydides, Xenophon) that already carried both the 'haste' and 'zeal' senses, showing NT usage continues rather than innovates the semantic range.",183,102,M67,,G4710,Mark.6.25,haste,N-GSF,M0.5.8,40,verse-reading,1,2026-09-17T09:35:59Z,M0.5.8,What does the relationship between the OT Hebrew and NT Greek vocabulary show about continuity or development of the characteristic across the Testaments?
103,strong_lexicon.lsj,"Spoudē/spoudaiōs are not NT coinages; both are well attested in classical Greek from the 5th century BC (Herodotus, Thucydides, Plato, Xenophon) with the same dual haste/zeal semantic field the NT exploits, including the specific religious-zeal sense already found in a 2nd c. BC inscription (pros tēn theān).",184,103,M67,,G4710,Rom.12.11,zeal,N-DSF,M0.5.9,41,verse-reading,1,2026-09-17T09:35:59Z,M0.5.9,"Is there a term newly coined in the NT period for this characteristic; if so, what does the coinage show? Record it, or none."
104,strong_lexicon.lsj; strong_meaning_tree,"The full vocabulary arc for spoudē/spoudaiōs spans physical haste (running, searching), intense petition (pleading earnestly), moral-relational zeal (love proven by earnestness, leading with zeal), and eschatological diligence (full assurance of hope) — showing the characteristic's complete range from bodily speed to spiritual perseverance, all rooted in the single image of purposeful, undivided exertion.",185,104,M67,,G4710,Heb.6.11,earnestness,N-ASF,M0.5.10,13,verse-reading,1,2026-09-17T09:35:59Z,M0.5.10,What does the full vocabulary arc show about the characteristic's complete semantic range?
104,strong_lexicon.lsj; strong_meaning_tree,"The full vocabulary arc for spoudē/spoudaiōs spans physical haste (running, searching), intense petition (pleading earnestly), moral-relational zeal (love proven by earnestness, leading with zeal), and eschatological diligence (full assurance of hope) — showing the characteristic's complete range from bodily speed to spiritual perseverance, all rooted in the single image of purposeful, undivided exertion.",186,104,M67,,G4710,Mark.6.25,haste,N-GSF,M0.5.10,13,verse-reading,2,2026-09-17T09:35:59Z,M0.5.10,What does the full vocabulary arc show about the characteristic's complete semantic range?
105,strong_meaning_tree,"In Matt.20.6 the operation words 'went out' and 'found' (G1831/G2147, role-T3) are initiated by the master/householder toward the idle men (G0692, home-cluster) standing in the marketplace; the master's speech-act 'said' then addresses them directly, making the idle men the object of the master's inquiry.",187,105,M67,,G0692,Matt.20.6,idle,A-NPM,D7.7.1,,verse-reading,1,2026-09-17T09:35:59Z,D7.7.1,"Where this verse contains an action or movement word tagged as an Operation in the cluster's role classification (the tag is `role-T3` in `cluster.cluster_code` -- consult that tagging directly, not this question's own memory of it), what is that word's relation to the parties present -- who initiates it and toward whom or what is it directed? Record none if no such operation word is present."
106,strong_meaning_tree,"In 1Tim.5.13 the operation word 'learn' (G3129, role-T3) is initiated by the younger widows themselves (subject, not a separate party) resulting in their own state of being idlers (G0692) — a reflexive rather than other-directed operation.",188,106,M67,,G0692,1Tim.5.13,idlers,A-NPF,D7.7.1,105,verse-reading,1,2026-09-17T09:35:59Z,D7.7.1,"Where this verse contains an action or movement word tagged as an Operation in the cluster's role classification (the tag is `role-T3` in `cluster.cluster_code` -- consult that tagging directly, not this question's own memory of it), what is that word's relation to the parties present -- who initiates it and toward whom or what is it directed? Record none if no such operation word is present."
107,strong_meaning_tree,"In Mark.6.25 the girl (party) initiates the operation 'came in' (G1525, role-T3) with haste (G4710, home-cluster) directed toward the king, and then 'asked'/'give' directing her demand toward him for John's head — the operation is agent-initiated and clearly directed toward the king as recipient.",189,107,M67,,G4710,Mark.6.25,haste,N-GSF,D7.7.1,42,verse-reading,1,2026-09-17T09:35:59Z,D7.7.1,"Where this verse contains an action or movement word tagged as an Operation in the cluster's role classification (the tag is `role-T3` in `cluster.cluster_code` -- consult that tagging directly, not this question's own memory of it), what is that word's relation to the parties present -- who initiates it and toward whom or what is it directed? Record none if no such operation word is present."
108,strong_meaning_tree,"In 2Cor.7.12 the operation 'revealed' (G5319, role-T3) concerns Titus's/the church's earnestness (G4710) being made manifest 'to you' before God, but the verse alone does not make clear who is the acting party performing the revealing (God, circumstances, or the letter itself) versus the recipient; adjacent verses (2Cor.7.13-15) describing Titus's report would help establish the initiating party.",190,108,M67,,G4710,2Cor.7.12,earnestness,N-ASF,D7.7.1,15,verse-reading,1,2026-09-17T09:35:59Z,D7.7.1,"Where this verse contains an action or movement word tagged as an Operation in the cluster's role classification (the tag is `role-T3` in `cluster.cluster_code` -- consult that tagging directly, not this question's own memory of it), what is that word's relation to the parties present -- who initiates it and toward whom or what is it directed? Record none if no such operation word is present."
109,strong_meaning_tree,"In 2Pet.1.8, Matt.12.36, 2Cor.7.11, 2Cor.8.8, Rom.12.11/12.8, 2Cor.8.7, Matt.25.26, Titus.1.12, Jude.1.3, 2Pet.2.3, Heb.6.11, Phil.3.1, and Jas.2.20 no D7.7-relevant operation word co-occurring with a distinct party tag directed at another party was found beyond what is separately recorded; where present the operation is reflexive or general exhortation rather than one party acting upon another.",191,109,M67,,G4710,Rom.12.8,zeal,N-DSF,none,,verse-reading,1,2026-09-17T09:35:59Z,,
110,strong_meaning_tree,"The verse's operation word (H7761G/H5648 'make/do a decree', H3052 'paid') is initiated by the Persian king toward the elders/workers of the Jews rebuilding the temple; H0629 'full/without delay' modifies the manner of that payment-operation, not itself an operation.",192,110,M67,,H0629,Ezra.6.8,full,AD,D7.7.1,,verse-reading,1,2026-09-17T09:38:15Z,D7.7.1,"Where this verse contains an action or movement word tagged as an Operation in the cluster's role classification (the tag is `role-T3` in `cluster.cluster_code` -- consult that tagging directly, not this question's own memory of it), what is that word's relation to the parties present -- who initiates it and toward whom or what is it directed? Record none if no such operation word is present."
111,strong_meaning_tree,"The characteristic is named 'diligence/full measure' (Aramaic asparna), signaling thoroughgoing, complete, and exact execution of a directive without deficiency or delay.",193,111,M67,,H0629,Ezra.6.8,full,AD,M0.1.1,,verse-reading,1,2026-09-17T09:38:15Z,M0.1.1,"What is the characteristic called in the programme, and what does the name signal about its essential nature?"
112,strong_meaning_tree,The Aramaic term shows at the definitional level a sense of thoroughness and eagerness — 'thoroughly' and 'diligently/eagerly' — combining completeness with zeal in carrying out a task.,194,112,M67,,H0629,Ezra.6.12,diligence,AD,M0.1.2,,verse-reading,1,2026-09-17T09:38:15Z,M0.1.2,What do the primary Hebrew and Greek terms show at the definitional level?
113,strong_meaning_tree,"The term carries a constitutional implication of royal-administrative obligation: whatever is decreed must be carried out completely and without delay, binding officials to full, exact compliance.",195,113,M67,,H0629,Ezra.7.21,diligence,AD,M0.1.3,,verse-reading,1,2026-09-17T09:38:15Z,M0.1.3,"What directional, relational, or constitutional implication does the name carry?"
114,strong_meaning_tree,"Primary Aramaic term is asparna (H0629), root meanings 'thoroughly' and 'eagerly/diligently' — showing a fusion of completeness and zealous exertion.",196,114,M67,,H0629,Ezra.7.17,diligence,AD,M0.5.1,,verse-reading,1,2026-09-17T09:38:15Z,M0.5.1,"What are the primary Hebrew and Greek terms for this characteristic, and what do their root meanings show?"
115,strong_meaning_tree,"The term functions grammatically as an adverb only, always modifying verbs of decree-execution (make, do, buy, execute), showing the characteristic operates as a manner-qualifier on royal/administrative action rather than as an independent noun or verb concept.",197,115,M67,,H0629,Ezra.6.13,diligence,AD,M0.5.2,,verse-reading,1,2026-09-17T09:38:15Z,M0.5.2,"What is the grammatical range of the primary term (noun, verb, adjective, participle), and what does that range show about how the characteristic operates?"
116,strong_meaning_tree,"Semantic range spans 'full/without delay' (completeness of payment), 'diligence' (zeal in compliance), and 'strictly' (rigor of judicial execution) — always attaching to a verb of official action, showing an idiomatic administrative-Aramaic sense of full, prompt, exact compliance.",198,116,M67,,H0629,Ezra.7.26,strictly,AD,M0.5.3,,verse-reading,1,2026-09-17T09:38:15Z,M0.5.3,"What is the semantic range of the primary term — across what breadth of meaning does it operate, including any idiomatic, analogical, or otherwise implied meaning carried by its use in combination with other terms?"
117,strong_meaning_tree,No distinct vocabulary in this cluster's data distinguishes disposition versus act for this term; it functions uniformly as a manner-adverb of execution across all occurrences.,199,117,M67,,H0629,Ezra.5.8,diligently,AD,M0.5.4,,verse-reading,1,2026-09-17T09:38:15Z,M0.5.4,"Does the vocabulary include terms distinguishing distinct aspects — disposition versus act, received versus given, condition versus quality? Record which, or none."
118,strong_meaning_tree,No structural opposite term is present among this cluster's member strongs in these verses; none recorded.,200,118,M67,,H0629,Ezra.6.8,full,AD,M0.5.5,,verse-reading,1,2026-09-17T09:38:15Z,M0.5.5,"Does the vocabulary include a term for the structural opposite or absence of this characteristic? Record it, or none."
119,strong_meaning_tree,No supplication/seeking term is attested for this characteristic in the given data; none.,201,119,M67,,H0629,Ezra.6.12,diligence,AD,M0.5.7,,verse-reading,1,2026-09-17T09:38:15Z,M0.5.7,"Does the vocabulary include a supplication or seeking term — one for the act of seeking this characteristic from another? Record it, or none."
120,strong_meaning_tree,"H0629 is confined to Aramaic royal-decree contexts in Ezra; the NT Greek vocabulary of this cluster (spoudē/spoudaiōs) develops the same core sense of earnest, prompt exertion into a broader moral-spiritual register (haste, effort, zeal toward virtue), showing continuity of the 'thorough/prompt exertion' concept while the NT extends it from administrative compliance to personal moral diligence.",202,120,M67,,H0629,Ezra.7.17,diligence,AD,M0.5.8,,verse-reading,1,2026-09-17T09:38:15Z,M0.5.8,What does the relationship between the OT Hebrew and NT Greek vocabulary show about continuity or development of the characteristic across the Testaments?
121,strong_meaning_tree,No NT-period coinage applies to this OT Aramaic term; none.,203,121,M67,,H0629,Ezra.6.13,diligence,AD,M0.5.9,,verse-reading,1,2026-09-17T09:38:15Z,M0.5.9,"Is there a term newly coined in the NT period for this characteristic; if so, what does the coinage show? Record it, or none."
122,strong_meaning_tree,"Across its occurrences (Ezra 6:8,12; 7:17,21,23,26; 6:13) the full vocabulary arc shows the characteristic ranging from 'complete/full' (of payment), to 'diligent/zealous' (of compliance), to 'strict' (of judicial execution) — a single adverb covering the semantic territory of thoroughness, promptness, and rigor in carrying out authoritative commands.",204,122,M67,,H0629,Ezra.7.26,strictly,AD,M0.5.10,,verse-reading,1,2026-09-17T09:38:15Z,M0.5.10,What does the full vocabulary arc show about the characteristic's complete semantic range?
123,strong_meaning_tree,"The characteristic here is named 'in full' (H0149), signaling exactness and completeness in execution of the divine/royal decree without partial compliance.",205,123,M67,,H0149,Ezra.7.23,full,AD,M0.1.1,,verse-reading,1,2026-09-17T09:38:15Z,M0.1.1,"What is the characteristic called in the programme, and what does the name signal about its essential nature?"
124,strong_meaning_tree,"The term shows at the definitional level senses of 'correctly, exactly, diligently, earnestly' — a term of precision paired with zeal.",206,124,M67,,H0149,Ezra.7.23,full,AD,M0.1.2,,verse-reading,1,2026-09-17T09:38:15Z,M0.1.2,What do the primary Hebrew and Greek terms show at the definitional level?
125,strong_meaning_tree,"Its relational implication is that the God-of-heaven decree carries a binding force requiring full, exact execution by the king's officials, lest wrath fall on the realm.",207,125,M67,,H0149,Ezra.7.23,full,AD,M0.1.3,,verse-reading,1,2026-09-17T09:38:15Z,M0.1.3,"What directional, relational, or constitutional implication does the name carry?"
126,strong_meaning_tree,"Primary term H0149 (adverb), root sense showing precision ('correctly, exactly') fused with zeal ('diligently, earnestly') — a near-synonym pairing with H0629 in the same administrative register.",208,126,M67,,H0149,Ezra.7.23,full,AD,M0.5.1,,verse-reading,1,2026-09-17T09:38:15Z,M0.5.1,"What are the primary Hebrew and Greek terms for this characteristic, and what do their root meanings show?"
127,strong_meaning_tree,"Grammatically an adverb only, modifying the passive verb of execution ('let it be done in full'), showing the characteristic as a manner-quality attaching to compliance-actions.",209,127,M67,,H0149,Ezra.7.23,full,AD,M0.5.2,,verse-reading,1,2026-09-17T09:38:15Z,M0.5.2,"What is the grammatical range of the primary term (noun, verb, adjective, participle), and what does that range show about how the characteristic operates?"
128,strong_meaning_tree,"Semantic range covers exactness, correctness, diligence, and earnestness together — used idiomatically with 'let it be done' to demand thorough, unstinting fulfillment of a royal-religious order.",210,128,M67,,H0149,Ezra.7.23,full,AD,M0.5.3,,verse-reading,1,2026-09-17T09:38:15Z,M0.5.3,"What is the semantic range of the primary term — across what breadth of meaning does it operate, including any idiomatic, analogical, or otherwise implied meaning carried by its use in combination with other terms?"
129,strong_meaning_tree,No distinction of disposition versus act is carried by this single adverbial term in the data; none recorded.,211,129,M67,,H0149,Ezra.7.23,full,AD,M0.5.4,,verse-reading,1,2026-09-17T09:38:15Z,M0.5.4,"Does the vocabulary include terms distinguishing distinct aspects — disposition versus act, received versus given, condition versus quality? Record which, or none."
130,strong_meaning_tree,No structural opposite term is attested for H0149 in the given data; none.,212,130,M67,,H0149,Ezra.7.23,full,AD,M0.5.5,,verse-reading,1,2026-09-17T09:38:15Z,M0.5.5,"Does the vocabulary include a term for the structural opposite or absence of this characteristic? Record it, or none."
131,strong_meaning_tree,No person-type term attested for this characteristic; none.,213,131,M67,,H0149,Ezra.7.23,full,AD,M0.5.6,,verse-reading,1,2026-09-17T09:38:15Z,M0.5.6,"Does the vocabulary include a person-type term — one for the person who habitually possesses or exercises this characteristic? Record it, or none."
132,strong_meaning_tree,No supplication/seeking term attested; none.,214,132,M67,,H0149,Ezra.7.23,full,AD,M0.5.7,,verse-reading,1,2026-09-17T09:38:15Z,M0.5.7,"Does the vocabulary include a supplication or seeking term — one for the act of seeking this characteristic from another? Record it, or none."
133,strong_meaning_tree,"H0149 belongs to the same OT Aramaic administrative register as H0629, both modifying decree-execution verbs; the NT Greek terms of this cluster develop the notion into personal ethical zeal, showing continuity of the underlying 'complete/earnest fulfillment' idea across Testaments while shifting its domain from royal bureaucracy to individual conduct.",215,133,M67,,H0149,Ezra.7.23,full,AD,M0.5.8,,verse-reading,1,2026-09-17T09:38:15Z,M0.5.8,What does the relationship between the OT Hebrew and NT Greek vocabulary show about continuity or development of the characteristic across the Testaments?
134,strong_meaning_tree,No NT-period coinage applies to this OT term; none.,216,134,M67,,H0149,Ezra.7.23,full,AD,M0.5.9,,verse-reading,1,2026-09-17T09:38:15Z,M0.5.9,"Is there a term newly coined in the NT period for this characteristic; if so, what does the coinage show? Record it, or none."
135,strong_meaning_tree,"The single occurrence shows H0149 covering exactness, correctness, diligence, and earnestness bound together in one adverb qualifying full compliance with a divine decree.",217,135,M67,,H0149,Ezra.7.23,full,AD,M0.5.10,,verse-reading,1,2026-09-17T09:38:15Z,M0.5.10,What does the full vocabulary arc show about the characteristic's complete semantic range?
136,strong_meaning_tree,"The verse's operation word H1811 'leaks' is directed at 'the house' (a passive party affected), caused by H8220 'indolence' as the operative agent/cause rather than a personal initiator; no human party initiates the action deliberately — the operation is the natural consequence of the negative characteristic.",218,136,M67,,H8220,Eccl.10.18,indolence,HNcfsc,D7.7.1,,verse-reading,1,2026-09-17T09:38:15Z,D7.7.1,"Where this verse contains an action or movement word tagged as an Operation in the cluster's role classification (the tag is `role-T3` in `cluster.cluster_code` -- consult that tagging directly, not this question's own memory of it), what is that word's relation to the parties present -- who initiates it and toward whom or what is it directed? Record none if no such operation word is present."
137,strong_meaning_tree,"The characteristic is named 'indolence/sinking' (H8220), signaling the structural opposite of diligence — a slackness of hands that lets a house physically decay.",219,137,M67,,H8220,Eccl.10.18,indolence,HNcfsc,M0.1.1,,verse-reading,1,2026-09-17T09:38:15Z,M0.1.1,"What is the characteristic called in the programme, and what does the name signal about its essential nature?"
138,strong_meaning_tree,"The Hebrew term shows at the definitional level 'sinking, idleness, inactivity' — a term rooted in the image of drooping/sinking hands that fail to act.",220,138,M67,,H8220,Eccl.10.18,indolence,HNcfsc,M0.1.2,,verse-reading,1,2026-09-17T09:38:15Z,M0.1.2,What do the primary Hebrew and Greek terms show at the definitional level?
139,strong_meaning_tree,"It carries a constitutional implication: neglect of due diligence produces material ruin (the house leaks), making indolence the structural negative counterpart to diligent maintenance.",221,139,M67,,H8220,Eccl.10.18,indolence,HNcfsc,M0.1.3,,verse-reading,1,2026-09-17T09:38:15Z,M0.1.3,"What directional, relational, or constitutional implication does the name carry?"
140,strong_meaning_tree,"Primary Hebrew term H8220 shiphlut/shephalut-type noun, root meaning 'sinking down, idleness' — showing the characteristic's opposite pole envisioned as a physical drooping or sinking of the hands.",222,140,M67,,H8220,Eccl.10.18,indolence,HNcfsc,M0.5.1,,verse-reading,1,2026-09-17T09:38:15Z,M0.5.1,"What are the primary Hebrew and Greek terms for this characteristic, and what do their root meanings show?"
141,strong_meaning_tree,"Grammatically a noun (construct), showing the characteristic's opposite framed as a state/condition ('indolence of hands') rather than an act.",223,141,M67,,H8220,Eccl.10.18,indolence,HNcfsc,M0.5.2,,verse-reading,1,2026-09-17T09:38:15Z,M0.5.2,"What is the grammatical range of the primary term (noun, verb, adjective, participle), and what does that range show about how the characteristic operates?"
142,strong_meaning_tree,"Semantic range covers 'sinking, idleness, inactivity' — used analogically in parallel with 'sloth' (H6103) causing the roof to sink, extending the physical image of slack hands to structural neglect and decay.",224,142,M67,,H8220,Eccl.10.18,indolence,HNcfsc,M0.5.3,,verse-reading,1,2026-09-17T09:38:15Z,M0.5.3,"What is the semantic range of the primary term — across what breadth of meaning does it operate, including any idiomatic, analogical, or otherwise implied meaning carried by its use in combination with other terms?"
143,strong_meaning_tree,"H8220 functions as a condition/state term (indolence as a settled inactivity), distinguishing this negative disposition from the act-oriented diligence terms (H0629, H0149) found elsewhere in the cluster.",225,143,M67,,H8220,Eccl.10.18,indolence,HNcfsc,M0.5.4,,verse-reading,1,2026-09-17T09:38:15Z,M0.5.4,"Does the vocabulary include terms distinguishing distinct aspects — disposition versus act, received versus given, condition versus quality? Record which, or none."
144,strong_meaning_tree,H8220 itself serves as the structural opposite/absence term for diligence within this cluster's vocabulary — the negative counterpart to the 'full/diligent' Aramaic terms.,226,144,M67,,H8220,Eccl.10.18,indolence,HNcfsc,M0.5.5,,verse-reading,1,2026-09-17T09:38:15Z,M0.5.5,"Does the vocabulary include a term for the structural opposite or absence of this characteristic? Record it, or none."
145,strong_meaning_tree,"No distinct person-type term (e.g., 'the indolent one') is attested for H8220 in the given data; none.",227,145,M67,,H8220,Eccl.10.18,indolence,HNcfsc,M0.5.6,,verse-reading,1,2026-09-17T09:38:15Z,M0.5.6,"Does the vocabulary include a person-type term — one for the person who habitually possesses or exercises this characteristic? Record it, or none."
146,strong_meaning_tree,No supplication/seeking term attested for this characteristic; none.,228,146,M67,,H8220,Eccl.10.18,indolence,HNcfsc,M0.5.7,,verse-reading,1,2026-09-17T09:38:15Z,M0.5.7,"Does the vocabulary include a supplication or seeking term — one for the act of seeking this characteristic from another? Record it, or none."
147,strong_meaning_tree,"H8220 as the OT negative pole (indolence causing decay) parallels the NT Greek negative-pole terms in this cluster (argos 'idle', ataktein 'to be idle/disorderly'), showing continuity: both Testaments pair a positive diligence vocabulary with a negative idleness vocabulary describing the same structural opposition of active exertion versus slack neglect.",229,147,M67,,H8220,Eccl.10.18,indolence,HNcfsc,M0.5.8,,verse-reading,1,2026-09-17T09:38:15Z,M0.5.8,What does the relationship between the OT Hebrew and NT Greek vocabulary show about continuity or development of the characteristic across the Testaments?
148,strong_meaning_tree,No NT-period coinage applies to this OT Hebrew term; none.,230,148,M67,,H8220,Eccl.10.18,indolence,HNcfsc,M0.5.9,,verse-reading,1,2026-09-17T09:38:15Z,M0.5.9,"Is there a term newly coined in the NT period for this characteristic; if so, what does the coinage show? Record it, or none."
149,strong_meaning_tree,"The single occurrence shows H8220's full range as 'sinking, idleness, inactivity' — the negative pole of the diligence spectrum, illustrated concretely by structural decay resulting from neglect.",231,149,M67,,H8220,Eccl.10.18,indolence,HNcfsc,M0.5.10,,verse-reading,1,2026-09-17T09:38:15Z,M0.5.10,What does the full vocabulary arc show about the characteristic's complete semantic range?
150,strong_meaning_tree,"In 2Pet.1.5 the operation word G2023 'supplement' is initiated by the believer (addressee, 2nd person) directed toward building faith with virtue; G4710 'effort' names the exertion accompanying that self-directed operation, not itself the operation.",232,150,M67,,G4710,2Pet.1.5,effort,N-ASF,D7.7.1,44,verse-reading,1,2026-09-17T09:38:15Z,D7.7.1,"Where this verse contains an action or movement word tagged as an Operation in the cluster's role classification (the tag is `role-T3` in `cluster.cluster_code` -- consult that tagging directly, not this question's own memory of it), what is that word's relation to the parties present -- who initiates it and toward whom or what is it directed? Record none if no such operation word is present."
151,strong_meaning_tree,"In 2Cor.8.16 the operation word G1325 'put' is initiated by God, directed into the heart of Titus, producing the 'earnest care' (G4710) that Titus then has for the Corinthians — a divine-to-human-to-third-party chain of operation.",233,151,M67,,G4710,2Cor.8.16,earnest care,N-ASF,D7.7.1,150,verse-reading,1,2026-09-17T09:38:15Z,D7.7.1,"Where this verse contains an action or movement word tagged as an Operation in the cluster's role classification (the tag is `role-T3` in `cluster.cluster_code` -- consult that tagging directly, not this question's own memory of it), what is that word's relation to the parties present -- who initiates it and toward whom or what is it directed? Record none if no such operation word is present."
152,strong_meaning_tree,"In Luke.1.39 the operation words G0450 'arose' and G4198 'went' are initiated by Mary, directed toward the hill country/town in Judah; G4710 'haste' qualifies the manner of Mary's own journey-operation.",234,152,M67,,G4710,Luke.1.39,haste,N-GSF,D7.7.1,151,verse-reading,1,2026-09-17T09:38:15Z,D7.7.1,"Where this verse contains an action or movement word tagged as an Operation in the cluster's role classification (the tag is `role-T3` in `cluster.cluster_code` -- consult that tagging directly, not this question's own memory of it), what is that word's relation to the parties present -- who initiates it and toward whom or what is it directed? Record none if no such operation word is present."
153,strong_meaning_tree,"The characteristic is named 'spoudē' (haste/earnestness/diligence), signaling both speed of movement and zealous, energetic application to a task or person.",235,153,M67,,G4710,Luke.1.39,haste,N-GSF,M0.1.1,16,verse-reading,1,2026-09-17T09:38:15Z,M0.1.1,"What is the characteristic called in the programme, and what does the name signal about its essential nature?"
154,strong_meaning_tree,"The Greek term at the definitional level denotes 'haste, speed' physically and 'earnestness, diligence, zeal, eagerness' morally/relationally — rooted in speudō, to hasten.",236,154,M67,,G4710,2Pet.1.5,effort,N-ASF,M0.1.2,2,verse-reading,1,2026-09-17T09:38:15Z,M0.1.2,What do the primary Hebrew and Greek terms show at the definitional level?
155,strong_meaning_tree,"The term carries a relational implication of care directed toward another (as in Titus's earnest care 'for you'), and a constitutional implication in 2Peter of effort required to build one virtue upon another in sequence.",237,155,M67,,G4710,2Cor.8.16,earnest care,N-ASF,M0.1.3,18,verse-reading,1,2026-09-17T09:38:15Z,M0.1.3,"What directional, relational, or constitutional implication does the name carry?"
156,strong_meaning_tree,"Primary Greek term G4710 spoudē (noun) from speudō 'to hasten'; root meaning shows fusion of physical speed and moral earnestness/zeal, paralleling the Aramaic H0629's fusion of thoroughness and eagerness.",238,156,M67,,G4710,Luke.1.39,haste,N-GSF,M0.5.1,4,verse-reading,1,2026-09-17T09:38:15Z,M0.5.1,"What are the primary Hebrew and Greek terms for this characteristic, and what do their root meanings show?"
157,strong_meaning_tree,"Semantic range covers literal haste in travel (Luke 1:39), zealous exertion applied to virtue-building (2Pet 1:5, 'make every effort'), and earnest personal care/concern for someone (2Cor 8:16, 'earnest care... for you') — showing the term bridges physical speed and relational/moral zeal by analogy.",239,157,M67,,G4710,2Pet.1.5,effort,N-ASF,M0.5.3,6,verse-reading,1,2026-09-17T09:38:15Z,M0.5.3,"What is the semantic range of the primary term — across what breadth of meaning does it operate, including any idiomatic, analogical, or otherwise implied meaning carried by its use in combination with other terms?"
157,strong_meaning_tree,"Semantic range covers literal haste in travel (Luke 1:39), zealous exertion applied to virtue-building (2Pet 1:5, 'make every effort'), and earnest personal care/concern for someone (2Cor 8:16, 'earnest care... for you') — showing the term bridges physical speed and relational/moral zeal by analogy.",240,157,M67,,G4710,2Cor.8.16,earnest care,N-ASF,M0.5.3,6,verse-reading,2,2026-09-17T09:38:15Z,M0.5.3,"What is the semantic range of the primary term — across what breadth of meaning does it operate, including any idiomatic, analogical, or otherwise implied meaning carried by its use in combination with other terms?"
157,strong_meaning_tree,"Semantic range covers literal haste in travel (Luke 1:39), zealous exertion applied to virtue-building (2Pet 1:5, 'make every effort'), and earnest personal care/concern for someone (2Cor 8:16, 'earnest care... for you') — showing the term bridges physical speed and relational/moral zeal by analogy.",241,157,M67,,G4710,Luke.1.39,haste,N-GSF,M0.5.3,6,verse-reading,3,2026-09-17T09:38:15Z,M0.5.3,"What is the semantic range of the primary term — across what breadth of meaning does it operate, including any idiomatic, analogical, or otherwise implied meaning carried by its use in combination with other terms?"
158,strong_meaning_tree,"The vocabulary distinguishes disposition (spoudē as an inward zeal/care, 2Cor 8:16) from act (the effort exerted in 2Pet 1:5's 'supplement your faith'), showing both a received quality (God-given zeal put into Titus's heart) and a given/exercised effort (believer's own exertion).",242,158,M67,,G4710,2Cor.8.16,earnest care,N-ASF,M0.5.4,23,verse-reading,1,2026-09-17T09:38:15Z,M0.5.4,"Does the vocabulary include terms distinguishing distinct aspects — disposition versus act, received versus given, condition versus quality? Record which, or none."
159,strong_meaning_tree,"No distinct person-type noun (e.g., 'the diligent/zealous one') is attested among this cluster's member strongs in the given data; none.",243,159,M67,,G4710,2Pet.1.5,effort,N-ASF,M0.5.6,38,verse-reading,1,2026-09-17T09:38:15Z,M0.5.6,"Does the vocabulary include a person-type term — one for the person who habitually possesses or exercises this characteristic? Record it, or none."
160,strong_meaning_tree,No supplication/seeking term (an act of asking for this characteristic from another) is attested in the given data; none.,244,160,M67,,G4710,2Pet.1.5,effort,N-ASF,M0.5.7,10,verse-reading,1,2026-09-17T09:38:15Z,M0.5.7,"Does the vocabulary include a supplication or seeking term — one for the act of seeking this characteristic from another? Record it, or none."
161,strong_meaning_tree,"The NT Greek spoudē/spoudaiōs vocabulary continues the OT Aramaic asparna/H0149 pattern of fusing thoroughness with zeal, but extends its domain from royal-administrative decree-compliance to personal ethical and relational earnestness (building virtue, caring for others, hastening in service) — showing development of the same root concept from external compliance to internal disposition.",245,161,M67,,G4710,2Pet.1.5,effort,N-ASF,M0.5.8,102,verse-reading,1,2026-09-17T09:38:15Z,M0.5.8,What does the relationship between the OT Hebrew and NT Greek vocabulary show about continuity or development of the characteristic across the Testaments?
162,strong_lexicon.lsj,"No specific NT-period coinage is indicated for G4710 itself in the sources provided (spoudē is attested from classical Greek, e.g. Homer); none recorded as newly coined.",246,162,M67,,G4710,Luke.1.39,haste,N-GSF,M0.5.9,12,verse-reading,1,2026-09-17T09:38:15Z,M0.5.9,"Is there a term newly coined in the NT period for this characteristic; if so, what does the coinage show? Record it, or none."
163,strong_meaning_tree,"The characteristic named here is 'spoudaiōs' (earnestly, promptly) signaling urgent, energetic application in accomplishing a task for another's benefit.",247,163,M67,,G4709,Titus.3.13,Do your best,ADV,M0.1.1,,verse-reading,1,2026-09-17T09:38:15Z,M0.1.1,"What is the characteristic called in the programme, and what does the name signal about its essential nature?"
164,strong_meaning_tree,"The Greek adverb shows at the definitional level 'earnestly, promptly' — an intensified, action-oriented form of the spoudē root.",248,164,M67,,G4709,Titus.3.13,Do your best,ADV,M0.1.2,,verse-reading,1,2026-09-17T09:38:15Z,M0.1.2,What do the primary Hebrew and Greek terms show at the definitional level?
165,strong_meaning_tree,"It carries a relational implication of practical service toward named individuals (Zenas, Apollos), signaling that earnestness is directed outward to meet others' needs.",249,165,M67,,G4709,Titus.3.13,Do your best,ADV,M0.1.3,,verse-reading,1,2026-09-17T09:38:15Z,M0.1.3,"What directional, relational, or constitutional implication does the name carry?"
166,strong_meaning_tree,"Primary term G4709 spoudaiōs, adverb from the same spoudē root family; root meaning combines haste and earnest energy.",250,166,M67,,G4709,Titus.3.13,Do your best,ADV,M0.5.1,,verse-reading,1,2026-09-17T09:38:15Z,M0.5.1,"What are the primary Hebrew and Greek terms for this characteristic, and what do their root meanings show?"
167,strong_meaning_tree,"Grammatically an adverb only, showing the characteristic operates purely as a manner-modifier on action verbs (here implied 'send/equip') rather than as a standalone noun concept.",251,167,M67,,G4709,Titus.3.13,Do your best,ADV,M0.5.2,97,verse-reading,1,2026-09-17T09:38:15Z,M0.5.2,"What is the grammatical range of the primary term (noun, verb, adjective, participle), and what does that range show about how the characteristic operates?"
168,strong_meaning_tree,"Semantic range covers earnestness and promptness in practical action, here idiomatically rendered 'do your best' — extending the base sense of haste/zeal into diligent provision for travelers' needs.",252,168,M67,,G4709,Titus.3.13,Do your best,ADV,M0.5.3,98,verse-reading,1,2026-09-17T09:38:15Z,M0.5.3,"What is the semantic range of the primary term — across what breadth of meaning does it operate, including any idiomatic, analogical, or otherwise implied meaning carried by its use in combination with other terms?"
169,strong_meaning_tree,No distinct disposition-versus-act split is separately marked for this adverb beyond its manner-modifying function; none additional.,253,169,M67,,G4709,Titus.3.13,Do your best,ADV,M0.5.4,,verse-reading,1,2026-09-17T09:38:15Z,M0.5.4,"Does the vocabulary include terms distinguishing distinct aspects — disposition versus act, received versus given, condition versus quality? Record which, or none."
170,strong_meaning_tree,"The cluster's negative-pole terms (G0692 argos, G0812 atakteō) serve as the structural opposite of this earnest/prompt adverb.",254,170,M67,,G4709,Titus.3.13,Do your best,ADV,M0.5.5,,verse-reading,1,2026-09-17T09:38:15Z,M0.5.5,"Does the vocabulary include a term for the structural opposite or absence of this characteristic? Record it, or none."
171,strong_meaning_tree,No distinct person-type term attested for this adverbial form; none.,255,171,M67,,G4709,Titus.3.13,Do your best,ADV,M0.5.6,,verse-reading,1,2026-09-17T09:38:15Z,M0.5.6,"Does the vocabulary include a person-type term — one for the person who habitually possesses or exercises this characteristic? Record it, or none."
172,strong_meaning_tree,No supplication/seeking term attested; none.,256,172,M67,,G4709,Titus.3.13,Do your best,ADV,M0.5.7,,verse-reading,1,2026-09-17T09:38:15Z,M0.5.7,"Does the vocabulary include a supplication or seeking term — one for the act of seeking this characteristic from another? Record it, or none."
173,strong_meaning_tree,"G4709 shares its root with G4710 spoudē, showing NT Greek developing a family of related forms (noun and adverb) to express earnest, prompt exertion in both inward zeal and outward practical service — consistent with the broader OT-to-NT development of the diligence concept from decree-compliance to personal ministry.",257,173,M67,,G4709,Titus.3.13,Do your best,ADV,M0.5.8,,verse-reading,1,2026-09-17T09:38:15Z,M0.5.8,What does the relationship between the OT Hebrew and NT Greek vocabulary show about continuity or development of the characteristic across the Testaments?
174,strong_lexicon.lsj,"No NT-period coinage; the term (spoudaiōs) is attested already in classical Greek (Xenophon, Plato); none.",258,174,M67,,G4709,Titus.3.13,Do your best,ADV,M0.5.9,,verse-reading,1,2026-09-17T09:38:15Z,M0.5.9,"Is there a term newly coined in the NT period for this characteristic; if so, what does the coinage show? Record it, or none."
175,strong_meaning_tree,"The single occurrence shows G4709's range as 'earnestly, promptly' applied to practical hospitality/provision, one facet of the cluster's broader diligence-versus-idleness semantic arc.",259,175,M67,,G4709,Titus.3.13,Do your best,ADV,M0.5.10,,verse-reading,1,2026-09-17T09:38:15Z,M0.5.10,What does the full vocabulary arc show about the characteristic's complete semantic range?
176,strong_meaning_tree,"The operation word G2476 'standing' (and G1831 'going out') is initiated by the householder toward laborers he finds in the marketplace; G0692 'idle' describes the state of those laborers, the party affected/observed rather than the initiator of an operation.",260,176,M67,,G0692,Matt.20.3,idle,A-APM,D7.7.1,106,verse-reading,1,2026-09-17T09:38:15Z,D7.7.1,"Where this verse contains an action or movement word tagged as an Operation in the cluster's role classification (the tag is `role-T3` in `cluster.cluster_code` -- consult that tagging directly, not this question's own memory of it), what is that word's relation to the parties present -- who initiates it and toward whom or what is it directed? Record none if no such operation word is present."
177,strong_meaning_tree,"The characteristic named is 'argos' (idle, inactive, useless), signaling the essential nature of unemployment or unproductive inaction, sometimes extending metaphorically to moral carelessness.",261,177,M67,,G0692,Matt.20.3,idle,A-APM,M0.1.1,64,verse-reading,1,2026-09-17T09:38:15Z,M0.1.1,"What is the characteristic called in the programme, and what does the name signal about its essential nature?"
178,strong_meaning_tree,"The Greek term at the definitional level shows 'inactive, unemployed' primarily, extending to 'lazy, averse from labor' and metaphorically 'useless, ineffective, careless, injurious.'",262,178,M67,,G0692,Matt.20.3,idle,A-APM,M0.1.2,65,verse-reading,1,2026-09-17T09:38:15Z,M0.1.2,What do the primary Hebrew and Greek terms show at the definitional level?
179,strong_meaning_tree,"It carries a relational implication of unemployment awaiting engagement — the idle men in the marketplace stand ready to be hired, implying a directional shift from inactivity to assigned labor.",263,179,M67,,G0692,Matt.20.3,idle,A-APM,M0.1.3,66,verse-reading,1,2026-09-17T09:38:15Z,M0.1.3,"What directional, relational, or constitutional implication does the name carry?"
180,strong_lexicon.lsj,"Primary term G0692 argos, an adjective; LSJ shows its root sense 'not working the ground,' hence 'idle, lazy,' extended to inanimate things 'lying idle, unwrought, unpolished.'",264,180,M67,,G0692,Matt.20.3,idle,A-APM,M0.5.1,67,verse-reading,1,2026-09-17T09:38:15Z,M0.5.1,"What are the primary Hebrew and Greek terms for this characteristic, and what do their root meanings show?"
181,strong_lexicon.lsj,"Grammatically an adjective, applied to persons (idle laborers) and by extension to things (idle money, fallow land per LSJ), showing the characteristic describes a state of unproductiveness applicable broadly across persons and objects.",265,181,M67,,G0692,Matt.20.3,idle,A-APM,M0.5.2,68,verse-reading,1,2026-09-17T09:38:15Z,M0.5.2,"What is the grammatical range of the primary term (noun, verb, adjective, participle), and what does that range show about how the characteristic operates?"
182,strong_meaning_tree,"Semantic range spans literal unemployment (Matt 20:3), habitual laziness (1Tim 5:13, Titus 1:12 per tree), metaphorical uselessness/ineffectiveness (2Pet 1:8), and by implication careless/injurious speech (Matt 12:36) — a wide arc from physical inactivity to moral and verbal carelessness.",266,182,M67,,G0692,Matt.20.3,idle,A-APM,M0.5.3,69,verse-reading,1,2026-09-17T09:38:15Z,M0.5.3,"What is the semantic range of the primary term — across what breadth of meaning does it operate, including any idiomatic, analogical, or otherwise implied meaning carried by its use in combination with other terms?"
183,strong_meaning_tree,"The term denotes a condition/state (being idle/unemployed) rather than a deliberate act, distinguishing it from the act-oriented verb G0812 (atakteō, to behave in a disorderly/idle manner) also in this cluster.",267,183,M67,,G0692,Matt.20.3,idle,A-APM,M0.5.4,70,verse-reading,1,2026-09-17T09:38:15Z,M0.5.4,"Does the vocabulary include terms distinguishing distinct aspects — disposition versus act, received versus given, condition versus quality? Record which, or none."
184,strong_meaning_tree,"G0692 itself functions as the structural opposite/absence term for the cluster's diligence vocabulary (spoudē/spoudaiōs), naming the negation of earnest active exertion.",268,184,M67,,G0692,Matt.20.3,idle,A-APM,M0.5.5,,verse-reading,1,2026-09-17T09:38:15Z,M0.5.5,"Does the vocabulary include a term for the structural opposite or absence of this characteristic? Record it, or none."
185,strong_meaning_tree,No distinct person-type noun (e.g. 'an idler') is attested separately from the adjective itself in the given data; none beyond the adjectival use describing persons.,269,185,M67,,G0692,Matt.20.3,idle,A-APM,M0.5.6,71,verse-reading,1,2026-09-17T09:38:15Z,M0.5.6,"Does the vocabulary include a person-type term — one for the person who habitually possesses or exercises this characteristic? Record it, or none."
186,strong_meaning_tree,No supplication/seeking term attested for this characteristic; none.,270,186,M67,,G0692,Matt.20.3,idle,A-APM,M0.5.7,72,verse-reading,1,2026-09-17T09:38:15Z,M0.5.7,"Does the vocabulary include a supplication or seeking term — one for the act of seeking this characteristic from another? Record it, or none."
187,strong_lexicon.lsj,"G0692 parallels the OT Hebrew negative-pole term H8220 (indolence causing structural decay), both Testaments pairing an idleness vocabulary against a diligence vocabulary; the NT extends the concept from physical/agricultural inactivity (LSJ's 'fallow land') to moral and social contexts (unemployed laborers, disorderly church members).",271,187,M67,,G0692,Matt.20.3,idle,A-APM,M0.5.8,73,verse-reading,1,2026-09-17T09:38:15Z,M0.5.8,What does the relationship between the OT Hebrew and NT Greek vocabulary show about continuity or development of the characteristic across the Testaments?
188,strong_lexicon.lsj,"No NT-period coinage; argos is attested extensively in classical Greek (Herodotus, Sophocles, etc.) per LSJ; none.",272,188,M67,,G0692,Matt.20.3,idle,A-APM,M0.5.9,74,verse-reading,1,2026-09-17T09:38:15Z,M0.5.9,"Is there a term newly coined in the NT period for this characteristic; if so, what does the coinage show? Record it, or none."
189,strong_meaning_tree,"The full arc for G0692 spans literal unemployment, habitual laziness, and metaphorical uselessness/carelessness, forming the clearest negative-pole anchor of this cluster's diligence-idleness semantic field.",273,189,M67,,G0692,Matt.20.3,idle,A-APM,M0.5.10,75,verse-reading,1,2026-09-17T09:38:15Z,M0.5.10,What does the full vocabulary arc show about the characteristic's complete semantic range?
190,strong_meaning_tree,"No role-T3 operation word in this verse is attested as acting toward a distinct party target; G0812 'idle/disorderly' (aorist 'we were not idle') describes Paul and companions' own past conduct as a self-referential state during their stay with the Thessalonians, not a directed operation upon another party.",274,190,M67,,G0812,2Thess.3.7,idle,V-AAI-1P,D7.7.1,,verse-reading,1,2026-09-17T09:38:15Z,D7.7.1,"Where this verse contains an action or movement word tagged as an Operation in the cluster's role classification (the tag is `role-T3` in `cluster.cluster_code` -- consult that tagging directly, not this question's own memory of it), what is that word's relation to the parties present -- who initiates it and toward whom or what is it directed? Record none if no such operation word is present."
191,strong_meaning_tree,"The characteristic named is 'atakteō' (to be idle, disorderly, undisciplined), signaling a breach of proper working/military order rather than mere inactivity.",275,191,M67,,G0812,2Thess.3.7,idle,V-AAI-1P,M0.1.1,,verse-reading,1,2026-09-17T09:38:15Z,M0.1.1,"What is the characteristic called in the programme, and what does the name signal about its essential nature?"
192,strong_meaning_tree,"The term at the definitional level primarily means 'to infringe military order,' extended metaphorically to 'be irregular, behave disorderly, be lazy' — showing a root sense of failing to keep an assigned rank or duty.",276,192,M67,,G0812,2Thess.3.7,idle,V-AAI-1P,M0.1.2,,verse-reading,1,2026-09-17T09:38:15Z,M0.1.2,What do the primary Hebrew and Greek terms show at the definitional level?
193,strong_meaning_tree,"It carries a relational implication of communal example — Paul denies this conduct of himself to establish a pattern for the Thessalonians to imitate, tying personal diligence to communal order.",277,193,M67,,G0812,2Thess.3.7,idle,V-AAI-1P,M0.1.3,,verse-reading,1,2026-09-17T09:38:15Z,M0.1.3,"What directional, relational, or constitutional implication does the name carry?"
194,strong_lexicon.lsj,"Primary term G0812 atakteō (verb), from a-tassō privative + military 'to arrange/order'; root meaning shows 'to be out of rank/order,' i.e., undisciplined, extended to 'neglect one's duty' or 'lead a disorderly life.'",278,194,M67,,G0812,2Thess.3.7,idle,V-AAI-1P,M0.5.1,,verse-reading,1,2026-09-17T09:38:15Z,M0.5.1,"What are the primary Hebrew and Greek terms for this characteristic, and what do their root meanings show?"
195,strong_meaning_tree,"Grammatically a verb (aorist active), showing the characteristic operates as an enacted conduct/behavior over a period, not merely a static state — distinguishing it from the adjectival G0692.",279,195,M67,,G0812,2Thess.3.7,idle,V-AAI-1P,M0.5.2,,verse-reading,1,2026-09-17T09:38:15Z,M0.5.2,"What is the grammatical range of the primary term (noun, verb, adjective, participle), and what does that range show about how the characteristic operates?"
196,strong_lexicon.lsj,"Semantic range covers military insubordination (LSJ base sense), general neglect of duty/obligation, disorderly living, and by extension idleness/laziness — showing an idiomatic breadth from military discipline-language applied to everyday and church conduct.",280,196,M67,,G0812,2Thess.3.7,idle,V-AAI-1P,M0.5.3,,verse-reading,1,2026-09-17T09:38:15Z,M0.5.3,"What is the semantic range of the primary term — across what breadth of meaning does it operate, including any idiomatic, analogical, or otherwise implied meaning carried by its use in combination with other terms?"
197,strong_meaning_tree,"As a verb of enacted conduct ('we were not idle') this distinguishes act from mere condition, complementing the state/condition sense carried by the adjective G0692.",281,197,M67,,G0812,2Thess.3.7,idle,V-AAI-1P,M0.5.4,,verse-reading,1,2026-09-17T09:38:15Z,M0.5.4,"Does the vocabulary include terms distinguishing distinct aspects — disposition versus act, received versus given, condition versus quality? Record which, or none."
198,strong_meaning_tree,"G0812 functions as a structural opposite to the cluster's diligence vocabulary (spoudē/spoudaiōs), naming the disorderly/undisciplined negation of earnest, orderly labor.",282,198,M67,,G0812,2Thess.3.7,idle,V-AAI-1P,M0.5.5,,verse-reading,1,2026-09-17T09:38:15Z,M0.5.5,"Does the vocabulary include a term for the structural opposite or absence of this characteristic? Record it, or none."
199,strong_meaning_tree,"No distinct person-type noun form is attested for this verb in the given data (though the related adjective ataktos exists elsewhere in the NT, it is not among this cluster's member strongs here); none recorded from the given data.",283,199,M67,,G0812,2Thess.3.7,idle,V-AAI-1P,M0.5.6,,verse-reading,1,2026-09-17T09:38:15Z,M0.5.6,"Does the vocabulary include a person-type term — one for the person who habitually possesses or exercises this characteristic? Record it, or none."
200,strong_meaning_tree,No supplication/seeking term attested; none.,284,200,M67,,G0812,2Thess.3.7,idle,V-AAI-1P,M0.5.7,,verse-reading,1,2026-09-17T09:38:15Z,M0.5.7,"Does the vocabulary include a supplication or seeking term — one for the act of seeking this characteristic from another? Record it, or none."
201,strong_lexicon.lsj,"G0812's military-order root sense shows the NT drawing on a distinct metaphorical domain (rank/discipline) compared to the OT's agricultural/domestic imagery (H8220's sinking hands, H6103's sloth) for expressing the same underlying opposite of diligence — indicating the NT enriches the concept with a disciplinary/communal dimension not present in the OT terms.",285,201,M67,,G0812,2Thess.3.7,idle,V-AAI-1P,M0.5.8,,verse-reading,1,2026-09-17T09:38:15Z,M0.5.8,What does the relationship between the OT Hebrew and NT Greek vocabulary show about continuity or development of the characteristic across the Testaments?
202,strong_lexicon.lsj,"No NT-period coinage; the LSJ cites 3rd century BC papyrus usage, so the term predates the NT; none.",286,202,M67,,G0812,2Thess.3.7,idle,V-AAI-1P,M0.5.9,,verse-reading,1,2026-09-17T09:38:15Z,M0.5.9,"Is there a term newly coined in the NT period for this characteristic; if so, what does the coinage show? Record it, or none."
203,strong_lexicon.lsj,"The full arc for G0812 spans military insubordination, general neglect of duty, disorderly living, and idleness/laziness — anchoring the cluster's negative pole in a discipline/order-based idiom distinct from but complementary to G0692's inactivity-based idiom.",287,203,M67,,G0812,2Thess.3.7,idle,V-AAI-1P,M0.5.10,,verse-reading,1,2026-09-17T09:38:15Z,M0.5.10,What does the full vocabulary arc show about the characteristic's complete semantic range?
