reference,position,strong,surface,negated,divine_near,text,face,face_name
Deu 19:6,16,H4194,die,0,0,"lest the avenger of blood in hot anger pursue the manslayer and overtake him, because the way is long, and strike him fatally, though the man did not deserve to die, since he had not hated his neighbor in the past.",D02,put to death under law or sentence (data)
Deu 19:11,9,H4191,dies,0,0,"“But if anyone hates his neighbor and lies in wait for him and attacks him and strikes him fatally so that he dies, and he flees into one of these cities,",D02,put to death under law or sentence (data)
Deu 24:3,12,H4191,dies,0,0,"and the latter man hates her and writes her a certificate of divorce and puts it in her hand and sends her out of his house, or if the latter man dies, who took her to be his wife,",D01,"death notices, lifespans, burial, inheritance (data)"
2Sa 19:6,18,H4191,dead,0,0,"because you love those who hate you and hate those who love you. For you have made it clear today that commanders and servants are nothing to you, for today I know that if Absalom were alive and all of us were dead today, then you would be pleased.",D10,mourning and grief at a death
Psa 9:13,7,H4194,death,0,0,"Be gracious to me, O Lord! See my affliction from those who hate me, O you who lift me up from the gates of death,",D18,delivered from death
Psa 34:21,1,H4191,slay,0,0,"Affliction will slay the wicked, and those who hate the righteous will be condemned.",D15,"the way to death: set before a person; paths, snares, the tongue (wisdom)"
Pro 8:36,6,H4194,death,0,0,but he who fails to find me injures himself; all who hate me love death.”,D15,"the way to death: set before a person; paths, snares, the tongue (wisdom)"
Pro 15:10,6,H4191,die,0,0,There is severe discipline for him who forsakes the way; whoever hates reproof will die.,D15,"the way to death: set before a person; paths, snares, the tongue (wisdom)"
Rev 21:8,26,G2288,death,0,0,"But as for the cowardly, the faithless, the detestable, as for murderers, the sexually immoral, sorcerers, idolaters, and all liars, their portion will be in the lake that burns with fire and sulfur, which is the second death.”",D20,the second death; judgement beyond death
Exo 7:18,2,H4191,die,0,0,"The fish in the Nile shall die, and the Nile will stink, and the Egyptians will grow weary of drinking water from the Nile.”’”",D27,"not the inner being: animals, plants, objects, idiom"
Exo 7:21,2,H4191,died,0,0,"And the fish in the Nile died, and the Nile stank, so that the Egyptians could not drink water from the Nile. There was blood throughout all the land of Egypt.",D27,"not the inner being: animals, plants, objects, idiom"
Ecc 10:1,0,H4194,Dead,0,0,Dead flies make the perfumer’s ointment give off a stench; so a little folly outweighs wisdom and honor.,D27,"not the inner being: animals, plants, objects, idiom"
Isa 50:2,28,H4191,die,0,0,"Why, when I came, was there no man; why, when I called, was there no one to answer? Is my hand shortened, that it cannot redeem? Or have I no power to deliver? Behold, by my rebuke I dry up the sea, I make the rivers a desert; their fish stink for lack of water and die of thirst.",D27,"not the inner being: animals, plants, objects, idiom"
Lev 20:13,8,H4191,surely,0,0,"If a man lies with a male as with a woman, both of them have committed an abomination; they shall surely be put to death; their blood is upon them.",D02,put to death under law or sentence (data)
Lev 20:13,9,H4191,put to death,0,0,"If a man lies with a male as with a woman, both of them have committed an abomination; they shall surely be put to death; their blood is upon them.",D02,put to death under law or sentence (data)
Eze 18:13,11,H4191,surely,0,0,"lends at interest, and takes profit; shall he then live? He shall not live. He has done all these abominations; he shall surely die; his blood shall be upon himself.",D14,death and sin
Eze 18:13,12,H4191,die,0,0,"lends at interest, and takes profit; shall he then live? He shall not live. He has done all these abominations; he shall surely die; his blood shall be upon himself.",D14,death and sin
Eze 18:24,24,H4191,die,0,0,"But when a righteous person turns away from his righteousness and does injustice and does the same abominations that the wicked person does, shall he live? None of the righteous deeds that he has done shall be remembered; for the treachery of which he is guilty and the sin he has committed, for them he shall die.",D16,turn and do not die: God's will for life; the watchman (Ezekiel)
Psa 107:18,6,H4194,death,0,0,"they loathed any kind of food, and they drew near to the gates of death.",D06,"dying of hunger, thirst, sickness or danger"
Act 2:24,5,G2288,death,0,1,"God raised him up, loosing the pangs of death, because it was not possible for him to be held by it.",D21,Christ's death
2Sa 1:9,4,H4191,kill,0,0,"And he said to me, ‘ Stand beside me and kill me, for anguish has seized me, and yet my life still lingers.’",D12,wanting to die; wishing one had died
2Ch 21:19,10,H4191,died,0,0,"In the course of time, at the end of two years, his bowels came out because of the disease, and he died in great agony. His people made no fire in his honor, like the fires made for his fathers.",D04,"struck down by God; death as his judgement (sword, famine, pestilence)"
Jer 16:4,0,H4191,die,0,0,"They shall die of deadly diseases. They shall not be lamented, nor shall they be buried. They shall be as dung on the surface of the ground. They shall perish by the sword and by famine, and their dead bodies shall be food for the birds of the air and for the beasts of the earth.",D04,"struck down by God; death as his judgement (sword, famine, pestilence)"
2Sa 6:7,7,H4191,died,0,1,"And the anger of the Lord was kindled against Uzzah, and God struck him down there because of his error, and he died there beside the ark of God.",D04,"struck down by God; death as his judgement (sword, famine, pestilence)"
2Sa 12:5,14,H4194,die,0,0,"Then David’s anger was greatly kindled against the man, and he said to Nathan, “As the Lord lives, the man who has done this deserves to die,",D02,put to death under law or sentence (data)
1Ch 13:10,9,H4191,died,0,1,"And the anger of the Lord was kindled against Uzzah, and he struck him down because he put out his hand to the ark, and he died there before God.",D04,"struck down by God; death as his judgement (sword, famine, pestilence)"
Psa 78:50,7,H4194,death,0,0,"He made a path for his anger; he did not spare them from death, but gave their lives over to the plague.",D04,"struck down by God; death as his judgement (sword, famine, pestilence)"
Jer 18:23,5,H4194,kill,0,1,"Yet you, O Lord, know all their plotting to kill me. Forgive not their iniquity, nor blot out their sin from your sight. Let them be overthrown before you; deal with them in the time of your anger.",D03,"killed or spared by people: murder, war, plots, execution, suicide (data; cf. unit 1 face C)"
Gen 7:22,6,H4191,died,0,0,Everything on the dry land in whose nostrils was the breath of life died.,D08,"what death is: the common lot, the day of death, gathered to one's people"
Pro 16:14,3,H4194,death,0,0,"A king’s wrath is a messenger of death, and a wise man will appease it.",D15,"the way to death: set before a person; paths, snares, the tongue (wisdom)"
Eze 6:12,1,H4191,die,0,0,"He who is far off shall die of pestilence, and he who is near shall fall by the sword, and he who is left and is preserved shall die of famine. Thus I will spend my fury upon them.",D04,"struck down by God; death as his judgement (sword, famine, pestilence)"
Eze 6:12,8,H4191,die,0,0,"He who is far off shall die of pestilence, and he who is near shall fall by the sword, and he who is left and is preserved shall die of famine. Thus I will spend my fury upon them.",D04,"struck down by God; death as his judgement (sword, famine, pestilence)"
Jon 4:9,10,H4194,die,0,0,"But God said to Jonah, “Do you do well to be angry for the plant?” And he said, “Yes, I do well to be angry, angry enough to die.”",D12,wanting to die; wishing one had died
Deu 31:29,3,H4194,death,0,0,"For I know that after my death you will surely act corruptly and turn aside from the way that I have commanded you. And in the days to come evil will befall you, because you will do what is evil in the sight of the Lord, provoking him to anger through the work of your hands.”",D07,"before I die: last words, blessing, wishes"
Job 5:2,5,H4191,slays,0,0,"Surely vexation kills the fool, and jealousy slays the simple.",D15,"the way to death: set before a person; paths, snares, the tongue (wisdom)"
2Sa 12:14,7,H4191,you shall,0,1,"Nevertheless, because by this deed you have utterly scorned the Lord, the child who is born to you shall die.”",D04,"struck down by God; death as his judgement (sword, famine, pestilence)"
2Sa 12:14,8,H4191,die,0,1,"Nevertheless, because by this deed you have utterly scorned the Lord, the child who is born to you shall die.”",D04,"struck down by God; death as his judgement (sword, famine, pestilence)"
Pro 11:4,7,H4194,death,0,0,"Riches do not profit in the day of wrath, but righteousness delivers from death.",D15,"the way to death: set before a person; paths, snares, the tongue (wisdom)"
Lev 10:6,12,H4191,die,0,0,"And Moses said to Aaron and to Eleazar and Ithamar his sons, “Do not let the hair of your heads hang loose, and do not tear your clothes, lest you die, and wrath come upon all the congregation; but let your brothers, the whole house of Israel, bewail the burning that the Lord has kindled.",D05,"near the holy: ""lest you die""; seeing or hearing God (cf. unit 1 face Q)"
Rev 2:10,23,G2288,death,0,0,"Do not fear what you are about to suffer. Behold, the devil is about to throw some of you into prison, that you may be tested, and for ten days you will have tribulation. Be faithful unto death, and I will give you the crown of life.",D13,ready to die for or with another
Rev 21:4,8,G2288,death,0,0,"He will wipe away every tear from their eyes, and death shall be no more, neither shall there be mourning, nor crying, nor pain anymore, for the former things have passed away.”",D19,life beyond death: never die; death ended
Psa 55:4,4,H4194,death,0,0,My heart is in anguish within me; the terrors of death have fallen upon me.,D11,fear and anguish facing death
Judg 3:25,13,H4191,dead,0,1,"And they waited till they were embarrassed. But when he still did not open the doors of the roof chamber, they took the key and opened them, and there lay their lord dead on the floor.",D03,"killed or spared by people: murder, war, plots, execution, suicide (data; cf. unit 1 face C)"
Gen 42:38,6,H4191,dead,0,0,"But he said, “My son shall not go down with you, for his brother is dead, and he is the only one left. If harm should happen to him on the journey that you are to make, you would bring down my gray hairs with sorrow to Sheol.”",D10,mourning and grief at a death
Gen 44:31,5,H4191,die,0,0,"as soon as he sees that the boy is not with us, he will die, and your servants will bring down the gray hairs of your servant our father with sorrow to Sheol.",D10,mourning and grief at a death
Psa 116:3,1,H4194,death,0,0,The snares of death encompassed me; the pangs of Sheol laid hold on me; I suffered distress and anguish.,D17,"death as a power, realm or enemy"
1Sa 15:32,14,H4194,death,0,0,"Then Samuel said, “Bring here to me Agag the king of the Amalekites.” And Agag came to him cheerfully. Agag said, “ Surely the bitterness of death is past.”",D11,fear and anguish facing death
Job 21:25,0,H4191,dies,0,0,"Another dies in bitterness of soul, never having tasted of prosperity.",D08,"what death is: the common lot, the day of death, gathered to one's people"
Ecc 7:26,4,H4194,death,0,0,"And I find something more bitter than death: the woman whose heart is snares and nets, and whose hands are fetters. He who pleases God escapes her, but the sinner is taken by her.",D15,"the way to death: set before a person; paths, snares, the tongue (wisdom)"
1Sa 4:19,13,H4191,dead,0,1,"Now his daughter-in-law, the wife of Phinehas, was pregnant, about to give birth. And when she heard the news that the ark of God was captured, and that her father-in-law and her husband were dead, she bowed and gave birth, for her pains came upon her.",D01,"death notices, lifespans, burial, inheritance (data)"
Lam 1:20,17,H4194,death,0,0,"“ Look, O Lord, for I am in distress; my stomach churns; my heart is wrung within me, because I have been very rebellious. In the street the sword bereaves; in the house it is like death.",D11,fear and anguish facing death
Gen 19:19,17,H4191,die,0,0,"Behold, your servant has found favor in your sight, and you have shown me great kindness in saving my life. But I cannot escape to the hills, lest the disaster overtake me and I die.",D11,fear and anguish facing death
Num 35:23,4,H4191,death,0,0,"or used a stone that could cause death, and without seeing him dropped it on him, so that he died, though he was not his enemy and did not seek his harm,",D02,put to death under law or sentence (data)
Num 35:23,9,H4191,died,0,0,"or used a stone that could cause death, and without seeing him dropped it on him, so that he died, though he was not his enemy and did not seek his harm,",D02,put to death under law or sentence (data)
2Sa 12:18,3,H4191,died,0,0,"On the seventh day the child died. And the servants of David were afraid to tell him that the child was dead, for they said, “ Behold, while the child was yet alive, we spoke to him, and he did not listen to us. How then can we say to him the child is dead? He may do himself some harm.”",D10,mourning and grief at a death
2Sa 12:18,9,H4191,dead,0,0,"On the seventh day the child died. And the servants of David were afraid to tell him that the child was dead, for they said, “ Behold, while the child was yet alive, we spoke to him, and he did not listen to us. How then can we say to him the child is dead? He may do himself some harm.”",D10,mourning and grief at a death
2Sa 12:18,21,H4191,dead,0,0,"On the seventh day the child died. And the servants of David were afraid to tell him that the child was dead, for they said, “ Behold, while the child was yet alive, we spoke to him, and he did not listen to us. How then can we say to him the child is dead? He may do himself some harm.”",D10,mourning and grief at a death
Jer 26:19,5,H4191,put him,0,1,"Did Hezekiah king of Judah and all Judah put him to death? Did he not fear the Lord and entreat the favor of the Lord, and did not the Lord relent of the disaster that he had pronounced against them? But we are about to bring great disaster upon ourselves.”",D03,"killed or spared by people: murder, war, plots, execution, suicide (data; cf. unit 1 face C)"
Jer 26:19,6,H4191,death,0,1,"Did Hezekiah king of Judah and all Judah put him to death? Did he not fear the Lord and entreat the favor of the Lord, and did not the Lord relent of the disaster that he had pronounced against them? But we are about to bring great disaster upon ourselves.”",D03,"killed or spared by people: murder, war, plots, execution, suicide (data; cf. unit 1 face C)"
Jer 38:4,6,H4191,death,0,0,"Then the officials said to the king, “ Let this man be put to death, for he is weakening the hands of the soldiers who are left in this city, and the hands of all the people, by speaking such words to them. For this man is not seeking the welfare of this people, but their harm.”",D03,"killed or spared by people: murder, war, plots, execution, suicide (data; cf. unit 1 face C)"
Jer 42:17,9,H4191,die,0,0,"All the men who set their faces to go to Egypt to live there shall die by the sword, by famine, and by pestilence. They shall have no remnant or survivor from the disaster that I will bring upon them.",D04,"struck down by God; death as his judgement (sword, famine, pestilence)"
Amo 9:10,3,H4191,die,0,0,"All the sinners of my people shall die by the sword, who say, ‘ Disaster shall not overtake or meet us.’",D04,"struck down by God; death as his judgement (sword, famine, pestilence)"
Luk 2:26,9,G2288,death,1,1,And it had been revealed to him by the Holy Spirit that he would not see death before he had seen the Lord’s Christ.,D08,"what death is: the common lot, the day of death, gathered to one's people"
Act 2:31,15,G1312,corruption,0,0,"he foresaw and spoke about the resurrection of the Christ, that he was not abandoned to Hades, nor did his flesh see corruption.",D28,corruption: the body seeing decay (Q4 link)
Rom 5:6,7,G0599,died,0,1,"For while we were still weak, at the right time Christ died for the ungodly.",D21,Christ's death
Rom 5:8,13,G0599,died,0,1,"but God shows his love for us in that while we were still sinners, Christ died for us.",D21,Christ's death
Rom 5:15,8,G0599,died,0,1,"But the free gift is not like the trespass. For if many died through one man’s trespass, much more have the grace of God and the free gift by the grace of that one man Jesus Christ abounded for many.",D14,death and sin
Rom 5:17,4,G2288,death,0,0,"For if, because of one man’s trespass, death reigned through that one man, much more will those who receive the abundance of grace and the free gift of righteousness reign in life through the one man Jesus Christ.",D14,death and sin
Rom 5:21,5,G2288,death,0,0,"so that, as sin reigned in death, grace also might reign through righteousness leading to eternal life through Jesus Christ our Lord.",D14,death and sin
Rom 6:3,10,G2288,death,0,1,Do you not know that all of us who have been baptized into Christ Jesus were baptized into his death?,D22,died with Christ; dying to sin and the law; put to death what is earthly
Rom 6:4,6,G2288,death,0,1,"We were buried therefore with him by baptism into death, in order that, just as Christ was raised from the dead by the glory of the Father, we too might walk in newness of life.",D22,died with Christ; dying to sin and the law; put to death what is earthly
Rom 6:8,2,G0599,died,0,1,"Now if we have died with Christ, we believe that we will also live with him.",D22,died with Christ; dying to sin and the law; put to death what is earthly
Rom 6:9,7,G0599,die,1,1,"We know that Christ, being raised from the dead, will never die again; death no longer has dominion over him.",D21,Christ's death
Rom 6:9,8,G2288,death,1,0,"We know that Christ, being raised from the dead, will never die again; death no longer has dominion over him.",D21,Christ's death
Rom 6:23,3,G2288,death,0,1,"For the wages of sin is death, but the free gift of God is eternal life in Christ Jesus our Lord.",D14,death and sin
Rom 8:2,13,G2288,death,0,1,For the law of the Spirit of life has set you free in Christ Jesus from the law of sin and death.,D14,death and sin
Rom 8:34,3,G0599,died,0,1,"Who is to condemn? Christ Jesus is the one who died — more than that, who was raised — who is at the right hand of God, who indeed is interceding for us.",D21,Christ's death
Rom 14:9,4,G0599,died,0,1,"For to this end Christ died and lived again, that he might be Lord both of the dead and of the living.",D25,living and dying to the Lord; the death of the upright
Rom 14:15,19,G0599,died,0,1,"For if your brother is grieved by what you eat, you are no longer walking in love. By what you eat, do not destroy the one for whom Christ died.",D21,Christ's death
1Cor 8:11,10,G0599,died,0,1,"And so by your knowledge this weak person is destroyed, the brother for whom Christ died.",D21,Christ's death
1Cor 15:3,10,G0599,died,0,1,"For I delivered to you as of first importance what I also received: that Christ died for our sins in accordance with the Scriptures,",D21,Christ's death
1Cor 15:22,5,G0599,die,0,1,"For as in Adam all die, so also in Christ shall all be made alive.",D08,"what death is: the common lot, the day of death, gathered to one's people"
1Cor 15:31,11,G0599,die,0,1,"I protest, brothers, by my pride in you, which I have in Christ Jesus our Lord, I die every day!",D25,living and dying to the Lord; the death of the upright
2Cor 5:14,9,G0599,died,0,0,"For the love of Christ controls us, because we have concluded this: that one has died for all, therefore all have died;",D21,Christ's death
2Cor 5:14,14,G0599,died,0,0,"For the love of Christ controls us, because we have concluded this: that one has died for all, therefore all have died;",D22,died with Christ; dying to sin and the law; put to death what is earthly
2Cor 11:23,18,G2288,death,0,0,"Are they servants of Christ? I am a better one—I am talking like a madman — with far greater labors, far more imprisonments, with countless beatings, and often near death.",D06,"dying of hunger, thirst, sickness or danger"
Gal 2:21,11,G0599,died,0,1,"I do not nullify the grace of God, for if righteousness were through the law, then Christ died for no purpose.",D21,Christ's death
Phili 1:20,25,G2288,death,0,0,"as it is my eager expectation and hope that I will not be at all ashamed, but that with full courage now as always Christ will be honored in my body, whether by life or by death.",D25,living and dying to the Lord; the death of the upright
Phili 1:21,5,G0599,die,0,1,"For to me to live is Christ, and to die is gain.",D25,living and dying to the Lord; the death of the upright
Phili 2:30,2,G2288,died,0,1,"for he nearly died for the work of Christ, risking his life to complete what was lacking in your service to me.",D13,ready to die for or with another
Col 2:20,3,G0599,died,0,1,"If with Christ you died to the elemental spirits of the world, why, as if you were still alive in the world, do you submit to regulations —",D22,died with Christ; dying to sin and the law; put to death what is earthly
Col 3:3,1,G0599,died,0,0,"For you have died, and your life is hidden with Christ in God.",D22,died with Christ; dying to sin and the law; put to death what is earthly
2Ti 1:10,11,G2288,death,0,1,"and which now has been manifested through the appearing of our Savior Christ Jesus, who abolished death and brought life and immortality to light through the gospel,",D19,life beyond death: never die; death ended
Rev 20:6,10,G2288,death,0,0,"Blessed and holy is the one who shares in the first resurrection! Over such the second death has no power, but they will be priests of God and of Christ, and they will reign with him for a thousand years.",D20,the second death; judgement beyond death
1Ki 22:35,10,H4191,died,0,0,"And the battle continued that day, and the king was propped up in his chariot facing the Syrians, until at evening he died. And the blood of the wound flowed into the bottom of the chariot.",D01,"death notices, lifespans, burial, inheritance (data)"
2Ki 4:40,10,H4194,death,0,1,"And they poured out some for the men to eat. But while they were eating of the stew, they cried out, “O man of God, there is death in the pot!” And they could not eat it.",D06,"dying of hunger, thirst, sickness or danger"
Num 35:25,15,H4194,death,0,0,"And the congregation shall rescue the manslayer from the hand of the avenger of blood, and the congregation shall restore him to his city of refuge to which he had fled, and he shall live in it until the death of the high priest who was anointed with the holy oil.",D01,"death notices, lifespans, burial, inheritance (data)"
2Sa 2:7,7,H4191,dead,0,1,"Now therefore let your hands be strong, and be valiant, for Saul your lord is dead, and the house of Judah has anointed me king over them.”",D01,"death notices, lifespans, burial, inheritance (data)"
2Sa 19:10,4,H4191,dead,0,0,"But Absalom, whom we anointed over us, is dead in battle. Now therefore why do you say nothing about bringing the king back?”",D01,"death notices, lifespans, burial, inheritance (data)"
2Ki 23:30,1,H4191,dead,0,0,"And his servants carried him dead in a chariot from Megiddo and brought him to Jerusalem and buried him in his own tomb. And the people of the land took Jehoahaz the son of Josiah, and anointed him, and made him king in his father’s place.",D03,"killed or spared by people: murder, war, plots, execution, suicide (data; cf. unit 1 face C)"
Lev 10:7,5,H4191,die,0,1,"And do not go outside the entrance of the tent of meeting, lest you die, for the anointing oil of the Lord is upon you.” And they did according to the word of Moses.",D05,"near the holy: ""lest you die""; seeing or hearing God (cf. unit 1 face Q)"
1Sa 26:16,9,H4194,die,0,1,"This thing that you have done is not good. As the Lord lives, you deserve to die, because you have not kept watch over your lord, the Lord’s anointed. And now see where the king’s spear is and the jar of water that was at his head.”",D02,put to death under law or sentence (data)
2Sa 1:16,9,H4191,killed,0,1,"And David said to him, “Your blood be on your head, for your own mouth has testified against you, saying, ‘ I have killed the Lord’s anointed.’”",D03,"killed or spared by people: murder, war, plots, execution, suicide (data; cf. unit 1 face C)"
2Sa 19:21,6,H4191,put to death,1,1,"Abishai the son of Zeruiah answered, “Shall not Shimei be put to death for this, because he cursed the Lord’s anointed?”",D03,"killed or spared by people: murder, war, plots, execution, suicide (data; cf. unit 1 face C)"
2Sa 14:2,21,H4191,dead,0,0,"And Joab sent to Tekoa and brought from there a wise woman and said to her, “Pretend to be a mourner and put on mourning garments. Do not anoint yourself with oil, but behave like a woman who has been mourning many days for the dead.",D10,mourning and grief at a death
1Ki 17:12,22,H4191,die,0,0,"And she said, “As the Lord your God lives, I have nothing baked, only a handful of flour in a jar and a little oil in a jug. And now I am gathering a couple of sticks that I may go in and prepare it for myself and my son, that we may eat it and die.”",D06,"dying of hunger, thirst, sickness or danger"
Ecc 7:1,5,H4194,death,0,0,"A good name is better than precious ointment, and the day of death than the day of birth.",D08,"what death is: the common lot, the day of death, gathered to one's people"
Jer 41:8,7,H4191,death,1,0,"But there were ten men among them who said to Ishmael, “Do not put us to death, for we have stores of wheat, barley, oil, and honey hidden in the fields.” So he refrained and did not put them to death with their companions.",D03,"killed or spared by people: murder, war, plots, execution, suicide (data; cf. unit 1 face C)"
Jer 41:8,18,H4191,death,1,0,"But there were ten men among them who said to Ishmael, “Do not put us to death, for we have stores of wheat, barley, oil, and honey hidden in the fields.” So he refrained and did not put them to death with their companions.",D03,"killed or spared by people: murder, war, plots, execution, suicide (data; cf. unit 1 face C)"
Jer 42:16,16,H4191,die,0,0,"then the sword that you fear shall overtake you there in the land of Egypt, and the famine of which you are afraid shall follow close after you to Egypt, and there you shall die.",D04,"struck down by God; death as his judgement (sword, famine, pestilence)"
Gen 5:5,6,H4191,died,0,0,"Thus all the days that Adam lived were 930 years, and he died.",D01,"death notices, lifespans, burial, inheritance (data)"
Gen 20:7,13,H4191,surely,0,0,"Now then, return the man’s wife, for he is a prophet, so that he will pray for you, and you shall live. But if you do not return her, know that you shall surely die, you and all who are yours.”",D04,"struck down by God; death as his judgement (sword, famine, pestilence)"
Gen 20:7,14,H4191,die,0,0,"Now then, return the man’s wife, for he is a prophet, so that he will pray for you, and you shall live. But if you do not return her, know that you shall surely die, you and all who are yours.”",D04,"struck down by God; death as his judgement (sword, famine, pestilence)"
Gen 42:2,11,H4191,die,1,0,"And he said, “ Behold, I have heard that there is grain for sale in Egypt. Go down and buy grain for us there, that we may live and not die.”",D06,"dying of hunger, thirst, sickness or danger"
Gen 43:8,12,H4191,die,1,0,"And Judah said to Israel his father, “ Send the boy with me, and we will arise and go, that we may live and not die, both we and you and also our little ones.",D06,"dying of hunger, thirst, sickness or danger"
Gen 47:19,1,H4191,die,0,0,"Why should we die before your eyes, both we and our land? Buy us and our land for food, and we with our land will be servants to Pharaoh. And give us seed that we may live and not die, and that the land may not be desolate.”",D06,"dying of hunger, thirst, sickness or danger"
Gen 47:19,17,H4191,die,1,0,"Why should we die before your eyes, both we and our land? Buy us and our land for food, and we with our land will be servants to Pharaoh. And give us seed that we may live and not die, and that the land may not be desolate.”",D06,"dying of hunger, thirst, sickness or danger"
Exo 1:16,7,H4191,kill,0,0,"“ When you serve as midwife to the Hebrew women and see them on the birthstool, if it is a son, you shall kill him, but if it is a daughter, she shall live.”",D03,"killed or spared by people: murder, war, plots, execution, suicide (data; cf. unit 1 face C)"
Num 4:19,4,H4191,die,1,0,"but deal thus with them, that they may live and not die when they come near to the most holy things: Aaron and his sons shall go in and appoint them each to his task and to his burden,",D05,"near the holy: ""lest you die""; seeing or hearing God (cf. unit 1 face Q)"
Deu 19:5,18,H4191,dies,0,0,"as when someone goes into the forest with his neighbor to cut wood, and his hand swings the axe to cut down a tree, and the head slips from the handle and strikes his neighbor so that he dies — he may flee to one of these cities and live,",D02,put to death under law or sentence (data)
Deu 30:19,7,H4194,death,0,0,"I call heaven and earth to witness against you today, that I have set before you life and death, blessing and curse. Therefore choose life, that you and your offspring may live,",D15,"the way to death: set before a person; paths, snares, the tongue (wisdom)"
Deu 32:39,7,H4191,kill,0,1,"“‘ See now that I, even I, am he, and there is no god beside me; I kill and I make alive; I wound and I heal; and there is none that can deliver out of my hand.",D04,"struck down by God; death as his judgement (sword, famine, pestilence)"
Deu 33:6,3,H4191,die,1,0,"“Let Reuben live, and not die, but let his men be few.”",D07,"before I die: last words, blessing, wishes"
Jos 2:13,9,H4194,death,0,0,"that you will save alive my father and mother, my brothers and sisters, and all who belong to them, and deliver our lives from death.”",D03,"killed or spared by people: murder, war, plots, execution, suicide (data; cf. unit 1 face C)"
1Sa 2:6,1,H4191,kills,0,1,The Lord kills and brings to life; he brings down to Sheol and raises up.,D04,"struck down by God; death as his judgement (sword, famine, pestilence)"
2Sa 1:10,2,H4191,killed,0,0,"So I stood beside him and killed him, because I was sure that he could not live after he had fallen. And I took the crown that was on his head and the armlet that was on his arm, and I have brought them here to my lord.”",D03,"killed or spared by people: murder, war, plots, execution, suicide (data; cf. unit 1 face C)"
2Sa 8:2,9,H4191,put to death,0,0,"And he defeated Moab and he measured them with a line, making them lie down on the ground. Two lines he measured to be put to death, and one full line to be spared. And the Moabites became servants to David and brought tribute.",D03,"killed or spared by people: murder, war, plots, execution, suicide (data; cf. unit 1 face C)"
2Ki 5:7,9,H4191,kill,0,1,"And when the king of Israel read the letter, he tore his clothes and said, “Am I God, to kill and to make alive, that this man sends word to me to cure a man of his leprosy? Only consider, and see how he is seeking a quarrel with me.”",D04,"struck down by God; death as his judgement (sword, famine, pestilence)"
2Ki 7:4,6,H4191,die,0,0,"If we say, ‘Let us enter the city,’ the famine is in the city, and we shall die there. And if we sit here, we die also. So now come, let us go over to the camp of the Syrians. If they spare our lives we shall live, and if they kill us we shall but die.”",D06,"dying of hunger, thirst, sickness or danger"
2Ki 7:4,11,H4191,die,0,0,"If we say, ‘Let us enter the city,’ the famine is in the city, and we shall die there. And if we sit here, we die also. So now come, let us go over to the camp of the Syrians. If they spare our lives we shall live, and if they kill us we shall but die.”",D06,"dying of hunger, thirst, sickness or danger"
2Ki 7:4,22,H4191,kill,0,0,"If we say, ‘Let us enter the city,’ the famine is in the city, and we shall die there. And if we sit here, we die also. So now come, let us go over to the camp of the Syrians. If they spare our lives we shall live, and if they kill us we shall but die.”",D06,"dying of hunger, thirst, sickness or danger"
2Ki 7:4,23,H4191,die,0,0,"If we say, ‘Let us enter the city,’ the famine is in the city, and we shall die there. And if we sit here, we die also. So now come, let us go over to the camp of the Syrians. If they spare our lives we shall live, and if they kill us we shall but die.”",D06,"dying of hunger, thirst, sickness or danger"
2Ki 8:5,4,H4191,dead,0,0,"And while he was telling the king how Elisha had restored the dead to life, behold, the woman whose son he had restored to life appealed to the king for her house and her land. And Gehazi said, “My lord, O king, here is the woman, and here is her son whom Elisha restored to life.”",D09,"the dead: praise, inquiry, sleep, going to them"
2Ki 8:10,8,H4191,certainly,0,1,"And Elisha said to him, “ Go, say to him, ‘You shall certainly recover,’ but the Lord has shown me that he shall certainly die.”",D04,"struck down by God; death as his judgement (sword, famine, pestilence)"
2Ki 8:10,9,H4191,die,0,1,"And Elisha said to him, “ Go, say to him, ‘You shall certainly recover,’ but the Lord has shown me that he shall certainly die.”",D04,"struck down by God; death as his judgement (sword, famine, pestilence)"
2Ki 14:17,9,H4194,death,0,0,"Amaziah the son of Joash, king of Judah, lived fifteen years after the death of Jehoash son of Jehoahaz, king of Israel.",D01,"death notices, lifespans, burial, inheritance (data)"
2Ki 18:32,18,H4191,die,1,0,"until I come and take you away to a land like your own land, a land of grain and wine, a land of bread and vineyards, a land of olive trees and honey, that you may live, and not die. And do not listen to Hezekiah when he misleads you by saying, “The Lord will deliver us.”",D06,"dying of hunger, thirst, sickness or danger"
2Ki 20:1,4,H4191,death,0,0,"In those days Hezekiah became sick and was at the point of death. And Isaiah the prophet the son of Amoz came to him and said to him, “ Thus says the Lord, ‘ Set your house in order, for you shall die; you shall not recover.’”",D06,"dying of hunger, thirst, sickness or danger"
2Ki 20:1,17,H4191,die,0,1,"In those days Hezekiah became sick and was at the point of death. And Isaiah the prophet the son of Amoz came to him and said to him, “ Thus says the Lord, ‘ Set your house in order, for you shall die; you shall not recover.’”",D06,"dying of hunger, thirst, sickness or danger"
2Ch 25:25,9,H4194,death,0,0,"Amaziah the son of Joash, king of Judah, lived fifteen years after the death of Joash the son of Jehoahaz, king of Israel.",D01,"death notices, lifespans, burial, inheritance (data)"
Est 4:11,19,H4191,put to death,0,0,"“ All the king’s servants and the people of the king’s provinces know that if any man or woman goes to the king inside the inner court without being called, there is but one law —to be put to death, except the one to whom the king holds out the golden scepter so that he may live. But as for me, I have not been called to come in to the king these thirty days.”",D02,put to death under law or sentence (data)
Job 14:14,2,H4191,dies,0,0,"If a man dies, shall he live again? All the days of my service I would wait, till my renewal should come.",D08,"what death is: the common lot, the day of death, gathered to one's people"
Psa 33:19,4,H4194,death,0,0,that he may deliver their soul from death and keep them alive in famine.,D18,delivered from death
Psa 89:48,5,H4194,death,1,0,What man can live and never see death? Who can deliver his soul from the power of Sheol? Selah,D08,"what death is: the common lot, the day of death, gathered to one's people"
Psa 118:17,1,H4191,die,1,0,"I shall not die, but I shall live, and recount the deeds of the Lord.",D18,delivered from death
Isa 26:14,0,H4191,dead,0,0,"They are dead, they will not live; they are shades, they will not arise; to that end you have visited them with destruction and wiped out all remembrance of them.",D09,"the dead: praise, inquiry, sleep, going to them"
Isa 26:19,0,H4191,dead,0,0,"Your dead shall live; their bodies shall rise. You who dwell in the dust, awake and sing for joy! For your dew is a dew of light, and the earth will give birth to the dead.",D19,life beyond death: never die; death ended
Isa 38:1,4,H4191,death,0,0,"In those days Hezekiah became sick and was at the point of death. And Isaiah the prophet the son of Amoz came to him, and said to him, “ Thus says the Lord: Set your house in order, for you shall die, you shall not recover.”",D06,"dying of hunger, thirst, sickness or danger"
Isa 38:1,18,H4191,die,0,1,"In those days Hezekiah became sick and was at the point of death. And Isaiah the prophet the son of Amoz came to him, and said to him, “ Thus says the Lord: Set your house in order, for you shall die, you shall not recover.”",D06,"dying of hunger, thirst, sickness or danger"
Jer 21:9,3,H4191,die,0,0,"He who stays in this city shall die by the sword, by famine, and by pestilence, but he who goes out and surrenders to the Chaldeans who are besieging you shall live and shall have his life as a prize of war.",D04,"struck down by God; death as his judgement (sword, famine, pestilence)"
Jer 38:2,6,H4191,die,0,1,"“ Thus says the Lord: He who stays in this city shall die by the sword, by famine, and by pestilence, but he who goes out to the Chaldeans shall live. He shall have his life as a prize of war, and live.",D04,"struck down by God; death as his judgement (sword, famine, pestilence)"
Eze 3:18,2,H4191,surely,0,0,"If I say to the wicked, ‘You shall surely die,’ and you give him no warning, nor speak to warn the wicked from his wicked way, in order to save his life, that wicked person shall die for his iniquity, but his blood I will require at your hand.",D16,turn and do not die: God's will for life; the watchman (Ezekiel)
Eze 3:18,3,H4191,die,0,0,"If I say to the wicked, ‘You shall surely die,’ and you give him no warning, nor speak to warn the wicked from his wicked way, in order to save his life, that wicked person shall die for his iniquity, but his blood I will require at your hand.",D16,turn and do not die: God's will for life; the watchman (Ezekiel)
Eze 3:18,15,H4191,die,0,0,"If I say to the wicked, ‘You shall surely die,’ and you give him no warning, nor speak to warn the wicked from his wicked way, in order to save his life, that wicked person shall die for his iniquity, but his blood I will require at your hand.",D16,turn and do not die: God's will for life; the watchman (Ezekiel)
Eze 13:19,7,H4191,death,0,0,"You have profaned me among my people for handfuls of barley and for pieces of bread, putting to death souls who should not die and keeping alive souls who should not live, by your lying to my people, who listen to lies.",D15,"the way to death: set before a person; paths, snares, the tongue (wisdom)"
Eze 13:19,11,H4191,die,1,0,"You have profaned me among my people for handfuls of barley and for pieces of bread, putting to death souls who should not die and keeping alive souls who should not live, by your lying to my people, who listen to lies.",D15,"the way to death: set before a person; paths, snares, the tongue (wisdom)"
Eze 18:17,14,H4191,die,1,0,"withholds his hand from iniquity, takes no interest or profit, obeys my rules, and walks in my statutes; he shall not die for his father’s iniquity; he shall surely live.",D14,death and sin
Eze 18:21,17,H4191,die,1,0,"“But if a wicked person turns away from all his sins that he has committed and keeps all my statutes and does what is just and right, he shall surely live; he shall not die.",D16,turn and do not die: God's will for life; the watchman (Ezekiel)
Eze 18:23,2,H4194,death,0,1,"Have I any pleasure in the death of the wicked, declares the Lord God, and not rather that he should turn from his way and live?",D16,turn and do not die: God's will for life; the watchman (Ezekiel)
Eze 18:28,10,H4191,die,1,0,"Because he considered and turned away from all the transgressions that he had committed, he shall surely live; he shall not die.",D16,turn and do not die: God's will for life; the watchman (Ezekiel)
Eze 18:32,3,H4194,death,1,1,"For I have no pleasure in the death of anyone, declares the Lord God; so turn, and live.”",D16,turn and do not die: God's will for life; the watchman (Ezekiel)
Eze 18:32,4,H4191,anyone,0,1,"For I have no pleasure in the death of anyone, declares the Lord God; so turn, and live.”",D16,turn and do not die: God's will for life; the watchman (Ezekiel)
Eze 33:11,8,H4194,death,0,1,"Say to them, As I live, declares the Lord God, I have no pleasure in the death of the wicked, but that the wicked turn from his way and live; turn back, turn back from your evil ways, for why will you die, O house of Israel?",D16,turn and do not die: God's will for life; the watchman (Ezekiel)
Eze 33:11,22,H4191,die,0,0,"Say to them, As I live, declares the Lord God, I have no pleasure in the death of the wicked, but that the wicked turn from his way and live; turn back, turn back from your evil ways, for why will you die, O house of Israel?",D16,turn and do not die: God's will for life; the watchman (Ezekiel)
Eze 33:13,16,H4191,die,0,0,"Though I say to the righteous that he shall surely live, yet if he trusts in his righteousness and does injustice, none of his righteous deeds shall be remembered, but in his injustice that he has done he shall die.",D16,turn and do not die: God's will for life; the watchman (Ezekiel)
Eze 33:15,15,H4191,die,1,0,"if the wicked restores the pledge, gives back what he has taken by robbery, and walks in the statutes of life, not doing injustice, he shall surely live; he shall not die.",D16,turn and do not die: God's will for life; the watchman (Ezekiel)
Gen 23:8,4,H4191,dead,0,0,"And he said to them, “If you are willing that I should bury my dead out of my sight, hear me and entreat for me Ephron the son of Zohar,",D01,"death notices, lifespans, burial, inheritance (data)"
Hab 2:5,11,H4194,death,0,0,"“ Moreover, wine is a traitor, an arrogant man who is never at rest. His greed is as wide as Sheol; like death he has never enough. He gathers for himself all nations and collects as his own all peoples.”",D17,"death as a power, realm or enemy"
Heb 5:7,19,G2288,death,0,0,"In the days of his flesh, Jesus offered up prayers and supplications, with loud cries and tears, to him who was able to save him from death, and he was heard because of his reverence.",D21,Christ's death
Heb 2:15,6,G2288,death,0,0,and deliver all those who through fear of death were subject to lifelong slavery.,D11,fear and anguish facing death
Jer 34:5,0,H4191,die,0,0,"You shall die in peace. And as spices were burned for your fathers, the former kings who were before you, so people shall burn spices for you and lament for you, saying, “ Alas, lord!”’ For I have spoken the word, declares the Lord.”",D25,living and dying to the Lord; the death of the upright
Isa 51:6,14,H4191,die,0,0,"Lift up your eyes to the heavens, and look at the earth beneath; for the heavens vanish like smoke, the earth will wear out like a garment, and they who dwell in it will die in like manner; but my salvation will be forever, and my righteousness will never be dismayed.",D08,"what death is: the common lot, the day of death, gathered to one's people"
Deu 21:21,4,H4191,death,0,0,"Then all the men of the city shall stone him to death with stones. So you shall purge the evil from your midst, and all Israel shall hear, and fear.",D02,put to death under law or sentence (data)
Judg 6:23,6,H4191,die,1,0,"But the Lord said to him, “ Peace be to you. Do not fear; you shall not die.”",D05,"near the holy: ""lest you die""; seeing or hearing God (cf. unit 1 face Q)"
1Sa 4:20,1,H4191,death,0,0,"And about the time of her death the women attending her said to her, “Do not be afraid, for you have borne a son.” But she did not answer or pay attention.",D10,mourning and grief at a death
2Sa 13:28,12,H4191,kill,0,0,"Then Absalom commanded his servants, “ Mark when Amnon’s heart is merry with wine, and when I say to you, ‘ Strike Amnon,’ then kill him. Do not fear; have I not commanded you? Be courageous and be valiant.”",D03,"killed or spared by people: murder, war, plots, execution, suicide (data; cf. unit 1 face C)"
1Ki 1:51,18,H4191,death,0,0,"Then it was told Solomon, “ Behold, Adonijah fears King Solomon, for behold, he has laid hold of the horns of the altar, saying, ‘Let King Solomon swear to me first that he will not put his servant to death with the sword.’”",D03,"killed or spared by people: murder, war, plots, execution, suicide (data; cf. unit 1 face C)"
Isa 51:12,9,H4191,dies,0,0,"“ I, I am he who comforts you; who are you that you are afraid of man who dies, of the son of man who is made like grass,",D11,fear and anguish facing death
Jer 26:21,10,H4191,death,0,0,"And when King Jehoiakim, with all his warriors and all the officials, heard his words, the king sought to put him to death. But when Uriah heard of it, he was afraid and fled and escaped to Egypt.",D03,"killed or spared by people: murder, war, plots, execution, suicide (data; cf. unit 1 face C)"
2Sa 18:33,16,H4191,died,0,0,"And the king was deeply moved and went up to the chamber over the gate and wept. And as he went, he said, “O my son Absalom, my son, my son Absalom! Would I had died instead of you, O Absalom, my son, my son!”",D10,mourning and grief at a death
Rev 8:11,11,G0599,died,0,0,"The name of the star is Wormwood. A third of the waters became wormwood, and many people died from the water, because it had been made bitter.",D04,"struck down by God; death as his judgement (sword, famine, pestilence)"
Deu 31:27,16,H4194,death,0,1,"For I know how rebellious and stubborn you are. Behold, even today while I am yet alive with you, you have been rebellious against the Lord. How much more after my death!",D07,"before I die: last words, blessing, wishes"
Jos 1:18,6,H4191,put to death,0,0,"Whoever rebels against your commandment and disobeys your words, whatever you command him, shall be put to death. Only be strong and courageous.”",D02,put to death under law or sentence (data)
1Ki 13:26,17,H4191,killed,0,1,"And when the prophet who had brought him back from the way heard of it, he said, “It is the man of God who disobeyed the word of the Lord; therefore the Lord has given him to the lion, which has torn him and killed him, according to the word that the Lord spoke to him.”",D04,"struck down by God; death as his judgement (sword, famine, pestilence)"
Num 17:10,16,H4191,die,0,0,"And the Lord said to Moses, “ Put back the staff of Aaron before the testimony, to be kept as a sign for the rebels, that you may make an end of their grumblings against me, lest they die.”",D04,"struck down by God; death as his judgement (sword, famine, pestilence)"
1Ki 2:8,20,H4191,put you to death,0,1,"And there is also with you Shimei the son of Gera, the Benjaminite from Bahurim, who cursed me with a grievous curse on the day when I went to Mahanaim. But when he came down to meet me at the Jordan, I swore to him by the Lord, saying, ‘I will not put you to death with the sword.’",D03,"killed or spared by people: murder, war, plots, execution, suicide (data; cf. unit 1 face C)"
1Cor 9:15,12,G0599,die,0,0,"But I have made no use of any of these rights, nor am I writing these things to secure any such provision. For I would rather die than have anyone deprive me of my ground for boasting.",D13,ready to die for or with another
Mat 9:24,5,G0599,dead,1,0,"he said, “Go away, for the girl is not dead but sleeping.” And they laughed at him.",D09,"the dead: praise, inquiry, sleep, going to them"
Mat 15:4,13,G2288,must surely,0,0,"For God commanded, ‘ Honor your father and your mother,’ and, ‘Whoever reviles father or mother must surely die.’",D02,put to death under law or sentence (data)
Mat 16:28,10,G2288,death,1,0,"Truly, I say to you, there are some standing here who will not taste death until they see the Son of Man coming in his kingdom.”",D08,"what death is: the common lot, the day of death, gathered to one's people"
Mat 22:24,6,G0599,dies,0,0,"saying, “ Teacher, Moses said, ‘ If a man dies having no children, his brother must marry the widow and raise up offspring for his brother.’",D01,"death notices, lifespans, burial, inheritance (data)"
Mat 26:35,6,G0599,die,0,0,"Peter said to him, “Even if I must die with you, I will not deny you!” And all the disciples said the same.",D13,ready to die for or with another
Mat 26:38,8,G2288,death,0,0,"Then he said to them, “ My soul is very sorrowful, even to death; remain here, and watch with me.”",D11,fear and anguish facing death
Mar 5:35,9,G0599,dead,0,0,"While he was still speaking, there came from the ruler’s house some who said, “ Your daughter is dead. Why trouble the Teacher any further?”",D01,"death notices, lifespans, burial, inheritance (data)"
Mar 5:39,10,G0599,dead,1,0,"And when he had entered, he said to them, “ Why are you making a commotion and weeping? The child is not dead but sleeping.”",D09,"the dead: praise, inquiry, sleep, going to them"
Mar 9:1,13,G2288,death,1,1,"And he said to them, “ Truly, I say to you, there are some standing here who will not taste death until they see the kingdom of God after it has come with power.”",D08,"what death is: the common lot, the day of death, gathered to one's people"
Mar 9:26,15,G0599,dead,0,0,"And after crying out and convulsing him terribly, it came out, and the boy was like a corpse, so that most of them said, “He is dead.”",D01,"death notices, lifespans, burial, inheritance (data)"
Mar 14:34,8,G2288,death,0,0,"And he said to them, “ My soul is very sorrowful, even to death. Remain here and watch.”",D11,fear and anguish facing death
Luk 9:27,11,G2288,death,1,1,"But I tell you truly, there are some standing here who will not taste death until they see the kingdom of God.”",D08,"what death is: the common lot, the day of death, gathered to one's people"
Luk 20:28,11,G0599,dies,0,0,"and they asked him a question, saying, “ Teacher, Moses wrote for us that if a man’s brother dies, having a wife but no children, the man must take the widow and raise up offspring for his brother.",D01,"death notices, lifespans, burial, inheritance (data)"
Joh 4:49,9,G0599,dies,0,0,"The official said to him, “ Sir, come down before my child dies.”",D06,"dying of hunger, thirst, sickness or danger"
Joh 5:24,22,G2288,death,0,0,"Truly, truly, I say to you, whoever hears my word and believes him who sent me has eternal life. He does not come into judgment, but has passed from death to life.",D18,delivered from death
Joh 8:51,11,G2288,death,1,0,"Truly, truly, I say to you, if anyone keeps my word, he will never see death.”",D19,life beyond death: never die; death ended
Joh 8:52,9,G0599,died,0,0,"The Jews said to him, “ Now we know that you have a demon! Abraham died, as did the prophets, yet you say, ‘ If anyone keeps my word, he will never taste death.’",D08,"what death is: the common lot, the day of death, gathered to one's people"
Joh 8:52,22,G2288,death,1,0,"The Jews said to him, “ Now we know that you have a demon! Abraham died, as did the prophets, yet you say, ‘ If anyone keeps my word, he will never taste death.’",D19,life beyond death: never die; death ended
Joh 11:13,5,G2288,death,0,1,"Now Jesus had spoken of his death, but they thought that he meant taking rest in sleep.",D09,"the dead: praise, inquiry, sleep, going to them"
Joh 11:32,23,G0599,died,1,0,"Now when Mary came to where Jesus was and saw him, she fell at his feet, saying to him, “ Lord, if you had been here, my brother would not have died.”",D10,mourning and grief at a death
Joh 12:24,10,G0599,dies,0,0,"Truly, truly, I say to you, unless a grain of wheat falls into the earth and dies, it remains alone; but if it dies, it bears much fruit.",D25,living and dying to the Lord; the death of the upright
Joh 12:24,16,G0599,dies,0,0,"Truly, truly, I say to you, unless a grain of wheat falls into the earth and dies, it remains alone; but if it dies, it bears much fruit.",D25,living and dying to the Lord; the death of the upright
Joh 12:33,5,G2288,death,0,0,He said this to show by what kind of death he was going to die.,D21,Christ's death
Joh 12:33,7,G0599,die,0,0,He said this to show by what kind of death he was going to die.,D21,Christ's death
Joh 21:19,4,G2288,death,0,1,"( This he said to show by what kind of death he was to glorify God.) And after saying this he said to him, “ Follow me.”",D25,living and dying to the Lord; the death of the upright
Act 13:35,10,G1312,corruption,0,0,"Therefore he says also in another psalm, “‘You will not let your Holy One see corruption.’",D28,corruption: the body seeing decay (Q4 link)
1Jo 5:16,8,G2288,death,1,0,"If anyone sees his brother committing a sin not leading to death, he shall ask, and God will give him life —to those who commit sins that do not lead to death. There is sin that leads to death; I do not say that one should pray for that.",D14,death and sin
1Jo 5:16,17,G2288,death,1,0,"If anyone sees his brother committing a sin not leading to death, he shall ask, and God will give him life —to those who commit sins that do not lead to death. There is sin that leads to death; I do not say that one should pray for that.",D14,death and sin
1Jo 5:16,21,G2288,death,0,0,"If anyone sees his brother committing a sin not leading to death, he shall ask, and God will give him life —to those who commit sins that do not lead to death. There is sin that leads to death; I do not say that one should pray for that.",D14,death and sin
Rev 2:11,12,G2288,death,0,0,"He who has an ear, let him hear what the Spirit says to the churches. The one who conquers will not be hurt by the second death.’",D20,the second death; judgement beyond death
Rev 14:13,10,G0599,die,0,1,"And I heard a voice from heaven saying, “ Write this: Blessed are the dead who die in the Lord from now on.” “Blessed indeed,” says the Spirit, “ that they may rest from their labors, for their deeds follow them!”",D25,living and dying to the Lord; the death of the upright
Rom 5:7,3,G0599,die,0,0,For one will scarcely die for a righteous person — though perhaps for a good person one would dare even to die —,D13,ready to die for or with another
Rom 5:7,12,G0599,die,0,0,For one will scarcely die for a righteous person — though perhaps for a good person one would dare even to die —,D13,ready to die for or with another
Gen 38:11,12,H4191,die,0,0,"Then Judah said to Tamar his daughter-in-law, “ Remain a widow in your father’s house, till Shelah my son grows up ”—for he feared that he would die, like his brothers. So Tamar went and remained in her father’s house.",D11,fear and anguish facing death
1Ch 22:5,22,H4194,death,0,0,"For David said, “ Solomon my son is young and inexperienced, and the house that is to be built for the Lord must be exceedingly magnificent, of fame and glory throughout all lands. I will therefore make preparation for it.” So David provided materials in great quantity before his death.",D07,"before I die: last words, blessing, wishes"
Gen 23:3,3,H4191,dead,0,0,"And Abraham rose up from before his dead and said to the Hittites,",D01,"death notices, lifespans, burial, inheritance (data)"
Gen 23:13,15,H4191,dead,0,0,"And he said to Ephron in the hearing of the people of the land, “But if you will, hear me: I give the price of the field. Accept it from me, that I may bury my dead there.”",D01,"death notices, lifespans, burial, inheritance (data)"
Exo 14:12,13,H4191,die,0,0,Is not this what we said to you in Egypt: ‘Leave us alone that we may serve the Egyptians ’? For it would have been better for us to serve the Egyptians than to die in the wilderness.”,D12,wanting to die; wishing one had died
Exo 20:19,8,H4191,die,1,1,"and said to Moses, “You speak to us, and we will listen; but do not let God speak to us, lest we die.”",D05,"near the holy: ""lest you die""; seeing or hearing God (cf. unit 1 face Q)"
Lev 16:1,5,H4194,death,0,1,"The Lord spoke to Moses after the death of the two sons of Aaron, when they drew near before the Lord and died,",D05,"near the holy: ""lest you die""; seeing or hearing God (cf. unit 1 face Q)"
Lev 16:1,12,H4191,died,0,1,"The Lord spoke to Moses after the death of the two sons of Aaron, when they drew near before the Lord and died,",D05,"near the holy: ""lest you die""; seeing or hearing God (cf. unit 1 face Q)"
Lev 16:2,18,H4191,die,1,0,"and the Lord said to Moses, “ Tell Aaron your brother not to come at any time into the Holy Place inside the veil, before the mercy seat that is on the ark, so that he may not die. For I will appear in the cloud over the mercy seat.",D05,"near the holy: ""lest you die""; seeing or hearing God (cf. unit 1 face Q)"
Num 14:35,16,H4191,die,0,0,"I, the Lord, have spoken. Surely this will I do to all this wicked congregation who are gathered together against me: in this wilderness they shall come to a full end, and there they shall die.”",D04,"struck down by God; death as his judgement (sword, famine, pestilence)"
Num 21:5,7,H4191,die,0,1,"And the people spoke against God and against Moses, “ Why have you brought us up out of Egypt to die in the wilderness? For there is no food and no water, and we loathe this worthless food.”",D12,wanting to die; wishing one had died
Num 27:8,7,H4191,dies,0,0,"And you shall speak to the people of Israel, saying, ‘ If a man dies and has no son, then you shall transfer his inheritance to his daughter.",D01,"death notices, lifespans, burial, inheritance (data)"
Deu 13:5,4,H4191,put to death,0,1,"But that prophet or that dreamer of dreams shall be put to death, because he has taught rebellion against the Lord your God, who brought you out of the land of Egypt and redeemed you out of the house of slavery, to make you leave the way in which the Lord your God commanded you to walk. So you shall purge the evil from your midst.",D02,put to death under law or sentence (data)
Deu 18:20,17,H4191,die,0,0,"But the prophet who presumes to speak a word in my name that I have not commanded him to speak, or who speaks in the name of other gods, that same prophet shall die.’",D02,put to death under law or sentence (data)
Deu 20:5,17,H4191,die,0,0,"Then the officers shall speak to the people, saying, ‘ Is there any man who has built a new house and has not dedicated it? Let him go back to his house, lest he die in the battle and another man dedicate it.",D06,"dying of hunger, thirst, sickness or danger"
1Sa 19:1,8,H4191,kill,0,0,"And Saul spoke to Jonathan his son and to all his servants, that they should kill David. But Jonathan, Saul’s son, delighted much in David.",D03,"killed or spared by people: murder, war, plots, execution, suicide (data; cf. unit 1 face C)"
1Sa 25:39,3,H4191,dead,0,1,"When David heard that Nabal was dead, he said, “ Blessed be the Lord who has avenged the insult I received at the hand of Nabal, and has kept back his servant from wrongdoing. The Lord has returned the evil of Nabal on his own head.” Then David sent and spoke to Abigail, to take her as his wife.",D04,"struck down by God; death as his judgement (sword, famine, pestilence)"
2Sa 3:27,13,H4191,died,0,0,"And when Abner returned to Hebron, Joab took him aside into the midst of the gate to speak with him privately, and there he struck him in the stomach, so that he died, for the blood of Asahel his brother.",D03,"killed or spared by people: murder, war, plots, execution, suicide (data; cf. unit 1 face C)"
1Ki 2:30,11,H4191,die,1,0,"So Benaiah came to the tent of the Lord and said to him, “The king commands, ‘ Come out.’” But he said, “ No, I will die here.” Then Benaiah brought the king word again, saying, “ Thus said Joab, and thus he answered me.”",D03,"killed or spared by people: murder, war, plots, execution, suicide (data; cf. unit 1 face C)"
1Ki 3:22,6,H4191,dead,0,0,"But the other woman said, “ No, the living child is mine, and the dead child is yours.” The first said, “ No, the dead child is yours, and the living child is mine.” Thus they spoke before the king.",D01,"death notices, lifespans, burial, inheritance (data)"
1Ki 3:22,10,H4191,dead,1,0,"But the other woman said, “ No, the living child is mine, and the dead child is yours.” The first said, “ No, the dead child is yours, and the living child is mine.” Thus they spoke before the king.",D01,"death notices, lifespans, burial, inheritance (data)"
1Ki 14:11,1,H4191,dies,0,0,"Anyone belonging to Jeroboam who dies in the city the dogs shall eat, and anyone who dies in the open country the birds of the heavens shall eat, for the Lord has spoken it.”’",D04,"struck down by God; death as his judgement (sword, famine, pestilence)"
1Ki 14:11,5,H4191,dies,0,0,"Anyone belonging to Jeroboam who dies in the city the dogs shall eat, and anyone who dies in the open country the birds of the heavens shall eat, for the Lord has spoken it.”’",D04,"struck down by God; death as his judgement (sword, famine, pestilence)"
2Ki 1:6,33,H4191,surely,0,0,"And they said to him, “There came a man to meet us, and said to us, ‘ Go back to the king who sent you, and say to him, Thus says the Lord, Is it because there is no God in Israel that you are sending to inquire of Baal-zebub, the god of Ekron? Therefore you shall not come down from the bed to which you have gone up, but you shall surely die.’”",D04,"struck down by God; death as his judgement (sword, famine, pestilence)"
2Ki 1:6,34,H4191,die,0,0,"And they said to him, “There came a man to meet us, and said to us, ‘ Go back to the king who sent you, and say to him, Thus says the Lord, Is it because there is no God in Israel that you are sending to inquire of Baal-zebub, the god of Ekron? Therefore you shall not come down from the bed to which you have gone up, but you shall surely die.’”",D04,"struck down by God; death as his judgement (sword, famine, pestilence)"
2Ki 1:16,24,H4191,surely,0,0,"and said to him, “ Thus says the Lord, ‘ Because you have sent messengers to inquire of Baal-zebub, the god of Ekron —is it because there is no God in Israel to inquire of his word?— therefore you shall not come down from the bed to which you have gone up, but you shall surely die.’”",D04,"struck down by God; death as his judgement (sword, famine, pestilence)"
2Ki 1:16,25,H4191,die,0,0,"and said to him, “ Thus says the Lord, ‘ Because you have sent messengers to inquire of Baal-zebub, the god of Ekron —is it because there is no God in Israel to inquire of his word?— therefore you shall not come down from the bed to which you have gone up, but you shall surely die.’”",D04,"struck down by God; death as his judgement (sword, famine, pestilence)"
2Ki 1:17,0,H4191,died,0,1,"So he died according to the word of the Lord that Elijah had spoken. Jehoram became king in his place in the second year of Jehoram the son of Jehoshaphat, king of Judah, because Ahaziah had no son.",D04,"struck down by God; death as his judgement (sword, famine, pestilence)"
2Ki 7:17,12,H4191,died,0,1,"Now the king had appointed the captain on whose hand he leaned to have charge of the gate. And the people trampled him in the gate, so that he died, as the man of God had said when the king came down to him.",D04,"struck down by God; death as his judgement (sword, famine, pestilence)"
Isa 25:8,1,H4194,death,0,1,"He will swallow up death forever; and the Lord God will wipe away tears from all faces, and the reproach of his people he will take away from all the earth, for the Lord has spoken.",D19,life beyond death: never die; death ended
Jer 26:8,17,H4191,You shall,0,0,"And when Jeremiah had finished speaking all that the Lord had commanded him to speak to all the people, then the priests and the prophets and all the people laid hold of him, saying, “ You shall die!",D03,"killed or spared by people: murder, war, plots, execution, suicide (data; cf. unit 1 face C)"
Jer 26:8,18,H4191,die,0,0,"And when Jeremiah had finished speaking all that the Lord had commanded him to speak to all the people, then the priests and the prophets and all the people laid hold of him, saying, “ You shall die!",D03,"killed or spared by people: murder, war, plots, execution, suicide (data; cf. unit 1 face C)"
Jer 26:15,5,H4191,death,0,0,"Only know for certain that if you put me to death, you will bring innocent blood upon yourselves and upon this city and its inhabitants, for in truth the Lord sent me to you to speak all these words in your ears.”",D03,"killed or spared by people: murder, war, plots, execution, suicide (data; cf. unit 1 face C)"
Jer 26:16,11,H4194,death,0,0,"Then the officials and all the people said to the priests and the prophets, “ This man does not deserve the sentence of death, for he has spoken to us in the name of the Lord our God.”",D02,put to death under law or sentence (data)
Jer 27:13,3,H4191,die,0,0,"Why will you and your people die by the sword, by famine, and by pestilence, as the Lord has spoken concerning any nation that will not serve the king of Babylon?",D04,"struck down by God; death as his judgement (sword, famine, pestilence)"
Jer 28:16,11,H4191,die,0,1,"Therefore thus says the Lord: ‘ Behold, I will remove you from the face of the earth. This year you shall die, because you have uttered rebellion against the Lord.’”",D04,"struck down by God; death as his judgement (sword, famine, pestilence)"
Jer 38:25,22,H4191,death,1,0,"If the officials hear that I have spoken with you and come to you and say to you, ‘ Tell us what you said to the king and what the king said to you; hide nothing from us and we will not put you to death,’",D03,"killed or spared by people: murder, war, plots, execution, suicide (data; cf. unit 1 face C)"
Eze 24:18,7,H4191,died,0,0,"So I spoke to the people in the morning, and at evening my wife died. And on the next morning I did as I was commanded.",D10,mourning and grief at a death
Eze 28:10,0,H4191,die,0,0,"You shall die the death of the uncircumcised by the hand of foreigners; for I have spoken, declares the Lord God.”",D04,"struck down by God; death as his judgement (sword, famine, pestilence)"
Eze 28:10,1,H4194,death,0,0,"You shall die the death of the uncircumcised by the hand of foreigners; for I have spoken, declares the Lord God.”",D04,"struck down by God; death as his judgement (sword, famine, pestilence)"
Eze 33:8,3,H4191,surely,0,0,"If I say to the wicked, O wicked one, you shall surely die, and you do not speak to warn the wicked to turn from his way, that wicked person shall die in his iniquity, but his blood I will require at your hand.",D16,turn and do not die: God's will for life; the watchman (Ezekiel)
Eze 33:8,4,H4191,die,0,0,"If I say to the wicked, O wicked one, you shall surely die, and you do not speak to warn the wicked to turn from his way, that wicked person shall die in his iniquity, but his blood I will require at your hand.",D16,turn and do not die: God's will for life; the watchman (Ezekiel)
Eze 33:8,13,H4191,die,0,0,"If I say to the wicked, O wicked one, you shall surely die, and you do not speak to warn the wicked to turn from his way, that wicked person shall die in his iniquity, but his blood I will require at your hand.",D16,turn and do not die: God's will for life; the watchman (Ezekiel)
Hos 13:1,8,H4191,died,0,0,"When Ephraim spoke, there was trembling; he was exalted in Israel, but he incurred guilt through Baal and died.",D14,death and sin
Psa 115:17,0,H4191,dead,0,0,"The dead do not praise the Lord, nor do any who go down into silence.",D09,"the dead: praise, inquiry, sleep, going to them"
Isa 38:18,3,H4194,death,1,0,For Sheol does not thank you; death does not praise you; those who go down to the pit do not hope for your faithfulness.,D09,"the dead: praise, inquiry, sleep, going to them"
Isa 22:2,11,H4191,dead,1,0,"you who are full of shoutings, tumultuous city, exultant town? Your slain are not slain with the sword or dead in battle.",D04,"struck down by God; death as his judgement (sword, famine, pestilence)"
Gen 38:12,6,H4191,died,0,0,"In the course of time the wife of Judah, Shua’s daughter, died. When Judah was comforted, he went up to Timnah to his sheepshearers, he and his friend Hirah the Adullamite.",D01,"death notices, lifespans, burial, inheritance (data)"
2Sa 1:4,14,H4191,dead,0,0,"And David said to him, “ How did it go? Tell me.” And he answered, “The people fled from the battle, and also many of the people have fallen and are dead, and Saul and his son Jonathan are also dead.”",D01,"death notices, lifespans, burial, inheritance (data)"
2Sa 1:4,18,H4191,dead,0,0,"And David said to him, “ How did it go? Tell me.” And he answered, “The people fled from the battle, and also many of the people have fallen and are dead, and Saul and his son Jonathan are also dead.”",D01,"death notices, lifespans, burial, inheritance (data)"
Ecc 7:17,7,H4191,die,0,0,"Be not overly wicked, neither be a fool. Why should you die before your time?",D08,"what death is: the common lot, the day of death, gathered to one's people"
Joh 11:14,6,G0599,died,0,1,"Then Jesus told them plainly, “ Lazarus has died,",D01,"death notices, lifespans, burial, inheritance (data)"
Rom 7:6,5,G0599,died,0,0,"But now we are released from the law, having died to that which held us captive, so that we serve in the new way of the Spirit and not in the old way of the written code.",D22,died with Christ; dying to sin and the law; put to death what is earthly
Judg 15:13,6,H4191,surely,0,0,"They said to him, “ No; we will only bind you and give you into their hands. We will surely not kill you.” So they bound him with two new ropes and brought him up from the rock.",D03,"killed or spared by people: murder, war, plots, execution, suicide (data; cf. unit 1 face C)"
Judg 15:13,8,H4191,kill,1,0,"They said to him, “ No; we will only bind you and give you into their hands. We will surely not kill you.” So they bound him with two new ropes and brought him up from the rock.",D03,"killed or spared by people: murder, war, plots, execution, suicide (data; cf. unit 1 face C)"
Jer 52:11,14,H4194,death,0,0,"He put out the eyes of Zedekiah, and bound him in chains, and the king of Babylon took him to Babylon, and put him in prison till the day of his death.",D01,"death notices, lifespans, burial, inheritance (data)"
Gen 44:9,3,H4191,die,0,1,"Whichever of your servants is found with it shall die, and we also will be my lord’s servants.”",D03,"killed or spared by people: murder, war, plots, execution, suicide (data; cf. unit 1 face C)"
Exo 12:30,15,H4191,dead,0,0,"And Pharaoh rose up in the night, he and all his servants and all the Egyptians. And there was a great cry in Egypt, for there was not a house where someone was not dead.",D04,"struck down by God; death as his judgement (sword, famine, pestilence)"
Exo 21:20,5,H4191,dies,0,0,"“When a man strikes his slave, male or female, with a rod and the slave dies under his hand, he shall be avenged.",D02,put to death under law or sentence (data)
Deu 13:10,1,H4191,death,0,1,"You shall stone him to death with stones, because he sought to draw you away from the Lord your God, who brought you out of the land of Egypt, out of the house of slavery.",D02,put to death under law or sentence (data)
Deu 34:5,3,H4191,died,0,1,"So Moses the servant of the Lord died there in the land of Moab, according to the word of the Lord,",D01,"death notices, lifespans, burial, inheritance (data)"
Jos 1:1,1,H4194,death,0,1,"After the death of Moses the servant of the Lord, the Lord said to Joshua the son of Nun, Moses ’ assistant,",D01,"death notices, lifespans, burial, inheritance (data)"
Jos 1:2,2,H4191,dead,0,0,"“ Moses my servant is dead. Now therefore arise, go over this Jordan, you and all this people, into the land that I am giving to them, to the people of Israel.",D01,"death notices, lifespans, burial, inheritance (data)"
Jos 24:29,7,H4191,died,0,1,"After these things Joshua the son of Nun, the servant of the Lord, died, being 110 years old.",D01,"death notices, lifespans, burial, inheritance (data)"
Judg 2:8,5,H4191,died,0,1,"And Joshua the son of Nun, the servant of the Lord, died at the age of 110 years.",D01,"death notices, lifespans, burial, inheritance (data)"
Judg 15:18,13,H4191,die,0,0,"And he was very thirsty, and he called upon the Lord and said, “ You have granted this great salvation by the hand of your servant, and shall I now die of thirst and fall into the hands of the uncircumcised?”",D06,"dying of hunger, thirst, sickness or danger"
1Sa 12:19,11,H4191,die,1,1,"And all the people said to Samuel, “ Pray for your servants to the Lord your God, that we may not die, for we have added to all our sins this evil, to ask for ourselves a king.”",D11,fear and anguish facing death
1Sa 20:8,13,H4191,kill,0,1,"Therefore deal kindly with your servant, for you have brought your servant into a covenant of the Lord with you. But if there is guilt in me, kill me yourself, for why should you bring me to your father?”",D03,"killed or spared by people: murder, war, plots, execution, suicide (data; cf. unit 1 face C)"
1Sa 22:17,6,H4191,kill,0,1,"And the king said to the guard who stood about him, “ Turn and kill the priests of the Lord, because their hand also is with David, and they knew that he fled and did not disclose it to me.” But the servants of the king would not put out their hand to strike the priests of the Lord.",D03,"killed or spared by people: murder, war, plots, execution, suicide (data; cf. unit 1 face C)"
2Sa 2:31,6,H4191,men,0,0,But the servants of David had struck down of Benjamin 360 of Abner’s men.,D03,"killed or spared by people: murder, war, plots, execution, suicide (data; cf. unit 1 face C)"
2Sa 9:8,5,H4191,dead,0,0,"And he paid homage and said, “ What is your servant, that you should show regard for a dead dog such as I?”",D24,"like the dead: the living likened to the dead; the heart that died; ""dead dog"""
2Sa 11:17,12,H4191,died,0,0,"And the men of the city came out and fought with Joab, and some of the servants of David among the people fell. Uriah the Hittite also died.",D03,"killed or spared by people: murder, war, plots, execution, suicide (data; cf. unit 1 face C)"
2Sa 11:21,12,H4191,died,0,0,"Who killed Abimelech the son of Jerubbesheth? Did not a woman cast an upper millstone on him from the wall, so that he died at Thebez? Why did you go so near the wall?’ then you shall say, ‘Your servant Uriah the Hittite is dead also.’”",D03,"killed or spared by people: murder, war, plots, execution, suicide (data; cf. unit 1 face C)"
2Sa 11:21,21,H4191,dead,0,0,"Who killed Abimelech the son of Jerubbesheth? Did not a woman cast an upper millstone on him from the wall, so that he died at Thebez? Why did you go so near the wall?’ then you shall say, ‘Your servant Uriah the Hittite is dead also.’”",D03,"killed or spared by people: murder, war, plots, execution, suicide (data; cf. unit 1 face C)"
2Sa 11:24,6,H4191,dead,0,0,"Then the archers shot at your servants from the wall. Some of the king’s servants are dead, and your servant Uriah the Hittite is dead also.”",D03,"killed or spared by people: murder, war, plots, execution, suicide (data; cf. unit 1 face C)"
2Sa 11:24,10,H4191,dead,0,0,"Then the archers shot at your servants from the wall. Some of the king’s servants are dead, and your servant Uriah the Hittite is dead also.”",D03,"killed or spared by people: murder, war, plots, execution, suicide (data; cf. unit 1 face C)"
2Sa 12:19,7,H4191,dead,0,0,"But when David saw that his servants were whispering together, David understood that the child was dead. And David said to his servants, “Is the child dead?” They said, “He is dead.”",D10,mourning and grief at a death
2Sa 12:19,13,H4191,dead,0,0,"But when David saw that his servants were whispering together, David understood that the child was dead. And David said to his servants, “Is the child dead?” They said, “He is dead.”",D10,mourning and grief at a death
2Sa 12:19,15,H4191,dead,0,0,"But when David saw that his servants were whispering together, David understood that the child was dead. And David said to his servants, “Is the child dead?” They said, “He is dead.”",D10,mourning and grief at a death
2Sa 12:21,13,H4191,died,0,0,"Then his servants said to him, “ What is this thing that you have done? You fasted and wept for the child while he was alive; but when the child died, you arose and ate food.”",D10,mourning and grief at a death
2Sa 15:21,13,H4194,death,0,1,"But Ittai answered the king, “As the Lord lives, and as my lord the king lives, wherever my lord the king shall be, whether for death or for life, there also will your servant be.”",D13,ready to die for or with another
2Sa 19:28,6,H4194,death,1,1,"For all my father’s house were but men doomed to death before my lord the king, but you set your servant among those who eat at your table. What further right have I, then, to cry to the king?”",D03,"killed or spared by people: murder, war, plots, execution, suicide (data; cf. unit 1 face C)"
2Sa 19:37,3,H4191,die,0,0,"Please let your servant return, that I may die in my own city near the grave of my father and my mother. But here is your servant Chimham. Let him go over with my lord the king, and do for him whatever seems good to you.”",D07,"before I die: last words, blessing, wishes"
1Ki 18:9,9,H4191,kill,0,0,"And he said, “ How have I sinned, that you would give your servant into the hand of Ahab, to kill me?",D03,"killed or spared by people: murder, war, plots, execution, suicide (data; cf. unit 1 face C)"
2Ki 4:1,9,H4191,dead,0,0,"Now the wife of one of the sons of the prophets cried to Elisha, “Your servant my husband is dead, and you know that your servant feared the Lord, but the creditor has come to take my two children to be his slaves.”",D01,"death notices, lifespans, burial, inheritance (data)"
2Ki 12:21,8,H4191,died,0,0,"It was Jozacar the son of Shimeath and Jehozabad the son of Shomer, his servants, who struck him down, so that he died. And they buried him with his fathers in the city of David, and Amaziah his son reigned in his place.",D03,"killed or spared by people: murder, war, plots, execution, suicide (data; cf. unit 1 face C)"
2Ki 21:23,5,H4191,death,0,0,And the servants of Amon conspired against him and put the king to death in his house.,D03,"killed or spared by people: murder, war, plots, execution, suicide (data; cf. unit 1 face C)"
2Ch 24:25,16,H4191,died,0,0,"When they had departed from him, leaving him severely wounded, his servants conspired against him because of the blood of the son of Jehoiada the priest, and killed him on his bed. So he died, and they buried him in the city of David, but they did not bury him in the tombs of the kings.",D03,"killed or spared by people: murder, war, plots, execution, suicide (data; cf. unit 1 face C)"
2Ch 33:24,3,H4191,put him to death,0,0,And his servants conspired against him and put him to death in his house.,D03,"killed or spared by people: murder, war, plots, execution, suicide (data; cf. unit 1 face C)"
2Ch 35:24,9,H4191,died,0,0,So his servants took him out of the chariot and carried him in his second chariot and brought him to Jerusalem. And he died and was buried in the tombs of his fathers. All Judah and Jerusalem mourned for Josiah.,D01,"death notices, lifespans, burial, inheritance (data)"
Isa 65:15,7,H4191,death,0,1,"You shall leave your name to my chosen for a curse, and the Lord God will put you to death, but his servants he will call by another name,",D04,"struck down by God; death as his judgement (sword, famine, pestilence)"
Exo 2:23,5,H4191,died,0,0,"During those many days the king of Egypt died, and the people of Israel groaned because of their slavery and cried out for help. Their cry for rescue from slavery came up to God.",D01,"death notices, lifespans, burial, inheritance (data)"
Luk 16:22,2,G0599,died,0,0,"The poor man died and was carried by the angels to Abraham’s side. The rich man also died and was buried,",D09,"the dead: praise, inquiry, sleep, going to them"
Luk 16:22,12,G0599,died,0,0,"The poor man died and was carried by the angels to Abraham’s side. The rich man also died and was buried,",D09,"the dead: praise, inquiry, sleep, going to them"
Jude 12,20,G0599,dead,0,0,"These are hidden reefs at your love feasts, as they feast with you without fear, shepherds feeding themselves; waterless clouds, swept along by winds; fruitless trees in late autumn, twice dead, uprooted;",D23,death at work in the living
Rev 6:8,10,G2288,Death,0,0,"And I looked, and behold, a pale horse! And its rider’s name was Death, and Hades followed him. And they were given authority over a fourth of the earth, to kill with sword and with famine and with pestilence and by wild beasts of the earth.",D17,"death as a power, realm or enemy"
Rev 6:8,30,G2288,pestilence,0,0,"And I looked, and behold, a pale horse! And its rider’s name was Death, and Hades followed him. And they were given authority over a fourth of the earth, to kill with sword and with famine and with pestilence and by wild beasts of the earth.",D04,"struck down by God; death as his judgement (sword, famine, pestilence)"
2Ki 11:1,6,H4191,dead,0,0,"Now when Athaliah the mother of Ahaziah saw that her son was dead, she arose and destroyed all the royal family.",D01,"death notices, lifespans, burial, inheritance (data)"
Psa 31:12,1,H4191,dead,0,0,I have been forgotten like one who is dead; I have become like a broken vessel.,D24,"like the dead: the living likened to the dead; the heart that died; ""dead dog"""
Psa 41:5,4,H4191,die,0,0,"My enemies say of me in malice, “ When will he die, and his name perish?”",D11,fear and anguish facing death
Psa 49:10,3,H4191,die,0,0,For he sees that even the wise die; the fool and the stupid alike must perish and leave their wealth to others.,D08,"what death is: the common lot, the day of death, gathered to one's people"
Pro 11:7,1,H4194,dies,0,0,"When the wicked dies, his hope will perish, and the expectation of wealth perishes too.",D08,"what death is: the common lot, the day of death, gathered to one's people"
Psa 143:3,10,H4191,dead,0,0,For the enemy has pursued my soul; he has crushed my life to the ground; he has made me sit in darkness like those long dead.,D24,"like the dead: the living likened to the dead; the heart that died; ""dead dog"""
Exo 31:14,5,H4191,it shall,0,0,"You shall keep the Sabbath, because it is holy for you. Everyone who profanes it shall be put to death. Whoever does any work on it, that soul shall be cut off from among his people.",D02,put to death under law or sentence (data)
Exo 31:14,6,H4191,put to death,0,0,"You shall keep the Sabbath, because it is holy for you. Everyone who profanes it shall be put to death. Whoever does any work on it, that soul shall be cut off from among his people.",D02,put to death under law or sentence (data)
Lev 22:9,4,H4191,die,1,1,"They shall therefore keep my charge, lest they bear sin for it and die thereby when they profane it: I am the Lord who sanctifies them.",D05,"near the holy: ""lest you die""; seeing or hearing God (cf. unit 1 face Q)"
Num 18:32,10,H4191,die,0,0,"And you shall bear no sin by reason of it, when you have contributed the best of it. But you shall not profane the holy things of the people of Israel, lest you die.’”",D05,"near the holy: ""lest you die""; seeing or hearing God (cf. unit 1 face Q)"
Psa 109:16,9,H4191,death,0,0,"For he did not remember to show kindness, but pursued the poor and needy and the brokenhearted, to put them to death.",D03,"killed or spared by people: murder, war, plots, execution, suicide (data; cf. unit 1 face C)"
Isa 59:10,11,H4191,dead,0,0,"We grope for the wall like the blind; we grope like those who have no eyes; we stumble at noon as in the twilight, among those in full vigor we are like dead men.",D24,"like the dead: the living likened to the dead; the heart that died; ""dead dog"""
Deu 22:24,6,H4191,death,0,0,"then you shall bring them both out to the gate of that city, and you shall stone them to death with stones, the young woman because she did not cry for help though she was in the city, and the man because he violated his neighbor’s wife. So you shall purge the evil from your midst.",D02,put to death under law or sentence (data)
Judg 20:5,12,H4191,dead,0,0,"And the leaders of Gibeah rose against me and surrounded the house against me by night. They meant to kill me, and they violated my concubine, and she is dead.",D03,"killed or spared by people: murder, war, plots, execution, suicide (data; cf. unit 1 face C)"
2Sa 13:32,9,H4191,killed,0,1,"But Jonadab the son of Shimeah, David’s brother, said, “Let not my lord suppose that they have killed all the young men, the king’s sons, for Amnon alone is dead. For by the command of Absalom this has been determined from the day he violated his sister Tamar.",D03,"killed or spared by people: murder, war, plots, execution, suicide (data; cf. unit 1 face C)"
2Sa 13:32,17,H4191,dead,0,0,"But Jonadab the son of Shimeah, David’s brother, said, “Let not my lord suppose that they have killed all the young men, the king’s sons, for Amnon alone is dead. For by the command of Absalom this has been determined from the day he violated his sister Tamar.",D03,"killed or spared by people: murder, war, plots, execution, suicide (data; cf. unit 1 face C)"
1Ki 2:26,10,H4194,death,0,0,"And to Abiathar the priest the king said, “ Go to Anathoth, to your estate, for you deserve death. But I will not at this time put you to death, because you carried the ark of the Lord God before David my father, and because you shared in all my father’s affliction.”",D02,put to death under law or sentence (data)
1Ki 2:26,13,H4191,put you to death,1,1,"And to Abiathar the priest the king said, “ Go to Anathoth, to your estate, for you deserve death. But I will not at this time put you to death, because you carried the ark of the Lord God before David my father, and because you shared in all my father’s affliction.”",D03,"killed or spared by people: murder, war, plots, execution, suicide (data; cf. unit 1 face C)"
Eze 17:16,18,H4191,die,0,0,"“As I live, declares the Lord God, surely in the place where the king dwells who made him king, whose oath he despised, and whose covenant with him he broke, in Babylon he shall die.",D04,"struck down by God; death as his judgement (sword, famine, pestilence)"
Psa 49:14,4,H4194,death,0,0,"Like sheep they are appointed for Sheol; death shall be their shepherd, and the upright shall rule over them in the morning. Their form shall be consumed in Sheol, with no place to dwell.",D17,"death as a power, realm or enemy"
Pro 10:21,5,H4191,die,0,0,"The lips of the righteous feed many, but fools die for lack of sense.",D15,"the way to death: set before a person; paths, snares, the tongue (wisdom)"
Isa 14:30,6,H4191,kill,0,0,"And the firstborn of the poor will graze, and the needy lie down in safety; but I will kill your root with famine, and your remnant it will slay.",D04,"struck down by God; death as his judgement (sword, famine, pestilence)"
Zec 11:9,3,H4191,die,1,0,"So I said, “I will not be your shepherd. What is to die, let it die. What is to be destroyed, let it be destroyed. And let those who are left devour the flesh of one another.”",D04,"struck down by God; death as his judgement (sword, famine, pestilence)"
Zec 11:9,4,H4191,die,0,0,"So I said, “I will not be your shepherd. What is to die, let it die. What is to be destroyed, let it be destroyed. And let those who are left devour the flesh of one another.”",D04,"struck down by God; death as his judgement (sword, famine, pestilence)"
Exo 22:10,11,H4191,dies,0,0,"“ If a man gives to his neighbor a donkey or an ox or a sheep or any beast to keep safe, and it dies or is injured or is driven away, without anyone seeing it,",D27,"not the inner being: animals, plants, objects, idiom"
Exo 22:14,6,H4191,dies,0,0,"“ If a man borrows anything of his neighbor, and it is injured or dies, the owner not being with it, he shall make full restitution.",D27,"not the inner being: animals, plants, objects, idiom"
1Sa 4:18,13,H4191,died,0,0,"As soon as he mentioned the ark of God, Eli fell over backward from his seat by the side of the gate, and his neck was broken and he died, for the man was old and heavy. He had judged Israel forty years.",D01,"death notices, lifespans, burial, inheritance (data)"
Luk 8:52,11,G0599,dead,1,0,"And all were weeping and mourning for her, but he said, “Do not weep, for she is not dead but sleeping.”",D09,"the dead: praise, inquiry, sleep, going to them"
Luk 23:15,9,G2288,death,0,0,"Neither did Herod, for he sent him back to us. Look, nothing deserving death has been done by him.",D21,Christ's death
Joh 11:4,9,G2288,death,1,1,"But when Jesus heard it he said, “ This illness does not lead to death. It is for the glory of God, so that the Son of God may be glorified through it.”",D06,"dying of hunger, thirst, sickness or danger"
Joh 11:51,15,G0599,die,0,1,"He did not say this of his own accord, but being high priest that year he prophesied that Jesus would die for the nation,",D21,Christ's death
Joh 21:23,10,G0599,die,1,1,"So the saying spread abroad among the brothers that this disciple was not to die; yet Jesus did not say to him that he was not to die, but, “ If it is my will that he remain until I come, what is that to you?”",D08,"what death is: the common lot, the day of death, gathered to one's people"
Joh 21:23,18,G0599,die,1,0,"So the saying spread abroad among the brothers that this disciple was not to die; yet Jesus did not say to him that he was not to die, but, “ If it is my will that he remain until I come, what is that to you?”",D08,"what death is: the common lot, the day of death, gathered to one's people"
Act 21:13,19,G0599,die,0,1,"Then Paul answered, “ What are you doing, weeping and breaking my heart? For I am ready not only to be imprisoned but even to die in Jerusalem for the name of the Lord Jesus.”",D13,ready to die for or with another
Rom 1:32,8,G2288,die,0,0,"Though they know God’s righteous decree that those who practice such things deserve to die, they not only do them but give approval to those who practice them.",D14,death and sin
Rom 5:14,1,G2288,death,0,0,"Yet death reigned from Adam to Moses, even over those whose sinning was not like the transgression of Adam, who was a type of the one who was to come.",D17,"death as a power, realm or enemy"
Rom 6:5,4,G2288,death,0,0,"For if we have been united with him in a death like his, we shall certainly be united with him in a resurrection like his.",D22,died with Christ; dying to sin and the law; put to death what is earthly
Rom 7:13,3,G2288,death,0,0,"Did that which is good, then, bring death to me? By no means! It was sin, producing death in me through what is good, in order that sin might be shown to be sin, and through the commandment might become sinful beyond measure.",D23,death at work in the living
Rom 7:13,8,G2288,death,0,0,"Did that which is good, then, bring death to me? By no means! It was sin, producing death in me through what is good, in order that sin might be shown to be sin, and through the commandment might become sinful beyond measure.",D23,death at work in the living
2Cor 1:9,5,G2288,death,0,0,"Indeed, we felt that we had received the sentence of death. But that was to make us rely not on ourselves but on God who raises the dead.",D11,fear and anguish facing death
2Cor 5:15,1,G0599,died,0,0,"and he died for all, that those who live might no longer live for themselves but for him who for their sake died and was raised.",D21,Christ's death
2Cor 5:15,12,G0599,died,0,0,"and he died for all, that those who live might no longer live for themselves but for him who for their sake died and was raised.",D21,Christ's death
Phili 2:27,3,G2288,death,0,1,"Indeed he was ill, near to death. But God had mercy on him, and not only on him but on me also, lest I should have sorrow upon sorrow.",D06,"dying of hunger, thirst, sickness or danger"
Heb 11:13,2,G0599,died,0,0,"These all died in faith, not having received the things promised, but having seen them and greeted them from afar, and having acknowledged that they were strangers and exiles on the earth.",D25,living and dying to the Lord; the death of the upright
Act 25:11,7,G2288,die,0,0,"If then I am a wrongdoer and have committed anything for which I deserve to die, I do not seek to escape death. But if there is nothing to their charges against me, no one can give me up to them. I appeal to Caesar.”",D13,ready to die for or with another
Act 25:11,10,G0599,death,1,0,"If then I am a wrongdoer and have committed anything for which I deserve to die, I do not seek to escape death. But if there is nothing to their charges against me, no one can give me up to them. I appeal to Caesar.”",D13,ready to die for or with another
Act 25:25,7,G2288,death,0,0,"But I found that he had done nothing deserving death. And as he himself appealed to the emperor, I decided to go ahead and send him.",D02,put to death under law or sentence (data)
Mat 8:32,19,G0599,drowned,0,0,"And he said to them, “ Go.” So they came out and went into the pigs, and behold, the whole herd rushed down the steep bank into the sea and drowned in the waters.",D27,"not the inner being: animals, plants, objects, idiom"
Mat 26:66,5,G2288,death,0,0,"What is your judgment?” They answered, “He deserves death.”",D21,Christ's death
Mar 7:10,13,G2288,must surely,0,0,"For Moses said, ‘ Honor your father and your mother ’; and, ‘Whoever reviles father or mother must surely die.’",D02,put to death under law or sentence (data)
Luk 10:30,19,G2253,half dead,0,0,"Jesus replied, “ A man was going down from Jerusalem to Jericho, and he fell among robbers, who stripped him and beat him and departed, leaving him half dead.",D03,"killed or spared by people: murder, war, plots, execution, suicide (data; cf. unit 1 face C)"
Luk 22:33,14,G2288,death,0,0,"Peter said to him, “ Lord, I am ready to go with you both to prison and to death.”",D13,ready to die for or with another
Luk 23:22,15,G2288,death,0,0,"A third time he said to them, “ Why, What evil has he done? I have found in him no guilt deserving death. I will therefore punish and release him.”",D21,Christ's death
Joh 8:21,10,G0599,die,0,0,"So he said to them again, “ I am going away, and you will seek me, and you will die in your sin. Where I am going, you cannot come.”",D14,death and sin
Joh 8:24,3,G0599,die,0,0,"I told you that you would die in your sins, for unless you believe that I am he you will die in your sins.”",D14,death and sin
Joh 8:24,14,G0599,die,0,0,"I told you that you would die in your sins, for unless you believe that I am he you will die in your sins.”",D14,death and sin
Joh 11:16,10,G0599,die,0,0,"So Thomas, called the Twin, said to his fellow disciples, “Let us also go, that we may die with him.”",D13,ready to die for or with another
Joh 11:25,12,G0599,die,0,0,"Jesus said to her, “ I am the resurrection and the life. Whoever believes in me, though he die, yet shall he live,",D19,life beyond death: never die; death ended
Joh 11:37,15,G0599,dying,0,0,"But some of them said, “ Could not he who opened the eyes of the blind man also have kept this man from dying?”",D06,"dying of hunger, thirst, sickness or danger"
Joh 18:32,8,G2288,death,0,1,This was to fulfill the word that Jesus had spoken to show by what kind of death he was going to die.,D21,Christ's death
Joh 18:32,10,G0599,die,0,0,This was to fulfill the word that Jesus had spoken to show by what kind of death he was going to die.,D21,Christ's death
Act 13:34,10,G1312,corruption,0,0,"And as for the fact that he raised him from the dead,, no more to return to corruption, he has spoken in this way, “‘I will give you the holy and sure blessings of David.’",D28,corruption: the body seeing decay (Q4 link)
Heb 9:15,11,G2288,death,0,0,"Therefore he is the mediator of a new covenant, so that those who are called may receive the promised eternal inheritance, since a death has occurred that redeems them from the transgressions committed under the first covenant.",D21,Christ's death
Mar 15:44,12,G0599,dead,0,0,"Pilate was surprised to hear that he should have already died. And summoning the centurion, he asked him whether he was already dead.",D21,Christ's death
Rom 7:3,12,G0599,dies,0,0,"Accordingly, she will be called an adulteress if she lives with another man while her husband is alive. But if her husband dies, she is free from that law, and if she marries another man she is not an adulteress.",D01,"death notices, lifespans, burial, inheritance (data)"
Gen 3:3,12,H4191,die,0,0,"but God said, ‘You shall not eat of the fruit of the tree that is in the midst of the garden, neither shall you touch it, lest you die.’”",D14,death and sin
Gen 3:4,5,H4191,surely,1,0,"But the serpent said to the woman, “You will not surely die.",D14,death and sin
Gen 3:4,6,H4191,die,1,0,"But the serpent said to the woman, “You will not surely die.",D14,death and sin
Gen 20:3,8,H4191,dead man,0,0,"But God came to Abimelech in a dream by night and said to him, “Behold, you are a dead man because of the woman whom you have taken, for she is a man’s wife.”",D04,"struck down by God; death as his judgement (sword, famine, pestilence)"
Gen 21:16,7,H4194,death,1,0,"Then she went and sat down opposite him a good way off, about the distance of a bowshot, for she said, “Let me not look on the death of the child.” And as she sat opposite him, she lifted up her voice and wept.",D10,mourning and grief at a death
Gen 25:32,4,H4191,die,0,0,"Esau said, “ I am about to die; of what use is a birthright to me?”",D06,"dying of hunger, thirst, sickness or danger"
Gen 26:9,15,H4191,die,0,0,"So Abimelech called Isaac and said, “ Behold, she is your wife. How then could you say, ‘She is my sister ’?” Isaac said to him, “ Because I thought, ‘ Lest I die because of her.’”",D11,fear and anguish facing death
Gen 26:11,8,H4191,surely,0,0,"So Abimelech warned all the people, saying, “Whoever touches this man or his wife shall surely be put to death.”",D02,put to death under law or sentence (data)
Gen 26:11,9,H4191,put to death,0,0,"So Abimelech warned all the people, saying, “Whoever touches this man or his wife shall surely be put to death.”",D02,put to death under law or sentence (data)
Gen 27:2,7,H4194,death,0,0,"He said, “ Behold, I am old; I do not know the day of my death.",D08,"what death is: the common lot, the day of death, gathered to one's people"
Gen 30:1,15,H4191,die,0,0,"When Rachel saw that she bore Jacob no children, she envied her sister. She said to Jacob, “ Give me children, or I shall die!”",D12,wanting to die; wishing one had died
Gen 33:13,15,H4191,die,0,0,"But Jacob said to him, “My lord knows that the children are frail, and that the nursing flocks and herds are a care to me. If they are driven hard for one day, all the flocks will die.",D27,"not the inner being: animals, plants, objects, idiom"
Gen 42:37,4,H4191,Kill,0,0,"Then Reuben said to his father, “ Kill my two sons if I do not bring him back to you. Put him in my hands, and I will bring him back to you.”",D03,"killed or spared by people: murder, war, plots, execution, suicide (data; cf. unit 1 face C)"
Gen 44:20,10,H4191,dead,0,0,"And we said to my lord, ‘We have a father, an old man, and a young brother, the child of his old age. His brother is dead, and he alone is left of his mother’s children, and his father loves him.’",D01,"death notices, lifespans, burial, inheritance (data)"
Gen 44:22,9,H4191,die,0,0,"We said to my lord, ‘The boy cannot leave his father, for if he should leave his father, his father would die.’",D10,mourning and grief at a death
Gen 45:28,10,H4191,die,0,0,"And Israel said, “It is enough; Joseph my son is still alive. I will go and see him before I die.”",D07,"before I die: last words, blessing, wishes"
Gen 46:30,5,H4191,die,0,0,"Israel said to Joseph, “ Now let me die, since I have seen your face and know that you are still alive.”",D07,"before I die: last words, blessing, wishes"
Gen 47:15,15,H4191,die,0,0,"And when the money was all spent in the land of Egypt and in the land of Canaan, all the Egyptians came to Joseph and said, “ Give us food. Why should we die before your eyes? For our money is gone.”",D06,"dying of hunger, thirst, sickness or danger"
Gen 47:29,3,H4191,die,0,0,"And when the time drew near that Israel must die, he called his son Joseph and said to him, “ If now I have found favor in your sight, put your hand under my thigh and promise to deal kindly and truly with me. Do not bury me in Egypt,",D07,"before I die: last words, blessing, wishes"
Gen 48:21,6,H4191,die,0,1,"Then Israel said to Joseph, “ Behold, I am about to die, but God will be with you and will bring you again to the land of your fathers.",D07,"before I die: last words, blessing, wishes"
Gen 50:5,4,H4191,die,0,0,"‘My father made me swear, saying, “I am about to die: in my tomb that I hewed out for myself in the land of Canaan, there shall you bury me.” Now therefore, let me please go up and bury my father. Then I will return.’”",D07,"before I die: last words, blessing, wishes"
Gen 50:15,5,H4191,dead,0,0,"When Joseph’s brothers saw that their father was dead, they said, “It may be that Joseph will hate us and pay us back for all the evil that we did to him.”",D01,"death notices, lifespans, burial, inheritance (data)"
Gen 50:16,8,H4194,died,0,0,"So they sent a message to Joseph, saying, “Your father gave this command before he died:",D07,"before I die: last words, blessing, wishes"
Gen 50:24,5,H4191,die,0,1,"And Joseph said to his brothers, “ I am about to die, but God will visit you and bring you up out of this land to the land that he swore to Abraham, to Isaac, and to Jacob.”",D07,"before I die: last words, blessing, wishes"
Exo 4:19,13,H4191,dead,0,0,"And the Lord said to Moses in Midian, “ Go back to Egypt, for all the men who were seeking your life are dead.”",D01,"death notices, lifespans, burial, inheritance (data)"
Exo 10:28,10,H4191,die,0,0,"Then Pharaoh said to him, “ Get away from me; take care never to see my face again, for on the day you see my face you shall die.”",D03,"killed or spared by people: murder, war, plots, execution, suicide (data; cf. unit 1 face C)"
Exo 12:33,10,H4191,dead,0,0,"The Egyptians were urgent with the people to send them out of the land in haste. For they said, “We shall all be dead.”",D11,fear and anguish facing death
Exo 14:11,7,H4191,die,0,0,"They said to Moses, “Is it because there are no graves in Egypt that you have taken us away to die in the wilderness? What have you done to us in bringing us out of Egypt?",D12,wanting to die; wishing one had died
Exo 16:3,5,H4191,died,0,1,"and the people of Israel said to them, “ Would that we had died by the hand of the Lord in the land of Egypt, when we sat by the meat pots and ate bread to the full, for you have brought us out into this wilderness to kill this whole assembly with hunger.”",D12,wanting to die; wishing one had died
Exo 16:3,20,H4191,kill,0,0,"and the people of Israel said to them, “ Would that we had died by the hand of the Lord in the land of Egypt, when we sat by the meat pots and ate bread to the full, for you have brought us out into this wilderness to kill this whole assembly with hunger.”",D12,wanting to die; wishing one had died
Exo 17:3,12,H4191,kill,0,0,"But the people thirsted there for water, and the people grumbled against Moses and said, “ Why did you bring us up out of Egypt, to kill us and our children and our livestock with thirst?”",D12,wanting to die; wishing one had died
Exo 19:12,12,H4191,be,0,0,"And you shall set limits for the people all around, saying, ‘Take care not to go up into the mountain or touch the edge of it. Whoever touches the mountain shall be put to death.",D05,"near the holy: ""lest you die""; seeing or hearing God (cf. unit 1 face Q)"
Exo 19:12,13,H4191,put to death,0,0,"And you shall set limits for the people all around, saying, ‘Take care not to go up into the mountain or touch the edge of it. Whoever touches the mountain shall be put to death.",D05,"near the holy: ""lest you die""; seeing or hearing God (cf. unit 1 face Q)"
Lev 20:2,15,H4191,surely,0,1,"“ Say to the people of Israel, Any one of the people of Israel or of the strangers who sojourn in Israel who gives any of his children to Molech shall surely be put to death. The people of the land shall stone him with stones.",D02,put to death under law or sentence (data)
Lev 20:2,16,H4191,put to death,0,1,"“ Say to the people of Israel, Any one of the people of Israel or of the strangers who sojourn in Israel who gives any of his children to Molech shall surely be put to death. The people of the land shall stone him with stones.",D02,put to death under law or sentence (data)
Num 14:2,12,H4191,died,0,0,"And all the people of Israel grumbled against Moses and Aaron. The whole congregation said to them, “ Would that we had died in the land of Egypt! Or would that we had died in this wilderness!",D12,wanting to die; wishing one had died
Num 14:2,17,H4191,died,0,0,"And all the people of Israel grumbled against Moses and Aaron. The whole congregation said to them, “ Would that we had died in the land of Egypt! Or would that we had died in this wilderness!",D12,wanting to die; wishing one had died
Num 14:15,0,H4191,kill,0,0,"Now if you kill this people as one man, then the nations who have heard your fame will say,",D04,"struck down by God; death as his judgement (sword, famine, pestilence)"
Num 15:35,5,H4191,be,0,1,"And the Lord said to Moses, “The man shall be put to death; all the congregation shall stone him with stones outside the camp.”",D02,put to death under law or sentence (data)
Num 15:35,6,H4191,death,0,0,"And the Lord said to Moses, “The man shall be put to death; all the congregation shall stone him with stones outside the camp.”",D02,put to death under law or sentence (data)
Num 16:41,12,H4191,killed,0,1,"But on the next day all the congregation of the people of Israel grumbled against Moses and against Aaron, saying, “ You have killed the people of the Lord.”",D04,"struck down by God; death as his judgement (sword, famine, pestilence)"
Num 26:65,3,H4191,shall,0,1,"For the Lord had said of them, “They shall die in the wilderness.” Not one of them was left, except Caleb the son of Jephunneh and Joshua the son of Nun.",D04,"struck down by God; death as his judgement (sword, famine, pestilence)"
Num 26:65,4,H4191,die,0,1,"For the Lord had said of them, “They shall die in the wilderness.” Not one of them was left, except Caleb the son of Jephunneh and Joshua the son of Nun.",D04,"struck down by God; death as his judgement (sword, famine, pestilence)"
Deu 9:28,14,H4191,put them to death,0,0,"lest the land from which you brought us say, “ Because the Lord was not able to bring them into the land that he promised them, and because he hated them, he has brought them out to put them to death in the wilderness.”",D04,"struck down by God; death as his judgement (sword, famine, pestilence)"
Deu 18:16,21,H4191,die,1,0,"just as you desired of the Lord your God at Horeb on the day of the assembly, when you said, ‘Let me not hear again the voice of the Lord my God or see this great fire any more, lest I die.’",D05,"near the holy: ""lest you die""; seeing or hearing God (cf. unit 1 face Q)"
Deu 31:14,7,H4191,die,0,0,"And the Lord said to Moses, “ Behold, the days approach when you must die. Call Joshua and present yourselves in the tent of meeting, that I may commission him.” And Moses and Joshua went and presented themselves in the tent of meeting.",D07,"before I die: last words, blessing, wishes"
Jos 2:14,3,H4191,death,0,1,"And the men said to her, “Our life for yours even to death! If you do not tell this business of ours, then when the Lord gives us the land we will deal kindly and faithfully with you.”",D13,ready to die for or with another
Judg 1:1,1,H4194,death,0,1,"After the death of Joshua, the people of Israel inquired of the Lord, “ Who shall go up first for us against the Canaanites, to fight against them?”",D01,"death notices, lifespans, burial, inheritance (data)"
Judg 1:7,17,H4191,died,0,1,"And Adoni-bezek said, “ Seventy kings with their thumbs and their big toes cut off used to pick up scraps under my table. As I have done, so God has repaid me.” And they brought him to Jerusalem, and he died there.",D04,"struck down by God; death as his judgement (sword, famine, pestilence)"
Judg 4:22,18,H4191,dead,0,0,"And behold, as Barak was pursuing Sisera, Jael went out to meet him and said to him, “ Come, and I will show you the man whom you are seeking.” So he went in to her tent, and there lay Sisera dead, with the tent peg in his temple.",D03,"killed or spared by people: murder, war, plots, execution, suicide (data; cf. unit 1 face C)"
Judg 6:30,7,H4191,die,0,0,"Then the men of the town said to Joash, “ Bring out your son, that he may die, for he has broken down the altar of Baal and cut down the Asherah beside it.”",D03,"killed or spared by people: murder, war, plots, execution, suicide (data; cf. unit 1 face C)"
Judg 6:31,14,H4191,put to death,0,1,"But Joash said to all who stood against him, “Will you contend for Baal? Or will you save him? Whoever contends for him shall be put to death by morning. If he is a god, let him contend for himself, because his altar has been broken down.”",D03,"killed or spared by people: murder, war, plots, execution, suicide (data; cf. unit 1 face C)"
Judg 9:54,8,H4191,kill,0,0,"Then he called quickly to the young man his armor-bearer and said to him, “ Draw your sword and kill me, lest they say of me, ‘A woman killed him.’” And his young man thrust him through, and he died.",D12,wanting to die; wishing one had died
Judg 9:54,14,H4191,died,0,0,"Then he called quickly to the young man his armor-bearer and said to him, “ Draw your sword and kill me, lest they say of me, ‘A woman killed him.’” And his young man thrust him through, and he died.",D03,"killed or spared by people: murder, war, plots, execution, suicide (data; cf. unit 1 face C)"
Judg 13:7,16,H4194,death,0,1,"but he said to me, ‘Behold, you shall conceive and bear a son. So then drink no wine or strong drink, and eat nothing unclean, for the child shall be a Nazirite to God from the womb to the day of his death.’”",D01,"death notices, lifespans, burial, inheritance (data)"
Judg 13:22,4,H4191,surely,0,1,"And Manoah said to his wife, “We shall surely die, for we have seen God.”",D05,"near the holy: ""lest you die""; seeing or hearing God (cf. unit 1 face Q)"
Judg 13:22,5,H4191,die,0,1,"And Manoah said to his wife, “We shall surely die, for we have seen God.”",D05,"near the holy: ""lest you die""; seeing or hearing God (cf. unit 1 face Q)"
Judg 13:23,5,H4191,kill,0,1,"But his wife said to him, “ If the Lord had meant to kill us, he would not have accepted a burnt offering and a grain offering at our hands, or shown us all these things, or now announced to us such things as these.”",D05,"near the holy: ""lest you die""; seeing or hearing God (cf. unit 1 face Q)"
Judg 16:30,3,H4191,die,0,0,"And Samson said, “Let me die with the Philistines.” Then he bowed with all his strength, and the house fell upon the lords and upon all the people who were in it. So the dead whom he killed at his death were more than those whom he had killed during his life.",D12,wanting to die; wishing one had died
Judg 16:30,15,H4191,dead,0,0,"And Samson said, “Let me die with the Philistines.” Then he bowed with all his strength, and the house fell upon the lords and upon all the people who were in it. So the dead whom he killed at his death were more than those whom he had killed during his life.",D03,"killed or spared by people: murder, war, plots, execution, suicide (data; cf. unit 1 face C)"
Judg 16:30,16,H4191,killed,0,0,"And Samson said, “Let me die with the Philistines.” Then he bowed with all his strength, and the house fell upon the lords and upon all the people who were in it. So the dead whom he killed at his death were more than those whom he had killed during his life.",D03,"killed or spared by people: murder, war, plots, execution, suicide (data; cf. unit 1 face C)"
Judg 16:30,17,H4194,death,0,0,"And Samson said, “Let me die with the Philistines.” Then he bowed with all his strength, and the house fell upon the lords and upon all the people who were in it. So the dead whom he killed at his death were more than those whom he had killed during his life.",D03,"killed or spared by people: murder, war, plots, execution, suicide (data; cf. unit 1 face C)"
Judg 16:30,19,H4191,killed,0,0,"And Samson said, “Let me die with the Philistines.” Then he bowed with all his strength, and the house fell upon the lords and upon all the people who were in it. So the dead whom he killed at his death were more than those whom he had killed during his life.",D03,"killed or spared by people: murder, war, plots, execution, suicide (data; cf. unit 1 face C)"
Judg 21:5,23,H4191,surely,0,1,"And the people of Israel said, “ Which of all the tribes of Israel did not come up in the assembly to the Lord?” For they had taken a great oath concerning him who did not come up to the Lord to Mizpah, saying, “He shall surely be put to death.”",D02,put to death under law or sentence (data)
Judg 21:5,24,H4191,put to death,0,1,"And the people of Israel said, “ Which of all the tribes of Israel did not come up in the assembly to the Lord?” For they had taken a great oath concerning him who did not come up to the Lord to Mizpah, saying, “He shall surely be put to death.”",D02,put to death under law or sentence (data)
Rut 1:8,13,H4191,dead,0,1,"But Naomi said to her two daughters-in-law, “ Go, return each of you to her mother’s house. May the Lord deal kindly with you, as you have dealt with the dead and with me.",D09,"the dead: praise, inquiry, sleep, going to them"
Rut 2:11,7,H4194,death,0,0,"But Boaz answered her, “ All that you have done for your mother-in-law since the death of your husband has been fully told to me, and how you left your father and mother and your native land and came to a people that you did not know before.",D01,"death notices, lifespans, burial, inheritance (data)"
Rut 2:20,9,H4191,dead,0,1,"And Naomi said to her daughter-in-law, “May he be blessed by the Lord, whose kindness has not forsaken the living or the dead!” Naomi also said to her, “ The man is a close relative of ours, one of our redeemers.”",D09,"the dead: praise, inquiry, sleep, going to them"
Rut 4:5,11,H4191,dead,0,0,"Then Boaz said, “The day you buy the field from the hand of Naomi, you also acquire Ruth the Moabite, the widow of the dead, in order to perpetuate the name of the dead in his inheritance.”",D01,"death notices, lifespans, burial, inheritance (data)"
Rut 4:5,15,H4191,dead,0,0,"Then Boaz said, “The day you buy the field from the hand of Naomi, you also acquire Ruth the Moabite, the widow of the dead, in order to perpetuate the name of the dead in his inheritance.”",D01,"death notices, lifespans, burial, inheritance (data)"
1Sa 4:17,14,H4191,dead,0,1,"He who brought the news answered and said, “ Israel has fled before the Philistines, and there has also been a great defeat among the people. Your two sons also, Hophni and Phinehas, are dead, and the ark of God has been captured.”",D01,"death notices, lifespans, burial, inheritance (data)"
1Sa 5:10,15,H4191,kill,0,1,"So they sent the ark of God to Ekron. But as soon as the ark of God came to Ekron, the people of Ekron cried out, “They have brought around to us the ark of the God of Israel to kill us and our people.”",D11,fear and anguish facing death
1Sa 5:11,13,H4191,kill,1,1,"They sent therefore and gathered together all the lords of the Philistines and said, “Send away the ark of the God of Israel, and let it return to its own place, that it may not kill us and our people.” For there was a deathly panic throughout the whole city. The hand of God was very heavy there.",D11,fear and anguish facing death
1Sa 5:11,15,H4194,deathly,0,1,"They sent therefore and gathered together all the lords of the Philistines and said, “Send away the ark of the God of Israel, and let it return to its own place, that it may not kill us and our people.” For there was a deathly panic throughout the whole city. The hand of God was very heavy there.",D11,fear and anguish facing death
1Sa 11:12,11,H4191,death,0,0,"Then the people said to Samuel, “ Who is it that said, ‘Shall Saul reign over us?’ Bring the men, that we may put them to death.”",D03,"killed or spared by people: murder, war, plots, execution, suicide (data; cf. unit 1 face C)"
1Sa 11:13,4,H4191,put to death,1,1,"But Saul said, “ Not a man shall be put to death this day, for today the Lord has worked salvation in Israel.”",D03,"killed or spared by people: murder, war, plots, execution, suicide (data; cf. unit 1 face C)"
1Sa 14:43,17,H4191,die,0,0,"Then Saul said to Jonathan, “ Tell me what you have done.” And Jonathan told him, “I tasted a little honey with the tip of the staff that was in my hand. Here I am; I will die.”",D13,ready to die for or with another
1Sa 14:44,6,H4191,surely,0,1,"And Saul said, “ God do so to me and more also; you shall surely die, Jonathan.”",D03,"killed or spared by people: murder, war, plots, execution, suicide (data; cf. unit 1 face C)"
1Sa 14:44,7,H4191,die,0,1,"And Saul said, “ God do so to me and more also; you shall surely die, Jonathan.”",D03,"killed or spared by people: murder, war, plots, execution, suicide (data; cf. unit 1 face C)"
1Sa 14:45,5,H4191,die,0,0,"Then the people said to Saul, “Shall Jonathan die, who has worked this great salvation in Israel? Far from it! As the Lord lives, there shall not one hair of his head fall to the ground, for he has worked with God this day.” So the people ransomed Jonathan, so that he did not die.",D03,"killed or spared by people: murder, war, plots, execution, suicide (data; cf. unit 1 face C)"
1Sa 14:45,29,H4191,die,1,0,"Then the people said to Saul, “Shall Jonathan die, who has worked this great salvation in Israel? Far from it! As the Lord lives, there shall not one hair of his head fall to the ground, for he has worked with God this day.” So the people ransomed Jonathan, so that he did not die.",D03,"killed or spared by people: murder, war, plots, execution, suicide (data; cf. unit 1 face C)"
1Sa 19:2,6,H4191,kill,0,0,"And Jonathan told David, “ Saul my father seeks to kill you. Therefore be on your guard in the morning. Stay in a secret place and hide yourself.",D03,"killed or spared by people: murder, war, plots, execution, suicide (data; cf. unit 1 face C)"
1Sa 19:11,6,H4191,kill,0,0,"Saul sent messengers to David’s house to watch him, that he might kill him in the morning. But Michal, David’s wife, told him, “ If you do not escape with your life tonight, tomorrow you will be killed.”",D03,"killed or spared by people: murder, war, plots, execution, suicide (data; cf. unit 1 face C)"
1Sa 19:11,19,H4191,killed,0,0,"Saul sent messengers to David’s house to watch him, that he might kill him in the morning. But Michal, David’s wife, told him, “ If you do not escape with your life tonight, tomorrow you will be killed.”",D03,"killed or spared by people: murder, war, plots, execution, suicide (data; cf. unit 1 face C)"
1Sa 19:15,8,H4191,kill,0,0,"Then Saul sent the messengers to see David, saying, “Bring him up to me in the bed, that I may kill him.”",D03,"killed or spared by people: murder, war, plots, execution, suicide (data; cf. unit 1 face C)"
1Sa 19:17,17,H4191,kill,0,0,"Saul said to Michal, “ Why have you deceived me thus and let my enemy go, so that he has escaped?” And Michal answered Saul, “ He said to me, ‘Let me go. Why should I kill you?’”",D03,"killed or spared by people: murder, war, plots, execution, suicide (data; cf. unit 1 face C)"
1Sa 20:2,3,H4191,die,1,0,"And he said to him, “ Far from it! You shall not die. Behold, my father does nothing either great or small without disclosing it to me. And why should my father hide this from me? It is not so.”",D03,"killed or spared by people: murder, war, plots, execution, suicide (data; cf. unit 1 face C)"
1Sa 20:3,26,H4194,death,0,0,"But David vowed again, saying, “Your father knows well that I have found favor in your eyes, and he thinks, ‘Do not let Jonathan know this, lest he be grieved.’ But truly, as the Lord lives and as your soul lives, there is but a step between me and death.”",D11,fear and anguish facing death
1Sa 20:32,5,H4191,put to death,0,0,"Then Jonathan answered Saul his father, “ Why should he be put to death? What has he done?”",D03,"killed or spared by people: murder, war, plots, execution, suicide (data; cf. unit 1 face C)"
1Sa 22:16,2,H4191,surely,0,0,"And the king said, “You shall surely die, Ahimelech, you and all your father’s house.”",D03,"killed or spared by people: murder, war, plots, execution, suicide (data; cf. unit 1 face C)"
1Sa 22:16,3,H4191,die,0,0,"And the king said, “You shall surely die, Ahimelech, you and all your father’s house.”",D03,"killed or spared by people: murder, war, plots, execution, suicide (data; cf. unit 1 face C)"
1Sa 22:18,11,H4191,killed,0,0,"Then the king said to Doeg, “You turn and strike the priests.” And Doeg the Edomite turned and struck down the priests, and he killed on that day eighty-five persons who wore the linen ephod.",D03,"killed or spared by people: murder, war, plots, execution, suicide (data; cf. unit 1 face C)"
1Sa 26:10,10,H4191,die,0,1,"And David said, “As the Lord lives, the Lord will strike him, or his day will come to die, or he will go down into battle and perish.",D08,"what death is: the common lot, the day of death, gathered to one's people"
1Sa 28:9,19,H4191,death,0,0,"The woman said to him, “ Surely you know what Saul has done, how he has cut off the mediums and the necromancers from the land. Why then are you laying a trap for my life to bring about my death?”",D03,"killed or spared by people: murder, war, plots, execution, suicide (data; cf. unit 1 face C)"
1Sa 30:15,9,H4191,kill,0,1,"And David said to him, “Will you take me down to this band?” And he said, “ Swear to me by God that you will not kill me or deliver me into the hands of my master, and I will take you down to this band.”",D03,"killed or spared by people: murder, war, plots, execution, suicide (data; cf. unit 1 face C)"
2Sa 1:5,11,H4191,dead,0,0,"Then David said to the young man who told him, “ How do you know that Saul and his son Jonathan are dead?”",D01,"death notices, lifespans, burial, inheritance (data)"
2Sa 1:15,8,H4191,died,0,0,"Then David called one of the young men and said, “ Go, execute him.” And he struck him down so that he died.",D03,"killed or spared by people: murder, war, plots, execution, suicide (data; cf. unit 1 face C)"
2Sa 3:33,5,H4191,die,0,0,"And the king lamented for Abner, saying, “Should Abner die as a fool dies?",D10,mourning and grief at a death
2Sa 3:33,7,H4194,dies,0,0,"And the king lamented for Abner, saying, “Should Abner die as a fool dies?",D10,mourning and grief at a death
2Sa 4:10,2,H4191,dead,0,0,"when one told me, ‘Behold, Saul is dead,’ and thought he was bringing good news, I seized him and killed him at Ziklag, which was the reward I gave him for his news.",D03,"killed or spared by people: murder, war, plots, execution, suicide (data; cf. unit 1 face C)"
2Sa 11:15,11,H4191,die,0,0,"In the letter he wrote, “ Set Uriah in the forefront of the hardest fighting, and then draw back from him, that he may be struck down, and die.”",D03,"killed or spared by people: murder, war, plots, execution, suicide (data; cf. unit 1 face C)"
2Sa 12:13,14,H4191,die,1,1,"David said to Nathan, “I have sinned against the Lord.” And Nathan said to David, “The Lord also has put away your sin; you shall not die.",D14,death and sin
2Sa 13:33,12,H4191,dead,0,0,"Now therefore let not my lord the king so take it to heart as to suppose that all the king’s sons are dead, for Amnon alone is dead.”",D10,mourning and grief at a death
2Sa 13:33,15,H4191,dead,0,0,"Now therefore let not my lord the king so take it to heart as to suppose that all the king’s sons are dead, for Amnon alone is dead.”",D10,mourning and grief at a death
2Sa 14:5,8,H4191,dead,0,0,"And the king said to her, “ What is your trouble?” She answered, “ Alas, I am a widow; my husband is dead.",D01,"death notices, lifespans, burial, inheritance (data)"
2Sa 14:7,11,H4191,put him to death,0,0,"And now the whole clan has risen against your servant, and they say, ‘ Give up the man who struck his brother, that we may put him to death for the life of his brother whom he killed.’ And so they would destroy the heir also. Thus they would quench my coal that is left and leave to my husband neither name nor remnant on the face of the earth.”",D03,"killed or spared by people: murder, war, plots, execution, suicide (data; cf. unit 1 face C)"
2Sa 14:32,27,H4191,put me to death,0,0,"Absalom answered Joab, “ Behold, I sent word to you, ‘ Come here, that I may send you to the king, to ask, “ Why have I come from Geshur? It would be better for me to be there still.” Now therefore let me go into the presence of the king, and if there is guilt in me, let him put me to death.’”",D03,"killed or spared by people: murder, war, plots, execution, suicide (data; cf. unit 1 face C)"
2Sa 16:9,7,H4191,dead,0,1,"Then Abishai the son of Zeruiah said to the king, “ Why should this dead dog curse my lord the king? Let me go over and take off his head.”",D24,"like the dead: the living likened to the dead; the heart that died; ""dead dog"""
2Sa 18:3,11,H4191,die,0,0,"But the men said, “You shall not go out. For if we flee, they will not care about us. If half of us die, they will not care about us. But you are worth ten thousand of us. Therefore it is better that you send us help from the city.”",D06,"dying of hunger, thirst, sickness or danger"
2Sa 18:20,14,H4191,dead,0,0,"And Joab said to him, “ You are not to carry news today. You may carry news another day, but today you shall carry no news, because the king’s son is dead.”",D01,"death notices, lifespans, burial, inheritance (data)"
2Sa 19:22,9,H4191,put to death,0,0,"But David said, “ What have I to do with you, you sons of Zeruiah, that you should this day be as an adversary to me? Shall anyone be put to death in Israel this day? For do I not know that I am this day king over Israel?”",D03,"killed or spared by people: murder, war, plots, execution, suicide (data; cf. unit 1 face C)"
2Sa 19:23,5,H4191,die,1,0,"And the king said to Shimei, “You shall not die.” And the king gave him his oath.",D03,"killed or spared by people: murder, war, plots, execution, suicide (data; cf. unit 1 face C)"
2Sa 21:1,22,H4191,death,0,0,"Now there was a famine in the days of David for three years, year after year. And David sought the face of the Lord. And the Lord said, “There is bloodguilt on Saul and on his house, because he put the Gibeonites to death.”",D03,"killed or spared by people: murder, war, plots, execution, suicide (data; cf. unit 1 face C)"
2Sa 21:4,11,H4191,death,0,0,"The Gibeonites said to him, “It is not a matter of silver or gold between us and Saul or his house; neither is it for us to put any man to death in Israel.” And he said, “ What do you say that I shall do for you?”",D03,"killed or spared by people: murder, war, plots, execution, suicide (data; cf. unit 1 face C)"
2Sa 21:17,6,H4191,killed,0,0,"But Abishai the son of Zeruiah came to his aid and attacked the Philistine and killed him. Then David’s men swore to him, “You shall no longer go out with us to battle, lest you quench the lamp of Israel.”",D03,"killed or spared by people: murder, war, plots, execution, suicide (data; cf. unit 1 face C)"
1Ki 1:52,12,H4191,die,0,0,"And Solomon said, “ If he will show himself a worthy man, not one of his hairs shall fall to the earth, but if wickedness is found in him, he shall die.”",D03,"killed or spared by people: murder, war, plots, execution, suicide (data; cf. unit 1 face C)"
1Ki 2:1,2,H4191,die,0,0,"When David’s time to die drew near, he commanded Solomon his son, saying,",D07,"before I die: last words, blessing, wishes"
1Ki 2:42,18,H4191,die,0,0,"the king sent and summoned Shimei and said to him, “Did I not make you swear by the Lord and solemnly warn you, saying, ‘ Know for certain that on the day you go out and go to any place whatever, you shall die ’? And you said to me, ‘What you say is good; I will obey.’",D03,"killed or spared by people: murder, war, plots, execution, suicide (data; cf. unit 1 face C)"
1Ki 2:42,18,H4191,die,0,0,"the king sent and summoned Shimei and said to him, “Did I not make you swear by the Lord and solemnly warn you, saying, ‘ Know for certain that on the day you go out and go to any place whatever, you shall die ’? And you said to me, ‘What you say is good; I will obey.’",D03,"killed or spared by people: murder, war, plots, execution, suicide (data; cf. unit 1 face C)"
1Ki 3:23,8,H4191,dead,0,0,"Then the king said, “The one says, ‘ This is my son that is alive, and your son is dead ’; and the other says, ‘ No; but your son is dead, and my son is the living one.’”",D01,"death notices, lifespans, burial, inheritance (data)"
1Ki 3:23,14,H4191,dead,0,0,"Then the king said, “The one says, ‘ This is my son that is alive, and your son is dead ’; and the other says, ‘ No; but your son is dead, and my son is the living one.’”",D01,"death notices, lifespans, burial, inheritance (data)"
1Ki 3:26,17,H4191,put him to death,1,1,"Then the woman whose son was alive said to the king, because her heart yearned for her son, “ Oh, my lord, give her the living child, and by no means put him to death.” But the other said, “He shall be neither mine nor yours; divide him.”",D03,"killed or spared by people: murder, war, plots, execution, suicide (data; cf. unit 1 face C)"
1Ki 3:26,18,H4191,other,1,0,"Then the woman whose son was alive said to the king, because her heart yearned for her son, “ Oh, my lord, give her the living child, and by no means put him to death.” But the other said, “He shall be neither mine nor yours; divide him.”",D03,"killed or spared by people: murder, war, plots, execution, suicide (data; cf. unit 1 face C)"
1Ki 3:27,7,H4191,means,1,0,"Then the king answered and said, “ Give the living child to the first woman, and by no means put him to death; she is his mother.”",D03,"killed or spared by people: murder, war, plots, execution, suicide (data; cf. unit 1 face C)"
1Ki 3:27,8,H4191,put him to death,1,0,"Then the king answered and said, “ Give the living child to the first woman, and by no means put him to death; she is his mother.”",D03,"killed or spared by people: murder, war, plots, execution, suicide (data; cf. unit 1 face C)"
1Ki 11:21,10,H4191,dead,0,0,"But when Hadad heard in Egypt that David slept with his fathers and that Joab the commander of the army was dead, Hadad said to Pharaoh, “Let me depart, that I may go to my own country.”",D01,"death notices, lifespans, burial, inheritance (data)"
1Ki 13:31,6,H4194,die,0,1,"And after he had buried him, he said to his sons, “ When I die, bury me in the grave in which the man of God is buried; lay my bones beside his bones.",D07,"before I die: last words, blessing, wishes"
1Ki 17:18,10,H4191,death,0,1,"And she said to Elijah, “ What have you against me, O man of God? You have come to me to bring my sin to remembrance and to cause the death of my son!”",D14,death and sin
1Ki 17:20,13,H4191,killing,0,0,"And he cried to the Lord, “O Lord my God, have you brought calamity even upon the widow with whom I sojourn, by killing her son?”",D04,"struck down by God; death as his judgement (sword, famine, pestilence)"
1Ki 19:4,12,H4191,die,0,1,"But he himself went a day’s journey into the wilderness and came and sat down under a broom tree. And he asked that he might die, saying, “It is enough; now, O Lord, take away my life, for I am no better than my fathers.”",D12,wanting to die; wishing one had died
1Ki 21:10,12,H4191,death,0,1,"And set two worthless men opposite him, and let them bring a charge against him, saying, ‘You have cursed God and the king.’ Then take him out and stone him to death.”",D03,"killed or spared by people: murder, war, plots, execution, suicide (data; cf. unit 1 face C)"
1Ki 21:13,21,H4191,death,0,0,"And the two worthless men came in and sat opposite him. And the worthless men brought a charge against Naboth in the presence of the people, saying, “ Naboth cursed God and the king.” So they took him outside the city and stoned him to death with stones.",D03,"killed or spared by people: murder, war, plots, execution, suicide (data; cf. unit 1 face C)"
1Ki 21:14,6,H4191,dead,0,0,"Then they sent to Jezebel, saying, “ Naboth has been stoned; he is dead.”",D03,"killed or spared by people: murder, war, plots, execution, suicide (data; cf. unit 1 face C)"
1Ki 21:15,5,H4191,dead,0,0,"As soon as Jezebel heard that Naboth had been stoned and was dead, Jezebel said to Ahab, “ Arise, take possession of the vineyard of Naboth the Jezreelite, which he refused to give you for money, for Naboth is not alive, but dead.”",D03,"killed or spared by people: murder, war, plots, execution, suicide (data; cf. unit 1 face C)"
1Ki 21:15,24,H4191,dead,0,0,"As soon as Jezebel heard that Naboth had been stoned and was dead, Jezebel said to Ahab, “ Arise, take possession of the vineyard of Naboth the Jezreelite, which he refused to give you for money, for Naboth is not alive, but dead.”",D03,"killed or spared by people: murder, war, plots, execution, suicide (data; cf. unit 1 face C)"
2Ki 1:4,11,H4191,surely,0,0,"Now therefore thus says the Lord, You shall not come down from the bed to which you have gone up, but you shall surely die.’” So Elijah went.",D04,"struck down by God; death as his judgement (sword, famine, pestilence)"
2Ki 1:4,12,H4191,die,0,0,"Now therefore thus says the Lord, You shall not come down from the bed to which you have gone up, but you shall surely die.’” So Elijah went.",D04,"struck down by God; death as his judgement (sword, famine, pestilence)"
2Ki 2:21,15,H4194,death,1,0,"Then he went to the spring of water and threw salt in it and said, “ Thus says the Lord, I have healed this water; from now on neither death nor miscarriage shall come from it.”",D06,"dying of hunger, thirst, sickness or danger"
2Ki 7:3,14,H4191,die,0,0,"Now there were four men who were lepers at the entrance to the gate. And they said to one another, “ Why are we sitting here until we die?",D06,"dying of hunger, thirst, sickness or danger"
2Ki 9:27,20,H4191,died,0,0,"When Ahaziah the king of Judah saw this, he fled in the direction of Beth-haggan. And Jehu pursued him and said, “ Shoot him also.” And they shot him in the chariot at the ascent of Gur, which is by Ibleam. And he fled to Megiddo and died there.",D03,"killed or spared by people: murder, war, plots, execution, suicide (data; cf. unit 1 face C)"
2Ki 11:15,9,H4191,put to death,0,0,"Then Jehoiada the priest commanded the captains who were set over the army, “ Bring her out between the ranks, and put to death with the sword anyone who follows her.” For the priest said, “Let her not be put to death in the house of the Lord.”",D03,"killed or spared by people: murder, war, plots, execution, suicide (data; cf. unit 1 face C)"
2Ki 11:15,16,H4191,put to death,1,1,"Then Jehoiada the priest commanded the captains who were set over the army, “ Bring her out between the ranks, and put to death with the sword anyone who follows her.” For the priest said, “Let her not be put to death in the house of the Lord.”",D03,"killed or spared by people: murder, war, plots, execution, suicide (data; cf. unit 1 face C)"
2Ki 13:14,4,H4191,die,0,0,"Now when Elisha had fallen sick with the illness of which he was to die, Joash king of Israel went down to him and wept before him, crying, “My father, my father! The chariots of Israel and its horsemen!”",D06,"dying of hunger, thirst, sickness or danger"
2Ki 14:6,1,H4191,put to death,1,0,"But he did not put to death the children of the murderers, according to what is written in the Book of the Law of Moses, where the Lord commanded, “ Fathers shall not be put to death because of their children, nor shall children be put to death because of their fathers. But each one shall die for his own sin.”",D14,death and sin
2Ki 14:6,13,H4191,put to death,1,1,"But he did not put to death the children of the murderers, according to what is written in the Book of the Law of Moses, where the Lord commanded, “ Fathers shall not be put to death because of their children, nor shall children be put to death because of their fathers. But each one shall die for his own sin.”",D14,death and sin
2Ki 14:6,18,H4191,put to death,1,0,"But he did not put to death the children of the murderers, according to what is written in the Book of the Law of Moses, where the Lord commanded, “ Fathers shall not be put to death because of their children, nor shall children be put to death because of their fathers. But each one shall die for his own sin.”",D14,death and sin
2Ki 14:6,22,H4191,die,0,0,"But he did not put to death the children of the murderers, according to what is written in the Book of the Law of Moses, where the Lord commanded, “ Fathers shall not be put to death because of their children, nor shall children be put to death because of their fathers. But each one shall die for his own sin.”",D14,death and sin
2Ki 17:26,17,H4191,killing,0,1,"So the king of Assyria was told, “The nations that you have carried away and placed in the cities of Samaria do not know the law of the god of the land. Therefore he has sent lions among them, and behold, they are killing them, because they do not know the law of the god of the land.”",D04,"struck down by God; death as his judgement (sword, famine, pestilence)"
2Ch 22:9,8,H4191,put to death,0,0,"He searched for Ahaziah, and he was captured while hiding in Samaria, and he was brought to Jehu and put to death. They buried him, for they said, “He is the grandson of Jehoshaphat, who sought the Lord with all his heart.” And the house of Ahaziah had no one able to rule the kingdom.",D03,"killed or spared by people: murder, war, plots, execution, suicide (data; cf. unit 1 face C)"
2Ch 23:14,12,H4191,put to death,0,0,"Then Jehoiada the priest brought out the captains who were set over the army, saying to them, “ Bring her out between the ranks, and anyone who follows her is to be put to death with the sword.” For the priest said, “Do not put her to death in the house of the Lord.”",D03,"killed or spared by people: murder, war, plots, execution, suicide (data; cf. unit 1 face C)"
2Ch 23:14,17,H4191,put her to death,1,1,"Then Jehoiada the priest brought out the captains who were set over the army, saying to them, “ Bring her out between the ranks, and anyone who follows her is to be put to death with the sword.” For the priest said, “Do not put her to death in the house of the Lord.”",D03,"killed or spared by people: murder, war, plots, execution, suicide (data; cf. unit 1 face C)"
2Ch 24:22,10,H4191,dying,0,1,"Thus Joash the king did not remember the kindness that Jehoiada, Zechariah’s father, had shown him, but killed his son. And when he was dying, he said, “May the Lord see and avenge!”",D03,"killed or spared by people: murder, war, plots, execution, suicide (data; cf. unit 1 face C)"
2Ch 25:4,2,H4191,death,1,0,"But he did not put their children to death, according to what is written in the Law, in the Book of Moses, where the Lord commanded, “ Fathers shall not die because of their children, nor children die because of their fathers, but each one shall die for his own sin.”",D14,death and sin
2Ch 25:4,12,H4191,die,1,1,"But he did not put their children to death, according to what is written in the Law, in the Book of Moses, where the Lord commanded, “ Fathers shall not die because of their children, nor children die because of their fathers, but each one shall die for his own sin.”",D14,death and sin
2Ch 25:4,16,H4191,die,1,0,"But he did not put their children to death, according to what is written in the Law, in the Book of Moses, where the Lord commanded, “ Fathers shall not die because of their children, nor children die because of their fathers, but each one shall die for his own sin.”",D14,death and sin
2Ch 25:4,19,H4191,die,0,0,"But he did not put their children to death, according to what is written in the Law, in the Book of Moses, where the Lord commanded, “ Fathers shall not die because of their children, nor children die because of their fathers, but each one shall die for his own sin.”",D14,death and sin
2Ch 32:11,4,H4191,die,0,1,"Is not Hezekiah misleading you, that he may give you over to die by famine and by thirst, when he tells you, “The Lord our God will deliver us from the hand of the king of Assyria ”?",D06,"dying of hunger, thirst, sickness or danger"
2Ch 32:24,4,H4191,death,0,1,"In those days Hezekiah became sick and was at the point of death, and he prayed to the Lord, and he answered him and gave him a sign.",D06,"dying of hunger, thirst, sickness or danger"
Job 2:9,6,H4191,die,0,1,"Then his wife said to him, “Do you still hold fast your integrity? Curse God and die.”",D12,wanting to die; wishing one had died
Job 28:22,1,H4194,Death,0,0,"Abaddon and Death say, ‘ We have heard a rumor of it with our ears.’",D17,"death as a power, realm or enemy"
Isa 8:19,12,H4191,dead,0,1,"And when they say to you, “ Inquire of the mediums and the necromancers who chirp and mutter,” should not a people inquire of their God? Should they inquire of the dead on behalf of the living?",D09,"the dead: praise, inquiry, sleep, going to them"
Isa 22:14,9,H4191,die,0,1,"The Lord of hosts has revealed himself in my ears: “Surely this iniquity will not be atoned for you until you die,” says the Lord God of hosts.",D14,death and sin
Isa 28:15,5,H4194,death,0,0,"Because you have said, “We have made a covenant with death, and with Sheol we have an agreement, when the overwhelming whip passes through it will not come to us, for we have made lies our refuge, and in falsehood we have taken shelter ”;",D17,"death as a power, realm or enemy"
Jer 11:21,15,H4191,die,1,1,"Therefore thus says the Lord concerning the men of Anathoth, who seek your life, and say, “Do not prophesy in the name of the Lord, or you will die by our hand ”—",D03,"killed or spared by people: murder, war, plots, execution, suicide (data; cf. unit 1 face C)"
Jer 11:22,9,H4191,die,0,0,"therefore thus says the Lord of hosts: “ Behold, I will punish them. The young men shall die by the sword, their sons and their daughters shall die by famine,",D04,"struck down by God; death as his judgement (sword, famine, pestilence)"
Jer 11:22,13,H4191,die,0,0,"therefore thus says the Lord of hosts: “ Behold, I will punish them. The young men shall die by the sword, their sons and their daughters shall die by famine,",D04,"struck down by God; death as his judgement (sword, famine, pestilence)"
Jer 15:2,9,H4194,pestilence,0,1,"And when they ask you, ‘ Where shall we go?’ you shall say to them, ‘Thus says the Lord: “‘Those who are for pestilence, to pestilence, and those who are for the sword, to the sword; those who are for famine, to famine, and those who are for captivity, to captivity.’",D04,"struck down by God; death as his judgement (sword, famine, pestilence)"
Jer 15:2,10,H4194,pestilence,0,1,"And when they ask you, ‘ Where shall we go?’ you shall say to them, ‘Thus says the Lord: “‘Those who are for pestilence, to pestilence, and those who are for the sword, to the sword; those who are for famine, to famine, and those who are for captivity, to captivity.’",D04,"struck down by God; death as his judgement (sword, famine, pestilence)"
Jer 21:8,13,H4194,death,0,0,"“And to this people you shall say: ‘ Thus says the Lord: Behold, I set before you the way of life and the way of death.",D15,"the way to death: set before a person; paths, snares, the tongue (wisdom)"
Jer 26:11,11,H4194,death,0,0,"Then the priests and the prophets said to the officials and to all the people, “ This man deserves the sentence of death, because he has prophesied against this city, as you have heard with your own ears.”",D02,put to death under law or sentence (data)
Jer 34:4,11,H4191,die,1,1,"Yet hear the word of the Lord, O Zedekiah king of Judah! Thus says the Lord concerning you: ‘You shall not die by the sword.",D25,living and dying to the Lord; the death of the upright
Jer 38:10,15,H4191,dies,0,0,"Then the king commanded Ebed-melech the Ethiopian, “ Take thirty men with you from here, and lift Jeremiah the prophet out of the cistern before he dies.”",D06,"dying of hunger, thirst, sickness or danger"
Jer 38:15,7,H4191,surely,1,0,"Jeremiah said to Zedekiah, “ If I tell you, will you not surely put me to death? And if I give you counsel, you will not listen to me.”",D03,"killed or spared by people: murder, war, plots, execution, suicide (data; cf. unit 1 face C)"
Jer 38:15,8,H4191,death,1,0,"Jeremiah said to Zedekiah, “ If I tell you, will you not surely put me to death? And if I give you counsel, you will not listen to me.”",D03,"killed or spared by people: murder, war, plots, execution, suicide (data; cf. unit 1 face C)"
Jer 38:16,12,H4191,death,0,0,"Then King Zedekiah swore secretly to Jeremiah, “As the Lord lives, who made our souls, I will not put you to death or deliver you into the hand of these men who seek your life.”",D03,"killed or spared by people: murder, war, plots, execution, suicide (data; cf. unit 1 face C)"
Jer 38:24,10,H4191,die,1,0,"Then Zedekiah said to Jeremiah, “Let no one know of these words, and you shall not die.",D03,"killed or spared by people: murder, war, plots, execution, suicide (data; cf. unit 1 face C)"
Jer 38:26,10,H4191,die,0,0,"then you shall say to them, ‘ I made a humble plea to the king that he would not send me back to the house of Jonathan to die there.’”",D03,"killed or spared by people: murder, war, plots, execution, suicide (data; cf. unit 1 face C)"
Eze 11:13,5,H4191,died,0,0,"And it came to pass, while I was prophesying, that Pelatiah the son of Benaiah died. Then I fell down on my face and cried out with a loud voice and said, “ Ah, Lord God! Will you make a full end of the remnant of Israel?”",D04,"struck down by God; death as his judgement (sword, famine, pestilence)"
Eze 33:14,2,H4191,surely,0,0,"Again, though I say to the wicked, ‘You shall surely die,’ yet if he turns from his sin and does what is just and right,",D16,turn and do not die: God's will for life; the watchman (Ezekiel)
Eze 33:14,3,H4191,die,0,0,"Again, though I say to the wicked, ‘You shall surely die,’ yet if he turns from his sin and does what is just and right,",D16,turn and do not die: God's will for life; the watchman (Ezekiel)
Eze 33:27,22,H4191,die,0,0,"Say this to them, Thus says the Lord God: As I live, surely those who are in the waste places shall fall by the sword, and whoever is in the open field I will give to the beasts to be devoured, and those who are in strongholds and in caves shall die by pestilence.",D04,"struck down by God; death as his judgement (sword, famine, pestilence)"
Amo 7:11,4,H4191,die,0,0,"For thus Amos has said, “‘ Jeroboam shall die by the sword, and Israel must go into exile away from his land.’”",D04,"struck down by God; death as his judgement (sword, famine, pestilence)"
Amo 7:17,16,H4191,die,0,0,"Therefore thus says the Lord: “‘Your wife shall be a prostitute in the city, and your sons and your daughters shall fall by the sword, and your land shall be divided up with a measuring line; you yourself shall die in an unclean land, and Israel shall surely go into exile away from its land.’”",D04,"struck down by God; death as his judgement (sword, famine, pestilence)"
Jon 4:8,15,H4191,die,0,0,"When the sun rose, God appointed a scorching east wind, and the sun beat down on the head of Jonah so that he was faint. And he asked that he might die and said, “It is better for me to die than to live.”",D12,wanting to die; wishing one had died
Jon 4:8,18,H4194,to die,0,0,"When the sun rose, God appointed a scorching east wind, and the sun beat down on the head of Jonah so that he was faint. And he asked that he might die and said, “It is better for me to die than to live.”",D12,wanting to die; wishing one had died
Num 35:30,9,H4191,death,1,0,"“If anyone kills a person, the murderer shall be put to death on the evidence of witnesses. But no person shall be put to death on the testimony of one witness.",D02,put to death under law or sentence (data)
1Sa 14:39,9,H4191,surely,0,0,"For as the Lord lives who saves Israel, though it be in Jonathan my son, he shall surely die.” But there was not a man among all the people who answered him.",D03,"killed or spared by people: murder, war, plots, execution, suicide (data; cf. unit 1 face C)"
1Sa 14:39,10,H4191,die,0,0,"For as the Lord lives who saves Israel, though it be in Jonathan my son, he shall surely die.” But there was not a man among all the people who answered him.",D03,"killed or spared by people: murder, war, plots, execution, suicide (data; cf. unit 1 face C)"
Psa 13:3,8,H4194,death,0,1,"Consider and answer me, O Lord my God; light up my eyes, lest I sleep the sleep of death,",D11,fear and anguish facing death
Gen 26:18,12,H4194,death,0,0,"And Isaac dug again the wells of water that had been dug in the days of Abraham his father, which the Philistines had stopped after the death of Abraham. And he gave them the names that his father had given them.",D01,"death notices, lifespans, burial, inheritance (data)"
Gen 35:8,3,H4191,died,0,0,"And Deborah, Rebekah’s nurse, died, and she was buried under an oak below Bethel. So he called its name Allon-bacuth.",D01,"death notices, lifespans, burial, inheritance (data)"
Gen 35:18,3,H4191,dying,0,0,"And as her soul was departing (for she was dying ), she called his name Ben-oni; but his father called him Benjamin.",D08,"what death is: the common lot, the day of death, gathered to one's people"
Deu 14:1,9,H4191,dead,0,0,“You are the sons of the Lord your God. You shall not cut yourselves or make any baldness on your foreheads for the dead.,D10,mourning and grief at a death
Judg 8:33,3,H4191,died,0,0,"As soon as Gideon died, the people of Israel turned again and whored after the Baals and made Baal-berith their god.",D01,"death notices, lifespans, burial, inheritance (data)"
Song 8:6,11,H4194,death,0,0,"Set me as a seal upon your heart, as a seal upon your arm, for love is strong as death, jealousy is fierce as the grave. Its flashes are flashes of fire, the very flame of the Lord.",D17,"death as a power, realm or enemy"
Jer 44:12,23,H4191,die,0,0,"I will take the remnant of Judah who have set their faces to come to the land of Egypt to live, and they shall all be consumed. In the land of Egypt they shall fall; by the sword and by famine they shall be consumed. From the least to the greatest, they shall die by the sword and by famine, and they shall become an oath, a horror, a curse, and a taunt.",D04,"struck down by God; death as his judgement (sword, famine, pestilence)"
Hos 2:3,11,H4191,kill,0,0,"lest I strip her naked and make her as in the day she was born, and make her like a wilderness, and make her like a parched land, and kill her with thirst.",D04,"struck down by God; death as his judgement (sword, famine, pestilence)"
Exo 9:7,7,H4191,dead,0,0,"And Pharaoh sent, and behold, not one of the livestock of Israel was dead. But the heart of Pharaoh was hardened, and he did not let the people go.",D27,"not the inner being: animals, plants, objects, idiom"
Exo 9:19,16,H4191,die,0,0,"Now therefore send, get your livestock and all that you have in the field into safe shelter, for every man and beast that is in the field and is not brought home will die when the hail falls on them.”’”",D04,"struck down by God; death as his judgement (sword, famine, pestilence)"
Num 16:29,2,H4191,die,0,0,"If these men die as all men die, or if they are visited by the fate of all mankind, then the Lord has not sent me.",D08,"what death is: the common lot, the day of death, gathered to one's people"
Num 16:29,5,H4194,die,0,1,"If these men die as all men die, or if they are visited by the fate of all mankind, then the Lord has not sent me.",D08,"what death is: the common lot, the day of death, gathered to one's people"
Num 21:6,10,H4191,died,0,0,"Then the Lord sent fiery serpents among the people, and they bit the people, so that many people of Israel died.",D04,"struck down by God; death as his judgement (sword, famine, pestilence)"
Deu 19:12,10,H4191,die,0,0,"then the elders of his city shall send and take him from there, and hand him over to the avenger of blood, so that he may die.",D02,put to death under law or sentence (data)
1Sa 20:31,18,H4194,surely die,0,0,"For as long as the son of Jesse lives on the earth, neither you nor your kingdom shall be established. Therefore send and bring him to me, for he shall surely die.”",D03,"killed or spared by people: murder, war, plots, execution, suicide (data; cf. unit 1 face C)"
1Ki 2:25,7,H4191,died,0,0,"So King Solomon sent Benaiah the son of Jehoiada, and he struck him down, and he died.",D03,"killed or spared by people: murder, war, plots, execution, suicide (data; cf. unit 1 face C)"
1Ki 12:18,10,H4191,death,0,0,"Then King Rehoboam sent Adoram, who was taskmaster over the forced labor, and all Israel stoned him to death with stones. And King Rehoboam hurried to mount his chariot to flee to Jerusalem.",D03,"killed or spared by people: murder, war, plots, execution, suicide (data; cf. unit 1 face C)"
2Ki 14:19,9,H4191,put him to death,0,0,"And they made a conspiracy against him in Jerusalem, and he fled to Lachish. But they sent after him to Lachish and put him to death there.",D03,"killed or spared by people: murder, war, plots, execution, suicide (data; cf. unit 1 face C)"
2Ch 10:18,10,H4191,death,0,0,"Then King Rehoboam sent Hadoram, who was taskmaster over the forced labor, and the people of Israel stoned him to death with stones. And King Rehoboam quickly mounted his chariot to flee to Jerusalem.",D03,"killed or spared by people: murder, war, plots, execution, suicide (data; cf. unit 1 face C)"
2Ch 25:27,14,H4191,put him to death,0,0,"From the time when he turned away from the Lord they made a conspiracy against him in Jerusalem, and he fled to Lachish. But they sent after him to Lachish and put him to death there.",D03,"killed or spared by people: murder, war, plots, execution, suicide (data; cf. unit 1 face C)"
Psa 59:1,8,H4191,kill,0,1,"To the choirmaster: according to Do Not Destroy. A Miktam of David, when Saul sent men to watch his house in order to kill him. Deliver me from my enemies, O my God; protect me from those who rise up against me;",D03,"killed or spared by people: murder, war, plots, execution, suicide (data; cf. unit 1 face C)"
Amo 2:2,7,H4191,die,0,0,"So I will send a fire upon Moab, and it shall devour the strongholds of Kerioth, and Moab shall die amid uproar, amid shouting and the sound of the trumpet;",D04,"struck down by God; death as his judgement (sword, famine, pestilence)"
Gen 36:35,1,H4191,died,0,0,"Husham died, and Hadad the son of Bedad, who defeated Midian in the country of Moab, reigned in his place, the name of his city being Avith.",D01,"death notices, lifespans, burial, inheritance (data)"
Gen 36:39,3,H4191,died,0,0,"Baal-hanan the son of Achbor died, and Hadar reigned in his place, the name of his city being Pau; his wife’s name was Mehetabel, the daughter of Matred, daughter of Mezahab.",D01,"death notices, lifespans, burial, inheritance (data)"
Lev 24:16,3,H4191,surely,0,1,"Whoever blasphemes the name of the Lord shall surely be put to death. All the congregation shall stone him. The sojourner as well as the native, when he blasphemes the Name, shall be put to death.",D02,put to death under law or sentence (data)
Lev 24:16,4,H4191,death,0,1,"Whoever blasphemes the name of the Lord shall surely be put to death. All the congregation shall stone him. The sojourner as well as the native, when he blasphemes the Name, shall be put to death.",D02,put to death under law or sentence (data)
Lev 24:16,13,H4191,death,0,0,"Whoever blasphemes the name of the Lord shall surely be put to death. All the congregation shall stone him. The sojourner as well as the native, when he blasphemes the Name, shall be put to death.",D02,put to death under law or sentence (data)
Deu 25:6,6,H4191,dead,0,0,"And the first son whom she bears shall succeed to the name of his dead brother, that his name may not be blotted out of Israel.",D01,"death notices, lifespans, burial, inheritance (data)"
Rut 4:10,9,H4191,dead,0,0,"Also Ruth the Moabite, the widow of Mahlon, I have bought to be my wife, to perpetuate the name of the dead in his inheritance, that the name of the dead may not be cut off from among his brothers and from the gate of his native place. You are witnesses this day.”",D01,"death notices, lifespans, burial, inheritance (data)"
Rut 4:10,12,H4191,dead,0,0,"Also Ruth the Moabite, the widow of Mahlon, I have bought to be my wife, to perpetuate the name of the dead in his inheritance, that the name of the dead may not be cut off from among his brothers and from the gate of his native place. You are witnesses this day.”",D01,"death notices, lifespans, burial, inheritance (data)"
2Ki 23:34,15,H4191,died,0,0,"And Pharaoh Neco made Eliakim the son of Josiah king in the place of Josiah his father, and changed his name to Jehoiakim. But he took Jehoahaz away, and he came to Egypt and died there.",D01,"death notices, lifespans, burial, inheritance (data)"
1Ch 1:46,1,H4191,died,0,0,"Husham died, and Hadad the son of Bedad, who defeated Midian in the country of Moab, reigned in his place, the name of his city being Avith.",D01,"death notices, lifespans, burial, inheritance (data)"
1Ch 1:50,1,H4191,died,0,0,"Baal-hanan died, and Hadad reigned in his place, the name of his city being Pai; and his wife’s name was Mehetabel, the daughter of Matred, the daughter of Mezahab.",D01,"death notices, lifespans, burial, inheritance (data)"
Heb 10:28,4,G0599,dies,0,0,Anyone who has set aside the law of Moses dies without mercy on the evidence of two or three witnesses.,D02,put to death under law or sentence (data)
Heb 11:37,2,G0599,killed,0,0,"They were stoned, they were sawn in two, they were killed with the sword. They went about in skins of sheep and goats, destitute, afflicted, mistreated —",D03,"killed or spared by people: murder, war, plots, execution, suicide (data; cf. unit 1 face C)"
2Sa 22:5,1,H4194,death,0,0,"“For the waves of death encompassed me, the torrents of destruction assailed me;",D17,"death as a power, realm or enemy"
Psa 18:4,1,H4194,death,0,0,The cords of death encompassed me; the torrents of destruction assailed me;,D17,"death as a power, realm or enemy"
1Sa 15:3,10,H4191,kill,0,0,"Now go and strike Amalek and devote to destruction all that they have. Do not spare them, but kill both man and woman, child and infant, ox and sheep, camel and donkey.’”",D03,"killed or spared by people: murder, war, plots, execution, suicide (data; cf. unit 1 face C)"
1Sa 20:14,7,H4191,die,1,1,"If I am still alive, show me the steadfast love of the Lord, that I may not die;",D03,"killed or spared by people: murder, war, plots, execution, suicide (data; cf. unit 1 face C)"
2Sa 13:39,10,H4191,dead,0,0,"And the spirit of the king longed to go out to Absalom, because he was comforted about Amnon, since he was dead.",D10,mourning and grief at a death
Jer 16:7,4,H4191,dead,0,0,"No one shall break bread for the mourner, to comfort him for the dead, nor shall anyone give him the cup of consolation to drink for his father or his mother.",D10,mourning and grief at a death
1Sa 15:35,7,H4194,death,0,1,"And Samuel did not see Saul again until the day of his death, but Samuel grieved over Saul. And the Lord regretted that he had made Saul king over Israel.",D01,"death notices, lifespans, burial, inheritance (data)"
Hos 13:14,4,H4194,Death,0,0,"I shall ransom them from the power of Sheol; I shall redeem them from Death. O Death, where are your plagues? O Sheol, where is your sting? Compassion is hidden from my eyes.",D18,delivered from death
Hos 13:14,5,H4194,Death,0,0,"I shall ransom them from the power of Sheol; I shall redeem them from Death. O Death, where are your plagues? O Sheol, where is your sting? Compassion is hidden from my eyes.",D17,"death as a power, realm or enemy"
2Ki 11:8,7,H4191,put to death,0,0,"shall surround the king, each with his weapons in his hand. And whoever approaches the ranks is to be put to death. Be with the king when he goes out and when he comes in.”",D03,"killed or spared by people: murder, war, plots, execution, suicide (data; cf. unit 1 face C)"
2Ch 23:7,8,H4191,put to death,0,0,"The Levites shall surround the king, each with his weapons in his hand. And whoever enters the house shall be put to death. Be with the king when he comes in and when he goes out.”",D03,"killed or spared by people: murder, war, plots, execution, suicide (data; cf. unit 1 face C)"
1Ch 10:14,3,H4191,put him to death,0,1,He did not seek guidance from the Lord. Therefore the Lord put him to death and turned the kingdom over to David the son of Jesse.,D04,"struck down by God; death as his judgement (sword, famine, pestilence)"
2Sa 18:15,7,H4191,killed,0,0,"And ten young men, Joab’s armor-bearers, surrounded Absalom and struck him and killed him.",D03,"killed or spared by people: murder, war, plots, execution, suicide (data; cf. unit 1 face C)"
2Sa 22:6,4,H4194,death,0,0,the cords of Sheol entangled me; the snares of death confronted me.,D17,"death as a power, realm or enemy"
Psa 18:5,4,H4194,death,0,0,the cords of Sheol entangled me; the snares of death confronted me.,D17,"death as a power, realm or enemy"
Eze 5:12,1,H4191,die,0,0,A third part of you shall die of pestilence and be consumed with famine in your midst; a third part shall fall by the sword all around you; and a third part I will scatter to all the winds and will unsheathe the sword after them.,D04,"struck down by God; death as his judgement (sword, famine, pestilence)"
Mat 20:18,14,G2288,death,0,0,"“ See, we are going up to Jerusalem. And the Son of Man will be delivered over to the chief priests and scribes, and they will condemn him to death",D21,Christ's death
Mar 10:33,14,G2288,death,0,0,"saying, “ See, we are going up to Jerusalem, and the Son of Man will be delivered over to the chief priests and the scribes, and they will condemn him to death and deliver him over to the Gentiles.",D21,Christ's death
Mar 14:64,10,G2288,death,0,0,You have heard his blasphemy. What is your decision?” And they all condemned him as deserving death.,D21,Christ's death
Luk 24:20,10,G2288,death,0,0,"and how our chief priests and rulers delivered him up to be condemned to death, and crucified him.",D21,Christ's death
Rev 18:8,8,G2288,death,0,0,"For this reason her plagues will come in a single day, death and mourning and famine, and she will be burned up with fire; for mighty is the Lord God who has judged her.”",D04,"struck down by God; death as his judgement (sword, famine, pestilence)"
Rev 20:13,7,G2288,Death,0,0,"And the sea gave up the dead who were in it, Death and Hades gave up the dead who were in them, and they were judged, each one of them, according to what they had done.",D17,"death as a power, realm or enemy"
Heb 9:27,5,G0599,die,0,0,"And just as it is appointed for man to die once, and after that comes judgment,",D08,"what death is: the common lot, the day of death, gathered to one's people"
Gen 2:17,10,H4191,surely,0,0,"but of the tree of the knowledge of good and evil you shall not eat, for in the day that you eat of it you shall surely die.”",D14,death and sin
Gen 2:17,11,H4191,die,0,0,"but of the tree of the knowledge of good and evil you shall not eat, for in the day that you eat of it you shall surely die.”",D14,death and sin
Gen 5:8,5,H4191,died,0,0,"Thus all the days of Seth were 912 years, and he died.",D01,"death notices, lifespans, burial, inheritance (data)"
Gen 5:11,5,H4191,died,0,0,"Thus all the days of Enosh were 905 years, and he died.",D01,"death notices, lifespans, burial, inheritance (data)"
Gen 5:14,5,H4191,died,0,0,"Thus all the days of Kenan were 910 years, and he died.",D01,"death notices, lifespans, burial, inheritance (data)"
Gen 5:17,5,H4191,died,0,0,"Thus all the days of Mahalalel were 895 years, and he died.",D01,"death notices, lifespans, burial, inheritance (data)"
Gen 5:20,5,H4191,died,0,0,"Thus all the days of Jared were 962 years, and he died.",D01,"death notices, lifespans, burial, inheritance (data)"
Gen 5:27,5,H4191,died,0,0,"Thus all the days of Methuselah were 969 years, and he died.",D01,"death notices, lifespans, burial, inheritance (data)"
Gen 5:31,5,H4191,died,0,0,"Thus all the days of Lamech were 777 years, and he died.",D01,"death notices, lifespans, burial, inheritance (data)"
Gen 9:29,5,H4191,died,0,0,"All the days of Noah were 950 years, and he died.",D01,"death notices, lifespans, burial, inheritance (data)"
Gen 11:28,1,H4191,died,0,0,"Haran died in the presence of his father Terah in the land of his kindred, in Ur of the Chaldeans.",D01,"death notices, lifespans, burial, inheritance (data)"
Gen 11:32,5,H4191,died,0,0,"The days of Terah were 205 years, and Terah died in Haran.",D01,"death notices, lifespans, burial, inheritance (data)"
Gen 18:25,5,H4191,death,0,0,"Far be it from you to do such a thing, to put the righteous to death with the wicked, so that the righteous fare as the wicked! Far be that from you! Shall not the Judge of all the earth do what is just?”",D04,"struck down by God; death as his judgement (sword, famine, pestilence)"
Gen 23:2,1,H4191,died,0,0,"And Sarah died at Kiriath-arba (that is, Hebron ) in the land of Canaan, and Abraham went in to mourn for Sarah and to weep for her.",D01,"death notices, lifespans, burial, inheritance (data)"
Gen 23:4,6,H4191,dead,0,0,"“I am a sojourner and foreigner among you; give me property among you for a burying place, that I may bury my dead out of my sight.”",D01,"death notices, lifespans, burial, inheritance (data)"
Gen 23:6,6,H4191,dead,0,1,"“Hear us, my lord; you are a prince of God among us. Bury your dead in the choicest of our tombs. None of us will withhold from you his tomb to hinder you from burying your dead.”",D01,"death notices, lifespans, burial, inheritance (data)"
Gen 23:6,16,H4191,dead,0,0,"“Hear us, my lord; you are a prince of God among us. Bury your dead in the choicest of our tombs. None of us will withhold from you his tomb to hinder you from burying your dead.”",D01,"death notices, lifespans, burial, inheritance (data)"
Gen 23:11,13,H4191,dead,0,0,"“ No, my lord, hear me: I give you the field, and I give you the cave that is in it. In the sight of the sons of my people I give it to you. Bury your dead.”",D01,"death notices, lifespans, burial, inheritance (data)"
Gen 23:15,9,H4191,dead,0,0,"“My lord, listen to me: a piece of land worth four hundred shekels of silver, what is that between you and me? Bury your dead.”",D01,"death notices, lifespans, burial, inheritance (data)"
Gen 25:8,2,H4191,died,0,0,"Abraham breathed his last and died in a good old age, an old man and full of years, and was gathered to his people.",D08,"what death is: the common lot, the day of death, gathered to one's people"
Gen 25:17,6,H4191,died,0,0,"(These are the years of the life of Ishmael: 137 years. He breathed his last and died, and was gathered to his people.)",D08,"what death is: the common lot, the day of death, gathered to one's people"
Gen 27:4,9,H4191,die,0,0,"and prepare for me delicious food, such as I love, and bring it to me so that I may eat, that my soul may bless you before I die.”",D07,"before I die: last words, blessing, wishes"
Gen 35:19,1,H4191,died,0,0,"So Rachel died, and she was buried on the way to Ephrath (that is, Bethlehem ),",D01,"death notices, lifespans, burial, inheritance (data)"
Gen 35:29,2,H4191,died,0,0,"And Isaac breathed his last, and he died and was gathered to his people, old and full of days. And his sons Esau and Jacob buried him.",D08,"what death is: the common lot, the day of death, gathered to one's people"
Gen 36:33,1,H4191,died,0,0,"Bela died, and Jobab the son of Zerah of Bozrah reigned in his place.",D01,"death notices, lifespans, burial, inheritance (data)"
Gen 36:34,1,H4191,died,0,0,"Jobab died, and Husham of the land of the Temanites reigned in his place.",D01,"death notices, lifespans, burial, inheritance (data)"
Gen 36:36,1,H4191,died,0,0,"Hadad died, and Samlah of Masrekah reigned in his place.",D01,"death notices, lifespans, burial, inheritance (data)"
Gen 36:37,1,H4191,died,0,0,"Samlah died, and Shaul of Rehoboth on the Euphrates reigned in his place.",D01,"death notices, lifespans, burial, inheritance (data)"
Gen 36:38,1,H4191,died,0,0,"Shaul died, and Baal-hanan the son of Achbor reigned in his place.",D01,"death notices, lifespans, burial, inheritance (data)"
Gen 37:18,7,H4191,kill,0,0,"They saw him from afar, and before he came near to them they conspired against him to kill him.",D03,"killed or spared by people: murder, war, plots, execution, suicide (data; cf. unit 1 face C)"
Gen 38:7,7,H4191,death,0,1,"But Er, Judah’s firstborn, was wicked in the sight of the Lord, and the Lord put him to death.",D04,"struck down by God; death as his judgement (sword, famine, pestilence)"
Gen 38:10,6,H4191,death,0,1,"And what he did was wicked in the sight of the Lord, and he put him to death also.",D04,"struck down by God; death as his judgement (sword, famine, pestilence)"
Gen 42:20,6,H4191,die,1,0,"and bring your youngest brother to me. So your words will be verified, and you shall not die.” And they did so.",D03,"killed or spared by people: murder, war, plots, execution, suicide (data; cf. unit 1 face C)"
Gen 46:12,9,H4191,died,0,0,"The sons of Judah: Er, Onan, Shelah, Perez, and Zerah (but Er and Onan died in the land of Canaan ); and the sons of Perez were Hezron and Hamul.",D01,"death notices, lifespans, burial, inheritance (data)"
Gen 48:7,4,H4191,died,0,0,"As for me, when I came from Paddan, to my sorrow Rachel died in the land of Canaan on the way, when there was still some distance to go to Ephrath, and I buried her there on the way to Ephrath (that is, Bethlehem ).”",D10,mourning and grief at a death
Gen 50:26,1,H4191,died,0,0,"So Joseph died, being 110 years old. They embalmed him, and he was put in a coffin in Egypt.",D01,"death notices, lifespans, burial, inheritance (data)"
Exo 1:6,1,H4191,died,0,0,"Then Joseph died, and all his brothers and all that generation.",D01,"death notices, lifespans, burial, inheritance (data)"
Exo 4:24,6,H4191,death,0,1,At a lodging place on the way the Lord met him and sought to put him to death.,D04,"struck down by God; death as his judgement (sword, famine, pestilence)"
Exo 8:13,5,H4191,died out,0,1,"And the Lord did according to the word of Moses. The frogs died out in the houses, the courtyards, and the fields.",D27,"not the inner being: animals, plants, objects, idiom"
Exo 9:4,12,H4191,die,0,0,"But the Lord will make a distinction between the livestock of Israel and the livestock of Egypt, so that nothing of all that belongs to the people of Israel shall die.”’”",D27,"not the inner being: animals, plants, objects, idiom"
Exo 9:6,8,H4191,died,0,0,"And the next day the Lord did this thing. All the livestock of the Egyptians died, but not one of the livestock of the people of Israel died.",D27,"not the inner being: animals, plants, objects, idiom"
Exo 9:6,14,H4191,died,0,0,"And the next day the Lord did this thing. All the livestock of the Egyptians died, but not one of the livestock of the people of Israel died.",D27,"not the inner being: animals, plants, objects, idiom"
Exo 11:5,4,H4191,die,0,0,"and every firstborn in the land of Egypt shall die, from the firstborn of Pharaoh who sits on his throne, even to the firstborn of the slave girl who is behind the handmill, and all the firstborn of the cattle.",D04,"struck down by God; death as his judgement (sword, famine, pestilence)"
Exo 14:30,9,H4191,dead,0,0,"Thus the Lord saved Israel that day from the hand of the Egyptians, and Israel saw the Egyptians dead on the seashore.",D04,"struck down by God; death as his judgement (sword, famine, pestilence)"
Exo 21:12,2,H4191,dies,0,0,“Whoever strikes a man so that he dies shall be put to death.,D02,put to death under law or sentence (data)
Exo 21:12,3,H4191,be,0,0,“Whoever strikes a man so that he dies shall be put to death.,D02,put to death under law or sentence (data)
Exo 21:12,4,H4191,put to death,0,0,“Whoever strikes a man so that he dies shall be put to death.,D02,put to death under law or sentence (data)
Exo 21:14,8,H4191,die,0,0,"But if a man willfully attacks another to kill him by cunning, you shall take him from my altar, that he may die.",D02,put to death under law or sentence (data)
Exo 21:15,3,H4191,be,0,0,“Whoever strikes his father or his mother shall be put to death.,D02,put to death under law or sentence (data)
Exo 21:15,4,H4191,put to death,0,0,“Whoever strikes his father or his mother shall be put to death.,D02,put to death under law or sentence (data)
Exo 21:16,6,H4191,shall,0,0,"“Whoever steals a man and sells him, and anyone found in possession of him, shall be put to death.",D02,put to death under law or sentence (data)
Exo 21:16,7,H4191,put to death,0,0,"“Whoever steals a man and sells him, and anyone found in possession of him, shall be put to death.",D02,put to death under law or sentence (data)
Exo 21:17,3,H4191,shall,0,0,“Whoever curses his father or his mother shall be put to death.,D02,put to death under law or sentence (data)
Exo 21:17,4,H4191,put to death,0,0,“Whoever curses his father or his mother shall be put to death.,D02,put to death under law or sentence (data)
Exo 21:18,9,H4191,die,1,0,"“When men quarrel and one strikes the other with a stone or with his fist and the man does not die but takes to his bed,",D02,put to death under law or sentence (data)
Exo 21:28,6,H4191,death,0,0,"“ When an ox gores a man or a woman to death, the ox shall be stoned, and its flesh shall not be eaten, but the owner of the ox shall not be liable.",D02,put to death under law or sentence (data)
Exo 21:29,8,H4191,kills,1,0,"But if the ox has been accustomed to gore in the past, and its owner has been warned but has not kept it in, and it kills a man or a woman, the ox shall be stoned, and its owner also shall be put to death.",D02,put to death under law or sentence (data)
Exo 21:29,15,H4191,put to death,0,0,"But if the ox has been accustomed to gore in the past, and its owner has been warned but has not kept it in, and it kills a man or a woman, the ox shall be stoned, and its owner also shall be put to death.",D02,put to death under law or sentence (data)
Exo 21:34,6,H4191,dead,0,0,"the owner of the pit shall make restoration. He shall give money to its owner, and the dead beast shall be his.",D27,"not the inner being: animals, plants, objects, idiom"
Exo 21:35,5,H4191,dies,0,0,"“ When one man’s ox butts another’s, so that it dies, then they shall sell the live ox and share its price, and the dead beast also they shall share.",D27,"not the inner being: animals, plants, objects, idiom"
Exo 21:35,11,H4191,dead,0,0,"“ When one man’s ox butts another’s, so that it dies, then they shall sell the live ox and share its price, and the dead beast also they shall share.",D27,"not the inner being: animals, plants, objects, idiom"
Exo 21:36,13,H4191,dead,0,0,"Or if it is known that the ox has been accustomed to gore in the past, and its owner has not kept it in, he shall repay ox for ox, and the dead beast shall be his.",D27,"not the inner being: animals, plants, objects, idiom"
Exo 22:2,5,H4191,dies,0,0,"If a thief is found breaking in and is struck so that he dies, there shall be no bloodguilt for him,",D02,put to death under law or sentence (data)
Exo 22:19,3,H4191,shall,0,0,“ Whoever lies with an animal shall be put to death.,D02,put to death under law or sentence (data)
Exo 22:19,4,H4191,put to death,0,0,“ Whoever lies with an animal shall be put to death.,D02,put to death under law or sentence (data)
Exo 28:35,12,H4191,die,1,1,"And it shall be on Aaron when he ministers, and its sound shall be heard when he goes into the Holy Place before the Lord, and when he comes out, so that he does not die.",D05,"near the holy: ""lest you die""; seeing or hearing God (cf. unit 1 face Q)"
Exo 28:43,16,H4191,die,0,0,"and they shall be on Aaron and on his sons when they go into the tent of meeting or when they come near the altar to minister in the Holy Place, lest they bear guilt and die. This shall be a statute forever for him and for his offspring after him.",D05,"near the holy: ""lest you die""; seeing or hearing God (cf. unit 1 face Q)"
Exo 30:20,14,H4191,die,1,1,"When they go into the tent of meeting, or when they come near the altar to minister, to burn a food offering to the Lord, they shall wash with water, so that they may not die.",D05,"near the holy: ""lest you die""; seeing or hearing God (cf. unit 1 face Q)"
Exo 30:21,4,H4191,die,1,0,"They shall wash their hands and their feet, so that they may not die. It shall be a statute forever to them, even to him and to his offspring throughout their generations.”",D05,"near the holy: ""lest you die""; seeing or hearing God (cf. unit 1 face Q)"
Exo 31:15,14,H4191,be,0,0,"Six days shall work be done, but the seventh day is a Sabbath of solemn rest, holy to the Lord. Whoever does any work on the Sabbath day shall be put to death.",D02,put to death under law or sentence (data)
Exo 31:15,15,H4191,put to death,0,0,"Six days shall work be done, but the seventh day is a Sabbath of solemn rest, holy to the Lord. Whoever does any work on the Sabbath day shall be put to death.",D02,put to death under law or sentence (data)
Exo 35:2,12,H4191,put to death,0,1,"Six days work shall be done, but on the seventh day you shall have a Sabbath of solemn rest, holy to the Lord. Whoever does any work on it shall be put to death.",D02,put to death under law or sentence (data)
Lev 8:35,12,H4191,die,1,1,"At the entrance of the tent of meeting you shall remain day and night for seven days, performing what the Lord has charged, so that you do not die, for so I have been commanded.”",D05,"near the holy: ""lest you die""; seeing or hearing God (cf. unit 1 face Q)"
Lev 10:2,5,H4191,died,0,1,"And fire came out from before the Lord and consumed them, and they died before the Lord.",D04,"struck down by God; death as his judgement (sword, famine, pestilence)"
Lev 10:9,9,H4191,die,0,0,"“Drink no wine or strong drink, you or your sons with you, when you go into the tent of meeting, lest you die. It shall be a statute forever throughout your generations.",D05,"near the holy: ""lest you die""; seeing or hearing God (cf. unit 1 face Q)"
Lev 11:39,4,H4191,dies,0,0,"“And if any animal which you may eat dies, whoever touches its carcass shall be unclean until the evening,",D26,"uncleanness from the dead (law, data)"
Lev 15:31,4,H4191,die,0,0,"“Thus you shall keep the people of Israel separate from their uncleanness, lest they die in their uncleanness by defiling my tabernacle that is in their midst.”",D05,"near the holy: ""lest you die""; seeing or hearing God (cf. unit 1 face Q)"
Lev 16:13,14,H4191,die,1,0,"and put the incense on the fire before the Lord, that the cloud of the incense may cover the mercy seat that is over the testimony, so that he does not die.",D05,"near the holy: ""lest you die""; seeing or hearing God (cf. unit 1 face Q)"
Lev 19:20,16,H4191,put to death,1,0,"“ If a man lies sexually with a woman who is a slave, assigned to another man and not yet ransomed or given her freedom, a distinction shall be made. They shall not be put to death, because she was not free;",D02,put to death under law or sentence (data)
Lev 20:4,12,H4191,death,0,1,"And if the people of the land do at all close their eyes to that man when he gives one of his children to Molech, and do not put him to death,",D02,put to death under law or sentence (data)
Lev 20:9,5,H4191,surely,0,0,For anyone who curses his father or his mother shall surely be put to death; he has cursed his father or his mother; his blood is upon him.,D02,put to death under law or sentence (data)
Lev 20:9,6,H4191,put to death,0,0,For anyone who curses his father or his mother shall surely be put to death; he has cursed his father or his mother; his blood is upon him.,D02,put to death under law or sentence (data)
Lev 20:10,6,H4191,surely,0,0,"“If a man commits adultery with the wife of his neighbor, both the adulterer and the adulteress shall surely be put to death.",D02,put to death under law or sentence (data)
Lev 20:10,7,H4191,put to death,0,0,"“If a man commits adultery with the wife of his neighbor, both the adulterer and the adulteress shall surely be put to death.",D02,put to death under law or sentence (data)
Lev 20:11,8,H4191,surely,0,0,"If a man lies with his father’s wife, he has uncovered his father’s nakedness; both of them shall surely be put to death; their blood is upon them.",D02,put to death under law or sentence (data)
Lev 20:11,9,H4191,put to death,0,0,"If a man lies with his father’s wife, he has uncovered his father’s nakedness; both of them shall surely be put to death; their blood is upon them.",D02,put to death under law or sentence (data)
Lev 20:12,4,H4191,surely,0,0,"If a man lies with his daughter-in-law, both of them shall surely be put to death; they have committed perversion; their blood is upon them.",D02,put to death under law or sentence (data)
Lev 20:12,5,H4191,put to death,0,0,"If a man lies with his daughter-in-law, both of them shall surely be put to death; they have committed perversion; their blood is upon them.",D02,put to death under law or sentence (data)
Lev 20:15,3,H4191,surely,0,0,"If a man lies with an animal, he shall surely be put to death, and you shall kill the animal.",D02,put to death under law or sentence (data)
Lev 20:15,4,H4191,put to death,0,0,"If a man lies with an animal, he shall surely be put to death, and you shall kill the animal.",D02,put to death under law or sentence (data)
Lev 20:16,9,H4191,surely,0,0,"If a woman approaches any animal and lies with it, you shall kill the woman and the animal; they shall surely be put to death; their blood is upon them.",D02,put to death under law or sentence (data)
Lev 20:16,10,H4191,put to death,0,0,"If a woman approaches any animal and lies with it, you shall kill the woman and the animal; they shall surely be put to death; their blood is upon them.",D02,put to death under law or sentence (data)
Lev 20:20,8,H4191,die,0,0,"If a man lies with his uncle’s wife, he has uncovered his uncle’s nakedness; they shall bear their sin; they shall die childless.",D04,"struck down by God; death as his judgement (sword, famine, pestilence)"
Lev 20:27,6,H4191,surely,0,0,“A man or a woman who is a medium or a necromancer shall surely be put to death. They shall be stoned with stones; their blood shall be upon them.”,D02,put to death under law or sentence (data)
Lev 20:27,7,H4191,put to death,0,0,“A man or a woman who is a medium or a necromancer shall surely be put to death. They shall be stoned with stones; their blood shall be upon them.”,D02,put to death under law or sentence (data)
Lev 21:11,2,H4191,dead,1,0,"He shall not go in to any dead bodies nor make himself unclean, even for his father or for his mother.",D26,"uncleanness from the dead (law, data)"
Lev 24:17,4,H4191,surely,0,0,“ Whoever takes a human life shall surely be put to death.,D02,put to death under law or sentence (data)
Lev 24:17,5,H4191,put to death,0,0,“ Whoever takes a human life shall surely be put to death.,D02,put to death under law or sentence (data)
Lev 24:21,5,H4191,put to death,0,0,"Whoever kills an animal shall make it good, and whoever kills a person shall be put to death.",D02,put to death under law or sentence (data)
Lev 27:29,7,H4191,surely,0,0,"No one devoted, who is to be devoted for destruction from mankind, shall be ransomed; he shall surely be put to death.",D02,put to death under law or sentence (data)
Lev 27:29,8,H4191,put to death,0,0,"No one devoted, who is to be devoted for destruction from mankind, shall be ransomed; he shall surely be put to death.",D02,put to death under law or sentence (data)
Num 1:51,10,H4191,death,0,0,"When the tabernacle is to set out, the Levites shall take it down, and when the tabernacle is to be pitched, the Levites shall set it up. And if any outsider comes near, he shall be put to death.",D05,"near the holy: ""lest you die""; seeing or hearing God (cf. unit 1 face Q)"
Num 3:4,2,H4191,died,0,1,"But Nadab and Abihu died before the Lord when they offered unauthorized fire before the Lord in the wilderness of Sinai, and they had no children. So Eleazar and Ithamar served as priests in the lifetime of Aaron their father.",D04,"struck down by God; death as his judgement (sword, famine, pestilence)"
Num 3:10,7,H4191,death,0,0,"And you shall appoint Aaron and his sons, and they shall guard their priesthood. But if any outsider comes near, he shall be put to death.”",D05,"near the holy: ""lest you die""; seeing or hearing God (cf. unit 1 face Q)"
Num 3:38,18,H4191,death,0,0,"Those who were to camp before the tabernacle on the east, before the tent of meeting toward the sunrise, were Moses and Aaron and his sons, guarding the sanctuary itself, to protect the people of Israel. And any outsider who came near was to be put to death.",D05,"near the holy: ""lest you die""; seeing or hearing God (cf. unit 1 face Q)"
Num 4:15,18,H4191,die,0,0,"And when Aaron and his sons have finished covering the sanctuary and all the furnishings of the sanctuary, as the camp sets out, after that the sons of Kohath shall come to carry these, but they must not touch the holy things, lest they die. These are the things of the tent of meeting that the sons of Kohath are to carry.",D05,"near the holy: ""lest you die""; seeing or hearing God (cf. unit 1 face Q)"
Num 4:20,5,H4191,die,0,0,"but they shall not go in to look on the holy things even for a moment, lest they die.”",D05,"near the holy: ""lest you die""; seeing or hearing God (cf. unit 1 face Q)"
Num 6:6,6,H4191,dead,1,1,“ All the days that he separates himself to the Lord he shall not go near a dead body.,D26,"uncleanness from the dead (law, data)"
Num 6:9,1,H4191,man,0,0,"“And if any man dies very suddenly beside him and he defiles his consecrated head, then he shall shave his head on the day of his cleansing; on the seventh day he shall shave it.",D26,"uncleanness from the dead (law, data)"
Num 6:9,2,H4191,dies,0,0,"“And if any man dies very suddenly beside him and he defiles his consecrated head, then he shall shave his head on the day of his cleansing; on the seventh day he shall shave it.",D26,"uncleanness from the dead (law, data)"
Num 12:12,3,H4191,dead,1,0,"Let her not be as one dead, whose flesh is half eaten away when he comes out of his mother’s womb.”",D24,"like the dead: the living likened to the dead; the heart that died; ""dead dog"""
Num 14:37,5,H4191,died,0,1,the men who brought up a bad report of the land — died by plague before the Lord.,D04,"struck down by God; death as his judgement (sword, famine, pestilence)"
Num 15:36,6,H4191,death,0,1,"And all the congregation brought him outside the camp and stoned him to death with stones, as the Lord commanded Moses.",D02,put to death under law or sentence (data)
Num 16:13,7,H4191,kill,0,0,"Is it a small thing that you have brought us up out of a land flowing with milk and honey, to kill us in the wilderness, that you must also make yourself a prince over us?",D12,wanting to die; wishing one had died
Num 16:48,2,H4191,dead,0,0,"And he stood between the dead and the living, and the plague was stopped.",D04,"struck down by God; death as his judgement (sword, famine, pestilence)"
Num 16:49,0,H4191,died,0,0,"Now those who died in the plague were 14,700, besides those who died in the affair of Korah.",D04,"struck down by God; death as his judgement (sword, famine, pestilence)"
Num 16:49,4,H4191,died,0,0,"Now those who died in the plague were 14,700, besides those who died in the affair of Korah.",D04,"struck down by God; death as his judgement (sword, famine, pestilence)"
Num 17:13,6,H4191,die,0,1,"Everyone who comes near, who comes near to the tabernacle of the Lord, shall die. Are we all to perish?”",D05,"near the holy: ""lest you die""; seeing or hearing God (cf. unit 1 face Q)"
Num 18:3,14,H4191,die,0,0,"They shall keep guard over you and over the whole tent, but shall not come near to the vessels of the sanctuary or to the altar lest they, and you, die.",D05,"near the holy: ""lest you die""; seeing or hearing God (cf. unit 1 face Q)"
Num 18:7,16,H4191,death,0,0,"And you and your sons with you shall guard your priesthood for all that concerns the altar and that is within the veil; and you shall serve. I give your priesthood as a gift, and any outsider who comes near shall be put to death.”",D05,"near the holy: ""lest you die""; seeing or hearing God (cf. unit 1 face Q)"
Num 18:22,8,H4191,die,0,0,"so that the people of Israel do not come near the tent of meeting, lest they bear sin and die.",D05,"near the holy: ""lest you die""; seeing or hearing God (cf. unit 1 face Q)"
Num 19:11,1,H4191,dead,0,0,“Whoever touches the dead body of any person shall be unclean seven days.,D26,"uncleanness from the dead (law, data)"
Num 19:13,1,H4191,dead,0,0,"Whoever touches a dead person, the body of anyone who has died, and does not cleanse himself, defiles the tabernacle of the Lord, and that person shall be cut off from Israel; because the water for impurity was not thrown on him, he shall be unclean. His uncleanness is still on him.",D26,"uncleanness from the dead (law, data)"
Num 19:13,5,H4191,died,0,1,"Whoever touches a dead person, the body of anyone who has died, and does not cleanse himself, defiles the tabernacle of the Lord, and that person shall be cut off from Israel; because the water for impurity was not thrown on him, he shall be unclean. His uncleanness is still on him.",D26,"uncleanness from the dead (law, data)"
Num 19:14,2,H4191,dies,0,0,“This is the law when someone dies in a tent: everyone who comes into the tent and everyone who is in the tent shall be unclean seven days.,D26,"uncleanness from the dead (law, data)"
Num 19:16,5,H4191,died naturally,0,0,"Whoever in the open field touches someone who was killed with a sword or who died naturally, or touches a human bone or a grave, shall be unclean seven days.",D26,"uncleanness from the dead (law, data)"
Num 19:18,19,H4191,dead,0,0,"Then a clean person shall take hyssop and dip it in the water and sprinkle it on the tent and on all the furnishings and on the persons who were there and on whoever touched the bone, or the slain or the dead or the grave.",D26,"uncleanness from the dead (law, data)"
Num 20:1,13,H4191,died,0,0,"And the people of Israel, the whole congregation, came into the wilderness of Zin in the first month, and the people stayed in Kadesh. And Miriam died there and was buried there.",D01,"death notices, lifespans, burial, inheritance (data)"
Num 20:4,6,H4191,die,0,1,"Why have you brought the assembly of the Lord into this wilderness, that we should die here, both we and our cattle?",D12,wanting to die; wishing one had died
Num 20:26,8,H4191,die,0,0,And strip Aaron of his garments and put them on Eleazar his son. And Aaron shall be gathered to his people and shall die there.”,D08,"what death is: the common lot, the day of death, gathered to one's people"
Num 20:28,8,H4191,died,0,0,And Moses stripped Aaron of his garments and put them on Eleazar his son. And Aaron died there on the top of the mountain. Then Moses and Eleazar came down from the mountain.,D01,"death notices, lifespans, burial, inheritance (data)"
Num 23:10,7,H4191,die,0,0,"Who can count the dust of Jacob or number the fourth part of Israel? Let me die the death of the upright, and let my end be like his!”",D25,living and dying to the Lord; the death of the upright
Num 23:10,8,H4194,death,0,0,"Who can count the dust of Jacob or number the fourth part of Israel? Let me die the death of the upright, and let my end be like his!”",D25,living and dying to the Lord; the death of the upright
Num 25:9,0,H4191,died,0,0,"Nevertheless, those who died by the plague were twenty-four thousand.",D04,"struck down by God; death as his judgement (sword, famine, pestilence)"
Num 26:10,6,H4191,died,0,0,"and the earth opened its mouth and swallowed them up together with Korah, when that company died, when the fire devoured 250 men, and they became a warning.",D04,"struck down by God; death as his judgement (sword, famine, pestilence)"
Num 26:11,3,H4191,die,1,0,But the sons of Korah did not die.,D04,"struck down by God; death as his judgement (sword, famine, pestilence)"
Num 26:19,6,H4191,died,0,0,The sons of Judah were Er and Onan; and Er and Onan died in the land of Canaan.,D01,"death notices, lifespans, burial, inheritance (data)"
Num 26:61,2,H4191,died,0,1,But Nadab and Abihu died when they offered unauthorized fire before the Lord.,D04,"struck down by God; death as his judgement (sword, famine, pestilence)"
Num 27:3,1,H4191,died,0,0,"“Our father died in the wilderness. He was not among the company of those who gathered themselves together against the Lord in the company of Korah, but died for his own sin. And he had no sons.",D14,death and sin
Num 27:3,14,H4191,died,0,1,"“Our father died in the wilderness. He was not among the company of those who gathered themselves together against the Lord in the company of Korah, but died for his own sin. And he had no sons.",D14,death and sin
Num 33:38,8,H4191,died,0,1,"And Aaron the priest went up Mount Hor at the command of the Lord and died there, in the fortieth year after the people of Israel had come out of the land of Egypt, on the first day of the fifth month.",D01,"death notices, lifespans, burial, inheritance (data)"
Num 33:39,4,H4191,died,0,0,And Aaron was 123 years old when he died on Mount Hor.,D01,"death notices, lifespans, burial, inheritance (data)"
Num 35:12,5,H4191,die,1,0,"The cities shall be for you a refuge from the avenger, that the manslayer may not die until he stands before the congregation for judgment.",D02,put to death under law or sentence (data)
Num 35:16,4,H4191,died,0,0,"“But if he struck him down with an iron object, so that he died, he is a murderer. The murderer shall be put to death.",D02,put to death under law or sentence (data)
Num 35:16,7,H4191,shall,0,0,"“But if he struck him down with an iron object, so that he died, he is a murderer. The murderer shall be put to death.",D02,put to death under law or sentence (data)
Num 35:16,8,H4191,death,0,0,"“But if he struck him down with an iron object, so that he died, he is a murderer. The murderer shall be put to death.",D02,put to death under law or sentence (data)
Num 35:17,4,H4191,death,0,0,"And if he struck him down with a stone tool that could cause death, and he died, he is a murderer. The murderer shall be put to death.",D02,put to death under law or sentence (data)
Num 35:17,5,H4191,died,0,0,"And if he struck him down with a stone tool that could cause death, and he died, he is a murderer. The murderer shall be put to death.",D02,put to death under law or sentence (data)
Num 35:17,8,H4191,shall,0,0,"And if he struck him down with a stone tool that could cause death, and he died, he is a murderer. The murderer shall be put to death.",D02,put to death under law or sentence (data)
Num 35:17,9,H4191,death,0,0,"And if he struck him down with a stone tool that could cause death, and he died, he is a murderer. The murderer shall be put to death.",D02,put to death under law or sentence (data)
Num 35:18,5,H4191,death,0,0,"Or if he struck him down with a wooden tool that could cause death, and he died, he is a murderer. The murderer shall be put to death.",D02,put to death under law or sentence (data)
Num 35:18,6,H4191,died,0,0,"Or if he struck him down with a wooden tool that could cause death, and he died, he is a murderer. The murderer shall be put to death.",D02,put to death under law or sentence (data)
Num 35:18,9,H4191,shall,0,0,"Or if he struck him down with a wooden tool that could cause death, and he died, he is a murderer. The murderer shall be put to death.",D02,put to death under law or sentence (data)
Num 35:18,10,H4191,death,0,0,"Or if he struck him down with a wooden tool that could cause death, and he died, he is a murderer. The murderer shall be put to death.",D02,put to death under law or sentence (data)
Num 35:19,3,H4191,death,0,0,"The avenger of blood shall himself put the murderer to death; when he meets him, he shall put him to death.",D02,put to death under law or sentence (data)
Num 35:19,7,H4191,death,0,0,"The avenger of blood shall himself put the murderer to death; when he meets him, he shall put him to death.",D02,put to death under law or sentence (data)
Num 35:20,6,H4191,died,0,0,"And if he pushed him out of hatred or hurled something at him, lying in wait, so that he died,",D02,put to death under law or sentence (data)
Num 35:21,4,H4191,died,0,0,"or in enmity struck him down with his hand, so that he died, then he who struck the blow shall be put to death. He is a murderer. The avenger of blood shall put the murderer to death when he meets him.",D02,put to death under law or sentence (data)
Num 35:21,6,H4191,put to death,0,0,"or in enmity struck him down with his hand, so that he died, then he who struck the blow shall be put to death. He is a murderer. The avenger of blood shall put the murderer to death when he meets him.",D02,put to death under law or sentence (data)
Num 35:21,10,H4191,shall,0,0,"or in enmity struck him down with his hand, so that he died, then he who struck the blow shall be put to death. He is a murderer. The avenger of blood shall put the murderer to death when he meets him.",D02,put to death under law or sentence (data)
Num 35:21,12,H4191,death,0,0,"or in enmity struck him down with his hand, so that he died, then he who struck the blow shall be put to death. He is a murderer. The avenger of blood shall put the murderer to death when he meets him.",D02,put to death under law or sentence (data)
Num 35:31,7,H4191,death,0,0,"Moreover, you shall accept no ransom for the life of a murderer, who is guilty of death, but he shall be put to death.",D02,put to death under law or sentence (data)
Num 35:31,8,H4191,shall,0,0,"Moreover, you shall accept no ransom for the life of a murderer, who is guilty of death, but he shall be put to death.",D02,put to death under law or sentence (data)
Num 35:31,9,H4191,death,0,0,"Moreover, you shall accept no ransom for the life of a murderer, who is guilty of death, but he shall be put to death.",D02,put to death under law or sentence (data)
Deu 2:16,5,H4191,dead,0,0,"“So as soon as all the men of war had perished and were dead from among the people,",D04,"struck down by God; death as his judgement (sword, famine, pestilence)"
Deu 4:22,2,H4191,die,0,0,For I must die in this land; I must not go over the Jordan. But you shall go over and take possession of that good land.,D07,"before I die: last words, blessing, wishes"
Deu 5:25,2,H4191,die,0,0,"Now therefore why should we die? For this great fire will consume us. If we hear the voice of the Lord our God any more, we shall die.",D05,"near the holy: ""lest you die""; seeing or hearing God (cf. unit 1 face Q)"
Deu 5:25,15,H4191,die,0,1,"Now therefore why should we die? For this great fire will consume us. If we hear the voice of the Lord our God any more, we shall die.",D05,"near the holy: ""lest you die""; seeing or hearing God (cf. unit 1 face Q)"
Deu 10:6,8,H4191,died,0,0,"(The people of Israel journeyed from Beeroth Bene-jaakan to Moserah. There Aaron died, and there he was buried. And his son Eleazar ministered as priest in his place.",D01,"death notices, lifespans, burial, inheritance (data)"
Deu 13:9,6,H4191,put him to death,0,0,"But you shall kill him. Your hand shall be first against him to put him to death, and afterward the hand of all the people.",D02,put to death under law or sentence (data)
Deu 17:5,14,H4191,death,0,0,"then you shall bring out to your gates that man or woman who has done this evil thing, and you shall stone that man or woman to death with stones.",D02,put to death under law or sentence (data)
Deu 17:6,7,H4191,die,0,0,On the evidence of two witnesses or of three witnesses the one who is to die shall be put to death; a person shall not be put to death on the evidence of one witness.,D02,put to death under law or sentence (data)
Deu 17:6,8,H4191,put to death,0,0,On the evidence of two witnesses or of three witnesses the one who is to die shall be put to death; a person shall not be put to death on the evidence of one witness.,D02,put to death under law or sentence (data)
Deu 17:6,10,H4191,put to death,1,0,On the evidence of two witnesses or of three witnesses the one who is to die shall be put to death; a person shall not be put to death on the evidence of one witness.,D02,put to death under law or sentence (data)
Deu 17:7,4,H4191,put him to death,0,0,"The hand of the witnesses shall be first against him to put him to death, and afterward the hand of all the people. So you shall purge the evil from your midst.",D02,put to death under law or sentence (data)
Deu 17:12,15,H4191,die,0,1,"The man who acts presumptuously by not obeying the priest who stands to minister there before the Lord your God, or the judge, that man shall die. So you shall purge the evil from Israel.",D02,put to death under law or sentence (data)
Deu 18:11,4,H4191,dead,0,0,"or a charmer or a medium or a necromancer or one who inquires of the dead,",D09,"the dead: praise, inquiry, sleep, going to them"
Deu 20:6,11,H4191,die,0,0,"And is there any man who has planted a vineyard and has not enjoyed its fruit? Let him go back to his house, lest he die in the battle and another man enjoy its fruit.",D06,"dying of hunger, thirst, sickness or danger"
Deu 20:7,11,H4191,die,0,0,"And is there any man who has betrothed a wife and has not taken her? Let him go back to his house, lest he die in the battle and another man take her.’",D06,"dying of hunger, thirst, sickness or danger"
Deu 21:22,4,H4194,death,0,0,"“And if a man has committed a crime punishable by death and he is put to death, and you hang him on a tree,",D02,put to death under law or sentence (data)
Deu 21:22,5,H4191,put to death,0,0,"“And if a man has committed a crime punishable by death and he is put to death, and you hang him on a tree,",D02,put to death under law or sentence (data)
Deu 22:21,9,H4191,death,0,0,"then they shall bring out the young woman to the door of her father’s house, and the men of her city shall stone her to death with stones, because she has done an outrageous thing in Israel by whoring in her father’s house. So you shall purge the evil from your midst.",D02,put to death under law or sentence (data)
Deu 22:22,8,H4191,die,0,0,"“ If a man is found lying with the wife of another man, both of them shall die, the man who lay with the woman, and the woman. So you shall purge the evil from Israel.",D02,put to death under law or sentence (data)
Deu 22:25,17,H4191,die,0,0,"“But if in the open country a man meets a young woman who is betrothed, and the man seizes her and lies with her, then only the man who lay with her shall die.",D02,put to death under law or sentence (data)
Deu 24:7,11,H4191,die,0,0,"“ If a man is found stealing one of his brothers of the people of Israel, and if he treats him as a slave or sells him, then that thief shall die. So you shall purge the evil from your midst.",D02,put to death under law or sentence (data)
Deu 24:16,2,H4191,put to death,1,0,"“ Fathers shall not be put to death because of their children, nor shall children be put to death because of their fathers. Each one shall be put to death for his own sin.",D14,death and sin
Deu 24:16,5,H4191,put to death,0,0,"“ Fathers shall not be put to death because of their children, nor shall children be put to death because of their fathers. Each one shall be put to death for his own sin.",D14,death and sin
Deu 24:16,8,H4191,put to death,0,0,"“ Fathers shall not be put to death because of their children, nor shall children be put to death because of their fathers. Each one shall be put to death for his own sin.",D14,death and sin
Deu 25:5,5,H4191,dies,0,0,"“ If brothers dwell together, and one of them dies and has no son, the wife of the dead man shall not be married outside the family to a stranger. Her husband’s brother shall go in to her and take her as his wife and perform the duty of a husband’s brother to her.",D01,"death notices, lifespans, burial, inheritance (data)"
Deu 25:5,9,H4191,dead man,0,0,"“ If brothers dwell together, and one of them dies and has no son, the wife of the dead man shall not be married outside the family to a stranger. Her husband’s brother shall go in to her and take her as his wife and perform the duty of a husband’s brother to her.",D01,"death notices, lifespans, burial, inheritance (data)"
Deu 26:14,8,H4191,dead,1,1,"I have not eaten of the tithe while I was mourning, or removed any of it while I was unclean, or offered any of it to the dead. I have obeyed the voice of the Lord my God. I have done according to all that you have commanded me.",D09,"the dead: praise, inquiry, sleep, going to them"
Deu 32:50,0,H4191,die,0,0,"And die on the mountain which you go up, and be gathered to your people, as Aaron your brother died in Mount Hor and was gathered to his people,",D08,"what death is: the common lot, the day of death, gathered to one's people"
Deu 32:50,10,H4191,died,0,0,"And die on the mountain which you go up, and be gathered to your people, as Aaron your brother died in Mount Hor and was gathered to his people,",D08,"what death is: the common lot, the day of death, gathered to one's people"
Deu 34:7,4,H4191,died,0,0,"Moses was 120 years old when he died. His eye was undimmed, and his vigor unabated.",D01,"death notices, lifespans, burial, inheritance (data)"
Jos 5:4,12,H4191,died,0,0,"And this is the reason why Joshua circumcised them: all the males of the people who came out of Egypt, all the men of war, had died in the wilderness on the way after they had come out of Egypt.",D04,"struck down by God; death as his judgement (sword, famine, pestilence)"
Jos 10:11,13,H4191,died,0,0,"And as they fled before Israel, while they were going down the ascent of Beth-horon, the Lord threw down large stones from heaven on them as far as Azekah, and they died. There were more who died because of the hailstones than the sons of Israel killed with the sword.",D04,"struck down by God; death as his judgement (sword, famine, pestilence)"
Jos 10:11,16,H4191,died,0,0,"And as they fled before Israel, while they were going down the ascent of Beth-horon, the Lord threw down large stones from heaven on them as far as Azekah, and they died. There were more who died because of the hailstones than the sons of Israel killed with the sword.",D04,"struck down by God; death as his judgement (sword, famine, pestilence)"
Jos 10:26,3,H4191,death,0,0,"And afterward Joshua struck them and put them to death, and he hanged them on five trees. And they hung on the trees until evening.",D03,"killed or spared by people: murder, war, plots, execution, suicide (data; cf. unit 1 face C)"
Jos 11:17,15,H4191,death,0,0,"from Mount Halak, which rises toward Seir, as far as Baal-gad in the Valley of Lebanon below Mount Hermon. And he captured all their kings and struck them and put them to death.",D03,"killed or spared by people: murder, war, plots, execution, suicide (data; cf. unit 1 face C)"
Jos 20:9,16,H4191,die,1,0,"These were the cities designated for all the people of Israel and for the stranger sojourning among them, that anyone who killed a person without intent could flee there, so that he might not die by the hand of the avenger of blood, till he stood before the congregation.",D02,put to death under law or sentence (data)
Jos 24:33,3,H4191,died,0,0,"And Eleazar the son of Aaron died, and they buried him at Gibeah, the town of Phinehas his son, which had been given him in the hill country of Ephraim.",D01,"death notices, lifespans, burial, inheritance (data)"
Judg 2:19,1,H4191,died,0,0,"But whenever the judge died, they turned back and were more corrupt than their fathers, going after other gods, serving them and bowing down to them. They did not drop any of their practices or their stubborn ways.",D01,"death notices, lifespans, burial, inheritance (data)"
Judg 2:21,10,H4191,died,0,0,"I will no longer drive out before them any of the nations that Joshua left when he died,",D01,"death notices, lifespans, burial, inheritance (data)"
Judg 3:11,7,H4191,died,0,0,So the land had rest for forty years. Then Othniel the son of Kenaz died.,D01,"death notices, lifespans, burial, inheritance (data)"
Judg 4:1,8,H4191,died,0,1,And the people of Israel again did what was evil in the sight of the Lord after Ehud died.,D01,"death notices, lifespans, burial, inheritance (data)"
Judg 4:21,19,H4191,died,0,0,"But Jael the wife of Heber took a tent peg, and took a hammer in her hand. Then she went softly to him and drove the peg into his temple until it went down into the ground while he was lying fast asleep from weariness. So he died.",D03,"killed or spared by people: murder, war, plots, execution, suicide (data; cf. unit 1 face C)"
Judg 5:18,4,H4191,death,0,0,"Zebulun is a people who risked their lives to the death; Naphtali, too, on the heights of the field.",D13,ready to die for or with another
Judg 8:32,3,H4191,died,0,0,"And Gideon the son of Joash died in a good old age and was buried in the tomb of Joash his father, at Ophrah of the Abiezrites.",D01,"death notices, lifespans, burial, inheritance (data)"
Judg 9:49,16,H4191,died,0,0,"So every one of the people cut down his bundle and following Abimelech put it against the stronghold, and they set the stronghold on fire over them, so that all the people of the Tower of Shechem also died, about 1,000 men and women.",D03,"killed or spared by people: murder, war, plots, execution, suicide (data; cf. unit 1 face C)"
Judg 9:55,4,H4191,dead,0,0,"And when the men of Israel saw that Abimelech was dead, everyone departed to his home.",D03,"killed or spared by people: murder, war, plots, execution, suicide (data; cf. unit 1 face C)"
Judg 10:2,4,H4191,died,0,0,And he judged Israel twenty-three years. Then he died and was buried at Shamir.,D01,"death notices, lifespans, burial, inheritance (data)"
Judg 10:5,1,H4191,died,0,0,And Jair died and was buried in Kamon.,D01,"death notices, lifespans, burial, inheritance (data)"
Judg 12:7,7,H4191,died,0,0,Jephthah judged Israel six years. Then Jephthah the Gileadite died and was buried in his city in Gilead.,D01,"death notices, lifespans, burial, inheritance (data)"
Judg 12:10,1,H4191,died,0,0,Then Ibzan died and was buried at Bethlehem.,D01,"death notices, lifespans, burial, inheritance (data)"
Judg 12:12,2,H4191,died,0,0,Then Elon the Zebulunite died and was buried at Aijalon in the land of Zebulun.,D01,"death notices, lifespans, burial, inheritance (data)"
Judg 12:15,4,H4191,died,0,0,"Then Abdon the son of Hillel the Pirathonite died and was buried at Pirathon in the land of Ephraim, in the hill country of the Amalekites.",D01,"death notices, lifespans, burial, inheritance (data)"
Judg 16:16,6,H4191,death,0,0,"And when she pressed him hard with her words day after day, and urged him, his soul was vexed to death.",D11,fear and anguish facing death
Judg 20:13,5,H4191,death,0,0,"Now therefore give up the men, the worthless fellows in Gibeah, that we may put them to death and purge evil from Israel.” But the Benjaminites would not listen to the voice of their brothers, the people of Israel.",D02,put to death under law or sentence (data)
Rut 1:3,3,H4191,died,0,0,"But Elimelech, the husband of Naomi, died, and she was left with her two sons.",D01,"death notices, lifespans, burial, inheritance (data)"
Rut 1:5,3,H4191,died,0,0,"and both Mahlon and Chilion died, so that the woman was left without her two sons and her husband.",D01,"death notices, lifespans, burial, inheritance (data)"
Rut 1:17,1,H4191,die,0,1,"Where you die I will die, and there will I be buried. May the Lord do so to me and more also if anything but death parts me from you.”",D13,ready to die for or with another
Rut 1:17,2,H4191,die,0,1,"Where you die I will die, and there will I be buried. May the Lord do so to me and more also if anything but death parts me from you.”",D13,ready to die for or with another
Rut 1:17,9,H4194,death,0,1,"Where you die I will die, and there will I be buried. May the Lord do so to me and more also if anything but death parts me from you.”",D13,ready to die for or with another
1Sa 2:25,17,H4191,death,0,1,"If someone sins against a man, God will mediate for him, but if someone sins against the Lord, who can intercede for him?” But they would not listen to the voice of their father, for it was the will of the Lord to put them to death.",D04,"struck down by God; death as his judgement (sword, famine, pestilence)"
1Sa 2:33,11,H4191,die,0,0,"The only one of you whom I shall not cut off from my altar shall be spared to weep his eyes out to grieve his heart, and all the descendants of your house shall die by the sword of men.",D04,"struck down by God; death as his judgement (sword, famine, pestilence)"
1Sa 2:34,10,H4191,die,0,0,"And this that shall come upon your two sons, Hophni and Phinehas, shall be the sign to you: both of them shall die on the same day.",D04,"struck down by God; death as his judgement (sword, famine, pestilence)"
1Sa 4:11,8,H4191,died,0,0,"And the ark of God was captured, and the two sons of Eli, Hophni and Phinehas, died.",D04,"struck down by God; death as his judgement (sword, famine, pestilence)"
1Sa 5:12,2,H4191,die,1,0,"The men who did not die were struck with tumors, and the cry of the city went up to heaven.",D04,"struck down by God; death as his judgement (sword, famine, pestilence)"
1Sa 14:13,11,H4191,killed,0,0,"Then Jonathan climbed up on his hands and feet, and his armor-bearer after him. And they fell before Jonathan, and his armor-bearer killed them after him.",D03,"killed or spared by people: murder, war, plots, execution, suicide (data; cf. unit 1 face C)"
1Sa 17:35,11,H4191,killed,0,0,"I went after him and struck him and delivered it out of his mouth. And if he arose against me, I caught him by his beard and struck him and killed him.",D03,"killed or spared by people: murder, war, plots, execution, suicide (data; cf. unit 1 face C)"
1Sa 17:50,8,H4191,killed,0,0,"So David prevailed over the Philistine with a sling and with a stone, and struck the Philistine and killed him. There was no sword in the hand of David.",D03,"killed or spared by people: murder, war, plots, execution, suicide (data; cf. unit 1 face C)"
1Sa 17:51,9,H4191,killed,0,0,"Then David ran and stood over the Philistine and took his sword and drew it out of its sheath and killed him and cut off his head with it. When the Philistines saw that their champion was dead, they fled.",D03,"killed or spared by people: murder, war, plots, execution, suicide (data; cf. unit 1 face C)"
1Sa 17:51,16,H4191,dead,0,0,"Then David ran and stood over the Philistine and took his sword and drew it out of its sheath and killed him and cut off his head with it. When the Philistines saw that their champion was dead, they fled.",D03,"killed or spared by people: murder, war, plots, execution, suicide (data; cf. unit 1 face C)"
1Sa 19:5,17,H4191,killing,0,0,"For he took his life in his hand and he struck down the Philistine, and the Lord worked a great salvation for all Israel. You saw it, and rejoiced. Why then will you sin against innocent blood by killing David without cause?”",D03,"killed or spared by people: murder, war, plots, execution, suicide (data; cf. unit 1 face C)"
1Sa 19:6,9,H4191,put to death,0,1,"And Saul listened to the voice of Jonathan. Saul swore, “As the Lord lives, he shall not be put to death.”",D03,"killed or spared by people: murder, war, plots, execution, suicide (data; cf. unit 1 face C)"
1Sa 20:33,11,H4191,death,0,0,But Saul hurled his spear at him to strike him. So Jonathan knew that his father was determined to put David to death.,D03,"killed or spared by people: murder, war, plots, execution, suicide (data; cf. unit 1 face C)"
1Sa 24:14,10,H4191,dead,0,0,After whom has the king of Israel come out? After whom do you pursue? After a dead dog! After a flea!,D24,"like the dead: the living likened to the dead; the heart that died; ""dead dog"""
1Sa 25:1,1,H4191,died,0,0,"Now Samuel died. And all Israel assembled and mourned for him, and they buried him in his house at Ramah. Then David rose and went down to the wilderness of Paran.",D01,"death notices, lifespans, burial, inheritance (data)"
1Sa 25:37,9,H4191,died,0,0,"In the morning, when the wine had gone out of Nabal, his wife told him these things, and his heart died within him, and he became as a stone.",D24,"like the dead: the living likened to the dead; the heart that died; ""dead dog"""
1Sa 25:38,5,H4191,died,0,1,"And about ten days later the Lord struck Nabal, and he died.",D04,"struck down by God; death as his judgement (sword, famine, pestilence)"
1Sa 28:3,1,H4191,died,0,0,"Now Samuel had died, and all Israel had mourned for him and buried him in Ramah, his own city. And Saul had put the mediums and the necromancers out of the land.",D01,"death notices, lifespans, burial, inheritance (data)"
1Sa 30:2,7,H4191,killed,0,0,"and taken captive the women and all who were in it, both small and great. They killed no one, but carried them off and went their way.",D03,"killed or spared by people: murder, war, plots, execution, suicide (data; cf. unit 1 face C)"
1Sa 31:5,4,H4191,dead,0,0,"And when his armor-bearer saw that Saul was dead, he also fell upon his sword and died with him.",D03,"killed or spared by people: murder, war, plots, execution, suicide (data; cf. unit 1 face C)"
1Sa 31:5,9,H4191,died,0,0,"And when his armor-bearer saw that Saul was dead, he also fell upon his sword and died with him.",D03,"killed or spared by people: murder, war, plots, execution, suicide (data; cf. unit 1 face C)"
1Sa 31:6,1,H4191,died,0,0,"Thus Saul died, and his three sons, and his armor-bearer, and all his men, on the same day together.",D03,"killed or spared by people: murder, war, plots, execution, suicide (data; cf. unit 1 face C)"
1Sa 31:7,16,H4191,dead,0,0,"And when the men of Israel who were on the other side of the valley and those beyond the Jordan saw that the men of Israel had fled and that Saul and his sons were dead, they abandoned their cities and fled. And the Philistines came and lived in them.",D03,"killed or spared by people: murder, war, plots, execution, suicide (data; cf. unit 1 face C)"
2Sa 2:23,12,H4191,died,0,0,"But he refused to turn aside. Therefore Abner struck him in the stomach with the butt of his spear, so that the spear came out at his back. And he fell there and died where he was. And all who came to the place where Asahel had fallen and died, stood still.",D03,"killed or spared by people: murder, war, plots, execution, suicide (data; cf. unit 1 face C)"
2Sa 2:23,21,H4191,died,0,0,"But he refused to turn aside. Therefore Abner struck him in the stomach with the butt of his spear, so that the spear came out at his back. And he fell there and died where he was. And all who came to the place where Asahel had fallen and died, stood still.",D03,"killed or spared by people: murder, war, plots, execution, suicide (data; cf. unit 1 face C)"
2Sa 3:30,7,H4191,death,0,0,"So Joab and Abishai his brother killed Abner, because he had put their brother Asahel to death in the battle at Gibeon.",D03,"killed or spared by people: murder, war, plots, execution, suicide (data; cf. unit 1 face C)"
2Sa 3:37,8,H4191,put to death,1,0,So all the people and all Israel understood that day that it had not been the king’s will to put to death Abner the son of Ner.,D03,"killed or spared by people: murder, war, plots, execution, suicide (data; cf. unit 1 face C)"
2Sa 4:1,4,H4191,died,0,0,"When Ish-bosheth, Saul’s son, heard that Abner had died at Hebron, his courage failed, and all Israel was dismayed.",D01,"death notices, lifespans, burial, inheritance (data)"
2Sa 4:7,8,H4191,put him to death,0,0,"When they came into the house, as he lay on his bed in his bedroom, they struck him and put him to death and beheaded him. They took his head and went by the way of the Arabah all night,",D03,"killed or spared by people: murder, war, plots, execution, suicide (data; cf. unit 1 face C)"
2Sa 10:1,3,H4191,died,0,0,"After this the king of the Ammonites died, and Hanun his son reigned in his place.",D01,"death notices, lifespans, burial, inheritance (data)"
2Sa 10:18,15,H4191,died,0,0,"And the Syrians fled before Israel, and David killed of the Syrians the men of 700 chariots, and 40,000 horsemen, and wounded Shobach the commander of their army, so that he died there.",D03,"killed or spared by people: murder, war, plots, execution, suicide (data; cf. unit 1 face C)"
2Sa 11:26,5,H4191,dead,0,0,"When the wife of Uriah heard that Uriah her husband was dead, she lamented over her husband.",D10,mourning and grief at a death
2Sa 12:23,1,H4191,dead,0,0,"But now he is dead. Why should I fast? Can I bring him back again? I shall go to him, but he will not return to me.”",D09,"the dead: praise, inquiry, sleep, going to them"
2Sa 14:6,12,H4191,killed,0,0,"And your servant had two sons, and they quarreled with one another in the field. There was no one to separate them, and one struck the other and killed him.",D03,"killed or spared by people: murder, war, plots, execution, suicide (data; cf. unit 1 face C)"
2Sa 14:14,0,H4191,must,0,0,"We must all die; we are like water spilled on the ground, which cannot be gathered up again. But God will not take away life, and he devises means so that the banished one will not remain an outcast.",D08,"what death is: the common lot, the day of death, gathered to one's people"
2Sa 14:14,1,H4191,die,0,0,"We must all die; we are like water spilled on the ground, which cannot be gathered up again. But God will not take away life, and he devises means so that the banished one will not remain an outcast.",D08,"what death is: the common lot, the day of death, gathered to one's people"
2Sa 17:23,15,H4191,died,0,0,"When Ahithophel saw that his counsel was not followed, he saddled his donkey and went off home to his own city. He set his house in order and hanged himself, and he died and was buried in the tomb of his father.",D03,"killed or spared by people: murder, war, plots, execution, suicide (data; cf. unit 1 face C)"
2Sa 20:3,23,H4191,death,0,0,"And David came to his house at Jerusalem. And the king took the ten concubines whom he had left to care for the house and put them in a house under guard and provided for them, but did not go in to them. So they were shut up until the day of their death, living as if in widowhood.",D01,"death notices, lifespans, burial, inheritance (data)"
2Sa 20:10,15,H4191,died,1,0,"But Amasa did not observe the sword that was in Joab’s hand. So Joab struck him with it in the stomach and spilled his entrails to the ground without striking a second blow, and he died. Then Joab and Abishai his brother pursued Sheba the son of Bichri.",D03,"killed or spared by people: murder, war, plots, execution, suicide (data; cf. unit 1 face C)"
2Sa 20:19,6,H4191,destroy,0,0,I am one of those who are peaceable and faithful in Israel. You seek to destroy a city that is a mother in Israel. Why will you swallow up the heritage of the Lord?”,D03,"killed or spared by people: murder, war, plots, execution, suicide (data; cf. unit 1 face C)"
2Sa 21:9,11,H4191,put to death,0,1,"and he gave them into the hands of the Gibeonites, and they hanged them on the mountain before the Lord, and the seven of them perished together. They were put to death in the first days of harvest, at the beginning of barley harvest.",D03,"killed or spared by people: murder, war, plots, execution, suicide (data; cf. unit 1 face C)"
2Sa 24:15,7,H4191,died,0,0,"So the Lord sent a pestilence on Israel from the morning until the appointed time. And there died of the people from Dan to Beersheba 70,000 men.",D04,"struck down by God; death as his judgement (sword, famine, pestilence)"
1Ki 2:24,16,H4191,put to death,0,0,"Now therefore as the Lord lives, who has established me and placed me on the throne of David my father, and who has made me a house, as he promised, Adonijah shall be put to death today.”",D03,"killed or spared by people: murder, war, plots, execution, suicide (data; cf. unit 1 face C)"
1Ki 2:34,5,H4191,put him to death,0,0,Then Benaiah the son of Jehoiada went up and struck him down and put him to death. And he was buried in his own house in the wilderness.,D03,"killed or spared by people: murder, war, plots, execution, suicide (data; cf. unit 1 face C)"
1Ki 2:37,8,H4191,you shall,0,0,"For on the day you go out and cross the brook Kidron, know for certain that you shall die. Your blood shall be on your own head.”",D03,"killed or spared by people: murder, war, plots, execution, suicide (data; cf. unit 1 face C)"
1Ki 2:37,9,H4191,die,0,0,"For on the day you go out and cross the brook Kidron, know for certain that you shall die. Your blood shall be on your own head.”",D03,"killed or spared by people: murder, war, plots, execution, suicide (data; cf. unit 1 face C)"
1Ki 2:46,7,H4191,died,0,0,"Then the king commanded Benaiah the son of Jehoiada, and he went out and struck him down, and he died. So the kingdom was established in the hand of Solomon.",D03,"killed or spared by people: murder, war, plots, execution, suicide (data; cf. unit 1 face C)"
1Ki 3:19,3,H4191,died,0,0,"And this woman’s son died in the night, because she lay on him.",D01,"death notices, lifespans, burial, inheritance (data)"
1Ki 3:20,11,H4191,dead,0,0,"And she arose at midnight and took my son from beside me, while your servant slept, and laid him at her breast, and laid her dead son at my breast.",D01,"death notices, lifespans, burial, inheritance (data)"
1Ki 3:21,5,H4191,dead,0,0,"When I rose in the morning to nurse my child, behold, he was dead. But when I looked at him closely in the morning, behold, he was not the child that I had borne.”",D01,"death notices, lifespans, burial, inheritance (data)"
1Ki 11:40,2,H4191,kill,0,0,"Solomon sought therefore to kill Jeroboam. But Jeroboam arose and fled into Egypt, to Shishak king of Egypt, and was in Egypt until the death of Solomon.",D03,"killed or spared by people: murder, war, plots, execution, suicide (data; cf. unit 1 face C)"
1Ki 11:40,15,H4194,death,0,0,"Solomon sought therefore to kill Jeroboam. But Jeroboam arose and fled into Egypt, to Shishak king of Egypt, and was in Egypt until the death of Solomon.",D01,"death notices, lifespans, burial, inheritance (data)"
1Ki 13:24,4,H4191,killed,0,0,"And as he went away a lion met him on the road and killed him. And his body was thrown in the road, and the donkey stood beside it; the lion also stood beside the body.",D04,"struck down by God; death as his judgement (sword, famine, pestilence)"
1Ki 14:12,7,H4191,die,0,0,"Arise therefore, go to your house. When your feet enter the city, the child shall die.",D04,"struck down by God; death as his judgement (sword, famine, pestilence)"
1Ki 14:17,11,H4191,died,0,0,"Then Jeroboam’s wife arose and departed and came to Tirzah. And as she came to the threshold of the house, the child died.",D04,"struck down by God; death as his judgement (sword, famine, pestilence)"
1Ki 15:28,1,H4191,killed,0,0,So Baasha killed him in the third year of Asa king of Judah and reigned in his place.,D03,"killed or spared by people: murder, war, plots, execution, suicide (data; cf. unit 1 face C)"
1Ki 16:4,1,H4191,dies,0,0,"Anyone belonging to Baasha who dies in the city the dogs shall eat, and anyone of his who dies in the field the birds of the heavens shall eat.”",D04,"struck down by God; death as his judgement (sword, famine, pestilence)"
1Ki 16:4,5,H4191,dies,0,0,"Anyone belonging to Baasha who dies in the city the dogs shall eat, and anyone of his who dies in the field the birds of the heavens shall eat.”",D04,"struck down by God; death as his judgement (sword, famine, pestilence)"
1Ki 16:10,3,H4191,killed,0,0,"Zimri came in and struck him down and killed him, in the twenty-seventh year of Asa king of Judah, and reigned in his place.",D03,"killed or spared by people: murder, war, plots, execution, suicide (data; cf. unit 1 face C)"
1Ki 16:18,14,H4191,died,0,0,"And when Zimri saw that the city was taken, he went into the citadel of the king’s house and burned the king’s house over him with fire and died,",D03,"killed or spared by people: murder, war, plots, execution, suicide (data; cf. unit 1 face C)"
1Ki 16:22,12,H4191,died,0,0,"But the people who followed Omri overcame the people who followed Tibni the son of Ginath. So Tibni died, and Omri became king.",D01,"death notices, lifespans, burial, inheritance (data)"
1Ki 19:17,5,H4191,put to death,0,0,"And the one who escapes from the sword of Hazael shall Jehu put to death, and the one who escapes from the sword of Jehu shall Elisha put to death.",D04,"struck down by God; death as his judgement (sword, famine, pestilence)"
1Ki 19:17,11,H4191,put to death,0,0,"And the one who escapes from the sword of Hazael shall Jehu put to death, and the one who escapes from the sword of Jehu shall Elisha put to death.",D04,"struck down by God; death as his judgement (sword, famine, pestilence)"
1Ki 21:16,4,H4191,dead,0,0,"And as soon as Ahab heard that Naboth was dead, Ahab arose to go down to the vineyard of Naboth the Jezreelite, to take possession of it.",D03,"killed or spared by people: murder, war, plots, execution, suicide (data; cf. unit 1 face C)"
1Ki 21:24,1,H4191,dies,0,0,"Anyone belonging to Ahab who dies in the city the dogs shall eat, and anyone of his who dies in the open country the birds of the heavens shall eat.”",D04,"struck down by God; death as his judgement (sword, famine, pestilence)"
1Ki 21:24,5,H4191,dies,0,0,"Anyone belonging to Ahab who dies in the city the dogs shall eat, and anyone of his who dies in the open country the birds of the heavens shall eat.”",D04,"struck down by God; death as his judgement (sword, famine, pestilence)"
1Ki 22:37,1,H4191,died,0,0,"So the king died, and was brought to Samaria. And they buried the king in Samaria.",D01,"death notices, lifespans, burial, inheritance (data)"
2Ki 4:20,9,H4191,died,0,0,"And when he had lifted him and brought him to his mother, the child sat on her lap till noon, and then he died.",D01,"death notices, lifespans, burial, inheritance (data)"
2Ki 4:32,6,H4191,dead,0,0,"When Elisha came into the house, he saw the child lying dead on his bed.",D01,"death notices, lifespans, burial, inheritance (data)"
2Ki 7:20,4,H4191,died,0,0,"And so it happened to him, for the people trampled him in the gate and he died.",D04,"struck down by God; death as his judgement (sword, famine, pestilence)"
2Ki 8:15,8,H4191,died,0,0,"But the next day he took the bed cloth and dipped it in water and spread it over his face, till he died. And Hazael became king in his place.",D03,"killed or spared by people: murder, war, plots, execution, suicide (data; cf. unit 1 face C)"
2Ki 11:2,15,H4191,put to death,0,0,"But Jehosheba, the daughter of King Joram, sister of Ahaziah, took Joash the son of Ahaziah and stole him away from among the king’s sons who were being put to death, and she put him and his nurse in a bedroom. Thus they hid him from Athaliah, so that he was not put to death.",D03,"killed or spared by people: murder, war, plots, execution, suicide (data; cf. unit 1 face C)"
2Ki 11:2,23,H4191,put to death,1,0,"But Jehosheba, the daughter of King Joram, sister of Ahaziah, took Joash the son of Ahaziah and stole him away from among the king’s sons who were being put to death, and she put him and his nurse in a bedroom. Thus they hid him from Athaliah, so that he was not put to death.",D03,"killed or spared by people: murder, war, plots, execution, suicide (data; cf. unit 1 face C)"
2Ki 11:16,9,H4191,put to death,0,0,"So they laid hands on her; and she went through the horses ’ entrance to the king’s house, and there she was put to death.",D03,"killed or spared by people: murder, war, plots, execution, suicide (data; cf. unit 1 face C)"
2Ki 11:20,7,H4191,put to death,0,0,"So all the people of the land rejoiced, and the city was quiet after Athaliah had been put to death with the sword at the king’s house.",D03,"killed or spared by people: murder, war, plots, execution, suicide (data; cf. unit 1 face C)"
2Ki 13:20,1,H4191,died,0,0,"So Elisha died, and they buried him. Now bands of Moabites used to invade the land in the spring of the year.",D01,"death notices, lifespans, burial, inheritance (data)"
2Ki 13:24,3,H4191,died,0,0,"When Hazael king of Syria died, Ben-hadad his son became king in his place.",D01,"death notices, lifespans, burial, inheritance (data)"
2Ki 15:10,7,H4191,put him to death,0,0,Shallum the son of Jabesh conspired against him and struck him down at Ibleam and put him to death and reigned in his place.,D03,"killed or spared by people: murder, war, plots, execution, suicide (data; cf. unit 1 face C)"
2Ki 15:14,13,H4191,put him to death,0,0,"Then Menahem the son of Gadi came up from Tirzah and came to Samaria, and he struck down Shallum the son of Jabesh in Samaria and put him to death and reigned in his place.",D03,"killed or spared by people: murder, war, plots, execution, suicide (data; cf. unit 1 face C)"
2Ki 15:25,19,H4191,put him to death,0,0,"And Pekah the son of Remaliah, his captain, conspired against him with fifty men of the people of Gilead, and struck him down in Samaria, in the citadel of the king’s house with Argob and Arieh; he put him to death and reigned in his place.",D03,"killed or spared by people: murder, war, plots, execution, suicide (data; cf. unit 1 face C)"
2Ki 15:30,10,H4191,put him to death,0,0,"Then Hoshea the son of Elah made a conspiracy against Pekah the son of Remaliah and struck him down and put him to death and reigned in his place, in the twentieth year of Jotham the son of Uzziah.",D03,"killed or spared by people: murder, war, plots, execution, suicide (data; cf. unit 1 face C)"
2Ki 16:9,11,H4191,killed,0,0,"And the king of Assyria listened to him. The king of Assyria marched up against Damascus and took it, carrying its people captive to Kir, and he killed Rezin.",D03,"killed or spared by people: murder, war, plots, execution, suicide (data; cf. unit 1 face C)"
2Ki 19:35,12,H4191,dead,0,0,"And that night the angel of the Lord went out and struck down 185,000 in the camp of the Assyrians. And when people arose early in the morning, behold, these were all dead bodies.",D04,"struck down by God; death as his judgement (sword, famine, pestilence)"
2Ki 23:29,14,H4191,killed,0,0,"In his days Pharaoh Neco king of Egypt went up to the king of Assyria to the river Euphrates. King Josiah went to meet him, and Pharaoh Neco killed him at Megiddo, as soon as he saw him.",D03,"killed or spared by people: murder, war, plots, execution, suicide (data; cf. unit 1 face C)"
2Ki 25:21,3,H4191,put them to death,0,0,And the king of Babylon struck them down and put them to death at Riblah in the land of Hamath. So Judah was taken into exile out of its land.,D03,"killed or spared by people: murder, war, plots, execution, suicide (data; cf. unit 1 face C)"
2Ki 25:25,14,H4191,put him to death,0,0,"But in the seventh month, Ishmael the son of Nethaniah, son of Elishama, of the royal family, came with ten men and struck down Gedaliah and put him to death along with the Jews and the Chaldeans who were with him at Mizpah.",D03,"killed or spared by people: murder, war, plots, execution, suicide (data; cf. unit 1 face C)"
1Ch 1:44,1,H4191,died,0,0,"Bela died, and Jobab the son of Zerah of Bozrah reigned in his place.",D01,"death notices, lifespans, burial, inheritance (data)"
1Ch 1:45,1,H4191,died,0,0,"Jobab died, and Husham of the land of the Temanites reigned in his place.",D01,"death notices, lifespans, burial, inheritance (data)"
1Ch 1:47,1,H4191,died,0,0,"Hadad died, and Samlah of Masrekah reigned in his place.",D01,"death notices, lifespans, burial, inheritance (data)"
1Ch 1:48,1,H4191,died,0,0,"Samlah died, and Shaul of Rehoboth on the Euphrates reigned in his place.",D01,"death notices, lifespans, burial, inheritance (data)"
1Ch 1:49,1,H4191,died,0,0,"Shaul died, and Baal-hanan, the son of Achbor, reigned in his place.",D01,"death notices, lifespans, burial, inheritance (data)"
1Ch 1:51,1,H4191,died,0,0,"And Hadad died. The chiefs of Edom were: chiefs Timna, Alvah, Jetheth,",D01,"death notices, lifespans, burial, inheritance (data)"
1Ch 2:3,15,H4191,put him to death,0,1,"The sons of Judah: Er, Onan and Shelah; these three Bath-shua the Canaanite bore to him. Now Er, Judah’s firstborn, was evil in the sight of the Lord, and he put him to death.",D04,"struck down by God; death as his judgement (sword, famine, pestilence)"
1Ch 2:19,1,H4191,died,0,0,"When Azubah died, Caleb married Ephrath, who bore him Hur.",D01,"death notices, lifespans, burial, inheritance (data)"
1Ch 2:30,5,H4191,died,0,0,The sons of Nadab: Seled and Appaim; and Seled died childless.,D01,"death notices, lifespans, burial, inheritance (data)"
1Ch 2:32,7,H4191,died,0,0,"The sons of Jada, Shammai’s brother: Jether and Jonathan; and Jether died childless.",D01,"death notices, lifespans, burial, inheritance (data)"
1Ch 10:5,3,H4191,dead,0,0,"And when his armor-bearer saw that Saul was dead, he also fell upon his sword and died.",D03,"killed or spared by people: murder, war, plots, execution, suicide (data; cf. unit 1 face C)"
1Ch 10:5,6,H4191,died,0,0,"And when his armor-bearer saw that Saul was dead, he also fell upon his sword and died.",D03,"killed or spared by people: murder, war, plots, execution, suicide (data; cf. unit 1 face C)"
1Ch 10:6,1,H4191,died,0,0,Thus Saul died; he and his three sons and all his house died together.,D03,"killed or spared by people: murder, war, plots, execution, suicide (data; cf. unit 1 face C)"
1Ch 10:6,6,H4191,died,0,0,Thus Saul died; he and his three sons and all his house died together.,D03,"killed or spared by people: murder, war, plots, execution, suicide (data; cf. unit 1 face C)"
1Ch 10:7,9,H4191,dead,0,0,"And when all the men of Israel who were in the valley saw that the army had fled and that Saul and his sons were dead, they abandoned their cities and fled, and the Philistines came and lived in them.",D03,"killed or spared by people: murder, war, plots, execution, suicide (data; cf. unit 1 face C)"
1Ch 10:13,1,H4191,died,0,1,"So Saul died for his breach of faith. He broke faith with the Lord in that he did not keep the command of the Lord, and also consulted a medium, seeking guidance.",D14,death and sin
1Ch 19:1,5,H4191,died,0,0,"Now after this Nahash the king of the Ammonites died, and his son reigned in his place.",D01,"death notices, lifespans, burial, inheritance (data)"
1Ch 19:18,12,H4191,put to death,0,0,"And the Syrians fled before Israel, and David killed of the Syrians the men of 7,000 chariots and 40,000 foot soldiers, and put to death also Shophach the commander of their army.",D03,"killed or spared by people: murder, war, plots, execution, suicide (data; cf. unit 1 face C)"
1Ch 23:22,1,H4191,died,0,0,"Eleazar died having no sons, but only daughters; their kinsmen, the sons of Kish, married them.",D01,"death notices, lifespans, burial, inheritance (data)"
1Ch 24:2,2,H4191,died,0,0,"But Nadab and Abihu died before their father and had no children, so Eleazar and Ithamar became the priests.",D04,"struck down by God; death as his judgement (sword, famine, pestilence)"
1Ch 29:28,0,H4191,died,0,0,"Then he died at a good age, full of days, riches, and honor. And Solomon his son reigned in his place.",D01,"death notices, lifespans, burial, inheritance (data)"
2Ch 13:20,8,H4191,died,0,1,"Jeroboam did not recover his power in the days of Abijah. And the Lord struck him down, and he died.",D04,"struck down by God; death as his judgement (sword, famine, pestilence)"
2Ch 15:13,7,H4191,put to death,0,1,"but that whoever would not seek the Lord, the God of Israel, should be put to death, whether young or old, man or woman.",D02,put to death under law or sentence (data)
2Ch 16:13,3,H4191,dying,0,0,"And Asa slept with his fathers, dying in the forty-first year of his reign.",D01,"death notices, lifespans, burial, inheritance (data)"
2Ch 18:34,14,H4191,died,0,0,"And the battle continued that day, and the king of Israel was propped up in his chariot facing the Syrians until evening. Then at sunset he died.",D01,"death notices, lifespans, burial, inheritance (data)"
2Ch 22:10,6,H4191,dead,0,0,"Now when Athaliah the mother of Ahaziah saw that her son was dead, she arose and destroyed all the royal family of the house of Judah.",D03,"killed or spared by people: murder, war, plots, execution, suicide (data; cf. unit 1 face C)"
2Ch 22:11,11,H4191,put to death,0,0,"But Jehoshabeath, the daughter of the king, took Joash the son of Ahaziah and stole him away from among the king’s sons who were about to be put to death, and she put him and his nurse in a bedroom. Thus Jehoshabeath, the daughter of King Jehoram and wife of Jehoiada the priest, because she was a sister of Ahaziah, hid him from Athaliah, so that she did not put him to death.",D03,"killed or spared by people: murder, war, plots, execution, suicide (data; cf. unit 1 face C)"
2Ch 22:11,29,H4191,put him to death,1,0,"But Jehoshabeath, the daughter of the king, took Joash the son of Ahaziah and stole him away from among the king’s sons who were about to be put to death, and she put him and his nurse in a bedroom. Thus Jehoshabeath, the daughter of King Jehoram and wife of Jehoiada the priest, because she was a sister of Ahaziah, hid him from Athaliah, so that she did not put him to death.",D03,"killed or spared by people: murder, war, plots, execution, suicide (data; cf. unit 1 face C)"
2Ch 23:15,8,H4191,put her to death,0,0,"So they laid hands on her, and she went into the entrance of the horse gate of the king’s house, and they put her to death there.",D03,"killed or spared by people: murder, war, plots, execution, suicide (data; cf. unit 1 face C)"
2Ch 23:21,7,H4191,put to death,0,0,"So all the people of the land rejoiced, and the city was quiet after Athaliah had been put to death with the sword.",D03,"killed or spared by people: murder, war, plots, execution, suicide (data; cf. unit 1 face C)"
2Ch 24:15,4,H4191,died,0,0,"But Jehoiada grew old and full of days, and died. He was 130 years old at his death.",D01,"death notices, lifespans, burial, inheritance (data)"
2Ch 24:15,9,H4194,death,0,0,"But Jehoiada grew old and full of days, and died. He was 130 years old at his death.",D01,"death notices, lifespans, burial, inheritance (data)"
Job 1:19,13,H4191,dead,0,0,"and behold, a great wind came across the wilderness and struck the four corners of the house, and it fell upon the young people, and they are dead, and I alone have escaped to tell you.”",D01,"death notices, lifespans, burial, inheritance (data)"
Job 3:11,2,H4191,die,1,0,"“ Why did I not die at birth, come out from the womb and expire?",D12,wanting to die; wishing one had died
Job 4:21,3,H4191,die,0,0,"Is not their tent-cord plucked up within them, do they not die, and that without wisdom?’",D08,"what death is: the common lot, the day of death, gathered to one's people"
Job 9:23,2,H4191,death,0,0,"When disaster brings sudden death, he mocks at the calamity of the innocent.",D08,"what death is: the common lot, the day of death, gathered to one's people"
Job 12:2,4,H4191,die,0,0,"“No doubt you are the people, and wisdom will die with you.",D27,"not the inner being: animals, plants, objects, idiom"
Job 14:8,6,H4191,die,0,0,"Though its root grow old in the earth, and its stump die in the soil,",D27,"not the inner being: animals, plants, objects, idiom"
Job 14:10,1,H4191,dies,0,0,"But a man dies and is laid low; man breathes his last, and where is he?",D08,"what death is: the common lot, the day of death, gathered to one's people"
Job 21:23,0,H4191,dies,0,0,"One dies in his full vigor, being wholly at ease and secure,",D08,"what death is: the common lot, the day of death, gathered to one's people"
Job 33:22,4,H4191,death,0,0,"His soul draws near the pit, and his life to those who bring death.",D06,"dying of hunger, thirst, sickness or danger"
Job 34:20,1,H4191,die,0,0,"In a moment they die; at midnight the people are shaken and pass away, and the mighty are taken away by no human hand.",D08,"what death is: the common lot, the day of death, gathered to one's people"
Job 36:14,0,H4191,die,0,0,"They die in youth, and their life ends among the cult prostitutes.",D04,"struck down by God; death as his judgement (sword, famine, pestilence)"
Job 42:17,1,H4191,died,0,0,"And Job died, an old man, and full of days.",D01,"death notices, lifespans, burial, inheritance (data)"
Psa 37:32,4,H4191,put him to death,0,0,The wicked watches for the righteous and seeks to put him to death.,D03,"killed or spared by people: murder, war, plots, execution, suicide (data; cf. unit 1 face C)"
Psa 48:14,7,H4191,forever,0,1,"that this is God, our God forever and ever. He will guide us forever.",D27,"not the inner being: animals, plants, objects, idiom"
Psa 82:7,2,H4191,die,0,0,"nevertheless, like men you shall die, and fall like any prince.”",D08,"what death is: the common lot, the day of death, gathered to one's people"
Psa 88:5,1,H4191,dead,0,0,"like one set loose among the dead, like the slain that lie in the grave, like those whom you remember no more, for they are cut off from your hand.",D24,"like the dead: the living likened to the dead; the heart that died; ""dead dog"""
Psa 88:10,2,H4191,dead,0,0,Do you work wonders for the dead? Do the departed rise up to praise you? Selah,D09,"the dead: praise, inquiry, sleep, going to them"
Psa 105:29,5,H4191,die,0,0,He turned their waters into blood and caused their fish to die.,D27,"not the inner being: animals, plants, objects, idiom"
Psa 106:28,4,H4191,dead,0,1,"Then they yoked themselves to the Baal of Peor, and ate sacrifices offered to the dead;",D09,"the dead: praise, inquiry, sleep, going to them"
Pro 5:23,1,H4191,dies,0,0,"He dies for lack of discipline, and because of his great folly he is led astray.",D15,"the way to death: set before a person; paths, snares, the tongue (wisdom)"
Pro 19:16,7,H4191,die,0,0,Whoever keeps the commandment keeps his life; he who despises his ways will die.,D15,"the way to death: set before a person; paths, snares, the tongue (wisdom)"
Pro 19:18,10,H4191,death,0,0,"Discipline your son, for there is hope; do not set your heart on putting him to death.",D15,"the way to death: set before a person; paths, snares, the tongue (wisdom)"
Pro 21:25,2,H4191,kills,0,0,"The desire of the sluggard kills him, for his hands refuse to labor.",D15,"the way to death: set before a person; paths, snares, the tongue (wisdom)"
Pro 23:13,8,H4191,die,1,0,"Do not withhold discipline from a child; if you strike him with a rod, he will not die.",D15,"the way to death: set before a person; paths, snares, the tongue (wisdom)"
Pro 30:7,5,H4191,die,1,0,Two things I ask of you; deny them not to me before I die:,D07,"before I die: last words, blessing, wishes"
Ecc 2:16,14,H4191,dies,0,0,"For of the wise as of the fool there is no enduring remembrance, seeing that in the days to come all will have been long forgotten. How the wise dies just like the fool!",D08,"what death is: the common lot, the day of death, gathered to one's people"
Ecc 3:2,3,H4191,die,0,0,"a time to be born, and a time to die; a time to plant, and a time to pluck up what is planted;",D08,"what death is: the common lot, the day of death, gathered to one's people"
Ecc 4:2,1,H4191,dead,0,0,And I thought the dead who are already dead more fortunate than the living who are still alive.,D12,wanting to die; wishing one had died
Ecc 4:2,3,H4191,dead,0,0,And I thought the dead who are already dead more fortunate than the living who are still alive.,D12,wanting to die; wishing one had died
Ecc 9:3,21,H4191,dead,0,0,"This is an evil in all that is done under the sun, that the same event happens to all. Also, the hearts of the children of man are full of evil, and madness is in their hearts while they live, and after that they go to the dead.",D08,"what death is: the common lot, the day of death, gathered to one's people"
Ecc 9:4,14,H4191,dead,0,0,"But he who is joined with all the living has hope, for a living dog is better than a dead lion.",D08,"what death is: the common lot, the day of death, gathered to one's people"
Ecc 9:5,3,H4191,die,0,0,"For the living know that they will die, but the dead know nothing, and they have no more reward, for the memory of them is forgotten.",D08,"what death is: the common lot, the day of death, gathered to one's people"
Ecc 9:5,4,H4191,dead,0,0,"For the living know that they will die, but the dead know nothing, and they have no more reward, for the memory of them is forgotten.",D08,"what death is: the common lot, the day of death, gathered to one's people"
Isa 11:4,16,H4191,kill,0,0,"but with righteousness he shall judge the poor, and decide with equity for the meek of the earth; and he shall strike the earth with the rod of his mouth, and with the breath of his lips he shall kill the wicked.",D04,"struck down by God; death as his judgement (sword, famine, pestilence)"
Isa 22:13,15,H4191,die,0,0,"and behold, joy and gladness, killing oxen and slaughtering sheep, eating flesh and drinking wine. “Let us eat and drink, for tomorrow we die.”",D08,"what death is: the common lot, the day of death, gathered to one's people"
Isa 22:18,7,H4191,die,0,1,"and whirl you around and around, and throw you like a ball into a wide land. There you shall die, and there shall be your glorious chariots, you shame of your master’s house.",D04,"struck down by God; death as his judgement (sword, famine, pestilence)"
Isa 37:36,11,H4191,dead,0,0,"And the angel of the Lord went out and struck down 185,000 in the camp of the Assyrians. And when people arose early in the morning, behold, these were all dead bodies.",D04,"struck down by God; death as his judgement (sword, famine, pestilence)"
Isa 51:14,4,H4191,die,1,0,"He who is bowed down shall speedily be released; he shall not die and go down to the pit, neither shall his bread be lacking.",D18,delivered from death
Isa 59:5,8,H4191,dies,0,0,"They hatch adders ’ eggs; they weave the spider’s web; he who eats their eggs dies, and from one that is crushed a viper is hatched.",D27,"not the inner being: animals, plants, objects, idiom"
Isa 65:20,14,H4191,die,0,0,"No more shall there be in it an infant who lives but a few days, or an old man who does not fill out his days, for the young man shall die a hundred years old, and the sinner a hundred years old shall be accursed.",D08,"what death is: the common lot, the day of death, gathered to one's people"
Isa 66:24,8,H4191,die,1,0,"“And they shall go out and look on the dead bodies of the men who have rebelled against me. For their worm shall not die, their fire shall not be quenched, and they shall be an abhorrence to all flesh.”",D20,the second death; judgement beyond death
Jer 16:6,2,H4191,die,0,0,"Both great and small shall die in this land. They shall not be buried, and no one shall lament for them or cut himself or make himself bald for them.",D04,"struck down by God; death as his judgement (sword, famine, pestilence)"
Jer 20:6,10,H4191,die,0,0,"And you, Pashhur, and all who dwell in your house, shall go into captivity. To Babylon you shall go, and there you shall die, and there you shall be buried, you and all your friends, to whom you have prophesied falsely.”",D04,"struck down by God; death as his judgement (sword, famine, pestilence)"
Jer 20:17,2,H4191,kill,1,0,"because he did not kill me in the womb; so my mother would have been my grave, and her womb forever great.",D12,wanting to die; wishing one had died
Jer 21:6,6,H4191,die,0,0,"And I will strike down the inhabitants of this city, both man and beast. They shall die of a great pestilence.",D04,"struck down by God; death as his judgement (sword, famine, pestilence)"
Jer 22:10,2,H4191,dead,1,0,"Weep not for him who is dead, nor grieve for him, but weep bitterly for him who goes away, for he shall return no more to see his native land.",D10,mourning and grief at a death
Jer 22:12,6,H4191,die,0,0,"but in the place where they have carried him captive, there shall he die, and he shall never see this land again.”",D04,"struck down by God; death as his judgement (sword, famine, pestilence)"
Jer 22:26,11,H4191,die,0,0,"I will hurl you and the mother who bore you into another country, where you were not born, and there you shall die.",D04,"struck down by God; death as his judgement (sword, famine, pestilence)"
Jer 26:24,11,H4191,death,0,0,But the hand of Ahikam the son of Shaphan was with Jeremiah so that he was not given over to the people to be put to death.,D03,"killed or spared by people: murder, war, plots, execution, suicide (data; cf. unit 1 face C)"
Jer 28:17,6,H4191,died,0,0,"In that same year, in the seventh month, the prophet Hananiah died.",D04,"struck down by God; death as his judgement (sword, famine, pestilence)"
Jer 31:30,2,H4191,die,0,0,"But everyone shall die for his own iniquity. Each man who eats sour grapes, his teeth shall be set on edge.",D14,death and sin
Jer 37:20,15,H4191,die,1,0,"Now hear, please, O my lord the king: let my humble plea come before you and do not send me back to the house of Jonathan the secretary, lest I die there.”",D06,"dying of hunger, thirst, sickness or danger"
Jer 38:9,13,H4191,die,0,0,"“My lord the king, these men have done evil in all that they did to Jeremiah the prophet by casting him into the cistern, and he will die there of hunger, for there is no bread left in the city.”",D06,"dying of hunger, thirst, sickness or danger"
Jer 41:2,13,H4191,killed,0,0,"Ishmael the son of Nethaniah and the ten men with him rose up and struck down Gedaliah the son of Ahikam, son of Shaphan, with the sword, and killed him, whom the king of Babylon had appointed governor in the land.",D03,"killed or spared by people: murder, war, plots, execution, suicide (data; cf. unit 1 face C)"
Jer 41:4,3,H4191,murder,0,0,"On the day after the murder of Gedaliah, before anyone knew of it,",D03,"killed or spared by people: murder, war, plots, execution, suicide (data; cf. unit 1 face C)"
Jer 42:22,4,H4191,die,0,0,"Now therefore know for a certainty that you shall die by the sword, by famine, and by pestilence in the place where you desire to go to live.”",D04,"struck down by God; death as his judgement (sword, famine, pestilence)"
Jer 43:3,8,H4191,kill,0,0,"but Baruch the son of Neriah has set you against us, to deliver us into the hand of the Chaldeans, that they may kill us or take us into exile in Babylon.”",D03,"killed or spared by people: murder, war, plots, execution, suicide (data; cf. unit 1 face C)"
Jer 52:27,3,H4191,death,0,0,And the king of Babylon struck them down and put them to death at Riblah in the land of Hamath. So Judah was taken into exile out of its land.,D03,"killed or spared by people: murder, war, plots, execution, suicide (data; cf. unit 1 face C)"
Lam 3:6,3,H4191,dead,0,0,he has made me dwell in darkness like the dead of long ago.,D24,"like the dead: the living likened to the dead; the heart that died; ""dead dog"""
Eze 3:19,11,H4191,die,0,0,"But if you warn the wicked, and he does not turn from his wickedness, or from his wicked way, he shall die for his iniquity, but you will have delivered your soul.",D16,turn and do not die: God's will for life; the watchman (Ezekiel)
Eze 3:20,10,H4191,die,0,0,"Again, if a righteous person turns from his righteousness and commits injustice, and I lay a stumbling block before him, he shall die. Because you have not warned him, he shall die for his sin, and his righteous deeds that he has done shall not be remembered, but his blood I will require at your hand.",D16,turn and do not die: God's will for life; the watchman (Ezekiel)
Eze 3:20,14,H4191,die,1,0,"Again, if a righteous person turns from his righteousness and commits injustice, and I lay a stumbling block before him, he shall die. Because you have not warned him, he shall die for his sin, and his righteous deeds that he has done shall not be remembered, but his blood I will require at your hand.",D16,turn and do not die: God's will for life; the watchman (Ezekiel)
Eze 7:15,7,H4191,dies,0,0,"The sword is without; pestilence and famine are within. He who is in the field dies by the sword, and him who is in the city famine and pestilence devour.",D04,"struck down by God; death as his judgement (sword, famine, pestilence)"
Eze 12:13,12,H4191,die,1,0,"And I will spread my net over him, and he shall be taken in my snare. And I will bring him to Babylon, the land of the Chaldeans, yet he shall not see it, and he shall die there.",D04,"struck down by God; death as his judgement (sword, famine, pestilence)"
Eze 18:4,9,H4191,die,0,0,"Behold, all souls are mine; the soul of the father as well as the soul of the son is mine: the soul who sins shall die.",D14,death and sin
Eze 18:18,13,H4191,die,0,0,"As for his father, because he practiced extortion, robbed his brother, and did what is not good among his people, behold, he shall die for his iniquity.",D14,death and sin
Eze 18:20,2,H4191,die,0,0,"The soul who sins shall die. The son shall not suffer for the iniquity of the father, nor the father suffer for the iniquity of the son. The righteousness of the righteous shall be upon himself, and the wickedness of the wicked shall be upon himself.",D14,death and sin
Eze 18:26,6,H4191,die,0,0,"When a righteous person turns away from his righteousness and does injustice, he shall die for it; for the injustice that he has done he shall die.",D16,turn and do not die: God's will for life; the watchman (Ezekiel)
Eze 18:26,11,H4191,die,0,0,"When a righteous person turns away from his righteousness and does injustice, he shall die for it; for the injustice that he has done he shall die.",D16,turn and do not die: God's will for life; the watchman (Ezekiel)
Eze 18:31,12,H4191,die,0,0,"Cast away from you all the transgressions that you have committed, and make yourselves a new heart and a new spirit! Why will you die, O house of Israel?",D16,turn and do not die: God's will for life; the watchman (Ezekiel)
Eze 24:17,5,H4191,dead,1,0,"Sigh, but not aloud; make no mourning for the dead. Bind on your turban, and put your shoes on your feet; do not cover your lips, nor eat the bread of men.”",D10,mourning and grief at a death
Eze 28:8,2,H4191,die,0,0,"They shall thrust you down into the pit, and you shall die the death of the slain in the heart of the seas.",D04,"struck down by God; death as his judgement (sword, famine, pestilence)"
Eze 33:9,10,H4191,die,0,0,"But if you warn the wicked to turn from his way, and he does not turn from his way, that person shall die in his iniquity, but you will have delivered your soul.",D16,turn and do not die: God's will for life; the watchman (Ezekiel)
Eze 33:18,6,H4191,die,0,0,"When the righteous turns from his righteousness and does injustice, he shall die for it.",D16,turn and do not die: God's will for life; the watchman (Ezekiel)
Eze 44:25,4,H4191,dead,0,0,"They shall not defile themselves by going near to a dead person. However, for father or mother, for son or daughter, for brother or unmarried sister they may defile themselves.",D26,"uncleanness from the dead (law, data)"
Hos 9:16,9,H4191,death,0,0,"Ephraim is stricken; their root is dried up; they shall bear no fruit. Even though they give birth, I will put their beloved children to death.",D04,"struck down by God; death as his judgement (sword, famine, pestilence)"
Amo 6:9,5,H4191,die,0,0,"And if ten men remain in one house, they shall die.",D04,"struck down by God; death as his judgement (sword, famine, pestilence)"
Hab 1:12,7,H4191,die,1,1,"Are you not from everlasting, O Lord my God, my Holy One? We shall not die. O Lord, you have ordained them as a judgment, and you, O Rock, have established them for reproof.",D18,delivered from death
Pro 14:32,5,H4194,death,0,0,"The wicked is overthrown through his evildoing, but the righteous finds refuge in his death.",D25,living and dying to the Lord; the death of the upright
Isa 53:9,6,H4194,death,0,0,"And they made his grave with the wicked and with a rich man in his death, although he had done no violence, and there was no deceit in his mouth.",D21,Christ's death
2Ki 15:5,7,H4194,death,0,0,"And the Lord touched the king, so that he was a leper to the day of his death, and he lived in a separate house. And Jotham the king’s son was over the household, governing the people of the land.",D01,"death notices, lifespans, burial, inheritance (data)"
2Ch 26:21,4,H4194,death,0,0,"And King Uzziah was a leper to the day of his death, and being a leper lived in a separate house, for he was excluded from the house of the Lord. And Jotham his son was over the king’s household, governing the people of the land.",D01,"death notices, lifespans, burial, inheritance (data)"
Col 1:22,7,G2288,death,0,0,"he has now reconciled in his body of flesh by his death, in order to present you holy and blameless and above reproach before him,",D21,Christ's death
Isa 6:1,4,H4194,died,0,0,"In the year that King Uzziah died I saw the Lord sitting upon a throne, high and lifted up; and the train of his robe filled the temple.",D01,"death notices, lifespans, burial, inheritance (data)"
Num 6:7,5,H4194,die,0,1,"Not even for his father or for his mother, for brother or sister, if they die, shall he make himself unclean, because his separation to God is on his head.",D26,"uncleanness from the dead (law, data)"
Act 23:29,11,G2288,death,0,0,"I found that he was being accused about questions of their law, but charged with nothing deserving death or imprisonment.",D02,put to death under law or sentence (data)
2Ch 24:17,1,H4194,death,0,0,Now after the death of Jehoiada the princes of Judah came and paid homage to the king. Then the king listened to them.,D01,"death notices, lifespans, burial, inheritance (data)"
Rev 8:9,5,G0599,died,0,0,"A third of the living creatures in the sea died, and a third of the ships were destroyed.",D27,"not the inner being: animals, plants, objects, idiom"
Act 2:27,12,G1312,corruption,0,0,"For you will not abandon my soul to Hades, or let your Holy One see corruption.",D28,corruption: the body seeing decay (Q4 link)
Act 13:36,15,G1312,corruption,0,0,"For David, after he had served the purpose of God in his own generation, fell asleep and was laid with his fathers and saw corruption,",D28,corruption: the body seeing decay (Q4 link)
Act 13:37,6,G1312,corruption,1,1,but he whom God raised up did not see corruption.,D28,corruption: the body seeing decay (Q4 link)
1Cor 15:54,14,G2288,Death,0,0,"When the perishable puts on the imperishable, and the mortal puts on immortality, then shall come to pass the saying that is written: “ Death is swallowed up in victory.”",D19,life beyond death: never die; death ended
2Ch 22:4,8,H4194,death,0,1,"He did what was evil in the sight of the Lord, as the house of Ahab had done. For after the death of his father they were his counselors, to his undoing.",D01,"death notices, lifespans, burial, inheritance (data)"
Joh 18:14,10,G0599,die,0,0,It was Caiaphas who had advised the Jews that it would be expedient that one man should die for the people.,D21,Christ's death
Deu 22:26,6,H4194,death,0,0,"But you shall do nothing to the young woman; she has committed no offense punishable by death. For this case is like that of a man attacking and murdering his neighbor,",D02,put to death under law or sentence (data)
Eze 31:14,21,H4194,death,0,0,"All this is in order that no trees by the waters may grow to towering height or set their tops among the clouds, and that no trees that drink water may reach up to them in height. For they are all given over to death, to the world below, among the children of man, with those who go down to the pit.",D08,"what death is: the common lot, the day of death, gathered to one's people"
Ecc 8:8,7,H4194,death,0,0,"No man has power to retain the spirit, or power over the day of death. There is no discharge from war, nor will wickedness deliver those who are given to it.",D08,"what death is: the common lot, the day of death, gathered to one's people"
Heb 9:16,3,G2288,death,0,0,"For where a will is involved, the death of the one who made it must be established.",D01,"death notices, lifespans, burial, inheritance (data)"
Isa 28:18,2,H4194,death,0,0,"Then your covenant with death will be annulled, and your agreement with Sheol will not stand; when the overwhelming scourge passes through, you will be beaten down by it.",D17,"death as a power, realm or enemy"
Rev 9:6,6,G2288,death,0,0,"And in those days people will seek death and will not find it. They will long to die, but death will flee from them.",D12,wanting to die; wishing one had died
Rev 9:6,12,G0599,die,0,0,"And in those days people will seek death and will not find it. They will long to die, but death will flee from them.",D12,wanting to die; wishing one had died
Rev 9:6,14,G2288,death,0,0,"And in those days people will seek death and will not find it. They will long to die, but death will flee from them.",D12,wanting to die; wishing one had died
Col 3:5,0,G3499,death,0,0,"Put to death therefore what is earthly in you: sexual immorality, impurity, passion, evil desire, and covetousness, which is idolatry.",D22,died with Christ; dying to sin and the law; put to death what is earthly
Jam 1:15,9,G2288,death,0,0,"Then desire when it has conceived gives birth to sin, and sin when it is fully grown brings forth death.",D14,death and sin
Jam 5:20,11,G2288,death,0,0,let him know that whoever brings back a sinner from his wandering will save his soul from death and will cover a multitude of sins.,D18,delivered from death
Pro 21:6,7,H4194,death,0,0,The getting of treasures by a lying tongue is a fleeting vapor and a snare of death.,D15,"the way to death: set before a person; paths, snares, the tongue (wisdom)"
Lev 11:31,5,H4194,dead,0,0,These are unclean to you among all that swarm. Whoever touches them when they are dead shall be unclean until the evening.,D27,"not the inner being: animals, plants, objects, idiom"
Lev 11:32,2,H4194,dead,0,0,"And anything on which any of them falls when they are dead shall be unclean, whether it is an article of wood or a garment or a skin or a sack, any article that is used for any purpose. It must be put into water, and it shall be unclean until the evening; then it shall be clean.",D27,"not the inner being: animals, plants, objects, idiom"
Est 2:7,17,H4194,died,0,0,"He was bringing up Hadassah, that is Esther, the daughter of his uncle, for she had neither father nor mother. The young woman had a beautiful figure and was lovely to look at, and when her father and her mother died, Mordecai took her as his own daughter.",D01,"death notices, lifespans, burial, inheritance (data)"
Jon 4:3,7,H4194,to die,0,0,"Therefore now, O Lord, please take my life from me, for it is better for me to die than to live.”",D12,wanting to die; wishing one had died
2Sa 1:23,6,H4194,death,0,0,"“ Saul and Jonathan, beloved and lovely! In life and in death they were not divided; they were swifter than eagles; they were stronger than lions.",D13,ready to die for or with another
Psa 118:18,5,H4194,death,1,0,"The Lord has disciplined me severely, but he has not given me over to death.",D18,delivered from death
Jer 18:21,11,H4194,death,0,0,"Therefore deliver up their children to famine; give them over to the power of the sword; let their wives become childless and widowed. May their men meet death by pestilence, their youths be struck down by the sword in battle.",D04,"struck down by God; death as his judgement (sword, famine, pestilence)"
Jer 52:34,9,H4194,death,0,0,"and for his allowance, a regular allowance was given him by the king, according to his daily needs, until the day of his death, as long as he lived.",D01,"death notices, lifespans, burial, inheritance (data)"
Act 13:28,4,G2288,death,0,0,"And though they found in him no guilt worthy of death, they asked Pilate to have him executed.",D21,Christ's death
Act 28:18,8,G2288,death penalty,0,0,"When they had examined me, they wished to set me at liberty, because there was no reason for the death penalty in my case.",D02,put to death under law or sentence (data)
Joh 4:47,23,G0599,death,0,0,"When this man heard that Jesus had come from Judea to Galilee, he went to him and asked him to come down and heal his son, for he was at the point of death.",D06,"dying of hunger, thirst, sickness or danger"
Pro 18:21,0,H4194,Death,0,0,"Death and life are in the power of the tongue, and those who love it will eat its fruits.",D15,"the way to death: set before a person; paths, snares, the tongue (wisdom)"
Job 7:15,3,H4194,death,0,0,so that I would choose strangling and death rather than my bones.,D12,wanting to die; wishing one had died
Jer 8:3,0,H4194,Death,0,0,"Death shall be preferred to life by all the remnant that remains of this evil family in all the places where I have driven them, declares the Lord of hosts.",D12,wanting to die; wishing one had died
Deu 30:15,6,H4194,death,0,0,"“ See, I have set before you today life and good, death and evil.",D15,"the way to death: set before a person; paths, snares, the tongue (wisdom)"
2Cor 3:7,3,G2288,death,0,0,"Now if the ministry of death, carved in letters on stone, came with such glory that the Israelites could not gaze at Moses ’ face because of its glory, which was being brought to an end,",D23,death at work in the living
Heb 2:9,15,G2288,death,0,1,"But we see him who for a little while was made lower than the angels, namely Jesus, crowned with glory and honor because of the suffering of death, so that by the grace of God he might taste death for everyone.",D21,Christ's death
Heb 2:9,20,G2288,death,0,1,"But we see him who for a little while was made lower than the angels, namely Jesus, crowned with glory and honor because of the suffering of death, so that by the grace of God he might taste death for everyone.",D21,Christ's death
2Ch 32:33,14,H4194,death,0,0,"And Hezekiah slept with his fathers, and they buried him in the upper part of the tombs of the sons of David, and all Judah and the inhabitants of Jerusalem did him honor at his death. And Manasseh his son reigned in his place.",D01,"death notices, lifespans, burial, inheritance (data)"
Psa 49:17,1,H4194,dies,0,0,For when he dies he will carry nothing away; his glory will not go down after him.,D08,"what death is: the common lot, the day of death, gathered to one's people"
Job 30:23,2,H4194,death,0,0,For I know that you will bring me to death and to the house appointed for all living.,D08,"what death is: the common lot, the day of death, gathered to one's people"
Job 38:17,1,H4194,death,0,0,"Have the gates of death been revealed to you, or have you seen the gates of deep darkness?",D17,"death as a power, realm or enemy"
Heb 11:31,4,G4881,perish,1,0,"By faith Rahab the prostitute did not perish with those who were disobedient, because she had given a friendly welcome to the spies.",D04,"struck down by God; death as his judgement (sword, famine, pestilence)"
Pro 11:19,5,H4194,die,0,0,"Whoever is steadfast in righteousness will live, but he who pursues evil will die.",D15,"the way to death: set before a person; paths, snares, the tongue (wisdom)"
Pro 14:27,8,H4194,death,0,0,"The fear of the Lord is a fountain of life, that one may turn away from the snares of death.",D15,"the way to death: set before a person; paths, snares, the tongue (wisdom)"
Luk 20:36,2,G0599,die,0,0,"for they cannot die anymore, because they are equal to angels and are sons of God, being sons of the resurrection.",D19,life beyond death: never die; death ended
Heb 7:23,6,G2288,death,0,0,"The former priests were many in number, because they were prevented by death from continuing in office,",D08,"what death is: the common lot, the day of death, gathered to one's people"
1Jo 3:14,5,G2288,death,0,0,"We know that we have passed out of death into life, because we love the brothers. Whoever does not love abides in death.",D18,delivered from death
1Jo 3:14,15,G2288,death,0,0,"We know that we have passed out of death into life, because we love the brothers. Whoever does not love abides in death.",D23,death at work in the living
Gen 25:11,1,H4194,death,0,1,"After the death of Abraham, God blessed Isaac his son. And Isaac settled at Beer-lahai-roi.",D01,"death notices, lifespans, burial, inheritance (data)"
Jos 20:6,9,H4194,death,0,0,"And he shall remain in that city until he has stood before the congregation for judgment, until the death of him who is high priest at the time. Then the manslayer may return to his own town and his own home, to the town from which he fled.’”",D01,"death notices, lifespans, burial, inheritance (data)"
2Sa 1:1,1,H4194,death,0,0,"After the death of Saul, when David had returned from striking down the Amalekites, David remained two days in Ziklag.",D01,"death notices, lifespans, burial, inheritance (data)"
2Sa 6:23,7,H4194,death,0,0,And Michal the daughter of Saul had no child to the day of her death.,D01,"death notices, lifespans, burial, inheritance (data)"
2Ki 3:5,1,H4194,died,0,0,"But when Ahab died, the king of Moab rebelled against the king of Israel.",D01,"death notices, lifespans, burial, inheritance (data)"
Isa 14:28,4,H4194,died,0,0,In the year that King Ahaz died came this oracle:,D01,"death notices, lifespans, burial, inheritance (data)"
Num 35:28,5,H4194,death,0,0,"For he must remain in his city of refuge until the death of the high priest, but after the death of the high priest the manslayer may return to the land of his possession.",D01,"death notices, lifespans, burial, inheritance (data)"
Num 35:28,9,H4194,death,0,0,"For he must remain in his city of refuge until the death of the high priest, but after the death of the high priest the manslayer may return to the land of his possession.",D01,"death notices, lifespans, burial, inheritance (data)"
Num 35:32,11,H4194,death,0,0,"And you shall accept no ransom for him who has fled to his city of refuge, that he may return to dwell in the land before the death of the high priest.",D01,"death notices, lifespans, burial, inheritance (data)"
Isa 53:12,10,H4194,death,0,0,"Therefore I will divide him a portion with the many, and he shall divide the spoil with the strong, because he poured out his soul to death and was numbered with the transgressors; yet he bore the sin of many, and makes intercession for the transgressors.",D21,Christ's death
1Jo 5:17,9,G2288,death,1,0,"All wrongdoing is sin, but there is sin that does not lead to death.",D14,death and sin
Psa 55:15,0,H4194,death,0,0,Let death steal over them; let them go down to Sheol alive; for evil is in their dwelling place and in their heart.,D04,"struck down by God; death as his judgement (sword, famine, pestilence)"
Pro 10:2,6,H4194,death,0,0,"Treasures gained by wickedness do not profit, but righteousness delivers from death.",D15,"the way to death: set before a person; paths, snares, the tongue (wisdom)"
Joh 11:26,8,G0599,die,1,0,and everyone who lives and believes in me shall never die. Do you believe this?”,D19,life beyond death: never die; death ended
1Th 4:14,5,G0599,died,0,1,"For since we believe that Jesus died and rose again, even so, through Jesus, God will bring with him those who have fallen asleep.",D21,Christ's death
Rom 4:19,8,G3499,dead,0,0,"He did not weaken in faith when he considered his own body, which was as good as dead ( since he was about a hundred years old ), or when he considered the barrenness of Sarah’s womb.",D24,"like the dead: the living likened to the dead; the heart that died; ""dead dog"""
Heb 11:4,21,G0599,died,0,0,"By faith Abel offered to God a more acceptable sacrifice than Cain, through which he was commended as righteous, God commending him by accepting his gifts. And through his faith, though he died, he still speaks.",D25,living and dying to the Lord; the death of the upright
Heb 11:5,5,G2288,death,1,1,"By faith Enoch was taken up so that he should not see death, and he was not found, because God had taken him. Now before he was taken he was commended as having pleased God.",D19,life beyond death: never die; death ended
Heb 11:21,2,G0599,dying,0,0,"By faith Jacob, when dying, blessed each of the sons of Joseph, bowing in worship over the head of his staff.",D25,living and dying to the Lord; the death of the upright
Psa 116:15,3,H4194,death,0,1,Precious in the sight of the Lord is the death of his saints.,D25,living and dying to the Lord; the death of the upright
Joh 19:7,10,G0599,die,0,1,"The Jews answered him, “ We have a law, and according to that law he ought to die because he has made himself the Son of God.”",D21,Christ's death
Rom 5:10,7,G2288,death,0,1,"For if while we were enemies we were reconciled to God by the death of his Son, much more, now that we are reconciled, shall we be saved by his life.",D21,Christ's death
Rom 6:10,1,G0599,died,0,0,"For the death he died he died to sin, once for all, but the life he lives he lives to God.",D21,Christ's death
Rom 6:10,2,G0599,died,0,0,"For the death he died he died to sin, once for all, but the life he lives he lives to God.",D21,Christ's death
2Cor 7:10,12,G2288,death,0,0,"For godly grief produces a repentance that leads to salvation without regret, whereas worldly grief produces death.",D23,death at work in the living
Gal 2:19,4,G0599,died,0,1,"For through the law I died to the law, so that I might live to God.",D22,died with Christ; dying to sin and the law; put to death what is earthly
Rev 3:2,6,G0599,die,0,0,"Wake up, and strengthen what remains and is about to die, for I have not found your works complete in the sight of my God.",D23,death at work in the living
Phili 3:10,12,G2288,death,0,0,"that I may know him and the power of his resurrection, and may share his sufferings, becoming like him in his death,",D25,living and dying to the Lord; the death of the upright
1Cor 15:36,7,G0599,dies,1,0,You foolish person! What you sow does not come to life unless it dies.,D19,life beyond death: never die; death ended
Mar 12:19,8,G0599,dies,0,0,"“ Teacher, Moses wrote for us that if a man’s brother dies and leaves a wife, but leaves no child, the man must take the widow and raise up offspring for his brother.",D01,"death notices, lifespans, burial, inheritance (data)"
Mar 12:20,8,G0599,died,0,0,"There were seven brothers; the first took a wife, and when he died left no offspring.",D01,"death notices, lifespans, burial, inheritance (data)"
Mar 12:22,9,G0599,died,0,0,And the seven left no offspring. Last of all the woman also died.,D01,"death notices, lifespans, burial, inheritance (data)"
Exo 10:17,12,H4194,death,0,1,"Now therefore, forgive my sin, please, only this once, and plead with the Lord your God only to remove this death from me.”",D04,"struck down by God; death as his judgement (sword, famine, pestilence)"
Rom 5:12,10,G2288,death,0,0,"Therefore, just as sin came into the world through one man, and death through sin, and so death spread to all men because all sinned —",D14,death and sin
Rom 5:12,15,G2288,death,0,0,"Therefore, just as sin came into the world through one man, and death through sin, and so death spread to all men because all sinned —",D14,death and sin
Rom 6:2,3,G0599,died,0,0,By no means! How can we who died to sin still live in it?,D22,died with Christ; dying to sin and the law; put to death what is earthly
Rom 6:7,1,G0599,died,0,0,For one who has died has been set free from sin.,D22,died with Christ; dying to sin and the law; put to death what is earthly
Rom 6:16,15,G2288,death,0,0,"Do you not know that if you present yourselves to anyone as obedient slaves, you are slaves of the one whom you obey, either of sin, which leads to death, or of obedience, which leads to righteousness?",D14,death and sin
Rom 7:5,15,G2288,death,0,0,"For while we were living in the flesh, our sinful passions, aroused by the law, were at work in our members to bear fruit for death.",D23,death at work in the living
Rom 7:9,12,G0599,died,0,0,"I was once alive apart from the law, but when the commandment came, sin came alive and I died.",D23,death at work in the living
1Cor 15:56,2,G2288,death,0,0,"The sting of death is sin, and the power of sin is the law.",D14,death and sin
Rom 8:6,3,G2288,death,0,0,"For to set the mind on the flesh is death, but to set the mind on the Spirit is life and peace.",D23,death at work in the living
Rom 8:13,6,G0599,die,0,0,"For if you live according to the flesh you will die, but if by the Spirit you put to death the deeds of the body, you will live.",D14,death and sin
Pro 12:28,6,H4194,death,1,0,"In the path of righteousness is life, and in its pathway there is no death.",D15,"the way to death: set before a person; paths, snares, the tongue (wisdom)"
2Cor 1:10,5,G2288,deadly peril,0,0,"He delivered us from such a deadly peril, and he will deliver us. On him we have set our hope that he will deliver us again.",D18,delivered from death
Gen 27:10,7,H4194,dies,0,0,"And you shall bring it to your father to eat, so that he may bless you before he dies.”",D07,"before I die: last words, blessing, wishes"
Ecc 3:19,8,H4194,dies,0,0,"For what happens to the children of man and what happens to the beasts is the same; as one dies, so dies the other. They all have the same breath, and man has no advantage over the beasts, for all is vanity.",D08,"what death is: the common lot, the day of death, gathered to one's people"
Ecc 3:19,10,H4194,dies,0,0,"For what happens to the children of man and what happens to the beasts is the same; as one dies, so dies the other. They all have the same breath, and man has no advantage over the beasts, for all is vanity.",D08,"what death is: the common lot, the day of death, gathered to one's people"
Gen 27:7,9,H4194,die,0,1,"‘ Bring me game and prepare for me delicious food, that I may eat it and bless you before the Lord before I die.’",D07,"before I die: last words, blessing, wishes"
Joh 6:58,12,G0599,died,0,0,"This is the bread that came down from heaven, not like the bread the fathers ate, and died. Whoever feeds on this bread will live forever.”",D08,"what death is: the common lot, the day of death, gathered to one's people"
Rev 1:18,12,G2288,Death,0,0,"and the living one. I died, and behold I am alive forevermore, and I have the keys of Death and Hades.",D21,Christ's death
Act 22:4,4,G2288,death,0,0,"I persecuted this Way to the death, binding and delivering to prison both men and women,",D03,"killed or spared by people: murder, war, plots, execution, suicide (data; cf. unit 1 face C)"
1Cor 11:26,11,G2288,death,0,1,"For as often as you eat this bread and drink the cup, you proclaim the Lord’s death until he comes.",D21,Christ's death
Rev 12:11,18,G2288,death,0,0,"And they have conquered him by the blood of the Lamb and by the word of their testimony, for they loved not their lives even unto death.",D13,ready to die for or with another
Mat 4:16,14,G2288,death,0,0,"the people dwelling in darkness have seen a great light, and for those dwelling in the region and shadow of death, on them a light has dawned.”",D23,death at work in the living
Joh 8:53,7,G0599,died,0,0,"Are you greater than our father Abraham, who died? And the prophets died! Who do you make yourself out to be?”",D08,"what death is: the common lot, the day of death, gathered to one's people"
Joh 8:53,10,G0599,died,0,0,"Are you greater than our father Abraham, who died? And the prophets died! Who do you make yourself out to be?”",D08,"what death is: the common lot, the day of death, gathered to one's people"
Mat 10:21,4,G2288,death,0,0,"Brother will deliver brother over to death, and the father his child, and children will rise against parents and have them put to death,",D03,"killed or spared by people: murder, war, plots, execution, suicide (data; cf. unit 1 face C)"
Mar 13:12,5,G2288,death,0,0,"And brother will deliver brother over to death, and the father his child, and children will rise against parents and have them put to death.",D03,"killed or spared by people: murder, war, plots, execution, suicide (data; cf. unit 1 face C)"
Luk 20:29,8,G0599,died,0,0,"Now there were seven brothers. The first took a wife, and died without children.",D01,"death notices, lifespans, burial, inheritance (data)"
Psa 6:5,1,H4194,death,0,0,For in death there is no remembrance of you; in Sheol who will give you praise?,D09,"the dead: praise, inquiry, sleep, going to them"
Rev 2:23,4,G2288,dead,0,0,"and I will strike her children dead. And all the churches will know that I am he who searches mind and heart, and I will give to each of you according to your works.",D04,"struck down by God; death as his judgement (sword, famine, pestilence)"
Rev 16:3,17,G0599,died,0,0,"The second angel poured out his bowl into the sea, and it became like the blood of a corpse, and every living thing died that was in the sea.",D27,"not the inner being: animals, plants, objects, idiom"
Psa 56:13,4,H4194,death,0,0,"For you have delivered my soul from death, yes, my feet from falling, that I may walk before God in the light of life.",D18,delivered from death
Psa 116:8,2,H4194,death,0,0,"For you have delivered my soul from death, my eyes from tears, my feet from stumbling;",D18,delivered from death
Job 27:15,1,H4194,pestilence,0,0,"Those who survive him the pestilence buries, and his widows do not weep.",D04,"struck down by God; death as his judgement (sword, famine, pestilence)"
Phili 2:8,10,G2288,death,0,0,"And being found in human form, he humbled himself by becoming obedient to the point of death, even death on a cross.",D21,Christ's death
Phili 2:8,12,G2288,death,0,0,"And being found in human form, he humbled himself by becoming obedient to the point of death, even death on a cross.",D21,Christ's death
Luk 1:79,6,G2288,death,0,0,"to give light to those who sit in darkness and in the shadow of death, to guide our feet into the way of peace.”",D23,death at work in the living
Deu 33:1,10,H4194,death,0,0,This is the blessing with which Moses the man of God blessed the people of Israel before his death.,D07,"before I die: last words, blessing, wishes"
Joh 11:50,8,G0599,die,0,0,"Nor do you understand that it is better for you that one man should die for the people, not that the whole nation should perish.”",D21,Christ's death
Heb 11:12,5,G3499,dead,0,0,"Therefore from one man, and him as good as dead, were born descendants as many as the stars of heaven and as many as the innumerable grains of sand by the seashore.",D24,"like the dead: the living likened to the dead; the heart that died; ""dead dog"""
Rev 13:3,4,G2288,mortal,0,0,"One of its heads seemed to have a mortal wound, but its mortal wound was healed, and the whole earth marveled as they followed the beast.",D27,"not the inner being: animals, plants, objects, idiom"
Rev 13:3,8,G2288,mortal,0,0,"One of its heads seemed to have a mortal wound, but its mortal wound was healed, and the whole earth marveled as they followed the beast.",D27,"not the inner being: animals, plants, objects, idiom"
Joh 6:50,14,G0599,die,1,0,"This is the bread that comes down from heaven, so that one may eat of it and not die.",D19,life beyond death: never die; death ended
2Cor 4:11,7,G2288,death,0,1,"For we who live are always being given over to death for Jesus ’ sake, so that the life of Jesus also may be manifested in our mortal flesh.",D25,living and dying to the Lord; the death of the upright
1Th 5:10,1,G0599,died,0,0,who died for us so that whether we are awake or asleep we might live with him.,D21,Christ's death
Heb 2:14,14,G2288,death,0,0,"Since therefore the children share in flesh and blood, he himself likewise partook of the same things, that through death he might destroy the one who has the power of death, that is, the devil,",D21,Christ's death
Heb 2:14,18,G2288,death,0,0,"Since therefore the children share in flesh and blood, he himself likewise partook of the same things, that through death he might destroy the one who has the power of death, that is, the devil,",D17,"death as a power, realm or enemy"
Rev 13:12,17,G2288,mortal,0,0,"It exercises all the authority of the first beast in its presence, and makes the earth and its inhabitants worship the first beast, whose mortal wound was healed.",D27,"not the inner being: animals, plants, objects, idiom"
Rom 6:21,11,G2288,death,0,0,But what fruit were you getting at that time from the things of which you are now ashamed? For the end of those things is death.,D14,death and sin
Act 9:37,4,G0599,died,0,0,"In those days she became ill and died, and when they had washed her, they laid her in an upper room.",D01,"death notices, lifespans, burial, inheritance (data)"
Rom 7:2,9,G0599,dies,0,0,"For a married woman is bound by law to her husband while he lives, but if her husband dies she is released from the law of marriage.",D01,"death notices, lifespans, burial, inheritance (data)"
Rom 8:38,4,G2288,death,1,0,"For I am sure that neither death nor life, nor angels nor rulers, nor things present nor things to come, nor powers,",D17,"death as a power, realm or enemy"
Rom 14:7,7,G0599,dies,0,0,"For none of us lives to himself, and none of us dies to himself.",D25,living and dying to the Lord; the death of the upright
Rom 14:8,6,G0599,die,0,1,"For if we live, we live to the Lord, and if we die, we die to the Lord. So then, whether we live or whether we die, we are the Lord’s.",D25,living and dying to the Lord; the death of the upright
Rom 14:8,7,G0599,die,0,1,"For if we live, we live to the Lord, and if we die, we die to the Lord. So then, whether we live or whether we die, we are the Lord’s.",D25,living and dying to the Lord; the death of the upright
Rom 14:8,12,G0599,die,0,1,"For if we live, we live to the Lord, and if we die, we die to the Lord. So then, whether we live or whether we die, we are the Lord’s.",D25,living and dying to the Lord; the death of the upright
1Cor 15:21,4,G2288,death,0,0,"For as by a man came death, by a man has come also the resurrection of the dead.",D08,"what death is: the common lot, the day of death, gathered to one's people"
1Cor 15:32,17,G0599,die,0,0,"What do I gain if, humanly speaking, I fought with beasts at Ephesus? If the dead are not raised, “Let us eat and drink, for tomorrow we die.”",D08,"what death is: the common lot, the day of death, gathered to one's people"
2Ki 1:1,1,H4194,death,0,0,"After the death of Ahab, Moab rebelled against Israel.",D01,"death notices, lifespans, burial, inheritance (data)"
Pro 24:11,2,H4194,death,0,0,Rescue those who are being taken away to death; hold back those who are stumbling to the slaughter.,D18,delivered from death
Psa 22:15,9,H4194,death,0,0,"my strength is dried up like a potsherd, and my tongue sticks to my jaws; you lay me in the dust of death.",D11,fear and anguish facing death
Pro 14:12,7,H4194,death,0,0,"There is a way that seems right to a man, but its end is the way to death.",D15,"the way to death: set before a person; paths, snares, the tongue (wisdom)"
Pro 16:25,7,H4194,death,0,0,"There is a way that seems right to a man, but its end is the way to death.",D15,"the way to death: set before a person; paths, snares, the tongue (wisdom)"
Job 5:20,3,H4194,death,0,0,"In famine he will redeem you from death, and in war from the power of the sword.",D18,delivered from death
Heb 7:8,4,G0599,mortal,0,0,"In the one case tithes are received by mortal men, but in the other case, by one of whom it is testified that he lives.",D08,"what death is: the common lot, the day of death, gathered to one's people"
2Cor 6:9,5,G0599,dying,0,0,"as unknown, and yet well known; as dying, and behold, we live; as punished, and yet not killed;",D25,living and dying to the Lord; the death of the upright
Pro 13:14,8,H4194,death,0,0,"The teaching of the wise is a fountain of life, that one may turn away from the snares of death.",D15,"the way to death: set before a person; paths, snares, the tongue (wisdom)"
Act 26:31,10,G2288,death,0,0,"And when they had withdrawn, they said to one another, “ This man is doing nothing to deserve death or imprisonment.”",D02,put to death under law or sentence (data)
Pro 2:18,4,H4194,death,0,0,"for her house sinks down to death, and her paths to the departed;",D15,"the way to death: set before a person; paths, snares, the tongue (wisdom)"
Psa 73:4,2,H4194,death,0,0,For they have no pangs until death; their bodies are fat and sleek.,D08,"what death is: the common lot, the day of death, gathered to one's people"
Mat 22:27,3,G0599,died,0,0,"After them all, the woman died.",D01,"death notices, lifespans, burial, inheritance (data)"
Mar 12:21,5,G0599,died,0,0,"And the second took her, and died, leaving no offspring. And the third likewise.",D01,"death notices, lifespans, burial, inheritance (data)"
Luk 8:42,9,G0599,dying,0,0,"for he had an only daughter, about twelve years of age, and she was dying. As Jesus went, the people pressed around him.",D06,"dying of hunger, thirst, sickness or danger"
Luk 8:53,5,G0599,dead,0,0,"And they laughed at him, knowing that she was dead.",D09,"the dead: praise, inquiry, sleep, going to them"
Luk 20:31,11,G0599,died,0,0,"and the third took her, and likewise all seven left no children and died.",D01,"death notices, lifespans, burial, inheritance (data)"
Luk 20:32,3,G0599,died,0,0,Afterward the woman also died.,D01,"death notices, lifespans, burial, inheritance (data)"
Joh 6:49,7,G0599,died,0,0,"Your fathers ate the manna in the wilderness, and they died.",D08,"what death is: the common lot, the day of death, gathered to one's people"
Act 7:4,12,G0599,died,0,0,"Then he went out from the land of the Chaldeans and lived in Haran. And after his father died, God removed him from there into this land in which you are now living.",D01,"death notices, lifespans, burial, inheritance (data)"
Rom 7:10,6,G2288,death,0,0,The very commandment that promised life proved to be death to me.,D23,death at work in the living
Rom 7:24,9,G2288,death,0,0,Wretched man that I am! Who will deliver me from this body of death?,D23,death at work in the living
1Cor 3:22,11,G2288,death,0,0,"whether Paul or Apollos or Cephas or the world or life or death or the present or the future — all are yours,",D25,living and dying to the Lord; the death of the upright
1Cor 15:26,3,G2288,death,0,0,The last enemy to be destroyed is death.,D17,"death as a power, realm or enemy"
1Cor 15:55,0,G2288,death,0,0,"“O death, where is your victory? O death, where is your sting?”",D17,"death as a power, realm or enemy"
1Cor 15:55,4,G2288,death,0,0,"“O death, where is your victory? O death, where is your sting?”",D17,"death as a power, realm or enemy"
2Cor 2:16,3,G2288,death,0,0,"to one a fragrance from death to death, to the other a fragrance from life to life. Who is sufficient for these things?",D23,death at work in the living
2Cor 2:16,5,G2288,death,0,0,"to one a fragrance from death to death, to the other a fragrance from life to life. Who is sufficient for these things?",D23,death at work in the living
2Cor 4:12,1,G2288,death,0,0,"So death is at work in us, but life in you.",D25,living and dying to the Lord; the death of the upright
Rev 20:14,1,G2288,Death,0,0,"Then Death and Hades were thrown into the lake of fire. This is the second death, the lake of fire.",D17,"death as a power, realm or enemy"
Rev 20:14,11,G2288,death,0,0,"Then Death and Hades were thrown into the lake of fire. This is the second death, the lake of fire.",D20,the second death; judgement beyond death
1Ch 2:24,1,H4194,death,0,0,"After the death of Hezron, Caleb went in to Ephrathah, the wife of Hezron his father, and she bore him Ashhur, the father of Tekoa.",D01,"death notices, lifespans, burial, inheritance (data)"
Job 3:21,1,H4194,death,0,0,"who long for death, but it comes not, and dig for it more than for hidden treasures,",D12,wanting to die; wishing one had died
Job 18:13,4,H4194,death,0,0,It consumes the parts of his skin; the firstborn of death consumes his limbs.,D17,"death as a power, realm or enemy"
Psa 7:13,1,H4194,deadly,0,0,"he has prepared for him his deadly weapons, making his arrows fiery shafts.",D03,"killed or spared by people: murder, war, plots, execution, suicide (data; cf. unit 1 face C)"
Psa 68:20,6,H4194,death,0,1,"Our God is a God of salvation, and to God, the Lord, belong deliverances from death.",D18,delivered from death
Pro 5:5,2,H4194,death,0,0,Her feet go down to death; her steps follow the path to Sheol;,D15,"the way to death: set before a person; paths, snares, the tongue (wisdom)"
Pro 7:27,6,H4194,death,0,0,"Her house is the way to Sheol, going down to the chambers of death.",D15,"the way to death: set before a person; paths, snares, the tongue (wisdom)"
Pro 26:18,5,H4194,death,0,0,"Like a madman who throws firebrands, arrows, and death",D15,"the way to death: set before a person; paths, snares, the tongue (wisdom)"
Jer 9:21,1,H4194,death,0,0,"For death has come up into our windows; it has entered our palaces, cutting off the children from the streets and the young men from the squares.",D17,"death as a power, realm or enemy"
Jer 43:11,4,H4194,pestilence,0,0,"He shall come and strike the land of Egypt, giving over to the pestilence those who are doomed to the pestilence, to captivity those who are doomed to captivity, and to the sword those who are doomed to the sword.",D04,"struck down by God; death as his judgement (sword, famine, pestilence)"
Jer 43:11,5,H4194,pestilence,0,0,"He shall come and strike the land of Egypt, giving over to the pestilence those who are doomed to the pestilence, to captivity those who are doomed to captivity, and to the sword those who are doomed to the sword.",D04,"struck down by God; death as his judgement (sword, famine, pestilence)"
