reference,cl_strong,cl_gloss,cl_surface,cl_position,other_strong,other_gloss,other_surface,other_cluster_code,other_cluster_name,other_position,distance
1Ch 10:4,H0014,be willing,would,11,H3372G,to fear,feared,M01,Fear & Awe,12,1
1Ch 11:19,H0014,be willing,he would,13,H5315H,soul: life,risk,M47,Inner Seat,10,3
1Ch 11:19,H0014,be willing,he would,13,H5315H,soul: life,lives,M47,Inner Seat,11,2
1Ch 15:2,H0977,to choose,chosen,10,H8334,to minister,minister,M36,Worship & Service,14,4
1Ch 18:11,H6942H,to consecrate: dedicate,dedicated,3,H4428G,king,King,M72,Authority & Dominion,1,2
1Ch 19:10,H0977,to choose,chose,7,H4421,battle,battle,M10,Violence & Cruelty,3,4
1Ch 19:10,H0977,to choose,chose,7,H7122H,to encounter: toward,against,M37,Firstborn & Foreknowledge,12,5
1Ch 19:10,H0977,to choose,best,9,H4421,battle,battle,M10,Violence & Cruelty,3,6
1Ch 19:10,H0977,to choose,best,9,H7122H,to encounter: toward,against,M37,Firstborn & Foreknowledge,12,3
1Ch 19:19,H0014,be willing,willing,12,H5647G,to serve,became subject,M36,Worship & Service,9,3
1Ch 19:19,H0014,be willing,willing,12,H3467,to save,save,M45,Renewal & Transformation,13,1
1Ch 21:10,H0977,to choose,choose,9,H1696G,to speak: speak,say to,M65,Speech & Tongue,1,8
1Ch 23:13,H6942H,to consecrate: dedicate,dedicate,6,H6944G,holiness,most,M61,Purity & Holiness,7,1
1Ch 23:13,H6942H,to consecrate: dedicate,dedicate,6,H6944G,holiness,holy things,M61,Purity & Holiness,8,2
1Ch 23:13,H6942H,to consecrate: dedicate,dedicate,6,H8334,to minister,minister,M36,Worship & Service,15,9
1Ch 23:13,H6942H,to consecrate: dedicate,dedicate,6,H1288,to bless,pronounce blessings,M80,Blessing,16,10
1Ch 26:26,H6942H,to consecrate: dedicate,dedicated,15,H6944G,holiness,gifts,M61,Purity & Holiness,5,10
1Ch 26:26,H6942H,to consecrate: dedicate,dedicated,15,H4428G,king,king,M72,Authority & Dominion,7,8
1Ch 26:26,H6942H,to consecrate: dedicate,dedicated,15,H7218H,head: leader,heads,M72,Authority & Dominion,8,7
1Ch 26:26,H6942H,to consecrate: dedicate,dedicated,15,H8269,ruler,officers,M72,Authority & Dominion,10,5
1Ch 26:26,H6942H,to consecrate: dedicate,dedicated,15,H8269,ruler,commanders,M72,Authority & Dominion,13,2
1Ch 26:27,H6942H,to consecrate: dedicate,dedicated gifts,3,H4421,battle,battles,M10,Violence & Cruelty,2,1
1Ch 26:27,H6942H,to consecrate: dedicate,dedicated gifts,3,H2388G,to strengthen: strengthen,maintenance,M23,Strength & Courage,4,1
1Ch 26:28,H6942H,to consecrate: dedicate,dedicated,12,H3027H,hand: power,care,M72,Authority & Dominion,15,3
1Ch 26:28,H6942H,to consecrate: dedicate,dedicated gifts,14,H3027H,hand: power,care,M72,Authority & Dominion,15,1
1Ch 28:10,H0977,to choose,chosen,4,H2388G,to strengthen: strengthen,strong,M23,Strength & Courage,8,4
1Ch 28:21,H5081G,noble: willing,willing man,11,H5656H,service: ministry,service,M36,Worship & Service,5,6
1Ch 28:21,H5081G,noble: willing,willing man,11,H2451,wisdom,skill,M16,Wisdom & Folly,12,1
1Ch 28:21,H5081G,noble: willing,willing man,11,H5656H,service: ministry,service,M36,Worship & Service,15,4
1Ch 28:21,H5081G,noble: willing,willing man,11,H8269,ruler,officers,M72,Authority & Dominion,16,5
1Ch 28:21,H5081G,noble: willing,willing man,11,H1697G,word,command,M65,Speech & Tongue,21,10
1Ch 28:4,H0977,to choose,chose,3,H4428G,king,king,M72,Authority & Dominion,8,5
1Ch 28:4,H0977,to choose,chose,3,H7521,to accept,took pleasure,M39,Gift & Favor,22,19
1Ch 28:4,H0977,to choose,chose,3,H4427A,to reign,make me king,M72,Authority & Dominion,23,20
1Ch 28:4,H0977,to choose,chose,13,H4428G,king,king,M72,Authority & Dominion,8,5
1Ch 28:4,H0977,to choose,chose,13,H7521,to accept,took pleasure,M39,Gift & Favor,22,9
1Ch 28:4,H0977,to choose,chose,13,H4427A,to reign,make me king,M72,Authority & Dominion,23,10
1Ch 28:5,H0977,to choose,chosen,6,H3678G,throne,throne,M72,Authority & Dominion,10,4
1Ch 28:5,H0977,to choose,chosen,6,H4438,royalty,kingdom,M72,Authority & Dominion,11,5
1Ch 28:9,H3336,intention,plan,17,H3045,to know,know,M15,Knowing & Understanding,3,14
1Ch 28:9,H3336,intention,plan,17,H5647H,to serve: minister,serve,M36,Worship & Service,6,11
1Ch 28:9,H3336,intention,plan,17,H8003,complete,whole,M12,Righteousness & Integrity,7,10
1Ch 28:9,H3336,intention,plan,17,H3820A,heart,heart,M47,Inner Seat,8,9
1Ch 28:9,H3336,intention,plan,17,H2655,delighting,willing,M18,Desire & Longing,9,8
1Ch 28:9,H3336,intention,plan,17,H5315G,soul,mind,M47,Inner Seat,10,7
1Ch 28:9,H3336,intention,plan,17,H1875,to seek,searches,M83,Seeking & Inquiring,12,5
1Ch 28:9,H3336,intention,plan,17,H3824,heart,hearts,M47,Inner Seat,14,3
1Ch 28:9,H3336,intention,plan,17,H0995,to understand,understands,M15,Knowing & Understanding,15,2
1Ch 28:9,H3336,intention,plan,17,H4284,plot,thought,M06,Malice & Enmity,18,1
1Ch 28:9,H3336,intention,plan,17,H1875,to seek,seek,M83,Seeking & Inquiring,20,3
1Ch 28:9,H3336,intention,plan,17,H5800A,to leave: forsake,forsake,M30,Rebellion & Stubbornness,22,5
1Ch 28:9,H3336,intention,plan,17,H2186A,to reject,off,M30,Rebellion & Stubbornness,23,6
1Ch 28:9,H3336,intention,plan,17,H5703,perpetuity,forever,M34,Patience & Perseverance,24,7
1Ch 29:1,H0977,to choose,chosen,9,H4428G,king,king,M72,Authority & Dominion,1,8
1Ch 29:1,H0977,to choose,chosen,9,H6951,assembly,assembly,M44,Covenant & Fellowship,4,5
1Ch 29:1,H0977,to choose,chosen,9,H7390,tender,inexperienced,M05,Kindness & Friendship,11,2
1Ch 29:1,H0977,to choose,chosen,9,H1002,palace,palace,M72,Authority & Dominion,14,5
1Ch 29:18,H3336,intention,purposes,8,H8104G,to keep: obey,keep,M74,Keeping & Guarding,6,2
1Ch 29:18,H3336,intention,purposes,8,H4284,plot,thoughts,M06,Malice & Enmity,9,1
1Ch 29:18,H3336,intention,purposes,8,H3824,heart,hearts,M47,Inner Seat,10,2
1Ch 29:18,H3336,intention,purposes,8,H3824,heart,hearts,M47,Inner Seat,14,6
1Cor 12:11,G1014,to plan,wills,11,G1754,be active,empowered,M23,Strength & Courage,2,9
1Cor 12:11,G1014,to plan,wills,11,G4151G,spirit/breath: spirit,Spirit,M47,Inner Seat,6,5
1Cor 4:5,G1012,plan,purposes,14,G2919,to judge,judgment,M63,Reasoning & Interpretation,2,12
1Cor 4:5,G1012,plan,purposes,14,G2588,heart,heart,M47,Inner Seat,15,1
1Cor 4:5,G1012,plan,purposes,14,G1868,praise,commendation,M22,Praise & Song,19,5
1Ki 10:21,H2803H,to devise: count,considered,16,H4428G,king,King,M72,Authority & Dominion,1,15
1Ki 11:13,H0977,to choose,chosen,15,H4467,kingdom,kingdom,M72,Authority & Dominion,4,11
1Ki 11:34,H0977,to choose,chose,15,H4467,kingdom,kingdom,M72,Authority & Dominion,3,12
1Ki 11:34,H0977,to choose,chose,15,H3027H,hand: power,hand,M72,Authority & Dominion,5,10
1Ki 11:34,H0977,to choose,chose,15,H5387A,leader,ruler,M72,Authority & Dominion,7,8
1Ki 11:34,H0977,to choose,chose,15,H2416E,life,life,M25,Life & Death,10,5
1Ki 11:34,H0977,to choose,chose,15,H8104G,to keep: obey,kept,M74,Keeping & Guarding,17,2
1Ki 11:34,H0977,to choose,chose,15,H4687,commandment,commandments,M54,Torah & Obedience,18,3
1Ki 12:21,H0977,to choose,chosen,10,H4421,battle,warriors,M10,Violence & Cruelty,11,1
1Ki 12:33,H0908,to devise,devised,10,H3820A,heart,from,M47,Inner Seat,11,1
1Ki 14:21,H0977,to choose,chosen,17,H4427A,to reign,reigned,M72,Authority & Dominion,3,14
1Ki 14:21,H0977,to choose,chosen,17,H4427A,to reign,reign,M72,Authority & Dominion,9,8
1Ki 14:21,H0977,to choose,chosen,17,H4427A,to reign,reigned,M72,Authority & Dominion,10,7
1Ki 18:25,H0977,to choose,Choose,4,H5030,prophet,prophets,M43,Prophecy & Vision,2,2
1Ki 18:25,H0977,to choose,Choose,4,H7121G,to call: call to,call,M42,Prayer & Petition,12,8
1Ki 20:8,H0014,be willing,consent,8,H8085G,to hear: hear,listen,M41,Being Heard,6,2
1Ki 3:8,H0977,to choose,chosen,4,H7230,abundance,multitude,M46,Wealth & Riches,10,6
1Ki 8:44,H0977,to choose,chosen,13,H4421,battle,battle,M10,Violence & Cruelty,2,11
1Ki 8:44,H0977,to choose,chosen,13,H0341,enemy,enemy,M06,Malice & Enmity,4,9
1Ki 8:44,H0977,to choose,chosen,13,H6419,to pray,pray,M42,Prayer & Petition,7,6
1Ki 8:48,H0977,to choose,chosen,18,H7725O,to return: repent,repent,M11,Turning & Repentance,0,18
1Ki 8:48,H0977,to choose,chosen,18,H3824,heart,heart,M47,Inner Seat,2,16
1Ki 8:48,H0977,to choose,chosen,18,H5315G,soul,soul,M47,Inner Seat,4,14
1Ki 8:48,H0977,to choose,chosen,18,H0341,enemy,enemies,M06,Malice & Enmity,6,12
1Ki 8:48,H0977,to choose,chosen,18,H6419,to pray,pray,M42,Prayer & Petition,9,9
1Sa 10:24,H0977,to choose,chosen,8,H7321,to shout,shouted,M84,Outcry & Shouting,15,7
1Sa 10:24,H0977,to choose,chosen,8,H2421,to live,live,M25,Life & Death,16,8
1Sa 10:24,H0977,to choose,chosen,8,H4428G,king,king,M72,Authority & Dominion,17,9
1Sa 12:13,H0977,to choose,chosen,4,H4428G,king,king,M72,Authority & Dominion,2,2
1Sa 12:13,H0977,to choose,chosen,4,H7592,to ask,asked,M21,Fasting & Piety,6,2
1Sa 12:13,H0977,to choose,chosen,4,H4428G,king,king,M72,Authority & Dominion,10,6
1Sa 15:9,H0014,be willing,and would,11,H2550,to spare,spared,M05,Kindness & Friendship,2,9
1Sa 15:9,H0014,be willing,and would,11,H2896B,good,good,M05,Kindness & Friendship,10,1
1Sa 15:9,H0014,be willing,and would,11,H2763A,to devote/destroy,utterly destroy,M55,Destruction & Ruin,13,2
1Sa 15:9,H0014,be willing,and would,11,H5240,vile,despised,M58,Wickedness,15,4
1Sa 15:9,H0014,be willing,and would,11,H2763A,to devote/destroy,devoted to destruction,M55,Destruction & Ruin,17,6
1Sa 16:8,H0977,to choose,chosen,9,H7121G,to call: call to,called,M42,Prayer & Petition,1,8
1Sa 18:25,H2803I,to devise: devise,thought,18,H4428G,king,king,M72,Authority & Dominion,5,13
1Sa 18:25,H2803I,to devise: devise,thought,18,H2656,pleasure,desires,M18,Desire & Longing,6,12
1Sa 18:25,H2803I,to devise: devise,thought,18,H6190H,foreskin,foreskins,M32,Covenant,11,7
1Sa 18:25,H2803I,to devise: devise,thought,18,H5358,to avenge,avenged,M26,Judgment & Condemnation,14,4
1Sa 18:25,H2803I,to devise: devise,thought,18,H4428G,king,king’s,M72,Authority & Dominion,15,3
1Sa 18:25,H2803I,to devise: devise,thought,18,H0341,enemy,enemies,M06,Malice & Enmity,16,2
1Sa 18:25,H2803I,to devise: devise,thought,18,H3027H,hand: power,hand,M72,Authority & Dominion,21,3
1Sa 20:30,H0977,to choose,chosen,11,H0639G,face: anger,anger,M02,Anger & Wrath,1,10
1Sa 20:30,H0977,to choose,chosen,11,H2734,to be incensed,kindled,M02,Anger & Wrath,2,9
1Sa 20:30,H0977,to choose,chosen,11,H5753B,to pervert,perverse,M57,Corruption & Perversion,6,5
1Sa 20:30,H0977,to choose,chosen,11,H4780,rebellious,rebellious,M30,Rebellion & Stubbornness,7,4
1Sa 20:30,H0977,to choose,chosen,11,H3045,to know,know,M15,Knowing & Understanding,9,2
1Sa 20:30,H0977,to choose,chosen,11,H1322,shame,shame,M07,Shame & Confusion,14,3
1Sa 20:30,H0977,to choose,chosen,11,H1322,shame,shame,M07,Shame & Confusion,15,4
1Sa 22:17,H0014,be willing,would,22,H4428G,king,king,M72,Authority & Dominion,0,22
1Sa 22:17,H0014,be willing,would,22,H4191,to die,kill,M25,Life & Death,6,16
1Sa 22:17,H0014,be willing,would,22,H3045,to know,knew,M15,Knowing & Understanding,14,8
1Sa 22:17,H0014,be willing,would,22,H4428G,king,king,M72,Authority & Dominion,21,1
1Sa 24:2,H0977,to choose,chosen,4,H1245,to seek,seek,M83,Seeking & Inquiring,9,5
1Sa 26:2,H0977,to choose,chosen,9,H1245,to seek,seek,M83,Seeking & Inquiring,12,3
1Sa 26:23,H0014,be willing,I would,10,H6666,righteousness,righteousness,M12,Righteousness & Integrity,3,7
1Sa 26:23,H0014,be willing,I would,10,H0530,faithfulness,faithfulness,M13,Faith & Faithfulness,4,6
1Sa 26:23,H0014,be willing,I would,10,H3027H,hand: power,hand,M72,Authority & Dominion,8,2
1Sa 31:4,H0014,be willing,would,12,H3372G,to fear,feared,M01,Fear & Awe,15,3
1Sa 8:18,H0977,to choose,chosen,5,H2199,to cry out,out,M42,Prayer & Petition,1,4
1Sa 8:18,H0977,to choose,chosen,5,H4428G,king,king,M72,Authority & Dominion,3,2
1Ti 2:8,G1014,to plan,desire,0,G4336,to pray,pray,M42,Prayer & Petition,6,6
1Ti 2:8,G1014,to plan,desire,0,G3741,sacred,holy,M61,Purity & Holiness,8,8
1Ti 2:8,G1014,to plan,desire,0,G3709,wrath,anger,M02,Anger & Wrath,11,11
1Ti 2:8,G1014,to plan,desire,0,G1261,reasoning,quarreling,M63,Reasoning & Interpretation,13,13
1Ti 5:14,G1014,to plan,I would,1,G3501,new,younger,M45,Renewal & Transformation,2,1
1Ti 5:14,G1014,to plan,I would,1,G0480,be an opponent,adversary,M06,Malice & Enmity,7,6
1Ti 5:14,G1014,to plan,I would,1,G3059,reviling,slander,M53,Dishonor & Disgrace,11,10
1Ti 6:9,G1014,to plan,desire,1,G4147,be rich,rich,M46,Wealth & Riches,2,1
1Ti 6:9,G1014,to plan,desire,1,G3986G,temptation/testing: temptation,temptation,M35,Being Tested,5,4
1Ti 6:9,G1014,to plan,desire,1,G0453,foolish,senseless,M16,Wisdom & Folly,10,9
1Ti 6:9,G1014,to plan,desire,1,G0983,harmful,harmful,M55,Destruction & Ruin,12,11
1Ti 6:9,G1014,to plan,desire,1,G1939,desire,desires,M18,Desire & Longing,13,12
1Ti 6:9,G1014,to plan,desire,1,G0684,destruction,destruction,M55,Destruction & Ruin,20,19
2Ch 11:1,H0977,to choose,chosen,8,H4421,battle,fight,M10,Violence & Cruelty,10,2
2Ch 11:1,H0977,to choose,chosen,8,H4467,kingdom,kingdom,M72,Authority & Dominion,13,5
2Ch 12:13,H0977,to choose,chosen,17,H4428G,king,King,M72,Authority & Dominion,0,17
2Ch 12:13,H0977,to choose,chosen,17,H2388G,to strengthen: strengthen,strong,M23,Strength & Courage,2,15
2Ch 12:13,H0977,to choose,chosen,17,H4427A,to reign,reigned,M72,Authority & Dominion,4,13
2Ch 12:13,H0977,to choose,chosen,17,H4427A,to reign,reign,M72,Authority & Dominion,9,8
2Ch 12:13,H0977,to choose,chosen,17,H4427A,to reign,reigned,M72,Authority & Dominion,10,7
2Ch 13:3,H0977,to choose,chosen,7,H4421,battle,battle,M10,Violence & Cruelty,2,5
2Ch 13:3,H0977,to choose,chosen,7,H2428A,strength: soldiers,army,M23,Strength & Courage,3,4
2Ch 13:3,H0977,to choose,chosen,7,H4421,battle,war,M10,Violence & Cruelty,5,2
2Ch 13:3,H0977,to choose,chosen,7,H4421,battle,line of battle,M10,Violence & Cruelty,11,4
2Ch 13:3,H0977,to choose,chosen,7,H2428G,strength,mighty,M23,Strength & Courage,14,7
2Ch 13:3,H0977,to choose,chosen,13,H4421,battle,battle,M10,Violence & Cruelty,2,11
2Ch 13:3,H0977,to choose,chosen,13,H2428A,strength: soldiers,army,M23,Strength & Courage,3,10
2Ch 13:3,H0977,to choose,chosen,13,H4421,battle,war,M10,Violence & Cruelty,5,8
2Ch 13:3,H0977,to choose,chosen,13,H4421,battle,line of battle,M10,Violence & Cruelty,11,2
2Ch 13:3,H0977,to choose,chosen,13,H2428G,strength,mighty,M23,Strength & Courage,14,1
2Ch 21:7,H0014,be willing,willing,2,H7843,to ruin,destroy,M55,Destruction & Ruin,3,1
2Ch 21:7,H0014,be willing,willing,2,H1285,covenant,covenant,M32,Covenant,7,5
2Ch 21:7,H0014,be willing,willing,2,H3772H,to cut: make [covenant],made,M32,Covenant,9,7
2Ch 25:5,H0977,to choose,choice men,20,H8269,ruler,commanders,M72,Authority & Dominion,6,14
2Ch 25:5,H0977,to choose,choice men,20,H8269,ruler,and,M72,Authority & Dominion,8,12
2Ch 26:15,H2803G,to devise: design,skillful men,5,H2810,invention,machines,M14,Deceit & Falsehood,3,2
2Ch 26:15,H2803G,to devise: design,skillful men,5,H4284,plot,invented,M06,Malice & Enmity,4,1
2Ch 26:15,H2803G,to devise: design,skillful men,5,H6381,to wonder,marvelously,M48,Astonishment & Wonder,17,12
2Ch 26:15,H2803G,to devise: design,skillful men,5,H5826,to help,helped,M45,Renewal & Transformation,18,13
2Ch 26:15,H2803G,to devise: design,skillful men,5,H2388G,to strengthen: strengthen,strong,M23,Strength & Courage,20,15
2Ch 29:11,H0977,to choose,chosen,4,H8334,to minister,minister,M36,Worship & Service,7,3
2Ch 29:11,H0977,to choose,chosen,4,H8334,to minister,ministers,M36,Worship & Service,9,5
2Ch 29:31,H5081G,noble: willing,willing,16,H8426,thanksgiving,thank offerings,M49,Thanksgiving,8,8
2Ch 29:31,H5081G,noble: willing,willing,16,H6951,assembly,assembly,M44,Covenant & Fellowship,11,5
2Ch 29:31,H5081G,noble: willing,willing,16,H8426,thanksgiving,thank offerings,M49,Thanksgiving,14,2
2Ch 29:31,H5081G,noble: willing,willing,16,H3820A,heart,heart,M47,Inner Seat,17,1
2Ch 29:31,H5081G,noble: willing,willing,16,H5930A,burnt offering,burnt offerings,M36,Worship & Service,18,2
2Ch 2:14,H2803G,to devise: design,execute,22,H3045,to know,trained,M15,Knowing & Understanding,8,14
2Ch 2:14,H2803G,to devise: design,execute,22,H4284,plot,design,M06,Malice & Enmity,24,2
2Ch 2:14,H2803G,to devise: design,execute,22,H2450,wise,craftsmen,M16,Wisdom & Folly,27,5
2Ch 2:14,H2803G,to devise: design,execute,22,H2450,wise,craftsmen,M16,Wisdom & Folly,28,6
2Ch 2:4,H6942H,to consecrate: dedicate,dedicate,7,H5930A,burnt offering,burnt offerings,M36,Worship & Service,14,7
2Ch 31:6,H6942H,to consecrate: dedicate,dedicated,13,H6944G,holiness,dedicated things,M61,Purity & Holiness,12,1
2Ch 33:7,H0977,to choose,chosen,19,H6459,idol,carved image,M55,Destruction & Ruin,0,19
2Ch 33:7,H0977,to choose,chosen,19,H5566,idol,idol,M55,Destruction & Ruin,1,18
2Ch 6:34,H0977,to choose,chosen,15,H4421,battle,battle,M10,Violence & Cruelty,3,12
2Ch 6:34,H0977,to choose,chosen,15,H0341,enemy,enemies,M06,Malice & Enmity,5,10
2Ch 6:34,H0977,to choose,chosen,15,H6419,to pray,pray,M42,Prayer & Petition,9,6
2Ch 6:38,H0977,to choose,chosen,17,H7725O,to return: repent,repent,M11,Turning & Repentance,0,17
2Ch 6:38,H0977,to choose,chosen,17,H3820A,heart,heart,M47,Inner Seat,2,15
2Ch 6:38,H0977,to choose,chosen,17,H5315G,soul,soul,M47,Inner Seat,4,13
2Ch 6:38,H0977,to choose,chosen,17,H6419,to pray,pray,M42,Prayer & Petition,9,8
2Ch 7:12,H0977,to choose,chosen,8,H8085G,to hear: hear,heard,M41,Being Heard,6,2
2Ch 7:12,H0977,to choose,chosen,8,H8605,prayer,prayer,M42,Prayer & Petition,7,1
2Ch 7:16,H0977,to choose,chosen,1,H6942G,to consecrate: consecate,consecrated,M61,Purity & Holiness,2,1
2Ch 7:16,H0977,to choose,chosen,1,H3820A,heart,heart,M47,Inner Seat,9,8
2Ch 9:20,H2803H,to devise: count,considered,15,H4428G,king,King,M72,Authority & Dominion,1,14
2Cor 1:15,G1014,to plan,wanted,3,G4006,confidence,sure,M19,Trust & Refuge,1,2
2Cor 1:15,G1014,to plan,wanted,3,G5485,grace,grace,M50,Grace & Mercy,11,8
2Cor 1:17,G1011,to plan,wanted,3,G4561,flesh,flesh,M47,Inner Seat,9,6
2Cor 1:17,G1011,to plan,make,6,G4561,flesh,flesh,M47,Inner Seat,9,3
2Cor 1:17,G1011,to plan,plans,7,G4561,flesh,flesh,M47,Inner Seat,9,2
2Cor 8:17,G0830,self-chosen,accord,9,G3874,encouragement,appeal,M52,Encouragement,2,7
2Cor 8:17,G0830,self-chosen,accord,9,G4705,eager,earnest,M69,Self-Control & Zeal,5,4
2Cor 8:3,G0830,self-chosen,accord,7,G1411,power,means,M23,Strength & Courage,2,5
2Cor 8:3,G0830,self-chosen,accord,7,G3140,to testify,testify,M82,Reminder & Report,3,4
2Cor 8:3,G0830,self-chosen,accord,7,G1411,power,means,M23,Strength & Courage,6,1
2Jo 12,G1014,to plan,I would,4,G1679,to hope/expect,hope,M68,Hope & Waiting,11,7
2Jo 12,G1014,to plan,I would,4,G5479,joy,joy,M04,Joy & Gladness,22,18
2Ki 12:15,H2803H,to devise: count,accounting,1,H0530,faithfulness,honestly,M13,Faith & Faithfulness,13,12
2Ki 12:18,H6942H,to consecrate: dedicate,dedicated,13,H4428G,king,king,M72,Authority & Dominion,1,12
2Ki 12:18,H6942H,to consecrate: dedicate,dedicated,13,H6944G,holiness,sacred gifts,M61,Purity & Holiness,5,8
2Ki 12:18,H6942H,to consecrate: dedicate,dedicated,13,H4428G,king,kings,M72,Authority & Dominion,11,2
2Ki 12:18,H6942H,to consecrate: dedicate,dedicated,13,H6944G,holiness,sacred gifts,M61,Purity & Holiness,14,1
2Ki 12:18,H6942H,to consecrate: dedicate,dedicated,13,H4428G,king,king’s,M72,Authority & Dominion,21,8
2Ki 12:18,H6942H,to consecrate: dedicate,dedicated,13,H4428G,king,king,M72,Authority & Dominion,25,12
2Ki 13:23,H0014,be willing,and would,10,H2603A,be gracious,gracious,M50,Grace & Mercy,1,9
2Ki 13:23,H0014,be willing,and would,10,H7355,to have compassion,compassion,M50,Grace & Mercy,2,8
2Ki 13:23,H0014,be willing,and would,10,H1285,covenant,covenant,M32,Covenant,5,5
2Ki 13:23,H0014,be willing,and would,10,H7843,to ruin,destroy,M55,Destruction & Ruin,12,2
2Ki 21:7,H0977,to choose,chosen,17,H6459,idol,carved image,M55,Destruction & Ruin,0,17
2Ki 22:7,H2803H,to devise: count,accounting,2,H0530,faithfulness,honestly,M13,Faith & Faithfulness,8,6
2Ki 23:27,H0977,to choose,chosen,12,H5493G,to turn aside: remove,remove,M11,Turning & Repentance,2,10
2Ki 23:27,H0977,to choose,chosen,12,H5493G,to turn aside: remove,removed,M11,Turning & Repentance,6,6
2Ki 23:27,H0977,to choose,chosen,12,H3988A,to reject,cast off,M30,Rebellion & Stubbornness,8,4
2Ki 24:4,H0014,be willing,would,9,H5355A,innocent,innocent,M12,Righteousness & Integrity,0,9
2Ki 24:4,H0014,be willing,would,9,H5355A,innocent,innocent,M12,Righteousness & Integrity,6,3
2Ki 24:4,H0014,be willing,would,9,H5545,to forgive,pardon,M60,Confession & Forgiveness,11,2
2Ki 8:19,H0014,be willing,willing,2,H7843,to ruin,destroy,M55,Destruction & Ruin,3,1
2Pe 3:9,G1014,to plan,wishing,13,G2233,to govern,count,M72,Authority & Dominion,6,7
2Pe 3:9,G1014,to plan,wishing,13,G3114,to have patience,patient,M34,Patience & Perseverance,9,4
2Pe 3:9,G1014,to plan,wishing,13,G0622,to destroy,perish,M10,Violence & Cruelty,15,2
2Pe 3:9,G1014,to plan,wishing,13,G3341,repentance,repentance,M11,Turning & Repentance,19,6
2Sa 10:9,H0977,to choose,chose,7,H4421,battle,battle,M10,Violence & Cruelty,2,5
2Sa 10:9,H0977,to choose,chose,7,H7122H,to encounter: toward,against,M37,Firstborn & Foreknowledge,11,4
2Sa 10:9,H0977,to choose,best,8,H4421,battle,battle,M10,Violence & Cruelty,2,6
2Sa 10:9,H0977,to choose,best,8,H7122H,to encounter: toward,against,M37,Firstborn & Foreknowledge,11,3
2Sa 13:14,H0014,be willing,he would,0,H8085G,to hear: hear,listen,M41,Being Heard,2,2
2Sa 13:14,H0014,be willing,he would,0,H2388G,to strengthen: strengthen,stronger,M23,Strength & Courage,4,4
2Sa 13:14,H0014,be willing,he would,0,H6031B,to afflict,violated,M24,Faintness & Despair,5,5
2Sa 13:16,H0014,be willing,he would,10,H7451I,distress: evil,wrong,M58,Wickedness,4,6
2Sa 13:16,H0014,be willing,he would,10,H8085G,to hear: hear,listen,M41,Being Heard,12,2
2Sa 13:25,H0014,be willing,he would,12,H4428G,king,king,M72,Authority & Dominion,0,12
2Sa 13:25,H0014,be willing,he would,12,H3513H,to honor: heavy,burdensome,M75,Disobedience & Lawlessness,10,2
2Sa 13:25,H0014,be willing,he would,12,H1288,to bless,blessing,M80,Blessing,15,3
2Sa 14:13,H2803I,to devise: devise,planned,3,H1696I,to speak: promise,decision,M65,Speech & Tongue,9,6
2Sa 14:13,H2803I,to devise: devise,planned,3,H4428G,king,king,M72,Authority & Dominion,10,7
2Sa 14:13,H2803I,to devise: devise,planned,3,H0818,guilty,convicts,M56,Sin & Guilt,11,8
2Sa 14:13,H2803I,to devise: devise,planned,3,H4428G,king,king,M72,Authority & Dominion,12,9
2Sa 14:14,H2803G,to devise: design,devises,13,H4191,to die,must,M25,Life & Death,0,13
2Sa 14:14,H2803G,to devise: design,devises,13,H4191,to die,die,M25,Life & Death,1,12
2Sa 14:14,H2803G,to devise: design,devises,13,H5315H,soul: life,life,M47,Inner Seat,12,1
2Sa 14:14,H2803G,to devise: design,devises,13,H4284,plot,means,M06,Malice & Enmity,14,1
2Sa 14:29,H0014,be willing,would,6,H4428G,king,king,M72,Authority & Dominion,5,1
2Sa 14:29,H0014,be willing,would,12,H4428G,king,king,M72,Authority & Dominion,5,7
2Sa 15:15,H0977,to choose,decides,10,H4428G,king,king’s,M72,Authority & Dominion,0,10
2Sa 15:15,H0977,to choose,decides,10,H4428G,king,king,M72,Authority & Dominion,4,6
2Sa 15:15,H0977,to choose,decides,10,H4428G,king,king,M72,Authority & Dominion,9,1
2Sa 19:19,H2803H,to devise: count,hold,5,H4428G,king,king,M72,Authority & Dominion,2,3
2Sa 19:19,H2803H,to devise: count,hold,5,H5771H,iniquity: guilt,guilty,M56,Sin & Guilt,6,1
2Sa 19:19,H2803H,to devise: count,hold,5,H2142,to remember,remember,M81,Memory (act),8,3
2Sa 19:19,H2803H,to devise: count,hold,5,H5753B,to pervert,wrong,M57,Corruption & Perversion,11,6
2Sa 19:19,H2803H,to devise: count,hold,5,H4428G,king,king,M72,Authority & Dominion,14,9
2Sa 19:19,H2803H,to devise: count,hold,5,H4428G,king,king,M72,Authority & Dominion,17,12
2Sa 19:19,H2803H,to devise: count,hold,5,H7760K,to set: consider,take,M15,Knowing & Understanding,18,13
2Sa 19:19,H2803H,to devise: count,hold,5,H3820A,heart,heart,M47,Inner Seat,20,15
2Sa 19:38,H0977,to choose,desire,10,H4428G,king,king,M72,Authority & Dominion,0,10
2Sa 19:38,H0977,to choose,desire,10,H2896A,pleasant,good,M18,Desire & Longing,6,4
2Sa 21:6,H0972,chosen,chosen,7,H4428G,king,king,M72,Authority & Dominion,9,2
2Sa 23:17,H0014,be willing,he would,9,H5315H,soul: life,lives,M47,Inner Seat,8,1
2Sa 24:12,H0977,to choose,Choose,9,H1696G,to speak: speak,says,M65,Speech & Tongue,4,5
2Sa 2:21,H0014,be willing,would,11,H5493I,to turn aside: turn aside,turn aside,M11,Turning & Repentance,12,1
2Sa 4:2,H2803H,to devise: count,counted,19,H8269,ruler,captains,M72,Authority & Dominion,5,14
2Sa 6:10,H0014,be willing,willing,2,H5493G,to turn aside: remove,take,M11,Turning & Repentance,3,1
2Sa 6:21,H0977,to choose,chose,7,H7832,to laugh,celebrate,M04,Joy & Gladness,19,12
2Sa 8:11,H6942H,to consecrate: dedicate,dedicated,3,H4428G,king,King,M72,Authority & Dominion,1,2
2Sa 8:11,H6942H,to consecrate: dedicate,dedicated,8,H4428G,king,King,M72,Authority & Dominion,1,7
2Th 2:13,G0138,to choose,chose,14,G2168,to thank,give thanks,M49,Thanksgiving,4,10
2Th 2:13,G0138,to choose,chose,14,G0025,to love,beloved,M51,Love & Devotion,9,5
2Th 2:13,G0138,to choose,chose,14,G0746,beginning,firstfruits,M72,Authority & Dominion,16,2
2Th 2:13,G0138,to choose,chose,14,G4991,salvation,saved,M79,Salvation & Ransom,18,4
2Th 2:13,G0138,to choose,chose,14,G0038,holiness,sanctification,M61,Purity & Holiness,20,6
2Th 2:13,G0138,to choose,chose,14,G4151G,spirit/breath: spirit,Spirit,M47,Inner Seat,21,7
2Th 2:13,G0138,to choose,chose,14,G4102G,faith,belief,M13,Faith & Faithfulness,23,9
2Th 2:13,G0138,to choose,chose,14,G0225,truth,truth,M13,Faith & Faithfulness,24,10
2Ti 1:9,G4286,purpose,purpose,14,G4982,to save,saved,M45,Renewal & Transformation,1,13
2Ti 1:9,G4286,purpose,purpose,14,G2564G,to call: call,called,M42,Prayer & Petition,4,10
2Ti 1:9,G4286,purpose,purpose,14,G0040G,holy,holy,M61,Purity & Holiness,5,9
2Ti 1:9,G4286,purpose,purpose,14,G2821,calling,calling,M42,Prayer & Petition,6,8
2Ti 1:9,G4286,purpose,purpose,14,G5485,grace,grace,M50,Grace & Mercy,16,2
2Ti 3:10,G4286,purpose,aim in life,6,G4102G,faith,faith,M13,Faith & Faithfulness,7,1
2Ti 3:10,G4286,purpose,aim in life,6,G3115,patience,patience,M34,Patience & Perseverance,8,2
2Ti 3:10,G4286,purpose,aim in life,6,G0026,love,love,M51,Love & Devotion,9,3
2Ti 3:10,G4286,purpose,aim in life,6,G5281,perseverance,steadfastness,M34,Patience & Perseverance,10,4
3Jo 10,G1014,to plan,want,22,G5279,to remind,bring up,M82,Reminder & Report,3,19
3Jo 10,G1014,to plan,want,22,G3056,word,talking,M65,Speech & Tongue,7,15
3Jo 10,G1014,to plan,want,22,G4190,evil/bad,wicked,M58,Wickedness,8,14
3Jo 10,G1014,to plan,want,22,G5396,to talk nonsense,nonsense,M65,Speech & Tongue,9,13
3Jo 10,G1014,to plan,want,22,G1577,assembly,church,M44,Covenant & Fellowship,26,4
Act 11:23,G4286,purpose,steadfast,12,G5485,grace,grace,M50,Grace & Mercy,4,8
Act 11:23,G4286,purpose,steadfast,12,G5463,to rejoice,glad,M04,Joy & Gladness,6,6
Act 11:23,G4286,purpose,steadfast,12,G3870,to plead/comfort,exhorted,M42,Prayer & Petition,8,4
Act 11:23,G4286,purpose,steadfast,12,G2588,heart,purpose,M47,Inner Seat,13,1
Act 12:4,G1014,to plan,intending,12,G5442H,to keep/guard: guard,guard,M74,Keeping & Guarding,10,2
Act 13:36,G1012,plan,purpose,3,G5256,to serve,served,M36,Worship & Service,2,1
Act 13:36,G1012,plan,purpose,3,G1312,decay,corruption,M25,Life & Death,15,12
Act 15:37,G1011,to plan,wanted,2,G2564G,to call: call,called,M42,Prayer & Petition,5,3
Act 17:20,G1014,to plan,wish,7,G0189,hearing,ears,M41,Being Heard,6,1
Act 17:20,G1014,to plan,wish,7,G1097,to know,know,M15,Knowing & Understanding,8,1
Act 17:20,G1014,to plan,wish,7,G2309,to will/desire,mean,M18,Desire & Longing,12,5
Act 18:15,G1014,to plan,refuse,14,G2213,a question/dispute,questions,M63,Reasoning & Interpretation,3,11
Act 18:15,G1014,to plan,refuse,14,G3056,word,words,M65,Speech & Tongue,5,9
Act 18:15,G1014,to plan,refuse,14,G3551,law,law,M54,Torah & Obedience,10,4
Act 18:27,G1014,to plan,wished,2,G4389,to encourage,encouraged,M52,Encouragement,7,5
Act 18:27,G1014,to plan,wished,2,G5485,grace,grace,M50,Grace & Mercy,17,15
Act 18:27,G1014,to plan,wished,2,G4100,to trust (in),believed,M19,Trust & Refuge,18,16
Act 22:30,G1014,to plan,desiring,2,G1097,to know,know,M15,Knowing & Understanding,3,1
Act 22:30,G1014,to plan,desiring,2,G0804,secure,real reason,M19,Trust & Refuge,4,2
Act 23:28,G1014,to plan,desiring,1,G1097,to know,know,M15,Knowing & Understanding,2,1
Act 23:28,G1014,to plan,desiring,1,G0156,cause/charge,charge,M26,Judgment & Condemnation,3,2
Act 25:20,G1014,to plan,wanted,7,G0639,be perplexed,loss,M20,Doubt & Discouragement,1,6
Act 25:20,G1014,to plan,wanted,7,G2919,to judge,tried,M63,Reasoning & Interpretation,11,4
Act 27:13,G4286,purpose,purpose,5,G1380,to think,supposing,M15,Knowing & Understanding,3,2
Act 27:43,G1014,to plan,wishing,2,G1295,to save,save,M45,Renewal & Transformation,3,1
Act 27:43,G1013,plan,plan,7,G1295,to save,save,M45,Renewal & Transformation,3,4
Act 28:18,G1014,to plan,wished,3,G0630G,to release: release,liberty,M59,Release & Reconciliation,4,1
Act 28:18,G1014,to plan,wished,3,G0156,cause/charge,reason,M26,Judgment & Condemnation,7,4
Act 28:18,G1014,to plan,wished,3,G2288,death,death penalty,M25,Life & Death,8,5
Act 2:23,G1012,plan,plan,3,G4268,foreknowledge,foreknowledge,M37,Firstborn & Foreknowledge,5,2
Act 2:23,G1012,plan,plan,3,G0459,lawless,lawless,M75,Disobedience & Lawlessness,11,8
Act 5:28,G1014,to plan,intend,16,G1321,to teach,teach,M15,Knowing & Understanding,5,11
Act 5:33,G1011,to plan,wanted,4,G1282,be furious,enraged,M02,Anger & Wrath,2,2
Act 5:38,G1012,plan,plan,14,G0868,to leave,away,M59,Release & Reconciliation,4,10
Act 5:38,G1012,plan,plan,14,G0863I,to release: permit,let,M59,Release & Reconciliation,9,5
Act 5:38,G1012,plan,plan,14,G2647,to destroy/lodge,fail,M55,Destruction & Ruin,21,7
Amo 6:5,H2803G,to devise: design,invent,4,H6310I,lip: word,sound,M65,Speech & Tongue,1,3
Amo 6:5,H2803G,to devise: design,invent,4,H7892A,song,music,M22,Praise & Song,6,2
Dan 11:24,H2803I,to devise: devise,devise,15,H4924B,fatness,richest parts,M46,Wealth & Riches,2,13
Dan 11:24,H2803I,to devise: devise,devise,15,H0961,plunder,plunder,M24,Faintness & Despair,12,3
Dan 11:24,H2803I,to devise: devise,devise,15,H4284,plot,plans,M06,Malice & Enmity,16,1
Dan 11:25,H2803I,to devise: devise,devised,20,H5782,to rouse,up,M25,Life & Death,0,20
Dan 11:25,H2803I,to devise: devise,devised,20,H3581B,strength,power,M23,Strength & Courage,1,19
Dan 11:25,H2803I,to devise: devise,devised,20,H3824,heart,heart,M47,Inner Seat,2,18
Dan 11:25,H2803I,to devise: devise,devised,20,H4428G,king,king,M72,Authority & Dominion,4,16
Dan 11:25,H2803I,to devise: devise,devised,20,H2428A,strength: soldiers,army,M23,Strength & Courage,7,13
Dan 11:25,H2803I,to devise: devise,devised,20,H4428G,king,king,M72,Authority & Dominion,8,12
Dan 11:25,H2803I,to devise: devise,devised,20,H4421,battle,war,M10,Violence & Cruelty,11,9
Dan 11:25,H2803I,to devise: devise,devised,20,H6099,mighty,mighty,M23,Strength & Courage,14,6
Dan 11:25,H2803I,to devise: devise,devised,20,H2428A,strength: soldiers,army,M23,Strength & Courage,15,5
Dan 11:25,H2803I,to devise: devise,devised,20,H4284,plot,plots,M06,Malice & Enmity,19,1
Dan 4:17,H6634,to will,he will,16,H6922,holy,holy ones,M61,Purity & Holiness,5,11
Dan 4:17,H6634,to will,he will,16,H1701,cause,end,M16,Wisdom & Folly,7,9
Dan 4:17,H6634,to will,he will,16,H3046,to know,know,M15,Knowing & Understanding,9,7
Dan 4:17,H6634,to will,he will,16,H5943,Most High [God],Most High,M72,Authority & Dominion,10,6
Dan 4:17,H6634,to will,he will,16,H7990,ruling,rules,M72,Authority & Dominion,11,5
Dan 4:17,H6634,to will,he will,16,H4437,kingdom,kingdom,M72,Authority & Dominion,12,4
Dan 4:17,H6634,to will,he will,16,H8215,low,lowliest,M09,Humility & Lowliness,20,4
Dan 4:25,H6634,to will,he will,29,H3046,to know,know,M15,Knowing & Understanding,21,8
Dan 4:25,H6634,to will,he will,29,H5943,Most High [God],Most High,M72,Authority & Dominion,22,7
Dan 4:25,H6634,to will,he will,29,H7990,ruling,rules,M72,Authority & Dominion,23,6
Dan 4:25,H6634,to will,he will,29,H4437,kingdom,kingdom,M72,Authority & Dominion,24,5
Dan 4:32,H6634,to will,he will,23,H3046,to know,know,M15,Knowing & Understanding,15,8
Dan 4:32,H6634,to will,he will,23,H5943,Most High [God],Most High,M72,Authority & Dominion,16,7
Dan 4:32,H6634,to will,he will,23,H7990,ruling,rules,M72,Authority & Dominion,17,6
Dan 4:32,H6634,to will,he will,23,H4437,kingdom,kingdom,M72,Authority & Dominion,18,5
Dan 4:35,H6634,to will,to his will,6,H2429,strength,host,M23,Strength & Courage,7,1
Dan 5:19,H6634,to will,he would,11,H2112,to tremble,trembled,M01,Fear & Awe,7,4
Dan 5:19,H6634,to will,he would,11,H1763,to fear,feared,M01,Fear & Awe,8,3
Dan 5:19,H6634,to will,he would,11,H2418,to live,kept alive,M25,Life & Death,15,4
Dan 5:19,H6634,to will,he would,11,H8214,be low,humbled,M09,Humility & Lowliness,19,8
Dan 5:19,H6634,to will,he would,14,H2112,to tremble,trembled,M01,Fear & Awe,7,7
Dan 5:19,H6634,to will,he would,14,H1763,to fear,feared,M01,Fear & Awe,8,6
Dan 5:19,H6634,to will,he would,14,H2418,to live,kept alive,M25,Life & Death,15,1
Dan 5:19,H6634,to will,he would,14,H8214,be low,humbled,M09,Humility & Lowliness,19,5
Dan 5:19,H6634,to will,he would,16,H2112,to tremble,trembled,M01,Fear & Awe,7,9
Dan 5:19,H6634,to will,he would,16,H1763,to fear,feared,M01,Fear & Awe,8,8
Dan 5:19,H6634,to will,he would,16,H2418,to live,kept alive,M25,Life & Death,15,1
Dan 5:19,H6634,to will,he would,16,H8214,be low,humbled,M09,Humility & Lowliness,19,3
Dan 5:19,H6634,to will,he would,18,H2112,to tremble,trembled,M01,Fear & Awe,7,11
Dan 5:19,H6634,to will,he would,18,H1763,to fear,feared,M01,Fear & Awe,8,10
Dan 5:19,H6634,to will,he would,18,H2418,to live,kept alive,M25,Life & Death,15,3
Dan 5:19,H6634,to will,he would,18,H8214,be low,humbled,M09,Humility & Lowliness,19,1
Dan 5:21,H6634,to will,he will,27,H3825,heart,mind,M47,Inner Seat,4,23
Dan 5:21,H6634,to will,he will,27,H3046,to know,knew,M15,Knowing & Understanding,18,9
Dan 5:21,H6634,to will,he will,27,H5943,Most High [God],Most High,M72,Authority & Dominion,19,8
Dan 5:21,H6634,to will,he will,27,H7990,ruling,rules,M72,Authority & Dominion,21,6
Dan 5:21,H6634,to will,he will,27,H4437,kingdom,kingdom,M72,Authority & Dominion,22,5
Dan 6:3,H6246,to plan,planned,12,H7308,spirit,spirit,M47,Inner Seat,10,2
Dan 6:3,H6246,to plan,planned,12,H4430,king,king,M72,Authority & Dominion,11,1
Dan 6:3,H6246,to plan,planned,12,H4437,kingdom,kingdom,M72,Authority & Dominion,17,5
Dan 7:19,H6634,to will,desired to,1,H3321,to know,truth,M15,Knowing & Understanding,2,1
Dan 7:19,H6634,to will,desired to,1,H8133,to change,different,M45,Renewal & Transformation,8,7
Dan 7:19,H6634,to will,desired to,1,H1763,to fear,terrifying,M01,Fear & Awe,12,11
Deu 10:10,H0014,be willing,unwilling,14,H8085G,to hear: hear,listened,M41,Being Heard,10,4
Deu 10:10,H0014,be willing,unwilling,14,H7843,to ruin,destroy,M55,Destruction & Ruin,15,1
Deu 10:15,H0977,to choose,chose,5,H2836A,to desire,heart,M18,Desire & Longing,2,3
Deu 10:15,H0977,to choose,chose,5,H0157G,to love: lover,love,M51,Love & Devotion,3,2
Deu 12:11,H0977,to choose,choose,4,H5930A,burnt offering,burnt offerings,M36,Worship & Service,13,9
Deu 12:14,H0977,to choose,choose,4,H5930A,burnt offering,burnt offerings,M36,Worship & Service,9,5
Deu 12:18,H0977,to choose,choose,9,H8055,to rejoice,rejoice,M04,Joy & Gladness,19,10
Deu 12:21,H0977,to choose,choose,5,H5315I,soul: myself,you,M47,Inner Seat,22,17
Deu 12:21,H0977,to choose,choose,5,H0185,desire,desire,M18,Desire & Longing,23,18
Deu 12:26,H0977,to choose,choose,11,H6944G,holiness,holy things,M61,Purity & Holiness,1,10
Deu 12:5,H0977,to choose,choose,5,H1875,to seek,seek,M83,Seeking & Inquiring,0,5
Deu 13:8,H0014,be willing,yield,1,H8085G,to hear: hear,listen,M41,Being Heard,2,1
Deu 13:8,H0014,be willing,yield,1,H2347,to pity,pity,M50,Grace & Mercy,5,4
Deu 13:8,H0014,be willing,yield,1,H2550,to spare,spare,M05,Kindness & Friendship,7,6
Deu 13:8,H0014,be willing,yield,1,H3680,to cover,conceal,M45,Renewal & Transformation,9,8
Deu 14:2,H0977,to choose,chosen,6,H6918G,holy,holy,M61,Purity & Holiness,2,4
Deu 14:23,H0977,to choose,choose,5,H1060,firstborn,firstborn,M37,Firstborn & Foreknowledge,14,9
Deu 14:23,H0977,to choose,choose,5,H3372H,to fear: revere,fear,M01,Fear & Awe,19,14
Deu 14:24,H0977,to choose,chooses,16,H1288,to bless,blesses,M80,Blessing,9,7
Deu 14:25,H0977,to choose,chooses,12,H6696A,to confine,bind up,M23,Strength & Courage,2,10
Deu 15:19,H6942H,to consecrate: dedicate,dedicate,7,H1060,firstborn,firstborn,M37,Firstborn & Foreknowledge,1,6
Deu 15:19,H6942H,to consecrate: dedicate,dedicate,7,H5647I,to serve: labour,work,M67,Sloth & Diligence,11,4
Deu 15:19,H6942H,to consecrate: dedicate,dedicate,7,H1060,firstborn,firstborn,M37,Firstborn & Foreknowledge,12,5
Deu 15:19,H6942H,to consecrate: dedicate,dedicate,7,H1060,firstborn,firstborn,M37,Firstborn & Foreknowledge,16,9
Deu 16:11,H0977,to choose,choose,21,H8055,to rejoice,rejoice,M04,Joy & Gladness,0,21
Deu 16:11,H0977,to choose,choose,21,H3490,orphan,fatherless,M24,Faintness & Despair,13,8
Deu 16:15,H0977,to choose,choose,8,H2287,to celebrate,feast,M71,Glory & Splendor,2,6
Deu 16:15,H0977,to choose,choose,8,H1288,to bless,bless,M80,Blessing,12,4
Deu 16:15,H0977,to choose,choose,8,H8056,glad,altogether joyful,M04,Joy & Gladness,19,11
Deu 17:10,H0977,to choose,choose,8,H6310I,lip: word,to,M65,Speech & Tongue,1,7
Deu 17:10,H0977,to choose,choose,8,H5046,to tell,declare,M65,Speech & Tongue,3,5
Deu 17:10,H0977,to choose,choose,8,H8104J,to keep: careful,careful,M74,Keeping & Guarding,9,1
Deu 17:10,H0977,to choose,choose,8,H3384B,to show,direct,M16,Wisdom & Folly,13,5
Deu 17:15,H0977,to choose,choose,7,H4428G,king,king,M72,Authority & Dominion,2,5
Deu 17:15,H0977,to choose,choose,7,H4428G,king,king,M72,Authority & Dominion,12,5
Deu 17:8,H0977,to choose,choose,21,H4941G,justice: judgement,requiring decision,M12,Righteousness & Integrity,2,19
Deu 17:8,H0977,to choose,choose,21,H1779,judgment,legal right,M26,Judgment & Condemnation,6,15
Deu 17:8,H0977,to choose,choose,21,H1779,judgment,another,M26,Judgment & Condemnation,7,14
Deu 17:8,H0977,to choose,choose,21,H7379,strife,case,M10,Violence & Cruelty,10,11
Deu 17:8,H0977,to choose,choose,21,H6381,to wonder,difficult,M48,Astonishment & Wonder,12,9
Deu 18:5,H0977,to choose,chosen,3,H8334,to minister,minister,M36,Worship & Service,9,6
Deu 18:6,H0977,to choose,choose,18,H0185,desire,desires,M18,Desire & Longing,13,5
Deu 18:6,H0977,to choose,choose,18,H5315L,soul: appetite,desires,M47,Inner Seat,13,5
Deu 19:19,H2161,to plan,meant,2,H7451B,bad: evil,evil,M58,Wickedness,6,4
Deu 1:26,H0014,be willing,Yet you would,0,H4784,to rebel,rebelled,M30,Rebellion & Stubbornness,3,3
Deu 1:26,H0014,be willing,Yet you would,0,H6310I,lip: word,command,M65,Speech & Tongue,4,4
Deu 21:5,H0977,to choose,chosen,6,H8334,to minister,minister,M36,Worship & Service,7,1
Deu 21:5,H0977,to choose,chosen,6,H1288,to bless,bless,M80,Blessing,8,2
Deu 21:5,H0977,to choose,chosen,6,H6310I,lip: word,word,M65,Speech & Tongue,12,6
Deu 21:5,H0977,to choose,chosen,6,H7379,strife,dispute,M10,Violence & Cruelty,14,8
Deu 23:16,H0977,to choose,choose,4,H2896A,pleasant,suits,M18,Desire & Longing,7,3
Deu 23:16,H0977,to choose,choose,4,H3238,to oppress,wrong,M24,Faintness & Despair,9,5
Deu 23:5,H0014,be willing,would,2,H8085G,to hear: hear,listen,M41,Being Heard,3,1
Deu 23:5,H0014,be willing,would,2,H7045,curse,curse,M07,Shame & Confusion,9,7
Deu 23:5,H0014,be willing,would,2,H1293,blessing,blessing,M80,Blessing,10,8
Deu 23:5,H0014,be willing,would,2,H0157G,to love: lover,loved,M51,Love & Devotion,13,11
Deu 25:7,H0014,be willing,will,18,H2654A,to delight in,wish,M18,Desire & Longing,3,15
Deu 25:7,H0014,be willing,will,18,H3985,to refuse,refuses,M30,Rebellion & Stubbornness,13,5
Deu 29:20,H0014,be willing,willing,2,H5545,to forgive,forgive,M60,Confession & Forgiveness,3,1
Deu 29:20,H0014,be willing,willing,2,H0639G,face: anger,anger,M02,Anger & Wrath,6,4
Deu 29:20,H0014,be willing,willing,2,H7068,jealousy,jealousy,M18,Desire & Longing,8,6
Deu 29:20,H0014,be willing,willing,2,H6225,be angry,smoke,M02,Anger & Wrath,9,7
Deu 2:30,H0014,be willing,would,3,H4428G,king,king,M72,Authority & Dominion,1,2
Deu 2:30,H0014,be willing,would,3,H7307G,spirit,spirit,M47,Inner Seat,10,7
Deu 2:30,H0014,be willing,would,3,H3824,heart,heart,M47,Inner Seat,11,8
Deu 2:30,H0014,be willing,would,3,H0553,to strengthen,obstinate,M23,Strength & Courage,12,9
Deu 2:30,H0014,be willing,would,3,H3027H,hand: power,hand,M72,Authority & Dominion,15,12
Deu 30:19,H0977,to choose,choose,10,H5749B,to testify,witness,M82,Reminder & Report,2,8
Deu 30:19,H0977,to choose,choose,10,H2416E,life,life,M25,Life & Death,6,4
Deu 30:19,H0977,to choose,choose,10,H4194,death,death,M25,Life & Death,7,3
Deu 30:19,H0977,to choose,choose,10,H1293,blessing,blessing,M80,Blessing,8,2
Deu 30:19,H0977,to choose,choose,10,H7045,curse,curse,M07,Shame & Confusion,9,1
Deu 30:19,H0977,to choose,choose,10,H2416E,life,life,M25,Life & Death,11,1
Deu 30:19,H0977,to choose,choose,10,H2421,to live,live,M25,Life & Death,15,5
Deu 31:11,H0977,to choose,choose,10,H7121J,to call: read out,read,M42,Prayer & Petition,11,1
Deu 31:11,H0977,to choose,choose,10,H8451,instruction,law,M54,Torah & Obedience,13,3
Deu 31:21,H3336,intention,inclined,18,H7451I,distress: evil,evils,M58,Wickedness,2,16
Deu 31:21,H3336,intention,inclined,18,H6869B,distress,troubles,M24,Faintness & Despair,3,15
Deu 31:21,H3336,intention,inclined,18,H7892B,song,song,M22,Praise & Song,6,12
Deu 31:21,H3336,intention,inclined,18,H7911,to forget,live unforgotten,M81,Memory (act),11,7
Deu 31:21,H3336,intention,inclined,18,H3045,to know,know,M15,Knowing & Understanding,16,2
Deu 4:37,H0977,to choose,chose,3,H0157G,to love: lover,loved,M51,Love & Devotion,1,2
Deu 4:37,H0977,to choose,chose,3,H3581B,strength,power,M23,Strength & Courage,12,9
Deu 7:6,H0977,to choose,chosen,6,H6918G,holy,holy,M61,Purity & Holiness,1,5
Deu 7:7,H0977,to choose,chose,4,H2836A,to desire,love,M18,Desire & Longing,3,1
Eph 1:11,G4286,purpose,purpose,5,G1754,be active,works,M23,Strength & Courage,6,1
Eph 1:11,G4286,purpose,purpose,5,G2307,will/desire,will,M18,Desire & Longing,11,6
Eph 1:11,G1012,plan,counsel,9,G1754,be active,works,M23,Strength & Courage,6,3
Eph 1:11,G1012,plan,counsel,9,G2307,will/desire,will,M18,Desire & Longing,11,2
Eph 1:9,G4388,to plan/present,set forth,9,G2307,will/desire,will,M18,Desire & Longing,4,5
Eph 1:9,G4388,to plan/present,set forth,9,G2107,goodwill,purpose,M39,Gift & Favor,7,2
Est 8:3,H2803G,to devise: design,devised,16,H1696G,to speak: speak,spoke,M65,Speech & Tongue,1,15
Est 8:3,H2803G,to devise: design,devised,16,H4428G,king,king,M72,Authority & Dominion,4,12
Est 8:3,H2803G,to devise: design,devised,16,H1058,to weep,wept,M03,Grief & Lament,8,8
Est 8:3,H2803G,to devise: design,devised,16,H2603A,be gracious,pleaded,M50,Grace & Mercy,9,7
Est 8:3,H2803G,to devise: design,devised,16,H7451I,distress: evil,evil plan,M58,Wickedness,11,5
Est 8:3,H2803G,to devise: design,devised,16,H4284,plot,plot,M06,Malice & Enmity,14,2
Est 9:25,H2803G,to devise: design,devised,8,H4428G,king,king,M72,Authority & Dominion,2,6
Est 9:25,H2803G,to devise: design,devised,8,H7451H,bad: evil,evil,M58,Wickedness,5,3
Est 9:25,H2803G,to devise: design,devised,8,H4284,plot,plan,M06,Malice & Enmity,6,2
Exo 10:27,H0014,be willing,he would,4,H2388G,to strengthen: strengthen,hardened,M23,Strength & Courage,1,3
Exo 10:27,H0014,be willing,he would,4,H3820A,heart,heart,M47,Inner Seat,3,1
Exo 13:2,H6942H,to consecrate: dedicate,Consecrate,0,H1060,firstborn,firstborn,M37,Firstborn & Foreknowledge,2,2
Exo 13:2,H6942H,to consecrate: dedicate,Consecrate,0,H6363A,firstborn,open,M37,Firstborn & Foreknowledge,4,4
Exo 18:25,H0977,to choose,chose,1,H2428G,strength,able,M23,Strength & Courage,2,1
Exo 18:25,H0977,to choose,chose,1,H7218H,head: leader,heads,M72,Authority & Dominion,7,6
Exo 18:25,H0977,to choose,chose,1,H8269,ruler,chiefs,M72,Authority & Dominion,10,9
Exo 18:25,H0977,to choose,chose,1,H8269,ruler,of,M72,Authority & Dominion,12,11
Exo 18:25,H0977,to choose,chose,1,H8269,ruler,of,M72,Authority & Dominion,14,13
Exo 18:25,H0977,to choose,chose,1,H8269,ruler,of,M72,Authority & Dominion,16,15
Exo 28:15,H2803G,to devise: design,skilled,3,H4941G,justice: judgement,judgment,M12,Righteousness & Integrity,2,1
Exo 31:4,H2803G,to devise: design,devise,1,H4284,plot,artistic designs,M06,Malice & Enmity,2,1
Exo 35:22,H5081G,noble: willing,willing,5,H3820A,heart,heart,M47,Inner Seat,6,1
Exo 35:32,H2803G,to devise: design,devise,1,H4284,plot,artistic designs,M06,Malice & Enmity,2,1
Exo 35:35,H2803G,to devise: design,designer,6,H3820A,heart,them,M47,Inner Seat,1,5
Exo 35:35,H2803G,to devise: design,designer,6,H2451,wisdom,skill,M16,Wisdom & Folly,2,4
Exo 35:35,H2803G,to devise: design,designer,6,H4284,plot,designer,M06,Malice & Enmity,16,10
Exo 35:35,H2803G,to devise: design,skilled,15,H3820A,heart,them,M47,Inner Seat,1,14
Exo 35:35,H2803G,to devise: design,skilled,15,H2451,wisdom,skill,M16,Wisdom & Folly,2,13
Exo 35:35,H2803G,to devise: design,skilled,15,H4284,plot,designer,M06,Malice & Enmity,16,1
Exo 35:5,H5081G,noble: willing,generous,5,H3820A,heart,heart,M47,Inner Seat,6,1
Exo 36:8,H2803G,to devise: design,skillfully,15,H2450,wise,craftsmen,M16,Wisdom & Folly,1,14
Exo 36:8,H2803G,to devise: design,skillfully,15,H3820A,heart,craftsmen,M47,Inner Seat,1,14
Exo 39:3,H2803G,to devise: design,skilled,12,H6616,cord,threads,M03,Grief & Lament,5,7
Eze 11:2,H2803I,to devise: devise,devise,6,H0205G,evil: wickedness,iniquity,M58,Wickedness,7,1
Eze 11:2,H2803I,to devise: devise,devise,6,H3289,to advise,give,M63,Reasoning & Interpretation,8,2
Eze 11:2,H2803I,to devise: devise,devise,6,H7451B,bad: evil,wicked,M58,Wickedness,9,3
Eze 11:2,H2803I,to devise: devise,devise,6,H6098,counsel,counsel,M16,Wisdom & Folly,10,4
Eze 14:7,H5144A,to dedicate,separates,11,H3820A,heart,heart,M47,Inner Seat,16,5
Eze 14:7,H5144A,to dedicate,separates,11,H4383,stumbling,stumbling block,M77,Stumbling & Trial,18,7
Eze 14:7,H5144A,to dedicate,separates,11,H5771G,iniquity: crime,iniquity,M56,Sin & Guilt,19,8
Eze 14:7,H5144A,to dedicate,separates,11,H5030,prophet,prophet,M43,Prophecy & Vision,24,13
Eze 14:7,H5144A,to dedicate,separates,11,H1875,to seek,consult,M83,Seeking & Inquiring,25,14
Eze 20:5,H0977,to choose,chose,7,H5375P,to lift: vow,swore,M70,Lifting & Bearing,9,2
Eze 20:5,H0977,to choose,chose,7,H3045,to know,known,M15,Knowing & Understanding,13,6
Eze 20:5,H0977,to choose,chose,7,H5375P,to lift: vow,swore,M70,Lifting & Bearing,16,9
Eze 20:8,H0014,be willing,willing,2,H4784,to rebel,rebelled,M30,Rebellion & Stubbornness,0,2
Eze 20:8,H0014,be willing,willing,2,H8085G,to hear: hear,listen,M41,Being Heard,3,1
Eze 20:8,H0014,be willing,willing,2,H8251,abomination,detestable things,M58,Wickedness,7,5
Eze 20:8,H0014,be willing,willing,2,H5800A,to leave: forsake,forsake,M30,Rebellion & Stubbornness,10,8
Eze 20:8,H0014,be willing,willing,2,H2534,rage,wrath,M02,Anger & Wrath,15,13
Eze 20:8,H0014,be willing,willing,2,H0639G,face: anger,anger,M02,Anger & Wrath,18,16
Eze 38:10,H2803I,to devise: devise,devise,9,H3824,heart,mind,M47,Inner Seat,8,1
Eze 38:10,H2803I,to devise: devise,devise,9,H7451H,bad: evil,evil,M58,Wickedness,10,1
Eze 38:10,H2803I,to devise: devise,devise,9,H4284,plot,scheme,M06,Malice & Enmity,11,2
Eze 3:7,H0014,be willing,willing,3,H8085G,to hear: hear,listen,M41,Being Heard,4,1
Eze 3:7,H0014,be willing,willing,3,H8085G,to hear: hear,listen,M41,Being Heard,9,6
Eze 3:7,H0014,be willing,willing,3,H2389,strong,hard,M23,Strength & Courage,16,13
Eze 3:7,H0014,be willing,willing,3,H7186,severe,stubborn,M30,Rebellion & Stubbornness,18,15
Eze 3:7,H0014,be willing,willing,3,H3820A,heart,heart,M47,Inner Seat,19,16
Eze 3:7,H0014,be willing,willing,8,H8085G,to hear: hear,listen,M41,Being Heard,4,4
Eze 3:7,H0014,be willing,willing,8,H8085G,to hear: hear,listen,M41,Being Heard,9,1
Eze 3:7,H0014,be willing,willing,8,H2389,strong,hard,M23,Strength & Courage,16,8
Eze 3:7,H0014,be willing,willing,8,H7186,severe,stubborn,M30,Rebellion & Stubbornness,18,10
Eze 3:7,H0014,be willing,willing,8,H3820A,heart,heart,M47,Inner Seat,19,11
Gen 15:6,H2803H,to devise: count,counted,2,H0539,be faithful,believed,M13,Faith & Faithfulness,0,2
Gen 15:6,H2803H,to devise: count,counted,2,H6666,righteousness,righteousness,M12,Righteousness & Integrity,3,1
Gen 24:8,H0014,be willing,willing,2,H5352,to clear,free,M26,Judgment & Condemnation,5,3
Gen 50:20,H2803I,to devise: devise,meant,1,H7451I,distress: evil,evil,M58,Wickedness,2,1
Gen 50:20,H2803I,to devise: devise,meant,1,H2421,to live,alive,M25,Life & Death,11,10
Gen 50:20,H2803I,to devise: devise,meant,5,H7451I,distress: evil,evil,M58,Wickedness,2,3
Gen 50:20,H2803I,to devise: devise,meant,5,H2421,to live,alive,M25,Life & Death,11,6
Gen 6:2,H0977,to choose,chose,10,H2896A,pleasant,attractive,M18,Desire & Longing,6,4
Gen 6:5,H3336,intention,intention,8,H7451I,distress: evil,wickedness,M58,Wickedness,3,5
Gen 6:5,H3336,intention,intention,8,H4284,plot,thoughts,M06,Malice & Enmity,9,1
Gen 6:5,H3336,intention,intention,8,H3820A,heart,heart,M47,Inner Seat,10,2
Gen 6:5,H3336,intention,intention,8,H7451H,bad: evil,evil,M58,Wickedness,12,4
Gen 8:21,H3336,intention,intention,15,H5207,soothing,pleasing,M04,Joy & Gladness,2,13
Gen 8:21,H3336,intention,intention,15,H3820A,heart,heart,M47,Inner Seat,7,8
Gen 8:21,H3336,intention,intention,15,H3820A,heart,heart,M47,Inner Seat,17,2
Gen 8:21,H3336,intention,intention,15,H7451H,bad: evil,evil,M58,Wickedness,18,3
Gen 8:21,H3336,intention,intention,15,H2416A,alive,living creature,M25,Life & Death,25,10
Hab 2:18,H3336,intention,creation,10,H3276,to gain,profit,M16,Wisdom & Folly,1,9
Hab 2:18,H3336,intention,creation,10,H6459,idol,idol,M55,Destruction & Ruin,2,8
Hab 2:18,H3336,intention,creation,10,H3384B,to show,teacher,M16,Wisdom & Folly,6,4
Hab 2:18,H3336,intention,creation,10,H8267,deception,lies,M14,Deceit & Falsehood,7,3
Hab 2:18,H3336,intention,creation,10,H0982,to trust,trusts,M19,Trust & Refuge,9,1
Hab 2:18,H3336,intention,creation,10,H0483,mute,speechless,M53,Dishonor & Disgrace,12,2
Hab 2:18,H3336,intention,creation,10,H0457,idol,idols,M55,Destruction & Ruin,13,3
Hag 2:23,H0977,to choose,chosen,16,H5002,utterance,declares,M43,Prophecy & Vision,2,14
Hag 2:23,H0977,to choose,chosen,16,H6635B,[Lord of] Hosts,hosts,M72,Authority & Dominion,4,12
Hag 2:23,H0977,to choose,chosen,16,H5002,utterance,declares,M43,Prophecy & Vision,10,6
Hag 2:23,H0977,to choose,chosen,16,H5002,utterance,declares,M43,Prophecy & Vision,17,1
Hag 2:23,H0977,to choose,chosen,16,H6635B,[Lord of] Hosts,hosts,M72,Authority & Dominion,19,3
Heb 11:25,G0138,to choose,choosing,0,G4778,to suffer with,mistreated,M24,Faintness & Despair,2,2
Heb 11:25,G0138,to choose,choosing,0,G0266,sin,sin,M56,Sin & Guilt,9,9
Hos 7:15,H2803I,to devise: devise,devise,4,H2388G,to strengthen: strengthen,strengthened,M23,Strength & Courage,2,2
Hos 7:15,H2803I,to devise: devise,devise,4,H7451B,bad: evil,evil,M58,Wickedness,5,1
Hos 8:12,H2803H,to devise: count,regarded,3,H7230,abundance,for him,M46,Wealth & Riches,1,2
Hos 8:12,H2803H,to devise: count,regarded,3,H8451,instruction,laws,M54,Torah & Obedience,2,1
Hos 9:10,H5144A,to dedicate,consecrated,15,H1322,shame,shame,M07,Shame & Confusion,16,1
Hos 9:10,H5144A,to dedicate,consecrated,15,H8251,abomination,became detestable,M58,Wickedness,17,2
Hos 9:10,H5144A,to dedicate,consecrated,15,H0157G,to love: lover,loved,M51,Love & Devotion,19,4
Isa 10:7,H2803I,to devise: devise,think,7,H3824,heart,heart,M47,Inner Seat,4,3
Isa 10:7,H2803I,to devise: devise,think,7,H3824,heart,heart,M47,Inner Seat,9,2
Isa 10:7,H2803I,to devise: devise,think,7,H8045,to destroy,destroy,M10,Violence & Cruelty,10,3
Isa 13:17,H2803H,to devise: count,regard,7,H5782,to rouse,stirring up,M25,Life & Death,2,5
Isa 13:17,H2803H,to devise: count,regard,7,H2654A,to delight in,delight,M18,Desire & Longing,10,3
Isa 14:1,H0977,to choose,choose,5,H7355,to have compassion,compassion,M50,Grace & Mercy,2,3
Isa 14:1,H0977,to choose,choose,5,H5117,to rest,set,M33,Rest & Peace,7,2
Isa 1:19,H0014,be willing,willing,1,H8085H,to hear: obey,obedient,M41,Being Heard,2,1
Isa 1:29,H0977,to choose,chosen,8,H0954,be ashamed,ashamed,M07,Shame & Confusion,1,7
Isa 1:29,H0977,to choose,chosen,8,H2530A,to desire,desired,M18,Desire & Longing,4,4
Isa 1:29,H0977,to choose,chosen,8,H2659,be ashamed,blush,M07,Shame & Confusion,5,3
Isa 26:3,H3336,intention,mind,3,H5341,to watch,keep,M74,Keeping & Guarding,0,3
Isa 26:3,H3336,intention,mind,3,H7965G,peace,perfect,M33,Rest & Peace,1,2
Isa 26:3,H3336,intention,mind,3,H7965G,peace,peace,M33,Rest & Peace,2,1
Isa 26:3,H3336,intention,mind,3,H5564,to support,stayed,M70,Lifting & Bearing,4,1
Isa 26:3,H3336,intention,mind,3,H0982,to trust,trusts,M19,Trust & Refuge,6,3
Isa 28:12,H0014,be willing,they would,8,H4496H,resting,rest,M33,Rest & Peace,3,5
Isa 28:12,H0014,be willing,they would,8,H5117,to rest,rest,M33,Rest & Peace,4,4
Isa 28:12,H0014,be willing,they would,8,H5889,faint,weary,M24,Faintness & Despair,5,3
Isa 28:12,H0014,be willing,they would,8,H4774,repose,repose,M33,Rest & Peace,7,1
Isa 28:12,H0014,be willing,they would,8,H8085G,to hear: hear,hear,M41,Being Heard,10,2
Isa 29:16,H3336,intention,thing formed,10,H2017,perversity,upside down,M14,Deceit & Falsehood,0,10
Isa 29:16,H3336,intention,thing formed,10,H2803J,to devise: think,regarded,M15,Knowing & Understanding,2,8
Isa 29:16,H3336,intention,thing formed,10,H0995,to understand,understanding,M15,Knowing & Understanding,13,3
Isa 30:15,H0014,be willing,unwilling,16,H6918G,holy,Holy One,M61,Purity & Holiness,5,11
Isa 30:15,H0014,be willing,unwilling,16,H5183A,quietness,rest,M33,Rest & Peace,9,7
Isa 30:15,H0014,be willing,unwilling,16,H3467,to save,saved,M45,Renewal & Transformation,10,6
Isa 30:15,H0014,be willing,unwilling,16,H8252,to quiet,quietness,M33,Rest & Peace,12,4
Isa 30:15,H0014,be willing,unwilling,16,H0985,trust,trust,M19,Trust & Refuge,13,3
Isa 30:15,H0014,be willing,unwilling,16,H1369,might,strength,M23,Strength & Courage,15,1
Isa 30:9,H0014,be willing,unwilling,5,H4805H,rebellion,rebellious,M30,Rebellion & Stubbornness,0,5
Isa 30:9,H0014,be willing,unwilling,5,H3586,deceptive,lying,M14,Deceit & Falsehood,2,3
Isa 30:9,H0014,be willing,unwilling,5,H8085G,to hear: hear,hear,M41,Being Heard,6,1
Isa 30:9,H0014,be willing,unwilling,5,H8451,instruction,instruction,M54,Torah & Obedience,7,2
Isa 33:8,H2803H,to devise: count,regard,9,H8074G,be desolate: destroyed,waste,M10,Violence & Cruelty,1,8
Isa 33:8,H2803H,to devise: count,regard,9,H1285,covenant,Covenants,M32,Covenant,4,5
Isa 33:8,H2803H,to devise: count,regard,9,H3988A,to reject,despised,M30,Rebellion & Stubbornness,7,2
Isa 40:20,H0977,to choose,chooses,2,H1245,to seek,seeks out,M83,Seeking & Inquiring,6,4
Isa 40:20,H0977,to choose,chooses,2,H2450,wise,skillful,M16,Wisdom & Folly,7,5
Isa 40:20,H0977,to choose,chooses,2,H6459,idol,idol,M55,Destruction & Ruin,11,9
Isa 41:24,H0977,to choose,chooses,7,H8441,abomination,abomination,M58,Wickedness,6,1
Isa 41:8,H0977,to choose,chosen,5,H0157H,to love: friend,friend,M51,Love & Devotion,8,3
Isa 41:9,H0977,to choose,chosen,11,H2388J,to strengthen: prevail over,took,M23,Strength & Courage,1,10
Isa 41:9,H0977,to choose,chosen,11,H7121G,to call: call to,called,M42,Prayer & Petition,5,6
Isa 41:9,H0977,to choose,chosen,11,H3988A,to reject,off,M30,Rebellion & Stubbornness,13,2
Isa 42:1,H0972,chosen,chosen,3,H5315G,soul,soul,M47,Inner Seat,4,1
Isa 42:1,H0972,chosen,chosen,3,H7521,to accept,delights,M39,Gift & Favor,5,2
Isa 42:1,H0972,chosen,chosen,3,H7307G,spirit,Spirit,M47,Inner Seat,8,5
Isa 42:1,H0972,chosen,chosen,3,H4941H,justice,justice,M12,Righteousness & Integrity,11,8
Isa 42:24,H0014,be willing,they would,12,H4933,plunder,looter,M24,Faintness & Despair,3,9
Isa 42:24,H0014,be willing,they would,12,H2398,to sin,sinned,M56,Sin & Guilt,9,3
Isa 42:24,H0014,be willing,they would,12,H1870G,way: conduct,ways,M76,Walk & Conduct,11,1
Isa 42:24,H0014,be willing,they would,12,H8451,instruction,law,M54,Torah & Obedience,15,3
Isa 42:24,H0014,be willing,they would,12,H8085H,to hear: obey,obey,M41,Being Heard,17,5
Isa 43:10,H0977,to choose,chosen,6,H5002,utterance,declares,M43,Prophecy & Vision,2,4
Isa 43:10,H0977,to choose,chosen,6,H3045,to know,know,M15,Knowing & Understanding,8,2
Isa 43:10,H0977,to choose,chosen,6,H0539,be faithful,believe,M13,Faith & Faithfulness,9,3
Isa 43:10,H0977,to choose,chosen,6,H0995,to understand,understand,M15,Knowing & Understanding,10,4
Isa 43:20,H0972,chosen,chosen,14,H2416C,living thing,beasts,M25,Life & Death,1,13
Isa 44:1,H0977,to choose,chosen,6,H8085G,to hear: hear,hear,M41,Being Heard,1,5
Isa 44:2,H0977,to choose,chosen,14,H5826,to help,help,M45,Renewal & Transformation,7,7
Isa 44:2,H0977,to choose,chosen,14,H3372G,to fear,Fear,M01,Fear & Awe,8,6
Isa 45:4,H0972,chosen,chosen,4,H7121G,to call: call to,call,M42,Prayer & Petition,6,2
Isa 45:4,H0972,chosen,chosen,4,H3655,to flatter,name,M14,Deceit & Falsehood,8,4
Isa 45:4,H0972,chosen,chosen,4,H3045,to know,know,M15,Knowing & Understanding,10,6
Isa 48:10,H0977,to choose,tried,4,H6040,affliction,affliction,M24,Faintness & Despair,6,2
Isa 49:7,H0977,to choose,chosen,23,H6918G,holy,Holy One,M61,Purity & Holiness,5,18
Isa 49:7,H0977,to choose,chosen,23,H5315J,soul: person,one,M47,Inner Seat,6,17
Isa 49:7,H0977,to choose,chosen,23,H0959,to despise,deeply despised,M30,Rebellion & Stubbornness,7,16
Isa 49:7,H0977,to choose,chosen,23,H8581,to abhor,abhorred,M06,Malice & Enmity,8,15
Isa 49:7,H0977,to choose,chosen,23,H4910,to rule,rulers,M72,Authority & Dominion,11,12
Isa 49:7,H0977,to choose,chosen,23,H4428G,king,Kings,M72,Authority & Dominion,12,11
Isa 49:7,H0977,to choose,chosen,23,H8269,ruler,princes,M72,Authority & Dominion,15,8
Isa 49:7,H0977,to choose,chosen,23,H0539,be faithful,faithful,M13,Faith & Faithfulness,20,3
Isa 49:7,H0977,to choose,chosen,23,H6918G,holy,Holy One,M61,Purity & Holiness,21,2
Isa 53:3,H2803H,to devise: count,esteemed,11,H0959,to despise,despised,M30,Rebellion & Stubbornness,0,11
Isa 53:3,H2803H,to devise: count,esteemed,11,H4341,pain,sorrows,M24,Faintness & Despair,4,7
Isa 53:3,H2803H,to devise: count,esteemed,11,H3045,to know,acquainted,M15,Knowing & Understanding,5,6
Isa 53:3,H2803H,to devise: count,esteemed,11,H2483,sickness,grief,M73,Sickness & Weakness,6,5
Isa 53:3,H2803H,to devise: count,esteemed,11,H0959,to despise,despised,M30,Rebellion & Stubbornness,10,1
Isa 56:4,H0977,to choose,choose,9,H8104G,to keep: obey,keep,M74,Keeping & Guarding,7,2
Isa 56:4,H0977,to choose,choose,9,H2654A,to delight in,please,M18,Desire & Longing,11,2
Isa 56:4,H0977,to choose,choose,9,H2388H,to strengthen: hold,fast,M23,Strength & Courage,12,3
Isa 56:4,H0977,to choose,choose,9,H1285,covenant,covenant,M32,Covenant,14,5
Isa 58:5,H0977,to choose,choose,2,H6031B,to afflict,humble,M24,Faintness & Despair,5,3
Isa 58:5,H0977,to choose,choose,2,H5315I,soul: myself,himself,M47,Inner Seat,6,4
Isa 58:5,H0977,to choose,choose,2,H7522,acceptance,acceptable,M18,Desire & Longing,17,15
Isa 58:6,H0977,to choose,choose,3,H7562,wickedness,wickedness,M58,Wickedness,6,3
Isa 58:6,H0977,to choose,choose,3,H7533,to crush,oppressed,M10,Violence & Cruelty,10,7
Isa 65:12,H0977,to choose,chose,15,H7121G,to call: call to,called,M42,Prayer & Petition,6,9
Isa 65:12,H0977,to choose,chose,15,H1696G,to speak: speak,spoke,M65,Speech & Tongue,9,6
Isa 65:12,H0977,to choose,chose,15,H8085G,to hear: hear,listen,M41,Being Heard,11,4
Isa 65:12,H0977,to choose,chose,15,H7451H,bad: evil,evil,M58,Wickedness,13,2
Isa 65:12,H0977,to choose,chose,15,H2654A,to delight in,delight in,M18,Desire & Longing,18,3
Isa 65:15,H0972,chosen,chosen,2,H5117,to rest,leave,M33,Rest & Peace,0,2
Isa 65:15,H0972,chosen,chosen,2,H4191,to die,death,M25,Life & Death,7,5
Isa 66:3,H0977,to choose,chosen,17,H4503G,grain offering,grain offering,M36,Worship & Service,9,8
Isa 66:3,H0977,to choose,chosen,17,H2142,to remember,memorial offering,M81,Memory (act),12,5
Isa 66:3,H0977,to choose,chosen,17,H1288,to bless,blesses,M80,Blessing,14,3
Isa 66:3,H0977,to choose,chosen,17,H0205G,evil: wickedness,idol,M58,Wickedness,15,2
Isa 66:3,H0977,to choose,chosen,17,H1870G,way: conduct,ways,M76,Walk & Conduct,18,1
Isa 66:3,H0977,to choose,chosen,17,H5315G,soul,soul,M47,Inner Seat,19,2
Isa 66:3,H0977,to choose,chosen,17,H2654A,to delight in,delights,M18,Desire & Longing,20,3
Isa 66:3,H0977,to choose,chosen,17,H8251,abomination,abominations,M58,Wickedness,21,4
Isa 66:4,H0977,to choose,choose,1,H4035,fear,fears,M01,Fear & Awe,5,4
Isa 66:4,H0977,to choose,choose,1,H7121G,to call: call to,called,M42,Prayer & Petition,7,6
Isa 66:4,H0977,to choose,choose,1,H1696G,to speak: speak,spoke,M65,Speech & Tongue,11,10
Isa 66:4,H0977,to choose,choose,1,H8085G,to hear: hear,listen,M41,Being Heard,13,12
Isa 66:4,H0977,to choose,choose,1,H7451H,bad: evil,evil,M58,Wickedness,15,14
Isa 66:4,H0977,to choose,choose,1,H2654A,to delight in,delight,M18,Desire & Longing,20,19
Isa 66:4,H0977,to choose,chose,17,H4035,fear,fears,M01,Fear & Awe,5,12
Isa 66:4,H0977,to choose,chose,17,H7121G,to call: call to,called,M42,Prayer & Petition,7,10
Isa 66:4,H0977,to choose,chose,17,H1696G,to speak: speak,spoke,M65,Speech & Tongue,11,6
Isa 66:4,H0977,to choose,chose,17,H8085G,to hear: hear,listen,M41,Being Heard,13,4
Isa 66:4,H0977,to choose,chose,17,H7451H,bad: evil,evil,M58,Wickedness,15,2
Isa 66:4,H0977,to choose,chose,17,H2654A,to delight in,delight,M18,Desire & Longing,20,3
Isa 7:15,H0977,to choose,choose,6,H3045,to know,knows,M15,Knowing & Understanding,3,3
Isa 7:15,H0977,to choose,choose,6,H3988A,to reject,refuse,M30,Rebellion & Stubbornness,4,2
Isa 7:15,H0977,to choose,choose,6,H7451B,bad: evil,evil,M58,Wickedness,5,1
Isa 7:15,H0977,to choose,choose,6,H2896B,good,good,M05,Kindness & Friendship,7,1
Isa 7:16,H0977,to choose,choose,6,H3045,to know,how,M15,Knowing & Understanding,3,3
Isa 7:16,H0977,to choose,choose,6,H3988A,to reject,refuse,M30,Rebellion & Stubbornness,4,2
Isa 7:16,H0977,to choose,choose,6,H7451B,bad: evil,evil,M58,Wickedness,5,1
Isa 7:16,H0977,to choose,choose,6,H2896B,good,good,M05,Kindness & Friendship,7,1
Isa 7:16,H0977,to choose,choose,6,H4428G,king,kings,M72,Authority & Dominion,11,5
Isa 7:16,H0977,to choose,choose,6,H6973,to loathe,dread,M06,Malice & Enmity,13,7
Isa 7:16,H0977,to choose,choose,6,H5800A,to leave: forsake,deserted,M30,Rebellion & Stubbornness,14,8
Isa 8:10,H5779,to plan,Take,0,H6098,counsel,counsel,M16,Wisdom & Folly,1,1
Isa 8:10,H5779,to plan,Take,0,H1696G,to speak: speak,speak,M65,Speech & Tongue,3,3
Isa 8:10,H5779,to plan,Take,0,H1697G,word,word,M65,Speech & Tongue,4,4
Jam 1:18,G1014,to plan,will,0,G3056,word,word,M65,Speech & Tongue,3,3
Jam 1:18,G1014,to plan,will,0,G0225,truth,truth,M13,Faith & Faithfulness,4,4
Jam 3:4,G1014,to plan,will,15,G4642,hard,strong,M23,Strength & Courage,8,7
Jam 4:4,G1014,to plan,wishes,11,G3428,adulterous,adulterous people,M57,Corruption & Perversion,0,11
Jam 4:4,G1014,to plan,wishes,11,G6063,to know,know,M15,Knowing & Understanding,2,9
Jam 4:4,G1014,to plan,wishes,11,G5373,friendship,friendship,M05,Kindness & Friendship,4,7
Jam 4:4,G1014,to plan,wishes,11,G2189,hostility,enmity,M06,Malice & Enmity,7,4
Jam 4:4,G1014,to plan,wishes,11,G5384,friendly/friend,friend,M05,Kindness & Friendship,13,2
Jam 4:4,G1014,to plan,wishes,11,G2190,enemy,enemy,M06,Malice & Enmity,16,5
Jer 11:19,H2803I,to devise: devise,devised,8,H2986,to conduct,led,M76,Walk & Conduct,3,5
Jer 11:19,H2803I,to devise: devise,devised,8,H3045,to know,know,M15,Knowing & Understanding,6,2
Jer 11:19,H2803I,to devise: devise,devised,8,H4284,plot,schemes,M06,Malice & Enmity,9,1
Jer 11:19,H2803I,to devise: devise,devised,8,H7843,to ruin,destroy,M55,Destruction & Ruin,10,2
Jer 11:19,H2803I,to devise: devise,devised,8,H2416A,alive,living,M25,Life & Death,16,8
Jer 11:19,H2803I,to devise: devise,devised,8,H2142,to remember,remembered,M81,Memory (act),18,10
Jer 18:11,H2803I,to devise: devise,devising,16,H7451C,distress: harm,disaster,M24,Faintness & Despair,14,2
Jer 18:11,H2803I,to devise: devise,devising,16,H4284,plot,plan,M06,Malice & Enmity,17,1
Jer 18:11,H2803I,to devise: devise,devising,16,H7451H,bad: evil,evil,M58,Wickedness,22,6
Jer 18:11,H2803I,to devise: devise,devising,16,H1870G,way: conduct,way,M76,Walk & Conduct,23,7
Jer 18:11,H2803I,to devise: devise,devising,16,H3190,be good,amend,M05,Kindness & Friendship,24,8
Jer 18:11,H2803I,to devise: devise,devising,16,H1870G,way: conduct,ways,M76,Walk & Conduct,25,9
Jer 18:18,H2803I,to devise: devise,make,2,H4284,plot,plots,M06,Malice & Enmity,3,1
Jer 18:18,H2803I,to devise: devise,make,2,H8451,instruction,law,M54,Torah & Obedience,7,5
Jer 18:18,H2803I,to devise: devise,make,2,H6098,counsel,counsel,M16,Wisdom & Folly,12,10
Jer 18:18,H2803I,to devise: devise,make,2,H2450,wise,wise,M16,Wisdom & Folly,14,12
Jer 18:18,H2803I,to devise: devise,make,2,H1697G,word,word,M65,Speech & Tongue,15,13
Jer 18:18,H2803I,to devise: devise,make,2,H5030,prophet,prophet,M43,Prophecy & Vision,17,15
Jer 18:18,H2803I,to devise: devise,make,2,H7181,to listen,attention,M41,Being Heard,22,20
Jer 18:18,H2803I,to devise: devise,make,2,H1697G,word,words,M65,Speech & Tongue,26,24
Jer 18:8,H2803I,to devise: devise,intended,9,H1696G,to speak: speak,spoken,M65,Speech & Tongue,3,6
Jer 18:8,H2803I,to devise: devise,intended,9,H7451I,distress: evil,evil,M58,Wickedness,5,4
Jer 18:8,H2803I,to devise: devise,intended,9,H5162H,to be sorry: relent,relent,M11,Turning & Repentance,6,3
Jer 18:8,H2803I,to devise: devise,intended,9,H7451C,distress: harm,disaster,M24,Faintness & Despair,7,2
Jer 1:5,H6942H,to consecrate: dedicate,consecrated,7,H3045,to know,knew,M15,Knowing & Understanding,3,4
Jer 1:5,H6942H,to consecrate: dedicate,consecrated,7,H5030,prophet,prophet,M43,Prophecy & Vision,10,3
Jer 26:3,H2803I,to devise: devise,intend,11,H8085G,to hear: hear,listen,M41,Being Heard,1,10
Jer 26:3,H2803I,to devise: devise,intend,11,H7725O,to return: repent,turn,M11,Turning & Repentance,3,8
Jer 26:3,H2803I,to devise: devise,intend,11,H7451H,bad: evil,evil,M58,Wickedness,5,6
Jer 26:3,H2803I,to devise: devise,intend,11,H1870G,way: conduct,way,M76,Walk & Conduct,6,5
Jer 26:3,H2803I,to devise: devise,intend,11,H5162H,to be sorry: relent,relent,M11,Turning & Repentance,7,4
Jer 26:3,H2803I,to devise: devise,intend,11,H7451C,distress: harm,disaster,M24,Faintness & Despair,8,3
Jer 26:3,H2803I,to devise: devise,intend,11,H7455,evil,evil,M58,Wickedness,14,3
Jer 29:11,H2803I,to devise: devise,have,5,H3045,to know,know,M15,Knowing & Understanding,2,3
Jer 29:11,H2803I,to devise: devise,have,5,H4284,plot,plans,M06,Malice & Enmity,3,2
Jer 29:11,H2803I,to devise: devise,have,5,H5002,utterance,declares,M43,Prophecy & Vision,7,2
Jer 29:11,H2803I,to devise: devise,have,5,H4284,plot,plans,M06,Malice & Enmity,9,4
Jer 29:11,H2803I,to devise: devise,have,5,H7965I,peace: well-being,welfare,M33,Rest & Peace,10,5
Jer 29:11,H2803I,to devise: devise,have,5,H7451I,distress: evil,evil,M58,Wickedness,12,7
Jer 29:11,H2803I,to devise: devise,have,5,H8615B,hope,hope,M68,Hope & Waiting,16,11
Jer 33:24,H0977,to choose,chose,11,H1696G,to speak: speak,saying,M65,Speech & Tongue,5,6
Jer 33:24,H0977,to choose,chose,11,H3988A,to reject,rejected,M30,Rebellion & Stubbornness,7,4
Jer 33:24,H0977,to choose,chose,11,H5006,to spurn,despised,M30,Rebellion & Stubbornness,12,1
Jer 36:3,H2803I,to devise: devise,intend,8,H8085G,to hear: hear,hear,M41,Being Heard,3,5
Jer 36:3,H2803I,to devise: devise,intend,8,H7451C,distress: harm,disaster,M24,Faintness & Despair,5,3
Jer 36:3,H2803I,to devise: devise,intend,8,H7725O,to return: repent,turn,M11,Turning & Repentance,12,4
Jer 36:3,H2803I,to devise: devise,intend,8,H7451H,bad: evil,evil,M58,Wickedness,14,6
Jer 36:3,H2803I,to devise: devise,intend,8,H1870G,way: conduct,way,M76,Walk & Conduct,15,7
Jer 36:3,H2803I,to devise: devise,intend,8,H5545,to forgive,forgive,M60,Confession & Forgiveness,16,8
Jer 36:3,H2803I,to devise: devise,intend,8,H5771G,iniquity: crime,iniquity,M56,Sin & Guilt,17,9
Jer 36:3,H2803I,to devise: devise,intend,8,H2403B,sin,sin,M56,Sin & Guilt,19,11
Jer 48:2,H2803I,to devise: devise,planned,6,H8416,praise,renown,M22,Praise & Song,0,6
Jer 48:2,H2803I,to devise: devise,planned,6,H7451C,distress: harm,disaster,M24,Faintness & Despair,7,1
Jer 48:2,H2803I,to devise: devise,planned,6,H1826H,to silence: silent,silence,M33,Rest & Peace,15,9
Jer 49:19,H0977,to choose,choose,15,H1347,pride,jungle,M08,Pride & Arrogance,5,10
Jer 49:19,H0977,to choose,choose,15,H0386,strong,perennial,M23,Strength & Courage,7,8
Jer 49:20,H2803I,to devise: devise,formed,10,H8085G,to hear: hear,hear,M41,Being Heard,1,9
Jer 49:20,H2803I,to devise: devise,formed,10,H6098,counsel,plan,M16,Wisdom & Folly,2,8
Jer 49:20,H2803I,to devise: devise,formed,10,H3289,to advise,made,M63,Reasoning & Interpretation,5,5
Jer 49:20,H2803I,to devise: devise,formed,10,H4284,plot,purposes,M06,Malice & Enmity,8,2
Jer 49:20,H2803I,to devise: devise,formed,10,H8074H,be desolate: appalled,appalled,M55,Destruction & Ruin,21,11
Jer 49:30,H2803I,to devise: devise,formed,16,H5110,to wander,wander,M76,Walk & Conduct,1,15
Jer 49:30,H2803I,to devise: devise,formed,16,H5002,utterance,declares,M43,Prophecy & Vision,7,9
Jer 49:30,H2803I,to devise: devise,formed,16,H4428G,king,king,M72,Authority & Dominion,11,5
Jer 49:30,H2803I,to devise: devise,formed,16,H3289,to advise,made,M63,Reasoning & Interpretation,13,3
Jer 49:30,H2803I,to devise: devise,formed,16,H6098,counsel,plan,M16,Wisdom & Folly,14,2
Jer 49:30,H2803I,to devise: devise,formed,16,H4284,plot,purpose,M06,Malice & Enmity,17,1
Jer 4:28,H2161,to plan,purposed,9,H0056,to mourn,mourn,M03,Grief & Lament,3,6
Jer 4:28,H2161,to plan,purposed,9,H1696G,to speak: speak,spoken,M65,Speech & Tongue,8,1
Jer 4:28,H2161,to plan,purposed,9,H5162H,to be sorry: relent,relented,M11,Turning & Repentance,11,2
Jer 4:28,H2161,to plan,purposed,9,H7725O,to return: repent,back,M11,Turning & Repentance,13,4
Jer 50:44,H0977,to choose,choose,13,H1347,pride,thicket,M08,Pride & Arrogance,4,9
Jer 50:44,H0977,to choose,choose,13,H0386,strong,perennial,M23,Strength & Courage,6,7
Jer 50:45,H2803I,to devise: devise,formed,10,H8085G,to hear: hear,hear,M41,Being Heard,1,9
Jer 50:45,H2803I,to devise: devise,formed,10,H6098,counsel,plan,M16,Wisdom & Folly,2,8
Jer 50:45,H2803I,to devise: devise,formed,10,H3289,to advise,made,M63,Reasoning & Interpretation,5,5
Jer 50:45,H2803I,to devise: devise,formed,10,H4284,plot,purposes,M06,Malice & Enmity,8,2
Jer 50:45,H2803I,to devise: devise,formed,10,H8074H,be desolate: appalled,fate,M55,Destruction & Ruin,20,10
Jer 51:12,H2161,to plan,planned,14,H2388G,to strengthen: strengthen,strong,M23,Strength & Courage,6,8
Jer 51:12,H2161,to plan,planned,14,H8104H,to keep: guard,watchmen,M74,Keeping & Guarding,8,6
Jer 51:12,H2161,to plan,planned,14,H1696G,to speak: speak,spoke,M65,Speech & Tongue,18,4
Jer 8:3,H0977,to choose,preferred,1,H4194,death,Death,M25,Life & Death,0,1
Jer 8:3,H0977,to choose,preferred,1,H2416E,life,life,M25,Life & Death,3,2
Jer 8:3,H0977,to choose,preferred,1,H7451H,bad: evil,evil,M58,Wickedness,7,6
Jer 8:3,H0977,to choose,preferred,1,H5002,utterance,declares,M43,Prophecy & Vision,14,13
Jer 8:3,H0977,to choose,preferred,1,H6635B,[Lord of] Hosts,hosts,M72,Authority & Dominion,16,15
Job 15:5,H0977,to choose,choose,3,H5771G,iniquity: crime,iniquity,M56,Sin & Guilt,0,3
Job 15:5,H0977,to choose,choose,3,H6175,prudent,crafty,M16,Wisdom & Folly,5,2
Job 29:25,H0977,to choose,chose,0,H1870G,way: conduct,way,M76,Walk & Conduct,1,1
Job 29:25,H0977,to choose,chose,0,H7218H,head: leader,chief,M72,Authority & Dominion,3,3
Job 29:25,H0977,to choose,chose,0,H4428G,king,king,M72,Authority & Dominion,5,5
Job 29:25,H0977,to choose,chose,0,H5162G,to be sorry: comfort,comforts,M45,Renewal & Transformation,7,7
Job 29:25,H0977,to choose,chose,0,H0057,mourning,mourners,M03,Grief & Lament,8,8
Job 34:33,H0977,to choose,choose,5,H3988A,to reject,reject,M30,Rebellion & Stubbornness,2,3
Job 34:33,H0977,to choose,choose,5,H1696I,to speak: promise,declare,M65,Speech & Tongue,7,2
Job 34:33,H0977,to choose,choose,5,H3045,to know,know,M15,Knowing & Understanding,8,3
Job 34:4,H0977,to choose,choose,0,H4941H,justice,right,M12,Righteousness & Integrity,1,1
Job 34:4,H0977,to choose,choose,0,H3045,to know,know,M15,Knowing & Understanding,2,2
Job 34:4,H0977,to choose,choose,0,H2896A,pleasant,good,M18,Desire & Longing,5,5
Job 36:21,H0977,to choose,chosen,7,H8104J,to keep: careful,Take care,M74,Keeping & Guarding,0,7
Job 36:21,H0977,to choose,chosen,7,H0205G,evil: wickedness,iniquity,M58,Wickedness,4,3
Job 36:21,H0977,to choose,chosen,7,H6040,affliction,affliction,M24,Faintness & Despair,9,2
Job 39:9,H0014,be willing,willing,1,H5647G,to serve,serve,M36,Worship & Service,2,1
Job 7:15,H0977,to choose,choose,1,H5315I,soul: myself,I,M47,Inner Seat,0,1
Job 7:15,H0977,to choose,choose,1,H4194,death,death,M25,Life & Death,3,2
Job 9:14,H0977,to choose,choosing,2,H1697G,word,words,M65,Speech & Tongue,4,2
Joh 18:39,G1014,to plan,want,11,G0630G,to release: release,release,M59,Release & Reconciliation,5,6
Joh 18:39,G1014,to plan,want,11,G0630G,to release: release,release,M59,Release & Reconciliation,12,1
Jon 1:4,H2803I,to devise: devise,threatened,10,H7307H,spirit: breath,wind,M47,Inner Seat,3,7
Jon 1:4,H2803I,to devise: devise,threatened,10,H7665,to break,break,M24,Faintness & Despair,12,2
Jos 24:10,H0014,be willing,I would,0,H8085G,to hear: hear,listen,M41,Being Heard,2,2
Jos 24:10,H0014,be willing,I would,0,H1288,to bless,blessed,M80,Blessing,4,4
Jos 24:10,H0014,be willing,I would,0,H1288,to bless,blessed,M80,Blessing,4,4
Jos 24:10,H0014,be willing,I would,0,H5337,to rescue,delivered,M45,Renewal & Transformation,5,5
Jos 24:10,H0014,be willing,I would,0,H3027H,hand: power,hand,M72,Authority & Dominion,7,7
Jos 24:15,H0977,to choose,choose,5,H7451H,bad: evil,evil,M58,Wickedness,1,4
Jos 24:15,H0977,to choose,choose,5,H5647H,to serve: minister,serve,M36,Worship & Service,3,2
Jos 24:15,H0977,to choose,choose,5,H5647H,to serve: minister,serve,M36,Worship & Service,8,3
Jos 24:15,H0977,to choose,choose,5,H5647H,to serve: minister,served,M36,Worship & Service,11,6
Jos 24:15,H0977,to choose,choose,5,H5647H,to serve: minister,serve,M36,Worship & Service,21,16
Jos 24:22,H0977,to choose,chosen,6,H5647H,to serve: minister,serve,M36,Worship & Service,8,2
Jos 8:3,H0977,to choose,chose,7,H4421,battle,fighting,M10,Violence & Cruelty,1,6
Jos 8:3,H0977,to choose,chose,7,H2428G,strength,valor,M23,Strength & Courage,11,4
Jude 5,G1014,to plan,want,1,G5279,to remind,remind,M82,Reminder & Report,2,1
Jude 5,G1014,to plan,want,1,G6063,to know,fully knew,M15,Knowing & Understanding,6,5
Jude 5,G1014,to plan,want,1,G4982,to save,saved,M45,Renewal & Transformation,10,9
Jude 5,G1014,to plan,want,1,G0622,to destroy,destroyed,M10,Violence & Cruelty,16,15
Jude 5,G1014,to plan,want,1,G4100,to trust (in),believe,M19,Trust & Refuge,18,17
Judg 10:14,H0977,to choose,chosen,4,H2199,to cry out,out,M42,Prayer & Petition,1,3
Judg 10:14,H0977,to choose,chosen,4,H3467,to save,save,M45,Renewal & Transformation,6,2
Judg 10:14,H0977,to choose,chosen,4,H6869B,distress,distress,M24,Faintness & Despair,9,5
Judg 11:17,H0014,be willing,consent,18,H4428G,king,king,M72,Authority & Dominion,4,14
Judg 11:17,H0014,be willing,consent,18,H4428G,king,king,M72,Authority & Dominion,9,9
Judg 11:17,H0014,be willing,consent,18,H8085G,to hear: hear,listen,M41,Being Heard,12,6
Judg 11:17,H0014,be willing,consent,18,H4428G,king,king,M72,Authority & Dominion,15,3
Judg 17:3,H6942H,to consecrate: dedicate,dedicate,6,H6459,idol,carved image,M55,Destruction & Ruin,12,6
Judg 17:3,H6942H,to consecrate: dedicate,dedicate,6,H6459,idol,carved image,M55,Destruction & Ruin,12,6
Judg 19:25,H0014,be willing,would,1,H8085G,to hear: hear,listen,M41,Being Heard,3,2
Judg 19:25,H0014,be willing,would,1,H2388H,to strengthen: hold,seized,M23,Strength & Courage,5,4
Judg 19:25,H0014,be willing,would,1,H3045,to know,knew,M15,Knowing & Understanding,9,8
Judg 19:30,H5779,to plan,take counsel,19,H7760K,to set: consider,consider,M15,Knowing & Understanding,18,1
Judg 19:30,H5779,to plan,take counsel,19,H1696G,to speak: speak,speak,M65,Speech & Tongue,20,1
Judg 20:13,H0014,be willing,would,10,H4191,to die,death,M25,Life & Death,5,5
Judg 20:13,H0014,be willing,would,10,H7451I,distress: evil,evil,M58,Wickedness,7,3
Judg 20:13,H0014,be willing,would,10,H8085G,to hear: hear,listen,M41,Being Heard,12,2
Judg 20:16,H0977,to choose,chosen,4,H2398,to sin,miss,M56,Sin & Guilt,12,8
Judg 20:34,H0977,to choose,chosen,4,H4421,battle,battle,M10,Violence & Cruelty,9,5
Judg 20:34,H0977,to choose,chosen,4,H3513H,to honor: heavy,hard,M75,Disobedience & Lawlessness,10,6
Judg 20:34,H0977,to choose,chosen,4,H3045,to know,know,M15,Knowing & Understanding,12,8
Judg 20:34,H0977,to choose,chosen,4,H7451C,distress: harm,disaster,M24,Faintness & Despair,13,9
Judg 5:8,H0977,to choose,chosen,2,H2319H,new,new,M45,Renewal & Transformation,0,2
Lam 2:17,H2161,to plan,purposed,3,H1214I,to cut off: to gain,carried out,M18,Desire & Longing,4,1
Lam 2:17,H2161,to plan,purposed,3,H2550,to spare,pity,M05,Kindness & Friendship,12,9
Lam 2:17,H2161,to plan,purposed,3,H0341,enemy,enemy,M06,Malice & Enmity,13,10
Lam 2:17,H2161,to plan,purposed,3,H8055,to rejoice,rejoice,M04,Joy & Gladness,14,11
Lam 2:17,H2161,to plan,purposed,3,H7311A,to exalt,exalted,M22,Praise & Song,16,13
Lam 2:17,H2161,to plan,purposed,3,H6862C,enemy,foes,M06,Malice & Enmity,19,16
Lam 2:8,H2803I,to devise: devise,determined,1,H7843,to ruin,ruins,M55,Destruction & Ruin,2,1
Lam 2:8,H2803I,to devise: devise,determined,1,H0056,to mourn,lament,M03,Grief & Lament,15,14
Lam 2:8,H2803I,to devise: devise,determined,1,H0535,to weaken,languished,M73,Sickness & Weakness,16,15
Lam 4:2,H2803H,to devise: count,regarded,6,H3368,precious,precious,M18,Desire & Longing,0,6
Lam 4:2,H2803H,to devise: count,regarded,6,H6337,pure gold,fine gold,M12,Righteousness & Integrity,4,2
Lev 15:31,H5144A,to dedicate,keep,0,H2932,uncleanness,uncleanness,M10c,Defilement,3,3
Lev 15:31,H5144A,to dedicate,keep,0,H4191,to die,die,M25,Life & Death,4,4
Lev 15:31,H5144A,to dedicate,keep,0,H2932,uncleanness,uncleanness,M10c,Defilement,5,5
Lev 15:31,H5144A,to dedicate,keep,0,H2930A,to defile,defiling,M10c,Defilement,6,6
Lev 22:2,H5144A,to dedicate,abstain,4,H1696G,to speak: speak,Speak,M65,Speech & Tongue,0,4
Lev 22:2,H5144A,to dedicate,abstain,4,H6944G,holiness,holy things,M61,Purity & Holiness,5,1
Lev 22:2,H5144A,to dedicate,abstain,4,H6942G,to consecrate: consecate,dedicate,M61,Purity & Holiness,9,5
Lev 22:2,H5144A,to dedicate,abstain,4,H6944G,holiness,holy,M61,Purity & Holiness,12,8
Lev 26:21,H0014,be willing,will,2,H7147,hostility,contrary,M06,Malice & Enmity,1,1
Lev 26:21,H0014,be willing,will,2,H8085G,to hear: hear,listen,M41,Being Heard,3,1
Lev 26:21,H0014,be willing,will,2,H2403B,sin,sins,M56,Sin & Guilt,8,6
Lev 27:14,H6942H,to consecrate: dedicate,dedicates,1,H6944G,holiness,holy,M61,Purity & Holiness,3,2
Lev 27:14,H6942H,to consecrate: dedicate,dedicates,1,H6186B,to value,value,M26,Judgment & Condemnation,6,5
Lev 27:14,H6942H,to consecrate: dedicate,dedicates,1,H2896A,pleasant,good,M18,Desire & Longing,8,7
Lev 27:14,H6942H,to consecrate: dedicate,dedicates,1,H7451A,bad: harmful,bad,M58,Wickedness,9,8
Lev 27:14,H6942H,to consecrate: dedicate,dedicates,1,H6186B,to value,values,M26,Judgment & Condemnation,11,10
Lev 27:23,H2803H,to devise: count,calculate,1,H6944G,holiness,holy gift,M61,Purity & Holiness,9,8
Lev 27:26,H6942H,to consecrate: dedicate,dedicate,7,H1060,firstborn,firstborn,M37,Firstborn & Foreknowledge,1,6
Lev 27:26,H6942H,to consecrate: dedicate,dedicate,7,H1069,to be/bear firstborn,firstborn,M37,Firstborn & Foreknowledge,4,3
Lev 7:18,H2803H,to devise: count,credited,11,H1320,flesh,flesh,M47,Inner Seat,1,10
Lev 7:18,H2803H,to devise: count,credited,11,H8002,peace offering,peace offering,M33,Rest & Peace,3,8
Lev 7:18,H2803H,to devise: count,credited,11,H7521,to accept,accepted,M39,Gift & Favor,9,2
Lev 7:18,H2803H,to devise: count,credited,11,H6292,refuse,tainted,M10c,Defilement,12,1
Lev 7:18,H2803H,to devise: count,credited,11,H5315I,soul: myself,he,M47,Inner Seat,13,2
Lev 7:18,H2803H,to devise: count,credited,11,H5375J,to lift: guilt,bear,M56,Sin & Guilt,15,4
Lev 7:18,H2803H,to devise: count,credited,11,H5771G,iniquity: crime,iniquity,M56,Sin & Guilt,16,5
Luk 10:22,G1014,to plan,chooses to,24,G1097,to know,knows,M15,Knowing & Understanding,8,16
Luk 14:31,G1011,to plan,deliberate,12,G1415,able,able,M23,Strength & Courage,15,3
Luk 22:42,G1014,to plan,willing,3,G2307,will/desire,will,M18,Desire & Longing,12,9
Luk 23:51,G1012,plan,decision,5,G4327,to wait for/welcome,looking,M68,Hope & Waiting,10,5
Luk 23:51,G1012,plan,decision,5,G0932,kingdom,kingdom,M72,Authority & Dominion,11,6
Luk 7:30,G1012,plan,purpose,5,G0114,to reject,rejected,M30,Rebellion & Stubbornness,4,1
Mal 3:16,H2803H,to devise: count,esteemed,15,H3373,afraid,feared,M01,Fear & Awe,1,14
Mal 3:16,H2803H,to devise: count,esteemed,15,H1696G,to speak: speak,spoke,M65,Speech & Tongue,3,12
Mal 3:16,H2803H,to devise: count,esteemed,15,H7181,to listen,attention,M41,Being Heard,7,8
Mal 3:16,H2803H,to devise: count,esteemed,15,H8085G,to hear: hear,heard,M41,Being Heard,8,7
Mal 3:16,H2803H,to devise: count,esteemed,15,H3373,afraid,feared,M01,Fear & Awe,13,2
Mar 15:15,G1014,to plan,wishing,2,G0630G,to release: release,released,M59,Release & Reconciliation,5,3
Mat 12:18,G0140,to choose,chosen,4,G5590G,soul,soul,M47,Inner Seat,10,6
Mat 12:18,G0140,to choose,chosen,4,G2106,to delight,well pleased,M18,Desire & Longing,11,7
Mat 12:18,G0140,to choose,chosen,4,G4151G,spirit/breath: spirit,Spirit,M47,Inner Seat,14,10
Mat 12:18,G0140,to choose,chosen,4,G2920,judgment,justice,M26,Judgment & Condemnation,19,15
Mat 1:19,G1014,to plan,resolved,10,G1342,just,just,M12,Righteousness & Integrity,5,5
Mat 1:19,G1014,to plan,resolved,10,G2309,to will/desire,unwilling,M18,Desire & Longing,7,3
Mat 1:19,G1014,to plan,resolved,10,G1165,to disgrace,shame,M07,Shame & Confusion,9,1
Mic 2:1,H2803I,to devise: devise,devise,1,H1945,woe!,Woe,M03,Grief & Lament,0,1
Mic 2:1,H2803I,to devise: devise,devise,1,H0205G,evil: wickedness,wickedness,M58,Wickedness,2,1
Mic 2:1,H2803I,to devise: devise,devise,1,H7451B,bad: evil,evil,M58,Wickedness,4,3
Mic 2:3,H2803I,to devise: devise,devising,8,H7451C,distress: harm,disaster,M24,Faintness & Despair,9,1
Mic 2:3,H2803I,to devise: devise,devising,8,H7451C,distress: harm,disaster,M24,Faintness & Despair,21,13
Nah 1:11,H2803I,to devise: devise,plotted,2,H7451I,distress: evil,evil,M58,Wickedness,3,1
Nah 1:11,H2803I,to devise: devise,plotted,2,H3289,to advise,counselor,M63,Reasoning & Interpretation,7,5
Nah 1:9,H2803I,to devise: devise,plot,1,H6869B,distress,trouble,M24,Faintness & Despair,7,6
Neh 12:47,H6942H,to consecrate: dedicate,set apart,11,H7891,to sing,singers,M22,Praise & Song,9,2
Neh 12:47,H6942H,to consecrate: dedicate,set apart,14,H7891,to sing,singers,M22,Praise & Song,9,5
Neh 13:13,H2803H,to devise: count,considered,18,H0539,be faithful,reliable,M13,Faith & Faithfulness,19,1
Neh 1:9,H0977,to choose,chosen,16,H7725O,to return: repent,return,M11,Turning & Repentance,0,16
Neh 1:9,H0977,to choose,chosen,16,H8104G,to keep: obey,keep,M74,Keeping & Guarding,2,14
Neh 1:9,H0977,to choose,chosen,16,H4687,commandment,commandments,M54,Torah & Obedience,3,13
Neh 6:2,H2803I,to devise: devise,intended,12,H7451C,distress: harm,harm,M24,Faintness & Despair,14,2
Neh 6:6,H2803I,to devise: devise,intend,7,H8085I,to hear: proclaim,reported,M41,Being Heard,1,6
Neh 6:6,H2803I,to devise: devise,intend,7,H4775,to rebel,rebel,M30,Rebellion & Stubbornness,8,1
Neh 6:6,H2803I,to devise: devise,intend,7,H1697G,word,reports,M65,Speech & Tongue,14,7
Neh 6:6,H2803I,to devise: devise,intend,7,H4428G,king,king,M72,Authority & Dominion,17,10
Neh 6:8,H0908,to devise,inventing,12,H3820A,heart,mind,M47,Inner Seat,15,3
Num 16:2,H7148,chosen,chosen,9,H5387A,leader,chiefs,M72,Authority & Dominion,7,2
Num 16:5,H0977,to choose,chooses,14,H1696G,to speak: speak,said,M65,Speech & Tongue,0,14
Num 16:5,H0977,to choose,chooses,14,H3045,to know,show,M15,Knowing & Understanding,8,6
Num 16:5,H0977,to choose,chooses,14,H6918G,holy,holy,M61,Purity & Holiness,10,4
Num 16:7,H0977,to choose,chooses,12,H6918H,holy: saint,holy,M13,Faith & Faithfulness,13,1
Num 17:5,H0977,to choose,choose,2,H3885B,to grumble,grumble,M20,Doubt & Discouragement,9,7
Num 18:30,H2803H,to devise: count,counted,5,H7311A,to exalt,offered,M22,Praise & Song,2,3
Num 26:9,H7148,chosen,chosen,8,H5327A,to struggle,contended,M34,Patience & Perseverance,11,3
Num 26:9,H7148,chosen,chosen,8,H5327A,to struggle,contended,M34,Patience & Perseverance,17,9
Phile 13,G1014,to plan,glad,1,G1247,to serve,serve,M36,Worship & Service,7,6
Phili 1:12,G1014,to plan,want,0,G1097,to know,know,M15,Knowing & Understanding,2,2
Phili 1:22,G0138,to choose,choose,10,G2198,to live,live,M25,Life & Death,1,9
Phili 1:22,G0138,to choose,choose,10,G4561,flesh,flesh,M47,Inner Seat,3,7
Pro 10:20,H0977,to choose,choice,2,H6662,righteous,righteous,M12,Righteousness & Integrity,1,1
Pro 10:20,H0977,to choose,choice,2,H3820A,heart,heart,M47,Inner Seat,4,2
Pro 10:20,H0977,to choose,choice,2,H7563,wicked,wicked,M58,Wickedness,5,3
Pro 16:16,H0977,to choose,chosen,8,H2896A,pleasant,better,M18,Desire & Longing,1,7
Pro 16:16,H0977,to choose,chosen,8,H2451,wisdom,wisdom,M16,Wisdom & Folly,3,5
Pro 16:16,H0977,to choose,chosen,8,H0998,understanding,understanding,M15,Knowing & Understanding,7,1
Pro 16:30,H2803I,to devise: devise,plans,2,H8419,perversity,dishonest things,M14,Deceit & Falsehood,3,1
Pro 16:30,H2803I,to devise: devise,plans,2,H7451I,distress: evil,evil,M58,Wickedness,6,4
Pro 16:9,H2803I,to devise: devise,plans,2,H3820A,heart,heart,M47,Inner Seat,0,2
Pro 1:10,H0014,be willing,consent,5,H2400,sinner,sinners,M56,Sin & Guilt,2,3
Pro 1:10,H0014,be willing,consent,5,H6601B,to entice,entice,M77,Stumbling & Trial,3,2
Pro 1:25,H0014,be willing,and,3,H6098,counsel,counsel,M16,Wisdom & Folly,2,1
Pro 1:29,H0977,to choose,choose,4,H8130,to hate,hated,M06,Malice & Enmity,1,3
Pro 1:29,H0977,to choose,choose,4,H1847,knowledge,knowledge,M15,Knowing & Understanding,2,2
Pro 1:29,H0977,to choose,choose,4,H3374,fear,fear,M01,Fear & Awe,5,1
Pro 1:30,H0014,be willing,would,0,H6098,counsel,counsel,M16,Wisdom & Folly,2,2
Pro 1:30,H0014,be willing,would,0,H5006,to spurn,despised,M30,Rebellion & Stubbornness,3,3
Pro 21:3,H0977,to choose,more acceptable,3,H6666,righteousness,righteousness,M12,Righteousness & Integrity,1,2
Pro 21:3,H0977,to choose,more acceptable,3,H4941H,justice,justice,M12,Righteousness & Integrity,2,1
Pro 22:1,H0977,to choose,chosen,1,H6239,riches,riches,M46,Wealth & Riches,3,2
Pro 22:1,H0977,to choose,chosen,1,H2580,favor,favor,M39,Gift & Favor,4,3
Pro 22:1,H0977,to choose,chosen,1,H2896A,pleasant,better,M18,Desire & Longing,5,4
Pro 24:8,H2803I,to devise: devise,plans,0,H7489A,be evil,evil,M58,Wickedness,1,1
Pro 24:8,H2803I,to devise: devise,plans,0,H7121G,to call: call to,called,M42,Prayer & Petition,2,2
Pro 24:8,H2803I,to devise: devise,plans,0,H4209,plot,schemer,M06,Malice & Enmity,3,3
Pro 27:14,H2803H,to devise: count,counted,6,H1288,to bless,blesses,M80,Blessing,0,6
Pro 27:14,H2803H,to devise: count,counted,6,H7045,curse,cursing,M07,Shame & Confusion,7,1
Pro 30:32,H2161,to plan,devising evil,4,H5034A,be senseless,foolish,M15,Knowing & Understanding,1,3
Pro 3:31,H0977,to choose,choose,5,H7065,be jealous,envy,M18,Desire & Longing,1,4
Pro 3:31,H0977,to choose,choose,5,H2555,violence,violence,M10,Violence & Cruelty,3,2
Pro 3:31,H0977,to choose,choose,5,H1870G,way: conduct,ways,M76,Walk & Conduct,8,3
Pro 6:35,H0014,be willing,refuse,3,H5375Q,to lift: kindness,accept,M50,Grace & Mercy,0,3
Pro 6:35,H0014,be willing,refuse,3,H6440N,face: kindness,accept,M50,Grace & Mercy,0,3
Pro 8:10,H0977,to choose,choice,6,H1847,knowledge,knowledge,M15,Knowing & Understanding,4,2
Pro 8:19,H0977,to choose,choice,7,H2896A,pleasant,better,M18,Desire & Longing,1,6
Pro 8:19,H0977,to choose,choice,7,H6337,pure gold,fine gold,M12,Righteousness & Integrity,4,3
Psa 103:14,H3336,intention,frame,3,H3045,to know,knows,M15,Knowing & Understanding,2,1
Psa 103:14,H3336,intention,frame,3,H2142,to remember,remembers,M81,Memory (act),4,1
Psa 105:43,H0972,chosen,chosen,4,H8342,rejoicing,joy,M04,Joy & Gladness,2,2
Psa 105:43,H0972,chosen,chosen,4,H7440,cry,singing,M42,Prayer & Petition,5,1
Psa 106:23,H0972,chosen,chosen one,4,H8045,to destroy,destroy,M10,Violence & Cruelty,1,3
Psa 106:23,H0972,chosen,chosen one,4,H2534,rage,wrath,M02,Anger & Wrath,10,6
Psa 106:23,H0972,chosen,chosen one,4,H7843,to ruin,destroying them,M55,Destruction & Ruin,12,8
Psa 106:31,H2803H,to devise: count,counted,0,H6666,righteousness,righteousness,M12,Righteousness & Integrity,1,1
Psa 106:5,H0972,chosen,chosen ones,3,H8055,to rejoice,rejoice,M04,Joy & Gladness,5,2
Psa 106:5,H0972,chosen,chosen ones,3,H8057,joy,gladness,M04,Joy & Gladness,6,3
Psa 106:5,H0972,chosen,chosen ones,3,H1984H,to boast: boast,glory,M08,Pride & Arrogance,9,6
Psa 106:5,H0972,chosen,chosen ones,3,H5159,inheritance,inheritance,M46,Wealth & Riches,11,8
Psa 10:2,H2803I,to devise: devise,devised,8,H1346,pride,arrogance,M08,Pride & Arrogance,1,7
Psa 10:2,H2803I,to devise: devise,devised,8,H7563,wicked,wicked,M58,Wickedness,2,6
Psa 10:2,H2803I,to devise: devise,devised,8,H6041,afflicted,poor,M24,Faintness & Despair,4,4
Psa 10:2,H2803I,to devise: devise,devised,8,H4209,plot,schemes,M06,Malice & Enmity,6,2
Psa 119:173,H0977,to choose,chosen,3,H3027H,hand: power,hand,M72,Authority & Dominion,0,3
Psa 119:173,H0977,to choose,chosen,3,H5826,to help,help,M45,Renewal & Transformation,1,2
Psa 119:30,H0977,to choose,chosen,0,H1870G,way: conduct,way,M76,Walk & Conduct,1,1
Psa 119:30,H0977,to choose,chosen,0,H0530,faithfulness,faithfulness,M13,Faith & Faithfulness,2,2
Psa 119:30,H0977,to choose,chosen,0,H4941G,justice: judgement,rules,M12,Righteousness & Integrity,4,4
Psa 132:13,H0977,to choose,chosen,1,H0183,to desire,desired,M18,Desire & Longing,3,2
Psa 140:2,H2803I,to devise: devise,plan,1,H7451I,distress: evil,evil things,M58,Wickedness,2,1
Psa 140:2,H2803I,to devise: devise,plan,1,H3820A,heart,heart,M47,Inner Seat,3,2
Psa 140:2,H2803I,to devise: devise,plan,1,H4421,battle,wars,M10,Violence & Cruelty,5,4
Psa 140:4,H2803I,to devise: devise,planned,10,H8104H,to keep: guard,Guard,M74,Keeping & Guarding,0,10
Psa 140:4,H2803I,to devise: devise,planned,10,H7563,wicked,wicked,M58,Wickedness,4,6
Psa 140:4,H2803I,to devise: devise,planned,10,H5341,to watch,preserve,M74,Keeping & Guarding,5,5
Psa 140:4,H2803I,to devise: devise,planned,10,H2555,violence,violent,M10,Violence & Cruelty,7,3
Psa 140:8,H2162,plan,evil plot,7,H3970,desire,desires,M18,Desire & Longing,3,4
Psa 140:8,H2162,plan,evil plot,7,H7563,wicked,wicked,M58,Wickedness,4,3
Psa 140:8,H2162,plan,evil plot,7,H7311A,to exalt,exalted,M22,Praise & Song,8,1
Psa 17:3,H2161,to plan,purposed,7,H3820A,heart,heart,M47,Inner Seat,1,6
Psa 17:3,H2161,to plan,purposed,7,H0974,to test,tested,M35,Being Tested,4,3
Psa 17:3,H2161,to plan,purposed,7,H5674D,to pass: trespass,transgress,M56,Sin & Guilt,11,4
Psa 21:11,H2803I,to devise: devise,devise,2,H7451I,distress: evil,evil,M58,Wickedness,1,1
Psa 21:11,H2803I,to devise: devise,devise,2,H4209,plot,mischief,M06,Malice & Enmity,3,1
Psa 25:12,H0977,to choose,choose,6,H3373,afraid,fears,M01,Fear & Awe,2,4
Psa 25:12,H0977,to choose,choose,6,H3384B,to show,instruct,M16,Wisdom & Folly,4,2
Psa 25:12,H0977,to choose,choose,6,H1870G,way: conduct,way,M76,Walk & Conduct,5,1
Psa 31:13,H2161,to plan,plot,8,H8085G,to hear: hear,hear,M41,Being Heard,0,8
Psa 31:13,H2161,to plan,plot,8,H1681,slander,whispering,M14,Deceit & Falsehood,1,7
Psa 31:13,H2161,to plan,plot,8,H4032,terror,terror,M01,Fear & Awe,3,5
Psa 31:13,H2161,to plan,plot,8,H5315H,soul: life,life,M47,Inner Seat,10,2
Psa 32:2,H2803H,to devise: count,counts,3,H0835,blessed,Blessed,M80,Blessing,0,3
Psa 32:2,H2803H,to devise: count,counts,3,H5771G,iniquity: crime,iniquity,M56,Sin & Guilt,5,2
Psa 32:2,H2803H,to devise: count,counts,3,H7307G,spirit,spirit,M47,Inner Seat,6,3
Psa 32:2,H2803H,to devise: count,counts,3,H7423A,deceit,deceit,M14,Deceit & Falsehood,8,5
Psa 33:12,H0977,to choose,chosen,6,H0835,blessed,Blessed,M80,Blessing,0,6
Psa 33:12,H0977,to choose,chosen,6,H5159,inheritance,heritage,M46,Wealth & Riches,8,2
Psa 35:20,H2803G,to devise: design,devise,7,H1696G,to speak: speak,speak,M65,Speech & Tongue,2,5
Psa 35:20,H2803G,to devise: design,devise,7,H7965G,peace,peace,M33,Rest & Peace,3,4
Psa 35:20,H2803G,to devise: design,devise,7,H7282,restful,quiet,M33,Rest & Peace,5,2
Psa 35:20,H2803G,to devise: design,devise,7,H1697G,word,words,M65,Speech & Tongue,8,1
Psa 35:20,H2803G,to devise: design,devise,7,H4820,deceit,deceit,M14,Deceit & Falsehood,9,2
Psa 35:4,H2803I,to devise: devise,devise,7,H0954,be ashamed,put to shame,M07,Shame & Confusion,0,7
Psa 35:4,H2803I,to devise: devise,devise,7,H3637,be humiliated,dishonor,M07,Shame & Confusion,1,6
Psa 35:4,H2803I,to devise: devise,devise,7,H1245,to seek,seek,M83,Seeking & Inquiring,2,5
Psa 35:4,H2803I,to devise: devise,devise,7,H5315H,soul: life,life,M47,Inner Seat,3,4
Psa 35:4,H2803I,to devise: devise,devise,7,H2659,be ashamed,disappointed,M07,Shame & Confusion,6,1
Psa 35:4,H2803I,to devise: devise,devise,7,H7451I,distress: evil,evil,M58,Wickedness,8,1
Psa 36:4,H2803I,to devise: devise,plots,0,H0205G,evil: wickedness,trouble,M58,Wickedness,1,1
Psa 36:4,H2803I,to devise: devise,plots,0,H1870G,way: conduct,way,M76,Walk & Conduct,6,6
Psa 36:4,H2803I,to devise: devise,plots,0,H2896A,pleasant,good,M18,Desire & Longing,8,8
Psa 36:4,H2803I,to devise: devise,plots,0,H3988A,to reject,reject,M30,Rebellion & Stubbornness,10,10
Psa 36:4,H2803I,to devise: devise,plots,0,H7451B,bad: evil,evil,M58,Wickedness,11,11
Psa 37:12,H2161,to plan,plots,1,H7563,wicked,wicked,M58,Wickedness,0,1
Psa 37:12,H2161,to plan,plots,1,H6662,righteous,righteous,M12,Righteousness & Integrity,2,1
Psa 40:17,H2803I,to devise: devise,thought,4,H6041,afflicted,poor,M24,Faintness & Despair,1,3
Psa 40:17,H2803I,to devise: devise,thought,4,H0034,needy,needy,M09,Humility & Lowliness,2,2
Psa 41:7,H2803I,to devise: devise,imagine,4,H8130,to hate,hate,M06,Malice & Enmity,1,3
Psa 41:7,H2803I,to devise: devise,imagine,4,H7451C,distress: harm,worst,M24,Faintness & Despair,5,1
Psa 47:4,H0977,to choose,chose,0,H5159,inheritance,heritage,M46,Wealth & Riches,1,1
Psa 47:4,H0977,to choose,chose,0,H1347,pride,pride,M08,Pride & Arrogance,2,2
Psa 47:4,H0977,to choose,chose,0,H0157G,to love: lover,loves,M51,Love & Devotion,4,4
Psa 51:12,H5081G,noble: willing,willing,5,H8342,rejoicing,joy,M04,Joy & Gladness,1,4
Psa 51:12,H5081G,noble: willing,willing,5,H3468,salvation,salvation,M79,Salvation & Ransom,2,3
Psa 51:12,H5081G,noble: willing,willing,5,H5564,to support,uphold,M70,Lifting & Bearing,3,2
Psa 51:12,H5081G,noble: willing,willing,5,H7307G,spirit,spirit,M47,Inner Seat,6,1
Psa 52:2,H2803I,to devise: devise,plots,1,H1942,desire,destruction,M18,Desire & Longing,2,1
Psa 52:2,H2803I,to devise: devise,plots,1,H7423A,deceit,deceit,M14,Deceit & Falsehood,6,5
Psa 65:4,H0977,to choose,choose,1,H0835,blessed,Blessed,M80,Blessing,0,1
Psa 65:4,H0977,to choose,choose,1,H7646,to satisfy,satisfied,M45,Renewal & Transformation,5,4
Psa 65:4,H0977,to choose,choose,1,H6918G,holy,holiness,M61,Purity & Holiness,8,7
Psa 78:67,H0977,to choose,choose,4,H3988A,to reject,rejected,M30,Rebellion & Stubbornness,0,4
Psa 78:68,H0977,to choose,chose,0,H0157G,to love: lover,loves,M51,Love & Devotion,6,6
Psa 81:11,H0014,be willing,submit,6,H8085G,to hear: hear,listen,M41,Being Heard,2,4
Psa 84:10,H0977,to choose,rather,7,H2896A,pleasant,better,M18,Desire & Longing,4,3
Psa 84:10,H0977,to choose,rather,7,H7562,wickedness,wickedness,M58,Wickedness,14,7
Psa 88:4,H2803H,to devise: count,counted,0,H0353,strength,strength,M23,Strength & Courage,7,7
Psa 89:19,H0977,to choose,chosen,10,H1696G,to speak: speak,spoke,M65,Speech & Tongue,1,9
Psa 89:19,H0977,to choose,chosen,10,H2623,pious,godly one,M05,Kindness & Friendship,3,7
Psa 89:19,H0977,to choose,chosen,10,H7311A,to exalt,exalted,M22,Praise & Song,9,1
Psa 89:3,H0972,chosen,chosen one,2,H3772H,to cut: make [covenant],made,M32,Covenant,0,2
Psa 89:3,H0972,chosen,chosen one,2,H1285,covenant,covenant,M32,Covenant,1,1
Rom 1:13,G4388,to plan/present,intended,7,G2309,to will/desire,want,M18,Desire & Longing,1,6
Rom 1:13,G4388,to plan/present,intended,7,G0050,be ignorant,unaware,M63,Reasoning & Interpretation,3,4
Rom 3:25,G4388,to plan/present,put forward,2,G2435,propitiation,propitiation,M79,Salvation & Ransom,3,1
Rom 3:25,G4388,to plan/present,put forward,2,G4102G,faith,faith,M13,Faith & Faithfulness,8,6
Rom 3:25,G4388,to plan/present,put forward,2,G1343,righteousness,righteousness,M12,Righteousness & Integrity,12,10
Rom 3:25,G4388,to plan/present,put forward,2,G0463,tolerance,divine forbearance,M05,Kindness & Friendship,16,14
Rom 3:25,G4388,to plan/present,put forward,2,G0265,sin,sins,M56,Sin & Guilt,19,17
Rom 8:27,G5427,purpose,mind,5,G2588,heart,hearts,M47,Inner Seat,2,3
Rom 8:27,G5427,purpose,mind,5,G6063,to know,knows,M15,Knowing & Understanding,3,2
Rom 8:27,G5427,purpose,mind,5,G4151G,spirit/breath: spirit,Spirit,M47,Inner Seat,6,1
Rom 8:27,G5427,purpose,mind,5,G1793,to call on,intercedes,M42,Prayer & Petition,8,3
Rom 8:27,G5427,purpose,mind,5,G0040H,holy: saint,saints,M61,Purity & Holiness,10,5
Rom 8:28,G4286,purpose,purpose,11,G6063,to know,know,M15,Knowing & Understanding,1,10
Rom 8:28,G4286,purpose,purpose,11,G0025,to love,love,M51,Love & Devotion,2,9
Rom 8:28,G4286,purpose,purpose,11,G0018,good,good,M05,Kindness & Friendship,7,4
Rom 8:28,G4286,purpose,purpose,11,G2822,called,called,M42,Prayer & Petition,9,2
Rom 8:6,G5427,purpose,mind on,1,G4561,flesh,flesh,M47,Inner Seat,2,1
Rom 8:6,G5427,purpose,mind on,1,G2288,death,death,M25,Life & Death,3,2
Rom 8:6,G5427,purpose,mind on,1,G4151G,spirit/breath: spirit,Spirit,M47,Inner Seat,6,5
Rom 8:6,G5427,purpose,mind on,1,G2222,life,life,M25,Life & Death,7,6
Rom 8:6,G5427,purpose,mind on,1,G1515,peace,peace,M33,Rest & Peace,9,8
Rom 8:6,G5427,purpose,mind on,5,G4561,flesh,flesh,M47,Inner Seat,2,3
Rom 8:6,G5427,purpose,mind on,5,G2288,death,death,M25,Life & Death,3,2
Rom 8:6,G5427,purpose,mind on,5,G4151G,spirit/breath: spirit,Spirit,M47,Inner Seat,6,1
Rom 8:6,G5427,purpose,mind on,5,G2222,life,life,M25,Life & Death,7,2
Rom 8:6,G5427,purpose,mind on,5,G1515,peace,peace,M33,Rest & Peace,9,4
Rom 8:7,G5427,purpose,mind,1,G4561,flesh,flesh,M47,Inner Seat,2,1
Rom 8:7,G5427,purpose,mind,1,G2189,hostility,hostile,M06,Malice & Enmity,3,2
Rom 8:7,G5427,purpose,mind,1,G5293,to subject,submit,M23,Strength & Courage,8,7
Rom 8:7,G5427,purpose,mind,1,G3551,law,law,M54,Torah & Obedience,10,9
Rom 9:11,G4286,purpose,purpose,11,G0018,good,good,M05,Kindness & Friendship,6,5
Rom 9:11,G4286,purpose,purpose,11,G2556G,evil/harm: evil,bad,M58,Wickedness,8,3
Rom 9:11,G4286,purpose,purpose,11,G2564G,to call: call,calls,M42,Prayer & Petition,20,9
Rom 9:19,G1013,plan,will,10,G4483,to say: will say,say,M65,Speech & Tongue,0,10
Rom 9:19,G1013,plan,will,10,G0436,to oppose,can resist,M06,Malice & Enmity,8,2
Song 5:15,H0977,to choose,choice,9,H6337,pure gold,gold,M12,Righteousness & Integrity,6,3
Tit 3:8,G1014,to plan,want,3,G3056,word,saying,M65,Speech & Tongue,0,3
Tit 3:8,G1014,to plan,want,3,G4103,faithful,trustworthy,M13,Faith & Faithfulness,1,2
Tit 3:8,G1014,to plan,want,3,G1226,to insist,insist,M15,Knowing & Understanding,5,2
Tit 3:8,G1014,to plan,want,3,G4100,to trust (in),believed,M19,Trust & Refuge,9,6
Tit 3:8,G1014,to plan,want,3,G5431,be careful,careful,M69,Self-Control & Zeal,11,8
Tit 3:8,G1014,to plan,want,3,G2570G,good,good,M05,Kindness & Friendship,13,10
Tit 3:8,G1014,to plan,want,3,G2570G,good,excellent,M05,Kindness & Friendship,17,14
Zec 1:17,H0977,to choose,choose,12,H7121I,to call: call out,Cry,M42,Prayer & Petition,0,12
Zec 1:17,H0977,to choose,choose,12,H6635B,[Lord of] Hosts,hosts,M72,Authority & Dominion,4,8
Zec 1:17,H0977,to choose,choose,12,H2896B,good,prosperity,M05,Kindness & Friendship,8,4
Zec 1:17,H0977,to choose,choose,12,H5162G,to be sorry: comfort,comfort,M45,Renewal & Transformation,10,2
Zec 1:6,H2161,to plan,purposed,14,H1697G,word,words,M65,Speech & Tongue,1,13
Zec 1:6,H2161,to plan,purposed,14,H5030,prophet,prophets,M43,Prophecy & Vision,6,8
Zec 1:6,H2161,to plan,purposed,14,H7725O,to return: repent,repented,M11,Turning & Repentance,10,4
Zec 1:6,H2161,to plan,purposed,14,H6635B,[Lord of] Hosts,hosts,M72,Authority & Dominion,13,1
Zec 1:6,H2161,to plan,purposed,14,H1870G,way: conduct,ways,M76,Walk & Conduct,16,2
Zec 2:12,H0977,to choose,choose,6,H6944G,holiness,holy,M61,Purity & Holiness,4,2
Zec 3:2,H0977,to choose,chosen,8,H5337,to rescue,plucked,M45,Renewal & Transformation,14,6
Zec 7:10,H2803I,to devise: devise,devise,7,H3490,orphan,fatherless,M24,Faintness & Despair,3,4
Zec 7:10,H2803I,to devise: devise,devise,7,H6041,afflicted,poor,M24,Faintness & Despair,5,2
Zec 7:10,H2803I,to devise: devise,devise,7,H7451I,distress: evil,evil,M58,Wickedness,8,1
Zec 7:10,H2803I,to devise: devise,devise,7,H3824,heart,heart,M47,Inner Seat,11,4
Zec 7:3,H5144A,to dedicate,abstain,8,H6635B,[Lord of] Hosts,hosts,M72,Authority & Dominion,5,3
Zec 7:3,H5144A,to dedicate,abstain,8,H5030,prophet,prophets,M43,Prophecy & Vision,6,2
Zec 7:3,H5144A,to dedicate,abstain,8,H1058,to weep,weep,M03,Grief & Lament,7,1
Zec 8:14,H2161,to plan,purposed,6,H6635B,[Lord of] Hosts,hosts,M72,Authority & Dominion,4,2
Zec 8:14,H2161,to plan,purposed,6,H7489A,be evil,bring disaster,M58,Wickedness,7,1
Zec 8:14,H2161,to plan,purposed,6,H7107,be angry,to wrath,M02,Anger & Wrath,9,3
Zec 8:14,H2161,to plan,purposed,6,H5162H,to be sorry: relent,relent,M11,Turning & Repentance,11,5
Zec 8:14,H2161,to plan,purposed,6,H6635B,[Lord of] Hosts,hosts,M72,Authority & Dominion,14,8
Zec 8:15,H2161,to plan,purposed,2,H3190,be good,good,M05,Kindness & Friendship,5,3
Zec 8:15,H2161,to plan,purposed,2,H3372G,to fear,fear,M01,Fear & Awe,9,7
Zec 8:17,H2803I,to devise: devise,devise,1,H7451I,distress: evil,evil,M58,Wickedness,2,1
Zec 8:17,H2803I,to devise: devise,devise,1,H3824,heart,hearts,M47,Inner Seat,3,2
Zec 8:17,H2803I,to devise: devise,devise,1,H0157G,to love: lover,love,M51,Love & Devotion,6,5
Zec 8:17,H2803I,to devise: devise,devise,1,H8267,deception,false,M14,Deceit & Falsehood,8,7
Zec 8:17,H2803I,to devise: devise,devise,1,H8130,to hate,hate,M06,Malice & Enmity,13,12
Zec 8:17,H2803I,to devise: devise,devise,1,H5002,utterance,declares,M43,Prophecy & Vision,14,13
