reference,strong,gloss,surface,form,pattern,pair_strong,pair_gloss,pair_surface,pair_codes,m_than,m_eyes,m_evil,m_do,m_heart_near,m_god_in_verse,text
Tit 3:3,G2237,pleasure,pleasures,noun,"noun (delight, pleasure)",G1939,desire,passions,M18,0,0,0,0,0,0,"For we ourselves were once foolish, disobedient, led astray, slaves to various passions and pleasures, passing our days in malice and envy, hated by others and hating one another."
Psa 36:4,H2896A,pleasant,good,adj,good set beside evil,H1870G,way: conduct,way,M76,0,0,1,0,0,0,He plots trouble while on his bed; he sets himself in a way that is not good; he does not reject evil.
Isa 66:3,H2654A,to delight in,delights,verb,"verb (delight, please, be pleasant)",H8251,abomination,abominations,M58,0,0,0,0,1,0,"“He who slaughters an ox is like one who kills a man; he who sacrifices a lamb, like one who breaks a dog’s neck; he who presents a grain offering, like one who offers pig’s blood; he who makes a memorial offering of frankincense, like one who blesses an idol. These have chosen their own ways, and their soul delights in their abominations;"
Judg 15:2,H2896A,pleasant,more beautiful,adj,"comparison (better/best, than)",H0269,sister,sister,T8,1,0,0,0,0,0,"And her father said, “I really thought that you utterly hated her, so I gave her to your companion. Is not her younger sister more beautiful than she? Please take her instead.”"
2Sa 13:22,H2896A,pleasant,good,adj,good set beside evil,H0550G,Amnon,Amnon,T8,0,0,1,0,0,0,"But Absalom spoke to Amnon neither good nor bad, for Absalom hated Amnon, because he had violated his sister Tamar."
1Ki 22:8,H2896A,pleasant,good,adj,good set beside evil,H5012,to prophesy,prophesies,M43,0,0,1,0,0,1,"And the king of Israel said to Jehoshaphat, “There is yet one man by whom we may inquire of the Lord, Micaiah the son of Imlah, but I hate him, for he never prophesies good concerning me, but evil.” And Jehoshaphat said, “Let not the king say so.”"
Pro 15:26,H5278,pleasantness,gracious,noun,good set beside evil,H3068G,LORD,Lord,T7,0,0,1,0,0,1,"The thoughts of the wicked are an abomination to the Lord, but gracious words are pure."
Pro 20:23,H2896A,pleasant,good,adj,said of something (X is good),H3976,balance,scales,T2,0,0,0,0,0,1,"Unequal weights are an abomination to the Lord, and false scales are not good."
Eze 36:31,H2896A,pleasant,good,adj,said of something (X is good),H4611,deed,deeds,T2,0,0,0,0,0,0,"Then you will remember your evil ways, and your deeds that were not good, and you will loathe yourselves for your iniquities and your abominations."
Deu 11:17,H2896A,pleasant,good,adj,qualifies the next noun (good X),H0776G,land: country/planet,land,T10,0,0,0,0,0,1,"then the anger of the Lord will be kindled against you, and he will shut up the heavens, so that there will be no rain, and the land will yield no fruit, and you will perish quickly off the good land that the Lord is giving you."
Jos 23:16,H2896A,pleasant,good,adj,qualifies the next noun (good X),H0776G,land: country/planet,land,T10,0,0,0,0,0,1,"if you transgress the covenant of the Lord your God, which he commanded you, and go and serve other gods and bow down to them. Then the anger of the Lord will be kindled against you, and you shall perish quickly from off the good land that he has given to you.”"
2Ch 12:12,H2896A,pleasant,good,adj,qualifies the next noun (good X),H3063G,Judah,Judah,T11,0,0,0,0,0,1,"And when he humbled himself the wrath of the Lord turned from him, so as not to make a complete destruction. Moreover, conditions were good in Judah."
Pro 16:32,H2896A,pleasant,better,adj,"comparison (better/best, than)",H0639G,face: anger,anger,M02 T14,1,0,0,0,0,0,"Whoever is slow to anger is better than the mighty, and he who rules his spirit than he who takes a city."
Mic 7:18,H2655,delighting,delights,adj,qualifies the next noun (good X),H2617A,kindness,steadfast love,M50,0,0,0,0,0,0,"Who is a God like you, pardoning iniquity and passing over transgression for the remnant of his inheritance? He does not retain his anger forever, because he delights in steadfast love."
2Ch 7:3,H2896A,pleasant,good,adj,said of something (X is good),H3068G,LORD,Lord,T7,0,0,0,0,0,1,"When all the people of Israel saw the fire come down and the glory of the Lord on the temple, they bowed down with their faces to the ground on the pavement and worshiped and gave thanks to the Lord, saying, “ For he is good, for his steadfast love endures forever.”"
Gen 40:16,H2896A,pleasant,favorable,adj,said of something (X is good),H6622,to interpret,interpretation,M63,0,0,0,0,0,0,"When the chief baker saw that the interpretation was favorable, he said to Joseph, “I also had a dream: there were three cake baskets on my head,"
2Ki 5:12,H2896A,pleasant,better,adj,"comparison (better/best, than)",H1834,Damascus,Damascus,T10,1,0,0,0,0,0,"Are not Abana and Pharpar, the rivers of Damascus, better than all the waters of Israel? Could I not wash in them and be clean?” So he turned and went away in a rage."
Est 5:9,H2896A,pleasant,glad,adj,qualifies the next noun (good X),H3820A,heart,heart,M47,0,0,0,0,1,0,"And Haman went out that day joyful and glad of heart. But when Haman saw Mordecai in the king’s gate, that he neither rose nor trembled before him, he was filled with wrath against Mordecai."
1Sa 20:7,H2896A,pleasant,Good,adj,qualifies the next noun (good X),H7965I,peace: well-being,well,M33,0,0,0,0,0,0,"If he says, ‘ Good!’ it will be well with your servant, but if he is angry, then know that harm is determined by him."
1Ki 14:15,H2896A,pleasant,good,adj,qualifies the next noun (good X),H0127G,land: soil,land,T13,0,0,0,0,0,1,"the Lord will strike Israel as a reed is shaken in the water, and root up Israel out of this good land that he gave to their fathers and scatter them beyond the Euphrates, because they have made their Asherim, provoking the Lord to anger."
Pro 21:19,H2896A,pleasant,better,adj,"comparison (better/best, than)",H3427,to dwell,live,T3,1,0,0,0,0,0,It is better to live in a desert land than with a quarrelsome and fretful woman.
Ecc 7:3,H2896A,pleasant,better,adj,"comparison (better/best, than)",H7814,laughter,laughter,T2,1,0,0,0,0,0,"Sorrow is better than laughter, for by sadness of face the heart is made glad."
Jer 22:15,H2896A,pleasant,well,verb,"verb (delight, please, be pleasant)",H6666,righteousness,righteousness,M12,0,0,0,0,0,0,Do you think you are a king because you compete in cedar? Did not your father eat and drink and do justice and righteousness? Then it was well with him.
2Cor 12:10,G2106,to delight,content,verb,"verb (delight, please, be pleasant)",G0769G,weakness: weak,weaknesses,M73,0,0,0,0,0,0,"For the sake of Christ, then, I am content with weaknesses, insults, hardships, persecutions, and calamities. For when I am weak, then I am strong."
Est 9:22,H2896A,pleasant,holiday,adj,doing good / doing well,H0060,mourning,mourning,M03,0,0,0,1,0,0,"as the days on which the Jews got relief from their enemies, and as the month that had been turned for them from sorrow into gladness and from mourning into a holiday; that they should make them days of feasting and gladness, days for sending gifts of food to one another and gifts to the poor."
Psa 119:143,H8191,delight,delight,noun,"noun (delight, pleasure)",H4687,commandment,commandments,M54,0,0,0,0,0,0,"Trouble and anguish have found me out, but your commandments are my delight."
Ecc 7:26,H2896A,pleasant,pleases,adj,"comparison (better/best, than)",H0430G,God,God,T7,1,0,0,0,0,1,"And I find something more bitter than death: the woman whose heart is snares and nets, and whose hands are fetters. He who pleases God escapes her, but the sinner is taken by her."
Ecc 2:24,H2896A,pleasant,better,adj,"comparison (better/best, than)",H0120G,man,person,T8,1,0,0,0,0,1,"There is nothing better for a person than that he should eat and drink and find enjoyment in his toil. This also, I saw, is from the hand of God,"
Ecc 4:6,H2896A,pleasant,Better,adj,"comparison (better/best, than)",H3709G,palm,handful,T14,1,0,0,0,0,0,Better is a handful of quietness than two hands full of toil and a striving after wind.
Ecc 4:9,H2896A,pleasant,better,adj,"comparison (better/best, than)",H7939,wages,reward,T2,1,0,0,0,0,0,"Two are better than one, because they have a good reward for their toil."
Ecc 4:9,H2896A,pleasant,good,adj,"comparison (better/best, than)",H7939,wages,reward,T2,1,0,0,0,0,0,"Two are better than one, because they have a good reward for their toil."
Ecc 5:18,H2896A,pleasant,good,adj,said of something (X is good),H7200G,to see: see,seen,T3,0,0,0,0,0,1,"Behold, what I have seen to be good and fitting is to eat and drink and find enjoyment in all the toil with which one toils under the sun the few days of his life that God has given him, for this is his lot."
Ecc 8:15,H2896A,pleasant,better,adj,"comparison (better/best, than)",H8478G,underneath: under,under,T2,0,0,0,0,0,1,"And I commend joy, for man has nothing better under the sun but to eat and drink and be joyful, for this will go with him in his toil through the days of his life that God has given him under the sun."
Nah 1:7,H2896A,pleasant,good,adj,qualifies the next noun (good X),H4581,security,stronghold,M19,0,0,0,0,0,1,"The Lord is good, a stronghold in the day of trouble; he knows those who take refuge in him."
2Sa 17:14,H2896A,pleasant,better,adj,"comparison (better/best, than)",H0757,Archite,Archite,T2,1,0,0,0,0,1,"And Absalom and all the men of Israel said, “The counsel of Hushai the Archite is better than the counsel of Ahithophel.” For the Lord had ordained to defeat the good counsel of Ahithophel, so that the Lord might bring harm upon Absalom."
2Sa 17:14,H2896A,pleasant,good,adj,"comparison (better/best, than)",H6098,counsel,counsel,M16,1,0,0,0,0,1,"And Absalom and all the men of Israel said, “The counsel of Hushai the Archite is better than the counsel of Ahithophel.” For the Lord had ordained to defeat the good counsel of Ahithophel, so that the Lord might bring harm upon Absalom."
Psa 40:14,H2655,delighting,delight,adj,good set beside evil,H3637,be humiliated,brought to dishonor,M07,0,0,1,0,0,0,Let those be put to shame and disappointed altogether who seek to snatch away my life; let those be turned back and brought to dishonor who delight in my hurt!
Psa 70:2,H2655,delighting,delight,adj,good set beside evil,H3637,be humiliated,brought to dishonor,M07,0,0,1,0,0,0,Let them be put to shame and confusion who seek my life! Let them be turned back and brought to dishonor who delight in my hurt!
Ecc 8:6,H2656,pleasure,is,noun,"noun (delight, pleasure)",H6256,time,time,T2,0,0,0,0,0,0,"For there is a time and a way for everything, although man’s trouble lies heavy on him."
Jer 44:17,H2896A,pleasant,prospered,adj,good set beside evil,H3899G,food,food,T2,0,0,1,0,0,0,"But we will do everything that we have vowed, make offerings to the queen of heaven and pour out drink offerings to her, as we did, both we and our fathers, our kings and our officials, in the cities of Judah and in the streets of Jerusalem. For then we had plenty of food, and prospered, and saw no disaster."
Lam 3:38,H2896A,pleasant,good,adj,good set beside evil,H7451C,distress: harm,bad,M24,0,0,1,0,0,0,Is it not from the mouth of the Most High that good and bad come?
Pro 15:30,H2896A,pleasant,good,adj,"judged good by someone (eyes, seems, suits)",H8052,tidings,news,M82,0,1,0,0,1,0,"The light of the eyes rejoices the heart, and good news refreshes the bones."
1Sa 16:12,H2896A,pleasant,handsome,adj,"judged good by someone (eyes, seems, suits)",H3068G,LORD,Lord,T7,0,1,0,0,0,1,"And he sent and brought him in. Now he was ruddy and had beautiful eyes and was handsome. And the Lord said, “ Arise, anoint him, for this is he.”"
1Sa 26:16,H2896A,pleasant,good,adj,qualifies the next noun (good X),H3068G,LORD,Lord,T7,0,0,0,0,0,1,"This thing that you have done is not good. As the Lord lives, you deserve to die, because you have not kept watch over your lord, the Lord’s anointed. And now see where the king’s spear is and the jar of water that was at his head.”"
2Ki 20:13,H2896A,pleasant,precious,noun,"noun (delight, pleasure)",H1314,spice,spices,T12,0,0,0,0,0,0,"And Hezekiah welcomed them, and he showed them all his treasure house, the silver, the gold, the spices, the precious oil, his armory, all that was found in his storehouses. There was nothing in his house or in all his realm that Hezekiah did not show them."
Psa 133:2,H2896A,pleasant,precious,noun,"noun (delight, pleasure)",H8081,oil,oil,T12,0,0,0,0,0,0,"It is like the precious oil on the head, running down on the beard, on the beard of Aaron, running down on the collar of his robes!"
Ecc 7:1,H2896A,pleasant,good,adj,"comparison (better/best, than)",H8034,name,name,FLAG T2,1,0,0,0,0,0,"A good name is better than precious ointment, and the day of death than the day of birth."
Ecc 7:1,H2896A,pleasant,better,adj,"comparison (better/best, than)",H8081,oil,precious ointment,T12,1,0,0,0,0,0,"A good name is better than precious ointment, and the day of death than the day of birth."
Song 1:3,H2896A,pleasant,anointing,adj,qualifies the next noun (good X),H8081,oil,oils,T12,0,0,0,0,0,0,your anointing oils are fragrant; your name is oil poured out; therefore virgins love you.
Song 4:10,H2895,be pleasing,much,verb,"verb (delight, please, be pleasant)",H1730H,beloved: love,love,T2,1,0,0,0,0,0,"How beautiful is your love, my sister, my bride! How much better is your love than wine, and the fragrance of your oils than any spice!"
Isa 39:2,H2896A,pleasant,precious,noun,"noun (delight, pleasure)",H1314,spice,spices,T12,0,0,0,0,0,0,"And Hezekiah welcomed them gladly. And he showed them his treasure house, the silver, the gold, the spices, the precious oil, his whole armory, all that was found in his storehouses. There was nothing in his house or in all his realm that Hezekiah did not show them."
Luk 8:14,G2237,pleasure,pleasures,noun,"noun (delight, pleasure)",G4149,riches,riches,M46,0,0,0,0,0,0,"And as for what fell among the thorns, they are those who hear, but as they go on their way they are choked by the cares and riches and pleasures of life, and their fruit does not mature."
Pro 12:25,H2896A,pleasant,good,adj,qualifies the next noun (good X),H1697G,word,word,M65,0,0,0,0,1,0,"Anxiety in a man’s heart weighs him down, but a good word makes him glad."
Psa 94:19,H8173B,to delight,cheer,verb,"verb (delight, please, be pleasant)",H5315G,soul,soul,M47,0,0,0,0,1,0,"When the cares of my heart are many, your consolations cheer my soul."
Deu 5:33,H2895,be pleasing,go well,verb,"verb (delight, please, be pleasant)",H0748,to prolong,long,M25,0,0,0,0,0,1,"You shall walk in all the way that the Lord your God has commanded you, that you may live, and that it may go well with you, and that you may live long in the land that you shall possess."
Psa 119:77,H8191,delight,delight,noun,"noun (delight, pleasure)",H8451,instruction,law,M54,0,0,0,0,0,0,"Let your mercy come to me, that I may live; for your law is my delight."
Ecc 6:3,H2896A,pleasant,better off,adj,"comparison (better/best, than)",H5309,miscarriage,stillborn child,T2,1,0,0,0,0,0,"If a man fathers a hundred children and lives many years, so that the days of his years are many, but his soul is not satisfied with life’s good things, and he also has no burial, I say that a stillborn child is better off than he."
Eze 18:23,H2654A,to delight in,any,verb,"verb (delight, please, be pleasant)",H2654A,to delight in,pleasure,M18,0,0,0,0,0,1,"Have I any pleasure in the death of the wicked, declares the Lord God, and not rather that he should turn from his way and live?"
Eze 18:23,H2654A,to delight in,pleasure,verb,"verb (delight, please, be pleasant)",H4194,death,death,M25 T10,0,0,0,0,0,1,"Have I any pleasure in the death of the wicked, declares the Lord God, and not rather that he should turn from his way and live?"
Eze 18:32,H2654A,to delight in,pleasure,verb,"verb (delight, please, be pleasant)",H4194,death,death,M25 T10,0,0,0,0,0,1,"For I have no pleasure in the death of anyone, declares the Lord God; so turn, and live.”"
Eze 20:25,H2896A,pleasant,good,adj,qualifies the next noun (good X),H4941G,justice: judgement,rules,FLAG M12,0,0,0,0,0,0,"Moreover, I gave them statutes that were not good and rules by which they could not have life,"
Eze 33:11,H2654A,to delight in,pleasure,verb,"verb (delight, please, be pleasant)",H4194,death,death,M25 T10,0,0,0,0,0,1,"Say to them, As I live, declares the Lord God, I have no pleasure in the death of the wicked, but that the wicked turn from his way and live; turn back, turn back from your evil ways, for why will you die, O house of Israel?"
Deu 21:14,H2654A,to delight in,delight,verb,"verb (delight, please, be pleasant)",H7971H,to send: let go,her go,T3,0,0,0,0,1,0,"But if you no longer delight in her, you shall let her go where she wants. But you shall not sell her for money, nor shall you treat her as a slave, since you have humiliated her."
Ecc 6:9,H2896A,pleasant,Better,adj,"comparison (better/best, than)",H4758,appearance,sight,T2,1,1,0,0,0,0,Better is the sight of the eyes than the wandering of the appetite: this also is vanity and a striving after wind.
Isa 55:2,H6026,to delight,delight,verb,"verb (delight, please, be pleasant)",H5315L,soul: appetite,yourselves,M47,0,0,0,0,1,0,"Why do you spend your money for that which is not bread, and your labor for that which does not satisfy? Listen diligently to me, and eat what is good, and delight yourselves in rich food."
Gen 26:7,H2896A,pleasant,attractive,adj,qualifies the next noun (good X),H4758,appearance,appearance,T2,0,0,0,0,0,0,"When the men of the place asked him about his wife, he said, “She is my sister,” for he feared to say, “My wife,” thinking, “lest the men of the place should kill me because of Rebekah,” because she was attractive in appearance."
2Sa 13:28,H2895,be pleasing,merry,verb,"verb (delight, please, be pleasant)",H3196,wine,wine,T2,0,0,0,0,1,0,"Then Absalom commanded his servants, “ Mark when Amnon’s heart is merry with wine, and when I say to you, ‘ Strike Amnon,’ then kill him. Do not fear; have I not commanded you? Be courageous and be valiant.”"
Neh 1:11,H2655,delighting,delight,adj,said of something (X is good),H5650,servant/slave,servants,T8,0,0,0,0,0,1,"O Lord, let your ear be attentive to the prayer of your servant, and to the prayer of your servants who delight to fear your name, and give success to your servant today, and grant him mercy in the sight of this man.” Now I was cupbearer to the king."
Ecc 8:12,H2896A,pleasant,well,adj,said of something (X is good),H1961,to be,be,T2,0,0,0,0,0,1,"Though a sinner does evil a hundred times and prolongs his life, yet I know that it will be well with those who fear God, because they fear before him."
Est 8:17,H2896A,pleasant,holiday,adj,said of something (X is good),H4960,feast,feast,T2,0,0,0,0,0,0,"And in every province and in every city, wherever the king’s command and his edict reached, there was gladness and joy among the Jews, a feast and a holiday. And many from the peoples of the country declared themselves Jews, for fear of the Jews had fallen on them."
Mat 3:17,G2106,to delight,well pleased,verb,"verb (delight, please, be pleasant)",G5207,son,Son,T2,0,0,0,0,0,0,"and behold, a voice from heaven said, “ This is my beloved Son, with whom I am well pleased.”"
Mat 17:5,G2106,to delight,well pleased,verb,"verb (delight, please, be pleasant)",G0191,to hear,listen,T3,0,0,0,0,0,0,"He was still speaking when, behold, a bright cloud overshadowed them, and a voice from the cloud said, “ This is my beloved Son, with whom I am well pleased; listen to him.”"
Heb 10:8,G2106,to delight,pleasure,verb,"verb (delight, please, be pleasant)",G2378,sacrifice,sacrifices,T2,0,0,0,0,0,0,"When he said above, “You have neither desired nor taken pleasure in sacrifices and offerings and burnt offerings and sin offerings ” ( these are offered according to the law ),"
Psa 35:27,H2655,delighting,delight,adj,qualifies the next noun (good X),H6664G,righteousness,righteousness,M12,0,0,0,0,0,1,"Let those who delight in my righteousness shout for joy and be glad and say evermore, “ Great is the Lord, who delights in the welfare of his servant!”"
Psa 35:27,H2655,delighting,delights,adj,qualifies the next noun (good X),H7965I,peace: well-being,welfare,M33,0,0,0,0,0,1,"Let those who delight in my righteousness shout for joy and be glad and say evermore, “ Great is the Lord, who delights in the welfare of his servant!”"
Isa 42:21,H2654A,to delight in,pleased,verb,"verb (delight, please, be pleasant)",H6664G,righteousness,righteousness,M12,0,0,0,0,0,1,"The Lord was pleased, for his righteousness ’ sake, to magnify his law and make it glorious."
Gen 24:50,H2896A,pleasant,good,adj,good set beside evil,H7451A,bad: harmful,bad,M58,0,0,1,0,0,1,"Then Laban and Bethuel answered and said, “The thing has come from the Lord; we cannot speak to you bad or good."
Gen 31:24,H2896A,pleasant,good,adj,good set beside evil,H3290,Jacob,Jacob,T8,0,0,1,0,0,1,"But God came to Laban the Aramean in a dream by night and said to him, “Be careful not to say anything to Jacob, either good or bad.”"
Gen 31:29,H2896A,pleasant,good,adj,good set beside evil,H3290,Jacob,Jacob,T8,0,0,1,0,0,1,"It is in my power to do you harm. But the God of your father spoke to me last night, saying, ‘Be careful not to say anything to Jacob, either good or bad.’"
Exo 14:12,H2896A,pleasant,better,adj,"comparison (better/best, than)",H4713,Egyptian,Egyptians,T10,1,0,0,0,0,0,Is not this what we said to you in Egypt: ‘Leave us alone that we may serve the Egyptians ’? For it would have been better for us to serve the Egyptians than to die in the wilderness.”
Deu 1:14,H2896A,pleasant,good,adj,doing good / doing well,H1696G,to speak: speak,spoken,M65,0,0,0,1,0,0,"And you answered me, ‘The thing that you have spoken is good for us to do.’"
Deu 25:8,H2654A,to delight in,wish,verb,"verb (delight, please, be pleasant)",H3947I,to take: marry,take,T3,0,0,0,0,0,0,"Then the elders of his city shall call him and speak to him, and if he persists, saying, ‘I do not wish to take her,’"
Judg 9:2,H2896A,pleasant,better,adj,"comparison (better/best, than)",H7657,seventy,seventy,T2,0,0,0,0,0,0,"“ Say in the ears of all the leaders of Shechem, ‘Which is better for you, that all seventy of the sons of Jerubbaal rule over you, or that one rule over you?’ Remember also that I am your bone and your flesh.”"
1Sa 18:22,H2654A,to delight in,delight,verb,"verb (delight, please, be pleasant)",H3605,all,all,T2,0,0,0,0,0,0,"And Saul commanded his servants, “Speak to David in private and say, ‘ Behold, the king has delight in you, and all his servants love you. Now then become the king’s son-in-law.’”"
1Sa 19:1,H2654A,to delight in,delighted,verb,"verb (delight, please, be pleasant)",H1732,David,David,T8,0,0,0,0,0,0,"And Saul spoke to Jonathan his son and to all his servants, that they should kill David. But Jonathan, Saul’s son, delighted much in David."
1Sa 19:4,H2896A,pleasant,well,adj,qualifies the next noun (good X),H1732,David,David,T8,0,0,0,0,0,0,"And Jonathan spoke well of David to Saul his father and said to him, “Let not the king sin against his servant David, because he has not sinned against you, and because his deeds have brought good to you."
1Sa 19:4,H2896A,pleasant,good,adj,said of something (X is good),H4639K,deed,deeds,T2,0,0,0,0,0,0,"And Jonathan spoke well of David to Saul his father and said to him, “Let not the king sin against his servant David, because he has not sinned against you, and because his deeds have brought good to you."
2Sa 3:19,H2895,be pleasing,good,verb,"judged good by someone (eyes, seems, suits)",H5869I,eye: appearance,thought,T14,0,1,0,0,0,0,Abner also spoke to Benjamin. And then Abner went to tell David at Hebron all that Israel and the whole house of Benjamin thought good to do.
1Ki 2:18,H2896A,pleasant,well,adj,said of something (X is good),H0559,to say,said,T3,0,0,0,0,0,0,"Bathsheba said, “Very well; I will speak for you to the king.”"
1Ki 2:38,H2896A,pleasant,good,adj,qualifies the next noun (good X),H0113,lord,lord,T7 T8,0,0,0,0,0,0,"And Shimei said to the king, “ What you say is good; as my lord the king has said, so will your servant do.” So Shimei lived in Jerusalem many days."
1Ki 12:7,H2896A,pleasant,good,adj,qualifies the next noun (good X),H1697G,word,words,M65,0,0,0,0,0,0,"And they said to him, “ If you will be a servant to this people today and serve them, and speak good words to them when you answer them, then they will be your servants forever.”"
1Ki 21:2,H2896A,pleasant,better,adj,"comparison (better/best, than)",H3754,vineyard,vineyard,T2,0,0,0,0,0,0,"And after this Ahab said to Naboth, “ Give me your vineyard, that I may have it for a vegetable garden, because it is near my house, and I will give you a better vineyard for it; or, if it seems good to you, I will give you its value in money.”"
1Ki 21:2,H2896A,pleasant,good,verb,"judged good by someone (eyes, seems, suits)",H5869I,eye: appearance,you,T14,0,1,0,0,0,0,"And after this Ahab said to Naboth, “ Give me your vineyard, that I may have it for a vegetable garden, because it is near my house, and I will give you a better vineyard for it; or, if it seems good to you, I will give you its value in money.”"
1Ki 21:6,H2655,delighting,please,adj,said of something (X is good),H3701G,silver: money,money,T12,0,0,0,0,0,0,"And he said to her, “ Because I spoke to Naboth the Jezreelite and said to him, ‘ Give me your vineyard for money, or else, if it please you, I will give you another vineyard for it.’ And he answered, ‘I will not give you my vineyard.’”"
1Ki 22:13,H2896A,pleasant,favorable,adj,said of something (X is good),H6310K,lip: according,accord,T14,0,0,0,0,0,0,"And the messenger who went to summon Micaiah said to him, “ Behold, the words of the prophets with one accord are favorable to the king. Let your word be like the word of one of them, and speak favorably.”"
1Ki 22:13,H2896A,pleasant,favorably,adj,said of something (X is good),H1696G,to speak: speak,speak,M65,0,0,0,0,0,0,"And the messenger who went to summon Micaiah said to him, “ Behold, the words of the prophets with one accord are favorable to the king. Let your word be like the word of one of them, and speak favorably.”"
2Ki 20:19,H2896A,pleasant,good,adj,said of something (X is good),H1696G,to speak: speak,spoken,M65,0,0,0,0,0,1,"Then Hezekiah said to Isaiah, “The word of the Lord that you have spoken is good.” For he thought, “Why not, if there will be peace and security in my days?”"
2Ch 10:7,H2896A,pleasant,good,adj,said of something (X is good),H1961,to be,be,T2,0,0,0,0,0,0,"And they said to him, “ If you will be good to this people and please them and speak good words to them, then they will be your servants forever.”"
2Ch 10:7,H2896A,pleasant,good,adj,qualifies the next noun (good X),H1697G,word,words,M65,0,0,0,0,0,0,"And they said to him, “ If you will be good to this people and please them and speak good words to them, then they will be your servants forever.”"
2Ch 18:12,H2896A,pleasant,favorable,adj,said of something (X is good),H6310K,lip: according,accord,T14,0,0,0,0,0,0,"And the messenger who went to summon Micaiah said to him, “ Behold, the words of the prophets with one accord are favorable to the king. Let your word be like the word of one of them, and speak favorably.”"
2Ch 18:12,H2896A,pleasant,favorably,adj,said of something (X is good),H1696G,to speak: speak,speak,M65,0,0,0,0,0,0,"And the messenger who went to summon Micaiah said to him, “ Behold, the words of the prophets with one accord are favorable to the king. Let your word be like the word of one of them, and speak favorably.”"
2Ch 30:22,H2896A,pleasant,good,adj,qualifies the next noun (good X),H7922,understanding,skill,M15,0,0,0,0,0,1,"And Hezekiah spoke encouragingly to all the Levites who showed good skill in the service of the Lord. So they ate the food of the festival for seven days, sacrificing peace offerings and giving thanks to the Lord, the God of their fathers."
Neh 9:13,H2896A,pleasant,good,adj,qualifies the next noun (good X),H2706G,statute: decree,statutes,T2,0,0,0,0,0,0,"You came down on Mount Sinai and spoke with them from heaven and gave them right rules and true laws, good statutes and commandments,"
Est 7:9,H2896A,pleasant,word,adj,qualifies the next noun (good X),H4428G,king,king,M72,0,0,0,0,0,0,"Then Harbona, one of the eunuchs in attendance on the king, said, “ Moreover, the gallows that Haman has prepared for Mordecai, whose word saved the king, is standing at Haman’s house, fifty cubits high.”"
Job 13:3,H2654A,to delight in,desire,verb,"verb (delight, please, be pleasant)",H3198,to rebuke,argue my case,T3,0,0,0,0,0,0,"But I would speak to the Almighty, and I desire to argue my case with God."
Job 33:32,H2654A,to delight in,desire,verb,"verb (delight, please, be pleasant)",H6663,to justify,justify,M26,0,0,0,0,0,0,"If you have any words, answer me; speak, for I desire to justify you."
Isa 39:8,H2896A,pleasant,good,adj,said of something (X is good),H1696G,to speak: speak,spoken,M65,0,0,0,0,0,1,"Then Hezekiah said to Isaiah, “The word of the Lord that you have spoken is good.” For he thought, “There will be peace and security in my days.”"
Isa 58:13,H2656,pleasure,pleasure,noun,doing good / doing well,H6213A,to make: do,doing,T3,0,0,0,1,0,1,"“ If you turn back your foot from the Sabbath, from doing your pleasure on my holy day, and call the Sabbath a delight and the holy day of the Lord honorable; if you honor it, not going your own ways, or seeking your own pleasure, or talking idly;"
Isa 58:13,H6027,delight,delight,noun,"noun (delight, pleasure)",H7676,Sabbath,Sabbath,T2,0,0,0,0,0,1,"“ If you turn back your foot from the Sabbath, from doing your pleasure on my holy day, and call the Sabbath a delight and the holy day of the Lord honorable; if you honor it, not going your own ways, or seeking your own pleasure, or talking idly;"
Isa 58:13,H2656,pleasure,pleasure,noun,"noun (delight, pleasure)",H4672,to find,seeking,T3,0,0,0,0,0,1,"“ If you turn back your foot from the Sabbath, from doing your pleasure on my holy day, and call the Sabbath a delight and the holy day of the Lord honorable; if you honor it, not going your own ways, or seeking your own pleasure, or talking idly;"
Isa 58:14,H6026,to delight,delight,verb,"verb (delight, please, be pleasant)",H3068G,LORD,Lord,T7,0,0,0,0,0,1,"then you shall take delight in the Lord, and I will make you ride on the heights of the earth; I will feed you with the heritage of Jacob your father, for the mouth of the Lord has spoken.”"
Isa 65:12,H2654A,to delight in,delight in,verb,"verb (delight, please, be pleasant)",H0977,to choose,chose,M64,0,0,0,0,0,0,"I will destine you to the sword, and all of you shall bow down to the slaughter, because, when I called, you did not answer; when I spoke, you did not listen, but you did what was evil in my eyes and chose what I did not delight in.”"
Isa 66:4,H2654A,to delight in,delight,verb,"verb (delight, please, be pleasant)",H0977,to choose,chose,M64,0,0,0,0,0,0,"I also will choose harsh treatment for them and bring their fears upon them, because when I called, no one answered, when I spoke, they did not listen; but they did what was evil in my eyes and chose that in which I did not delight.”"
Jer 6:10,H2654A,to delight in,pleasure,verb,"verb (delight, please, be pleasant)",H2781,reproach,scorn,M07,0,0,0,0,0,1,"To whom shall I speak and give warning, that they may hear? Behold, their ears are uncircumcised, they cannot listen; behold, the word of the Lord is to them an object of scorn; they take no pleasure in it."
Jer 31:20,H8191,delight,darling,noun,"noun (delight, pleasure)",H1121A,son: child,son,T2,0,0,0,0,0,1,"Is Ephraim my dear son? Is he my darling child? For as often as I speak against him, I do remember him still. Therefore my heart yearns for him; I will surely have mercy on him, declares the Lord."
Zec 1:13,H2896A,pleasant,gracious,adj,qualifies the next noun (good X),H5150,comfort,comforting,M45,0,0,0,0,0,1,And the Lord answered gracious and comforting words to the angel who talked with me.
2Ch 5:13,H2896A,pleasant,good,adj,said of something (X is good),H3068G,LORD,Lord,T7,0,0,0,0,0,1,"and it was the duty of the trumpeters and singers to make themselves heard in unison in praise and thanksgiving to the Lord ), and when the song was raised, with trumpets and cymbals and other musical instruments, in praise to the Lord, “ For he is good, for his steadfast love endures forever,” the house, the house of the Lord, was filled with a cloud,"
Ezr 3:11,H2896A,pleasant,good,adj,qualifies the next noun (good X),H2617A,kindness,steadfast love,M50,0,0,0,0,0,1,"And they sang responsively, praising and giving thanks to the Lord, “ For he is good, for his steadfast love endures forever toward Israel.” And all the people shouted with a great shout when they praised the Lord, because the foundation of the house of the Lord was laid."
Psa 106:1,H2896A,pleasant,good,verb,"verb (delight, please, be pleasant)",H2617A,kindness,steadfast love,M50,0,0,0,0,0,1,"Praise the Lord! Oh give thanks to the Lord, for he is good, for his steadfast love endures forever!"
Psa 112:1,H2654A,to delight in,delights,verb,"verb (delight, please, be pleasant)",H4687,commandment,commandments,M54,0,0,0,0,0,1,"Praise the Lord! Blessed is the man who fears the Lord, who greatly delights in his commandments!"
Psa 135:3,H2896A,pleasant,good,adj,said of something (X is good),H3068G,LORD,Lord,T7,0,0,0,0,0,1,"Praise the Lord, for the Lord is good; sing to his name, for it is pleasant!"
Psa 135:3,H5273A,pleasant,pleasant,adj,said of something (X is good),H8034,name,name,FLAG T2,0,0,0,0,0,1,"Praise the Lord, for the Lord is good; sing to his name, for it is pleasant!"
Psa 147:1,H2896A,pleasant,good,adj,said of something (X is good),H3050,LORD,Lord,T2,0,0,0,0,0,1,"Praise the Lord! For it is good to sing praises to our God; for it is pleasant, and a song of praise is fitting."
Psa 147:1,H5273A,pleasant,pleasant,adj,qualifies the next noun (good X),H8416,praise,praise,M22,0,0,0,0,0,1,"Praise the Lord! For it is good to sing praises to our God; for it is pleasant, and a song of praise is fitting."
Jer 9:24,H2654A,to delight in,delight,verb,"verb (delight, please, be pleasant)",H5002,utterance,declares,M43,0,0,0,0,0,1,"but let him who boasts boast in this, that he understands and knows me, that I am the Lord who practices steadfast love, justice, and righteousness in the earth. For in these things I delight, declares the Lord.”"
Gen 34:19,H2654A,to delight in,delighted,verb,"verb (delight, please, be pleasant)",H3290,Jacob,Jacob’s,T8,0,0,0,0,0,0,"And the young man did not delay to do the thing, because he delighted in Jacob’s daughter. Now he was the most honored of all his father’s house."
Pro 12:9,H2896A,pleasant,Better,adj,"comparison (better/best, than)",H7034,to dishonor,lowly,M07,1,0,0,0,0,0,Better to be lowly and have a servant than to play the great man and lack bread.
Pro 25:27,H2896A,pleasant,good,adj,qualifies the next noun (good X),H0398,to eat,eat,T3,0,0,0,0,0,0,"It is not good to eat much honey, nor is it glorious to seek one’s own glory."
Ecc 9:18,H2896A,pleasant,better,adj,"comparison (better/best, than)",H3627,article/utensil,weapons,T12,1,0,0,0,0,0,"Wisdom is better than weapons of war, but one sinner destroys much good."
2Cor 5:8,G2106,to delight,we would,verb,"verb (delight, please, be pleasant)",G1553,be away,away,T2,0,0,0,0,0,0,"Yes, we are of good courage, and we would rather be away from the body and at home with the Lord."
Judg 16:25,H2895,be pleasing,merry,verb,"verb (delight, please, be pleasant)",H0559,to say,said,T3,0,0,0,0,1,0,"And when their hearts were merry, they said, “ Call Samson, that he may entertain us.” So they called Samson out of the prison, and he entertained them. They made him stand between the pillars."
Gen 49:15,H2896A,pleasant,good,verb,"verb (delight, please, be pleasant)",H0776G,land: country/planet,land,T10,0,0,0,0,0,0,"He saw that a resting place was good, and that the land was pleasant, so he bowed his shoulder to bear, and became a servant at forced labor."
Gen 49:15,H5276,be pleasant,pleasant,verb,"verb (delight, please, be pleasant)",H5186,to stretch,bowed,T3,0,0,0,0,0,0,"He saw that a resting place was good, and that the land was pleasant, so he bowed his shoulder to bear, and became a servant at forced labor."
1Sa 8:14,H2896A,pleasant,best,adj,"comparison (better/best, than)",H7704G,land: country,fields,T10,0,0,0,0,0,0,He will take the best of your fields and vineyards and olive orchards and give them to his servants.
1Sa 8:16,H2896A,pleasant,best,adj,"comparison (better/best, than)",H0970,youth,young men,T2,0,0,0,0,0,0,"He will take your male servants and female servants and the best of your young men and your donkeys, and put them to his work."
1Sa 16:16,H2896A,pleasant,well,adj,said of something (X is good),H5059,to play,play,T3,0,0,0,0,0,1,"Let our lord now command your servants who are before you to seek out a man who is skillful in playing the lyre, and when the harmful spirit from God is upon you, he will play it, and you will be well.”"
1Sa 25:8,H2896A,pleasant,feast,adj,"judged good by someone (eyes, seems, suits)",H3117G,day,day,T2,0,1,0,0,0,0,"Ask your young men, and they will tell you. Therefore let my young men find favor in your eyes, for we come on a feast day. Please give whatever you have at hand to your servants and to your son David.’”"
2Sa 19:27,H2896A,pleasant,good,adj,"judged good by someone (eyes, seems, suits)",H5869I,eye: appearance,you,T14,0,1,0,1,0,1,He has slandered your servant to my lord the king. But my lord the king is like the angel of God; do therefore what seems good to you.
2Sa 19:37,H2895,be pleasing,good,verb,"judged good by someone (eyes, seems, suits)",H5869I,eye: appearance,you,T14,0,1,0,0,0,0,"Please let your servant return, that I may die in my own city near the grave of my father and my mother. But here is your servant Chimham. Let him go over with my lord the king, and do for him whatever seems good to you.”"
1Ki 5:9,H2656,pleasure,wishes,noun,doing good / doing well,H6213A,to make: do,meet,T3,0,0,0,1,0,0,"My servants shall bring it down to the sea from Lebanon, and I will make it into rafts to go by sea to the place you direct. And I will have them broken up there, and you shall receive it. And you shall meet my wishes by providing food for my household.”"
1Ki 8:36,H2896A,pleasant,good,adj,qualifies the next noun (good X),H1870G,way: conduct,way,M76,0,0,0,0,0,0,"then hear in heaven and forgive the sin of your servants, your people Israel, when you teach them the good way in which they should walk, and grant rain upon your land, which you have given to your people as an inheritance."
1Ki 8:56,H2896A,pleasant,good,adj,said of something (X is good),H5307L,to fall: fail,failed,T3,0,0,0,0,0,1,"“ Blessed be the Lord who has given rest to his people Israel, according to all that he promised. Not one word has failed of all his good promise, which he spoke by Moses his servant."
1Ki 8:66,H2896A,pleasant,glad,adj,qualifies the next noun (good X),H3820A,heart,heart,M47,0,0,0,0,1,1,"On the eighth day he sent the people away, and they blessed the king and went to their homes joyful and glad of heart for all the goodness that the Lord had shown to David his servant and to Israel his people."
1Ki 10:13,H2656,pleasure,desired,noun,"noun (delight, pleasure)",H3605,all,all,T2,0,0,0,0,0,0,"And King Solomon gave to the queen of Sheba all that she desired, whatever she asked besides what was given her by the bounty of King Solomon. So she turned and went back to her own land with her servants."
2Ki 10:5,H2896A,pleasant,good,adj,"judged good by someone (eyes, seems, suits)",H5869I,eye: appearance,eyes,T14,0,1,0,1,0,0,"So he who was over the palace, and he who was over the city, together with the elders and the guardians, sent to Jehu, saying, “We are your servants, and we will do all that you tell us. We will not make anyone king. Do whatever is good in your eyes.”"
2Ch 6:27,H2896A,pleasant,good,adj,qualifies the next noun (good X),H1870G,way: conduct,way,M76,0,0,0,0,0,0,"then hear in heaven and forgive the sin of your servants, your people Israel, when you teach them the good way in which they should walk, and grant rain upon your land, which you have given to your people as an inheritance."
2Ch 9:12,H2656,pleasure,desired,noun,"noun (delight, pleasure)",H3605,all,all,T2,0,0,0,0,0,0,"And King Solomon gave to the queen of Sheba all that she desired, whatever she asked besides what she had brought to the king. So she turned and went back to her own land with her servants."
Neh 2:5,H2896A,pleasant,pleases,adj,said of something (X is good),H4428G,king,king,M72,0,0,0,0,0,0,"And I said to the king, “ If it pleases the king, and if your servant has found favor in your sight, that you send me to Judah, to the city of my fathers ’ graves, that I may rebuild it.”"
2Pe 1:17,G2106,to delight,pleased,verb,"verb (delight, please, be pleasant)",G5207,son,Son,T2,0,0,0,0,0,1,"For when he received honor and glory from God the Father, and the voice was borne to him by the Majestic Glory, “ This is my beloved Son, with whom I am well pleased,”"
Jos 23:13,H2896A,pleasant,good,adj,"judged good by someone (eyes, seems, suits)",H0127G,land: soil,ground,T13,0,1,0,0,0,1,"know for certain that the Lord your God will no longer drive out these nations before you, but they shall be a snare and a trap for you, a whip on your sides and thorns in your eyes, until you perish from off this good ground that the Lord your God has given you."
Est 3:9,H2896A,pleasant,please,adj,qualifies the next noun (good X),H4428G,king,king,M72,0,0,0,0,0,0,"If it please the king, let it be decreed that they be destroyed, and I will pay 10,000 talents of silver into the hands of those who have charge of the king’s business, that they may put it into the king’s treasuries.”"
Est 8:5,H2896A,pleasant,please,adj,qualifies the next noun (good X),H4428G,king,king,M72,0,0,0,0,0,0,"And she said, “ If it please the king, and if I have found favor in his sight, and if the thing seems right before the king, and I am pleasing in his eyes, let an order be written to revoke the letters devised by Haman the Agagite, the son of Hammedatha, which he wrote to destroy the Jews who are in all the provinces of the king."
Est 8:5,H2896A,pleasant,pleasing,adj,"judged good by someone (eyes, seems, suits)",H5869I,eye: appearance,eyes,T14,0,1,0,0,0,0,"And she said, “ If it please the king, and if I have found favor in his sight, and if the thing seems right before the king, and I am pleasing in his eyes, let an order be written to revoke the letters devised by Haman the Agagite, the son of Hammedatha, which he wrote to destroy the Jews who are in all the provinces of the king."
Psa 119:92,H8191,delight,delight,noun,"noun (delight, pleasure)",H8451,instruction,law,M54,0,0,0,0,0,0,"If your law had not been my delight, I would have perished in my affliction."
Jon 1:14,H2654A,to delight in,pleased,verb,doing good / doing well,H6213A,to make: do,done,T3,0,0,0,1,0,1,"Therefore they called out to the Lord, “O Lord, let us not perish for this man’s life, and lay not on us innocent blood, for you, O Lord, have done as it pleased you.”"
Zec 11:10,H5278,pleasantness,Favor,noun,"noun (delight, pleasure)",H4731,rod,staff,T12,0,0,0,0,0,0,"And I took my staff Favor, and I broke it, annulling the covenant that I had made with all the peoples."
Isa 53:10,H2654A,to delight in,will,verb,"verb (delight, please, be pleasant)",H3068G,LORD,Lord,T7,0,0,0,0,0,1,"Yet it was the will of the Lord to crush him; he has put him to grief; when his soul makes an offering for guilt, he shall see his offspring; he shall prolong his days; the will of the Lord shall prosper in his hand."
Isa 53:10,H2656,pleasure,will,noun,"noun (delight, pleasure)",H3117G,day,days,T2,0,0,0,0,0,1,"Yet it was the will of the Lord to crush him; he has put him to grief; when his soul makes an offering for guilt, he shall see his offspring; he shall prolong his days; the will of the Lord shall prosper in his hand."
Isa 41:7,H2896A,pleasant,good,adj,said of something (X is good),H1694,joint,soldering,T2,0,0,0,0,0,0,"The craftsman strengthens the goldsmith, and he who smooths with the hammer him who strikes the anvil, saying of the soldering, “It is good ”; and they strengthen it with nails so that it cannot be moved."
2Ki 3:25,H2896A,pleasant,good,adj,qualifies the next noun (good X),H2513A,portion,land,T2,0,0,0,0,0,0,"And they overthrew the cities, and on every good piece of land every man threw a stone until it was covered. They stopped every spring of water and felled all the good trees, till only its stones were left in Kir-hareseth, and the slingers surrounded and attacked it."
2Ki 3:25,H2896A,pleasant,good,adj,qualifies the next noun (good X),H6086H,tree,trees,T13,0,0,0,0,0,0,"And they overthrew the cities, and on every good piece of land every man threw a stone until it was covered. They stopped every spring of water and felled all the good trees, till only its stones were left in Kir-hareseth, and the slingers surrounded and attacked it."
Jer 22:28,H2656,pleasure,cares,noun,"noun (delight, pleasure)",H0369,nothing,no,T2,0,0,0,0,0,0,"Is this man Coniah a despised, broken pot, a vessel no one cares for? Why are he and his children hurled and cast into a land that they do not know?"
Gen 16:6,H2896A,pleasant,please,adj,"judged good by someone (eyes, seems, suits)",H5869I,eye: appearance,Then,T14,0,1,0,1,0,0,"But Abram said to Sarai, “ Behold, your servant is in your power; do to her as you please.” Then Sarai dealt harshly with her, and she fled from her."
Judg 19:24,H2896A,pleasant,good,adj,"judged good by someone (eyes, seems, suits)",H5869I,eye: appearance,seems,T14,0,1,0,0,0,0,"Behold, here are my virgin daughter and his concubine. Let me bring them out now. Violate them and do with them what seems good to you, but against this man do not do this outrageous thing.”"
Psa 119:71,H2895,be pleasing,good,verb,"verb (delight, please, be pleasant)",H6031B,to afflict,afflicted,M24,0,0,0,0,0,0,"It is good for me that I was afflicted, that I might learn your statutes."
Isa 58:3,H2656,pleasure,pleasure,noun,"noun (delight, pleasure)",H4672,to find,seek,T3,0,0,0,0,0,0,"‘ Why have we fasted, and you see it not? Why have we humbled ourselves, and you take no knowledge of it?’ Behold, in the day of your fast you seek your own pleasure, and oppress all your workers."
1Ch 13:2,H2896A,pleasant,seems good,adj,"judged good by someone (eyes, seems, suits)",H3478,Israel,Israel,T11,0,0,0,0,0,1,"And David said to all the assembly of Israel, “ If it seems good to you and from the Lord our God, let us send abroad to our brothers who remain in all the lands of Israel, as well as to the priests and Levites in the cities that have pasturelands, that they may be gathered to us."
Isa 44:28,H2656,pleasure,purpose,noun,"noun (delight, pleasure)",H3605,all,all,T2,0,0,0,0,0,0,"who says of Cyrus, ‘He is my shepherd, and he shall fulfill all my purpose ’; saying of Jerusalem, ‘She shall be built,’ and of the temple, ‘Your foundation shall be laid.’”"
Eze 34:14,H2896A,pleasant,good,adj,qualifies the next noun (good X),H4829,pasture,pasture,T2,0,0,0,0,0,0,"I will feed them with good pasture, and on the mountain heights of Israel shall be their grazing land. There they shall lie down in good grazing land, and on rich pasture they shall feed on the mountains of Israel."
Eze 34:14,H2896A,pleasant,good,adj,qualifies the next noun (good X),H5116A,pasture,grazing land,T2,0,0,0,0,0,0,"I will feed them with good pasture, and on the mountain heights of Israel shall be their grazing land. There they shall lie down in good grazing land, and on rich pasture they shall feed on the mountains of Israel."
Eze 34:18,H2896A,pleasant,good,adj,qualifies the next noun (good X),H4829,pasture,pasture,T2,0,0,0,0,0,0,"Is it not enough for you to feed on the good pasture, that you must tread down with your feet the rest of your pasture; and to drink of clear water, that you must muddy the rest of the water with your feet?"
Zec 11:7,H5278,pleasantness,Favor,noun,"noun (delight, pleasure)",H7121H,to call: call by,named,T3,0,0,0,0,0,0,"So I became the shepherd of the flock doomed to be slaughtered by the sheep traders. And I took two staffs, one I named Favor, the other I named Union. And I tended the sheep."
Jer 48:38,H2656,pleasure,cares,noun,"noun (delight, pleasure)",H0369,nothing,one,T2,0,0,0,0,0,1,"On all the housetops of Moab and in the squares there is nothing but lamentation, for I have broken Moab like a vessel for which no one cares, declares the Lord."
1Cor 10:5,G2106,to delight,pleased,verb,"verb (delight, please, be pleasant)",G2693,be thrown down,overthrown,T2,0,0,0,0,0,1,"Nevertheless, with most of them God was not pleased, for they were overthrown in the wilderness."
1Th 2:8,G2106,to delight,ready,verb,"verb (delight, please, be pleasant)",G3330,to share,share,M44,0,0,0,0,0,1,"So, being affectionately desirous of you, we were ready to share with you not only the gospel of God but also our own selves, because you had become very dear to us."
2Th 2:12,G2106,to delight,pleasure,verb,"verb (delight, please, be pleasant)",G0093,unrighteousness,unrighteousness,M58,0,0,0,0,0,0,in order that all may be condemned who did not believe the truth but had pleasure in unrighteousness.
Act 6:2,G0701,pleasing,right,adj,said of something (X is good),G1510,to be,is,T2,0,0,0,0,0,1,"And the twelve summoned the full number of the disciples and said, “It is not right that we should give up preaching the word of God to serve tables."
Gen 2:18,H2896A,pleasant,good,adj,qualifies the next noun (good X),H0120H,the man [Adam],man,T8,0,0,0,0,0,1,"Then the Lord God said, “It is not good that the man should be alone; I will make him a helper fit for him.”"
Gen 18:12,H5730B,delight,pleasure,noun,"noun (delight, pleasure)",H2204,be old,old,T2,0,0,0,0,0,0,"So Sarah laughed to herself, saying, “ After I am worn out, and my lord is old, shall I have pleasure?”"
Gen 20:15,H2896A,pleasant,pleases,adj,"judged good by someone (eyes, seems, suits)",H5869I,eye: appearance,you,T14,0,1,0,0,0,0,"And Abimelech said, “Behold, my land is before you; dwell where it pleases you.”"
Gen 29:19,H2896A,pleasant,better,adj,"comparison (better/best, than)",H0559,to say,said,T3,1,0,0,0,0,0,"Laban said, “It is better that I give her to you than that I should give her to any other man; stay with me.”"
Gen 30:20,H2896A,pleasant,good,adj,qualifies the next noun (good X),H2065,dowry,endowment,T2,0,0,0,0,0,1,"Then Leah said, “ God has endowed me with a good endowment; now my husband will honor me, because I have borne him six sons.” So she called his name Zebulun."
Gen 41:24,H2896A,pleasant,good,adj,qualifies the next noun (good X),H7641B,ear,ears,T2,0,0,0,0,0,0,"and the thin ears swallowed up the seven good ears. And I told it to the magicians, but there was no one who could explain it to me.”"
Exo 18:17,H2896A,pleasant,good,adj,said of something (X is good),H6213A,to make: do,doing,T3,0,0,0,0,0,0,"Moses ’ father-in-law said to him, “ What you are doing is not good."
Num 10:29,H2896A,pleasant,good,adj,doing good / doing well,H3478,Israel,Israel,T11,0,0,0,0,0,1,"And Moses said to Hobab the son of Reuel the Midianite, Moses ’ father-in-law, “We are setting out for the place of which the Lord said, ‘I will give it to you.’ Come with us, and we will do good to you, for the Lord has promised good to Israel.”"
Num 11:18,H2895,be pleasing,better,verb,"comparison (better/best, than)",H4714G,Egypt,Egypt,T11,0,0,0,0,0,1,"And say to the people, ‘ Consecrate yourselves for tomorrow, and you shall eat meat, for you have wept in the hearing of the Lord, saying, “ Who will give us meat to eat? For it was better for us in Egypt.” Therefore the Lord will give you meat, and you shall eat."
Num 14:7,H2896A,pleasant,good,adj,qualifies the next noun (good X),H0776G,land: country/planet,land,T10,0,0,0,0,0,0,"and said to all the congregation of the people of Israel, “The land, which we passed through to spy it out, is an exceedingly good land."
Num 36:6,H2896A,pleasant,best,adj,"comparison (better/best, than)",H5869I,eye: appearance,think,T14,0,1,0,0,0,1,"This is what the Lord commands concerning the daughters of Zelophehad: ‘Let them marry whom they think best, only they shall marry within the clan of the tribe of their father."
Deu 1:25,H2896A,pleasant,good,adj,qualifies the next noun (good X),H0776G,land: country/planet,land,T10,0,0,0,0,0,1,"And they took in their hands some of the fruit of the land and brought it down to us, and brought us word again and said, ‘It is a good land that the Lord our God is giving us.’"
Deu 15:16,H2895,be pleasing,well-off,verb,"verb (delight, please, be pleasant)",H1004M,house: household,household,T2,0,0,0,0,0,0,"But if he says to you, ‘I will not go out from you,’ because he loves you and your household, since he is well-off with you,"
Deu 25:7,H2654A,to delight in,wish,verb,"verb (delight, please, be pleasant)",H3947I,to take: marry,take,T3,0,0,0,0,0,0,"And if the man does not wish to take his brother’s wife, then his brother’s wife shall go up to the gate to the elders and say, ‘My husband’s brother refuses to perpetuate his brother’s name in Israel; he will not perform the duty of a husband’s brother to me.’"
Judg 8:2,H2896A,pleasant,better,adj,"comparison (better/best, than)",H1210,vintage,grape harvest,T2,1,0,0,0,0,0,"And he said to them, “ What have I done now in comparison with you? Is not the gleaning of the grapes of Ephraim better than the grape harvest of Abiezer?"
Judg 9:11,H2896A,pleasant,good,adj,qualifies the next noun (good X),H8570,fruit,fruit,T2,0,0,0,0,0,0,"But the fig tree said to them, ‘Shall I leave my sweetness and my good fruit and go hold sway over the trees?’"
Judg 10:15,H2896A,pleasant,good,adj,"judged good by someone (eyes, seems, suits)",H5869I,eye: appearance,seems,T14,0,1,0,0,0,1,"And the people of Israel said to the Lord, “We have sinned; do to us whatever seems good to you. Only please deliver us this day.”"
Judg 13:23,H2654A,to delight in,meant,verb,"verb (delight, please, be pleasant)",H4191,to die,kill,M25 T3,0,0,0,0,0,1,"But his wife said to him, “ If the Lord had meant to kill us, he would not have accepted a burnt offering and a grain offering at our hands, or shown us all these things, or now announced to us such things as these.”"
Judg 18:9,H2896A,pleasant,good,adj,said of something (X is good),H0776G,land: country/planet,land,T10,0,0,0,0,0,0,"They said, “ Arise, and let us go up against them, for we have seen the land, and behold, it is very good. And will you do nothing? Do not be slow to go, to enter in and possess the land."
Judg 18:19,H2896A,pleasant,better,adj,"comparison (better/best, than)",H3548,priest,priest,T8,0,0,0,0,0,0,"And they said to him, “Keep quiet; put your hand on your mouth and come with us and be to us a father and a priest. Is it better for you to be priest to the house of one man, or to be priest to a tribe and clan in Israel?”"
Rut 2:22,H2896A,pleasant,good,adj,qualifies the next noun (good X),H1323G,daughter,daughter,T2,0,0,0,0,0,0,"And Naomi said to Ruth, her daughter-in-law, “ It is good, my daughter, that you go out with his young women, lest in another field you be assaulted.”"
1Sa 1:8,H2896A,pleasant,more,adj,"comparison (better/best, than)",H6235,ten,ten,T2,1,0,0,0,0,0,"And Elkanah, her husband, said to her, “ Hannah, why do you weep? And why do you not eat? And why is your heart sad? Am I not more to you than ten sons?”"
1Sa 1:23,H2896A,pleasant,best,adj,"comparison (better/best, than)",H5869I,eye: appearance,seems,T14,0,1,0,0,0,1,"Elkanah her husband said to her, “ Do what seems best to you; wait until you have weaned him; only, may the Lord establish his word.” So the woman remained and nursed her son until she weaned him."
1Sa 3:18,H2896A,pleasant,good,adj,"judged good by someone (eyes, seems, suits)",H5869I,eye: appearance,seems,T14,0,1,0,0,0,1,"So Samuel told him everything and hid nothing from him. And he said, “It is the Lord. Let him do what seems good to him.”"
1Sa 9:10,H2896A,pleasant,Well,adj,said of something (X is good),H5288,youth,servant,T8,0,0,0,0,0,1,"And Saul said to his servant, “ Well said; come, let us go.” So they went to the city where the man of God was."
1Sa 11:10,H2896A,pleasant,good,adj,"judged good by someone (eyes, seems, suits)",H5869I,eye: appearance,seems,T14,0,1,0,0,0,0,"Therefore the men of Jabesh said, “ Tomorrow we will give ourselves up to you, and you may do to us whatever seems good to you.”"
1Sa 14:36,H2896A,pleasant,good,adj,"judged good by someone (eyes, seems, suits)",H3548,priest,priest,T8,0,1,0,0,0,1,"Then Saul said, “Let us go down after the Philistines by night and plunder them until the morning light; let us not leave a man of them.” And they said, “ Do whatever seems good to you.” But the priest said, “Let us draw near to God here.”"
1Sa 14:40,H2896A,pleasant,good,adj,"judged good by someone (eyes, seems, suits)",H5869I,eye: appearance,seems,T14,0,1,0,0,0,0,"Then he said to all Israel, “You shall be on one side, and I and Jonathan my son will be on the other side.” And the people said to Saul, “ Do what seems good to you.”"
1Sa 15:22,H2656,pleasure,great delight,noun,"noun (delight, pleasure)",H3068G,LORD,Lord,T7,1,0,0,0,0,1,"And Samuel said, “Has the Lord as great delight in burnt offerings and sacrifices, as in obeying the voice of the Lord? Behold, to obey is better than sacrifice, and to listen than the fat of rams."
1Sa 15:22,H2896A,pleasant,better,adj,"comparison (better/best, than)",H8085H,to hear: obey,obey,M41,1,0,0,0,0,1,"And Samuel said, “Has the Lord as great delight in burnt offerings and sacrifices, as in obeying the voice of the Lord? Behold, to obey is better than sacrifice, and to listen than the fat of rams."
1Sa 15:28,H2896A,pleasant,better,adj,"comparison (better/best, than)",H7453,neighbor,neighbor,T8,1,0,0,0,0,1,"And Samuel said to him, “The Lord has torn the kingdom of Israel from you this day and has given it to a neighbor of yours, who is better than you."
1Sa 18:25,H2656,pleasure,desires,noun,"noun (delight, pleasure)",H4428G,king,king,M72,0,0,0,0,0,0,"Then Saul said, “ Thus shall you say to David, ‘The king desires no bride-price except a hundred foreskins of the Philistines, that he may be avenged of the king’s enemies.’” Now Saul thought to make David fall by the hand of the Philistines."
1Sa 20:12,H2896A,pleasant,well disposed,adj,qualifies the next noun (good X),H1732,David,David,T8,0,0,0,0,0,1,"And Jonathan said to David, “The Lord, the God of Israel, be witness! When I have sounded out my father, about this time tomorrow, or the third day, behold, if he is well disposed toward David, shall I not then send and disclose it to you?"
1Sa 27:1,H2896A,pleasant,better,adj,"comparison (better/best, than)",H0369,nothing,nothing,T2,1,0,0,0,0,0,"Then David said in his heart, “ Now I shall perish one day by the hand of Saul. There is nothing better for me than that I should escape to the land of the Philistines. Then Saul will despair of seeking me any longer within the borders of Israel, and I shall escape out of his hand.”"
1Sa 29:6,H2896A,pleasant,right,adj,"judged good by someone (eyes, seems, suits)",H5869I,eye: appearance,seems,T14,0,1,0,0,0,1,"Then Achish called David and said to him, “As the Lord lives, you have been honest, and to me it seems right that you should march out and in with me in the campaign. For I have found nothing wrong in you from the day of your coming to me to this day. Nevertheless, the lords do not approve of you."
1Sa 29:6,H2896A,pleasant,approve,adj,"judged good by someone (eyes, seems, suits)",H5869I,eye: appearance,lords,T14,0,1,0,0,0,1,"Then Achish called David and said to him, “As the Lord lives, you have been honest, and to me it seems right that you should march out and in with me in the campaign. For I have found nothing wrong in you from the day of your coming to me to this day. Nevertheless, the lords do not approve of you."
1Sa 29:9,H2896A,pleasant,blameless,adj,"judged good by someone (eyes, seems, suits)",H5869H,eye: seeing,sight,T14,0,1,0,0,0,1,"And Achish answered David and said, “I know that you are as blameless in my sight as an angel of God. Nevertheless, the commanders of the Philistines have said, ‘He shall not go up with us to the battle.’"
2Sa 3:13,H2896A,pleasant,Good,adj,said of something (X is good),H0559,to say,said,T3,0,0,0,0,0,0,"And he said, “ Good; I will make a covenant with you. But one thing I require of you; that is, you shall not see my face unless you first bring Michal, Saul’s daughter, when you come to see my face.”"
2Sa 14:32,H2896A,pleasant,better,adj,"comparison (better/best, than)",H1650,Geshur,Geshur,T10,0,0,0,0,0,0,"Absalom answered Joab, “ Behold, I sent word to you, ‘ Come here, that I may send you to the king, to ask, “ Why have I come from Geshur? It would be better for me to be there still.” Now therefore let me go into the presence of the king, and if there is guilt in me, let him put me to death.’”"
2Sa 15:3,H2896A,pleasant,good,adj,said of something (X is good),H1697L,word: case,claims,T2,0,0,0,0,0,0,"Absalom would say to him, “ See, your claims are good and right, but there is no man designated by the king to hear you.”"
2Sa 15:26,H2654A,to delight in,pleasure,verb,"verb (delight, please, be pleasant)",H6213A,to make: do,do,T3,0,0,0,0,0,0,"But if he says, ‘I have no pleasure in you,’ behold, here I am, let him do to me what seems good to him.”"
2Sa 15:26,H2895,be pleasing,good,verb,"judged good by someone (eyes, seems, suits)",H5869I,eye: appearance,seems,T14,0,1,0,0,0,0,"But if he says, ‘I have no pleasure in you,’ behold, here I am, let him do to me what seems good to him.”"
2Sa 17:7,H2896A,pleasant,good,adj,said of something (X is good),H3289,to advise,given,M63,0,0,0,0,0,0,"Then Hushai said to Absalom, “ This time the counsel that Ahithophel has given is not good.”"
2Sa 18:3,H2896A,pleasant,better,adj,"comparison (better/best, than)",H0505G,thousand,thousand,T2,0,0,0,0,0,0,"But the men said, “You shall not go out. For if we flee, they will not care about us. If half of us die, they will not care about us. But you are worth ten thousand of us. Therefore it is better that you send us help from the city.”"
2Sa 18:27,H2896A,pleasant,good,adj,qualifies the next noun (good X),H0376G,man,man,T8,0,0,0,0,0,0,"The watchman said, “ I think the running of the first is like the running of Ahimaaz the son of Zadok.” And the king said, “ He is a good man and comes with good news.”"
2Sa 18:27,H2896A,pleasant,good,adj,qualifies the next noun (good X),H1309,good news,news,M05,0,0,0,0,0,0,"The watchman said, “ I think the running of the first is like the running of Ahimaaz the son of Zadok.” And the king said, “ He is a good man and comes with good news.”"
2Sa 19:38,H2896A,pleasant,good,adj,"judged good by someone (eyes, seems, suits)",H5869I,eye: appearance,you,T14,0,1,0,1,0,0,"And the king answered, “ Chimham shall go over with me, and I will do for him whatever seems good to you, and all that you desire of me I will do for you.”"
2Sa 20:11,H2654A,to delight in,favors,verb,"verb (delight, please, be pleasant)",H3097G,Joab,Joab,T8,0,0,0,0,0,0,"And one of Joab’s young men took his stand by Amasa and said, “ Whoever favors Joab, and whoever is for David, let him follow Joab.”"
2Sa 24:3,H2654A,to delight in,delight,verb,"verb (delight, please, be pleasant)",H1697I,word: thing,thing,T2,0,0,0,0,0,1,"But Joab said to the king, “May the Lord your God add to the people a hundred times as many as they are, while the eyes of my lord the king still see it, but why does my lord the king delight in this thing?”"
2Sa 24:22,H2896A,pleasant,good,adj,"judged good by someone (eyes, seems, suits)",H5869I,eye: appearance,to him,T14,0,1,0,0,0,0,"Then Araunah said to David, “Let my lord the king take and offer up what seems good to him. Here are the oxen for the burnt offering and the threshing sledges and the yokes of the oxen for the wood."
1Ki 1:6,H2896A,pleasant,handsome,adj,qualifies the next noun (good X),H8389,appearance,man,T2,0,0,0,0,0,0,"His father had never at any time displeased him by asking, “Why have you done thus and so?” He was also a very handsome man, and he was born next after Absalom."
1Ki 2:42,H2896A,pleasant,good,adj,said of something (X is good),H1697H,word: speaking,say,M65,0,0,0,0,0,1,"the king sent and summoned Shimei and said to him, “Did I not make you swear by the Lord and solemnly warn you, saying, ‘ Know for certain that on the day you go out and go to any place whatever, you shall die ’? And you said to me, ‘What you say is good; I will obey.’"
1Ki 5:8,H2656,pleasure,desire,noun,"noun (delight, pleasure)",H3605,all,all,T2,0,0,0,0,0,0,"And Hiram sent to Solomon, saying, “I have heard the message that you have sent to me. I am ready to do all you desire in the matter of cedar and cypress timber."
1Ki 8:18,H2895,be pleasing,well,verb,"verb (delight, please, be pleasant)",H3824,heart,heart,M47,0,0,0,0,1,1,"But the Lord said to David my father, ‘ Whereas it was in your heart to build a house for my name, you did well that it was in your heart."
1Ki 18:24,H2896A,pleasant,well,adj,qualifies the next noun (good X),H1697H,word: speaking,spoken,M65,0,0,0,0,0,1,"And you call upon the name of your god, and I will call upon the name of the Lord, and the God who answers by fire, he is God.” And all the people answered, “It is well spoken.”"
1Ki 19:4,H2896A,pleasant,better,adj,"comparison (better/best, than)",H5315H,soul: life,life,M47,1,0,0,0,0,1,"But he himself went a day’s journey into the wilderness and came and sat down under a broom tree. And he asked that he might die, saying, “It is enough; now, O Lord, take away my life, for I am no better than my fathers.”"
1Ki 22:18,H2896A,pleasant,good,adj,good set beside evil,H5012,to prophesy,prophesy,M43,0,0,1,0,0,0,"And the king of Israel said to Jehoshaphat, “Did I not tell you that he would not prophesy good concerning me, but evil?”"
2Ki 2:19,H2896A,pleasant,pleasant,adj,said of something (X is good),H5892B,city,city,T11,0,0,0,0,0,0,"Now the men of the city said to Elisha, “ Behold, the situation of this city is pleasant, as my lord sees, but the water is bad, and the land is unfruitful.”"
2Ki 10:30,H2895,be pleasing,well,verb,"judged good by someone (eyes, seems, suits)",H6213A,to make: do,carrying out,T3,0,1,0,1,0,1,"And the Lord said to Jehu, “ Because you have done well in carrying out what is right in my eyes, and have done to the house of Ahab according to all that was in my heart, your sons of the fourth generation shall sit on the throne of Israel.”"
1Ch 21:23,H2896A,pleasant,good,adj,"judged good by someone (eyes, seems, suits)",H5869I,eye: appearance,to him,T14,0,1,0,1,0,0,"Then Ornan said to David, “ Take it, and let my lord the king do what seems good to him. See, I give the oxen for burnt offerings and the threshing sledges for the wood and the wheat for a grain offering; I give it all.”"
2Ch 6:8,H2895,be pleasing,well,verb,"verb (delight, please, be pleasant)",H1961,to be,was,T2,0,0,0,0,0,1,"But the Lord said to David my father, ‘ Whereas it was in your heart to build a house for my name, you did well that it was in your heart."
2Ch 18:17,H2896A,pleasant,good,adj,good set beside evil,H5012,to prophesy,prophesy,M43,0,0,1,0,0,0,"And the king of Israel said to Jehoshaphat, “Did I not tell you that he would not prophesy good concerning me, but evil?”"
2Ch 30:18,H2896A,pleasant,good,adj,"comparison (better/best, than)",H3068G,LORD,Lord,T7,1,0,0,0,0,1,"For a majority of the people, many of them from Ephraim, Manasseh, Issachar, and Zebulun, had not cleansed themselves, yet they ate the Passover otherwise than as prescribed. For Hezekiah had prayed for them, saying, “ May the good Lord pardon everyone"
Neh 2:7,H2896A,pleasant,pleases,adj,said of something (X is good),H4428G,king,king,M72,0,0,0,0,0,0,"And I said to the king, “ If it pleases the king, let letters be given me to the governors of the province Beyond the River, that they may let me pass through until I come to Judah,"
Neh 2:18,H2896A,pleasant,good,adj,said of something (X is good),H0430G,God,God,T7,0,0,0,0,0,1,"And I told them of the hand of my God that had been upon me for good, and also of the words that the king had spoken to me. And they said, “Let us rise up and build.” So they strengthened their hands for the good work."
Neh 5:9,H2896A,pleasant,good,adj,said of something (X is good),H6213A,to make: do,doing,T3,0,0,0,0,0,1,"So I said, “The thing that you are doing is not good. Ought you not to walk in the fear of our God to prevent the taunts of the nations our enemies?"
Est 1:10,H2895,be pleasing,merry,verb,"verb (delight, please, be pleasant)",H3196,wine,wine,T2,0,0,0,0,1,0,"On the seventh day, when the heart of the king was merry with wine, he commanded Mehuman, Biztha, Harbona, Bigtha and Abagtha, Zethar and Carkas, the seven eunuchs who served in the presence of King Ahasuerus,"
Est 2:2,H2896A,pleasant,beautiful,adj,qualifies the next noun (good X),H5291,maiden,young,T2,0,0,0,0,0,0,"Then the king’s young men who attended him said, “Let beautiful young virgins be sought out for the king."
Est 3:11,H2896A,pleasant,good,adj,"judged good by someone (eyes, seems, suits)",H5869I,eye: appearance,seems,T14,0,1,0,0,0,0,"And the king said to Haman, “The money is given to you, the people also, to do with them as it seems good to you.”"
Est 5:4,H2896A,pleasant,please,adj,qualifies the next noun (good X),H4428G,king,king,M72,0,0,0,0,0,0,"And Esther said, “ If it please the king, let the king and Haman come today to a feast that I have prepared for the king.”"
Est 6:6,H2654A,to delight in,delights,verb,"verb (delight, please, be pleasant)",H3366,preciousness,honor,T2,1,0,0,0,0,0,"So Haman came in, and the king said to him, “ What should be done to the man whom the king delights to honor?” And Haman said to himself, “ Whom would the king delight to honor more than me?”"
Est 6:6,H2654A,to delight in,delight,verb,"verb (delight, please, be pleasant)",H3366,preciousness,honor,T2,1,0,0,0,0,0,"So Haman came in, and the king said to him, “ What should be done to the man whom the king delights to honor?” And Haman said to himself, “ Whom would the king delight to honor more than me?”"
Est 6:7,H2654A,to delight in,delights,verb,"verb (delight, please, be pleasant)",H3366,preciousness,honor,T2,0,0,0,0,0,0,"And Haman said to the king, “For the man whom the king delights to honor,"
Est 7:3,H2896A,pleasant,please,adj,"judged good by someone (eyes, seems, suits)",H4428G,king,king,M72,0,1,0,0,1,0,"Then Queen Esther answered, “ If I have found favor in your sight, O king, and if it please the king, let my life be granted me for my wish, and my people for my request."
Est 9:13,H2896A,pleasant,please,adj,qualifies the next noun (good X),H4428G,king,king,M72,0,0,0,0,0,0,"And Esther said, “ If it please the king, let the Jews who are in Susa be allowed tomorrow also to do according to this day’s edict. And let the ten sons of Haman be hanged on the gallows.”"
Job 21:14,H2654A,to delight in,desire,verb,"verb (delight, please, be pleasant)",H1847,knowledge,knowledge,M15,0,0,0,0,0,0,"They say to God, ‘ Depart from us! We do not desire the knowledge of your ways."
Psa 45:1,H2896A,pleasant,pleasing,adj,qualifies the next noun (good X),H1697I,word: thing,theme,T2,0,0,0,0,1,0,To the choirmaster: according to Lilies. A Maskil of the Sons of Korah; a love song. My heart overflows with a pleasing theme; I address my verses to the king; my tongue is like the pen of a ready scribe.
Pro 25:7,H2896A,pleasant,better,adj,"comparison (better/best, than)",H0559,to say,told,T3,1,0,0,0,0,0,"for it is better to be told, “Come up here,” than to be put lower in the presence of a noble. What your eyes have seen"
Ecc 3:17,H2656,pleasure,matter,noun,"noun (delight, pleasure)",H3605,all,every,T2,0,0,0,0,0,1,"I said in my heart, God will judge the righteous and the wicked, for there is a time for every matter and for every work."
Ecc 7:10,H2896A,pleasant,better,adj,"comparison (better/best, than)",H3117G,day,days,T2,1,0,0,0,0,0,"Say not, “ Why were the former days better than these?” For it is not from wisdom that you ask this."
Ecc 9:16,H2896A,pleasant,better,adj,"comparison (better/best, than)",H1369,might,might,M23,1,0,0,0,0,0,"But I say that wisdom is better than might, though the poor man’s wisdom is despised and his words are not heard."
Ecc 12:1,H2656,pleasure,pleasure,noun,"noun (delight, pleasure)",H0369,nothing,no,T2,0,0,0,0,0,0,"Remember also your Creator in the days of your youth, before the evil days come and the years draw near of which you will say, “I have no pleasure in them”;"
Isa 1:11,H2654A,to delight in,delight,verb,"verb (delight, please, be pleasant)",H1818,blood,blood,T14,0,0,0,0,0,1,"“ What to me is the multitude of your sacrifices? says the Lord; I have had enough of burnt offerings of rams and the fat of well-fed beasts; I do not delight in the blood of bulls, or of lambs, or of goats."
Isa 3:10,H2896A,pleasant,well,verb,"verb (delight, please, be pleasant)",H0398,to eat,eat,T3,0,0,0,0,0,0,"Tell the righteous that it shall be well with them, for they shall eat the fruit of their deeds."
Isa 38:3,H2896A,pleasant,good,adj,"judged good by someone (eyes, seems, suits)",H5869H,eye: seeing,sight,T14,0,1,0,1,1,1,"and said, “ Please, O Lord, remember how I have walked before you in faithfulness and with a whole heart, and have done what is good in your sight.” And Hezekiah wept bitterly."
Isa 46:10,H2656,pleasure,purpose,noun,"noun (delight, pleasure)",H3605,all,all,T2,0,0,0,0,0,0,"declaring the end from the beginning and from ancient times things not yet done, saying, ‘My counsel shall stand, and I will accomplish all my purpose,’"
Isa 52:7,H2896A,pleasant,happiness,adj,said of something (X is good),H1319,to bear tidings,good news,M70,0,0,0,0,0,1,"How beautiful upon the mountains are the feet of him who brings good news, who publishes peace, who brings good news of happiness, who publishes salvation, who says to Zion, “ Your God reigns.”"
Isa 56:4,H2654A,to delight in,please,verb,"verb (delight, please, be pleasant)",H2388H,to strengthen: hold,fast,M23,0,0,0,0,0,1,"For thus says the Lord: “ To the eunuchs who keep my Sabbaths, who choose the things that please me and hold fast my covenant,"
Isa 62:4,H2654A,to delight in,delights,verb,"verb (delight, please, be pleasant)",H0776G,land: country/planet,land,T10,0,0,0,0,0,1,"You shall no more be termed Forsaken, and your land shall no more be termed Desolate, but you shall be called My Delight Is in Her, and your land Married; for the Lord delights in you, and your land shall be married."
Isa 66:12,H8173B,to delight,bounced,verb,"verb (delight, please, be pleasant)",H1290,knee,knees,T2,0,0,0,0,0,1,"For thus says the Lord: “ Behold, I will extend peace to her like a river, and the glory of the nations like an overflowing stream; and you shall nurse, you shall be carried upon her hip, and bounced upon her knees."
Jer 6:16,H2896A,pleasant,good,adj,qualifies the next noun (good X),H1870K,way: road,way,T2,0,0,0,0,0,1,"Thus says the Lord: “ Stand by the roads, and look, and ask for the ancient paths, where the good way is; and walk in it, and find rest for your souls. But they said, ‘We will not walk in it.’"
Jer 24:3,H2896A,pleasant,good,adj,good set beside evil,H8384,fig,figs,T2,0,0,1,0,0,1,"And the Lord said to me, “ What do you see, Jeremiah?” I said, “ Figs, the good figs very good, and the bad figs very bad, so bad that they cannot be eaten.”"
Jer 24:3,H2896A,pleasant,good,adj,good set beside evil,H8384,fig,figs,T2,0,0,1,0,0,1,"And the Lord said to me, “ What do you see, Jeremiah?” I said, “ Figs, the good figs very good, and the bad figs very bad, so bad that they cannot be eaten.”"
Jer 24:5,H2896A,pleasant,good,adj,qualifies the next noun (good X),H8384,fig,figs,T2,0,0,0,0,0,1,"“ Thus says the Lord, the God of Israel: Like these good figs, so I will regard as good the exiles from Judah, whom I have sent away from this place to the land of the Chaldeans."
Jer 29:10,H2896A,pleasant,promise,adj,said of something (X is good),H6965I,to arise: establish,fulfill,T3,0,0,0,0,0,1,"“ For thus says the Lord: When seventy years are completed for Babylon, I will visit you, and I will fulfill to you my promise and bring you back to this place."
Jer 33:11,H2896A,pleasant,good,adj,said of something (X is good),H3068G,LORD,Lord,T7,0,0,0,0,0,1,"the voice of mirth and the voice of gladness, the voice of the bridegroom and the voice of the bride, the voices of those who sing, as they bring thank offerings to the house of the Lord: “‘Give thanks to the Lord of hosts, for the Lord is good, for his steadfast love endures forever!’ For I will restore the fortunes of the land as at first, says the Lord."
Hos 2:7,H2896A,pleasant,better,verb,"comparison (better/best, than)",H0376H,man: husband,husband,T2,1,0,0,0,0,0,"She shall pursue her lovers but not overtake them, and she shall seek them but shall not find them. Then she shall say, ‘I will go and return to my first husband, for it was better for me then than now.’"
Jon 4:8,H2896A,pleasant,better,adj,"comparison (better/best, than)",H4194,death,to die,M25 T10,1,0,0,0,0,1,"When the sun rose, God appointed a scorching east wind, and the sun beat down on the head of Jonah so that he was faint. And he asked that he might die and said, “It is better for me to die than to live.”"
Zec 8:19,H2896A,pleasant,cheerful,adj,qualifies the next noun (good X),H4150H,meeting: festival,feasts,T2,0,0,0,0,0,1,“ Thus says the Lord of hosts: The fast of the fourth month and the fast of the fifth and the fast of the seventh and the fast of the tenth shall be to the house of Judah seasons of joy and gladness and cheerful feasts. Therefore love truth and peace.
Zec 11:12,H2896A,pleasant,good,verb,"judged good by someone (eyes, seems, suits)",H3051,to give,give,T3,0,1,0,0,0,0,"Then I said to them, “ If it seems good to you, give me my wages; but if not, keep them.” And they weighed out as my wages thirty pieces of silver."
Mal 1:10,H2656,pleasure,pleasure,noun,"noun (delight, pleasure)",H0369,nothing,no,T2,0,0,0,0,0,1,"Oh that there were one among you who would shut the doors, that you might not kindle fire on my altar in vain! I have no pleasure in you, says the Lord of hosts, and I will not accept an offering from your hand."
Mal 2:17,H2896A,pleasant,good,adj,"judged good by someone (eyes, seems, suits)",H5869H,eye: seeing,sight,T14,0,1,1,0,0,1,"You have wearied the Lord with your words. But you say, “How have we wearied him?” By saying, “ Everyone who does evil is good in the sight of the Lord, and he delights in them.” Or by asking, “Where is the God of justice?”"
Mal 2:17,H2654A,to delight in,delights,verb,"judged good by someone (eyes, seems, suits)",H0430G,God,God,T7,0,1,0,0,0,1,"You have wearied the Lord with your words. But you say, “How have we wearied him?” By saying, “ Everyone who does evil is good in the sight of the Lord, and he delights in them.” Or by asking, “Where is the God of justice?”"
Mal 3:1,H2655,delighting,delight,adj,said of something (X is good),H1285,covenant,covenant,M32,0,0,0,0,0,1,"“ Behold, I send my messenger, and he will prepare the way before me. And the Lord whom you seek will suddenly come to his temple; and the messenger of the covenant in whom you delight, behold, he is coming, says the Lord of hosts."
Mal 3:12,H2656,pleasure,delight,noun,"noun (delight, pleasure)",H0776G,land: country/planet,land,T10,0,0,0,0,0,1,"Then all nations will call you blessed, for you will be a land of delight, says the Lord of hosts."
2Ch 9:8,H2654A,to delight in,delighted,verb,"verb (delight, please, be pleasant)",H5414H,to give: put,set,T3,0,0,0,0,0,1,"Blessed be the Lord your God, who has delighted in you and set you on his throne as king for the Lord your God! Because your God loved Israel and would establish them forever, he has made you king over them, that you may execute justice and righteousness.”"
Job 9:3,H2654A,to delight in,wished to,verb,"verb (delight, please, be pleasant)",H7378,to contend,contend,M26,0,0,0,0,0,0,"If one wished to contend with him, one could not answer him once in a thousand times."
Psa 69:16,H2896A,pleasant,good,adj,said of something (X is good),H2617A,kindness,steadfast love,M50,0,0,0,0,0,1,"Answer me, O Lord, for your steadfast love is good; according to your abundant mercy, turn to me."
Est 2:14,H2654A,to delight in,delighted,verb,"verb (delight, please, be pleasant)",H7121G,to call: call to,summoned,M42,0,0,0,0,0,0,"In the evening she would go in, and in the morning she would return to the second harem in custody of Shaashgaz, the king’s eunuch, who was in charge of the concubines. She would not go in to the king again, unless the king delighted in her and she was summoned by name."
Job 27:10,H6026,to delight,delight,verb,"verb (delight, please, be pleasant)",H7706,Almighty [God],Almighty,T7,0,0,0,0,0,0,Will he take delight in the Almighty? Will he call upon God at all times?
Psa 86:5,H2896A,pleasant,good,adj,said of something (X is good),H0136,Lord [God],Lord,T2,0,0,0,0,0,1,"For you, O Lord, are good and forgiving, abounding in steadfast love to all who call upon you."
Gen 1:10,H2896A,pleasant,good,verb,"verb (delight, please, be pleasant)",H7200G,to see: see,saw,T3,0,0,0,0,0,1,"God called the dry land Earth, and the waters that were gathered together he called Seas. And God saw that it was good."
Est 6:9,H2654A,to delight in,delights,verb,"verb (delight, please, be pleasant)",H3366,preciousness,honor,T2,0,0,0,0,0,0,"And let the robes and the horse be handed over to one of the king’s most noble officials. Let them dress the man whom the king delights to honor, and let them lead him on the horse through the square of the city, proclaiming before him: ‘ Thus shall it be done to the man whom the king delights to honor.’”"
Est 6:9,H2654A,to delight in,delights,verb,"verb (delight, please, be pleasant)",H3366,preciousness,honor,T2,0,0,0,0,0,0,"And let the robes and the horse be handed over to one of the king’s most noble officials. Let them dress the man whom the king delights to honor, and let them lead him on the horse through the square of the city, proclaiming before him: ‘ Thus shall it be done to the man whom the king delights to honor.’”"
Est 6:11,H2654A,to delight in,delights,verb,"verb (delight, please, be pleasant)",H3366,preciousness,honor,T2,0,0,0,0,0,0,"So Haman took the robes and the horse, and he dressed Mordecai and led him through the square of the city, proclaiming before him, “ Thus shall it be done to the man whom the king delights to honor.”"
2Sa 23:5,H2656,pleasure,desire,noun,"noun (delight, pleasure)",H3605,all,and,T2,0,0,0,0,0,0,"“ For does not my house stand so with God? For he has made with me an everlasting covenant, ordered in all things and secure. For will he not cause to prosper all my help and my desire?"
1Ki 10:9,H2654A,to delight in,delighted,verb,"verb (delight, please, be pleasant)",H5414H,to give: put,set,T3,0,0,0,0,0,1,"Blessed be the Lord your God, who has delighted in you and set you on the throne of Israel! Because the Lord loved Israel forever, he has made you king, that you may execute justice and righteousness.”"
2Ki 10:3,H2896A,pleasant,best,adj,"comparison (better/best, than)",H7200J,to see: select,select,T3,0,0,0,0,0,0,select the best and fittest of your master’s sons and set him on his father’s throne and fight for your master’s house.”
Isa 54:12,H2656,pleasure,precious,noun,"noun (delight, pleasure)",H1366G,border: boundary,wall,T2,0,0,0,0,0,0,"I will make your pinnacles of agate, your gates of carbuncles, and all your wall of precious stones."
2Ch 7:10,H2896A,pleasant,joyful,adj,said of something (X is good),H0168H,tent: home,homes,T2,0,0,0,0,1,1,"On the twenty-third day of the seventh month he sent the people away to their homes, joyful and glad of heart for the prosperity that the Lord had granted to David and to Solomon and to Israel his people."
Isa 55:11,H2654A,to delight in,purpose,verb,"verb (delight, please, be pleasant)",H6743B,to prosper,succeed,M46,0,0,0,0,0,0,"so shall my word be that goes out from my mouth; it shall not return to me empty, but it shall accomplish that which I purpose, and shall succeed in the thing for which I sent it."
1Sa 9:2,H2896A,pleasant,handsome,adj,"comparison (better/best, than)",H0970,youth,young man,T2,1,0,0,0,0,0,"And he had a son whose name was Saul, a handsome young man. There was not a man among the people of Israel more handsome than he. From his shoulders upward he was taller than any of the people."
1Sa 9:2,H2896A,pleasant,more handsome,adj,"comparison (better/best, than)",H3478,Israel,Israel,T11,1,0,0,0,0,0,"And he had a son whose name was Saul, a handsome young man. There was not a man among the people of Israel more handsome than he. From his shoulders upward he was taller than any of the people."
1Sa 25:3,H2896A,pleasant,discerning,adj,good set beside evil,H0802G,woman,woman,T8,0,0,1,0,0,0,"Now the name of the man was Nabal, and the name of his wife Abigail. The woman was discerning and beautiful, but the man was harsh and badly behaved; he was a Calebite."
Est 8:8,H2896A,pleasant,please,adj,"judged good by someone (eyes, seems, suits)",H3789,to write,write,T3,0,1,0,0,0,0,"But you may write as you please with regard to the Jews, in the name of the king, and seal it with the king’s ring, for an edict written in the name of the king and sealed with the king’s ring cannot be revoked.”"
Psa 52:9,H2896A,pleasant,good,verb,"verb (delight, please, be pleasant)",H2623,pious,godly,M05,0,0,0,0,0,0,"I will thank you forever, because you have done it. I will wait for your name, for it is good, in the presence of the godly."
Psa 54:6,H2896A,pleasant,good,verb,"verb (delight, please, be pleasant)",H3068G,LORD,Lord,T7,0,0,0,0,0,1,"With a freewill offering I will sacrifice to you; I will give thanks to your name, O Lord, for it is good."
Psa 92:1,H2896A,pleasant,good,verb,"verb (delight, please, be pleasant)",H3034,to give thanks,give thanks,M49,0,0,0,0,0,1,"A Psalm. A Song for the Sabbath. It is good to give thanks to the Lord, to sing praises to your name, O Most High;"
Psa 109:21,H2896A,pleasant,good,adj,said of something (X is good),H2617A,kindness,steadfast love,M50,0,0,0,0,0,1,"But you, O God my Lord, deal on my behalf for your name’s sake; because your steadfast love is good, deliver me!"
Pro 22:1,H2896A,pleasant,better,adj,"comparison (better/best, than)",H3701G,silver: money,silver,T12,1,0,0,0,0,0,"A good name is to be chosen rather than great riches, and favor is better than silver or gold."
Isa 56:5,H2896A,pleasant,better,adj,"comparison (better/best, than)",H8034,name,name,FLAG T2,1,0,0,0,0,0,I will give in my house and within my walls a monument and a name better than sons and daughters; I will give them an everlasting name that shall not be cut off.
Deu 19:13,H2896A,pleasant,well,verb,"verb (delight, please, be pleasant)",H3478,Israel,Israel,T11,0,0,0,0,0,0,"Your eye shall not pity him, but you shall purge the guilt of innocent blood from Israel, so that it may be well with you."
Psa 112:5,H2896A,pleasant,well,adj,qualifies the next noun (good X),H0376G,man,man,T8,0,0,0,0,0,0,It is well with the man who deals generously and lends; who conducts his affairs with justice.
1Ch 16:34,H2896A,pleasant,good,adj,said of something (X is good),H3068G,LORD,Lord,T7,0,0,0,0,0,1,"Oh give thanks to the Lord, for he is good; for his steadfast love endures forever!"
Est 2:9,H2896A,pleasant,best place,adj,"comparison (better/best, than)",H1004B,house: home,harem,T2,0,0,0,0,0,0,"And the young woman pleased him and won his favor. And he quickly provided her with her cosmetics and her portion of food, and with seven chosen young women from the king’s palace, and advanced her and her young women to the best place in the harem."
Psa 63:3,H2896A,pleasant,better,adj,"comparison (better/best, than)",H2416E,life,life,M25,1,0,0,0,0,0,"Because your steadfast love is better than life, my lips will praise you."
Psa 100:5,H2896A,pleasant,good,adj,qualifies the next noun (good X),H2617A,kindness,steadfast love,M50,0,0,0,0,0,1,"For the Lord is good; his steadfast love endures forever, and his faithfulness to all generations."
Psa 107:1,H2896A,pleasant,good,verb,"verb (delight, please, be pleasant)",H2617A,kindness,steadfast love,M50,0,0,0,0,0,1,"Oh give thanks to the Lord, for he is good, for his steadfast love endures forever!"
Psa 118:1,H2896A,pleasant,good,verb,"verb (delight, please, be pleasant)",H2617A,kindness,steadfast love,M50,0,0,0,0,0,1,"Oh give thanks to the Lord, for he is good; for his steadfast love endures forever!"
Psa 118:29,H2896A,pleasant,good,verb,"verb (delight, please, be pleasant)",H2617A,kindness,steadfast love,M50,0,0,0,0,0,1,"Oh give thanks to the Lord, for he is good; for his steadfast love endures forever!"
Psa 136:1,H2896A,pleasant,good,adj,said of something (X is good),H3068G,LORD,Lord,T7,0,0,0,0,0,1,"Give thanks to the Lord, for he is good, for his steadfast love endures forever."
Pro 19:22,H2896A,pleasant,better,adj,"comparison (better/best, than)",H7326,be poor,poor man,M09,1,0,0,0,0,0,"What is desired in a man is steadfast love, and a poor man is better than a liar."
Hos 6:6,H2654A,to delight in,desire,verb,"verb (delight, please, be pleasant)",H2617A,kindness,steadfast love,M50,1,0,0,0,0,1,"For I desire steadfast love and not sacrifice, the knowledge of God rather than burnt offerings."
Mic 6:8,H2896A,pleasant,good,adj,said of something (X is good),H0120G,man,man,T8,0,0,0,0,0,1,"He has told you, O man, what is good; and what does the Lord require of you but to do justice, and to love kindness, and to walk humbly with your God?"
Eze 31:16,H2896A,pleasant,best,adj,"comparison (better/best, than)",H3844G,Lebanon,Lebanon,T10,0,0,0,0,0,0,"I made the nations quake at the sound of its fall, when I cast it down to Sheol with those who go down to the pit. And all the trees of Eden, the choice and best of Lebanon, all that drink water, were comforted in the world below."
Psa 145:9,H2896A,pleasant,good,adj,qualifies the next noun (good X),H3605,all,all,T2,0,0,0,0,0,1,"The Lord is good to all, and his mercy is over all that he has made."
Mat 12:18,G2106,to delight,well pleased,verb,"verb (delight, please, be pleasant)",G5087,to place,put,T3,0,0,0,0,1,0,"“ Behold, my servant whom I have chosen, my beloved with whom my soul is well pleased. I will put my Spirit upon him, and he will proclaim justice to the Gentiles."
Gen 25:8,H2896A,pleasant,good,adj,qualifies the next noun (good X),H7872,greyheaded,old age,T2,0,0,0,0,0,0,"Abraham breathed his last and died in a good old age, an old man and full of years, and was gathered to his people."
Deu 4:22,H2896A,pleasant,good,adj,qualifies the next noun (good X),H0776G,land: country/planet,land,T10,0,0,0,0,0,0,For I must die in this land; I must not go over the Jordan. But you shall go over and take possession of that good land.
Judg 8:32,H2896A,pleasant,good,adj,qualifies the next noun (good X),H7872,greyheaded,old age,T2,0,0,0,0,0,0,"And Gideon the son of Joash died in a good old age and was buried in the tomb of Joash his father, at Ophrah of the Abiezrites."
1Sa 2:25,H2654A,to delight in,will,verb,"verb (delight, please, be pleasant)",H3068G,LORD,Lord,T7,0,0,0,0,0,1,"If someone sins against a man, God will mediate for him, but if someone sins against the Lord, who can intercede for him?” But they would not listen to the voice of their father, for it was the will of the Lord to put them to death."
1Ch 29:28,H2896A,pleasant,good,adj,qualifies the next noun (good X),H7872,greyheaded,age,T2,0,0,0,0,0,0,"Then he died at a good age, full of days, riches, and honor. And Solomon his son reigned in his place."
Ecc 9:4,H2896A,pleasant,better,adj,"comparison (better/best, than)",H3611,dog,dog,T2,1,0,0,0,0,0,"But he who is joined with all the living has hope, for a living dog is better than a dead lion."
Jer 42:22,H2654A,to delight in,desire,verb,"verb (delight, please, be pleasant)",H0935G,to come [in]: come,go,T3,0,0,0,0,0,0,"Now therefore know for a certainty that you shall die by the sword, by famine, and by pestilence in the place where you desire to go to live.”"
Eze 18:18,H2896A,pleasant,good,adj,qualifies the next noun (good X),H8432,midst,among,T2,0,0,0,0,0,0,"As for his father, because he practiced extortion, robbed his brother, and did what is not good among his people, behold, he shall die for his iniquity."
Pro 17:26,H2896A,pleasant,good,adj,said of something (X is good),H6662,righteous,righteous,M12,0,0,0,0,0,0,"To impose a fine on a righteous man is not good, nor to strike the noble for their uprightness."
Pro 12:2,H2896A,pleasant,good,adj,qualifies the next noun (good X),H6329,to promote,obtains,T3,0,0,0,0,0,1,"A good man obtains favor from the Lord, but a man of evil devices he condemns."
Job 10:3,H2896A,pleasant,good,adj,qualifies the next noun (good X),H6231,to oppress,oppress,T3,0,0,0,0,0,0,"Does it seem good to you to oppress, to despise the work of your hands and favor the designs of the wicked?"
Psa 37:16,H2896A,pleasant,Better,adj,"comparison (better/best, than)",H4592,little,little,T2,1,0,0,0,0,0,Better is the little that the righteous has than the abundance of many wicked.
Pro 14:19,H2896A,pleasant,good,adj,good set beside evil,H7563,wicked,wicked,M58,0,0,1,0,0,0,"The evil bow down before the good, the wicked at the gates of the righteous."
Pro 18:5,H2896A,pleasant,good,adj,qualifies the next noun (good X),H5375Q,to lift: kindness,partial,M50,0,0,0,0,0,0,It is not good to be partial to the wicked or to deprive the righteous of justice.
Ecc 8:13,H2896A,pleasant,well,adj,qualifies the next noun (good X),H7563,wicked,wicked,M58,0,0,0,0,0,1,"But it will not be well with the wicked, neither will he prolong his days like a shadow, because he does not fear before God."
Ecc 9:2,H2896A,pleasant,good,adj,good set beside evil,H7563,wicked,wicked,M58,0,0,1,0,0,0,"It is the same for all, since the same event happens to the righteous and the wicked, to the good and the evil, to the clean and the unclean, to him who sacrifices and him who does not sacrifice. As the good one is, so is the sinner, and he who swears is as he who shuns an oath."
Ecc 9:2,H2896A,pleasant,good,adj,said of something (X is good),H2076,to sacrifice,sacrifice,T3,0,0,0,0,0,0,"It is the same for all, since the same event happens to the righteous and the wicked, to the good and the evil, to the clean and the unclean, to him who sacrifices and him who does not sacrifice. As the good one is, so is the sinner, and he who swears is as he who shuns an oath."
Psa 141:6,H5276,be pleasant,pleasant,verb,"verb (delight, please, be pleasant)",H0561,word,words,M65,0,0,0,0,0,0,"When their judges are thrown over the cliff, then they shall hear my words, for they are pleasant."
Luk 3:22,G2106,to delight,well pleased,verb,"verb (delight, please, be pleasant)",G5207,son,Son,T2,0,0,0,0,0,0,"and the Holy Spirit descended on him in bodily form, like a dove; and a voice came from heaven, “ You are my beloved Son; with you I am well pleased.”"
1Ki 13:33,H2655,delighting,would,adj,said of something (X is good),H5971A,people,people,T11,0,0,0,0,0,0,"After this thing Jeroboam did not turn from his evil way, but made priests for the high places again from among all the people. Any who would, he ordained to be priests of the high places."
Gen 24:16,H2896A,pleasant,attractive,adj,qualifies the next noun (good X),H4758,appearance,appearance,T2,0,0,0,0,0,0,"The young woman was very attractive in appearance, a maiden whom no man had known. She went down to the spring and filled her jar and came up."
Pro 24:4,H5273A,pleasant,pleasant,adj,qualifies the next noun (good X),H1952,substance,riches,M46,0,0,0,0,0,0,by knowledge the rooms are filled with all precious and pleasant riches.
Eze 24:4,H2896A,pleasant,good,adj,qualifies the next noun (good X),H5409,piece,pieces,T2,0,0,0,0,0,0,"put in it the pieces of meat, all the good pieces, the thigh and the shoulder; fill it with choice bones."
Lev 27:14,H2896A,pleasant,good,adj,good set beside evil,H6186B,to value,value,M26,0,0,1,0,0,1,"“When a man dedicates his house as a holy gift to the Lord, the priest shall value it as either good or bad; as the priest values it, so it shall stand."
Lev 27:10,H2896A,pleasant,good,adj,good set beside evil,H4171,to change,substitute,M45,0,0,1,0,0,0,"He shall not exchange it or make a substitute for it, good for bad, or bad for good; and if he does in fact substitute one animal for another, then both it and the substitute shall be holy."
Lev 27:10,H2896A,pleasant,good,adj,good set beside evil,H7451A,bad: harmful,bad,M58,0,0,1,0,0,0,"He shall not exchange it or make a substitute for it, good for bad, or bad for good; and if he does in fact substitute one animal for another, then both it and the substitute shall be holy."
Lev 27:33,H2896A,pleasant,good,adj,good set beside evil,H1239,to enquire,differentiate,T3,0,0,1,0,0,0,"One shall not differentiate between good or bad, neither shall he make a substitute for it; and if he does substitute for it, then both it and the substitute shall be holy; it shall not be redeemed.”"
Lam 4:1,H2896A,pleasant,pure,adj,qualifies the next noun (good X),H3800,gold,gold,T2,0,0,0,0,0,0,"How the gold has grown dim, how the pure gold is changed! The holy stones lie scattered at the head of every street."
Mar 1:11,G2106,to delight,well pleased,verb,"verb (delight, please, be pleasant)",G5207,son,Son,T2,0,0,0,0,0,0,"And a voice came from heaven, “ You are my beloved Son; with you I am well pleased.”"
Luk 12:32,G2106,to delight,good pleasure,verb,"verb (delight, please, be pleasant)",G1325,to give,give,T3,0,0,0,0,0,1,"“ Fear not, little flock, for it is your Father’s good pleasure to give you the kingdom."
Rom 15:26,G2106,to delight,pleased to,verb,doing good / doing well,G4160G,to do/make: do,make,T3,0,0,0,1,0,0,For Macedonia and Achaia have been pleased to make some contribution for the poor among the saints at Jerusalem.
Rom 15:27,G2106,to delight,pleased,verb,"verb (delight, please, be pleasant)",G1526,they are,they,T2,0,0,0,0,0,0,"For they were pleased to do it, and indeed they owe it to them. For if the Gentiles have come to share in their spiritual blessings, they ought also to be of service to them in material blessings."
1Cor 1:21,G2106,to delight,pleased,verb,"verb (delight, please, be pleasant)",G2316,God,God,T7,0,0,0,0,0,1,"For since, in the wisdom of God, the world did not know God through wisdom, it pleased God through the folly of what we preach to save those who believe."
Gal 1:16,G2106,to delight,pleased,verb,"verb (delight, please, be pleasant)",G0601,to reveal,reveal,T3,0,0,0,0,0,0,"was pleased to reveal his Son to me, in order that I might preach him among the Gentiles, I did not immediately consult with anyone;"
Col 1:19,G2106,to delight,pleased,verb,"verb (delight, please, be pleasant)",G2730,to dwell,dwell,T3,0,0,0,0,0,0,"For in him all the fullness of God was pleased to dwell,"
1Th 3:1,G2106,to delight,willing,verb,"verb (delight, please, be pleasant)",G2641,to leave behind,left behind,T3,0,0,0,0,0,0,"Therefore when we could bear it no longer, we were willing to be left behind at Athens alone,"
Heb 10:6,G2106,to delight,pleasure,verb,"verb (delight, please, be pleasant)",G0266,sin,sin offerings,M56,0,0,0,0,0,0,in burnt offerings and sin offerings you have taken no pleasure.
Heb 10:38,G2106,to delight,pleasure,verb,"verb (delight, please, be pleasant)",G5590I,soul: myself,soul,M47,0,0,0,0,1,0,"but my righteous one shall live by faith, and if he shrinks back, my soul has no pleasure in him.”"
Deu 6:18,H2896A,pleasant,good,adj,"judged good by someone (eyes, seems, suits)",H5869H,eye: seeing,sight,T14,0,1,0,0,0,1,"And you shall do what is right and good in the sight of the Lord, that it may go well with you, and that you may go in and take possession of the good land that the Lord swore to give to your fathers"
Deu 6:18,H2896A,pleasant,good,adj,qualifies the next noun (good X),H0776G,land: country/planet,land,T10,0,0,0,0,0,1,"And you shall do what is right and good in the sight of the Lord, that it may go well with you, and that you may go in and take possession of the good land that the Lord swore to give to your fathers"
Deu 12:28,H2896A,pleasant,good,adj,"judged good by someone (eyes, seems, suits)",H6213A,to make: do,do,T3,0,1,0,1,0,1,"Be careful to obey all these words that I command you, that it may go well with you and with your children after you forever, when you do what is good and right in the sight of the Lord your God."
2Sa 3:36,H2895,be pleasing,pleased,verb,"judged good by someone (eyes, seems, suits)",H3605,all,all,T2,0,1,0,1,0,0,"And all the people took notice of it, and it pleased them, as everything that the king did pleased all the people."
Psa 119:68,H2896A,pleasant,good,adj,doing good / doing well,H3190,be good,good,M05,0,0,0,1,0,0,You are good and do good; teach me your statutes.
Psa 125:4,H2896A,pleasant,good,adj,doing good / doing well,H3068G,LORD,Lord,T7,0,0,0,0,0,1,"Do good, O Lord, to those who are good, and to those who are upright in their hearts!"
Pro 21:9,H2896A,pleasant,better,adj,"comparison (better/best, than)",H3427,to dwell,live,T3,1,0,0,0,0,0,It is better to live in a corner of the housetop than in a house shared with a quarrelsome wife.
Pro 25:24,H2896A,pleasant,better,adj,"comparison (better/best, than)",H3427,to dwell,live,T3,1,0,0,0,0,0,It is better to live in a corner of the housetop than in a house shared with a quarrelsome wife.
Judg 11:25,H2895,be pleasing,better,adj,"comparison (better/best, than)",H1111,Balak,Balak,T8,1,0,0,0,0,0,"Now are you any better than Balak the son of Zippor, king of Moab? Did he ever contend against Israel, or did he ever go to war with them?"
Judg 11:25,H2895,be pleasing,Balak,verb,"verb (delight, please, be pleasant)",H1121A,son: child,son,T2,1,0,0,0,0,0,"Now are you any better than Balak the son of Zippor, king of Moab? Did he ever contend against Israel, or did he ever go to war with them?"
Pro 17:1,H2896A,pleasant,Better,adj,"comparison (better/best, than)",H2720A,dry,dry,T2,1,0,0,0,0,0,Better is a dry morsel with quiet than a house full of feasting with strife.
Deu 8:10,H2896A,pleasant,good,adj,qualifies the next noun (good X),H0776G,land: country/planet,land,T10,0,0,0,0,0,1,"And you shall eat and be full, and you shall bless the Lord your God for the good land he has given you."
Deu 8:12,H2896A,pleasant,good,adj,qualifies the next noun (good X),H1004B,house: home,houses,T2,0,0,0,0,0,0,"lest, when you have eaten and are full and have built good houses and live in them,"
Pro 14:14,H2896A,pleasant,good,adj,qualifies the next noun (good X),H0376G,man,man,T8,0,0,0,0,0,0,"The backslider in heart will be filled with the fruit of his ways, and a good man will be filled with the fruit of his ways."
Isa 66:11,H6026,to delight,delight,verb,"verb (delight, please, be pleasant)",H3519,glory,glorious,M22,0,0,0,0,0,0,that you may nurse and be satisfied from her consoling breast; that you may drink deeply with delight from her glorious abundance.”
Psa 16:11,H5273A,pleasant,pleasures,adj,qualifies the next noun (good X),H5331,perpetuity,forevermore,M34,0,0,0,0,0,0,You make known to me the path of life; in your presence there is fullness of joy; at your right hand are pleasures forevermore.
1Ch 4:40,H2896A,pleasant,good,adj,qualifies the next noun (good X),H4829,pasture,pasture,T2,0,0,0,0,0,0,"where they found rich, good pasture, and the land was very broad, quiet, and peaceful, for the former inhabitants there belonged to Ham."
1Sa 2:24,H2896A,pleasant,good,adj,qualifies the next noun (good X),H8052,tidings,report,M82,0,0,0,0,0,1,"No, my sons; it is no good report that I hear the people of the Lord spreading abroad."
Job 36:11,H5273A,pleasant,pleasantness,adj,said of something (X is good),H8141,year,years,T2,0,0,0,0,0,0,"If they listen and serve him, they complete their days in prosperity, and their years in pleasantness."
Ecc 7:5,H2896A,pleasant,better,adj,"comparison (better/best, than)",H0376I,man: anyone,man,T2,1,0,0,0,0,0,It is better for a man to hear the rebuke of the wise than to hear the song of fools.
Isa 48:14,H2656,pleasure,purpose,noun,doing good / doing well,H6213A,to make: do,perform,T3,0,0,0,1,0,1,"“ Assemble, all of you, and listen! Who among them has declared these things? The Lord loves him; he shall perform his purpose on Babylon, and his arm shall be against the Chaldeans."
Pro 23:8,H5273A,pleasant,pleasant,adj,qualifies the next noun (good X),H1697G,word,words,M65,0,0,0,0,0,0,"You will vomit up the morsels that you have eaten, and waste your pleasant words."
Jos 21:45,H2896A,pleasant,good,adj,qualifies the next noun (good X),H1697J,word: promised,promises,T2,0,0,0,0,0,1,Not one word of all the good promises that the Lord had made to the house of Israel had failed; all came to pass.
Est 1:19,H2896A,pleasant,please,adj,"comparison (better/best, than)",H4428G,king,king,M72,1,0,0,0,0,0,"If it please the king, let a royal order go out from him, and let it be written among the laws of the Persians and the Medes so that it may not be repealed, that Vashti is never again to come before King Ahasuerus. And let the king give her royal position to another who is better than she."
Est 1:19,H2896A,pleasant,better,adj,"comparison (better/best, than)",H7468,neighbor,another,T2,1,0,0,0,0,0,"If it please the king, let a royal order go out from him, and let it be written among the laws of the Persians and the Medes so that it may not be repealed, that Vashti is never again to come before King Ahasuerus. And let the king give her royal position to another who is better than she."
Psa 119:16,H8173B,to delight,delight,verb,"verb (delight, please, be pleasant)",H2708,statute,statutes,T2,0,0,0,0,0,0,I will delight in your statutes; I will not forget your word.
Pro 15:23,H2896A,pleasant,good,adj,said of something (X is good),H6256,time,season,T2,0,0,0,0,0,0,"To make an apt answer is a joy to a man, and a word in season, how good it is!"
Ecc 12:10,H2656,pleasure,delight,noun,"noun (delight, pleasure)",H1697G,word,words,M65,0,0,0,0,0,0,"The Preacher sought to find words of delight, and uprightly he wrote words of truth."
Gen 19:8,H2896A,pleasant,please,adj,"judged good by someone (eyes, seems, suits)",H6213A,to make: do,do,T3,0,1,0,1,0,0,"Behold, I have two daughters who have not known any man. Let me bring them out to you, and do to them as you please. Only do nothing to these men, for they have come under the shelter of my roof.”"
Jos 23:14,H2896A,pleasant,good,adj,qualifies the next noun (good X),H1697I,word: thing,things,T2,0,0,0,0,0,1,"“And now I am about to go the way of all the earth, and you know in your hearts and souls, all of you, that not one word has failed of all the good things that the Lord your God promised concerning you. All have come to pass for you; not one of them has failed."
Jos 23:15,H2896A,pleasant,good,adj,qualifies the next noun (good X),H1697I,word: thing,things,T2,0,0,0,0,0,1,"But just as all the good things that the Lord your God promised concerning you have been fulfilled for you, so the Lord will bring upon you all the evil things, until he has destroyed you from off this good land that the Lord your God has given you,"
Jos 23:15,H2896A,pleasant,good,adj,good set beside evil,H0127G,land: soil,land,T13,0,0,1,0,0,1,"But just as all the good things that the Lord your God promised concerning you have been fulfilled for you, so the Lord will bring upon you all the evil things, until he has destroyed you from off this good land that the Lord your God has given you,"
1Sa 25:36,H2895,be pleasing,merry,verb,"verb (delight, please, be pleasant)",H7910,drunken,drunk,T2,0,0,0,0,1,0,"And Abigail came to Nabal, and behold, he was holding a feast in his house, like the feast of a king. And Nabal’s heart was merry within him, for he was very drunk. So she told him nothing at all until the morning light."
1Ki 14:13,H2896A,pleasant,pleasing,adj,said of something (X is good),H1697I,word: thing,something,T2,0,0,0,0,0,1,"And all Israel shall mourn for him and bury him, for he only of Jeroboam shall come to the grave, because in him there is found something pleasing to the Lord, the God of Israel, in the house of Jeroboam."
2Ch 19:3,H2896A,pleasant,good,adj,said of something (X is good),H1697I,word: thing,some,T2,0,0,0,0,0,1,"Nevertheless, some good is found in you, for you destroyed the Asheroth out of the land, and have set your heart to seek God.”"
2Ch 19:11,H2896A,pleasant,upright,adj,said of something (X is good),H3068G,LORD,Lord,T7,0,0,0,0,0,1,"And behold, Amariah the chief priest is over you in all matters of the Lord; and Zebadiah the son of Ishmael, the governor of the house of Judah, in all the king’s matters, and the Levites will serve you as officers. Deal courageously, and may the Lord be with the upright!”"
Ecc 7:8,H2896A,pleasant,Better,adj,"comparison (better/best, than)",H0319,end,end,T2,1,0,0,0,0,0,"Better is the end of a thing than its beginning, and the patient in spirit is better than the proud in spirit."
Ecc 7:8,H2896A,pleasant,better,adj,"comparison (better/best, than)",H7307G,spirit,spirit,M47,1,0,0,0,1,0,"Better is the end of a thing than its beginning, and the patient in spirit is better than the proud in spirit."
Psa 119:24,H8191,delight,delight,noun,"noun (delight, pleasure)",H5713B,testimony,testimonies,T2,0,0,0,0,0,0,Your testimonies are my delight; they are my counselors.
Psa 147:10,H2654A,to delight in,delight,verb,"verb (delight, please, be pleasant)",H1369,might,strength,M23,0,0,0,0,0,0,"His delight is not in the strength of the horse, nor his pleasure in the legs of a man,"
2Sa 10:12,H2896A,pleasant,seems good,adj,"judged good by someone (eyes, seems, suits)",H5869I,eye: appearance,to him,T14,0,1,0,1,0,1,"Be of good courage, and let us be courageous for our people, and for the cities of our God, and may the Lord do what seems good to him.”"
1Ch 19:13,H2896A,pleasant,good,adj,"judged good by someone (eyes, seems, suits)",H5869I,eye: appearance,to him,T14,0,1,0,1,0,1,"Be strong, and let us use our strength for our people and for the cities of our God, and may the Lord do what seems good to him.”"
1Sa 16:23,H2896A,pleasant,well,adj,good set beside evil,H7304,be wide,refreshed,T2,0,0,1,0,1,1,"And whenever the harmful spirit from God was upon Saul, David took the lyre and played it with his hand. So Saul was refreshed and was well, and the harmful spirit departed from him."
Neh 9:20,H2896A,pleasant,good,adj,qualifies the next noun (good X),H7307G,spirit,Spirit,M47,0,0,0,0,1,0,You gave your good Spirit to instruct them and did not withhold your manna from their mouth and gave them water for their thirst.
Psa 143:10,H2896A,pleasant,good,adj,qualifies the next noun (good X),H7307G,spirit,Spirit,M47,0,0,0,0,1,1,"Teach me to do your will, for you are my God! Let your good Spirit lead me on level ground!"
Pro 16:19,H2896A,pleasant,better,adj,"comparison (better/best, than)",H8213,to abase,lowly,M53,1,0,0,0,1,0,It is better to be of a lowly spirit with the poor than to divide the spoil with the proud.
Deu 1:35,H2896A,pleasant,good,adj,good set beside evil,H0776G,land: country/planet,land,T10,0,0,1,0,0,0,"‘ Not one of these men of this evil generation shall see the good land that I swore to give to your fathers,"
Deu 4:21,H2896A,pleasant,good,adj,qualifies the next noun (good X),H0776G,land: country/planet,land,T10,0,0,0,0,0,1,"Furthermore, the Lord was angry with me because of you, and he swore that I should not cross the Jordan, and that I should not enter the good land that the Lord your God is giving you for an inheritance."
Deu 6:10,H2896A,pleasant,good,adj,qualifies the next noun (good X),H5892B,city,cities,T11,0,0,0,0,0,1,"“And when the Lord your God brings you into the land that he swore to your fathers, to Abraham, to Isaac, and to Jacob, to give you—with great and good cities that you did not build,"
Song 2:7,H2654A,to delight in,pleases,verb,"verb (delight, please, be pleasant)",H0160,love,love,M51,0,0,0,0,0,0,"I adjure you, O daughters of Jerusalem, by the gazelles or the does of the field, that you not stir up or awaken love until it pleases."
Song 3:5,H2654A,to delight in,pleases,verb,"verb (delight, please, be pleasant)",H0160,love,love,M51,0,0,0,0,0,0,"I adjure you, O daughters of Jerusalem, by the gazelles or the does of the field, that you not stir up or awaken love until it pleases."
Song 8:4,H2654A,to delight in,pleases,verb,"verb (delight, please, be pleasant)",H0160,love,love,M51,0,0,0,0,0,0,"I adjure you, O daughters of Jerusalem, that you not stir up or awaken love until it pleases."
Job 22:3,H2656,pleasure,pleasure,noun,"noun (delight, pleasure)",H7706,Almighty [God],Almighty,T7,0,0,0,0,0,0,"Is it any pleasure to the Almighty if you are in the right, or is it gain to him if you make your ways blameless?"
Gen 2:9,H2896A,pleasant,good,adj,qualifies the next noun (good X),H3978,food,food,T2,0,0,0,0,0,1,"And out of the ground the Lord God made to spring up every tree that is pleasant to the sight and good for food. The tree of life was in the midst of the garden, and the tree of the knowledge of good and evil."
Jos 7:21,H2896A,pleasant,beautiful,adj,qualifies the next noun (good X),H0155,clothing,cloak,T2,0,0,0,0,0,0,"when I saw among the spoil a beautiful cloak from Shinar, and 200 shekels of silver, and a bar of gold weighing 50 shekels, then I coveted them and took them. And see, they are hidden in the earth inside my tent, with the silver underneath.”"
Ezr 8:27,H2896A,pleasant,fine,adj,said of something (X is good),H3627,article/utensil,vessels,T12,0,0,0,0,0,0,"20 bowls of gold worth 1,000 darics, and two vessels of fine bright bronze as precious as gold."
2Pe 2:13,G2237,pleasure,pleasure,noun,"noun (delight, pleasure)",G2233,to govern,count,M72,0,0,0,0,0,0,"suffering wrong as the wage for their wrongdoing. They count it pleasure to revel in the daytime. They are blots and blemishes, reveling in their deceptions, while they feast with you."
Pro 13:15,H2896A,pleasant,Good,adj,qualifies the next noun (good X),H7922,understanding,sense,M15,0,0,0,0,0,0,"Good sense wins favor, but the way of the treacherous is their ruin."
Isa 57:4,H6026,to delight,mocking,verb,"verb (delight, please, be pleasant)",H7337,to enlarge,open,M23,0,0,0,0,0,0,"Whom are you mocking? Against whom do you open your mouth wide and stick out your tongue? Are you not children of transgression, the offspring of deceit,"
Rom 7:22,G4913,to delight,delight,verb,"verb (delight, please, be pleasant)",G3551,law,law,M54,0,0,0,0,0,1,"For I delight in the law of God, in my inner being,"
Num 14:8,H2654A,to delight in,delights,verb,"verb (delight, please, be pleasant)",H0935P,to come [in]: bring,bring,T3,0,0,0,0,0,1,"If the Lord delights in us, he will bring us into this land and give it to us, a land that flows with milk and honey."
Rut 3:13,H2896A,pleasant,good,adj,said of something (X is good),H1350A,to redeem: redeem,redeem,T3,0,0,0,0,0,1,"Remain tonight, and in the morning, if he will redeem you, good; let him do it. But if he is not willing to redeem you, then, as the Lord lives, I will redeem you. Lie down until the morning.”"
Rut 3:13,H2654A,to delight in,willing,verb,"verb (delight, please, be pleasant)",H1350A,to redeem: redeem,redeem,T3,0,0,0,0,0,1,"Remain tonight, and in the morning, if he will redeem you, good; let him do it. But if he is not willing to redeem you, then, as the Lord lives, I will redeem you. Lie down until the morning.”"
2Sa 22:20,H2654A,to delight in,delighted,verb,"verb (delight, please, be pleasant)",H2502A,to rescue,rescued,M45,0,0,0,0,0,0,"He brought me out into a broad place; he rescued me, because he delighted in me."
1Ki 9:1,H2654A,to delight in,desired,verb,doing good / doing well,H6213H,to make,build,T3,0,0,0,1,0,1,"As soon as Solomon had finished building the house of the Lord and the king’s house and all that Solomon desired to build,"
Psa 18:19,H2654A,to delight in,delighted,verb,"verb (delight, please, be pleasant)",H2502A,to rescue,rescued,M45,0,0,0,0,0,0,"He brought me out into a broad place; he rescued me, because he delighted in me."
Psa 22:8,H2654A,to delight in,delights,verb,"verb (delight, please, be pleasant)",H5337,to rescue,rescue,M45,0,0,0,0,0,1,"“He trusts in the Lord; let him deliver him; let him rescue him, for he delights in him!”"
Psa 37:23,H2654A,to delight in,delights,verb,"verb (delight, please, be pleasant)",H1870G,way: conduct,way,M76,0,0,0,0,0,1,"The steps of a man are established by the Lord, when he delights in his way;"
Psa 40:6,H2654A,to delight in,delighted,verb,"verb (delight, please, be pleasant)",H3738B,to pierce,given,T3,0,0,0,0,0,0,"In sacrifice and offering you have not delighted, but you have given me an open ear. Burnt offering and sin offering you have not required."
Psa 40:8,H2654A,to delight in,delight,verb,doing good / doing well,H6213A,to make: do,do,T3,0,0,0,1,0,1,"I delight to do your will, O my God; your law is within my heart.”"
Psa 41:11,H2654A,to delight in,delight,verb,"verb (delight, please, be pleasant)",H0341,enemy,enemy,M06,0,0,0,0,0,0,By this I know that you delight in me: my enemy will not shout in triumph over me.
Psa 51:6,H2654A,to delight in,delight,verb,"verb (delight, please, be pleasant)",H0571H,truth: true,truth,M13,0,0,0,0,0,0,"Behold, you delight in truth in the inward being, and you teach me wisdom in the secret heart."
Psa 51:16,H2654A,to delight in,delight,verb,"verb (delight, please, be pleasant)",H2077,sacrifice,sacrifice,T2,0,0,0,0,0,0,"For you will not delight in sacrifice, or I would give it; you will not be pleased with a burnt offering."
Psa 51:19,H2654A,to delight in,delight,verb,"verb (delight, please, be pleasant)",H6664G,righteousness,right,M12,0,0,0,0,0,0,"then will you delight in right sacrifices, in burnt offerings and whole burnt offerings; then bulls will be offered on your altar."
Psa 68:30,H2654A,to delight in,delight,verb,"verb (delight, please, be pleasant)",H7128,battle,war,T2,0,0,0,0,0,0,"Rebuke the beasts that dwell among the reeds, the herd of bulls with the calves of the peoples. Trample underfoot those who lust after tribute; scatter the peoples who delight in war."
Psa 73:25,H2654A,to delight in,desire,verb,"verb (delight, please, be pleasant)",H0776G,land: country/planet,earth,T10,0,0,0,0,0,0,Whom have I in heaven but you? And there is nothing on earth that I desire besides you.
Psa 109:17,H2654A,to delight in,delight,verb,"verb (delight, please, be pleasant)",H1293,blessing,blessing,M80,0,0,0,0,0,0,He loved to curse; let curses come upon him! He did not delight in blessing; may it be far from him!
Psa 115:3,H2654A,to delight in,pleases,verb,"verb (delight, please, be pleasant)",H3605,all,all,T2,0,0,0,0,0,1,Our God is in the heavens; he does all that he pleases.
Psa 119:35,H2654A,to delight in,delight,verb,"verb (delight, please, be pleasant)",H4687,commandment,commandments,M54,0,0,0,0,0,0,"Lead me in the path of your commandments, for I delight in it."
Psa 135:6,H2654A,to delight in,pleases,verb,doing good / doing well,H6213A,to make: do,does,T3,0,0,0,1,0,1,"Whatever the Lord pleases, he does, in heaven and on earth, in the seas and all deeps."
Pro 18:2,H2654A,to delight in,pleasure,verb,"verb (delight, please, be pleasant)",H8394,understanding,understanding,M15,0,0,0,0,0,0,"A fool takes no pleasure in understanding, but only in expressing his opinion."
Pro 21:1,H2654A,to delight in,will,verb,"verb (delight, please, be pleasant)",H3605,all,wherever,T2,0,0,0,0,0,1,The king’s heart is a stream of water in the hand of the Lord; he turns it wherever he will.
Ecc 8:3,H2654A,to delight in,pleases,verb,"verb (delight, please, be pleasant)",H3605,all,whatever,T2,0,0,0,0,0,0,"Be not hasty to go from his presence. Do not take your stand in an evil cause, for he does whatever he pleases."
Isa 13:17,H2654A,to delight in,delight,verb,"verb (delight, please, be pleasant)",H2091,gold,gold,T12,0,0,0,0,0,0,"Behold, I am stirring up the Medes against them, who have no regard for silver and do not delight in gold."
Isa 58:2,H2654A,to delight in,delight,verb,"verb (delight, please, be pleasant)",H1847,knowledge,know,M15,0,0,0,0,0,1,"Yet they seek me daily and delight to know my ways, as if they were a nation that did righteousness and did not forsake the judgment of their God; they ask of me righteous judgments; they delight to draw near to God."
Isa 58:2,H2654A,to delight in,delight,verb,"verb (delight, please, be pleasant)",H7132,nearness,draw near,T2,0,0,0,0,0,1,"Yet they seek me daily and delight to know my ways, as if they were a nation that did righteousness and did not forsake the judgment of their God; they ask of me righteous judgments; they delight to draw near to God."
1Ch 28:9,H2655,delighting,willing,adj,qualifies the next noun (good X),H5315G,soul,mind,M47,0,0,0,0,1,1,"“And you, Solomon my son, know the God of your father and serve him with a whole heart and with a willing mind, for the Lord searches all hearts and understands every plan and thought. If you seek him, he will be found by you, but if you forsake him, he will cast you off forever."
Psa 5:4,H2655,delighting,delights,adj,good set beside evil,H7562,wickedness,wickedness,M58,0,0,1,0,0,0,For you are not a God who delights in wickedness; evil may not dwell with you.
Psa 34:12,H2655,delighting,desires,adj,qualifies the next noun (good X),H2416E,life,life,M25,0,0,0,0,0,0,"What man is there who desires life and loves many days, that he may see good?"
1Ki 5:10,H2656,pleasure,desired,noun,"noun (delight, pleasure)",H1265,cypress,cypress,T2,0,0,0,0,0,0,"So Hiram supplied Solomon with all the timber of cedar and cypress that he desired,"
1Ki 9:11,H2656,pleasure,desired,noun,"noun (delight, pleasure)",H3605,all,much,T2,0,0,0,0,0,0,"and Hiram king of Tyre had supplied Solomon with cedar and cypress timber and gold, as much as he desired, King Solomon gave to Hiram twenty cities in the land of Galilee."
Job 21:21,H2656,pleasure,care,noun,"noun (delight, pleasure)",H1004M,house: household,houses,T2,0,0,0,0,0,0,"For what do they care for their houses after them, when the number of their months is cut off?"
Job 31:16,H2656,pleasure,desired,noun,"judged good by someone (eyes, seems, suits)",H1800,poor,poor,M09,0,1,0,0,0,0,"“ If I have withheld anything that the poor desired, or have caused the eyes of the widow to fail,"
Psa 1:2,H2656,pleasure,delight,noun,"noun (delight, pleasure)",H8451,instruction,law,M54,0,0,0,0,0,1,"but his delight is in the law of the Lord, and on his law he meditates day and night."
Psa 16:3,H2656,pleasure,delight,noun,"noun (delight, pleasure)",H3605,all,all,T2,0,0,0,0,0,0,"As for the saints in the land, they are the excellent ones, in whom is all my delight."
Psa 107:30,H2656,pleasure,desired,noun,"noun (delight, pleasure)",H5148,to lead,brought,T3,0,0,0,0,0,0,"Then they were glad that the waters were quiet, and he brought them to their desired haven."
Psa 111:2,H2656,pleasure,delight,adj,said of something (X is good),H3605,all,all,T2,0,0,0,0,0,1,"Great are the works of the Lord, studied by all who delight in them."
Pro 3:15,H2656,pleasure,desire,noun,"noun (delight, pleasure)",H3605,all,nothing,T2,1,0,0,0,0,0,"She is more precious than jewels, and nothing you desire can compare with her."
Pro 8:11,H2896A,pleasant,better,adj,"comparison (better/best, than)",H2451,wisdom,wisdom,M16,1,0,0,0,0,0,"for wisdom is better than jewels, and all that you may desire cannot compare with her."
Pro 8:11,H2656,pleasure,desire,noun,"noun (delight, pleasure)",H3605,all,all,T2,1,0,0,0,0,0,"for wisdom is better than jewels, and all that you may desire cannot compare with her."
Pro 31:13,H2656,pleasure,willing,noun,doing good / doing well,H6213A,to make: do,works,T3,0,0,0,1,0,0,"She seeks wool and flax, and works with willing hands."
Ecc 3:1,H2656,pleasure,matter,noun,"noun (delight, pleasure)",H3605,all,every,T2,0,0,0,0,0,0,"For everything there is a season, and a time for every matter under heaven:"
Ecc 5:4,H2656,pleasure,pleasure,noun,"noun (delight, pleasure)",H0369,nothing,no,T2,0,0,0,0,0,1,"When you vow a vow to God, do not delay paying it, for he has no pleasure in fools. Pay what you vow."
Ecc 5:8,H2656,pleasure,matter,noun,"noun (delight, pleasure)",H8539,to astounded,amazed,M01,0,0,0,0,0,0,"If you see in a province the oppression of the poor and the violation of justice and righteousness, do not be amazed at the matter, for the high official is watched by a higher, and there are yet higher ones over them."
Hos 8:8,H2656,pleasure,useless,noun,"noun (delight, pleasure)",H1471A,nation,among the nations,T11,0,0,0,0,0,0,Israel is swallowed up; already they are among the nations as a useless vessel.
Gen 1:4,H2896A,pleasant,good,verb,"verb (delight, please, be pleasant)",H0430G,God,God,T7,0,0,0,0,0,1,And God saw that the light was good. And God separated the light from the darkness.
Gen 1:12,H2896A,pleasant,good,verb,"verb (delight, please, be pleasant)",H7200G,to see: see,saw,T3,0,0,0,0,0,1,"The earth brought forth vegetation, plants yielding seed according to their own kinds, and trees bearing fruit in which is their seed, each according to its kind. And God saw that it was good."
Gen 1:18,H2896A,pleasant,good,verb,"verb (delight, please, be pleasant)",H7200G,to see: see,saw,T3,0,0,0,0,0,1,"to rule over the day and over the night, and to separate the light from the darkness. And God saw that it was good."
Gen 1:21,H2896A,pleasant,good,verb,"verb (delight, please, be pleasant)",H7200G,to see: see,saw,T3,0,0,0,0,0,1,"So God created the great sea creatures and every living creature that moves, with which the waters swarm, according to their kinds, and every winged bird according to its kind. And God saw that it was good."
Gen 1:25,H2896A,pleasant,good,verb,"verb (delight, please, be pleasant)",H7200G,to see: see,saw,T3,0,0,0,0,0,1,"And God made the beasts of the earth according to their kinds and the livestock according to their kinds, and everything that creeps on the ground according to its kind. And God saw that it was good."
Gen 1:31,H2896A,pleasant,good,adj,said of something (X is good),H6213H,to make,made,T3,0,0,0,0,0,1,"And God saw everything that he had made, and behold, it was very good. And there was evening and there was morning, the sixth day."
Gen 2:12,H2896A,pleasant,good,adj,qualifies the next noun (good X),H0916,bdellium,bdellium,T2,0,0,0,0,0,0,And the gold of that land is good; bdellium and onyx stone are there.
Gen 3:5,H2896A,pleasant,good,adj,good set beside evil,H3045,to know,knowing,M15,0,0,1,0,0,1,"For God knows that when you eat of it your eyes will be opened, and you will be like God, knowing good and evil.”"
Gen 6:2,H2896A,pleasant,attractive,adj,said of something (X is good),H0120G,man,man,T8,0,0,0,0,0,1,the sons of God saw that the daughters of man were attractive. And they took as their wives any they chose.
Gen 15:15,H2896A,pleasant,good,adj,qualifies the next noun (good X),H7872,greyheaded,old age,T2,0,0,0,0,0,0,"As for you, you shall go to your fathers in peace; you shall be buried in a good old age."
Gen 18:7,H2896A,pleasant,good,adj,said of something (X is good),H7390,tender,tender,M05,0,0,0,0,0,0,"And Abraham ran to the herd and took a calf, tender and good, and gave it to a young man, who prepared it quickly."
Gen 27:9,H2896A,pleasant,good,adj,qualifies the next noun (good X),H1423,kid,young,T2,0,0,0,0,0,0,"Go to the flock and bring me two good young goats, so that I may prepare from them delicious food for your father, such as he loves."
Gen 41:5,H2896A,pleasant,good,adj,said of something (X is good),H1277,fat,plump,T2,0,0,0,0,0,0,"And he fell asleep and dreamed a second time. And behold, seven ears of grain, plump and good, were growing on one stalk."
Gen 41:22,H2896A,pleasant,good,adj,said of something (X is good),H4392,full,full,T2,0,0,0,0,0,0,"I also saw in my dream seven ears growing on one stalk, full and good."
Gen 41:26,H2896A,pleasant,good,adj,qualifies the next noun (good X),H6510,heifer,cows,T13,0,0,0,0,0,0,"The seven good cows are seven years, and the seven good ears are seven years; the dreams are one."
Gen 41:26,H2896A,pleasant,good,adj,qualifies the next noun (good X),H7641B,ear,ears,T2,0,0,0,0,0,0,"The seven good cows are seven years, and the seven good ears are seven years; the dreams are one."
Gen 41:35,H2896A,pleasant,good,adj,qualifies the next noun (good X),H8141,year,years,T2,0,0,0,0,0,0,"And let them gather all the food of these good years that are coming and store up grain under the authority of Pharaoh for food in the cities, and let them keep it."
Exo 2:2,H2896A,pleasant,fine,adj,said of something (X is good),H7200G,to see: see,saw,T3,0,0,0,0,0,0,"The woman conceived and bore a son, and when she saw that he was a fine child, she hid him three months."
Exo 3:8,H2896A,pleasant,good,adj,said of something (X is good),H0776G,land: country/planet,land,T10,0,0,0,0,0,0,"and I have come down to deliver them out of the hand of the Egyptians and to bring them up out of that land to a good and broad land, a land flowing with milk and honey, to the place of the Canaanites, the Hittites, the Amorites, the Perizzites, the Hivites, and the Jebusites."
Lev 27:12,H2896A,pleasant,good,adj,good set beside evil,H6186B,to value,value,M26,0,0,1,0,0,0,"and the priest shall value it as either good or bad; as the priest values it, so it shall be."
Num 13:19,H2896A,pleasant,good,adj,good set beside evil,H3427,to dwell,dwell in,T3,0,0,1,0,0,0,"and whether the land that they dwell in is good or bad, and whether the cities that they dwell in are camps or strongholds,"
Num 14:3,H2896A,pleasant,better,adj,"comparison (better/best, than)",H0957,plunder,prey,M24,0,0,0,0,0,1,"Why is the Lord bringing us into this land, to fall by the sword? Our wives and our little ones will become a prey. Would it not be better for us to go back to Egypt?”"
Deu 3:25,H2896A,pleasant,good,adj,qualifies the next noun (good X),H0776G,land: country/planet,land,T10,0,0,0,0,0,0,"Please let me go over and see the good land beyond the Jordan, that good hill country and Lebanon.’"
Deu 3:25,H2896A,pleasant,good,adj,qualifies the next noun (good X),H2022H,mountain: hill country,hill country,T10,0,0,0,0,0,0,"Please let me go over and see the good land beyond the Jordan, that good hill country and Lebanon.’"
Deu 8:7,H2896A,pleasant,good,adj,qualifies the next noun (good X),H0776G,land: country/planet,land,T10,0,0,0,0,0,1,"For the Lord your God is bringing you into a good land, a land of brooks of water, of fountains and springs, flowing out in the valleys and hills,"
Deu 9:6,H2896A,pleasant,good,adj,qualifies the next noun (good X),H0776G,land: country/planet,land,T10,0,0,0,0,0,1,"“ Know, therefore, that the Lord your God is not giving you this good land to possess because of your righteousness, for you are a stubborn people."
Deu 23:16,H2896A,pleasant,suits,adj,"judged good by someone (eyes, seems, suits)",H8179H,gate: town,towns,T2,0,0,0,0,0,0,"He shall dwell with you, in your midst, in the place that he shall choose within one of your towns, wherever it suits him. You shall not wrong him."
Deu 28:12,H2896A,pleasant,good,adj,qualifies the next noun (good X),H0214,treasure,treasury,T2,0,0,0,0,0,1,"The Lord will open to you his good treasury, the heavens, to give the rain to your land in its season and to bless all the work of your hands. And you shall lend to many nations, but you shall not borrow."
Deu 30:9,H2896A,pleasant,prospering,adj,said of something (X is good),H7797,to rejoice,take delight,M04,0,0,0,0,0,1,"The Lord your God will make you abundantly prosperous in all the work of your hand, in the fruit of your womb and in the fruit of your cattle and in the fruit of your ground. For the Lord will again take delight in prospering you, as he took delight in your fathers,"
Jos 9:25,H2896A,pleasant,good,adj,"judged good by someone (eyes, seems, suits)",H3027H,hand: power,hand,M72 T14,0,1,0,0,0,0,"And now, behold, we are in your hand. Whatever seems good and right in your sight to do to us, do it.”"
Rut 4:15,H2896A,pleasant,more,adj,"comparison (better/best, than)",H7651,seven,seven,T2,1,0,0,0,0,0,"He shall be to you a restorer of life and a nourisher of your old age, for your daughter-in-law who loves you, who is more to you than seven sons, has given birth to him.”"
1Sa 12:23,H2896A,pleasant,good,adj,said of something (X is good),H3384B,to show,instruct,M16,0,0,0,0,0,1,"Moreover, as for me, far be it from me that I should sin against the Lord by ceasing to pray for you, and I will instruct you in the good and the right way."
1Sa 24:19,H2896A,pleasant,safe,adj,qualifies the next noun (good X),H3068G,LORD,Lord,T7,0,0,0,0,0,1,"For if a man finds his enemy, will he let him go away safe? So may the Lord reward you with good for what you have done to me this day."
1Sa 25:15,H2896A,pleasant,good,adj,said of something (X is good),H0582,human,men,T8,0,0,0,0,0,0,"Yet the men were very good to us, and we suffered no harm, and we did not miss anything when we were in the fields, as long as we went with them."
2Sa 11:2,H2896A,pleasant,beautiful,adj,said of something (X is good),H0802G,woman,woman,T8,0,0,0,0,0,0,"It happened, late one afternoon, when David arose from his couch and was walking on the roof of the king’s house, that he saw from the roof a woman bathing; and the woman was very beautiful."
2Sa 19:18,H2896A,pleasant,pleasure,adj,"judged good by someone (eyes, seems, suits)",H8096H,Shimei,Shimei,T8,0,1,0,1,0,0,"and they crossed the ford to bring over the king’s household and to do his pleasure. And Shimei the son of Gera fell down before the king, as he was about to cross the Jordan,"
1Ki 2:32,H2896A,pleasant,better,adj,"comparison (better/best, than)",H0074,Abner,Abner,T8,1,0,0,0,0,1,"The Lord will bring back his bloody deeds on his own head, because, without the knowledge of my father David, he attacked and killed with the sword two men more righteous and better than himself, Abner the son of Ner, commander of the army of Israel, and Amasa the son of Jether, commander of the army of Judah."
1Ki 20:3,H2896A,pleasant,best,adj,"comparison (better/best, than)",H0802H,woman: wife,wives,T8,0,0,0,0,0,0,‘Your silver and your gold are mine; your best wives and children also are mine.’”
2Ki 3:19,H2896A,pleasant,good,adj,qualifies the next noun (good X),H6086H,tree,tree,T13,0,0,0,0,0,0,"and you shall attack every fortified city and every choice city, and shall fell every good tree and stop up all springs of water and ruin every good piece of land with stones.”"
2Ki 3:19,H2896A,pleasant,good,adj,qualifies the next noun (good X),H2513A,portion,land,T2,0,0,0,0,0,0,"and you shall attack every fortified city and every choice city, and shall fell every good tree and stop up all springs of water and ruin every good piece of land with stones.”"
2Ki 20:3,H2896A,pleasant,good,adj,"judged good by someone (eyes, seems, suits)",H5869H,eye: seeing,sight,T14,0,1,0,1,1,1,"“ Now, O Lord, please remember how I have walked before you in faithfulness and with a whole heart, and have done what is good in your sight.” And Hezekiah wept bitterly."
1Ch 28:8,H2896A,pleasant,good,adj,qualifies the next noun (good X),H0776G,land: country/planet,land,T10,0,0,0,0,0,1,"Now therefore in the sight of all Israel, the assembly of the Lord, and in the hearing of our God, observe and seek out all the commandments of the Lord your God, that you may possess this good land and leave it for an inheritance to your children after you forever."
2Ch 3:5,H2896A,pleasant,fine,adj,qualifies the next noun (good X),H2091,gold,gold,T12,0,0,0,0,0,0,The nave he lined with cypress and covered it with fine gold and made palms and chains on it.
2Ch 3:8,H2896A,pleasant,fine,adj,qualifies the next noun (good X),H2091,gold,gold,T12,0,0,0,0,0,0,"And he made the Most Holy Place. Its length, corresponding to the breadth of the house, was twenty cubits, and its breadth was twenty cubits. He overlaid it with 600 talents of fine gold."
2Ch 14:2,H2896A,pleasant,good,adj,"judged good by someone (eyes, seems, suits)",H6213A,to make: do,did,T3,0,1,0,1,0,1,And Asa did what was good and right in the eyes of the Lord his God.
2Ch 21:13,H2896A,pleasant,better,adj,"comparison (better/best, than)",H1004M,house: household,house,T2,1,0,0,0,0,0,"but have walked in the way of the kings of Israel and have enticed Judah and the inhabitants of Jerusalem into whoredom, as the house of Ahab led Israel into whoredom, and also you have killed your brothers, of your father’s house, who were better than you,"
2Ch 31:20,H2896A,pleasant,good,adj,doing good / doing well,H6213A,to make: do,did,T3,0,0,0,1,0,1,"Thus Hezekiah did throughout all Judah, and he did what was good and right and faithful before the Lord his God."
Ezr 7:9,H2896A,pleasant,good,adj,qualifies the next noun (good X),H3027H,hand: power,hand,M72 T14,0,0,0,0,0,1,"For on the first day of the first month he began to go up from Babylonia, and on the first day of the fifth month he came to Jerusalem, for the good hand of his God was on him."
Ezr 8:18,H2896A,pleasant,good,adj,qualifies the next noun (good X),H3027H,hand: power,hand,M72 T14,0,0,0,0,0,1,"And by the good hand of our God on us, they brought us a man of discretion, of the sons of Mahli the son of Levi, son of Israel, namely Sherebiah with his sons and kinsmen, 18;"
Neh 2:8,H2896A,pleasant,good,adj,qualifies the next noun (good X),H3027H,hand: power,hand,M72 T14,0,0,0,0,0,1,"and a letter to Asaph, the keeper of the king’s forest, that he may give me timber to make beams for the gates of the fortress of the temple, and for the wall of the city, and for the house that I shall occupy.” And the king granted me what I asked, for the good hand of my God was upon me."
Est 1:11,H2896A,pleasant,lovely,adj,qualifies the next noun (good X),H4758,appearance,look at,T2,0,0,0,0,0,0,"to bring Queen Vashti before the king with her royal crown, in order to show the peoples and the princes her beauty, for she was lovely to look at."
Est 2:3,H2896A,pleasant,beautiful,adj,qualifies the next noun (good X),H5291,maiden,young,T2,0,0,0,0,0,0,"And let the king appoint officers in all the provinces of his kingdom to gather all the beautiful young virgins to the harem in Susa the citadel, under custody of Hegai, the king’s eunuch, who is in charge of the women. Let their cosmetics be given them."
Est 2:7,H2896A,pleasant,lovely,adj,qualifies the next noun (good X),H4758,appearance,look at,T2,0,0,0,0,0,0,"He was bringing up Hadassah, that is Esther, the daughter of his uncle, for she had neither father nor mother. The young woman had a beautiful figure and was lovely to look at, and when her father and her mother died, Mordecai took her as his own daughter."
Est 5:8,H2896A,pleasant,please,adj,"judged good by someone (eyes, seems, suits)",H4428G,king,king,M72,0,1,0,0,0,0,"If I have found favor in the sight of the king, and if it please the king to grant my wish and fulfill my request, let the king and Haman come to the feast that I will prepare for them, and tomorrow I will do as the king has said.”"
Est 9:19,H2896A,pleasant,holiday,adj,qualifies the next noun (good X),H3117G,day,day,T2,0,0,0,0,0,0,"Therefore the Jews of the villages, who live in the rural towns, hold the fourteenth day of the month of Adar as a day for gladness and feasting, as a holiday, and as a day on which they send gifts of food to one another."
Job 13:9,H2896A,pleasant,searches,adj,qualifies the next noun (good X),H2713,to search,out,T3,0,0,0,0,0,0,"Will it be well with you when he searches you out? Or can you deceive him, as one deceives a man?"
Job 34:4,H2896A,pleasant,good,adj,said of something (X is good),H3045,to know,know,M15,0,0,0,0,0,0,Let us choose what is right; let us know among ourselves what is good.
Psa 25:8,H2896A,pleasant,Good,adj,qualifies the next noun (good X),H3477G,upright:right,upright,M12,0,0,0,0,0,1,Good and upright is the Lord; therefore he instructs sinners in the way.
Psa 34:8,H2896A,pleasant,good,verb,"verb (delight, please, be pleasant)",H0835,blessed,Blessed,M80,0,0,0,0,0,1,"Oh, taste and see that the Lord is good! Blessed is the man who takes refuge in him!"
Psa 38:20,H2896A,pleasant,good,adj,said of something (X is good),H7291,to pursue,follow,T3,0,0,0,0,0,0,Those who render me evil for good accuse me because I follow after good.
Psa 73:1,H2896A,pleasant,good,adj,qualifies the next noun (good X),H3478,Israel,Israel,T11,0,0,0,0,0,1,"A Psalm of Asaph. Truly God is good to Israel, to those who are pure in heart."
Psa 73:28,H2896A,pleasant,good,adj,qualifies the next noun (good X),H7132,nearness,near,T2,0,0,0,0,0,1,"But for me it is good to be near God; I have made the Lord God my refuge, that I may tell of all your works."
Psa 84:10,H2896A,pleasant,better,adj,"comparison (better/best, than)",H2691A,court,courts,T2,1,0,0,0,0,1,For a day in your courts is better than a thousand elsewhere. I would rather be a doorkeeper in the house of my God than dwell in the tents of wickedness.
Psa 111:10,H2896A,pleasant,good,adj,doing good / doing well,H7922,understanding,understanding,M15,0,0,0,1,0,1,The fear of the Lord is the beginning of wisdom; all those who practice it have a good understanding. His praise endures forever!
Psa 118:8,H2896A,pleasant,better,adj,"comparison (better/best, than)",H2620,to seek refuge,take refuge,M19,1,0,0,0,0,1,It is better to take refuge in the Lord than to trust in man.
Psa 118:9,H2896A,pleasant,better,adj,"comparison (better/best, than)",H2620,to seek refuge,take refuge,M19,1,0,0,0,0,1,It is better to take refuge in the Lord than to trust in princes.
Psa 119:39,H2896A,pleasant,good,adj,said of something (X is good),H4941G,justice: judgement,rules,FLAG M12,0,0,0,0,0,0,"Turn away the reproach that I dread, for your rules are good."
Psa 119:72,H2896A,pleasant,better,adj,"comparison (better/best, than)",H6310G,lip,mouth,T14,1,0,0,0,0,0,The law of your mouth is better to me than thousands of gold and silver pieces.
Psa 128:2,H2896A,pleasant,well,verb,"verb (delight, please, be pleasant)",H0835,blessed,blessed,M80,0,0,0,0,0,0,"You shall eat the fruit of the labor of your hands; you shall be blessed, and it shall be well with you."
Psa 133:1,H2896A,pleasant,good,adj,said of something (X is good),H1732,David,David,T8,0,0,0,0,0,0,"A Song of Ascents. Of David. Behold, how good and pleasant it is when brothers dwell in unity!"
Psa 133:1,H5273A,pleasant,pleasant,adj,qualifies the next noun (good X),H0251G,brother: male-sibling,brothers,T2,0,0,0,0,0,0,"A Song of Ascents. Of David. Behold, how good and pleasant it is when brothers dwell in unity!"
Pro 2:20,H2896A,pleasant,good,adj,said of something (X is good),H1870G,way: conduct,way,M76,0,0,0,0,0,0,So you will walk in the way of the good and keep to the paths of the righteous.
Pro 3:4,H2896A,pleasant,good,adj,"judged good by someone (eyes, seems, suits)",H7922,understanding,success,M15,0,1,0,0,0,1,So you will find favor and good success in the sight of God and man.
Pro 3:14,H2896A,pleasant,better,adj,"comparison (better/best, than)",H5504,profit,gain,T2,1,0,0,0,0,0,for the gain from her is better than gain from silver and her profit better than gold.
Pro 4:2,H2896A,pleasant,good,adj,qualifies the next noun (good X),H3948,teaching,precepts,T2,0,0,0,0,0,0,for I give you good precepts; do not forsake my teaching.
Pro 8:19,H2896A,pleasant,better,adj,"comparison (better/best, than)",H6529,fruit,fruit,T2,1,0,0,0,0,0,"My fruit is better than gold, even fine gold, and my yield than choice silver."
Pro 13:22,H2896A,pleasant,good,adj,qualifies the next noun (good X),H5157,to inherit,inheritance,T3,0,0,0,0,0,0,"A good man leaves an inheritance to his children’s children, but the sinner’s wealth is laid up for the righteous."
Pro 15:3,H2896A,pleasant,good,adj,good set beside evil,H7451H,bad: evil,evil,M58,0,0,1,0,0,1,"The eyes of the Lord are in every place, keeping watch on the evil and the good."
Pro 15:15,H2896A,pleasant,cheerful,adj,good set beside evil,H3820A,heart,heart,M47,0,0,1,0,1,0,"All the days of the afflicted are evil, but the cheerful of heart has a continual feast."
Pro 15:16,H2896A,pleasant,Better,adj,"comparison (better/best, than)",H4592,little,little,T2,1,0,0,0,0,1,Better is a little with the fear of the Lord than great treasure and trouble with it.
Pro 15:17,H2896A,pleasant,Better,adj,"comparison (better/best, than)",H0737,ration,dinner,T2,1,0,0,0,0,0,Better is a dinner of herbs where love is than a fattened ox and hatred with it.
Pro 16:8,H2896A,pleasant,Better,adj,"comparison (better/best, than)",H4592,little,little,T2,1,0,0,0,0,0,Better is a little with righteousness than great revenues with injustice.
Pro 16:16,H2896A,pleasant,better,adj,"comparison (better/best, than)",H7069,to buy,get,T3,1,0,0,0,0,0,How much better to get wisdom than gold! To get understanding is to be chosen rather than silver.
Pro 16:29,H2896A,pleasant,good,adj,said of something (X is good),H1870G,way: conduct,way,M76,0,0,0,0,0,0,A man of violence entices his neighbor and leads him in a way that is not good.
Pro 19:1,H2896A,pleasant,Better,adj,"comparison (better/best, than)",H7326,be poor,poor person,M09,1,0,0,0,0,0,Better is a poor person who walks in his integrity than one who is crooked in speech and is a fool.
Pro 19:2,H2896A,pleasant,good,adj,said of something (X is good),H1847,knowledge,knowledge,M15,0,0,0,0,0,0,"Desire without knowledge is not good, and whoever makes haste with his feet misses his way."
Pro 22:9,H2896A,pleasant,bountiful,adj,"judged good by someone (eyes, seems, suits)",H5869A,eye,eye,T14,0,1,0,0,0,0,"Whoever has a bountiful eye will be blessed, for he shares his bread with the poor."
Pro 24:13,H2896A,pleasant,good,adj,qualifies the next noun (good X),H5317,honey,honeycomb,T2,0,0,0,0,0,0,"My son, eat honey, for it is good, and the drippings of the honeycomb are sweet to your taste."
Pro 24:23,H2896A,pleasant,good,adj,said of something (X is good),H4941G,justice: judgement,judging,FLAG M12,0,0,0,0,0,0,These also are sayings of the wise. Partiality in judging is not good.
Pro 25:25,H2896A,pleasant,good,adj,qualifies the next noun (good X),H8052,tidings,news,M82,0,0,0,0,1,0,"Like cold water to a thirsty soul, so is good news from a far country."
Pro 27:5,H2896A,pleasant,Better,adj,"comparison (better/best, than)",H1540I,to reveal: uncover,open,T3,1,0,0,0,0,0,Better is open rebuke than hidden love.
Pro 27:10,H2896A,pleasant,Better,adj,"comparison (better/best, than)",H7934,neighboring,neighbor,T2,1,0,0,0,0,0,"Do not forsake your friend and your father’s friend, and do not go to your brother’s house in the day of your calamity. Better is a neighbor who is near than a brother who is far away."
Pro 28:6,H2896A,pleasant,Better,adj,"comparison (better/best, than)",H7326,be poor,poor man,M09,1,0,0,0,0,0,Better is a poor man who walks in his integrity than a rich man who is crooked in his ways.
Pro 28:21,H2896A,pleasant,good,adj,said of something (X is good),H5234A,to recognize,show,T3,0,0,0,0,0,0,"To show partiality is not good, but for a piece of bread a man will do wrong."
Pro 31:18,H2896A,pleasant,profitable,adj,said of something (X is good),H5504,profit,merchandise,T2,0,0,0,0,0,0,She perceives that her merchandise is profitable. Her lamp does not go out at night.
Ecc 2:3,H2896A,pleasant,good,adj,qualifies the next noun (good X),H1121A,son: child,children,T2,0,0,0,0,0,0,"I searched with my heart how to cheer my body with wine —my heart still guiding me with wisdom —and how to lay hold on folly, till I might see what was good for the children of man to do under heaven during the few days of their life."
Ecc 2:26,H2896A,pleasant,pleases,adj,qualifies the next noun (good X),H6440G,face: before,him,T14,0,0,0,0,0,1,"For to the one who pleases him God has given wisdom and knowledge and joy, but to the sinner he has given the business of gathering and collecting, only to give to one who pleases God. This also is vanity and a striving after wind."
Ecc 2:26,H2896A,pleasant,pleases,adj,qualifies the next noun (good X),H0430G,God,God,T7,0,0,0,0,0,1,"For to the one who pleases him God has given wisdom and knowledge and joy, but to the sinner he has given the business of gathering and collecting, only to give to one who pleases God. This also is vanity and a striving after wind."
Ecc 3:12,H2896A,pleasant,better,adj,"comparison (better/best, than)",H0369,nothing,nothing,T2,1,0,0,0,0,0,I perceived that there is nothing better for them than to be joyful and to do good as long as they live;
Ecc 3:12,H2896A,pleasant,good,adj,"comparison (better/best, than)",H2416E,life,live,M25,1,0,0,1,0,0,I perceived that there is nothing better for them than to be joyful and to do good as long as they live;
Ecc 3:22,H2896A,pleasant,better,adj,"comparison (better/best, than)",H0369,nothing,nothing,T2,1,0,0,0,0,0,"So I saw that there is nothing better than that a man should rejoice in his work, for that is his lot. Who can bring him to see what will be after him?"
Ecc 4:3,H2896A,pleasant,better,adj,"comparison (better/best, than)",H1961,to be,been,T2,1,0,0,0,0,0,But better than both is he who has not yet been and has not seen the evil deeds that are done under the sun.
Ecc 4:13,H2896A,pleasant,Better,adj,"comparison (better/best, than)",H4542,poor,poor,M09,1,0,0,0,0,0,Better was a poor and wise youth than an old and foolish king who no longer knew how to take advice.
Ecc 5:5,H2896A,pleasant,better,adj,"comparison (better/best, than)",H5087,to vow,vow,T3,1,0,0,0,0,0,It is better that you should not vow than that you should vow and not pay.
Ecc 6:12,H2896A,pleasant,good,adj,qualifies the next noun (good X),H0120G,man,man,T8,0,0,0,0,0,0,"For who knows what is good for man while he lives the few days of his vain life, which he passes like a shadow? For who can tell man what will be after him under the sun?"
Ecc 7:2,H2896A,pleasant,better,adj,"comparison (better/best, than)",H1980G,to go: went,go,T3,1,0,0,0,0,0,"It is better to go to the house of mourning than to go to the house of feasting, for this is the end of all mankind, and the living will lay it to heart."
Ecc 7:11,H2896A,pleasant,good,adj,qualifies the next noun (good X),H5159,inheritance,inheritance,M46,0,0,0,0,0,0,"Wisdom is good with an inheritance, an advantage to those who see the sun."
Ecc 7:18,H2896A,pleasant,good,adj,qualifies the next noun (good X),H0270,to grasp,hold,T3,0,0,0,0,0,1,"It is good that you should take hold of this, and from that withhold not your hand, for the one who fears God shall come out from both of them."
Ecc 9:7,H2896A,pleasant,merry,adj,qualifies the next noun (good X),H3820A,heart,heart,M47,0,0,0,0,1,1,"Go, eat your bread with joy, and drink your wine with a merry heart, for God has already approved what you do."
Ecc 11:6,H2896A,pleasant,good,adj,said of something (X is good),H3787,to succeed,prosper,T3,0,0,0,0,0,0,"In the morning sow your seed, and at evening withhold not your hand, for you do not know which will prosper, this or that, or whether both alike will be good."
Ecc 11:7,H2896A,pleasant,pleasant,adj,"judged good by someone (eyes, seems, suits)",H5869A,eye,eyes,T14,0,1,0,0,0,0,"Light is sweet, and it is pleasant for the eyes to see the sun."
Ecc 12:14,H2896A,pleasant,good,adj,good set beside evil,H5956,to conceal,secret,M14,0,0,1,0,0,1,"For God will bring every deed into judgment, with every secret thing, whether good or evil."
Song 1:2,H2896A,pleasant,better,adj,"comparison (better/best, than)",H1730H,beloved: love,love,T2,1,0,0,0,0,0,Let him kiss me with the kisses of his mouth! For your love is better than wine;
Song 7:9,H2896A,pleasant,best,noun,"comparison (better/best, than)",H2441,palate,mouth,T2,0,0,0,0,0,0,"and your mouth like the best wine. It goes down smoothly for my beloved, gliding over lips and teeth."
Isa 5:9,H2896A,pleasant,beautiful,adj,qualifies the next noun (good X),H0369,nothing,without,T2,0,0,0,0,0,1,"The Lord of hosts has sworn in my hearing: “ Surely many houses shall be desolate, large and beautiful houses, without inhabitant."
Isa 65:2,H2896A,pleasant,good,adj,said of something (X is good),H1870G,way: conduct,way,M76,0,0,0,0,0,0,"I spread out my hands all the day to a rebellious people, who walk in a way that is not good, following their own devices;"
Jer 6:20,H2896A,pleasant,sweet,noun,"noun (delight, pleasure)",H7614J,Sheba,Sheba,T10,0,0,0,0,0,0,"What use to me is frankincense that comes from Sheba, or sweet cane from a distant land? Your burnt offerings are not acceptable, nor your sacrifices pleasing to me."
Jer 22:16,H2896A,pleasant,well,verb,"verb (delight, please, be pleasant)",H1847,knowledge,know,M15,0,0,0,0,0,1,He judged the cause of the poor and needy; then it was well. Is not this to know me? declares the Lord.
Jer 24:2,H2896A,pleasant,good,adj,qualifies the next noun (good X),H8384,fig,figs,T2,0,0,0,0,0,0,"One basket had very good figs, like first-ripe figs, but the other basket had very bad figs, so bad that they could not be eaten."
Jer 26:14,H2896A,pleasant,good,adj,"judged good by someone (eyes, seems, suits)",H6213A,to make: do,Do,T3,0,1,0,1,0,0,"But as for me, behold, I am in your hands. Do with me as seems good and right to you."
Jer 33:14,H2896A,pleasant,promise,adj,said of something (X is good),H6965I,to arise: establish,fulfill,T3,0,0,0,0,0,1,"“ Behold, the days are coming, declares the Lord, when I will fulfill the promise I made to the house of Israel and the house of Judah."
Jer 40:4,H2896A,pleasant,good,verb,"judged good by someone (eyes, seems, suits)",H5869I,eye: appearance,you,T14,0,1,0,0,0,0,"Now, behold, I release you today from the chains on your hands. If it seems good to you to come with me to Babylon, come, and I will look after you well, but if it seems wrong to you to come with me to Babylon, do not come. See, the whole land is before you; go wherever you think it good and right to go."
Jer 40:4,H2896A,pleasant,good,adj,"judged good by someone (eyes, seems, suits)",H5869I,eye: appearance,you,T14,0,1,0,0,0,0,"Now, behold, I release you today from the chains on your hands. If it seems good to you to come with me to Babylon, come, and I will look after you well, but if it seems wrong to you to come with me to Babylon, do not come. See, the whole land is before you; go wherever you think it good and right to go."
Lam 3:25,H2896A,pleasant,good,adj,said of something (X is good),H3068G,LORD,Lord,T7,0,0,0,0,0,1,"The Lord is good to those who wait for him, to the soul who seeks him."
Lam 3:26,H2896A,pleasant,good,adj,qualifies the next noun (good X),H3175,waiting,wait,M68,0,0,0,0,0,1,It is good that one should wait quietly for the salvation of the Lord.
Lam 3:27,H2896A,pleasant,good,adj,qualifies the next noun (good X),H1397,great man,man,T2,0,0,0,0,0,0,It is good for a man that he bear the yoke in his youth.
Lam 4:9,H2896A,pleasant,Happier,adj,"comparison (better/best, than)",H1961,to be,were,T2,1,0,0,0,0,0,"Happier were the victims of the sword than the victims of hunger, who wasted away, pierced by lack of the fruits of the field."
Eze 17:8,H2896A,pleasant,good,adj,qualifies the next noun (good X),H7704B,land: soil,soil,T13,0,0,0,0,0,0,"It had been planted on good soil by abundant waters, that it might produce branches and bear fruit and become a noble vine."
Dan 1:4,H2896A,pleasant,good,adj,qualifies the next noun (good X),H4758,appearance,appearance,T2,0,0,0,0,0,0,"youths without blemish, of good appearance and skillful in all wisdom, endowed with knowledge, understanding learning, and competent to stand in the king’s palace, and to teach them the literature and language of the Chaldeans."
Dan 1:15,H2896A,pleasant,better,adj,"comparison (better/best, than)",H4758,appearance,appearance,T2,1,0,0,0,0,0,At the end of ten days it was seen that they were better in appearance and fatter in flesh than all the youths who ate the king’s food.
Hos 4:13,H2896A,pleasant,good,adj,said of something (X is good),H6738,shadow,shade,T2,0,0,0,0,0,0,"They sacrifice on the tops of the mountains and burn offerings on the hills, under oak, poplar, and terebinth, because their shade is good. Therefore your daughters play the whore, and your brides commit adultery."
Joe 3:5,H2896A,pleasant,rich,adj,qualifies the next noun (good X),H4261,desire,treasures,M18,0,0,0,0,0,0,"For you have taken my silver and my gold, and have carried my rich treasures into your temples."
Amo 6:2,H2896A,pleasant,better,adj,"comparison (better/best, than)",H4467,kingdom,kingdoms,M72,1,0,0,0,0,0,"Pass over to Calneh, and see, and from there go to Hamath the great; then go down to Gath of the Philistines. Are you better than these kingdoms? Or is their territory greater than your territory,"
Jon 4:3,H2896A,pleasant,better,adj,"comparison (better/best, than)",H4194,death,to die,M25 T10,1,0,0,0,1,1,"Therefore now, O Lord, please take my life from me, for it is better for me to die than to live.”"
Mic 7:4,H2896A,pleasant,best,adj,"comparison (better/best, than)",H2312,briar,like a brier,T2,0,0,0,0,0,0,"The best of them is like a brier, the most upright of them a thorn hedge. The day of your watchmen, of your punishment, has come; now their confusion is at hand."
Nah 3:4,H2896A,pleasant,and,adj,qualifies the next noun (good X),H1172,mistress,of,T2,0,0,0,0,0,0,"And all for the countless whorings of the prostitute, graceful and of deadly charms, who betrays nations with her whorings, and peoples with her charms."
Song 7:6,H5276,be pleasant,pleasant,verb,"verb (delight, please, be pleasant)",H0160,love,loved one,M51,0,0,0,0,0,0,"How beautiful and pleasant you are, O loved one, with all your delights!"
Jer 6:2,H6026,to delight,delicately bred,verb,"verb (delight, please, be pleasant)",H1819,to resemble,destroy,T3,0,0,0,0,0,0,"The lovely and delicately bred I will destroy, the daughter of Zion."
2Sa 1:23,H5273A,pleasant,lovely,adj,said of something (X is good),H0157G,to love: lover,beloved,M51,1,0,0,0,0,0,"“ Saul and Jonathan, beloved and lovely! In life and in death they were not divided; they were swifter than eagles; they were stronger than lions."
Psa 16:6,H5273A,pleasant,pleasant places,adj,said of something (X is good),H5307G,to fall: fall,fallen,T3,0,0,0,0,0,0,"The lines have fallen for me in pleasant places; indeed, I have a beautiful inheritance."
Pro 22:18,H5273A,pleasant,pleasant,adj,qualifies the next noun (good X),H8104H,to keep: guard,keep,M74,0,0,0,0,0,0,"for it will be pleasant if you keep them within you, if all of them are ready on your lips."
Song 1:16,H5273A,pleasant,truly,adj,qualifies the next noun (good X),H6210,bed,couch,T12,0,0,0,0,0,0,"Behold, you are beautiful, my beloved, truly delightful. Our couch is green;"
2Sa 1:26,H5276,be pleasant,pleasant,verb,"verb (delight, please, be pleasant)",H0160,love,love,M51,0,0,0,0,0,0,"I am distressed for you, my brother Jonathan; very pleasant have you been to me; your love to me was extraordinary, surpassing the love of women."
Pro 2:10,H5276,be pleasant,pleasant,verb,"verb (delight, please, be pleasant)",H5315G,soul,soul,M47,0,0,0,0,1,0,"for wisdom will come into your heart, and knowledge will be pleasant to your soul;"
Pro 9:17,H5276,be pleasant,pleasant,verb,"verb (delight, please, be pleasant)",H5643A,secrecy,secret,T2,0,0,0,0,0,0,"“ Stolen water is sweet, and bread eaten in secret is pleasant.”"
Pro 24:25,H5276,be pleasant,delight,verb,"verb (delight, please, be pleasant)",H2896B,good,good,M05,0,0,0,0,0,0,"but those who rebuke the wicked will have delight, and a good blessing will come upon them."
Eze 32:19,H5276,be pleasant,beauty,verb,"verb (delight, please, be pleasant)",H3381,to go down,Go down,T3,0,0,0,0,0,0,‘ Whom do you surpass in beauty? Go down and be laid to rest with the uncircumcised.’
Isa 17:10,H5282,pleasantness,pleasant,noun,"noun (delight, pleasure)",H5193,to plant,plant,T3,0,0,0,0,0,1,"For you have forgotten the God of your salvation and have not remembered the Rock of your refuge; therefore, though you plant pleasant plants and sow the vine-branch of a stranger,"
Psa 37:4,H6026,to delight,Delight,verb,"verb (delight, please, be pleasant)",H3068G,LORD,Lord,T7,0,0,0,0,0,1,"Delight yourself in the Lord, and he will give you the desires of your heart."
Deu 28:56,H6026,to delight,delicate,verb,"judged good by someone (eyes, seems, suits)",H7391,tenderness,tender,M05,0,1,1,0,0,0,"The most tender and refined woman among you, who would not venture to set the sole of her foot on the ground because she is so delicate and tender, will begrudge to the husband she embraces, to her son and to her daughter,"
Job 22:26,H6026,to delight,delight,verb,"verb (delight, please, be pleasant)",H7706,Almighty [God],Almighty,T7,0,0,0,0,0,0,For then you will delight yourself in the Almighty and lift up your face to God.
Psa 37:11,H6026,to delight,delight,verb,"verb (delight, please, be pleasant)",H7230,abundance,abundant,M46,0,0,0,0,0,0,But the meek shall inherit the land and delight themselves in abundant peace.
Isa 13:22,H6027,delight,pleasant,noun,"noun (delight, pleasure)",H8577A,jackal,jackals,T13,0,0,0,0,0,0,"Hyenas will cry in its towers, and jackals in the pleasant palaces; its time is close at hand and its days will not be prolonged."
Psa 119:47,H8173B,to delight,delight,verb,"verb (delight, please, be pleasant)",H4687,commandment,commandments,M54,0,0,0,0,0,0,"for I find my delight in your commandments, which I love."
Psa 119:70,H8173B,to delight,delight,verb,"verb (delight, please, be pleasant)",H8451,instruction,law,M54,0,0,0,0,0,0,"their heart is unfeeling like fat, but I delight in your law."
Isa 11:8,H8173B,to delight,play,verb,"verb (delight, please, be pleasant)",H2352,cavern,hole,T2,0,0,0,0,0,0,"The nursing child shall play over the hole of the cobra, and the weaned child shall put his hand on the adder’s den."
Psa 119:174,H8191,delight,delight,noun,"noun (delight, pleasure)",H8451,instruction,law,M54,0,0,0,0,0,1,"I long for your salvation, O Lord, and your law is my delight."
Pro 8:30,H8191,delight,delight,noun,"noun (delight, pleasure)",H3117J,day: daily,daily,T2,0,0,0,0,0,0,"then I was beside him, like a master workman, and I was daily his delight, rejoicing before him always,"
Pro 8:31,H8191,delight,delighting,noun,"noun (delight, pleasure)",H0776G,land: country/planet,world,T10,0,0,0,0,0,0,rejoicing in his inhabited world and delighting in the children of man.
Isa 5:7,H8191,delight,pleasant,noun,"noun (delight, pleasure)",H3063G,Judah,Judah,T11,0,0,0,0,0,1,"For the vineyard of the Lord of hosts is the house of Israel, and the men of Judah are his pleasant planting; and he looked for justice, but behold, bloodshed; for righteousness, but behold, an outcry!"
Jam 4:3,G2237,pleasure,passions,noun,"noun (delight, pleasure)",G1159,to spend,spend,T3,0,0,0,0,0,0,"You ask and do not receive, because you ask wrongly, to spend it on your passions."
1Jo 3:22,G0701,pleasing,pleases,adj,doing good / doing well,G4160G,to do/make: do,do,T3,0,0,0,1,0,0,"and whatever we ask we receive from him, because we keep his commandments and do what pleases him."
Joh 8:29,G0701,pleasing,pleasing to,adj,doing good / doing well,G4160G,to do/make: do,do,T3,0,0,0,1,0,0,"And he who sent me is with me. He has not left me alone, for I always do the things that are pleasing to him.”"
Act 12:3,G0701,pleasing,pleased,adj,qualifies the next noun (good X),G2453,Jew,Jews,T11,0,0,0,0,0,0,"and when he saw that it pleased the Jews, he proceeded to arrest Peter also. This was during the days of Unleavened Bread."
Psa 27:4,H5278,pleasantness,beauty,noun,"noun (delight, pleasure)",H2372,to see,gaze,T3,0,0,0,0,0,1,"One thing have I asked of the Lord, that will I seek after: that I may dwell in the house of the Lord all the days of my life, to gaze upon the beauty of the Lord and to inquire in his temple."
Num 24:1,H2895,be pleasing,pleased,verb,"judged good by someone (eyes, seems, suits)",H3068G,LORD,Lord,T7,0,1,0,0,0,1,"When Balaam saw that it pleased the Lord to bless Israel, he did not go, as at other times, to look for omens, but set his face toward the wilderness."
Psa 90:17,H5278,pleasantness,favor,noun,"noun (delight, pleasure)",H0136,Lord [God],Lord,T2,0,0,0,0,0,1,"Let the favor of the Lord our God be upon us, and establish the work of our hands upon us; yes, establish the work of our hands!"
Pro 16:24,H5278,pleasantness,Gracious,noun,"noun (delight, pleasure)",H0561,word,words,M65,0,0,0,0,0,0,"Gracious words are like a honeycomb, sweetness to the soul and health to the body."
Num 24:5,H2895,be pleasing,lovely,verb,"verb (delight, please, be pleasant)",H0168G,tent,tents,T10,0,0,0,0,0,0,"How lovely are your tents, O Jacob, your encampments, O Israel!"
1Sa 2:26,H2895,be pleasing,favor,adj,qualifies the next noun (good X),H3068G,LORD,Lord,T7,0,0,0,0,0,1,Now the boy Samuel continued to grow both in stature and in favor with the Lord and also with man.
Pro 3:17,H5278,pleasantness,pleasantness,noun,"noun (delight, pleasure)",H1870G,way: conduct,ways,M76,0,0,0,0,0,0,"Her ways are ways of pleasantness, and all her paths are peace."
2Ti 3:4,G5369,pleasure-loving,pleasure,adj,said of something (X is good),G5187,be conceited,conceit,M08,1,0,0,0,0,0,"treacherous, reckless, swollen with conceit, lovers of pleasure rather than lovers of God,"
Jam 4:1,G2237,pleasure,passions,noun,"noun (delight, pleasure)",G3163,quarrel,fights,M02,0,0,0,0,0,0,"What causes quarrels and what causes fights among you? Is it not this, that your passions are at war within you?"
