folder_path,top_level_root,depth,parent_path,direct_file_count,recursive_file_count,direct_subfolder_count,top_ext_direct,last_modified_direct,governed_by_setting,manifest_category,manifest_currency,type,status,usage_description,added_at,last_reviewed_at
,(repo root),0,,8,14225,17,"(none):3, .md:3, .code-workspace:1, .py:1",2026-08-18T12:04:35Z,,,,,,,2026-08-28T05:41:51Z,
.obsidian,.obsidian,1,,4,4,0,.json:4,2026-08-27T05:47:24Z,,,,,,,2026-08-28T05:41:51Z,
Logs,Logs,1,,54,569,4,.md:54,2026-08-28T03:59:17Z,governance.session_log_dir,,,operations,authoritative,,2026-08-28T05:41:51Z,2026-08-28T05:43:10Z
Logs/Dimension_Review_logs,Logs,2,Logs,63,63,0,".md:62, .json:1",2026-07-12T05:02:53Z,,,,,,,2026-08-28T05:41:51Z,
Logs/Verse_Context_logs,Logs,2,Logs,239,239,1,".md:229, .zip:7, .json:2, .txt:1",2026-07-12T05:02:53Z,,,,,,,2026-08-28T05:41:51Z,
Logs/Verse_Context_logs/archive,Logs,3,Logs/Verse_Context_logs,0,0,0,,,,,,,,,2026-08-28T05:41:51Z,
Logs/archive,Logs,2,Logs,147,208,1,".md:144, .docx:3",2026-07-30T17:36:15Z,,,,,,,2026-08-28T05:41:51Z,
Logs/archive/Sessionlogs,Logs,3,Logs/archive,49,61,1,".md:45, .json:4",2026-07-12T05:02:57Z,,,,,,,2026-08-28T05:41:51Z,
Logs/archive/Sessionlogs/archive,Logs,4,Logs/archive/Sessionlogs,12,12,0,".md:10, .json:2",2026-07-12T05:00:00Z,,,,,,,2026-08-28T05:41:51Z,
Logs/files gap analysis 20260513,Logs,2,Logs,5,5,0,".md:4, .json:1",2026-05-13T05:07:50Z,,,,,,,2026-08-28T05:41:51Z,
Workflow,Workflow,1,,0,889,16,,,,,,,,,2026-08-28T05:41:51Z,
Workflow/Catalogue,Workflow,2,Workflow,2,2,0,.md:2,2026-07-14T07:42:53Z,,,,,,,2026-08-28T05:41:51Z,
Workflow/Chat_responses,Workflow,2,Workflow,0,16,1,,,,,,,,,2026-08-28T05:41:51Z,
Workflow/Chat_responses/archive,Workflow,3,Workflow/Chat_responses,16,16,0,"(none):8, .txt:5, .csv:2, .md:1",2026-08-20T13:30:13Z,,,,,,,2026-08-28T05:41:51Z,
Workflow/Claude_API,Workflow,2,Workflow,1,1,0,.md:1,2026-08-15T07:44:27Z,,,,,,,2026-08-28T05:41:51Z,
Workflow/Clusters,Workflow,2,Workflow,1,33,1,.md:1,2026-07-12T05:02:55Z,,,,,,,2026-08-28T05:41:51Z,
Workflow/Clusters/archive,Workflow,3,Workflow/Clusters,32,32,0,".md:26, .json:6",2026-07-12T05:02:55Z,,,,,,,2026-08-28T05:41:51Z,
Workflow/Global_rules,Workflow,2,Workflow,5,5,0,".md:4, .json:1",2026-07-12T05:02:55Z,,,,,,,2026-08-28T05:41:51Z,
Workflow/Instructions,Workflow,2,Workflow,25,61,2,.md:25,2026-08-18T09:17:07Z,method.inner_being_narrative_guidance_path; method.interpretation_questions_path; method.narrative_hard_constraints_path; method.passage_read_guidance_path,,,operations,authoritative,,2026-08-28T05:41:51Z,2026-08-28T05:43:10Z
Workflow/Instructions/archive,Workflow,3,Workflow/Instructions,35,35,0,".md:32, .json:2, .docx:1",2026-07-12T05:02:55Z,,,,,,,2026-08-28T05:41:51Z,
Workflow/Instructions/proposals,Workflow,3,Workflow/Instructions,1,1,0,.md:1,2026-07-12T04:59:59Z,,,,,,,2026-08-28T05:41:51Z,
Workflow/Obsidian,Workflow,2,Workflow,1,1,0,.md:1,2026-08-15T06:11:10Z,,,,,,,2026-08-28T05:41:51Z,
Workflow/Programme,Workflow,2,Workflow,0,158,6,,,,,,,,,2026-08-28T05:41:51Z,
Workflow/Programme/.obsidian,Workflow,3,Workflow/Programme,4,4,0,.json:4,2026-08-26T10:10:39Z,,,,,,,2026-08-28T05:41:51Z,
Workflow/Programme/Corpus_prose,Workflow,3,Workflow/Programme,2,2,0,.md:2,2026-07-12T05:02:55Z,,,,,,,2026-08-28T05:41:51Z,
Workflow/Programme/Program_reports,Workflow,3,Workflow/Programme,5,21,1,.md:5,2026-07-12T05:02:55Z,,,,,,,2026-08-28T05:41:51Z,
Workflow/Programme/Program_reports/archive,Workflow,4,Workflow/Programme/Program_reports,16,16,0,".md:11, .json:3, .docx:2",2026-07-12T05:02:55Z,,,,,,,2026-08-28T05:41:51Z,
Workflow/Programme/programme_analysis,Workflow,3,Workflow/Programme,0,29,1,,,,,,,,,2026-08-28T05:41:51Z,
Workflow/Programme/programme_analysis/archive,Workflow,4,Workflow/Programme/programme_analysis,29,29,0,".md:23, .json:5, .csv:1",2026-07-12T05:02:55Z,,,,,,,2026-08-28T05:41:51Z,
Workflow/Programme/programme_prose,Workflow,3,Workflow/Programme,12,16,1,".json:6, .md:6",2026-08-27T09:24:17Z,,,,,,,2026-08-28T05:41:51Z,
Workflow/Programme/programme_prose/archive,Workflow,4,Workflow/Programme/programme_prose,4,4,0,".json:2, .md:2",2026-08-14T14:58:03Z,,,,,,,2026-08-28T05:41:51Z,
Workflow/Programme/prose-edits,Workflow,3,Workflow/Programme,6,86,3,.md:6,2026-08-22T13:57:05Z,,,,,,,2026-08-28T05:41:51Z,
Workflow/Programme/prose-edits/archive,Workflow,4,Workflow/Programme/prose-edits,10,10,0,.md:10,2026-08-27T09:42:01Z,,,,,,,2026-08-28T05:41:51Z,
Workflow/Programme/prose-edits/chapters-4-6,Workflow,4,Workflow/Programme/prose-edits,39,39,0,.md:39,2026-08-14T20:17:03Z,,,,,,,2026-08-28T05:41:51Z,
Workflow/Programme/prose-edits/programme-chapters-4-6,Workflow,4,Workflow/Programme/prose-edits,31,31,0,.md:31,2026-08-14T20:20:05Z,,,,,,,2026-08-28T05:41:51Z,
Workflow/SQLite,Workflow,2,Workflow,2,2,0,".sqlite3-query:1, .md:1",2026-08-20T13:31:15Z,,,,,,,2026-08-28T05:41:51Z,
Workflow/Sciences,Workflow,2,Workflow,3,12,1,.md:3,2026-07-12T05:00:00Z,,,,,,,2026-08-28T05:41:51Z,
Workflow/Sciences/archive,Workflow,3,Workflow/Sciences,9,9,0,".md:7, .zip:1, .html:1",2026-07-12T05:00:00Z,,,,,,,2026-08-28T05:41:51Z,
Workflow/Tiers,Workflow,2,Workflow,2,36,1,.md:2,2026-07-12T05:02:55Z,,,,,,,2026-08-28T05:41:51Z,
Workflow/Tiers/archive,Workflow,3,Workflow/Tiers,34,34,0,".md:30, .json:4",2026-07-12T05:02:55Z,,,,,,,2026-08-28T05:41:51Z,
Workflow/archive,Workflow,2,Workflow,87,87,0,".md:74, .json:10, .docx:3",2026-07-14T04:44:51Z,,,,,,,2026-08-28T05:41:51Z,
Workflow/methodology,Workflow,2,Workflow,56,135,2,".md:55, .zip:1",2026-08-11T03:43:39Z,,,,,,,2026-08-28T05:41:51Z,
Workflow/methodology/archive,Workflow,3,Workflow/methodology,65,65,0,".md:55, .docx:5, .json:4, .html:1",2026-07-12T05:02:55Z,,,,,,,2026-08-28T05:41:51Z,
Workflow/methodology/lexical analysis test - cycle 1,Workflow,3,Workflow/methodology,14,14,0,".md:12, .csv:2",2026-07-14T04:17:36Z,,,,,,,2026-08-28T05:41:51Z,
Workflow/reference,Workflow,2,Workflow,8,8,1,".json:4, .md:3, .docx:1",2026-07-12T05:02:55Z,,,,,,,2026-08-28T05:41:51Z,
Workflow/reference/archive,Workflow,3,Workflow/reference,0,0,0,,,,,,,,,2026-08-28T05:41:51Z,
Workflow/registry,Workflow,2,Workflow,4,4,0,".md:3, .json:1",2026-07-12T05:02:55Z,,,,,,,2026-08-28T05:41:51Z,
Workflow/schema,Workflow,2,Workflow,43,328,1,".csv:35, .json:4, .md:3, .sql:1",2026-08-28T05:40:44Z,configmaint.csv_export_dir; report.schema_overview_path; table_export.output_dir,,,operations,authoritative,,2026-08-28T05:41:51Z,2026-08-28T05:43:10Z
Workflow/schema/archive,Workflow,3,Workflow/schema,285,285,0,".csv:272, .json:12, .pre_dbr_bak:1",2026-08-28T03:57:11Z,,,,,,,2026-08-28T05:41:51Z,
_analytics,_analytics,1,,0,6577,12,,,,,,,,,2026-08-28T05:41:51Z,
_analytics/bible_books,_analytics,2,_analytics,4,3109,71,".md:2, .base:1, .canvas:1",2026-08-26T06:20:29Z,report.verse_analysis_output_dir,,,operations,authoritative,,2026-08-28T05:41:51Z,2026-08-28T05:41:57Z
_analytics/bible_books/1Chr,_analytics,3,_analytics/bible_books,1,1,0,.md:1,2026-08-09T13:47:52Z,,,,,,,2026-08-28T05:41:51Z,
_analytics/bible_books/1Cor,_analytics,3,_analytics/bible_books,1,1,0,.md:1,2026-08-09T06:08:53Z,,,,,,,2026-08-28T05:41:51Z,
_analytics/bible_books/1John,_analytics,3,_analytics/bible_books,1,1,0,.md:1,2026-08-09T07:07:51Z,,,,,,,2026-08-28T05:41:51Z,
_analytics/bible_books/1Kgs,_analytics,3,_analytics/bible_books,1,1,0,.md:1,2026-08-09T13:45:48Z,,,,,,,2026-08-28T05:41:51Z,
_analytics/bible_books/1Pet,_analytics,3,_analytics/bible_books,1,1,0,.md:1,2026-08-09T07:06:48Z,,,,,,,2026-08-28T05:41:51Z,
_analytics/bible_books/1Sam,_analytics,3,_analytics/bible_books,1,1,0,.md:1,2026-08-09T13:43:56Z,,,,,,,2026-08-28T05:41:51Z,
_analytics/bible_books/1Thess,_analytics,3,_analytics/bible_books,1,1,0,.md:1,2026-08-09T06:12:46Z,,,,,,,2026-08-28T05:41:51Z,
_analytics/bible_books/1Tim,_analytics,3,_analytics/bible_books,1,1,0,.md:1,2026-08-09T06:14:14Z,,,,,,,2026-08-28T05:41:51Z,
_analytics/bible_books/2Chr,_analytics,3,_analytics/bible_books,1,1,0,.md:1,2026-08-09T13:49:05Z,,,,,,,2026-08-28T05:41:51Z,
_analytics/bible_books/2Cor,_analytics,3,_analytics/bible_books,1,1,0,.md:1,2026-08-09T07:44:09Z,,,,,,,2026-08-28T05:41:51Z,
_analytics/bible_books/2John,_analytics,3,_analytics/bible_books,1,1,0,.md:1,2026-08-09T07:08:25Z,,,,,,,2026-08-28T05:41:51Z,
_analytics/bible_books/2Kgs,_analytics,3,_analytics/bible_books,1,1,0,.md:1,2026-08-09T13:46:54Z,,,,,,,2026-08-28T05:41:51Z,
_analytics/bible_books/2Pet,_analytics,3,_analytics/bible_books,1,1,0,.md:1,2026-08-09T07:07:13Z,,,,,,,2026-08-28T05:41:51Z,
_analytics/bible_books/2Sam,_analytics,3,_analytics/bible_books,1,1,0,.md:1,2026-08-09T13:44:45Z,,,,,,,2026-08-28T05:41:51Z,
_analytics/bible_books/2Thess,_analytics,3,_analytics/bible_books,1,1,0,.md:1,2026-08-09T06:13:39Z,,,,,,,2026-08-28T05:41:51Z,
_analytics/bible_books/2Tim,_analytics,3,_analytics/bible_books,1,1,0,.md:1,2026-08-09T06:14:42Z,,,,,,,2026-08-28T05:41:51Z,
_analytics/bible_books/3John,_analytics,3,_analytics/bible_books,1,1,0,.md:1,2026-08-09T07:08:48Z,,,,,,,2026-08-28T05:41:51Z,
_analytics/bible_books/Acts,_analytics,3,_analytics/bible_books,1,1,0,.md:1,2026-08-09T06:06:52Z,,,,,,,2026-08-28T05:41:51Z,
_analytics/bible_books/Amos,_analytics,3,_analytics/bible_books,3,22,4,.md:3,2026-08-09T13:59:47Z,,,,,,,2026-08-28T05:41:51Z,
_analytics/bible_books/Amos/_seg,_analytics,4,_analytics/bible_books/Amos,1,1,0,.json:1,2026-07-04T09:57:51Z,,,,,,,2026-08-28T05:41:51Z,
_analytics/bible_books/Amos/archive,_analytics,4,_analytics/bible_books/Amos,1,1,0,.md:1,2026-08-02T12:39:10Z,,,,,,,2026-08-28T05:41:51Z,
_analytics/bible_books/Amos/phase1-views,_analytics,4,_analytics/bible_books/Amos,9,9,0,.md:9,2026-07-12T05:02:57Z,,,,,,,2026-08-28T05:41:51Z,
_analytics/bible_books/Amos/readings,_analytics,4,_analytics/bible_books/Amos,8,8,0,.md:8,2026-07-12T05:00:51Z,,,,,,,2026-08-28T05:41:51Z,
_analytics/bible_books/Col,_analytics,3,_analytics/bible_books,1,1,0,.md:1,2026-08-09T08:48:21Z,,,,,,,2026-08-28T05:41:51Z,
_analytics/bible_books/Dan,_analytics,3,_analytics/bible_books,27,158,4,".md:26, .pdf:1",2026-08-08T07:12:18Z,,,,,,,2026-08-28T05:41:51Z,
_analytics/bible_books/Dan/_seg,_analytics,4,_analytics/bible_books/Dan,1,1,0,.json:1,2026-07-04T10:46:17Z,,,,,,,2026-08-28T05:41:51Z,
_analytics/bible_books/Dan/archive,_analytics,4,_analytics/bible_books/Dan,106,106,0,".md:105, .html:1",2026-08-08T05:57:47Z,,,,,,,2026-08-28T05:41:51Z,
_analytics/bible_books/Dan/phase1-views,_analytics,4,_analytics/bible_books/Dan,12,12,0,.md:12,2026-08-04T14:05:21Z,,,,,,,2026-08-28T05:41:51Z,
_analytics/bible_books/Dan/readings,_analytics,4,_analytics/bible_books/Dan,12,12,0,.md:12,2026-07-12T05:00:52Z,,,,,,,2026-08-28T05:41:51Z,
_analytics/bible_books/Deut,_analytics,3,_analytics/bible_books,2,2,0,.md:2,2026-08-09T13:41:01Z,,,,,,,2026-08-28T05:41:51Z,
_analytics/bible_books/Eccl,_analytics,3,_analytics/bible_books,2,27,3,.md:2,2026-08-09T13:53:40Z,,,,,,,2026-08-28T05:41:51Z,
_analytics/bible_books/Eccl/_seg,_analytics,4,_analytics/bible_books/Eccl,1,1,0,.json:1,2026-07-03T17:07:26Z,,,,,,,2026-08-28T05:41:51Z,
_analytics/bible_books/Eccl/phase1-views,_analytics,4,_analytics/bible_books/Eccl,12,12,0,.md:12,2026-07-12T05:02:57Z,,,,,,,2026-08-28T05:41:51Z,
_analytics/bible_books/Eccl/readings,_analytics,4,_analytics/bible_books/Eccl,12,12,0,.md:12,2026-07-12T05:00:52Z,,,,,,,2026-08-28T05:41:51Z,
_analytics/bible_books/Eph,_analytics,3,_analytics/bible_books,1,1,0,.md:1,2026-08-09T06:10:59Z,,,,,,,2026-08-28T05:41:51Z,
_analytics/bible_books/Esth,_analytics,3,_analytics/bible_books,1,1,0,.md:1,2026-08-09T13:50:38Z,,,,,,,2026-08-28T05:41:51Z,
_analytics/bible_books/Exod,_analytics,3,_analytics/bible_books,6,68,4,.md:6,2026-08-09T13:38:17Z,,,,,,,2026-08-28T05:41:51Z,
_analytics/bible_books/Exod/_reports,_analytics,4,_analytics/bible_books/Exod,3,3,0,.md:3,2026-07-12T05:02:57Z,,,,,,,2026-08-28T05:41:51Z,
_analytics/bible_books/Exod/_seg,_analytics,4,_analytics/bible_books/Exod,6,6,0,".json:5, .md:1",2026-07-12T05:00:52Z,,,,,,,2026-08-28T05:41:51Z,
_analytics/bible_books/Exod/_synthesis,_analytics,4,_analytics/bible_books/Exod,5,5,0,.md:5,2026-07-12T05:00:52Z,,,,,,,2026-08-28T05:41:51Z,
_analytics/bible_books/Exod/readings,_analytics,4,_analytics/bible_books/Exod,48,48,0,.md:48,2026-07-12T05:02:57Z,,,,,,,2026-08-28T05:41:51Z,
_analytics/bible_books/Ezek,_analytics,3,_analytics/bible_books,2,83,3,.md:2,2026-08-09T13:59:26Z,,,,,,,2026-08-28T05:41:51Z,
_analytics/bible_books/Ezek/_seg,_analytics,4,_analytics/bible_books/Ezek,7,7,0,.json:7,2026-07-04T12:15:45Z,,,,,,,2026-08-28T05:41:51Z,
_analytics/bible_books/Ezek/phase1-views,_analytics,4,_analytics/bible_books/Ezek,48,48,0,.md:48,2026-07-12T05:02:57Z,,,,,,,2026-08-28T05:41:51Z,
_analytics/bible_books/Ezek/readings,_analytics,4,_analytics/bible_books/Ezek,26,26,0,.md:26,2026-07-12T05:00:53Z,,,,,,,2026-08-28T05:41:51Z,
_analytics/bible_books/Ezra,_analytics,3,_analytics/bible_books,1,1,0,.md:1,2026-08-09T13:49:33Z,,,,,,,2026-08-28T05:41:51Z,
_analytics/bible_books/Gal,_analytics,3,_analytics/bible_books,1,1,0,.md:1,2026-08-09T06:10:14Z,,,,,,,2026-08-28T05:41:51Z,
_analytics/bible_books/Gen,_analytics,3,_analytics/bible_books,6,89,3,.md:6,2026-08-09T13:37:10Z,,,,,,,2026-08-28T05:41:51Z,
_analytics/bible_books/Gen/_seg,_analytics,4,_analytics/bible_books/Gen,6,6,0,".json:4, .md:2",2026-07-12T05:00:53Z,,,,,,,2026-08-28T05:41:51Z,
_analytics/bible_books/Gen/_synthesis,_analytics,4,_analytics/bible_books/Gen,8,8,0,".md:4, .txt:4",2026-07-12T05:00:53Z,,,,,,,2026-08-28T05:41:51Z,
_analytics/bible_books/Gen/readings,_analytics,4,_analytics/bible_books/Gen,69,69,0,.md:69,2026-07-12T05:02:57Z,,,,,,,2026-08-28T05:41:51Z,
_analytics/bible_books/Hab,_analytics,3,_analytics/bible_books,1,8,4,.md:1,2026-08-09T14:00:17Z,,,,,,,2026-08-28T05:41:51Z,
_analytics/bible_books/Hab/Habakkuk,_analytics,4,_analytics/bible_books/Hab,0,0,0,,,,,,,,,2026-08-28T05:41:51Z,
_analytics/bible_books/Hab/_seg,_analytics,4,_analytics/bible_books/Hab,1,1,0,.json:1,2026-07-04T07:38:22Z,,,,,,,2026-08-28T05:41:51Z,
_analytics/bible_books/Hab/phase1-views,_analytics,4,_analytics/bible_books/Hab,3,3,0,.md:3,2026-07-12T05:02:57Z,,,,,,,2026-08-28T05:41:51Z,
_analytics/bible_books/Hab/readings,_analytics,4,_analytics/bible_books/Hab,3,3,0,.md:3,2026-07-12T05:00:55Z,,,,,,,2026-08-28T05:41:51Z,
_analytics/bible_books/Hag,_analytics,3,_analytics/bible_books,1,6,3,.md:1,2026-08-09T14:00:50Z,,,,,,,2026-08-28T05:41:51Z,
_analytics/bible_books/Hag/_seg,_analytics,4,_analytics/bible_books/Hag,1,1,0,.json:1,2026-07-04T10:07:02Z,,,,,,,2026-08-28T05:41:51Z,
_analytics/bible_books/Hag/phase1-views,_analytics,4,_analytics/bible_books/Hag,2,2,0,.md:2,2026-07-12T05:02:57Z,,,,,,,2026-08-28T05:41:51Z,
_analytics/bible_books/Hag/readings,_analytics,4,_analytics/bible_books/Hag,2,2,0,.md:2,2026-07-12T05:00:55Z,,,,,,,2026-08-28T05:41:51Z,
_analytics/bible_books/Heb,_analytics,3,_analytics/bible_books,1,1,0,.md:1,2026-08-09T06:17:42Z,,,,,,,2026-08-28T05:41:51Z,
_analytics/bible_books/Hos,_analytics,3,_analytics/bible_books,35,64,3,".md:33, .json:1, .pdf:1",2026-08-09T14:03:35Z,,,,,,,2026-08-28T05:41:51Z,
_analytics/bible_books/Hos/_seg,_analytics,4,_analytics/bible_books/Hos,1,1,0,.json:1,2026-07-04T06:30:43Z,,,,,,,2026-08-28T05:41:51Z,
_analytics/bible_books/Hos/phase1-views,_analytics,4,_analytics/bible_books/Hos,14,14,0,.md:14,2026-07-12T05:02:57Z,,,,,,,2026-08-28T05:41:51Z,
_analytics/bible_books/Hos/readings,_analytics,4,_analytics/bible_books/Hos,14,14,0,.md:14,2026-07-12T05:00:55Z,,,,,,,2026-08-28T05:41:51Z,
_analytics/bible_books/Isa,_analytics,3,_analytics/bible_books,2,140,3,.md:2,2026-08-09T13:55:39Z,,,,,,,2026-08-28T05:41:51Z,
_analytics/bible_books/Isa/_seg,_analytics,4,_analytics/bible_books/Isa,8,8,0,.json:8,2026-07-04T08:43:22Z,,,,,,,2026-08-28T05:41:51Z,
_analytics/bible_books/Isa/phase1-views,_analytics,4,_analytics/bible_books/Isa,66,66,0,.md:66,2026-07-12T05:02:57Z,,,,,,,2026-08-28T05:41:51Z,
_analytics/bible_books/Isa/readings,_analytics,4,_analytics/bible_books/Isa,64,64,0,.md:64,2026-07-12T05:00:56Z,,,,,,,2026-08-28T05:41:51Z,
_analytics/bible_books/Jas,_analytics,3,_analytics/bible_books,1,1,0,.md:1,2026-08-09T06:27:24Z,,,,,,,2026-08-28T05:41:51Z,
_analytics/bible_books/Jer,_analytics,3,_analytics/bible_books,3,107,3,.md:3,2026-08-09T13:57:25Z,,,,,,,2026-08-28T05:41:51Z,
_analytics/bible_books/Jer/_seg,_analytics,4,_analytics/bible_books/Jer,8,8,0,.json:8,2026-07-04T11:40:07Z,,,,,,,2026-08-28T05:41:51Z,
_analytics/bible_books/Jer/phase1-views,_analytics,4,_analytics/bible_books/Jer,52,52,0,.md:52,2026-07-12T05:02:57Z,,,,,,,2026-08-28T05:41:51Z,
_analytics/bible_books/Jer/readings,_analytics,4,_analytics/bible_books/Jer,44,44,0,.md:44,2026-07-12T05:00:56Z,,,,,,,2026-08-28T05:41:51Z,
_analytics/bible_books/Job,_analytics,3,_analytics/bible_books,1,86,3,.md:1,2026-08-09T13:51:18Z,,,,,,,2026-08-28T05:41:51Z,
_analytics/bible_books/Job/_seg,_analytics,4,_analytics/bible_books/Job,1,1,0,.json:1,2026-07-03T17:35:46Z,,,,,,,2026-08-28T05:41:51Z,
_analytics/bible_books/Job/phase1-views,_analytics,4,_analytics/bible_books/Job,42,42,0,.md:42,2026-07-12T05:02:57Z,,,,,,,2026-08-28T05:41:51Z,
_analytics/bible_books/Job/readings,_analytics,4,_analytics/bible_books/Job,42,42,0,.md:42,2026-07-12T05:00:57Z,,,,,,,2026-08-28T05:41:51Z,
_analytics/bible_books/Joel,_analytics,3,_analytics/bible_books,10,17,3,.md:10,2026-08-09T14:04:00Z,,,,,,,2026-08-28T05:41:51Z,
_analytics/bible_books/Joel/_seg,_analytics,4,_analytics/bible_books/Joel,1,1,0,.json:1,2026-07-04T08:59:56Z,,,,,,,2026-08-28T05:41:51Z,
_analytics/bible_books/Joel/phase1-views,_analytics,4,_analytics/bible_books/Joel,3,3,0,.md:3,2026-07-12T05:02:57Z,,,,,,,2026-08-28T05:41:51Z,
_analytics/bible_books/Joel/readings,_analytics,4,_analytics/bible_books/Joel,3,3,0,.md:3,2026-07-12T05:00:57Z,,,,,,,2026-08-28T05:41:51Z,
_analytics/bible_books/John,_analytics,3,_analytics/bible_books,1,1,0,.md:1,2026-08-09T06:05:36Z,,,,,,,2026-08-28T05:41:51Z,
_analytics/bible_books/Jonah,_analytics,3,_analytics/bible_books,13,22,3,".md:12, .json:1",2026-08-09T14:04:11Z,,,,,,,2026-08-28T05:41:51Z,
_analytics/bible_books/Jonah/_seg,_analytics,4,_analytics/bible_books/Jonah,1,1,0,.json:1,2026-07-04T07:34:44Z,,,,,,,2026-08-28T05:41:51Z,
_analytics/bible_books/Jonah/phase1-views,_analytics,4,_analytics/bible_books/Jonah,4,4,0,.md:4,2026-07-12T05:02:58Z,,,,,,,2026-08-28T05:41:51Z,
_analytics/bible_books/Jonah/readings,_analytics,4,_analytics/bible_books/Jonah,4,4,0,.md:4,2026-07-12T05:00:57Z,,,,,,,2026-08-28T05:41:51Z,
_analytics/bible_books/Josh,_analytics,3,_analytics/bible_books,1,1,0,.md:1,2026-08-09T13:41:48Z,,,,,,,2026-08-28T05:41:51Z,
_analytics/bible_books/Jude,_analytics,3,_analytics/bible_books,1,1,0,.md:1,2026-08-09T07:09:17Z,,,,,,,2026-08-28T05:41:51Z,
_analytics/bible_books/Judg,_analytics,3,_analytics/bible_books,1,1,0,.md:1,2026-08-09T13:42:41Z,,,,,,,2026-08-28T05:41:51Z,
_analytics/bible_books/Lam,_analytics,3,_analytics/bible_books,1,12,3,.md:1,2026-08-09T13:57:47Z,,,,,,,2026-08-28T05:41:51Z,
_analytics/bible_books/Lam/_seg,_analytics,4,_analytics/bible_books/Lam,1,1,0,.json:1,2026-07-03T19:10:26Z,,,,,,,2026-08-28T05:41:51Z,
_analytics/bible_books/Lam/phase1-views,_analytics,4,_analytics/bible_books/Lam,5,5,0,.md:5,2026-07-12T05:02:58Z,,,,,,,2026-08-28T05:41:51Z,
_analytics/bible_books/Lam/readings,_analytics,4,_analytics/bible_books/Lam,5,5,0,.md:5,2026-07-12T05:00:58Z,,,,,,,2026-08-28T05:41:51Z,
_analytics/bible_books/Lev,_analytics,3,_analytics/bible_books,4,30,3,.md:4,2026-08-09T13:39:02Z,,,,,,,2026-08-28T05:41:51Z,
_analytics/bible_books/Lev/_coding,_analytics,4,_analytics/bible_books/Lev,17,17,0,.json:17,2026-07-05T17:40:44Z,,,,,,,2026-08-28T05:41:51Z,
_analytics/bible_books/Lev/_discoveries,_analytics,4,_analytics/bible_books/Lev,4,4,0,".json:3, .md:1",2026-07-12T05:00:58Z,,,,,,,2026-08-28T05:41:51Z,
_analytics/bible_books/Lev/_reports,_analytics,4,_analytics/bible_books/Lev,5,5,0,.md:5,2026-07-12T05:02:58Z,,,,,,,2026-08-28T05:41:51Z,
_analytics/bible_books/Luke,_analytics,3,_analytics/bible_books,1,1,0,.md:1,2026-08-09T06:04:28Z,,,,,,,2026-08-28T05:41:51Z,
_analytics/bible_books/Mal,_analytics,3,_analytics/bible_books,2,11,3,.md:2,2026-08-09T14:01:34Z,,,,,,,2026-08-28T05:41:51Z,
_analytics/bible_books/Mal/_seg,_analytics,4,_analytics/bible_books/Mal,1,1,0,.json:1,2026-07-04T06:11:58Z,,,,,,,2026-08-28T05:41:51Z,
_analytics/bible_books/Mal/phase1-views,_analytics,4,_analytics/bible_books/Mal,4,4,0,.md:4,2026-07-12T05:02:58Z,,,,,,,2026-08-28T05:41:51Z,
_analytics/bible_books/Mal/readings,_analytics,4,_analytics/bible_books/Mal,4,4,0,.md:4,2026-07-12T05:00:58Z,,,,,,,2026-08-28T05:41:51Z,
_analytics/bible_books/Mark,_analytics,3,_analytics/bible_books,4,4,0,.md:4,2026-08-09T06:03:21Z,,,,,,,2026-08-28T05:41:51Z,
_analytics/bible_books/Matt,_analytics,3,_analytics/bible_books,1,1,0,.md:1,2026-08-09T06:00:45Z,,,,,,,2026-08-28T05:41:51Z,
_analytics/bible_books/Mic,_analytics,3,_analytics/bible_books,18,33,3,.md:18,2026-08-09T14:03:50Z,,,,,,,2026-08-28T05:41:51Z,
_analytics/bible_books/Mic/_seg,_analytics,4,_analytics/bible_books/Mic,1,1,0,.json:1,2026-07-04T06:39:35Z,,,,,,,2026-08-28T05:41:51Z,
_analytics/bible_books/Mic/phase1-views,_analytics,4,_analytics/bible_books/Mic,7,7,0,.md:7,2026-07-12T05:02:58Z,,,,,,,2026-08-28T05:41:51Z,
_analytics/bible_books/Mic/readings,_analytics,4,_analytics/bible_books/Mic,7,7,0,.md:7,2026-07-12T05:00:58Z,,,,,,,2026-08-28T05:41:51Z,
_analytics/bible_books/Nah,_analytics,3,_analytics/bible_books,1,8,3,.md:1,2026-08-09T14:00:01Z,,,,,,,2026-08-28T05:41:51Z,
_analytics/bible_books/Nah/_seg,_analytics,4,_analytics/bible_books/Nah,1,1,0,.json:1,2026-07-04T10:04:25Z,,,,,,,2026-08-28T05:41:51Z,
_analytics/bible_books/Nah/phase1-views,_analytics,4,_analytics/bible_books/Nah,3,3,0,.md:3,2026-07-12T05:02:57Z,,,,,,,2026-08-28T05:41:51Z,
_analytics/bible_books/Nah/readings,_analytics,4,_analytics/bible_books/Nah,3,3,0,.md:3,2026-07-12T05:00:58Z,,,,,,,2026-08-28T05:41:51Z,
_analytics/bible_books/Neh,_analytics,3,_analytics/bible_books,1,1,0,.md:1,2026-08-09T13:50:12Z,,,,,,,2026-08-28T05:41:51Z,
_analytics/bible_books/Num,_analytics,3,_analytics/bible_books,1,1,0,.md:1,2026-08-09T13:40:04Z,,,,,,,2026-08-28T05:41:51Z,
_analytics/bible_books/Obad,_analytics,3,_analytics/bible_books,6,9,3,".md:5, .json:1",2026-08-05T14:52:09Z,,,,,,,2026-08-28T05:41:51Z,
_analytics/bible_books/Obad/_seg,_analytics,4,_analytics/bible_books/Obad,1,1,0,.json:1,2026-07-04T10:02:46Z,,,,,,,2026-08-28T05:41:51Z,
_analytics/bible_books/Obad/phase1-views,_analytics,4,_analytics/bible_books/Obad,1,1,0,.md:1,2026-07-12T05:02:57Z,,,,,,,2026-08-28T05:41:51Z,
_analytics/bible_books/Obad/readings,_analytics,4,_analytics/bible_books/Obad,1,1,0,.md:1,2026-07-12T05:00:58Z,,,,,,,2026-08-28T05:41:51Z,
_analytics/bible_books/Phil,_analytics,3,_analytics/bible_books,1,1,0,.md:1,2026-08-09T06:11:29Z,,,,,,,2026-08-28T05:41:51Z,
_analytics/bible_books/Phlm,_analytics,3,_analytics/bible_books,1,1,0,.md:1,2026-08-09T06:16:51Z,,,,,,,2026-08-28T05:41:51Z,
_analytics/bible_books/Prov,_analytics,3,_analytics/bible_books,10,921,6,".md:5, .csv:5",2026-08-09T13:53:14Z,,,,,,,2026-08-28T05:41:51Z,
_analytics/bible_books/Prov/_read,_analytics,4,_analytics/bible_books/Prov,713,713,0,.json:713,2026-07-14T03:43:18Z,,,,,,,2026-08-28T05:41:51Z,
_analytics/bible_books/Prov/_reread,_analytics,4,_analytics/bible_books/Prov,76,76,0,.md:76,2026-07-14T04:20:43Z,,,,,,,2026-08-28T05:41:51Z,
_analytics/bible_books/Prov/_roles,_analytics,4,_analytics/bible_books/Prov,8,9,1,".json:7, .md:1",2026-07-12T05:00:58Z,,,,,,,2026-08-28T05:41:51Z,
_analytics/bible_books/Prov/_roles/readings,_analytics,5,_analytics/bible_books/Prov/_roles,1,1,0,.md:1,2026-07-12T05:00:58Z,,,,,,,2026-08-28T05:41:51Z,
_analytics/bible_books/Prov/_seg,_analytics,4,_analytics/bible_books/Prov,11,11,0,.json:11,2026-07-04T05:37:07Z,,,,,,,2026-08-28T05:41:51Z,
_analytics/bible_books/Prov/phase1-views,_analytics,4,_analytics/bible_books/Prov,31,31,0,.md:31,2026-07-12T05:02:58Z,,,,,,,2026-08-28T05:41:51Z,
_analytics/bible_books/Prov/readings,_analytics,4,_analytics/bible_books/Prov,51,71,1,.md:51,2026-07-12T05:02:58Z,,,,,,,2026-08-28T05:41:51Z,
_analytics/bible_books/Prov/readings/_catchup,_analytics,5,_analytics/bible_books/Prov/readings,20,20,0,.md:20,2026-07-12T05:00:59Z,,,,,,,2026-08-28T05:41:51Z,
_analytics/bible_books/Ps,_analytics,3,_analytics/bible_books,11,1054,9,".md:6, .csv:5",2026-08-09T13:52:36Z,,,,,,,2026-08-28T05:41:51Z,
_analytics/bible_books/Ps/_archive,_analytics,4,_analytics/bible_books/Ps,0,309,2,,,,,,,,,2026-08-28T05:41:51Z,
_analytics/bible_books/Ps/_archive/_read,_analytics,5,_analytics/bible_books/Ps/_archive,159,159,0,".json:158, .md:1",2026-07-12T05:01:00Z,,,,,,,2026-08-28T05:41:51Z,
_analytics/bible_books/Ps/_archive/_roles,_analytics,5,_analytics/bible_books/Ps/_archive,150,150,0,.json:150,2026-07-06T09:12:10Z,,,,,,,2026-08-28T05:41:51Z,
_analytics/bible_books/Ps/_base-sources,_analytics,4,_analytics/bible_books/Ps,47,47,0,".json:46, .md:1",2026-07-12T08:57:50Z,,,,,,,2026-08-28T05:41:51Z,
_analytics/bible_books/Ps/_family-analyses,_analytics,4,_analytics/bible_books/Ps,48,48,0,.md:48,2026-07-12T05:01:00Z,,,,,,,2026-08-28T05:41:51Z,
_analytics/bible_books/Ps/_model,_analytics,4,_analytics/bible_books/Ps,75,75,0,".json:66, .md:9",2026-07-14T03:47:52Z,,,,,,,2026-08-28T05:41:51Z,
_analytics/bible_books/Ps/_narratives,_analytics,4,_analytics/bible_books/Ps,99,99,0,".md:50, .json:46, .csv:3",2026-07-13T08:52:22Z,,,,,,,2026-08-28T05:41:51Z,
_analytics/bible_books/Ps/_reread,_analytics,4,_analytics/bible_books/Ps,13,13,0,.md:13,2026-07-12T05:16:42Z,,,,,,,2026-08-28T05:41:51Z,
_analytics/bible_books/Ps/_synthesis,_analytics,4,_analytics/bible_books/Ps,2,2,0,.md:2,2026-07-12T05:00:51Z,,,,,,,2026-08-28T05:41:51Z,
_analytics/bible_books/Ps/phase1-views,_analytics,4,_analytics/bible_books/Ps,300,300,0,.md:300,2026-07-12T05:02:58Z,,,,,,,2026-08-28T05:41:51Z,
_analytics/bible_books/Ps/readings,_analytics,4,_analytics/bible_books/Ps,150,150,0,.md:150,2026-07-12T05:02:58Z,,,,,,,2026-08-28T05:41:51Z,
_analytics/bible_books/Rev,_analytics,3,_analytics/bible_books,1,1,0,.md:1,2026-08-09T07:09:58Z,,,,,,,2026-08-28T05:41:51Z,
_analytics/bible_books/Rom,_analytics,3,_analytics/bible_books,1,1,0,.md:1,2026-08-09T06:07:57Z,,,,,,,2026-08-28T05:41:51Z,
_analytics/bible_books/Ruth,_analytics,3,_analytics/bible_books,1,1,0,.md:1,2026-08-09T13:42:58Z,,,,,,,2026-08-28T05:41:51Z,
_analytics/bible_books/Song,_analytics,3,_analytics/bible_books,1,1,0,.md:1,2026-08-09T13:53:59Z,,,,,,,2026-08-28T05:41:51Z,
_analytics/bible_books/Titus,_analytics,3,_analytics/bible_books,1,1,0,.md:1,2026-08-09T06:15:41Z,,,,,,,2026-08-28T05:41:51Z,
_analytics/bible_books/Zech,_analytics,3,_analytics/bible_books,1,30,3,.md:1,2026-08-09T14:01:17Z,,,,,,,2026-08-28T05:41:51Z,
_analytics/bible_books/Zech/_seg,_analytics,4,_analytics/bible_books/Zech,1,1,0,.json:1,2026-07-04T10:10:57Z,,,,,,,2026-08-28T05:41:51Z,
_analytics/bible_books/Zech/phase1-views,_analytics,4,_analytics/bible_books/Zech,14,14,0,.md:14,2026-07-12T05:02:57Z,,,,,,,2026-08-28T05:41:51Z,
_analytics/bible_books/Zech/readings,_analytics,4,_analytics/bible_books/Zech,14,14,0,.md:14,2026-07-12T05:01:07Z,,,,,,,2026-08-28T05:41:51Z,
_analytics/bible_books/Zeph,_analytics,3,_analytics/bible_books,1,8,3,.md:1,2026-08-09T14:00:34Z,,,,,,,2026-08-28T05:41:51Z,
_analytics/bible_books/Zeph/_seg,_analytics,4,_analytics/bible_books/Zeph,1,1,0,.json:1,2026-07-04T07:30:54Z,,,,,,,2026-08-28T05:41:51Z,
_analytics/bible_books/Zeph/phase1-views,_analytics,4,_analytics/bible_books/Zeph,3,3,0,.md:3,2026-07-12T05:02:58Z,,,,,,,2026-08-28T05:41:51Z,
_analytics/bible_books/Zeph/readings,_analytics,4,_analytics/bible_books/Zeph,3,3,0,.md:3,2026-07-12T05:01:07Z,,,,,,,2026-08-28T05:41:51Z,
_analytics/bible_books/_archive,_analytics,3,_analytics/bible_books,0,19,1,,,,,,,,,2026-08-28T05:41:51Z,
_analytics/bible_books/_archive/_gate1-recovery,_analytics,4,_analytics/bible_books/_archive,19,19,0,.md:19,2026-07-12T05:00:47Z,,,,,,,2026-08-28T05:41:51Z,
_analytics/bible_books/_methodology,_analytics,3,_analytics/bible_books,2,2,0,.md:2,2026-07-12T05:00:47Z,,,,,,,2026-08-28T05:41:51Z,
_analytics/bible_books/_reports,_analytics,3,_analytics/bible_books,13,16,1,.md:13,2026-07-12T05:04:30Z,,,,,,,2026-08-28T05:41:51Z,
_analytics/bible_books/_reports/samples,_analytics,4,_analytics/bible_books/_reports,3,3,0,.md:3,2026-07-12T05:00:47Z,,,,,,,2026-08-28T05:41:51Z,
_analytics/bible_books/_synthesis,_analytics,3,_analytics/bible_books,4,4,0,".md:2, .txt:2",2026-07-12T05:00:51Z,,,,,,,2026-08-28T05:41:51Z,
_analytics/bible_books/scripts,_analytics,3,_analytics/bible_books,5,5,0,".ps1:4, .md:1",2026-07-13T09:25:13Z,,,,,,,2026-08-28T05:41:51Z,
_analytics/characteristics,_analytics,2,_analytics,22,22,0,.md:22,2026-07-12T05:02:57Z,,,,,,,2026-08-28T05:41:51Z,
_analytics/clusters,_analytics,2,_analytics,1,2733,51,.md:1,2026-07-12T04:59:14Z,cluster.quality_report_path; report.cluster_path,,,operations,authoritative,,2026-08-28T05:41:51Z,2026-08-28T05:41:57Z
_analytics/clusters/FLAG-Flag,_analytics,3,_analytics/clusters,5,5,0,".md:4, (none):1",2026-07-12T05:02:53Z,,,,,,,2026-08-28T05:41:51Z,
_analytics/clusters/M01-Fear,_analytics,3,_analytics/clusters,1,230,5,(none):1,2026-06-05T03:48:55Z,,,,,,,2026-08-28T05:41:51Z,
_analytics/clusters/M01-Fear/Analysis,_analytics,4,_analytics/clusters/M01-Fear,57,57,0,.md:57,2026-07-12T05:02:53Z,,,,,,,2026-08-28T05:41:51Z,
_analytics/clusters/M01-Fear/Data,_analytics,4,_analytics/clusters/M01-Fear,18,18,0,".json:16, .md:2",2026-07-12T05:02:53Z,,,,,,,2026-08-28T05:41:51Z,
_analytics/clusters/M01-Fear/M01,_analytics,4,_analytics/clusters/M01-Fear,70,123,7,".md:56, .json:11, .txt:2, .zip:1",2026-07-12T05:02:53Z,,,,,,,2026-08-28T05:41:51Z,
_analytics/clusters/M01-Fear/M01/Published,_analytics,5,_analytics/clusters/M01-Fear/M01,16,16,0,".md:14, .docx:2",2026-07-12T04:59:31Z,,,,,,,2026-08-28T05:41:51Z,
_analytics/clusters/M01-Fear/M01/archive,_analytics,5,_analytics/clusters/M01-Fear/M01,1,1,0,.md:1,2026-07-12T05:02:53Z,,,,,,,2026-08-28T05:41:51Z,
_analytics/clusters/M01-Fear/M01/files abandoned session,_analytics,5,_analytics/clusters/M01-Fear/M01,4,4,0,.md:4,2026-05-15T14:45:54Z,,,,,,,2026-08-28T05:41:51Z,
_analytics/clusters/M01-Fear/M01/files phase 12,_analytics,5,_analytics/clusters/M01-Fear/M01,13,13,0,".md:11, .json:2",2026-05-16T10:52:04Z,,,,,,,2026-08-28T05:41:51Z,
_analytics/clusters/M01-Fear/M01/files vcg phase 7,_analytics,5,_analytics/clusters/M01-Fear/M01,7,7,0,".md:4, .json:3",2026-05-16T04:34:27Z,,,,,,,2026-08-28T05:41:51Z,
_analytics/clusters/M01-Fear/M01/inputs,_analytics,5,_analytics/clusters/M01-Fear/M01,10,10,0,.md:10,2026-07-12T05:02:53Z,,,,,,,2026-08-28T05:41:51Z,
_analytics/clusters/M01-Fear/M01/publishing,_analytics,5,_analytics/clusters/M01-Fear/M01,2,2,0,".docx:1, .md:1",2026-07-12T04:59:31Z,,,,,,,2026-08-28T05:41:51Z,
_analytics/clusters/M01-Fear/essays,_analytics,4,_analytics/clusters/M01-Fear,3,4,1,".pdf:1, .docx:1, .md:1",2026-07-12T05:02:53Z,,,,,,,2026-08-28T05:41:51Z,
_analytics/clusters/M01-Fear/essays/archive,_analytics,5,_analytics/clusters/M01-Fear/essays,1,1,0,.md:1,2026-07-12T04:59:07Z,,,,,,,2026-08-28T05:41:51Z,
_analytics/clusters/M01-Fear/findings,_analytics,4,_analytics/clusters/M01-Fear,27,27,0,.md:27,2026-07-12T05:02:53Z,,,,,,,2026-08-28T05:41:51Z,
_analytics/clusters/M02-Anger,_analytics,3,_analytics/clusters,8,116,4,".md:6, (none):1, .zip:1",2026-07-12T04:59:08Z,,,,,,,2026-08-28T05:41:51Z,
_analytics/clusters/M02-Anger/Data,_analytics,4,_analytics/clusters/M02-Anger,4,8,1,.json:4,2026-06-19T04:57:25Z,,,,,,,2026-08-28T05:41:51Z,
_analytics/clusters/M02-Anger/Data/archive,_analytics,5,_analytics/clusters/M02-Anger/Data,4,4,0,.json:4,2026-06-18T17:33:52Z,,,,,,,2026-08-28T05:41:51Z,
_analytics/clusters/M02-Anger/M02,_analytics,4,_analytics/clusters/M02-Anger,58,70,3,".md:48, .json:8, .zip:1, .txt:1",2026-07-12T05:02:54Z,,,,,,,2026-08-28T05:41:51Z,
_analytics/clusters/M02-Anger/M02/Published,_analytics,5,_analytics/clusters/M02-Anger/M02,0,0,0,,,,,,,,,2026-08-28T05:41:51Z,
_analytics/clusters/M02-Anger/M02/inputs,_analytics,5,_analytics/clusters/M02-Anger/M02,10,10,0,.md:10,2026-07-12T05:02:54Z,,,,,,,2026-08-28T05:41:51Z,
_analytics/clusters/M02-Anger/M02/publishing,_analytics,5,_analytics/clusters/M02-Anger/M02,2,2,0,".docx:1, .md:1",2026-07-12T04:59:32Z,,,,,,,2026-08-28T05:41:51Z,
_analytics/clusters/M02-Anger/essays,_analytics,4,_analytics/clusters/M02-Anger,3,3,0,".pdf:1, .docx:1, .md:1",2026-07-12T04:59:07Z,,,,,,,2026-08-28T05:41:51Z,
_analytics/clusters/M02-Anger/findings,_analytics,4,_analytics/clusters/M02-Anger,27,27,0,.md:27,2026-07-12T05:02:53Z,,,,,,,2026-08-28T05:41:51Z,
_analytics/clusters/M03-Grief,_analytics,3,_analytics/clusters,3,122,4,"(none):1, .zip:1, .md:1",2026-07-12T04:59:08Z,,,,,,,2026-08-28T05:41:51Z,
_analytics/clusters/M03-Grief/Data,_analytics,4,_analytics/clusters/M03-Grief,6,6,0,.json:6,2026-06-19T14:09:20Z,,,,,,,2026-08-28T05:41:51Z,
_analytics/clusters/M03-Grief/M03,_analytics,4,_analytics/clusters/M03-Grief,37,80,6,".md:29, .zip:4, .json:3, .txt:1",2026-07-12T05:02:54Z,,,,,,,2026-08-28T05:41:51Z,
_analytics/clusters/M03-Grief/M03/files phase 5,_analytics,5,_analytics/clusters/M03-Grief/M03,3,3,0,".md:2, .json:1",2026-05-16T18:02:58Z,,,,,,,2026-08-28T05:41:51Z,
_analytics/clusters/M03-Grief/M03/files phase 7,_analytics,5,_analytics/clusters/M03-Grief/M03,11,11,0,".md:10, .json:1",2026-05-17T02:54:32Z,,,,,,,2026-08-28T05:41:51Z,
_analytics/clusters/M03-Grief/M03/files phase 9,_analytics,5,_analytics/clusters/M03-Grief/M03,5,5,0,.md:5,2026-05-17T03:43:50Z,,,,,,,2026-08-28T05:41:51Z,
_analytics/clusters/M03-Grief/M03/inputs,_analytics,5,_analytics/clusters/M03-Grief/M03,10,10,0,.md:10,2026-07-12T05:02:54Z,,,,,,,2026-08-28T05:41:51Z,
_analytics/clusters/M03-Grief/M03/published,_analytics,5,_analytics/clusters/M03-Grief/M03,12,12,0,".md:11, .docx:1",2026-07-12T05:02:54Z,,,,,,,2026-08-28T05:41:51Z,
_analytics/clusters/M03-Grief/M03/publishing,_analytics,5,_analytics/clusters/M03-Grief/M03,2,2,0,".docx:1, .md:1",2026-07-12T04:59:34Z,,,,,,,2026-08-28T05:41:51Z,
_analytics/clusters/M03-Grief/essays,_analytics,4,_analytics/clusters/M03-Grief,3,3,0,".pdf:1, .docx:1, .md:1",2026-07-12T05:02:53Z,,,,,,,2026-08-28T05:41:51Z,
_analytics/clusters/M03-Grief/findings,_analytics,4,_analytics/clusters/M03-Grief,30,30,0,".md:28, .json:2",2026-07-12T05:02:53Z,,,,,,,2026-08-28T05:41:51Z,
_analytics/clusters/M04-Joy,_analytics,3,_analytics/clusters,3,212,4,"(none):1, .zip:1, .md:1",2026-07-12T04:59:09Z,,,,,,,2026-08-28T05:41:51Z,
_analytics/clusters/M04-Joy/Data,_analytics,4,_analytics/clusters/M04-Joy,7,7,0,.json:7,2026-06-20T04:02:59Z,,,,,,,2026-08-28T05:41:51Z,
_analytics/clusters/M04-Joy/M04,_analytics,4,_analytics/clusters/M04-Joy,75,166,15,".md:69, .json:4, .txt:2",2026-07-12T05:02:54Z,,,,,,,2026-08-28T05:41:51Z,
_analytics/clusters/M04-Joy/M04/files boundary correction,_analytics,5,_analytics/clusters/M04-Joy/M04,9,9,0,".md:8, .zip:1",2026-05-18T09:56:09Z,,,,,,,2026-08-28T05:41:51Z,
_analytics/clusters/M04-Joy/M04/files phase 3,_analytics,5,_analytics/clusters/M04-Joy/M04,3,3,0,.md:3,2026-05-17T07:15:56Z,,,,,,,2026-08-28T05:41:51Z,
_analytics/clusters/M04-Joy/M04/files phase 5,_analytics,5,_analytics/clusters/M04-Joy/M04,3,3,0,".md:2, .json:1",2026-05-17T14:53:30Z,,,,,,,2026-08-28T05:41:51Z,
_analytics/clusters/M04-Joy/M04/files phase 5 rejected v1,_analytics,5,_analytics/clusters/M04-Joy/M04,4,4,0,".md:3, .json:1",2026-05-17T11:14:01Z,,,,,,,2026-08-28T05:41:51Z,
_analytics/clusters/M04-Joy/M04/files phase 7,_analytics,5,_analytics/clusters/M04-Joy/M04,12,12,0,".md:11, .json:1",2026-05-17T15:48:04Z,,,,,,,2026-08-28T05:41:51Z,
_analytics/clusters/M04-Joy/M04/files phase 7 rejected v1,_analytics,5,_analytics/clusters/M04-Joy/M04,6,6,0,".md:5, .json:1",2026-05-17T11:53:59Z,,,,,,,2026-08-28T05:41:51Z,
_analytics/clusters/M04-Joy/M04/files phase 9,_analytics,5,_analytics/clusters/M04-Joy/M04,5,5,0,.md:5,2026-05-17T18:18:03Z,,,,,,,2026-08-28T05:41:51Z,
_analytics/clusters/M04-Joy/M04/files phase 9 delight,_analytics,5,_analytics/clusters/M04-Joy/M04,4,4,0,.md:4,2026-05-19T04:40:02Z,,,,,,,2026-08-28T05:41:51Z,
_analytics/clusters/M04-Joy/M04/files phase 9 gladness,_analytics,5,_analytics/clusters/M04-Joy/M04,9,9,0,.md:9,2026-05-19T05:09:45Z,,,,,,,2026-08-28T05:41:51Z,
_analytics/clusters/M04-Joy/M04/files phase 9 joy,_analytics,5,_analytics/clusters/M04-Joy/M04,5,5,0,.md:5,2026-05-19T02:57:34Z,,,,,,,2026-08-28T05:41:51Z,
_analytics/clusters/M04-Joy/M04/files phase 9 pleasure,_analytics,5,_analytics/clusters/M04-Joy/M04,8,8,0,.md:8,2026-05-19T07:25:23Z,,,,,,,2026-08-28T05:41:51Z,
_analytics/clusters/M04-Joy/M04/files phase 9 synth,_analytics,5,_analytics/clusters/M04-Joy/M04,4,4,0,.md:4,2026-05-19T07:35:48Z,,,,,,,2026-08-28T05:41:51Z,
_analytics/clusters/M04-Joy/M04/files vcg design,_analytics,5,_analytics/clusters/M04-Joy/M04,7,7,0,.md:7,2026-05-18T09:45:50Z,,,,,,,2026-08-28T05:41:51Z,
_analytics/clusters/M04-Joy/M04/inputs,_analytics,5,_analytics/clusters/M04-Joy/M04,10,10,0,.md:10,2026-07-12T05:02:54Z,,,,,,,2026-08-28T05:41:51Z,
_analytics/clusters/M04-Joy/M04/publishing,_analytics,5,_analytics/clusters/M04-Joy/M04,2,2,0,".docx:1, .md:1",2026-07-12T04:59:34Z,,,,,,,2026-08-28T05:41:51Z,
_analytics/clusters/M04-Joy/essays,_analytics,4,_analytics/clusters/M04-Joy,3,3,0,".pdf:1, .docx:1, .md:1",2026-07-12T04:59:08Z,,,,,,,2026-08-28T05:41:51Z,
_analytics/clusters/M04-Joy/findings,_analytics,4,_analytics/clusters/M04-Joy,33,33,0,.md:33,2026-07-12T05:02:53Z,,,,,,,2026-08-28T05:41:51Z,
_analytics/clusters/M05-Love,_analytics,3,_analytics/clusters,2,116,4,"(none):1, .md:1",2026-07-12T04:59:09Z,,,,,,,2026-08-28T05:41:51Z,
_analytics/clusters/M05-Love/Data,_analytics,4,_analytics/clusters/M05-Love,8,8,0,.json:8,2026-06-20T05:06:11Z,,,,,,,2026-08-28T05:41:51Z,
_analytics/clusters/M05-Love/M05,_analytics,4,_analytics/clusters/M05-Love,16,77,7,.md:16,2026-07-12T05:02:54Z,,,,,,,2026-08-28T05:41:51Z,
_analytics/clusters/M05-Love/M05/files phase 2,_analytics,5,_analytics/clusters/M05-Love/M05,5,5,0,".json:3, .md:2",2026-05-07T07:25:13Z,,,,,,,2026-08-28T05:41:51Z,
_analytics/clusters/M05-Love/M05/files phase 3,_analytics,5,_analytics/clusters/M05-Love/M05,5,5,0,".md:3, .json:2",2026-05-07T09:11:24Z,,,,,,,2026-08-28T05:41:51Z,
_analytics/clusters/M05-Love/M05/files phase 4,_analytics,5,_analytics/clusters/M05-Love/M05,3,3,0,.md:3,2026-05-07T09:33:40Z,,,,,,,2026-08-28T05:41:51Z,
_analytics/clusters/M05-Love/M05/files phase 7,_analytics,5,_analytics/clusters/M05-Love/M05,4,4,0,.md:4,2026-05-07T12:09:00Z,,,,,,,2026-08-28T05:41:51Z,
_analytics/clusters/M05-Love/M05/files session 1 close,_analytics,5,_analytics/clusters/M05-Love/M05,18,18,0,".md:16, .json:2",2026-05-07T13:16:54Z,,,,,,,2026-08-28T05:41:51Z,
_analytics/clusters/M05-Love/M05/files session 2 consolidation,_analytics,5,_analytics/clusters/M05-Love/M05,16,16,0,".md:13, .json:2, .txt:1",2026-05-08T02:28:18Z,,,,,,,2026-08-28T05:41:51Z,
_analytics/clusters/M05-Love/M05/inputs,_analytics,5,_analytics/clusters/M05-Love/M05,10,10,0,.md:10,2026-07-12T05:02:54Z,,,,,,,2026-08-28T05:41:51Z,
_analytics/clusters/M05-Love/essays,_analytics,4,_analytics/clusters/M05-Love,8,13,1,".md:3, .pdf:3, .docx:2",2026-07-12T04:59:09Z,,,,,,,2026-08-28T05:41:51Z,
_analytics/clusters/M05-Love/essays/archive,_analytics,5,_analytics/clusters/M05-Love/essays,5,5,0,".docx:2, .md:2, .pdf:1",2026-07-12T04:59:09Z,,,,,,,2026-08-28T05:41:51Z,
_analytics/clusters/M05-Love/findings,_analytics,4,_analytics/clusters/M05-Love,16,16,0,.md:16,2026-07-12T05:02:53Z,,,,,,,2026-08-28T05:41:51Z,
_analytics/clusters/M06-Hate,_analytics,3,_analytics/clusters,2,94,4,"(none):1, .md:1",2026-07-12T04:59:09Z,,,,,,,2026-08-28T05:41:51Z,
_analytics/clusters/M06-Hate/Data,_analytics,4,_analytics/clusters/M06-Hate,3,3,0,.json:3,2026-06-20T06:02:23Z,,,,,,,2026-08-28T05:41:51Z,
_analytics/clusters/M06-Hate/M06,_analytics,4,_analytics/clusters/M06-Hate,31,67,3,".md:29, .json:1, .docx:1",2026-07-12T05:02:54Z,,,,,,,2026-08-28T05:41:51Z,
_analytics/clusters/M06-Hate/M06/files-20260506-v3,_analytics,5,_analytics/clusters/M06-Hate/M06,24,24,0,.md:24,2026-07-12T04:59:37Z,,,,,,,2026-08-28T05:41:51Z,
_analytics/clusters/M06-Hate/M06/inputs,_analytics,5,_analytics/clusters/M06-Hate/M06,10,10,0,.md:10,2026-07-12T05:02:54Z,,,,,,,2026-08-28T05:41:51Z,
_analytics/clusters/M06-Hate/M06/publishing,_analytics,5,_analytics/clusters/M06-Hate/M06,2,2,0,".docx:1, .md:1",2026-07-12T04:59:37Z,,,,,,,2026-08-28T05:41:51Z,
_analytics/clusters/M06-Hate/essays,_analytics,4,_analytics/clusters/M06-Hate,3,3,0,".docx:1, .md:1, .pdf:1",2026-07-12T04:59:09Z,,,,,,,2026-08-28T05:41:51Z,
_analytics/clusters/M06-Hate/findings,_analytics,4,_analytics/clusters/M06-Hate,19,19,0,.md:19,2026-07-12T05:02:53Z,,,,,,,2026-08-28T05:41:51Z,
_analytics/clusters/M07-Shame,_analytics,3,_analytics/clusters,3,171,4,"(none):1, .zip:1, .md:1",2026-07-12T04:59:10Z,,,,,,,2026-08-28T05:41:51Z,
_analytics/clusters/M07-Shame/Data,_analytics,4,_analytics/clusters/M07-Shame,2,2,0,.json:2,2026-06-20T14:48:05Z,,,,,,,2026-08-28T05:41:51Z,
_analytics/clusters/M07-Shame/M07,_analytics,4,_analytics/clusters/M07-Shame,71,110,7,".md:61, .json:9, .txt:1",2026-07-12T05:02:54Z,,,,,,,2026-08-28T05:41:51Z,
_analytics/clusters/M07-Shame/M07/files phase 3,_analytics,5,_analytics/clusters/M07-Shame/M07,2,2,0,.md:2,2026-05-19T11:51:36Z,,,,,,,2026-08-28T05:41:51Z,
_analytics/clusters/M07-Shame/M07/files phase 5,_analytics,5,_analytics/clusters/M07-Shame/M07,3,3,0,".md:2, .json:1",2026-05-19T13:08:32Z,,,,,,,2026-08-28T05:41:51Z,
_analytics/clusters/M07-Shame/M07/files phase 7,_analytics,5,_analytics/clusters/M07-Shame/M07,11,11,0,".md:10, .json:1",2026-05-19T15:56:26Z,,,,,,,2026-08-28T05:41:51Z,
_analytics/clusters/M07-Shame/M07/files phase 8_5,_analytics,5,_analytics/clusters/M07-Shame/M07,3,3,0,".md:2, .json:1",2026-05-19T17:15:28Z,,,,,,,2026-08-28T05:41:51Z,
_analytics/clusters/M07-Shame/M07/files phase 9,_analytics,5,_analytics/clusters/M07-Shame/M07,8,8,0,.md:8,2026-05-20T09:57:45Z,,,,,,,2026-08-28T05:41:51Z,
_analytics/clusters/M07-Shame/M07/inputs,_analytics,5,_analytics/clusters/M07-Shame/M07,10,10,0,.md:10,2026-07-12T05:02:54Z,,,,,,,2026-08-28T05:41:51Z,
_analytics/clusters/M07-Shame/M07/publishing,_analytics,5,_analytics/clusters/M07-Shame/M07,2,2,0,".docx:1, .md:1",2026-07-12T04:59:38Z,,,,,,,2026-08-28T05:41:51Z,
_analytics/clusters/M07-Shame/essays,_analytics,4,_analytics/clusters/M07-Shame,3,3,0,".docx:1, .md:1, .pdf:1",2026-07-12T04:59:09Z,,,,,,,2026-08-28T05:41:51Z,
_analytics/clusters/M07-Shame/findings,_analytics,4,_analytics/clusters/M07-Shame,53,53,0,".md:52, .json:1",2026-07-12T05:02:53Z,,,,,,,2026-08-28T05:41:51Z,
_analytics/clusters/M08-Pride,_analytics,3,_analytics/clusters,3,172,4,"(none):1, .zip:1, .md:1",2026-07-12T04:59:11Z,,,,,,,2026-08-28T05:41:51Z,
_analytics/clusters/M08-Pride/Data,_analytics,4,_analytics/clusters/M08-Pride,2,2,0,.json:2,2026-06-21T03:50:46Z,,,,,,,2026-08-28T05:41:51Z,
_analytics/clusters/M08-Pride/M08,_analytics,4,_analytics/clusters/M08-Pride,60,144,7,".md:48, .json:11, .txt:1",2026-07-12T05:02:54Z,,,,,,,2026-08-28T05:41:51Z,
_analytics/clusters/M08-Pride/M08/files phase 5,_analytics,5,_analytics/clusters/M08-Pride/M08,27,27,0,".json:17, .md:10",2026-06-02T12:18:57Z,,,,,,,2026-08-28T05:41:51Z,
_analytics/clusters/M08-Pride/M08/files phase 5 a,_analytics,5,_analytics/clusters/M08-Pride/M08,3,3,0,".md:2, .json:1",2026-05-20T17:56:08Z,,,,,,,2026-08-28T05:41:51Z,
_analytics/clusters/M08-Pride/M08/files phase 7,_analytics,5,_analytics/clusters/M08-Pride/M08,11,11,0,".md:10, .json:1",2026-05-21T03:19:28Z,,,,,,,2026-08-28T05:41:51Z,
_analytics/clusters/M08-Pride/M08/files phase 9,_analytics,5,_analytics/clusters/M08-Pride/M08,8,9,1,.md:8,2026-05-21T11:28:48Z,,,,,,,2026-08-28T05:41:51Z,
_analytics/clusters/M08-Pride/M08/files phase 9 all files,_analytics,5,_analytics/clusters/M08-Pride/M08,22,22,0,".md:19, .json:3",2026-05-21T09:25:38Z,,,,,,,2026-08-28T05:41:51Z,
_analytics/clusters/M08-Pride/M08/files phase 9/archive,_analytics,6,_analytics/clusters/M08-Pride/M08/files phase 9,1,1,0,.md:1,2026-05-21T04:24:08Z,,,,,,,2026-08-28T05:41:51Z,
_analytics/clusters/M08-Pride/M08/inputs,_analytics,5,_analytics/clusters/M08-Pride/M08,10,10,0,.md:10,2026-07-12T05:02:54Z,,,,,,,2026-08-28T05:41:51Z,
_analytics/clusters/M08-Pride/M08/publishing,_analytics,5,_analytics/clusters/M08-Pride/M08,2,2,0,".docx:1, .md:1",2026-07-12T04:59:40Z,,,,,,,2026-08-28T05:41:51Z,
_analytics/clusters/M08-Pride/essays,_analytics,4,_analytics/clusters/M08-Pride,3,3,0,".docx:1, .md:1, .pdf:1",2026-07-12T05:02:53Z,,,,,,,2026-08-28T05:41:51Z,
_analytics/clusters/M08-Pride/findings,_analytics,4,_analytics/clusters/M08-Pride,20,20,0,.md:20,2026-07-12T05:02:53Z,,,,,,,2026-08-28T05:41:51Z,
_analytics/clusters/M09-Humility,_analytics,3,_analytics/clusters,3,134,4,"(none):1, .zip:1, .md:1",2026-07-12T04:59:11Z,,,,,,,2026-08-28T05:41:51Z,
_analytics/clusters/M09-Humility/Data,_analytics,4,_analytics/clusters/M09-Humility,1,1,0,.json:1,2026-06-21T07:19:15Z,,,,,,,2026-08-28T05:41:51Z,
_analytics/clusters/M09-Humility/M09,_analytics,4,_analytics/clusters/M09-Humility,49,106,6,".md:41, .json:5, .zip:2, .txt:1",2026-07-12T05:02:54Z,,,,,,,2026-08-28T05:41:51Z,
_analytics/clusters/M09-Humility/M09/files phase 5,_analytics,5,_analytics/clusters/M09-Humility/M09,3,3,0,".md:2, .json:1",2026-05-22T02:13:36Z,,,,,,,2026-08-28T05:41:51Z,
_analytics/clusters/M09-Humility/M09/files phase 7,_analytics,5,_analytics/clusters/M09-Humility/M09,10,10,0,".md:9, .json:1",2026-05-22T02:40:06Z,,,,,,,2026-08-28T05:41:51Z,
_analytics/clusters/M09-Humility/M09/files phase 9,_analytics,5,_analytics/clusters/M09-Humility/M09,23,23,0,".md:21, .json:2",2026-05-22T12:01:10Z,,,,,,,2026-08-28T05:41:51Z,
_analytics/clusters/M09-Humility/M09/inputs,_analytics,5,_analytics/clusters/M09-Humility/M09,10,10,0,.md:10,2026-07-12T05:02:54Z,,,,,,,2026-08-28T05:41:51Z,
_analytics/clusters/M09-Humility/M09/published,_analytics,5,_analytics/clusters/M09-Humility/M09,1,1,0,.md:1,2026-07-12T05:02:54Z,,,,,,,2026-08-28T05:41:51Z,
_analytics/clusters/M09-Humility/M09/publishing,_analytics,5,_analytics/clusters/M09-Humility/M09,10,10,0,".md:9, .docx:1",2026-07-12T04:59:42Z,,,,,,,2026-08-28T05:41:51Z,
_analytics/clusters/M09-Humility/essays,_analytics,4,_analytics/clusters/M09-Humility,3,3,0,".docx:1, .md:1, .pdf:1",2026-07-12T05:02:53Z,,,,,,,2026-08-28T05:41:51Z,
_analytics/clusters/M09-Humility/findings,_analytics,4,_analytics/clusters/M09-Humility,21,21,0,.md:21,2026-07-12T05:02:53Z,,,,,,,2026-08-28T05:41:51Z,
_analytics/clusters/M10-Sin,_analytics,3,_analytics/clusters,4,353,3,".zip:2, (none):1, .md:1",2026-07-12T04:59:13Z,,,,,,,2026-08-28T05:41:51Z,
_analytics/clusters/M10-Sin/Data,_analytics,4,_analytics/clusters/M10-Sin,8,8,0,.json:8,2026-06-21T12:08:18Z,,,,,,,2026-08-28T05:41:51Z,
_analytics/clusters/M10-Sin/M10,_analytics,4,_analytics/clusters/M10-Sin,93,216,4,".md:89, .json:3, .txt:1",2026-07-12T05:02:54Z,,,,,,,2026-08-28T05:41:51Z,
_analytics/clusters/M10-Sin/M10/files phase 5,_analytics,5,_analytics/clusters/M10-Sin/M10,35,35,0,".json:22, .md:13",2026-05-23T10:52:48Z,,,,,,,2026-08-28T05:41:51Z,
_analytics/clusters/M10-Sin/M10/files phase 5 b,_analytics,5,_analytics/clusters/M10-Sin/M10,4,4,0,".md:2, .json:2",2026-05-23T11:56:22Z,,,,,,,2026-08-28T05:41:51Z,
_analytics/clusters/M10-Sin/M10/files phase 7,_analytics,5,_analytics/clusters/M10-Sin/M10,30,31,1,".md:27, .json:3",2026-05-23T13:26:45Z,,,,,,,2026-08-28T05:41:51Z,
_analytics/clusters/M10-Sin/M10/files phase 7/_pre_phase5_revision_legacy,_analytics,6,_analytics/clusters/M10-Sin/M10/files phase 7,1,1,0,.md:1,2026-05-23T12:21:48Z,,,,,,,2026-08-28T05:41:51Z,
_analytics/clusters/M10-Sin/M10/files phase 9,_analytics,5,_analytics/clusters/M10-Sin/M10,53,53,0,".md:50, .json:3",2026-05-24T16:36:10Z,,,,,,,2026-08-28T05:41:51Z,
_analytics/clusters/M10-Sin/findings,_analytics,4,_analytics/clusters/M10-Sin,125,125,0,".md:88, .json:37",2026-07-12T05:02:53Z,,,,,,,2026-08-28T05:41:51Z,
_analytics/clusters/M10b-Wickedness,_analytics,3,_analytics/clusters,1,88,2,(none):1,2026-06-05T03:48:55Z,,,,,,,2026-08-28T05:41:51Z,
_analytics/clusters/M10b-Wickedness/Data,_analytics,4,_analytics/clusters/M10b-Wickedness,5,5,0,.json:5,2026-06-22T07:36:01Z,,,,,,,2026-08-28T05:41:51Z,
_analytics/clusters/M10b-Wickedness/M10b,_analytics,4,_analytics/clusters/M10b-Wickedness,55,82,3,".md:46, .json:6, .zip:2, .txt:1",2026-07-12T05:02:54Z,,,,,,,2026-08-28T05:41:51Z,
_analytics/clusters/M10b-Wickedness/M10b/files phase 7,_analytics,5,_analytics/clusters/M10b-Wickedness/M10b,8,8,0,".md:7, .json:1",2026-05-25T11:52:26Z,,,,,,,2026-08-28T05:41:51Z,
_analytics/clusters/M10b-Wickedness/M10b/files phase 9,_analytics,5,_analytics/clusters/M10b-Wickedness/M10b,17,17,0,".md:15, .json:2",2026-05-25T14:45:10Z,,,,,,,2026-08-28T05:41:51Z,
_analytics/clusters/M10b-Wickedness/M10b/publishing,_analytics,5,_analytics/clusters/M10b-Wickedness/M10b,2,2,0,".docx:1, .md:1",2026-07-12T04:59:45Z,,,,,,,2026-08-28T05:41:51Z,
_analytics/clusters/M10c-Defilement,_analytics,3,_analytics/clusters,1,74,2,(none):1,2026-06-05T03:48:55Z,,,,,,,2026-08-28T05:41:51Z,
_analytics/clusters/M10c-Defilement/Data,_analytics,4,_analytics/clusters/M10c-Defilement,2,2,0,.json:2,2026-06-22T05:17:49Z,,,,,,,2026-08-28T05:41:51Z,
_analytics/clusters/M10c-Defilement/M10c,_analytics,4,_analytics/clusters/M10c-Defilement,62,71,2,".md:52, .json:6, .zip:2, (none):1, .txt:1",2026-07-12T05:02:54Z,,,,,,,2026-08-28T05:41:51Z,
_analytics/clusters/M10c-Defilement/M10c/files phase 7,_analytics,5,_analytics/clusters/M10c-Defilement/M10c,7,7,0,".md:6, .json:1",2026-05-26T06:42:28Z,,,,,,,2026-08-28T05:41:51Z,
_analytics/clusters/M10c-Defilement/M10c/publishing,_analytics,5,_analytics/clusters/M10c-Defilement/M10c,2,2,0,".docx:1, .md:1",2026-07-12T04:59:46Z,,,,,,,2026-08-28T05:41:51Z,
_analytics/clusters/M11-Repentance,_analytics,3,_analytics/clusters,2,91,3,"(none):1, .md:1",2026-07-12T04:59:13Z,,,,,,,2026-08-28T05:41:51Z,
_analytics/clusters/M11-Repentance/Data,_analytics,4,_analytics/clusters/M11-Repentance,1,1,0,.json:1,2026-06-23T16:38:26Z,,,,,,,2026-08-28T05:41:51Z,
_analytics/clusters/M11-Repentance/M11,_analytics,4,_analytics/clusters/M11-Repentance,77,79,1,".md:72, .json:4, .txt:1",2026-07-12T05:02:54Z,,,,,,,2026-08-28T05:41:51Z,
_analytics/clusters/M11-Repentance/M11/publishing,_analytics,5,_analytics/clusters/M11-Repentance/M11,2,2,0,".docx:1, .md:1",2026-07-12T04:59:48Z,,,,,,,2026-08-28T05:41:51Z,
_analytics/clusters/M11-Repentance/findings,_analytics,4,_analytics/clusters/M11-Repentance,9,9,0,.md:9,2026-07-12T05:02:53Z,,,,,,,2026-08-28T05:41:51Z,
_analytics/clusters/M12-Purity,_analytics,3,_analytics/clusters,2,37,3,"(none):1, .md:1",2026-07-12T04:59:13Z,,,,,,,2026-08-28T05:41:51Z,
_analytics/clusters/M12-Purity/Data,_analytics,4,_analytics/clusters/M12-Purity,9,9,0,".json:7, .md:2",2026-07-12T05:02:53Z,,,,,,,2026-08-28T05:41:51Z,
_analytics/clusters/M12-Purity/M12,_analytics,4,_analytics/clusters/M12-Purity,4,4,0,.md:4,2026-07-12T05:02:54Z,,,,,,,2026-08-28T05:41:51Z,
_analytics/clusters/M12-Purity/findings,_analytics,4,_analytics/clusters/M12-Purity,22,22,0,.md:22,2026-07-12T05:02:53Z,,,,,,,2026-08-28T05:41:51Z,
_analytics/clusters/M13-Truth,_analytics,3,_analytics/clusters,2,8,3,"(none):1, .md:1",2026-07-12T04:59:13Z,,,,,,,2026-08-28T05:41:51Z,
_analytics/clusters/M13-Truth/Data,_analytics,4,_analytics/clusters/M13-Truth,1,1,0,.json:1,2026-06-24T05:24:48Z,,,,,,,2026-08-28T05:41:51Z,
_analytics/clusters/M13-Truth/M13,_analytics,4,_analytics/clusters/M13-Truth,4,4,0,.md:4,2026-07-12T05:02:54Z,,,,,,,2026-08-28T05:41:51Z,
_analytics/clusters/M13-Truth/findings,_analytics,4,_analytics/clusters/M13-Truth,1,1,0,.md:1,2026-07-12T04:59:13Z,,,,,,,2026-08-28T05:41:51Z,
_analytics/clusters/M14-Deceit,_analytics,3,_analytics/clusters,2,8,3,"(none):1, .md:1",2026-07-12T04:59:13Z,,,,,,,2026-08-28T05:41:51Z,
_analytics/clusters/M14-Deceit/Data,_analytics,4,_analytics/clusters/M14-Deceit,1,1,0,.json:1,2026-06-24T05:24:50Z,,,,,,,2026-08-28T05:41:51Z,
_analytics/clusters/M14-Deceit/M14,_analytics,4,_analytics/clusters/M14-Deceit,4,4,0,.md:4,2026-07-12T05:02:54Z,,,,,,,2026-08-28T05:41:51Z,
_analytics/clusters/M14-Deceit/findings,_analytics,4,_analytics/clusters/M14-Deceit,1,1,0,.md:1,2026-07-12T04:59:13Z,,,,,,,2026-08-28T05:41:51Z,
_analytics/clusters/M15-Wisdom,_analytics,3,_analytics/clusters,2,141,1,"(none):1, .md:1",2026-07-12T04:59:13Z,,,,,,,2026-08-28T05:41:51Z,
_analytics/clusters/M15-Wisdom/M15,_analytics,4,_analytics/clusters/M15-Wisdom,59,139,7,".md:30, .json:29",2026-07-12T05:02:55Z,,,,,,,2026-08-28T05:41:51Z,
_analytics/clusters/M15-Wisdom/M15/files phase 2,_analytics,5,_analytics/clusters/M15-Wisdom/M15,3,3,0,".md:2, .json:1",2026-05-08T09:41:04Z,,,,,,,2026-08-28T05:41:51Z,
_analytics/clusters/M15-Wisdom/M15/files phase 4,_analytics,5,_analytics/clusters/M15-Wisdom/M15,8,8,0,".md:7, .json:1",2026-05-08T14:23:30Z,,,,,,,2026-08-28T05:41:51Z,
_analytics/clusters/M15-Wisdom/M15/files phase 7,_analytics,5,_analytics/clusters/M15-Wisdom/M15,26,26,0,".md:25, .json:1",2026-05-09T09:50:30Z,,,,,,,2026-08-28T05:41:51Z,
_analytics/clusters/M15-Wisdom/M15/files phase 9,_analytics,5,_analytics/clusters/M15-Wisdom/M15,7,7,0,.md:7,2026-05-12T03:40:02Z,,,,,,,2026-08-28T05:41:51Z,
_analytics/clusters/M15-Wisdom/M15/inputs,_analytics,5,_analytics/clusters/M15-Wisdom/M15,10,10,0,.md:10,2026-07-12T05:02:54Z,,,,,,,2026-08-28T05:41:51Z,
_analytics/clusters/M15-Wisdom/M15/published,_analytics,5,_analytics/clusters/M15-Wisdom/M15,24,24,0,".md:21, .zip:1, .pdf:1, .docx:1",2026-07-12T05:02:54Z,,,,,,,2026-08-28T05:41:51Z,
_analytics/clusters/M15-Wisdom/M15/publishing,_analytics,5,_analytics/clusters/M15-Wisdom/M15,2,2,0,".docx:1, .md:1",2026-07-12T04:59:49Z,,,,,,,2026-08-28T05:41:51Z,
_analytics/clusters/M16-Folly,_analytics,3,_analytics/clusters,2,8,3,"(none):1, .md:1",2026-07-12T04:59:13Z,,,,,,,2026-08-28T05:41:51Z,
_analytics/clusters/M16-Folly/Data,_analytics,4,_analytics/clusters/M16-Folly,1,1,0,.json:1,2026-06-24T06:24:28Z,,,,,,,2026-08-28T05:41:51Z,
_analytics/clusters/M16-Folly/M16,_analytics,4,_analytics/clusters/M16-Folly,4,4,0,.md:4,2026-07-12T05:02:55Z,,,,,,,2026-08-28T05:41:51Z,
_analytics/clusters/M16-Folly/findings,_analytics,4,_analytics/clusters/M16-Folly,1,1,0,.md:1,2026-07-12T04:59:13Z,,,,,,,2026-08-28T05:41:51Z,
_analytics/clusters/M17-Counsel,_analytics,3,_analytics/clusters,2,10,2,"(none):1, .md:1",2026-07-12T04:59:13Z,,,,,,,2026-08-28T05:41:51Z,
_analytics/clusters/M17-Counsel/M17,_analytics,4,_analytics/clusters/M17-Counsel,4,4,0,.md:4,2026-07-12T05:02:55Z,,,,,,,2026-08-28T05:41:51Z,
_analytics/clusters/M17-Counsel/M18,_analytics,4,_analytics/clusters/M17-Counsel,4,4,0,.md:4,2026-07-12T05:02:55Z,,,,,,,2026-08-28T05:41:51Z,
_analytics/clusters/M18-Hope,_analytics,3,_analytics/clusters,2,2,0,"(none):1, .md:1",2026-07-12T04:59:13Z,,,,,,,2026-08-28T05:41:51Z,
_analytics/clusters/M19-Trust,_analytics,3,_analytics/clusters,2,8,3,"(none):1, .md:1",2026-07-12T04:59:13Z,,,,,,,2026-08-28T05:41:51Z,
_analytics/clusters/M19-Trust/Data,_analytics,4,_analytics/clusters/M19-Trust,1,1,0,.json:1,2026-06-24T06:35:29Z,,,,,,,2026-08-28T05:41:51Z,
_analytics/clusters/M19-Trust/M19,_analytics,4,_analytics/clusters/M19-Trust,4,4,0,.md:4,2026-07-12T05:02:55Z,,,,,,,2026-08-28T05:41:51Z,
_analytics/clusters/M19-Trust/findings,_analytics,4,_analytics/clusters/M19-Trust,1,1,0,.md:1,2026-07-12T04:59:13Z,,,,,,,2026-08-28T05:41:51Z,
_analytics/clusters/M20-Doubt,_analytics,3,_analytics/clusters,2,60,3,"(none):1, .md:1",2026-07-12T04:59:13Z,,,,,,,2026-08-28T05:41:51Z,
_analytics/clusters/M20-Doubt/Data,_analytics,4,_analytics/clusters/M20-Doubt,1,1,0,.json:1,2026-06-24T06:35:31Z,,,,,,,2026-08-28T05:41:51Z,
_analytics/clusters/M20-Doubt/M20,_analytics,4,_analytics/clusters/M20-Doubt,22,56,4,".md:16, .zip:3, .json:2, .txt:1",2026-07-12T05:02:55Z,,,,,,,2026-08-28T05:41:51Z,
_analytics/clusters/M20-Doubt/M20/files phase 7,_analytics,5,_analytics/clusters/M20-Doubt/M20,16,16,0,".md:15, .json:1",2026-05-13T12:54:34Z,,,,,,,2026-08-28T05:41:51Z,
_analytics/clusters/M20-Doubt/M20/files phase 8,_analytics,5,_analytics/clusters/M20-Doubt/M20,6,6,0,.md:6,2026-05-13T13:55:58Z,,,,,,,2026-08-28T05:41:51Z,
_analytics/clusters/M20-Doubt/M20/inputs,_analytics,5,_analytics/clusters/M20-Doubt/M20,10,10,0,.md:10,2026-07-12T05:02:55Z,,,,,,,2026-08-28T05:41:51Z,
_analytics/clusters/M20-Doubt/M20/publishing,_analytics,5,_analytics/clusters/M20-Doubt/M20,2,2,0,".docx:1, .md:1",2026-07-12T04:59:50Z,,,,,,,2026-08-28T05:41:51Z,
_analytics/clusters/M20-Doubt/findings,_analytics,4,_analytics/clusters/M20-Doubt,1,1,0,.md:1,2026-07-12T04:59:13Z,,,,,,,2026-08-28T05:41:51Z,
_analytics/clusters/M21-Prayer,_analytics,3,_analytics/clusters,2,6,1,"(none):1, .md:1",2026-07-12T04:59:13Z,,,,,,,2026-08-28T05:41:51Z,
_analytics/clusters/M21-Prayer/M21,_analytics,4,_analytics/clusters/M21-Prayer,4,4,0,.md:4,2026-07-12T05:02:55Z,,,,,,,2026-08-28T05:41:51Z,
_analytics/clusters/M22-Praise,_analytics,3,_analytics/clusters,2,6,1,"(none):1, .md:1",2026-07-12T04:59:13Z,,,,,,,2026-08-28T05:41:51Z,
_analytics/clusters/M22-Praise/M22,_analytics,4,_analytics/clusters/M22-Praise,4,4,0,.md:4,2026-07-12T05:02:55Z,,,,,,,2026-08-28T05:41:51Z,
_analytics/clusters/M23-Strength,_analytics,3,_analytics/clusters,2,6,1,"(none):1, .md:1",2026-07-12T04:59:14Z,,,,,,,2026-08-28T05:41:51Z,
_analytics/clusters/M23-Strength/M23,_analytics,4,_analytics/clusters/M23-Strength,4,4,0,.md:4,2026-07-12T05:02:55Z,,,,,,,2026-08-28T05:41:51Z,
_analytics/clusters/M24-Weakness,_analytics,3,_analytics/clusters,2,6,1,"(none):1, .md:1",2026-07-12T04:59:14Z,,,,,,,2026-08-28T05:41:51Z,
_analytics/clusters/M24-Weakness/M24,_analytics,4,_analytics/clusters/M24-Weakness,4,4,0,.md:4,2026-07-12T05:02:55Z,,,,,,,2026-08-28T05:41:51Z,
_analytics/clusters/M25-Life,_analytics,3,_analytics/clusters,2,6,1,"(none):1, .md:1",2026-07-12T04:59:14Z,,,,,,,2026-08-28T05:41:51Z,
_analytics/clusters/M25-Life/M25,_analytics,4,_analytics/clusters/M25-Life,4,4,0,.md:4,2026-07-12T05:02:55Z,,,,,,,2026-08-28T05:41:51Z,
_analytics/clusters/M26-Righteousness,_analytics,3,_analytics/clusters,2,52,1,"(none):1, .md:1",2026-07-12T04:59:14Z,,,,,,,2026-08-28T05:41:51Z,
_analytics/clusters/M26-Righteousness/M26,_analytics,4,_analytics/clusters/M26-Righteousness,36,50,6,.md:36,2026-07-12T05:02:55Z,,,,,,,2026-08-28T05:41:51Z,
_analytics/clusters/M26-Righteousness/M26/files phase 2,_analytics,5,_analytics/clusters/M26-Righteousness/M26,1,1,0,.md:1,2026-05-08T16:29:55Z,,,,,,,2026-08-28T05:41:51Z,
_analytics/clusters/M26-Righteousness/M26/files phase 3,_analytics,5,_analytics/clusters/M26-Righteousness/M26,1,1,0,.md:1,2026-05-09T03:46:47Z,,,,,,,2026-08-28T05:41:51Z,
_analytics/clusters/M26-Righteousness/M26/files phase 4,_analytics,5,_analytics/clusters/M26-Righteousness/M26,0,0,0,,,,,,,,,2026-08-28T05:41:51Z,
_analytics/clusters/M26-Righteousness/M26/files phase 4-6,_analytics,5,_analytics/clusters/M26-Righteousness/M26,0,0,0,,,,,,,,,2026-08-28T05:41:51Z,
_analytics/clusters/M26-Righteousness/M26/inputs,_analytics,5,_analytics/clusters/M26-Righteousness/M26,10,10,0,.md:10,2026-07-12T05:02:55Z,,,,,,,2026-08-28T05:41:51Z,
_analytics/clusters/M26-Righteousness/M26/publishing,_analytics,5,_analytics/clusters/M26-Righteousness/M26,2,2,0,".docx:1, .md:1",2026-07-12T04:59:51Z,,,,,,,2026-08-28T05:41:51Z,
_analytics/clusters/M27-Evil,_analytics,3,_analytics/clusters,2,6,1,"(none):1, .md:1",2026-07-12T04:59:14Z,,,,,,,2026-08-28T05:41:51Z,
_analytics/clusters/M27-Evil/M27,_analytics,4,_analytics/clusters/M27-Evil,4,4,0,.md:4,2026-07-12T05:02:55Z,,,,,,,2026-08-28T05:41:51Z,
_analytics/clusters/M28-Envy,_analytics,3,_analytics/clusters,2,6,1,"(none):1, .md:1",2026-07-12T04:59:14Z,,,,,,,2026-08-28T05:41:51Z,
_analytics/clusters/M28-Envy/M28,_analytics,4,_analytics/clusters/M28-Envy,4,4,0,.md:4,2026-07-12T05:02:55Z,,,,,,,2026-08-28T05:41:51Z,
_analytics/clusters/M29-Desire,_analytics,3,_analytics/clusters,2,10,2,"(none):1, .md:1",2026-07-12T04:59:14Z,,,,,,,2026-08-28T05:41:51Z,
_analytics/clusters/M29-Desire/M29,_analytics,4,_analytics/clusters/M29-Desire,4,4,0,.md:4,2026-07-12T05:02:55Z,,,,,,,2026-08-28T05:41:51Z,
_analytics/clusters/M29-Desire/M30,_analytics,4,_analytics/clusters/M29-Desire,4,4,0,.md:4,2026-07-12T05:02:55Z,,,,,,,2026-08-28T05:41:51Z,
_analytics/clusters/M30-Obedience,_analytics,3,_analytics/clusters,2,2,0,"(none):1, .md:1",2026-07-12T04:59:14Z,,,,,,,2026-08-28T05:41:51Z,
_analytics/clusters/M31-Faith,_analytics,3,_analytics/clusters,2,7,2,"(none):1, .md:1",2026-07-12T04:59:14Z,,,,,,,2026-08-28T05:41:51Z,
_analytics/clusters/M31-Faith/Data,_analytics,4,_analytics/clusters/M31-Faith,1,1,0,.json:1,2026-06-22T08:32:11Z,,,,,,,2026-08-28T05:41:51Z,
_analytics/clusters/M31-Faith/M31,_analytics,4,_analytics/clusters/M31-Faith,4,4,0,.md:4,2026-07-12T05:02:55Z,,,,,,,2026-08-28T05:41:51Z,
_analytics/clusters/M32,_analytics,3,_analytics/clusters,27,27,0,".md:26, .zip:1",2026-07-12T05:02:55Z,,,,,,,2026-08-28T05:41:51Z,
_analytics/clusters/M33-Peace,_analytics,3,_analytics/clusters,2,6,1,"(none):1, .md:1",2026-07-12T04:59:14Z,,,,,,,2026-08-28T05:41:51Z,
_analytics/clusters/M33-Peace/M33,_analytics,4,_analytics/clusters/M33-Peace,4,4,0,.md:4,2026-07-12T05:02:55Z,,,,,,,2026-08-28T05:41:51Z,
_analytics/clusters/M34-Perseverance,_analytics,3,_analytics/clusters,2,6,1,"(none):1, .md:1",2026-07-12T04:59:14Z,,,,,,,2026-08-28T05:41:51Z,
_analytics/clusters/M34-Perseverance/M34,_analytics,4,_analytics/clusters/M34-Perseverance,4,4,0,.md:4,2026-07-12T05:02:55Z,,,,,,,2026-08-28T05:41:51Z,
_analytics/clusters/M35-Testing,_analytics,3,_analytics/clusters,2,6,1,"(none):1, .md:1",2026-07-12T04:59:14Z,,,,,,,2026-08-28T05:41:51Z,
_analytics/clusters/M35-Testing/M35,_analytics,4,_analytics/clusters/M35-Testing,4,4,0,.md:4,2026-07-12T05:02:55Z,,,,,,,2026-08-28T05:41:51Z,
_analytics/clusters/M36-Service,_analytics,3,_analytics/clusters,2,6,1,"(none):1, .md:1",2026-07-12T04:59:14Z,,,,,,,2026-08-28T05:41:51Z,
_analytics/clusters/M36-Service/M36,_analytics,4,_analytics/clusters/M36-Service,4,4,0,.md:4,2026-07-12T05:02:55Z,,,,,,,2026-08-28T05:41:51Z,
_analytics/clusters/M37-Calling,_analytics,3,_analytics/clusters,2,7,2,"(none):1, .md:1",2026-07-12T04:59:14Z,,,,,,,2026-08-28T05:41:51Z,
_analytics/clusters/M37-Calling/Data,_analytics,4,_analytics/clusters/M37-Calling,1,1,0,.json:1,2026-06-22T08:32:14Z,,,,,,,2026-08-28T05:41:51Z,
_analytics/clusters/M37-Calling/M37,_analytics,4,_analytics/clusters/M37-Calling,4,4,0,.md:4,2026-07-12T05:02:55Z,,,,,,,2026-08-28T05:41:51Z,
_analytics/clusters/M38-Salvation,_analytics,3,_analytics/clusters,2,129,1,"(none):1, .md:1",2026-07-12T04:59:14Z,,,,,,,2026-08-28T05:41:51Z,
_analytics/clusters/M38-Salvation/M38,_analytics,4,_analytics/clusters/M38-Salvation,96,127,3,".md:72, .json:21, .txt:2, .zip:1",2026-07-12T05:02:55Z,,,,,,,2026-08-28T05:41:51Z,
_analytics/clusters/M38-Salvation/M38/inputs,_analytics,5,_analytics/clusters/M38-Salvation/M38,10,10,0,.md:10,2026-07-12T05:02:55Z,,,,,,,2026-08-28T05:41:51Z,
_analytics/clusters/M38-Salvation/M38/published,_analytics,5,_analytics/clusters/M38-Salvation/M38,6,6,0,.md:6,2026-07-12T04:59:55Z,,,,,,,2026-08-28T05:41:51Z,
_analytics/clusters/M38-Salvation/M38/publishing,_analytics,5,_analytics/clusters/M38-Salvation/M38,15,15,0,".md:13, .docx:2",2026-07-12T05:02:55Z,,,,,,,2026-08-28T05:41:51Z,
_analytics/clusters/M39-Blessing,_analytics,3,_analytics/clusters,2,47,1,"(none):1, .md:1",2026-07-12T04:59:14Z,,,,,,,2026-08-28T05:41:51Z,
_analytics/clusters/M39-Blessing/M39,_analytics,4,_analytics/clusters/M39-Blessing,17,45,3,".md:16, .zip:1",2026-07-12T05:02:55Z,,,,,,,2026-08-28T05:41:51Z,
_analytics/clusters/M39-Blessing/M39/files phase 9,_analytics,5,_analytics/clusters/M39-Blessing/M39,16,16,0,".md:15, .json:1",2026-05-14T05:12:36Z,,,,,,,2026-08-28T05:41:51Z,
_analytics/clusters/M39-Blessing/M39/inputs,_analytics,5,_analytics/clusters/M39-Blessing/M39,10,10,0,.md:10,2026-07-12T05:02:55Z,,,,,,,2026-08-28T05:41:51Z,
_analytics/clusters/M39-Blessing/M39/publishing,_analytics,5,_analytics/clusters/M39-Blessing/M39,2,2,0,".docx:1, .md:1",2026-07-12T04:59:56Z,,,,,,,2026-08-28T05:41:51Z,
_analytics/clusters/M41-Remembrance,_analytics,3,_analytics/clusters,2,6,1,"(none):1, .md:1",2026-07-12T04:59:14Z,,,,,,,2026-08-28T05:41:51Z,
_analytics/clusters/M41-Remembrance/M41,_analytics,4,_analytics/clusters/M41-Remembrance,4,4,0,.md:4,2026-07-12T05:02:55Z,,,,,,,2026-08-28T05:41:51Z,
_analytics/clusters/M42-Speech,_analytics,3,_analytics/clusters,2,6,1,"(none):1, .md:1",2026-07-12T04:59:14Z,,,,,,,2026-08-28T05:41:51Z,
_analytics/clusters/M42-Speech/M42,_analytics,4,_analytics/clusters/M42-Speech,4,4,0,.md:4,2026-07-12T05:02:55Z,,,,,,,2026-08-28T05:41:51Z,
_analytics/clusters/M43-Prophecy,_analytics,3,_analytics/clusters,2,6,1,"(none):1, .md:1",2026-07-12T04:59:14Z,,,,,,,2026-08-28T05:41:51Z,
_analytics/clusters/M43-Prophecy/M43,_analytics,4,_analytics/clusters/M43-Prophecy,4,4,0,.md:4,2026-07-12T05:02:55Z,,,,,,,2026-08-28T05:41:51Z,
_analytics/clusters/M44-Relational,_analytics,3,_analytics/clusters,2,7,2,"(none):1, .md:1",2026-07-12T04:59:14Z,,,,,,,2026-08-28T05:41:51Z,
_analytics/clusters/M44-Relational/Data,_analytics,4,_analytics/clusters/M44-Relational,1,1,0,.json:1,2026-06-22T08:32:13Z,,,,,,,2026-08-28T05:41:51Z,
_analytics/clusters/M44-Relational/M44,_analytics,4,_analytics/clusters/M44-Relational,4,4,0,.md:4,2026-07-12T05:02:55Z,,,,,,,2026-08-28T05:41:51Z,
_analytics/clusters/M45-Transformation,_analytics,3,_analytics/clusters,2,6,1,"(none):1, .md:1",2026-07-12T04:59:14Z,,,,,,,2026-08-28T05:41:51Z,
_analytics/clusters/M45-Transformation/M45,_analytics,4,_analytics/clusters/M45-Transformation,4,4,0,.md:4,2026-07-12T05:02:55Z,,,,,,,2026-08-28T05:41:51Z,
_analytics/clusters/M46-Abundance,_analytics,3,_analytics/clusters,2,77,1,"(none):1, .md:1",2026-07-12T04:59:14Z,,,,,,,2026-08-28T05:41:51Z,
_analytics/clusters/M46-Abundance/M46,_analytics,4,_analytics/clusters/M46-Abundance,39,75,3,".md:28, .json:10, .zip:1",2026-07-12T05:02:55Z,,,,,,,2026-08-28T05:41:51Z,
_analytics/clusters/M46-Abundance/M46/files phase 9,_analytics,5,_analytics/clusters/M46-Abundance/M46,24,24,0,".md:13, .json:10, .docx:1",2026-05-15T08:24:04Z,,,,,,,2026-08-28T05:41:51Z,
_analytics/clusters/M46-Abundance/M46/inputs,_analytics,5,_analytics/clusters/M46-Abundance/M46,10,10,0,.md:10,2026-07-12T05:02:55Z,,,,,,,2026-08-28T05:41:51Z,
_analytics/clusters/M46-Abundance/M46/publishing,_analytics,5,_analytics/clusters/M46-Abundance/M46,2,2,0,".docx:1, .md:1",2026-07-12T04:59:57Z,,,,,,,2026-08-28T05:41:51Z,
_analytics/clusters/M47-Constitution,_analytics,3,_analytics/clusters,0,2,1,,,,,,,,,2026-08-28T05:41:51Z,
_analytics/clusters/M47-Constitution/Data,_analytics,4,_analytics/clusters/M47-Constitution,2,2,0,.json:2,2026-06-22T08:20:22Z,,,,,,,2026-08-28T05:41:51Z,
_analytics/clusters/T2-Supplementary,_analytics,3,_analytics/clusters,1,5,1,(none):1,2026-06-05T03:48:55Z,,,,,,,2026-08-28T05:41:51Z,
_analytics/clusters/T2-Supplementary/T2,_analytics,4,_analytics/clusters/T2-Supplementary,4,4,0,.md:4,2026-07-12T05:02:55Z,,,,,,,2026-08-28T05:41:51Z,
_analytics/clusters/archive,_analytics,3,_analytics/clusters,10,10,0,.md:10,2026-08-17T03:37:02Z,,,,,,,2026-08-28T05:41:51Z,
_analytics/concordance_analysis,_analytics,2,_analytics,0,0,0,,,,,,,,,2026-08-28T05:41:51Z,
_analytics/concordance_prose,_analytics,2,_analytics,0,0,0,,,,,,,,,2026-08-28T05:41:51Z,
_analytics/dimensions,_analytics,2,_analytics,62,62,0,".json:57, .md:5",2026-07-12T05:02:53Z,,,,,,,2026-08-28T05:41:51Z,
_analytics/essay,_analytics,2,_analytics,4,4,0,".pdf:3, .md:1",2026-07-30T16:26:47Z,narrative.scope_check_report_path; narrative.usage_log_path,,,operations,authoritative,,2026-08-28T05:41:51Z,2026-08-28T05:41:57Z
_analytics/essay_prose,_analytics,2,_analytics,0,0,0,,,,,,,,,2026-08-28T05:41:51Z,
_analytics/findings_prose,_analytics,2,_analytics,0,0,0,,,,,,,,,2026-08-28T05:41:51Z,
_analytics/lexicon,_analytics,2,_analytics,1,1,0,.json:1,2026-07-25T11:51:01Z,,,,,,,2026-08-28T05:41:51Z,
_analytics/registry,_analytics,2,_analytics,1,11,1,.md:1,2026-07-23T08:35:35Z,report.output_dir; report.registry_path; report.strong_verse_output_dir; report.word_registry_span_output_dir,,,operations,authoritative,,2026-08-28T05:41:51Z,2026-08-28T05:41:57Z
_analytics/registry/archive,_analytics,3,_analytics/registry,10,10,0,.md:10,2026-08-11T16:37:37Z,,,,,,,2026-08-28T05:41:51Z,
_analytics/word_registry,_analytics,2,_analytics,14,635,111,".md:9, .json:4, .docx:1",2026-07-12T05:02:53Z,,,,,,,2026-08-28T05:41:51Z,
_analytics/word_registry/001_hypocrisy,_analytics,3,_analytics/word_registry,1,1,0,.docx:1,2026-04-02T15:44:18Z,,,,,,,2026-08-28T05:41:51Z,
_analytics/word_registry/004_abomination,_analytics,3,_analytics/word_registry,2,2,0,".docx:1, .md:1",2026-07-12T05:02:53Z,,,,,,,2026-08-28T05:41:51Z,
_analytics/word_registry/005_agony,_analytics,3,_analytics/word_registry,1,1,0,.docx:1,2026-04-02T15:42:09Z,,,,,,,2026-08-28T05:41:51Z,
_analytics/word_registry/006_ambition,_analytics,3,_analytics/word_registry,1,1,0,.docx:1,2026-04-02T15:42:11Z,,,,,,,2026-08-28T05:41:51Z,
_analytics/word_registry/007_anger,_analytics,3,_analytics/word_registry,4,4,0,".docx:2, .json:1, .md:1",2026-07-12T04:59:30Z,,,,,,,2026-08-28T05:41:51Z,
_analytics/word_registry/008_anguish,_analytics,3,_analytics/word_registry,1,1,0,.docx:1,2026-04-02T15:42:15Z,,,,,,,2026-08-28T05:41:51Z,
_analytics/word_registry/009_anointing,_analytics,3,_analytics/word_registry,1,1,0,.docx:1,2026-04-02T15:42:18Z,,,,,,,2026-08-28T05:41:51Z,
_analytics/word_registry/010_anxiety,_analytics,3,_analytics/word_registry,1,1,0,.docx:1,2026-04-02T15:42:19Z,,,,,,,2026-08-28T05:41:51Z,
_analytics/word_registry/011_appetite,_analytics,3,_analytics/word_registry,1,1,0,.docx:1,2026-04-02T15:42:23Z,,,,,,,2026-08-28T05:41:51Z,
_analytics/word_registry/012_awe,_analytics,3,_analytics/word_registry,1,1,0,.docx:1,2026-04-02T15:42:25Z,,,,,,,2026-08-28T05:41:51Z,
_analytics/word_registry/013_bitterness,_analytics,3,_analytics/word_registry,1,1,0,.docx:1,2026-04-02T15:42:26Z,,,,,,,2026-08-28T05:41:51Z,
_analytics/word_registry/015_boldness,_analytics,3,_analytics/word_registry,1,1,0,.docx:1,2026-04-02T15:42:28Z,,,,,,,2026-08-28T05:41:51Z,
_analytics/word_registry/016_bondage,_analytics,3,_analytics/word_registry,1,1,0,.docx:1,2026-04-02T15:42:29Z,,,,,,,2026-08-28T05:41:51Z,
_analytics/word_registry/017_brokenness,_analytics,3,_analytics/word_registry,2,2,0,".docx:1, .md:1",2026-07-12T05:02:53Z,,,,,,,2026-08-28T05:41:51Z,
_analytics/word_registry/018_calling,_analytics,3,_analytics/word_registry,1,1,0,.docx:1,2026-04-02T15:42:34Z,,,,,,,2026-08-28T05:41:51Z,
_analytics/word_registry/019_character,_analytics,3,_analytics/word_registry,1,1,0,.docx:1,2026-04-02T15:42:35Z,,,,,,,2026-08-28T05:41:51Z,
_analytics/word_registry/020_compassion,_analytics,3,_analytics/word_registry,14,31,5,".json:8, .md:5, .docx:1",2026-07-12T05:02:53Z,,,,,,,2026-08-28T05:41:51Z,
_analytics/word_registry/020_compassion/capture,_analytics,4,_analytics/word_registry/020_compassion,2,2,0,".json:1, .md:1",2026-07-12T05:02:53Z,,,,,,,2026-08-28T05:41:51Z,
_analytics/word_registry/020_compassion/chapters,_analytics,4,_analytics/word_registry/020_compassion,8,8,0,".md:7, .docx:1",2026-07-12T05:02:53Z,,,,,,,2026-08-28T05:41:51Z,
_analytics/word_registry/020_compassion/inputs,_analytics,4,_analytics/word_registry/020_compassion,2,2,0,.md:2,2026-07-12T05:02:53Z,,,,,,,2026-08-28T05:41:51Z,
_analytics/word_registry/020_compassion/obslog,_analytics,4,_analytics/word_registry/020_compassion,1,1,0,.md:1,2026-07-12T04:59:23Z,,,,,,,2026-08-28T05:41:51Z,
_analytics/word_registry/020_compassion/prior,_analytics,4,_analytics/word_registry/020_compassion,4,4,0,".md:3, .docx:1",2026-07-12T04:59:24Z,,,,,,,2026-08-28T05:41:51Z,
_analytics/word_registry/021_condemnation,_analytics,3,_analytics/word_registry,1,1,0,.docx:1,2026-04-02T15:42:39Z,,,,,,,2026-08-28T05:41:51Z,
_analytics/word_registry/022_conscience,_analytics,3,_analytics/word_registry,1,1,0,.docx:1,2026-04-02T15:42:41Z,,,,,,,2026-08-28T05:41:51Z,
_analytics/word_registry/023_consecration,_analytics,3,_analytics/word_registry,1,1,0,.docx:1,2026-04-02T15:42:43Z,,,,,,,2026-08-28T05:41:51Z,
_analytics/word_registry/024_contentment,_analytics,3,_analytics/word_registry,1,1,0,.docx:1,2026-04-02T15:42:44Z,,,,,,,2026-08-28T05:41:51Z,
_analytics/word_registry/025_contrition,_analytics,3,_analytics/word_registry,6,25,5,".md:3, .json:3",2026-07-12T05:02:53Z,,,,,,,2026-08-28T05:41:51Z,
_analytics/word_registry/025_contrition/capture,_analytics,4,_analytics/word_registry/025_contrition,2,2,0,".json:1, .md:1",2026-07-12T05:02:53Z,,,,,,,2026-08-28T05:41:51Z,
_analytics/word_registry/025_contrition/chapters,_analytics,4,_analytics/word_registry/025_contrition,8,8,0,".md:7, .docx:1",2026-07-12T05:02:53Z,,,,,,,2026-08-28T05:41:51Z,
_analytics/word_registry/025_contrition/inputs,_analytics,4,_analytics/word_registry/025_contrition,2,2,0,.md:2,2026-07-12T05:02:53Z,,,,,,,2026-08-28T05:41:51Z,
_analytics/word_registry/025_contrition/obslog,_analytics,4,_analytics/word_registry/025_contrition,5,5,0,".md:4, .json:1",2026-07-12T05:02:53Z,,,,,,,2026-08-28T05:41:51Z,
_analytics/word_registry/025_contrition/prior,_analytics,4,_analytics/word_registry/025_contrition,2,2,0,.md:2,2026-07-12T04:59:24Z,,,,,,,2026-08-28T05:41:51Z,
_analytics/word_registry/026_corruption,_analytics,3,_analytics/word_registry,1,1,0,.docx:1,2026-04-02T15:42:46Z,,,,,,,2026-08-28T05:41:51Z,
_analytics/word_registry/027_counsel,_analytics,3,_analytics/word_registry,1,1,0,.docx:1,2026-04-02T15:42:48Z,,,,,,,2026-08-28T05:41:51Z,
_analytics/word_registry/028_courage,_analytics,3,_analytics/word_registry,1,1,0,.docx:1,2026-04-02T15:42:51Z,,,,,,,2026-08-28T05:41:51Z,
_analytics/word_registry/029_covenant,_analytics,3,_analytics/word_registry,8,22,3,".md:4, .json:3, .docx:1",2026-07-12T05:02:53Z,,,,,,,2026-08-28T05:41:51Z,
_analytics/word_registry/029_covenant/chapters,_analytics,4,_analytics/word_registry/029_covenant,8,8,0,".md:7, .docx:1",2026-07-12T05:02:53Z,,,,,,,2026-08-28T05:41:51Z,
_analytics/word_registry/029_covenant/inputs,_analytics,4,_analytics/word_registry/029_covenant,4,4,0,".json:2, .md:2",2026-07-12T05:02:53Z,,,,,,,2026-08-28T05:41:51Z,
_analytics/word_registry/029_covenant/obslog,_analytics,4,_analytics/word_registry/029_covenant,2,2,0,.md:2,2026-07-12T04:59:24Z,,,,,,,2026-08-28T05:41:51Z,
_analytics/word_registry/030_covetousness,_analytics,3,_analytics/word_registry,3,3,0,".md:2, .docx:1",2026-07-12T05:02:53Z,,,,,,,2026-08-28T05:41:51Z,
_analytics/word_registry/031_debauchery,_analytics,3,_analytics/word_registry,1,1,0,.docx:1,2026-04-02T15:42:56Z,,,,,,,2026-08-28T05:41:51Z,
_analytics/word_registry/032_deceit,_analytics,3,_analytics/word_registry,1,1,0,.docx:1,2026-04-02T15:42:58Z,,,,,,,2026-08-28T05:41:51Z,
_analytics/word_registry/033_defilement,_analytics,3,_analytics/word_registry,1,1,0,.docx:1,2026-04-02T15:42:59Z,,,,,,,2026-08-28T05:41:51Z,
_analytics/word_registry/034_delight,_analytics,3,_analytics/word_registry,1,1,0,.docx:1,2026-04-02T15:43:02Z,,,,,,,2026-08-28T05:41:51Z,
_analytics/word_registry/035_desire,_analytics,3,_analytics/word_registry,1,1,0,.docx:1,2026-04-02T15:43:08Z,,,,,,,2026-08-28T05:41:51Z,
_analytics/word_registry/036_despair,_analytics,3,_analytics/word_registry,1,1,0,.docx:1,2026-04-02T15:43:12Z,,,,,,,2026-08-28T05:41:51Z,
_analytics/word_registry/037_devotion,_analytics,3,_analytics/word_registry,1,1,0,.docx:1,2026-04-02T15:43:13Z,,,,,,,2026-08-28T05:41:51Z,
_analytics/word_registry/038_dignity,_analytics,3,_analytics/word_registry,1,1,0,.docx:1,2026-04-02T15:43:14Z,,,,,,,2026-08-28T05:41:51Z,
_analytics/word_registry/039_discernment,_analytics,3,_analytics/word_registry,1,1,0,.docx:1,2026-04-02T15:43:17Z,,,,,,,2026-08-28T05:41:51Z,
_analytics/word_registry/040_disobedience,_analytics,3,_analytics/word_registry,1,1,0,.docx:1,2026-04-02T15:43:18Z,,,,,,,2026-08-28T05:41:51Z,
_analytics/word_registry/041_distress,_analytics,3,_analytics/word_registry,2,2,0,".docx:1, .md:1",2026-07-12T04:59:58Z,,,,,,,2026-08-28T05:41:51Z,
_analytics/word_registry/042_division,_analytics,3,_analytics/word_registry,1,1,0,.docx:1,2026-04-02T15:43:27Z,,,,,,,2026-08-28T05:41:51Z,
_analytics/word_registry/043_dread,_analytics,3,_analytics/word_registry,1,1,0,.docx:1,2026-04-02T15:43:28Z,,,,,,,2026-08-28T05:41:51Z,
_analytics/word_registry/044_endurance,_analytics,3,_analytics/word_registry,1,1,0,.docx:1,2026-04-02T15:43:29Z,,,,,,,2026-08-28T05:41:51Z,
_analytics/word_registry/045_envy,_analytics,3,_analytics/word_registry,1,1,0,.docx:1,2026-04-02T15:43:31Z,,,,,,,2026-08-28T05:41:51Z,
_analytics/word_registry/046_evil,_analytics,3,_analytics/word_registry,1,1,0,.docx:1,2026-04-02T15:43:35Z,,,,,,,2026-08-28T05:41:51Z,
_analytics/word_registry/047_experience,_analytics,3,_analytics/word_registry,1,1,0,.docx:1,2026-04-02T15:43:37Z,,,,,,,2026-08-28T05:41:51Z,
_analytics/word_registry/048_faith,_analytics,3,_analytics/word_registry,1,1,0,.docx:1,2026-04-02T15:43:40Z,,,,,,,2026-08-28T05:41:51Z,
_analytics/word_registry/049_faithfulness,_analytics,3,_analytics/word_registry,6,23,3,".md:3, .json:2, .docx:1",2026-07-12T05:02:53Z,,,,,,,2026-08-28T05:41:51Z,
_analytics/word_registry/049_faithfulness/chapters,_analytics,4,_analytics/word_registry/049_faithfulness,7,7,0,.md:7,2026-07-12T05:02:53Z,,,,,,,2026-08-28T05:41:51Z,
_analytics/word_registry/049_faithfulness/inputs,_analytics,4,_analytics/word_registry/049_faithfulness,8,8,0,".json:5, .md:3",2026-07-12T05:02:53Z,,,,,,,2026-08-28T05:41:51Z,
_analytics/word_registry/049_faithfulness/obslog,_analytics,4,_analytics/word_registry/049_faithfulness,2,2,0,.md:2,2026-07-12T04:59:25Z,,,,,,,2026-08-28T05:41:51Z,
_analytics/word_registry/050_fear,_analytics,3,_analytics/word_registry,5,5,0,".md:4, .docx:1",2026-08-10T08:34:47Z,,,,,,,2026-08-28T05:41:51Z,
_analytics/word_registry/051_fellowship,_analytics,3,_analytics/word_registry,14,33,5,".json:7, .md:6, .docx:1",2026-07-12T05:02:53Z,,,,,,,2026-08-28T05:41:51Z,
_analytics/word_registry/051_fellowship/capture,_analytics,4,_analytics/word_registry/051_fellowship,2,2,0,".json:1, .md:1",2026-07-12T05:02:53Z,,,,,,,2026-08-28T05:41:51Z,
_analytics/word_registry/051_fellowship/chapters,_analytics,4,_analytics/word_registry/051_fellowship,8,8,0,".md:7, .docx:1",2026-07-12T05:02:53Z,,,,,,,2026-08-28T05:41:51Z,
_analytics/word_registry/051_fellowship/inputs,_analytics,4,_analytics/word_registry/051_fellowship,1,1,0,.md:1,2026-07-12T05:02:53Z,,,,,,,2026-08-28T05:41:51Z,
_analytics/word_registry/051_fellowship/obslog,_analytics,4,_analytics/word_registry/051_fellowship,5,5,0,".md:4, .json:1",2026-07-12T05:02:53Z,,,,,,,2026-08-28T05:41:51Z,
_analytics/word_registry/051_fellowship/prior,_analytics,4,_analytics/word_registry/051_fellowship,3,3,0,".md:2, .docx:1",2026-07-12T04:59:25Z,,,,,,,2026-08-28T05:41:51Z,
_analytics/word_registry/052_foolishness,_analytics,3,_analytics/word_registry,1,1,0,.docx:1,2026-04-02T15:43:49Z,,,,,,,2026-08-28T05:41:51Z,
_analytics/word_registry/053_forgiveness,_analytics,3,_analytics/word_registry,10,31,5,".md:5, .json:4, .docx:1",2026-07-12T05:02:53Z,,,,,,,2026-08-28T05:41:51Z,
_analytics/word_registry/053_forgiveness/capture,_analytics,4,_analytics/word_registry/053_forgiveness,2,2,0,".json:1, .md:1",2026-07-12T05:02:53Z,,,,,,,2026-08-28T05:41:51Z,
_analytics/word_registry/053_forgiveness/chapters,_analytics,4,_analytics/word_registry/053_forgiveness,8,8,0,".md:7, .docx:1",2026-07-12T05:02:53Z,,,,,,,2026-08-28T05:41:51Z,
_analytics/word_registry/053_forgiveness/inputs,_analytics,4,_analytics/word_registry/053_forgiveness,2,2,0,.md:2,2026-07-12T05:02:53Z,,,,,,,2026-08-28T05:41:51Z,
_analytics/word_registry/053_forgiveness/obslog,_analytics,4,_analytics/word_registry/053_forgiveness,5,5,0,".md:4, .json:1",2026-07-12T05:02:53Z,,,,,,,2026-08-28T05:41:51Z,
_analytics/word_registry/053_forgiveness/prior,_analytics,4,_analytics/word_registry/053_forgiveness,4,4,0,".md:3, .docx:1",2026-07-12T04:59:25Z,,,,,,,2026-08-28T05:41:51Z,
_analytics/word_registry/054_generosity,_analytics,3,_analytics/word_registry,1,1,0,.docx:1,2026-04-02T15:43:52Z,,,,,,,2026-08-28T05:41:51Z,
_analytics/word_registry/055_gentleness,_analytics,3,_analytics/word_registry,1,1,0,.docx:1,2026-04-02T15:43:53Z,,,,,,,2026-08-28T05:41:51Z,
_analytics/word_registry/056_goodness,_analytics,3,_analytics/word_registry,4,31,4,".md:2, .docx:1, .json:1",2026-07-12T05:02:53Z,,,,,,,2026-08-28T05:41:51Z,
_analytics/word_registry/056_goodness/chapters,_analytics,4,_analytics/word_registry/056_goodness,10,10,0,".md:8, .pdf:1, .docx:1",2026-07-12T05:02:53Z,,,,,,,2026-08-28T05:41:51Z,
_analytics/word_registry/056_goodness/inputs,_analytics,4,_analytics/word_registry/056_goodness,12,12,0,".md:9, .json:3",2026-07-12T05:02:53Z,,,,,,,2026-08-28T05:41:51Z,
_analytics/word_registry/056_goodness/obslog,_analytics,4,_analytics/word_registry/056_goodness,4,4,0,".md:3, .json:1",2026-07-12T05:02:53Z,,,,,,,2026-08-28T05:41:51Z,
_analytics/word_registry/056_goodness/prior,_analytics,4,_analytics/word_registry/056_goodness,1,1,0,.docx:1,2026-04-01T11:25:21Z,,,,,,,2026-08-28T05:41:51Z,
_analytics/word_registry/057_grace,_analytics,3,_analytics/word_registry,14,38,5,".md:8, .json:5, .docx:1",2026-07-12T05:02:53Z,,,,,,,2026-08-28T05:41:51Z,
_analytics/word_registry/057_grace/capture,_analytics,4,_analytics/word_registry/057_grace,2,2,0,".json:1, .md:1",2026-07-12T05:02:53Z,,,,,,,2026-08-28T05:41:51Z,
_analytics/word_registry/057_grace/chapters,_analytics,4,_analytics/word_registry/057_grace,8,8,0,".md:7, .docx:1",2026-07-12T05:02:53Z,,,,,,,2026-08-28T05:41:51Z,
_analytics/word_registry/057_grace/inputs,_analytics,4,_analytics/word_registry/057_grace,2,2,0,.md:2,2026-07-12T05:02:53Z,,,,,,,2026-08-28T05:41:51Z,
_analytics/word_registry/057_grace/obslog,_analytics,4,_analytics/word_registry/057_grace,1,1,0,.md:1,2026-07-12T04:59:27Z,,,,,,,2026-08-28T05:41:51Z,
_analytics/word_registry/057_grace/prior,_analytics,4,_analytics/word_registry/057_grace,11,11,0,".md:8, .docx:2, .json:1",2026-07-12T04:59:27Z,,,,,,,2026-08-28T05:41:51Z,
_analytics/word_registry/058_gratitude,_analytics,3,_analytics/word_registry,1,1,0,.docx:1,2026-04-02T15:43:58Z,,,,,,,2026-08-28T05:41:51Z,
_analytics/word_registry/059_greed,_analytics,3,_analytics/word_registry,1,1,0,.docx:1,2026-04-02T15:43:59Z,,,,,,,2026-08-28T05:41:51Z,
_analytics/word_registry/060_grief,_analytics,3,_analytics/word_registry,2,2,0,".docx:1, .md:1",2026-07-12T04:59:58Z,,,,,,,2026-08-28T05:41:51Z,
_analytics/word_registry/061_groaning,_analytics,3,_analytics/word_registry,1,1,0,.docx:1,2026-04-02T15:44:03Z,,,,,,,2026-08-28T05:41:51Z,
_analytics/word_registry/062_guilt,_analytics,3,_analytics/word_registry,1,1,0,.docx:1,2026-04-02T15:44:07Z,,,,,,,2026-08-28T05:41:51Z,
_analytics/word_registry/063_hardness,_analytics,3,_analytics/word_registry,1,1,0,.docx:1,2026-04-02T15:44:08Z,,,,,,,2026-08-28T05:41:51Z,
_analytics/word_registry/064_hatred,_analytics,3,_analytics/word_registry,1,1,0,.docx:1,2026-04-02T15:44:09Z,,,,,,,2026-08-28T05:41:51Z,
_analytics/word_registry/065_holiness,_analytics,3,_analytics/word_registry,1,1,0,.docx:1,2026-04-02T15:44:11Z,,,,,,,2026-08-28T05:41:51Z,
_analytics/word_registry/066_honesty,_analytics,3,_analytics/word_registry,6,14,3,".md:3, .json:2, .docx:1",2026-07-12T05:02:53Z,,,,,,,2026-08-28T05:41:51Z,
_analytics/word_registry/066_honesty/chapters,_analytics,4,_analytics/word_registry/066_honesty,0,0,0,,,,,,,,,2026-08-28T05:41:51Z,
_analytics/word_registry/066_honesty/inputs,_analytics,4,_analytics/word_registry/066_honesty,8,8,0,".json:5, .md:3",2026-07-12T05:02:53Z,,,,,,,2026-08-28T05:41:51Z,
_analytics/word_registry/066_honesty/obslog,_analytics,4,_analytics/word_registry/066_honesty,0,0,0,,,,,,,,,2026-08-28T05:41:51Z,
_analytics/word_registry/067_hope,_analytics,3,_analytics/word_registry,1,1,0,.docx:1,2026-04-02T15:44:15Z,,,,,,,2026-08-28T05:41:51Z,
_analytics/word_registry/068_humility,_analytics,3,_analytics/word_registry,1,1,0,.docx:1,2026-04-02T15:44:17Z,,,,,,,2026-08-28T05:41:51Z,
_analytics/word_registry/069_idolatry,_analytics,3,_analytics/word_registry,1,1,0,.docx:1,2026-04-02T15:44:20Z,,,,,,,2026-08-28T05:41:51Z,
_analytics/word_registry/070_imagination,_analytics,3,_analytics/word_registry,1,1,0,.docx:1,2026-04-02T15:44:21Z,,,,,,,2026-08-28T05:41:51Z,
_analytics/word_registry/071_impurity,_analytics,3,_analytics/word_registry,1,1,0,.docx:1,2026-04-02T15:44:23Z,,,,,,,2026-08-28T05:41:51Z,
_analytics/word_registry/072_indignation,_analytics,3,_analytics/word_registry,1,1,0,.docx:1,2026-04-02T15:44:24Z,,,,,,,2026-08-28T05:41:51Z,
_analytics/word_registry/073_iniquity,_analytics,3,_analytics/word_registry,1,1,0,.docx:1,2026-04-02T15:44:26Z,,,,,,,2026-08-28T05:41:51Z,
_analytics/word_registry/074_innocence,_analytics,3,_analytics/word_registry,6,14,3,".md:3, .json:2, .docx:1",2026-07-12T05:02:53Z,,,,,,,2026-08-28T05:41:51Z,
_analytics/word_registry/074_innocence/chapters,_analytics,4,_analytics/word_registry/074_innocence,0,0,0,,,,,,,,,2026-08-28T05:41:51Z,
_analytics/word_registry/074_innocence/inputs,_analytics,4,_analytics/word_registry/074_innocence,8,8,0,".json:5, .md:3",2026-07-12T05:02:53Z,,,,,,,2026-08-28T05:41:51Z,
_analytics/word_registry/074_innocence/obslog,_analytics,4,_analytics/word_registry/074_innocence,0,0,0,,,,,,,,,2026-08-28T05:41:51Z,
_analytics/word_registry/075_insight,_analytics,3,_analytics/word_registry,1,1,0,.docx:1,2026-04-02T15:44:30Z,,,,,,,2026-08-28T05:41:51Z,
_analytics/word_registry/076_integrity,_analytics,3,_analytics/word_registry,6,14,3,".md:3, .json:2, .docx:1",2026-07-12T05:02:53Z,,,,,,,2026-08-28T05:41:51Z,
_analytics/word_registry/076_integrity/chapters,_analytics,4,_analytics/word_registry/076_integrity,0,0,0,,,,,,,,,2026-08-28T05:41:51Z,
_analytics/word_registry/076_integrity/inputs,_analytics,4,_analytics/word_registry/076_integrity,8,8,0,".json:5, .md:3",2026-07-12T05:02:53Z,,,,,,,2026-08-28T05:41:51Z,
_analytics/word_registry/076_integrity/obslog,_analytics,4,_analytics/word_registry/076_integrity,0,0,0,,,,,,,,,2026-08-28T05:41:51Z,
_analytics/word_registry/077_intention,_analytics,3,_analytics/word_registry,1,1,0,.docx:1,2026-04-02T15:44:33Z,,,,,,,2026-08-28T05:41:51Z,
_analytics/word_registry/078_intercession,_analytics,3,_analytics/word_registry,1,1,0,.docx:1,2026-04-02T15:44:34Z,,,,,,,2026-08-28T05:41:51Z,
_analytics/word_registry/079_jealousy,_analytics,3,_analytics/word_registry,1,1,0,.docx:1,2026-04-02T15:44:35Z,,,,,,,2026-08-28T05:41:51Z,
_analytics/word_registry/080_joy,_analytics,3,_analytics/word_registry,1,1,0,.docx:1,2026-04-02T15:44:38Z,,,,,,,2026-08-28T05:41:51Z,
_analytics/word_registry/081_justice,_analytics,3,_analytics/word_registry,1,1,0,.docx:1,2026-04-02T15:44:42Z,,,,,,,2026-08-28T05:41:51Z,
_analytics/word_registry/082_kindness,_analytics,3,_analytics/word_registry,8,25,3,".md:4, .json:3, .docx:1",2026-07-12T05:02:53Z,,,,,,,2026-08-28T05:41:51Z,
_analytics/word_registry/082_kindness/chapters,_analytics,4,_analytics/word_registry/082_kindness,8,8,0,".md:7, .docx:1",2026-07-12T05:02:53Z,,,,,,,2026-08-28T05:41:51Z,
_analytics/word_registry/082_kindness/inputs,_analytics,4,_analytics/word_registry/082_kindness,5,5,0,".md:3, .json:2",2026-07-12T05:02:53Z,,,,,,,2026-08-28T05:41:51Z,
_analytics/word_registry/082_kindness/obslog,_analytics,4,_analytics/word_registry/082_kindness,4,4,0,.md:4,2026-07-12T04:59:27Z,,,,,,,2026-08-28T05:41:51Z,
_analytics/word_registry/083_knowledge,_analytics,3,_analytics/word_registry,1,1,0,.docx:1,2026-04-02T15:44:50Z,,,,,,,2026-08-28T05:41:51Z,
_analytics/word_registry/084_longing,_analytics,3,_analytics/word_registry,1,1,0,.docx:1,2026-04-02T15:44:52Z,,,,,,,2026-08-28T05:41:51Z,
_analytics/word_registry/085_love,_analytics,3,_analytics/word_registry,15,31,4,".md:7, .json:6, .docx:2",2026-07-12T05:02:53Z,,,,,,,2026-08-28T05:41:51Z,
_analytics/word_registry/085_love/chapters,_analytics,4,_analytics/word_registry/085_love,8,8,0,".md:7, .docx:1",2026-07-12T05:02:53Z,,,,,,,2026-08-28T05:41:51Z,
_analytics/word_registry/085_love/inputs,_analytics,4,_analytics/word_registry/085_love,3,3,0,.md:3,2026-07-12T05:02:53Z,,,,,,,2026-08-28T05:41:51Z,
_analytics/word_registry/085_love/obslog,_analytics,4,_analytics/word_registry/085_love,4,4,0,.md:4,2026-07-12T04:59:28Z,,,,,,,2026-08-28T05:41:51Z,
_analytics/word_registry/085_love/prior,_analytics,4,_analytics/word_registry/085_love,1,1,0,.log:1,2026-03-19T11:41:58Z,,,,,,,2026-08-28T05:41:51Z,
_analytics/word_registry/086_lust,_analytics,3,_analytics/word_registry,1,1,0,.docx:1,2026-04-02T15:44:58Z,,,,,,,2026-08-28T05:41:51Z,
_analytics/word_registry/087_meaning,_analytics,3,_analytics/word_registry,1,1,0,.docx:1,2026-04-02T15:44:59Z,,,,,,,2026-08-28T05:41:51Z,
_analytics/word_registry/088_meditation,_analytics,3,_analytics/word_registry,1,1,0,.docx:1,2026-04-02T15:45:01Z,,,,,,,2026-08-28T05:41:51Z,
_analytics/word_registry/089_memory,_analytics,3,_analytics/word_registry,1,1,0,.docx:1,2026-04-02T15:45:02Z,,,,,,,2026-08-28T05:41:51Z,
_analytics/word_registry/090_mercy,_analytics,3,_analytics/word_registry,10,24,3,".md:5, .json:4, .docx:1",2026-07-12T05:02:53Z,,,,,,,2026-08-28T05:41:51Z,
_analytics/word_registry/090_mercy/chapters,_analytics,4,_analytics/word_registry/090_mercy,8,8,0,".md:7, .docx:1",2026-07-12T05:02:53Z,,,,,,,2026-08-28T05:41:51Z,
_analytics/word_registry/090_mercy/inputs,_analytics,4,_analytics/word_registry/090_mercy,3,3,0,.md:3,2026-07-12T05:02:53Z,,,,,,,2026-08-28T05:41:51Z,
_analytics/word_registry/090_mercy/obslog,_analytics,4,_analytics/word_registry/090_mercy,3,3,0,.md:3,2026-07-12T04:59:28Z,,,,,,,2026-08-28T05:41:51Z,
_analytics/word_registry/091_mind,_analytics,3,_analytics/word_registry,4,4,0,".json:2, .md:1, .docx:1",2026-07-12T05:02:53Z,,,,,,,2026-08-28T05:41:51Z,
_analytics/word_registry/092_mourning,_analytics,3,_analytics/word_registry,1,1,0,.docx:1,2026-04-02T15:45:11Z,,,,,,,2026-08-28T05:41:51Z,
_analytics/word_registry/093_obedience,_analytics,3,_analytics/word_registry,1,1,0,.docx:1,2026-04-02T15:45:12Z,,,,,,,2026-08-28T05:41:51Z,
_analytics/word_registry/094_passion,_analytics,3,_analytics/word_registry,1,1,0,.docx:1,2026-04-02T15:45:13Z,,,,,,,2026-08-28T05:41:51Z,
_analytics/word_registry/095_patience,_analytics,3,_analytics/word_registry,1,1,0,.docx:1,2026-04-02T15:33:50Z,,,,,,,2026-08-28T05:41:51Z,
_analytics/word_registry/096_peace,_analytics,3,_analytics/word_registry,15,50,3,".md:8, .json:7",2026-07-12T05:02:53Z,,,,,,,2026-08-28T05:41:51Z,
_analytics/word_registry/096_peace/chapters,_analytics,4,_analytics/word_registry/096_peace,8,8,0,".md:7, .docx:1",2026-07-12T05:02:53Z,,,,,,,2026-08-28T05:41:51Z,
_analytics/word_registry/096_peace/inputs,_analytics,4,_analytics/word_registry/096_peace,16,16,0,".md:10, .json:6",2026-07-12T05:02:53Z,,,,,,,2026-08-28T05:41:51Z,
_analytics/word_registry/096_peace/obslog,_analytics,4,_analytics/word_registry/096_peace,11,11,0,".md:7, .json:4",2026-07-12T04:59:29Z,,,,,,,2026-08-28T05:41:51Z,
_analytics/word_registry/102_purity,_analytics,3,_analytics/word_registry,5,13,3,".md:3, .json:2",2026-07-12T05:02:53Z,,,,,,,2026-08-28T05:41:51Z,
_analytics/word_registry/102_purity/chapters,_analytics,4,_analytics/word_registry/102_purity,0,0,0,,,,,,,,,2026-08-28T05:41:51Z,
_analytics/word_registry/102_purity/inputs,_analytics,4,_analytics/word_registry/102_purity,8,8,0,".json:5, .md:3",2026-07-12T05:02:53Z,,,,,,,2026-08-28T05:41:51Z,
_analytics/word_registry/102_purity/obslog,_analytics,4,_analytics/word_registry/102_purity,0,0,0,,,,,,,,,2026-08-28T05:41:51Z,
_analytics/word_registry/106_reconciliation,_analytics,3,_analytics/word_registry,1,1,0,.json:1,2026-04-13T03:50:56Z,,,,,,,2026-08-28T05:41:51Z,
_analytics/word_registry/109_renewal,_analytics,3,_analytics/word_registry,6,6,0,".md:5, .json:1",2026-08-10T06:00:49Z,,,,,,,2026-08-28T05:41:51Z,
_analytics/word_registry/111_righteousness,_analytics,3,_analytics/word_registry,5,26,3,".md:3, .json:2",2026-07-12T05:02:53Z,,,,,,,2026-08-28T05:41:51Z,
_analytics/word_registry/111_righteousness/chapters,_analytics,4,_analytics/word_registry/111_righteousness,0,0,0,,,,,,,,,2026-08-28T05:41:51Z,
_analytics/word_registry/111_righteousness/inputs,_analytics,4,_analytics/word_registry/111_righteousness,9,9,0,".json:6, .md:3",2026-07-12T05:02:53Z,,,,,,,2026-08-28T05:41:51Z,
_analytics/word_registry/111_righteousness/obslog,_analytics,4,_analytics/word_registry/111_righteousness,12,12,0,".json:9, .md:3",2026-07-12T04:59:29Z,,,,,,,2026-08-28T05:41:51Z,
_analytics/word_registry/116_sincerity,_analytics,3,_analytics/word_registry,5,13,3,".md:3, .json:2",2026-07-12T05:02:53Z,,,,,,,2026-08-28T05:41:51Z,
_analytics/word_registry/116_sincerity/chapters,_analytics,4,_analytics/word_registry/116_sincerity,0,0,0,,,,,,,,,2026-08-28T05:41:51Z,
_analytics/word_registry/116_sincerity/inputs,_analytics,4,_analytics/word_registry/116_sincerity,8,8,0,".json:5, .md:3",2026-07-12T05:02:53Z,,,,,,,2026-08-28T05:41:51Z,
_analytics/word_registry/116_sincerity/obslog,_analytics,4,_analytics/word_registry/116_sincerity,0,0,0,,,,,,,,,2026-08-28T05:41:51Z,
_analytics/word_registry/130_truthfulness,_analytics,3,_analytics/word_registry,5,13,3,".md:3, .json:2",2026-07-12T05:02:53Z,,,,,,,2026-08-28T05:41:51Z,
_analytics/word_registry/130_truthfulness/chapters,_analytics,4,_analytics/word_registry/130_truthfulness,0,0,0,,,,,,,,,2026-08-28T05:41:51Z,
_analytics/word_registry/130_truthfulness/inputs,_analytics,4,_analytics/word_registry/130_truthfulness,8,8,0,".json:5, .md:3",2026-07-12T05:02:53Z,,,,,,,2026-08-28T05:41:51Z,
_analytics/word_registry/130_truthfulness/obslog,_analytics,4,_analytics/word_registry/130_truthfulness,0,0,0,,,,,,,,,2026-08-28T05:41:51Z,
_analytics/word_registry/134_uprightness,_analytics,3,_analytics/word_registry,5,13,3,".md:3, .json:2",2026-07-12T05:02:53Z,,,,,,,2026-08-28T05:41:51Z,
_analytics/word_registry/134_uprightness/chapters,_analytics,4,_analytics/word_registry/134_uprightness,0,0,0,,,,,,,,,2026-08-28T05:41:51Z,
_analytics/word_registry/134_uprightness/inputs,_analytics,4,_analytics/word_registry/134_uprightness,8,8,0,".json:5, .md:3",2026-07-12T05:02:53Z,,,,,,,2026-08-28T05:41:51Z,
_analytics/word_registry/134_uprightness/obslog,_analytics,4,_analytics/word_registry/134_uprightness,0,0,0,,,,,,,,,2026-08-28T05:41:51Z,
_analytics/word_registry/147_soul,_analytics,3,_analytics/word_registry,3,3,0,".json:2, .md:1",2026-07-12T05:02:53Z,,,,,,,2026-08-28T05:41:51Z,
_analytics/word_registry/149_spirit,_analytics,3,_analytics/word_registry,1,1,0,.md:1,2026-07-12T05:02:53Z,,,,,,,2026-08-28T05:41:51Z,
_analytics/word_registry/158_blessing,_analytics,3,_analytics/word_registry,4,5,1,.md:4,2026-08-10T06:14:46Z,,,,,,,2026-08-28T05:41:51Z,
_analytics/word_registry/158_blessing/archive,_analytics,4,_analytics/word_registry/158_blessing,1,1,0,.md:1,2026-08-10T06:13:45Z,,,,,,,2026-08-28T05:41:51Z,
_analytics/word_registry/172_being,_analytics,3,_analytics/word_registry,1,1,0,.md:1,2026-07-12T05:02:53Z,,,,,,,2026-08-28T05:41:51Z,
_analytics/word_registry/175_ruthlessness,_analytics,3,_analytics/word_registry,1,1,0,.md:1,2026-08-10T14:09:59Z,,,,,,,2026-08-28T05:41:51Z,
_analytics/word_registry/177_suffering,_analytics,3,_analytics/word_registry,3,3,0,".md:2, .json:1",2026-08-10T14:39:15Z,,,,,,,2026-08-28T05:41:51Z,
_analytics/word_registry/178_cursing,_analytics,3,_analytics/word_registry,3,3,0,.md:3,2026-08-10T09:03:23Z,,,,,,,2026-08-28T05:41:51Z,
_analytics/word_registry/183_blindness,_analytics,3,_analytics/word_registry,2,2,0,.md:2,2026-07-12T04:59:23Z,,,,,,,2026-08-28T05:41:51Z,
_analytics/word_registry/184_healing,_analytics,3,_analytics/word_registry,3,3,0,.md:3,2026-08-10T14:17:39Z,,,,,,,2026-08-28T05:41:51Z,
_analytics/word_registry/_bundle_provenance,_analytics,3,_analytics/word_registry,8,8,0,".md:7, .json:1",2026-07-12T05:02:53Z,,,,,,,2026-08-28T05:41:51Z,
_analytics/word_registry/archive,_analytics,3,_analytics/word_registry,6,6,0,.md:6,2026-08-10T08:25:48Z,,,,,,,2026-08-28T05:41:51Z,
_raw_data,_raw_data,1,,0,1033,6,,,,,,,,,2026-08-28T05:41:51Z,
_raw_data/STEP_extracts,_raw_data,2,_raw_data,299,299,0,".json:297, .md:2",2026-07-13T06:03:26Z,,,,,,,2026-08-28T05:41:51Z,
_raw_data/passage,_raw_data,2,_raw_data,0,0,0,,,,,,,,,2026-08-28T05:41:51Z,
_raw_data/raw_data_prose,_raw_data,2,_raw_data,27,27,0,".md:25, .json:2",2026-07-12T05:02:53Z,,,,,,,2026-08-28T05:41:51Z,
_raw_data/registry,_raw_data,2,_raw_data,620,620,0,".json:343, .md:276, .xlsx:1",2026-07-13T06:03:25Z,,,,,,,2026-08-28T05:41:51Z,
_raw_data/span,_raw_data,2,_raw_data,0,0,0,,,,,,,,,2026-08-28T05:41:51Z,
_raw_data/strong,_raw_data,2,_raw_data,0,87,1,,,,,,,,,2026-08-28T05:41:51Z,
_raw_data/strong/terms,_raw_data,3,_raw_data/strong,87,87,0,.md:87,2026-07-12T05:02:53Z,,,,,,,2026-08-28T05:41:51Z,
archive,archive,1,,0,2276,9,,,governance.oneoff_report_archive_dir,,,operations,authoritative,,2026-08-28T05:41:51Z,2026-08-28T05:41:57Z
archive/Clusters,archive,2,archive,92,92,0,".md:53, .json:32, .npz:6, .txt:1",2026-07-12T05:02:55Z,,,,,,,2026-08-28T05:41:51Z,
archive/Logs,archive,2,archive,22,22,0,".log:17, .docx:2, .md:2, .txt:1",2026-07-12T05:00:07Z,,,,,,,2026-08-28T05:41:51Z,
archive/Programme_prose,archive,2,archive,37,37,0,".md:24, .json:13",2026-07-12T05:02:55Z,,,,,,,2026-08-28T05:41:51Z,
archive/References,archive,2,archive,13,13,0,".md:7, .json:6",2026-07-12T05:02:55Z,,,,,,,2026-08-28T05:41:51Z,
archive/Sessions,archive,2,archive,941,1003,1,".md:480, .json:390, .docx:50, .pdf:12, .txt:7",2026-07-12T05:02:55Z,,,,,,,2026-08-28T05:41:51Z,
archive/Sessions/Session_Clusters,archive,3,archive/Sessions,0,62,2,,,,,,,,,2026-08-28T05:41:51Z,
archive/Sessions/Session_Clusters/M15,archive,4,archive/Sessions/Session_Clusters,2,28,2,.zip:2,2026-05-11T18:27:31Z,,,,,,,2026-08-28T05:41:51Z,
archive/Sessions/Session_Clusters/M15/files - failed session,archive,5,archive/Sessions/Session_Clusters/M15,20,20,0,.md:20,2026-05-11T08:36:48Z,,,,,,,2026-08-28T05:41:51Z,
archive/Sessions/Session_Clusters/M15/files json vcg,archive,5,archive/Sessions/Session_Clusters/M15,6,6,0,.json:6,2026-05-11T17:27:30Z,,,,,,,2026-08-28T05:41:51Z,
archive/Sessions/Session_Clusters/M26,archive,4,archive/Sessions/Session_Clusters,0,34,4,,,,,,,,,2026-08-28T05:41:51Z,
archive/Sessions/Session_Clusters/M26/files group split,archive,5,archive/Sessions/Session_Clusters/M26,3,3,0,.md:3,2026-05-10T05:32:05Z,,,,,,,2026-08-28T05:41:51Z,
archive/Sessions/Session_Clusters/M26/files group split 2,archive,5,archive/Sessions/Session_Clusters/M26,7,7,0,.md:7,2026-05-10T10:20:34Z,,,,,,,2026-08-28T05:41:51Z,
archive/Sessions/Session_Clusters/M26/files phase 7,archive,5,archive/Sessions/Session_Clusters/M26,18,18,0,".md:17, .docx:1",2026-05-10T16:47:28Z,,,,,,,2026-08-28T05:41:51Z,
archive/Sessions/Session_Clusters/M26/files phase 8,archive,5,archive/Sessions/Session_Clusters/M26,6,6,0,.md:6,2026-05-11T03:03:28Z,,,,,,,2026-08-28T05:41:51Z,
archive/docs,archive,2,archive,37,37,0,".md:16, .docx:8, .py:7, .json:6",2026-07-12T05:02:55Z,,,,,,,2026-08-28T05:41:51Z,
archive/patches,archive,2,archive,386,396,1,".json:369, .md:17",2026-08-27T09:42:09Z,,,,,,,2026-08-28T05:41:51Z,
archive/patches/directives,archive,3,archive/patches,0,10,1,,,,,,,,,2026-08-28T05:41:51Z,
archive/patches/directives/archive,archive,4,archive/patches/directives,10,10,0,.md:10,2026-07-12T05:00:17Z,,,,,,,2026-08-28T05:41:51Z,
archive/scripts,archive,2,archive,672,672,0,.py:672,2026-08-18T12:03:53Z,,,,,,,2026-08-28T05:41:51Z,
archive/verse-analysis-state-20260704,archive,2,archive,4,4,0,.md:4,2026-07-12T05:16:42Z,,,,,,,2026-08-28T05:41:51Z,
backups,backups,1,,3,3,0,.db:3,2026-08-27T04:57:55Z,,,,,,,2026-08-28T05:41:51Z,
data,data,1,,0,15,2,,,,,,,,,2026-08-28T05:41:51Z,
data/exports,data,2,data,1,12,1,.csv:1,2026-08-13T14:13:08Z,,,,,,,2026-08-28T05:41:51Z,
data/exports/dimension_review,data,3,data/exports,11,11,0,".json:10, .csv:1",2026-08-13T14:13:08Z,,,,,,,2026-08-28T05:41:51Z,
data/imports,data,2,data,0,3,1,,,,,,,,,2026-08-28T05:41:51Z,
data/imports/WA,data,3,data/imports,0,3,1,,,,,,,,,2026-08-28T05:41:51Z,
data/imports/WA/Session_B_Dimension_Review,data,4,data/imports/WA,3,3,0,.md:3,2026-07-12T05:02:56Z,,,,,,,2026-08-28T05:41:51Z,
database,database,1,,2,3,2,"(none):1, .db:1",2026-08-27T09:42:16Z,database.bible_research.path,,,operations,authoritative,,2026-08-28T05:41:51Z,2026-08-28T05:41:57Z
database/archive,database,2,database,1,1,0,.json:1,2026-08-15T06:08:13Z,,,,,,,2026-08-28T05:41:51Z,
database/scripts,database,2,database,0,0,0,,,,,,,,,2026-08-28T05:41:51Z,
docs,docs,1,,38,38,0,".md:32, .json:2, .docx:2, .jpg:1, .xlsx:1",2026-08-24T17:10:46Z,,,,,,,2026-08-28T05:41:51Z,
engine,engine,1,,16,16,0,.py:16,2026-07-12T05:02:56Z,,,,,,,2026-08-28T05:41:51Z,
iba,iba,1,,1,906,5,.py:1,2026-07-17T17:14:58Z,,,,,,,2026-08-28T05:41:51Z,
iba/app,iba,2,iba,11,661,10,".md:6, .py:5",2026-08-28T03:57:23Z,,,,,,,2026-08-28T05:41:51Z,
iba/app/archive,iba,3,iba/app,4,20,1,".md:3, .ps1:1",2026-07-22T18:37:30Z,,,,,,,2026-08-28T05:41:51Z,
iba/app/archive/staging,iba,4,iba/app/archive,0,16,1,,,,,,,,,2026-08-28T05:41:51Z,
iba/app/archive/staging/operations,iba,5,iba/app/archive/staging,12,16,1,.json:12,2026-08-08T07:18:06Z,,,,,,,2026-08-28T05:41:51Z,
iba/app/archive/staging/operations/archive,iba,6,iba/app/archive/staging/operations,4,4,0,.json:4,2026-08-07T05:18:53Z,,,,,,,2026-08-28T05:41:51Z,
iba/app/config,iba,3,iba/app,17,168,3,".csv:16, .md:1",2026-07-19T13:42:15Z,,,,,,,2026-08-28T05:41:51Z,
iba/app/config/archive,iba,4,iba/app/config,150,150,0,".md:143, .json:7",2026-08-05T18:11:27Z,,,,,,,2026-08-28T05:41:51Z,
iba/app/config/export,iba,4,iba/app/config,0,0,0,,,,,,,,,2026-08-28T05:41:51Z,
iba/app/config/views,iba,4,iba/app/config,1,1,0,.csv:1,2026-07-19T07:40:25Z,,,,,,,2026-08-28T05:41:51Z,
iba/app/db,iba,3,iba/app,7,14,2,".db:1, .db-shm:1, .db-wal:1, .bak-20260719-precandidatefix:1, .bak-20260725-prespanregen:1",2026-08-28T05:41:49Z,database.iba.path,,,operations,authoritative,,2026-08-28T05:41:51Z,2026-08-28T05:41:57Z
iba/app/db/archive,iba,4,iba/app/db,2,2,0,.json:2,2026-08-20T11:46:02Z,,,,,,,2026-08-28T05:41:51Z,
iba/app/db/snapshots,iba,4,iba/app/db,5,5,0,.db:5,2026-08-28T05:41:49Z,,,,,,,2026-08-28T05:41:51Z,
iba/app/docs,iba,3,iba/app,7,7,0,.md:7,2026-08-09T18:55:32Z,,,,,,,2026-08-28T05:41:51Z,
iba/app/handlers,iba,3,iba/app,16,16,0,.py:16,2026-08-28T05:39:38Z,,,,,,,2026-08-28T05:41:51Z,
iba/app/lib,iba,3,iba/app,38,38,0,.py:38,2026-08-28T05:41:09Z,,,,,,,2026-08-28T05:41:51Z,
iba/app/migration,iba,3,iba/app,140,140,0,".py:138, .ps1:1, .json:1",2026-08-28T05:40:30Z,,,,,,,2026-08-28T05:41:51Z,
iba/app/ps,iba,3,iba/app,47,48,1,.ps1:47,2026-08-28T05:40:05Z,governance.scripts_ps_dir,,,operations,authoritative,,2026-08-28T05:41:51Z,2026-08-28T05:41:57Z
iba/app/ps/_lib,iba,4,iba/app/ps,1,1,0,.ps1:1,2026-07-29T18:09:55Z,,,,,,,2026-08-28T05:41:51Z,
iba/app/reports,iba,3,iba/app,92,175,1,".md:83, .csv:8, .json:1",2026-08-26T19:35:20Z,candidate.load_report_path; candidate.quality_report_path,,,operations,authoritative,,2026-08-28T05:41:51Z,2026-08-28T05:41:57Z
iba/app/reports/archive,iba,4,iba/app/reports,83,83,0,".md:76, .csv:7",2026-08-18T11:25:14Z,,,,,,,2026-08-28T05:41:51Z,
iba/app/tools,iba,3,iba/app,23,24,1,.py:23,2026-08-17T06:16:57Z,governance.scripts_python_dir,,,operations,authoritative,,2026-08-28T05:41:51Z,2026-08-28T05:41:57Z
iba/app/tools/archive,iba,4,iba/app/tools,1,1,0,.py:1,2026-08-26T16:21:30Z,,,,,,,2026-08-28T05:41:51Z,
iba/config,iba,2,iba,4,30,5,".md:2, .jsonl:1, .json:1",2026-08-24T09:59:37Z,,,,,,,2026-08-28T05:41:51Z,
iba/config/DBSchema,iba,3,iba/config,2,2,0,".json:1, .md:1",2026-08-24T09:59:00Z,,,,,,,2026-08-28T05:41:51Z,
iba/config/archive,iba,3,iba/config,1,1,0,.json:1,2026-07-15T10:51:24Z,,,,,,,2026-08-28T05:41:51Z,
iba/config/process,iba,3,iba/config,10,10,0,".json:5, .md:5",2026-07-16T20:08:09Z,,,,,,,2026-08-28T05:41:51Z,
iba/config/utility,iba,3,iba/config,7,7,0,".json:4, .md:3",2026-07-16T20:08:09Z,,,,,,,2026-08-28T05:41:51Z,
iba/config/wide,iba,3,iba/config,6,6,0,".json:3, .md:3",2026-07-16T20:08:09Z,,,,,,,2026-08-28T05:41:51Z,
iba/docs,iba,2,iba,53,169,4,".md:52, .xlsx:1",2026-08-28T05:15:06Z,,,,,,,2026-08-28T05:41:51Z,
iba/docs/Seeding,iba,3,iba/docs,3,3,0,.md:3,2026-07-22T06:14:09Z,,,,,,,2026-08-28T05:41:51Z,
iba/docs/archive,iba,3,iba/docs,75,75,0,.md:75,2026-08-28T05:03:30Z,,,,,,,2026-08-28T05:41:51Z,
iba/docs/cluster assignment process,iba,3,iba/docs,23,23,0,".json:18, .md:5",2026-08-12T06:11:10Z,,,,,,,2026-08-28T05:41:51Z,
iba/docs/windows debate,iba,3,iba/docs,15,15,0,.md:15,2026-08-13T12:43:17Z,,,,,,,2026-08-28T05:41:51Z,
iba/prototype,iba,2,iba,8,40,2,".md:4, .py:4",2026-07-19T13:56:11Z,,,,,,,2026-08-28T05:41:51Z,
iba/prototype/data,iba,3,iba/prototype,0,20,2,,,,,,,,,2026-08-28T05:41:51Z,
iba/prototype/data/hypocrisy,iba,4,iba/prototype/data,10,10,0,.json:10,2026-07-17T10:21:58Z,,,,,,,2026-08-28T05:41:51Z,
iba/prototype/data/peace,iba,4,iba/prototype/data,10,10,0,.json:10,2026-07-17T10:21:23Z,,,,,,,2026-08-28T05:41:51Z,
iba/prototype/layers,iba,3,iba/prototype,0,12,1,,,,,,,,,2026-08-28T05:41:51Z,
iba/prototype/layers/hypocrisy,iba,4,iba/prototype/layers,12,12,0,.json:12,2026-07-17T11:03:35Z,,,,,,,2026-08-28T05:41:51Z,
iba/scripts,iba,2,iba,5,5,0,.py:5,2026-07-16T14:53:36Z,,,,,,,2026-08-28T05:41:51Z,
memory,memory,1,,0,241,1,,,,,,,,,2026-08-28T05:41:51Z,
memory/archive,memory,2,memory,241,241,0,.md:241,2026-08-03T05:34:49Z,,,,,,,2026-08-28T05:41:51Z,
outputs,outputs,1,,1,750,15,.csv:1,2026-08-28T04:31:33Z,governance.oneoff_report_dir,,,operations,authoritative,,2026-08-28T05:41:51Z,2026-08-28T05:41:57Z
outputs/analysis,outputs,2,outputs,0,0,0,,,,,,,,,2026-08-28T05:41:51Z,
outputs/archive,outputs,2,outputs,126,129,1,".md:67, .json:45, .txt:12, .jsonl:1, .log:1",2026-08-26T07:29:02Z,,,,,,,2026-08-28T05:41:51Z,
outputs/archive/archive,outputs,3,outputs/archive,3,3,0,.md:3,2026-07-12T05:02:56Z,,,,,,,2026-08-28T05:41:51Z,
outputs/cc,outputs,2,outputs,3,3,0,".md:2, .map:1",2026-06-10T16:56:31Z,,,,,,,2026-08-28T05:41:51Z,
outputs/configs,outputs,2,outputs,2,198,1,.md:2,2026-08-28T05:40:44Z,behaviour.list_report_path; configmaint.report_path,,,operations,authoritative,,2026-08-28T05:41:51Z,2026-08-28T05:41:57Z
outputs/configs/archive,outputs,3,outputs/configs,196,196,0,.md:196,2026-08-28T03:57:11Z,,,,,,,2026-08-28T05:41:51Z,
outputs/content_index,outputs,2,outputs,1,1,0,.md:1,2026-08-17T13:22:35Z,content_index.report_path; content_index.size_profile_report_path,,,operations,authoritative,,2026-08-28T05:41:51Z,2026-08-28T05:41:57Z
outputs/cost-history,outputs,2,outputs,4,7,1,".md:2, .csv:2",2026-07-19T05:25:50Z,,,,,,,2026-08-28T05:41:51Z,
outputs/cost-history/api-exports,outputs,3,outputs/cost-history,3,3,0,".csv:2, .md:1",2026-07-19T05:00:03Z,,,,,,,2026-08-28T05:41:51Z,
outputs/csv,outputs,2,outputs,17,33,1,.csv:17,2026-08-22T10:31:25Z,,,,,,,2026-08-28T05:41:51Z,
outputs/csv/archive,outputs,3,outputs/csv,16,16,0,.csv:16,2026-07-25T12:52:09Z,,,,,,,2026-08-28T05:41:51Z,
outputs/data,outputs,2,outputs,0,0,0,,,,,,,,,2026-08-28T05:41:51Z,
outputs/docx,outputs,2,outputs,1,6,1,(none):1,2026-03-16T05:54:37Z,,,,,,,2026-08-28T05:41:51Z,
outputs/docx/archive,outputs,3,outputs/docx,5,5,0,.docx:5,2026-08-22T04:53:21Z,,,,,,,2026-08-28T05:41:51Z,
outputs/escalation,outputs,2,outputs,47,237,1,".md:46, .json:1",2026-08-28T04:07:33Z,escalation.history_report_dir; escalation.list_report_path,,,operations,authoritative,,2026-08-28T05:41:51Z,2026-08-28T05:41:57Z
outputs/escalation/archive,outputs,3,outputs/escalation,190,190,0,".md:188, .json:2",2026-08-27T19:30:59Z,,,,,,,2026-08-28T05:41:51Z,
outputs/integrity,outputs,2,outputs,0,0,0,,,,,,,,,2026-08-28T05:41:51Z,
outputs/json,outputs,2,outputs,0,0,0,,,,,,,,,2026-08-28T05:41:51Z,
outputs/markdown,outputs,2,outputs,76,127,3,".md:71, .csv:2, .json:2, .html:1",2026-08-27T10:49:27Z,,,,,,,2026-08-28T05:41:51Z,
outputs/markdown/archive,outputs,3,outputs/markdown,6,6,0,.md:6,2026-08-27T10:42:00Z,,,,,,,2026-08-28T05:41:51Z,
outputs/markdown/project-reconstruction,outputs,3,outputs/markdown,5,5,0,.md:5,2026-07-12T05:02:56Z,,,,,,,2026-08-28T05:41:51Z,
outputs/markdown/validation,outputs,3,outputs/markdown,40,40,0,.md:40,2026-07-13T05:12:04Z,,,,,,,2026-08-28T05:41:51Z,
outputs/raw_data,outputs,2,outputs,0,0,0,,,,,,,,,2026-08-28T05:41:51Z,
outputs/validations,outputs,2,outputs,0,8,1,,,validation.output_dir,,,operations,authoritative,,2026-08-28T05:41:51Z,2026-08-28T05:41:57Z
outputs/validations/archive,outputs,3,outputs/validations,8,8,0,.md:8,2026-07-22T18:41:11Z,,,,,,,2026-08-28T05:41:51Z,
research,research,1,,1,475,7,(none):1,2026-03-16T05:54:37Z,,,,,,,2026-08-28T05:41:51Z,
research/archive,research,2,research,0,33,1,,,,,,,,,2026-08-28T05:41:51Z,
research/archive/VE-lexical,research,3,research/archive,1,33,3,.md:1,2026-07-12T05:00:33Z,,,,,,,2026-08-28T05:41:51Z,
research/archive/VE-lexical/archive,research,4,research/archive/VE-lexical,1,15,1,.md:1,2026-07-12T05:00:33Z,,,,,,,2026-08-28T05:41:51Z,
research/archive/VE-lexical/archive/exploratory,research,5,research/archive/VE-lexical/archive,14,14,0,.md:14,2026-07-12T05:02:56Z,,,,,,,2026-08-28T05:41:51Z,
research/archive/VE-lexical/faculty-map-build,research,4,research/archive/VE-lexical,8,8,0,".json:6, .py:2",2026-07-12T05:00:33Z,,,,,,,2026-08-28T05:41:51Z,
research/archive/VE-lexical/findings,research,4,research/archive/VE-lexical,9,9,0,.md:9,2026-07-12T05:02:56Z,,,,,,,2026-08-28T05:41:51Z,
research/discovery,research,2,research,23,31,1,".md:14, .json:9",2026-08-21T17:21:13Z,lexicon.quality_report_path; manifest.report_path; report.seed_candidate_path; report.span_analysis_path; report.strong_meaning_path; retention.report_path,,,operations,authoritative,,2026-08-28T05:41:51Z,2026-08-28T05:41:57Z
research/discovery/archive,research,3,research/discovery,8,8,0,.md:8,2026-08-15T09:31:21Z,,,,,,,2026-08-28T05:41:51Z,
research/investigations,research,2,research,386,404,2,".md:314, .json:44, .csv:14, .txt:4, .log:4",2026-07-12T05:02:57Z,,,,,,,2026-08-28T05:41:51Z,
research/investigations/archive,research,3,research/investigations,13,13,0,.md:13,2026-07-12T05:02:56Z,,,,,,,2026-08-28T05:41:51Z,
research/investigations/word_deep_dive,research,3,research/investigations,0,5,1,,,,,,,,,2026-08-28T05:41:51Z,
research/investigations/word_deep_dive/goodness,research,4,research/investigations/word_deep_dive,5,5,0,.md:5,2026-07-12T05:02:57Z,,,,,,,2026-08-28T05:41:51Z,
research/notes,research,2,research,2,2,0,"(none):1, .md:1",2026-05-04T15:31:04Z,,,,,,,2026-08-28T05:41:51Z,
research/projects,research,2,research,1,1,0,(none):1,2026-03-16T05:54:37Z,,,,,,,2026-08-28T05:41:51Z,
research/reports,research,2,research,0,0,0,,,,,,,,,2026-08-28T05:41:51Z,
research/templates,research,2,research,3,3,0,.md:3,2026-07-12T05:02:57Z,,,,,,,2026-08-28T05:41:51Z,
scratchpad_tmp,scratchpad_tmp,1,,9,9,0,.txt:9,2026-07-24T01:57:29Z,,,,,,,2026-08-28T05:41:51Z,
scripts,scripts,1,,336,413,3,".py:324, .ps1:6, .json:3, .sqlite3-query:3",2026-08-27T05:41:42Z,,,,,,,2026-08-28T05:41:51Z,
scripts/SQLite,scripts,2,scripts,0,10,2,,,,,,,,,2026-08-28T05:41:51Z,
scripts/SQLite/IBA_DB,scripts,3,scripts/SQLite,9,9,0,.sqlite3-query:9,2026-08-27T07:01:50Z,,,,,,,2026-08-28T05:41:51Z,
scripts/SQLite/Research_DB,scripts,3,scripts/SQLite,1,1,0,.sqlite3-query:1,2026-08-22T03:54:12Z,,,,,,,2026-08-28T05:41:51Z,
scripts/analytics,scripts,2,scripts,8,8,0,".py:7, .txt:1",2026-07-16T14:29:28Z,,,,,,,2026-08-28T05:41:51Z,
scripts/archive,scripts,2,scripts,59,59,0,".py:58, .sqlite3-query:1",2026-08-16T05:07:48Z,,,,,,,2026-08-28T05:41:51Z,
