verse_reference,strong,surface,morph_code,is_home_strong,question_code,expected_reason
2Pet.1.8,G0692,ineffective,A-APM,Y,M0.7.1,"per-occurrence, always expected"
2Pet.1.8,G0692,ineffective,A-APM,Y,M0.7.10,"per-occurrence, always expected"
2Pet.1.8,G0692,ineffective,A-APM,Y,M0.7.11,"per-occurrence, always expected"
2Pet.1.8,G0692,ineffective,A-APM,Y,M0.7.12,"per-occurrence, always expected"
2Pet.1.8,G0692,ineffective,A-APM,Y,M0.7.13,"per-occurrence, always expected"
2Pet.1.8,G0692,ineffective,A-APM,Y,M0.7.14,"per-occurrence, always expected"
2Pet.1.8,G0692,ineffective,A-APM,Y,M0.7.15,"per-occurrence, always expected"
2Pet.1.8,G0692,ineffective,A-APM,Y,M0.7.16,"per-occurrence, always expected"
2Pet.1.8,G0692,ineffective,A-APM,Y,M0.7.2,"per-occurrence, always expected"
2Pet.1.8,G0692,ineffective,A-APM,Y,M0.7.3,"per-occurrence, always expected"
2Pet.1.8,G0692,ineffective,A-APM,Y,M0.7.4,"per-occurrence, always expected"
2Pet.1.8,G0692,ineffective,A-APM,Y,M0.7.5,"per-occurrence, always expected"
2Pet.1.8,G0692,ineffective,A-APM,Y,M0.7.6,"per-occurrence, always expected"
2Pet.1.8,G0692,ineffective,A-APM,Y,M0.7.7,"per-occurrence, always expected"
2Pet.1.8,G0692,ineffective,A-APM,Y,M0.7.8,"per-occurrence, always expected"
2Pet.1.8,G0692,ineffective,A-APM,Y,M0.7.9,"per-occurrence, always expected"
2Pet.1.8,G1922,knowledge,N-ASF,N,M0.7.1,"per-occurrence, always expected"
2Pet.1.8,G1922,knowledge,N-ASF,N,M0.7.10,"per-occurrence, always expected"
2Pet.1.8,G1922,knowledge,N-ASF,N,M0.7.11,"per-occurrence, always expected"
2Pet.1.8,G1922,knowledge,N-ASF,N,M0.7.12,"per-occurrence, always expected"
2Pet.1.8,G1922,knowledge,N-ASF,N,M0.7.13,"per-occurrence, always expected"
2Pet.1.8,G1922,knowledge,N-ASF,N,M0.7.14,"per-occurrence, always expected"
2Pet.1.8,G1922,knowledge,N-ASF,N,M0.7.15,"per-occurrence, always expected"
2Pet.1.8,G1922,knowledge,N-ASF,N,M0.7.16,"per-occurrence, always expected"
2Pet.1.8,G1922,knowledge,N-ASF,N,M0.7.2,"per-occurrence, always expected"
2Pet.1.8,G1922,knowledge,N-ASF,N,M0.7.3,"per-occurrence, always expected"
2Pet.1.8,G1922,knowledge,N-ASF,N,M0.7.4,"per-occurrence, always expected"
2Pet.1.8,G1922,knowledge,N-ASF,N,M0.7.5,"per-occurrence, always expected"
2Pet.1.8,G1922,knowledge,N-ASF,N,M0.7.6,"per-occurrence, always expected"
2Pet.1.8,G1922,knowledge,N-ASF,N,M0.7.7,"per-occurrence, always expected"
2Pet.1.8,G1922,knowledge,N-ASF,N,M0.7.8,"per-occurrence, always expected"
2Pet.1.8,G1922,knowledge,N-ASF,N,M0.7.9,"per-occurrence, always expected"
2Pet.1.8,G0692,ineffective,A-APM,Y,M0.6.5,"home relational, always expected"
2Pet.1.8,G0692,ineffective,A-APM,Y,M0.6.6,"home whole-network, other M-code strong present in verse"
2Pet.1.8,G0692,ineffective,A-APM,Y,D7.7.1,"home operation-permeability, T3 + party tag both present in verse"
2Cor.7.11,G4710,earnestness,N-ASF,Y,M0.7.1,"per-occurrence, always expected"
2Cor.7.11,G4710,earnestness,N-ASF,Y,M0.7.10,"per-occurrence, always expected"
2Cor.7.11,G4710,earnestness,N-ASF,Y,M0.7.11,"per-occurrence, always expected"
2Cor.7.11,G4710,earnestness,N-ASF,Y,M0.7.12,"per-occurrence, always expected"
2Cor.7.11,G4710,earnestness,N-ASF,Y,M0.7.13,"per-occurrence, always expected"
2Cor.7.11,G4710,earnestness,N-ASF,Y,M0.7.14,"per-occurrence, always expected"
2Cor.7.11,G4710,earnestness,N-ASF,Y,M0.7.15,"per-occurrence, always expected"
2Cor.7.11,G4710,earnestness,N-ASF,Y,M0.7.16,"per-occurrence, always expected"
2Cor.7.11,G4710,earnestness,N-ASF,Y,M0.7.2,"per-occurrence, always expected"
2Cor.7.11,G4710,earnestness,N-ASF,Y,M0.7.3,"per-occurrence, always expected"
2Cor.7.11,G4710,earnestness,N-ASF,Y,M0.7.4,"per-occurrence, always expected"
2Cor.7.11,G4710,earnestness,N-ASF,Y,M0.7.5,"per-occurrence, always expected"
2Cor.7.11,G4710,earnestness,N-ASF,Y,M0.7.6,"per-occurrence, always expected"
2Cor.7.11,G4710,earnestness,N-ASF,Y,M0.7.7,"per-occurrence, always expected"
2Cor.7.11,G4710,earnestness,N-ASF,Y,M0.7.8,"per-occurrence, always expected"
2Cor.7.11,G4710,earnestness,N-ASF,Y,M0.7.9,"per-occurrence, always expected"
2Cor.7.11,G3076,grief,V-APN,N,M0.7.1,"per-occurrence, always expected"
2Cor.7.11,G3076,grief,V-APN,N,M0.7.10,"per-occurrence, always expected"
2Cor.7.11,G3076,grief,V-APN,N,M0.7.11,"per-occurrence, always expected"
2Cor.7.11,G3076,grief,V-APN,N,M0.7.12,"per-occurrence, always expected"
2Cor.7.11,G3076,grief,V-APN,N,M0.7.13,"per-occurrence, always expected"
2Cor.7.11,G3076,grief,V-APN,N,M0.7.14,"per-occurrence, always expected"
2Cor.7.11,G3076,grief,V-APN,N,M0.7.15,"per-occurrence, always expected"
2Cor.7.11,G3076,grief,V-APN,N,M0.7.16,"per-occurrence, always expected"
2Cor.7.11,G3076,grief,V-APN,N,M0.7.2,"per-occurrence, always expected"
2Cor.7.11,G3076,grief,V-APN,N,M0.7.3,"per-occurrence, always expected"
2Cor.7.11,G3076,grief,V-APN,N,M0.7.4,"per-occurrence, always expected"
2Cor.7.11,G3076,grief,V-APN,N,M0.7.5,"per-occurrence, always expected"
2Cor.7.11,G3076,grief,V-APN,N,M0.7.6,"per-occurrence, always expected"
2Cor.7.11,G3076,grief,V-APN,N,M0.7.7,"per-occurrence, always expected"
2Cor.7.11,G3076,grief,V-APN,N,M0.7.8,"per-occurrence, always expected"
2Cor.7.11,G3076,grief,V-APN,N,M0.7.9,"per-occurrence, always expected"
2Cor.7.11,G0024,indignation,N-ASF,N,M0.7.1,"per-occurrence, always expected"
2Cor.7.11,G0024,indignation,N-ASF,N,M0.7.10,"per-occurrence, always expected"
2Cor.7.11,G0024,indignation,N-ASF,N,M0.7.11,"per-occurrence, always expected"
2Cor.7.11,G0024,indignation,N-ASF,N,M0.7.12,"per-occurrence, always expected"
2Cor.7.11,G0024,indignation,N-ASF,N,M0.7.13,"per-occurrence, always expected"
2Cor.7.11,G0024,indignation,N-ASF,N,M0.7.14,"per-occurrence, always expected"
2Cor.7.11,G0024,indignation,N-ASF,N,M0.7.15,"per-occurrence, always expected"
2Cor.7.11,G0024,indignation,N-ASF,N,M0.7.16,"per-occurrence, always expected"
2Cor.7.11,G0024,indignation,N-ASF,N,M0.7.2,"per-occurrence, always expected"
2Cor.7.11,G0024,indignation,N-ASF,N,M0.7.3,"per-occurrence, always expected"
2Cor.7.11,G0024,indignation,N-ASF,N,M0.7.4,"per-occurrence, always expected"
2Cor.7.11,G0024,indignation,N-ASF,N,M0.7.5,"per-occurrence, always expected"
2Cor.7.11,G0024,indignation,N-ASF,N,M0.7.6,"per-occurrence, always expected"
2Cor.7.11,G0024,indignation,N-ASF,N,M0.7.7,"per-occurrence, always expected"
2Cor.7.11,G0024,indignation,N-ASF,N,M0.7.8,"per-occurrence, always expected"
2Cor.7.11,G0024,indignation,N-ASF,N,M0.7.9,"per-occurrence, always expected"
2Cor.7.11,G5401,fear,N-ASM,N,M0.7.1,"per-occurrence, always expected"
2Cor.7.11,G5401,fear,N-ASM,N,M0.7.10,"per-occurrence, always expected"
2Cor.7.11,G5401,fear,N-ASM,N,M0.7.11,"per-occurrence, always expected"
2Cor.7.11,G5401,fear,N-ASM,N,M0.7.12,"per-occurrence, always expected"
2Cor.7.11,G5401,fear,N-ASM,N,M0.7.13,"per-occurrence, always expected"
2Cor.7.11,G5401,fear,N-ASM,N,M0.7.14,"per-occurrence, always expected"
2Cor.7.11,G5401,fear,N-ASM,N,M0.7.15,"per-occurrence, always expected"
2Cor.7.11,G5401,fear,N-ASM,N,M0.7.16,"per-occurrence, always expected"
2Cor.7.11,G5401,fear,N-ASM,N,M0.7.2,"per-occurrence, always expected"
2Cor.7.11,G5401,fear,N-ASM,N,M0.7.3,"per-occurrence, always expected"
2Cor.7.11,G5401,fear,N-ASM,N,M0.7.4,"per-occurrence, always expected"
2Cor.7.11,G5401,fear,N-ASM,N,M0.7.5,"per-occurrence, always expected"
2Cor.7.11,G5401,fear,N-ASM,N,M0.7.6,"per-occurrence, always expected"
2Cor.7.11,G5401,fear,N-ASM,N,M0.7.7,"per-occurrence, always expected"
2Cor.7.11,G5401,fear,N-ASM,N,M0.7.8,"per-occurrence, always expected"
2Cor.7.11,G5401,fear,N-ASM,N,M0.7.9,"per-occurrence, always expected"
2Cor.7.11,G1972,longing,N-ASF,N,M0.7.1,"per-occurrence, always expected"
2Cor.7.11,G1972,longing,N-ASF,N,M0.7.10,"per-occurrence, always expected"
2Cor.7.11,G1972,longing,N-ASF,N,M0.7.11,"per-occurrence, always expected"
2Cor.7.11,G1972,longing,N-ASF,N,M0.7.12,"per-occurrence, always expected"
2Cor.7.11,G1972,longing,N-ASF,N,M0.7.13,"per-occurrence, always expected"
2Cor.7.11,G1972,longing,N-ASF,N,M0.7.14,"per-occurrence, always expected"
2Cor.7.11,G1972,longing,N-ASF,N,M0.7.15,"per-occurrence, always expected"
2Cor.7.11,G1972,longing,N-ASF,N,M0.7.16,"per-occurrence, always expected"
2Cor.7.11,G1972,longing,N-ASF,N,M0.7.2,"per-occurrence, always expected"
2Cor.7.11,G1972,longing,N-ASF,N,M0.7.3,"per-occurrence, always expected"
2Cor.7.11,G1972,longing,N-ASF,N,M0.7.4,"per-occurrence, always expected"
2Cor.7.11,G1972,longing,N-ASF,N,M0.7.5,"per-occurrence, always expected"
2Cor.7.11,G1972,longing,N-ASF,N,M0.7.6,"per-occurrence, always expected"
2Cor.7.11,G1972,longing,N-ASF,N,M0.7.7,"per-occurrence, always expected"
2Cor.7.11,G1972,longing,N-ASF,N,M0.7.8,"per-occurrence, always expected"
2Cor.7.11,G1972,longing,N-ASF,N,M0.7.9,"per-occurrence, always expected"
2Cor.7.11,G2205,zeal,N-ASM,N,M0.7.1,"per-occurrence, always expected"
2Cor.7.11,G2205,zeal,N-ASM,N,M0.7.10,"per-occurrence, always expected"
2Cor.7.11,G2205,zeal,N-ASM,N,M0.7.11,"per-occurrence, always expected"
2Cor.7.11,G2205,zeal,N-ASM,N,M0.7.12,"per-occurrence, always expected"
2Cor.7.11,G2205,zeal,N-ASM,N,M0.7.13,"per-occurrence, always expected"
2Cor.7.11,G2205,zeal,N-ASM,N,M0.7.14,"per-occurrence, always expected"
2Cor.7.11,G2205,zeal,N-ASM,N,M0.7.15,"per-occurrence, always expected"
2Cor.7.11,G2205,zeal,N-ASM,N,M0.7.16,"per-occurrence, always expected"
2Cor.7.11,G2205,zeal,N-ASM,N,M0.7.2,"per-occurrence, always expected"
2Cor.7.11,G2205,zeal,N-ASM,N,M0.7.3,"per-occurrence, always expected"
2Cor.7.11,G2205,zeal,N-ASM,N,M0.7.4,"per-occurrence, always expected"
2Cor.7.11,G2205,zeal,N-ASM,N,M0.7.5,"per-occurrence, always expected"
2Cor.7.11,G2205,zeal,N-ASM,N,M0.7.6,"per-occurrence, always expected"
2Cor.7.11,G2205,zeal,N-ASM,N,M0.7.7,"per-occurrence, always expected"
2Cor.7.11,G2205,zeal,N-ASM,N,M0.7.8,"per-occurrence, always expected"
2Cor.7.11,G2205,zeal,N-ASM,N,M0.7.9,"per-occurrence, always expected"
2Cor.7.11,G1557,punishment,N-ASF,N,M0.7.1,"per-occurrence, always expected"
2Cor.7.11,G1557,punishment,N-ASF,N,M0.7.10,"per-occurrence, always expected"
2Cor.7.11,G1557,punishment,N-ASF,N,M0.7.11,"per-occurrence, always expected"
2Cor.7.11,G1557,punishment,N-ASF,N,M0.7.12,"per-occurrence, always expected"
2Cor.7.11,G1557,punishment,N-ASF,N,M0.7.13,"per-occurrence, always expected"
2Cor.7.11,G1557,punishment,N-ASF,N,M0.7.14,"per-occurrence, always expected"
2Cor.7.11,G1557,punishment,N-ASF,N,M0.7.15,"per-occurrence, always expected"
2Cor.7.11,G1557,punishment,N-ASF,N,M0.7.16,"per-occurrence, always expected"
2Cor.7.11,G1557,punishment,N-ASF,N,M0.7.2,"per-occurrence, always expected"
2Cor.7.11,G1557,punishment,N-ASF,N,M0.7.3,"per-occurrence, always expected"
2Cor.7.11,G1557,punishment,N-ASF,N,M0.7.4,"per-occurrence, always expected"
2Cor.7.11,G1557,punishment,N-ASF,N,M0.7.5,"per-occurrence, always expected"
2Cor.7.11,G1557,punishment,N-ASF,N,M0.7.6,"per-occurrence, always expected"
2Cor.7.11,G1557,punishment,N-ASF,N,M0.7.7,"per-occurrence, always expected"
2Cor.7.11,G1557,punishment,N-ASF,N,M0.7.8,"per-occurrence, always expected"
2Cor.7.11,G1557,punishment,N-ASF,N,M0.7.9,"per-occurrence, always expected"
2Cor.7.11,G0053,innocent,A-APM,N,M0.7.1,"per-occurrence, always expected"
2Cor.7.11,G0053,innocent,A-APM,N,M0.7.10,"per-occurrence, always expected"
2Cor.7.11,G0053,innocent,A-APM,N,M0.7.11,"per-occurrence, always expected"
2Cor.7.11,G0053,innocent,A-APM,N,M0.7.12,"per-occurrence, always expected"
2Cor.7.11,G0053,innocent,A-APM,N,M0.7.13,"per-occurrence, always expected"
2Cor.7.11,G0053,innocent,A-APM,N,M0.7.14,"per-occurrence, always expected"
2Cor.7.11,G0053,innocent,A-APM,N,M0.7.15,"per-occurrence, always expected"
2Cor.7.11,G0053,innocent,A-APM,N,M0.7.16,"per-occurrence, always expected"
2Cor.7.11,G0053,innocent,A-APM,N,M0.7.2,"per-occurrence, always expected"
2Cor.7.11,G0053,innocent,A-APM,N,M0.7.3,"per-occurrence, always expected"
2Cor.7.11,G0053,innocent,A-APM,N,M0.7.4,"per-occurrence, always expected"
2Cor.7.11,G0053,innocent,A-APM,N,M0.7.5,"per-occurrence, always expected"
2Cor.7.11,G0053,innocent,A-APM,N,M0.7.6,"per-occurrence, always expected"
2Cor.7.11,G0053,innocent,A-APM,N,M0.7.7,"per-occurrence, always expected"
2Cor.7.11,G0053,innocent,A-APM,N,M0.7.8,"per-occurrence, always expected"
2Cor.7.11,G0053,innocent,A-APM,N,M0.7.9,"per-occurrence, always expected"
2Cor.7.11,G4710,earnestness,N-ASF,Y,M0.6.5,"home relational, always expected"
2Cor.7.11,G4710,earnestness,N-ASF,Y,M0.6.6,"home whole-network, other M-code strong present in verse"
2Cor.7.11,G4710,earnestness,N-ASF,Y,D7.7.1,"home operation-permeability, T3 + party tag both present in verse"
Matt.12.36,G2920,judgment,N-GSF,N,M0.7.1,"per-occurrence, always expected"
Matt.12.36,G2920,judgment,N-GSF,N,M0.7.10,"per-occurrence, always expected"
Matt.12.36,G2920,judgment,N-GSF,N,M0.7.11,"per-occurrence, always expected"
Matt.12.36,G2920,judgment,N-GSF,N,M0.7.12,"per-occurrence, always expected"
Matt.12.36,G2920,judgment,N-GSF,N,M0.7.13,"per-occurrence, always expected"
Matt.12.36,G2920,judgment,N-GSF,N,M0.7.14,"per-occurrence, always expected"
Matt.12.36,G2920,judgment,N-GSF,N,M0.7.15,"per-occurrence, always expected"
Matt.12.36,G2920,judgment,N-GSF,N,M0.7.16,"per-occurrence, always expected"
Matt.12.36,G2920,judgment,N-GSF,N,M0.7.2,"per-occurrence, always expected"
Matt.12.36,G2920,judgment,N-GSF,N,M0.7.3,"per-occurrence, always expected"
Matt.12.36,G2920,judgment,N-GSF,N,M0.7.4,"per-occurrence, always expected"
Matt.12.36,G2920,judgment,N-GSF,N,M0.7.5,"per-occurrence, always expected"
Matt.12.36,G2920,judgment,N-GSF,N,M0.7.6,"per-occurrence, always expected"
Matt.12.36,G2920,judgment,N-GSF,N,M0.7.7,"per-occurrence, always expected"
Matt.12.36,G2920,judgment,N-GSF,N,M0.7.8,"per-occurrence, always expected"
Matt.12.36,G2920,judgment,N-GSF,N,M0.7.9,"per-occurrence, always expected"
Matt.12.36,G3056,account,N-ASM,N,M0.7.1,"per-occurrence, always expected"
Matt.12.36,G3056,account,N-ASM,N,M0.7.10,"per-occurrence, always expected"
Matt.12.36,G3056,account,N-ASM,N,M0.7.11,"per-occurrence, always expected"
Matt.12.36,G3056,account,N-ASM,N,M0.7.12,"per-occurrence, always expected"
Matt.12.36,G3056,account,N-ASM,N,M0.7.13,"per-occurrence, always expected"
Matt.12.36,G3056,account,N-ASM,N,M0.7.14,"per-occurrence, always expected"
Matt.12.36,G3056,account,N-ASM,N,M0.7.15,"per-occurrence, always expected"
Matt.12.36,G3056,account,N-ASM,N,M0.7.16,"per-occurrence, always expected"
Matt.12.36,G3056,account,N-ASM,N,M0.7.2,"per-occurrence, always expected"
Matt.12.36,G3056,account,N-ASM,N,M0.7.3,"per-occurrence, always expected"
Matt.12.36,G3056,account,N-ASM,N,M0.7.4,"per-occurrence, always expected"
Matt.12.36,G3056,account,N-ASM,N,M0.7.5,"per-occurrence, always expected"
Matt.12.36,G3056,account,N-ASM,N,M0.7.6,"per-occurrence, always expected"
Matt.12.36,G3056,account,N-ASM,N,M0.7.7,"per-occurrence, always expected"
Matt.12.36,G3056,account,N-ASM,N,M0.7.8,"per-occurrence, always expected"
Matt.12.36,G3056,account,N-ASM,N,M0.7.9,"per-occurrence, always expected"
Matt.12.36,G0692,careless,A-ASN,Y,M0.7.1,"per-occurrence, always expected"
Matt.12.36,G0692,careless,A-ASN,Y,M0.7.10,"per-occurrence, always expected"
Matt.12.36,G0692,careless,A-ASN,Y,M0.7.11,"per-occurrence, always expected"
Matt.12.36,G0692,careless,A-ASN,Y,M0.7.12,"per-occurrence, always expected"
Matt.12.36,G0692,careless,A-ASN,Y,M0.7.13,"per-occurrence, always expected"
Matt.12.36,G0692,careless,A-ASN,Y,M0.7.14,"per-occurrence, always expected"
Matt.12.36,G0692,careless,A-ASN,Y,M0.7.15,"per-occurrence, always expected"
Matt.12.36,G0692,careless,A-ASN,Y,M0.7.16,"per-occurrence, always expected"
Matt.12.36,G0692,careless,A-ASN,Y,M0.7.2,"per-occurrence, always expected"
Matt.12.36,G0692,careless,A-ASN,Y,M0.7.3,"per-occurrence, always expected"
Matt.12.36,G0692,careless,A-ASN,Y,M0.7.4,"per-occurrence, always expected"
Matt.12.36,G0692,careless,A-ASN,Y,M0.7.5,"per-occurrence, always expected"
Matt.12.36,G0692,careless,A-ASN,Y,M0.7.6,"per-occurrence, always expected"
Matt.12.36,G0692,careless,A-ASN,Y,M0.7.7,"per-occurrence, always expected"
Matt.12.36,G0692,careless,A-ASN,Y,M0.7.8,"per-occurrence, always expected"
Matt.12.36,G0692,careless,A-ASN,Y,M0.7.9,"per-occurrence, always expected"
Matt.12.36,G0692,careless,A-ASN,Y,M0.6.5,"home relational, always expected"
Matt.12.36,G0692,careless,A-ASN,Y,M0.6.6,"home whole-network, other M-code strong present in verse"
Matt.12.36,G0692,careless,A-ASN,Y,D7.7.1,"home operation-permeability, T3 + party tag both present in verse"
Matt.20.6,G0692,idle,A-NPM,Y,M0.7.1,"per-occurrence, always expected"
Matt.20.6,G0692,idle,A-NPM,Y,M0.7.10,"per-occurrence, always expected"
Matt.20.6,G0692,idle,A-NPM,Y,M0.7.11,"per-occurrence, always expected"
Matt.20.6,G0692,idle,A-NPM,Y,M0.7.12,"per-occurrence, always expected"
Matt.20.6,G0692,idle,A-NPM,Y,M0.7.13,"per-occurrence, always expected"
Matt.20.6,G0692,idle,A-NPM,Y,M0.7.14,"per-occurrence, always expected"
Matt.20.6,G0692,idle,A-NPM,Y,M0.7.15,"per-occurrence, always expected"
Matt.20.6,G0692,idle,A-NPM,Y,M0.7.16,"per-occurrence, always expected"
Matt.20.6,G0692,idle,A-NPM,Y,M0.7.2,"per-occurrence, always expected"
Matt.20.6,G0692,idle,A-NPM,Y,M0.7.3,"per-occurrence, always expected"
Matt.20.6,G0692,idle,A-NPM,Y,M0.7.4,"per-occurrence, always expected"
Matt.20.6,G0692,idle,A-NPM,Y,M0.7.5,"per-occurrence, always expected"
Matt.20.6,G0692,idle,A-NPM,Y,M0.7.6,"per-occurrence, always expected"
Matt.20.6,G0692,idle,A-NPM,Y,M0.7.7,"per-occurrence, always expected"
Matt.20.6,G0692,idle,A-NPM,Y,M0.7.8,"per-occurrence, always expected"
Matt.20.6,G0692,idle,A-NPM,Y,M0.7.9,"per-occurrence, always expected"
Matt.20.6,G0692,idle,A-NPM,Y,M0.6.5,"home relational, always expected"
Mark.6.25,G4710,haste,N-GSF,Y,M0.7.1,"per-occurrence, always expected"
Mark.6.25,G4710,haste,N-GSF,Y,M0.7.10,"per-occurrence, always expected"
Mark.6.25,G4710,haste,N-GSF,Y,M0.7.11,"per-occurrence, always expected"
Mark.6.25,G4710,haste,N-GSF,Y,M0.7.12,"per-occurrence, always expected"
Mark.6.25,G4710,haste,N-GSF,Y,M0.7.13,"per-occurrence, always expected"
Mark.6.25,G4710,haste,N-GSF,Y,M0.7.14,"per-occurrence, always expected"
Mark.6.25,G4710,haste,N-GSF,Y,M0.7.15,"per-occurrence, always expected"
Mark.6.25,G4710,haste,N-GSF,Y,M0.7.16,"per-occurrence, always expected"
Mark.6.25,G4710,haste,N-GSF,Y,M0.7.2,"per-occurrence, always expected"
Mark.6.25,G4710,haste,N-GSF,Y,M0.7.3,"per-occurrence, always expected"
Mark.6.25,G4710,haste,N-GSF,Y,M0.7.4,"per-occurrence, always expected"
Mark.6.25,G4710,haste,N-GSF,Y,M0.7.5,"per-occurrence, always expected"
Mark.6.25,G4710,haste,N-GSF,Y,M0.7.6,"per-occurrence, always expected"
Mark.6.25,G4710,haste,N-GSF,Y,M0.7.7,"per-occurrence, always expected"
Mark.6.25,G4710,haste,N-GSF,Y,M0.7.8,"per-occurrence, always expected"
Mark.6.25,G4710,haste,N-GSF,Y,M0.7.9,"per-occurrence, always expected"
Mark.6.25,G0154,asked,V-AMI-3S,N,M0.7.1,"per-occurrence, always expected"
Mark.6.25,G0154,asked,V-AMI-3S,N,M0.7.10,"per-occurrence, always expected"
Mark.6.25,G0154,asked,V-AMI-3S,N,M0.7.11,"per-occurrence, always expected"
Mark.6.25,G0154,asked,V-AMI-3S,N,M0.7.12,"per-occurrence, always expected"
Mark.6.25,G0154,asked,V-AMI-3S,N,M0.7.13,"per-occurrence, always expected"
Mark.6.25,G0154,asked,V-AMI-3S,N,M0.7.14,"per-occurrence, always expected"
Mark.6.25,G0154,asked,V-AMI-3S,N,M0.7.15,"per-occurrence, always expected"
Mark.6.25,G0154,asked,V-AMI-3S,N,M0.7.16,"per-occurrence, always expected"
Mark.6.25,G0154,asked,V-AMI-3S,N,M0.7.2,"per-occurrence, always expected"
Mark.6.25,G0154,asked,V-AMI-3S,N,M0.7.3,"per-occurrence, always expected"
Mark.6.25,G0154,asked,V-AMI-3S,N,M0.7.4,"per-occurrence, always expected"
Mark.6.25,G0154,asked,V-AMI-3S,N,M0.7.5,"per-occurrence, always expected"
Mark.6.25,G0154,asked,V-AMI-3S,N,M0.7.6,"per-occurrence, always expected"
Mark.6.25,G0154,asked,V-AMI-3S,N,M0.7.7,"per-occurrence, always expected"
Mark.6.25,G0154,asked,V-AMI-3S,N,M0.7.8,"per-occurrence, always expected"
Mark.6.25,G0154,asked,V-AMI-3S,N,M0.7.9,"per-occurrence, always expected"
Mark.6.25,G2309,want,V-PAI-1S,N,M0.7.1,"per-occurrence, always expected"
Mark.6.25,G2309,want,V-PAI-1S,N,M0.7.10,"per-occurrence, always expected"
Mark.6.25,G2309,want,V-PAI-1S,N,M0.7.11,"per-occurrence, always expected"
Mark.6.25,G2309,want,V-PAI-1S,N,M0.7.12,"per-occurrence, always expected"
Mark.6.25,G2309,want,V-PAI-1S,N,M0.7.13,"per-occurrence, always expected"
Mark.6.25,G2309,want,V-PAI-1S,N,M0.7.14,"per-occurrence, always expected"
Mark.6.25,G2309,want,V-PAI-1S,N,M0.7.15,"per-occurrence, always expected"
Mark.6.25,G2309,want,V-PAI-1S,N,M0.7.16,"per-occurrence, always expected"
Mark.6.25,G2309,want,V-PAI-1S,N,M0.7.2,"per-occurrence, always expected"
Mark.6.25,G2309,want,V-PAI-1S,N,M0.7.3,"per-occurrence, always expected"
Mark.6.25,G2309,want,V-PAI-1S,N,M0.7.4,"per-occurrence, always expected"
Mark.6.25,G2309,want,V-PAI-1S,N,M0.7.5,"per-occurrence, always expected"
Mark.6.25,G2309,want,V-PAI-1S,N,M0.7.6,"per-occurrence, always expected"
Mark.6.25,G2309,want,V-PAI-1S,N,M0.7.7,"per-occurrence, always expected"
Mark.6.25,G2309,want,V-PAI-1S,N,M0.7.8,"per-occurrence, always expected"
Mark.6.25,G2309,want,V-PAI-1S,N,M0.7.9,"per-occurrence, always expected"
Mark.6.25,G4710,haste,N-GSF,Y,M0.6.5,"home relational, always expected"
Mark.6.25,G4710,haste,N-GSF,Y,M0.6.6,"home whole-network, other M-code strong present in verse"
Luke.7.4,G3870,pleaded,V-IAI-3P,N,M0.7.1,"per-occurrence, always expected"
Luke.7.4,G3870,pleaded,V-IAI-3P,N,M0.7.10,"per-occurrence, always expected"
Luke.7.4,G3870,pleaded,V-IAI-3P,N,M0.7.11,"per-occurrence, always expected"
Luke.7.4,G3870,pleaded,V-IAI-3P,N,M0.7.12,"per-occurrence, always expected"
Luke.7.4,G3870,pleaded,V-IAI-3P,N,M0.7.13,"per-occurrence, always expected"
Luke.7.4,G3870,pleaded,V-IAI-3P,N,M0.7.14,"per-occurrence, always expected"
Luke.7.4,G3870,pleaded,V-IAI-3P,N,M0.7.15,"per-occurrence, always expected"
Luke.7.4,G3870,pleaded,V-IAI-3P,N,M0.7.16,"per-occurrence, always expected"
Luke.7.4,G3870,pleaded,V-IAI-3P,N,M0.7.2,"per-occurrence, always expected"
Luke.7.4,G3870,pleaded,V-IAI-3P,N,M0.7.3,"per-occurrence, always expected"
Luke.7.4,G3870,pleaded,V-IAI-3P,N,M0.7.4,"per-occurrence, always expected"
Luke.7.4,G3870,pleaded,V-IAI-3P,N,M0.7.5,"per-occurrence, always expected"
Luke.7.4,G3870,pleaded,V-IAI-3P,N,M0.7.6,"per-occurrence, always expected"
Luke.7.4,G3870,pleaded,V-IAI-3P,N,M0.7.7,"per-occurrence, always expected"
Luke.7.4,G3870,pleaded,V-IAI-3P,N,M0.7.8,"per-occurrence, always expected"
Luke.7.4,G3870,pleaded,V-IAI-3P,N,M0.7.9,"per-occurrence, always expected"
Luke.7.4,G4709,earnestly,ADV,Y,M0.7.1,"per-occurrence, always expected"
Luke.7.4,G4709,earnestly,ADV,Y,M0.7.10,"per-occurrence, always expected"
Luke.7.4,G4709,earnestly,ADV,Y,M0.7.11,"per-occurrence, always expected"
Luke.7.4,G4709,earnestly,ADV,Y,M0.7.12,"per-occurrence, always expected"
Luke.7.4,G4709,earnestly,ADV,Y,M0.7.13,"per-occurrence, always expected"
Luke.7.4,G4709,earnestly,ADV,Y,M0.7.14,"per-occurrence, always expected"
Luke.7.4,G4709,earnestly,ADV,Y,M0.7.15,"per-occurrence, always expected"
Luke.7.4,G4709,earnestly,ADV,Y,M0.7.16,"per-occurrence, always expected"
Luke.7.4,G4709,earnestly,ADV,Y,M0.7.2,"per-occurrence, always expected"
Luke.7.4,G4709,earnestly,ADV,Y,M0.7.3,"per-occurrence, always expected"
Luke.7.4,G4709,earnestly,ADV,Y,M0.7.4,"per-occurrence, always expected"
Luke.7.4,G4709,earnestly,ADV,Y,M0.7.5,"per-occurrence, always expected"
Luke.7.4,G4709,earnestly,ADV,Y,M0.7.6,"per-occurrence, always expected"
Luke.7.4,G4709,earnestly,ADV,Y,M0.7.7,"per-occurrence, always expected"
Luke.7.4,G4709,earnestly,ADV,Y,M0.7.8,"per-occurrence, always expected"
Luke.7.4,G4709,earnestly,ADV,Y,M0.7.9,"per-occurrence, always expected"
Luke.7.4,G0514,worthy,A-NSM,N,M0.7.1,"per-occurrence, always expected"
Luke.7.4,G0514,worthy,A-NSM,N,M0.7.10,"per-occurrence, always expected"
Luke.7.4,G0514,worthy,A-NSM,N,M0.7.11,"per-occurrence, always expected"
Luke.7.4,G0514,worthy,A-NSM,N,M0.7.12,"per-occurrence, always expected"
Luke.7.4,G0514,worthy,A-NSM,N,M0.7.13,"per-occurrence, always expected"
Luke.7.4,G0514,worthy,A-NSM,N,M0.7.14,"per-occurrence, always expected"
Luke.7.4,G0514,worthy,A-NSM,N,M0.7.15,"per-occurrence, always expected"
Luke.7.4,G0514,worthy,A-NSM,N,M0.7.16,"per-occurrence, always expected"
Luke.7.4,G0514,worthy,A-NSM,N,M0.7.2,"per-occurrence, always expected"
Luke.7.4,G0514,worthy,A-NSM,N,M0.7.3,"per-occurrence, always expected"
Luke.7.4,G0514,worthy,A-NSM,N,M0.7.4,"per-occurrence, always expected"
Luke.7.4,G0514,worthy,A-NSM,N,M0.7.5,"per-occurrence, always expected"
Luke.7.4,G0514,worthy,A-NSM,N,M0.7.6,"per-occurrence, always expected"
Luke.7.4,G0514,worthy,A-NSM,N,M0.7.7,"per-occurrence, always expected"
Luke.7.4,G0514,worthy,A-NSM,N,M0.7.8,"per-occurrence, always expected"
Luke.7.4,G0514,worthy,A-NSM,N,M0.7.9,"per-occurrence, always expected"
Luke.7.4,G4709,earnestly,ADV,Y,M0.6.5,"home relational, always expected"
Luke.7.4,G4709,earnestly,ADV,Y,M0.6.6,"home whole-network, other M-code strong present in verse"
Luke.7.4,G4709,earnestly,ADV,Y,D7.7.1,"home operation-permeability, T3 + party tag both present in verse"
2Cor.8.8,G1381,prove,V-PAP-NSM,N,M0.7.1,"per-occurrence, always expected"
2Cor.8.8,G1381,prove,V-PAP-NSM,N,M0.7.10,"per-occurrence, always expected"
2Cor.8.8,G1381,prove,V-PAP-NSM,N,M0.7.11,"per-occurrence, always expected"
2Cor.8.8,G1381,prove,V-PAP-NSM,N,M0.7.12,"per-occurrence, always expected"
2Cor.8.8,G1381,prove,V-PAP-NSM,N,M0.7.13,"per-occurrence, always expected"
2Cor.8.8,G1381,prove,V-PAP-NSM,N,M0.7.14,"per-occurrence, always expected"
2Cor.8.8,G1381,prove,V-PAP-NSM,N,M0.7.15,"per-occurrence, always expected"
2Cor.8.8,G1381,prove,V-PAP-NSM,N,M0.7.16,"per-occurrence, always expected"
2Cor.8.8,G1381,prove,V-PAP-NSM,N,M0.7.2,"per-occurrence, always expected"
2Cor.8.8,G1381,prove,V-PAP-NSM,N,M0.7.3,"per-occurrence, always expected"
2Cor.8.8,G1381,prove,V-PAP-NSM,N,M0.7.4,"per-occurrence, always expected"
2Cor.8.8,G1381,prove,V-PAP-NSM,N,M0.7.5,"per-occurrence, always expected"
2Cor.8.8,G1381,prove,V-PAP-NSM,N,M0.7.6,"per-occurrence, always expected"
2Cor.8.8,G1381,prove,V-PAP-NSM,N,M0.7.7,"per-occurrence, always expected"
2Cor.8.8,G1381,prove,V-PAP-NSM,N,M0.7.8,"per-occurrence, always expected"
2Cor.8.8,G1381,prove,V-PAP-NSM,N,M0.7.9,"per-occurrence, always expected"
2Cor.8.8,G4710,earnestness,N-GSF,Y,M0.7.1,"per-occurrence, always expected"
2Cor.8.8,G4710,earnestness,N-GSF,Y,M0.7.10,"per-occurrence, always expected"
2Cor.8.8,G4710,earnestness,N-GSF,Y,M0.7.11,"per-occurrence, always expected"
2Cor.8.8,G4710,earnestness,N-GSF,Y,M0.7.12,"per-occurrence, always expected"
2Cor.8.8,G4710,earnestness,N-GSF,Y,M0.7.13,"per-occurrence, always expected"
2Cor.8.8,G4710,earnestness,N-GSF,Y,M0.7.14,"per-occurrence, always expected"
2Cor.8.8,G4710,earnestness,N-GSF,Y,M0.7.15,"per-occurrence, always expected"
2Cor.8.8,G4710,earnestness,N-GSF,Y,M0.7.16,"per-occurrence, always expected"
2Cor.8.8,G4710,earnestness,N-GSF,Y,M0.7.2,"per-occurrence, always expected"
2Cor.8.8,G4710,earnestness,N-GSF,Y,M0.7.3,"per-occurrence, always expected"
2Cor.8.8,G4710,earnestness,N-GSF,Y,M0.7.4,"per-occurrence, always expected"
2Cor.8.8,G4710,earnestness,N-GSF,Y,M0.7.5,"per-occurrence, always expected"
2Cor.8.8,G4710,earnestness,N-GSF,Y,M0.7.6,"per-occurrence, always expected"
2Cor.8.8,G4710,earnestness,N-GSF,Y,M0.7.7,"per-occurrence, always expected"
2Cor.8.8,G4710,earnestness,N-GSF,Y,M0.7.8,"per-occurrence, always expected"
2Cor.8.8,G4710,earnestness,N-GSF,Y,M0.7.9,"per-occurrence, always expected"
2Cor.8.8,G0026,love,N-GSF,N,M0.7.1,"per-occurrence, always expected"
2Cor.8.8,G0026,love,N-GSF,N,M0.7.10,"per-occurrence, always expected"
2Cor.8.8,G0026,love,N-GSF,N,M0.7.11,"per-occurrence, always expected"
2Cor.8.8,G0026,love,N-GSF,N,M0.7.12,"per-occurrence, always expected"
2Cor.8.8,G0026,love,N-GSF,N,M0.7.13,"per-occurrence, always expected"
2Cor.8.8,G0026,love,N-GSF,N,M0.7.14,"per-occurrence, always expected"
2Cor.8.8,G0026,love,N-GSF,N,M0.7.15,"per-occurrence, always expected"
2Cor.8.8,G0026,love,N-GSF,N,M0.7.16,"per-occurrence, always expected"
2Cor.8.8,G0026,love,N-GSF,N,M0.7.2,"per-occurrence, always expected"
2Cor.8.8,G0026,love,N-GSF,N,M0.7.3,"per-occurrence, always expected"
2Cor.8.8,G0026,love,N-GSF,N,M0.7.4,"per-occurrence, always expected"
2Cor.8.8,G0026,love,N-GSF,N,M0.7.5,"per-occurrence, always expected"
2Cor.8.8,G0026,love,N-GSF,N,M0.7.6,"per-occurrence, always expected"
2Cor.8.8,G0026,love,N-GSF,N,M0.7.7,"per-occurrence, always expected"
2Cor.8.8,G0026,love,N-GSF,N,M0.7.8,"per-occurrence, always expected"
2Cor.8.8,G0026,love,N-GSF,N,M0.7.9,"per-occurrence, always expected"
2Cor.8.8,G1103,genuine,A-ASN,N,M0.7.1,"per-occurrence, always expected"
2Cor.8.8,G1103,genuine,A-ASN,N,M0.7.10,"per-occurrence, always expected"
2Cor.8.8,G1103,genuine,A-ASN,N,M0.7.11,"per-occurrence, always expected"
2Cor.8.8,G1103,genuine,A-ASN,N,M0.7.12,"per-occurrence, always expected"
2Cor.8.8,G1103,genuine,A-ASN,N,M0.7.13,"per-occurrence, always expected"
2Cor.8.8,G1103,genuine,A-ASN,N,M0.7.14,"per-occurrence, always expected"
2Cor.8.8,G1103,genuine,A-ASN,N,M0.7.15,"per-occurrence, always expected"
2Cor.8.8,G1103,genuine,A-ASN,N,M0.7.16,"per-occurrence, always expected"
2Cor.8.8,G1103,genuine,A-ASN,N,M0.7.2,"per-occurrence, always expected"
2Cor.8.8,G1103,genuine,A-ASN,N,M0.7.3,"per-occurrence, always expected"
2Cor.8.8,G1103,genuine,A-ASN,N,M0.7.4,"per-occurrence, always expected"
2Cor.8.8,G1103,genuine,A-ASN,N,M0.7.5,"per-occurrence, always expected"
2Cor.8.8,G1103,genuine,A-ASN,N,M0.7.6,"per-occurrence, always expected"
2Cor.8.8,G1103,genuine,A-ASN,N,M0.7.7,"per-occurrence, always expected"
2Cor.8.8,G1103,genuine,A-ASN,N,M0.7.8,"per-occurrence, always expected"
2Cor.8.8,G1103,genuine,A-ASN,N,M0.7.9,"per-occurrence, always expected"
2Cor.8.8,G4710,earnestness,N-GSF,Y,M0.6.5,"home relational, always expected"
2Cor.8.8,G4710,earnestness,N-GSF,Y,M0.6.6,"home whole-network, other M-code strong present in verse"
Rom.12.11,G3636,slothful,A-NPM,Y,M0.7.1,"per-occurrence, always expected"
Rom.12.11,G3636,slothful,A-NPM,Y,M0.7.10,"per-occurrence, always expected"
Rom.12.11,G3636,slothful,A-NPM,Y,M0.7.11,"per-occurrence, always expected"
Rom.12.11,G3636,slothful,A-NPM,Y,M0.7.12,"per-occurrence, always expected"
Rom.12.11,G3636,slothful,A-NPM,Y,M0.7.13,"per-occurrence, always expected"
Rom.12.11,G3636,slothful,A-NPM,Y,M0.7.14,"per-occurrence, always expected"
Rom.12.11,G3636,slothful,A-NPM,Y,M0.7.15,"per-occurrence, always expected"
Rom.12.11,G3636,slothful,A-NPM,Y,M0.7.16,"per-occurrence, always expected"
Rom.12.11,G3636,slothful,A-NPM,Y,M0.7.2,"per-occurrence, always expected"
Rom.12.11,G3636,slothful,A-NPM,Y,M0.7.3,"per-occurrence, always expected"
Rom.12.11,G3636,slothful,A-NPM,Y,M0.7.4,"per-occurrence, always expected"
Rom.12.11,G3636,slothful,A-NPM,Y,M0.7.5,"per-occurrence, always expected"
Rom.12.11,G3636,slothful,A-NPM,Y,M0.7.6,"per-occurrence, always expected"
Rom.12.11,G3636,slothful,A-NPM,Y,M0.7.7,"per-occurrence, always expected"
Rom.12.11,G3636,slothful,A-NPM,Y,M0.7.8,"per-occurrence, always expected"
Rom.12.11,G3636,slothful,A-NPM,Y,M0.7.9,"per-occurrence, always expected"
Rom.12.11,G4710,zeal,N-DSF,Y,M0.7.1,"per-occurrence, always expected"
Rom.12.11,G4710,zeal,N-DSF,Y,M0.7.10,"per-occurrence, always expected"
Rom.12.11,G4710,zeal,N-DSF,Y,M0.7.11,"per-occurrence, always expected"
Rom.12.11,G4710,zeal,N-DSF,Y,M0.7.12,"per-occurrence, always expected"
Rom.12.11,G4710,zeal,N-DSF,Y,M0.7.13,"per-occurrence, always expected"
Rom.12.11,G4710,zeal,N-DSF,Y,M0.7.14,"per-occurrence, always expected"
Rom.12.11,G4710,zeal,N-DSF,Y,M0.7.15,"per-occurrence, always expected"
Rom.12.11,G4710,zeal,N-DSF,Y,M0.7.16,"per-occurrence, always expected"
Rom.12.11,G4710,zeal,N-DSF,Y,M0.7.2,"per-occurrence, always expected"
Rom.12.11,G4710,zeal,N-DSF,Y,M0.7.3,"per-occurrence, always expected"
Rom.12.11,G4710,zeal,N-DSF,Y,M0.7.4,"per-occurrence, always expected"
Rom.12.11,G4710,zeal,N-DSF,Y,M0.7.5,"per-occurrence, always expected"
Rom.12.11,G4710,zeal,N-DSF,Y,M0.7.6,"per-occurrence, always expected"
Rom.12.11,G4710,zeal,N-DSF,Y,M0.7.7,"per-occurrence, always expected"
Rom.12.11,G4710,zeal,N-DSF,Y,M0.7.8,"per-occurrence, always expected"
Rom.12.11,G4710,zeal,N-DSF,Y,M0.7.9,"per-occurrence, always expected"
Rom.12.11,G2204,fervent,V-PAP-NPM,N,M0.7.1,"per-occurrence, always expected"
Rom.12.11,G2204,fervent,V-PAP-NPM,N,M0.7.10,"per-occurrence, always expected"
Rom.12.11,G2204,fervent,V-PAP-NPM,N,M0.7.11,"per-occurrence, always expected"
Rom.12.11,G2204,fervent,V-PAP-NPM,N,M0.7.12,"per-occurrence, always expected"
Rom.12.11,G2204,fervent,V-PAP-NPM,N,M0.7.13,"per-occurrence, always expected"
Rom.12.11,G2204,fervent,V-PAP-NPM,N,M0.7.14,"per-occurrence, always expected"
Rom.12.11,G2204,fervent,V-PAP-NPM,N,M0.7.15,"per-occurrence, always expected"
Rom.12.11,G2204,fervent,V-PAP-NPM,N,M0.7.16,"per-occurrence, always expected"
Rom.12.11,G2204,fervent,V-PAP-NPM,N,M0.7.2,"per-occurrence, always expected"
Rom.12.11,G2204,fervent,V-PAP-NPM,N,M0.7.3,"per-occurrence, always expected"
Rom.12.11,G2204,fervent,V-PAP-NPM,N,M0.7.4,"per-occurrence, always expected"
Rom.12.11,G2204,fervent,V-PAP-NPM,N,M0.7.5,"per-occurrence, always expected"
Rom.12.11,G2204,fervent,V-PAP-NPM,N,M0.7.6,"per-occurrence, always expected"
Rom.12.11,G2204,fervent,V-PAP-NPM,N,M0.7.7,"per-occurrence, always expected"
Rom.12.11,G2204,fervent,V-PAP-NPM,N,M0.7.8,"per-occurrence, always expected"
Rom.12.11,G2204,fervent,V-PAP-NPM,N,M0.7.9,"per-occurrence, always expected"
Rom.12.11,G4151G,spirit,N-DSN,N,M0.7.1,"per-occurrence, always expected"
Rom.12.11,G4151G,spirit,N-DSN,N,M0.7.10,"per-occurrence, always expected"
Rom.12.11,G4151G,spirit,N-DSN,N,M0.7.11,"per-occurrence, always expected"
Rom.12.11,G4151G,spirit,N-DSN,N,M0.7.12,"per-occurrence, always expected"
Rom.12.11,G4151G,spirit,N-DSN,N,M0.7.13,"per-occurrence, always expected"
Rom.12.11,G4151G,spirit,N-DSN,N,M0.7.14,"per-occurrence, always expected"
Rom.12.11,G4151G,spirit,N-DSN,N,M0.7.15,"per-occurrence, always expected"
Rom.12.11,G4151G,spirit,N-DSN,N,M0.7.16,"per-occurrence, always expected"
Rom.12.11,G4151G,spirit,N-DSN,N,M0.7.2,"per-occurrence, always expected"
Rom.12.11,G4151G,spirit,N-DSN,N,M0.7.3,"per-occurrence, always expected"
Rom.12.11,G4151G,spirit,N-DSN,N,M0.7.4,"per-occurrence, always expected"
Rom.12.11,G4151G,spirit,N-DSN,N,M0.7.5,"per-occurrence, always expected"
Rom.12.11,G4151G,spirit,N-DSN,N,M0.7.6,"per-occurrence, always expected"
Rom.12.11,G4151G,spirit,N-DSN,N,M0.7.7,"per-occurrence, always expected"
Rom.12.11,G4151G,spirit,N-DSN,N,M0.7.8,"per-occurrence, always expected"
Rom.12.11,G4151G,spirit,N-DSN,N,M0.7.9,"per-occurrence, always expected"
Rom.12.11,G1398,serve,V-PAP-NPM,N,M0.7.1,"per-occurrence, always expected"
Rom.12.11,G1398,serve,V-PAP-NPM,N,M0.7.10,"per-occurrence, always expected"
Rom.12.11,G1398,serve,V-PAP-NPM,N,M0.7.11,"per-occurrence, always expected"
Rom.12.11,G1398,serve,V-PAP-NPM,N,M0.7.12,"per-occurrence, always expected"
Rom.12.11,G1398,serve,V-PAP-NPM,N,M0.7.13,"per-occurrence, always expected"
Rom.12.11,G1398,serve,V-PAP-NPM,N,M0.7.14,"per-occurrence, always expected"
Rom.12.11,G1398,serve,V-PAP-NPM,N,M0.7.15,"per-occurrence, always expected"
Rom.12.11,G1398,serve,V-PAP-NPM,N,M0.7.16,"per-occurrence, always expected"
Rom.12.11,G1398,serve,V-PAP-NPM,N,M0.7.2,"per-occurrence, always expected"
Rom.12.11,G1398,serve,V-PAP-NPM,N,M0.7.3,"per-occurrence, always expected"
Rom.12.11,G1398,serve,V-PAP-NPM,N,M0.7.4,"per-occurrence, always expected"
Rom.12.11,G1398,serve,V-PAP-NPM,N,M0.7.5,"per-occurrence, always expected"
Rom.12.11,G1398,serve,V-PAP-NPM,N,M0.7.6,"per-occurrence, always expected"
Rom.12.11,G1398,serve,V-PAP-NPM,N,M0.7.7,"per-occurrence, always expected"
Rom.12.11,G1398,serve,V-PAP-NPM,N,M0.7.8,"per-occurrence, always expected"
Rom.12.11,G1398,serve,V-PAP-NPM,N,M0.7.9,"per-occurrence, always expected"
Rom.12.11,G3636,slothful,A-NPM,Y,M0.6.5,"home relational, always expected"
Rom.12.11,G4710,zeal,N-DSF,Y,M0.6.5,"home relational, always expected"
Rom.12.11,G3636,slothful,A-NPM,Y,M0.6.6,"home whole-network, other M-code strong present in verse"
Rom.12.11,G4710,zeal,N-DSF,Y,M0.6.6,"home whole-network, other M-code strong present in verse"
2Cor.7.12,G0091,wrong,V-AAP-GSM,N,M0.7.1,"per-occurrence, always expected"
2Cor.7.12,G0091,wrong,V-AAP-GSM,N,M0.7.10,"per-occurrence, always expected"
2Cor.7.12,G0091,wrong,V-AAP-GSM,N,M0.7.11,"per-occurrence, always expected"
2Cor.7.12,G0091,wrong,V-AAP-GSM,N,M0.7.12,"per-occurrence, always expected"
2Cor.7.12,G0091,wrong,V-AAP-GSM,N,M0.7.13,"per-occurrence, always expected"
2Cor.7.12,G0091,wrong,V-AAP-GSM,N,M0.7.14,"per-occurrence, always expected"
2Cor.7.12,G0091,wrong,V-AAP-GSM,N,M0.7.15,"per-occurrence, always expected"
2Cor.7.12,G0091,wrong,V-AAP-GSM,N,M0.7.16,"per-occurrence, always expected"
2Cor.7.12,G0091,wrong,V-AAP-GSM,N,M0.7.2,"per-occurrence, always expected"
2Cor.7.12,G0091,wrong,V-AAP-GSM,N,M0.7.3,"per-occurrence, always expected"
2Cor.7.12,G0091,wrong,V-AAP-GSM,N,M0.7.4,"per-occurrence, always expected"
2Cor.7.12,G0091,wrong,V-AAP-GSM,N,M0.7.5,"per-occurrence, always expected"
2Cor.7.12,G0091,wrong,V-AAP-GSM,N,M0.7.6,"per-occurrence, always expected"
2Cor.7.12,G0091,wrong,V-AAP-GSM,N,M0.7.7,"per-occurrence, always expected"
2Cor.7.12,G0091,wrong,V-AAP-GSM,N,M0.7.8,"per-occurrence, always expected"
2Cor.7.12,G0091,wrong,V-AAP-GSM,N,M0.7.9,"per-occurrence, always expected"
2Cor.7.12,G0091,wrong,V-APP-GSM,N,M0.7.1,"per-occurrence, always expected"
2Cor.7.12,G0091,wrong,V-APP-GSM,N,M0.7.10,"per-occurrence, always expected"
2Cor.7.12,G0091,wrong,V-APP-GSM,N,M0.7.11,"per-occurrence, always expected"
2Cor.7.12,G0091,wrong,V-APP-GSM,N,M0.7.12,"per-occurrence, always expected"
2Cor.7.12,G0091,wrong,V-APP-GSM,N,M0.7.13,"per-occurrence, always expected"
2Cor.7.12,G0091,wrong,V-APP-GSM,N,M0.7.14,"per-occurrence, always expected"
2Cor.7.12,G0091,wrong,V-APP-GSM,N,M0.7.15,"per-occurrence, always expected"
2Cor.7.12,G0091,wrong,V-APP-GSM,N,M0.7.16,"per-occurrence, always expected"
2Cor.7.12,G0091,wrong,V-APP-GSM,N,M0.7.2,"per-occurrence, always expected"
2Cor.7.12,G0091,wrong,V-APP-GSM,N,M0.7.3,"per-occurrence, always expected"
2Cor.7.12,G0091,wrong,V-APP-GSM,N,M0.7.4,"per-occurrence, always expected"
2Cor.7.12,G0091,wrong,V-APP-GSM,N,M0.7.5,"per-occurrence, always expected"
2Cor.7.12,G0091,wrong,V-APP-GSM,N,M0.7.6,"per-occurrence, always expected"
2Cor.7.12,G0091,wrong,V-APP-GSM,N,M0.7.7,"per-occurrence, always expected"
2Cor.7.12,G0091,wrong,V-APP-GSM,N,M0.7.8,"per-occurrence, always expected"
2Cor.7.12,G0091,wrong,V-APP-GSM,N,M0.7.9,"per-occurrence, always expected"
2Cor.7.12,G4710,earnestness,N-ASF,Y,M0.7.1,"per-occurrence, always expected"
2Cor.7.12,G4710,earnestness,N-ASF,Y,M0.7.10,"per-occurrence, always expected"
2Cor.7.12,G4710,earnestness,N-ASF,Y,M0.7.11,"per-occurrence, always expected"
2Cor.7.12,G4710,earnestness,N-ASF,Y,M0.7.12,"per-occurrence, always expected"
2Cor.7.12,G4710,earnestness,N-ASF,Y,M0.7.13,"per-occurrence, always expected"
2Cor.7.12,G4710,earnestness,N-ASF,Y,M0.7.14,"per-occurrence, always expected"
2Cor.7.12,G4710,earnestness,N-ASF,Y,M0.7.15,"per-occurrence, always expected"
2Cor.7.12,G4710,earnestness,N-ASF,Y,M0.7.16,"per-occurrence, always expected"
2Cor.7.12,G4710,earnestness,N-ASF,Y,M0.7.2,"per-occurrence, always expected"
2Cor.7.12,G4710,earnestness,N-ASF,Y,M0.7.3,"per-occurrence, always expected"
2Cor.7.12,G4710,earnestness,N-ASF,Y,M0.7.4,"per-occurrence, always expected"
2Cor.7.12,G4710,earnestness,N-ASF,Y,M0.7.5,"per-occurrence, always expected"
2Cor.7.12,G4710,earnestness,N-ASF,Y,M0.7.6,"per-occurrence, always expected"
2Cor.7.12,G4710,earnestness,N-ASF,Y,M0.7.7,"per-occurrence, always expected"
2Cor.7.12,G4710,earnestness,N-ASF,Y,M0.7.8,"per-occurrence, always expected"
2Cor.7.12,G4710,earnestness,N-ASF,Y,M0.7.9,"per-occurrence, always expected"
2Cor.7.12,G4710,earnestness,N-ASF,Y,M0.6.5,"home relational, always expected"
2Cor.7.12,G4710,earnestness,N-ASF,Y,M0.6.6,"home whole-network, other M-code strong present in verse"
2Cor.7.12,G4710,earnestness,N-ASF,Y,D7.7.1,"home operation-permeability, T3 + party tag both present in verse"
2Cor.8.7,G4102G,faith,N-DSF,N,M0.7.1,"per-occurrence, always expected"
2Cor.8.7,G4102G,faith,N-DSF,N,M0.7.10,"per-occurrence, always expected"
2Cor.8.7,G4102G,faith,N-DSF,N,M0.7.11,"per-occurrence, always expected"
2Cor.8.7,G4102G,faith,N-DSF,N,M0.7.12,"per-occurrence, always expected"
2Cor.8.7,G4102G,faith,N-DSF,N,M0.7.13,"per-occurrence, always expected"
2Cor.8.7,G4102G,faith,N-DSF,N,M0.7.14,"per-occurrence, always expected"
2Cor.8.7,G4102G,faith,N-DSF,N,M0.7.15,"per-occurrence, always expected"
2Cor.8.7,G4102G,faith,N-DSF,N,M0.7.16,"per-occurrence, always expected"
2Cor.8.7,G4102G,faith,N-DSF,N,M0.7.2,"per-occurrence, always expected"
2Cor.8.7,G4102G,faith,N-DSF,N,M0.7.3,"per-occurrence, always expected"
2Cor.8.7,G4102G,faith,N-DSF,N,M0.7.4,"per-occurrence, always expected"
2Cor.8.7,G4102G,faith,N-DSF,N,M0.7.5,"per-occurrence, always expected"
2Cor.8.7,G4102G,faith,N-DSF,N,M0.7.6,"per-occurrence, always expected"
2Cor.8.7,G4102G,faith,N-DSF,N,M0.7.7,"per-occurrence, always expected"
2Cor.8.7,G4102G,faith,N-DSF,N,M0.7.8,"per-occurrence, always expected"
2Cor.8.7,G4102G,faith,N-DSF,N,M0.7.9,"per-occurrence, always expected"
2Cor.8.7,G3056,speech,N-DSM,N,M0.7.1,"per-occurrence, always expected"
2Cor.8.7,G3056,speech,N-DSM,N,M0.7.10,"per-occurrence, always expected"
2Cor.8.7,G3056,speech,N-DSM,N,M0.7.11,"per-occurrence, always expected"
2Cor.8.7,G3056,speech,N-DSM,N,M0.7.12,"per-occurrence, always expected"
2Cor.8.7,G3056,speech,N-DSM,N,M0.7.13,"per-occurrence, always expected"
2Cor.8.7,G3056,speech,N-DSM,N,M0.7.14,"per-occurrence, always expected"
2Cor.8.7,G3056,speech,N-DSM,N,M0.7.15,"per-occurrence, always expected"
2Cor.8.7,G3056,speech,N-DSM,N,M0.7.16,"per-occurrence, always expected"
2Cor.8.7,G3056,speech,N-DSM,N,M0.7.2,"per-occurrence, always expected"
2Cor.8.7,G3056,speech,N-DSM,N,M0.7.3,"per-occurrence, always expected"
2Cor.8.7,G3056,speech,N-DSM,N,M0.7.4,"per-occurrence, always expected"
2Cor.8.7,G3056,speech,N-DSM,N,M0.7.5,"per-occurrence, always expected"
2Cor.8.7,G3056,speech,N-DSM,N,M0.7.6,"per-occurrence, always expected"
2Cor.8.7,G3056,speech,N-DSM,N,M0.7.7,"per-occurrence, always expected"
2Cor.8.7,G3056,speech,N-DSM,N,M0.7.8,"per-occurrence, always expected"
2Cor.8.7,G3056,speech,N-DSM,N,M0.7.9,"per-occurrence, always expected"
2Cor.8.7,G1108,knowledge,N-DSF,N,M0.7.1,"per-occurrence, always expected"
2Cor.8.7,G1108,knowledge,N-DSF,N,M0.7.10,"per-occurrence, always expected"
2Cor.8.7,G1108,knowledge,N-DSF,N,M0.7.11,"per-occurrence, always expected"
2Cor.8.7,G1108,knowledge,N-DSF,N,M0.7.12,"per-occurrence, always expected"
2Cor.8.7,G1108,knowledge,N-DSF,N,M0.7.13,"per-occurrence, always expected"
2Cor.8.7,G1108,knowledge,N-DSF,N,M0.7.14,"per-occurrence, always expected"
2Cor.8.7,G1108,knowledge,N-DSF,N,M0.7.15,"per-occurrence, always expected"
2Cor.8.7,G1108,knowledge,N-DSF,N,M0.7.16,"per-occurrence, always expected"
2Cor.8.7,G1108,knowledge,N-DSF,N,M0.7.2,"per-occurrence, always expected"
2Cor.8.7,G1108,knowledge,N-DSF,N,M0.7.3,"per-occurrence, always expected"
2Cor.8.7,G1108,knowledge,N-DSF,N,M0.7.4,"per-occurrence, always expected"
2Cor.8.7,G1108,knowledge,N-DSF,N,M0.7.5,"per-occurrence, always expected"
2Cor.8.7,G1108,knowledge,N-DSF,N,M0.7.6,"per-occurrence, always expected"
2Cor.8.7,G1108,knowledge,N-DSF,N,M0.7.7,"per-occurrence, always expected"
2Cor.8.7,G1108,knowledge,N-DSF,N,M0.7.8,"per-occurrence, always expected"
2Cor.8.7,G1108,knowledge,N-DSF,N,M0.7.9,"per-occurrence, always expected"
2Cor.8.7,G4710,earnestness,N-DSF,Y,M0.7.1,"per-occurrence, always expected"
2Cor.8.7,G4710,earnestness,N-DSF,Y,M0.7.10,"per-occurrence, always expected"
2Cor.8.7,G4710,earnestness,N-DSF,Y,M0.7.11,"per-occurrence, always expected"
2Cor.8.7,G4710,earnestness,N-DSF,Y,M0.7.12,"per-occurrence, always expected"
2Cor.8.7,G4710,earnestness,N-DSF,Y,M0.7.13,"per-occurrence, always expected"
2Cor.8.7,G4710,earnestness,N-DSF,Y,M0.7.14,"per-occurrence, always expected"
2Cor.8.7,G4710,earnestness,N-DSF,Y,M0.7.15,"per-occurrence, always expected"
2Cor.8.7,G4710,earnestness,N-DSF,Y,M0.7.16,"per-occurrence, always expected"
2Cor.8.7,G4710,earnestness,N-DSF,Y,M0.7.2,"per-occurrence, always expected"
2Cor.8.7,G4710,earnestness,N-DSF,Y,M0.7.3,"per-occurrence, always expected"
2Cor.8.7,G4710,earnestness,N-DSF,Y,M0.7.4,"per-occurrence, always expected"
2Cor.8.7,G4710,earnestness,N-DSF,Y,M0.7.5,"per-occurrence, always expected"
2Cor.8.7,G4710,earnestness,N-DSF,Y,M0.7.6,"per-occurrence, always expected"
2Cor.8.7,G4710,earnestness,N-DSF,Y,M0.7.7,"per-occurrence, always expected"
2Cor.8.7,G4710,earnestness,N-DSF,Y,M0.7.8,"per-occurrence, always expected"
2Cor.8.7,G4710,earnestness,N-DSF,Y,M0.7.9,"per-occurrence, always expected"
2Cor.8.7,G0026,love,N-DSF,N,M0.7.1,"per-occurrence, always expected"
2Cor.8.7,G0026,love,N-DSF,N,M0.7.10,"per-occurrence, always expected"
2Cor.8.7,G0026,love,N-DSF,N,M0.7.11,"per-occurrence, always expected"
2Cor.8.7,G0026,love,N-DSF,N,M0.7.12,"per-occurrence, always expected"
2Cor.8.7,G0026,love,N-DSF,N,M0.7.13,"per-occurrence, always expected"
2Cor.8.7,G0026,love,N-DSF,N,M0.7.14,"per-occurrence, always expected"
2Cor.8.7,G0026,love,N-DSF,N,M0.7.15,"per-occurrence, always expected"
2Cor.8.7,G0026,love,N-DSF,N,M0.7.16,"per-occurrence, always expected"
2Cor.8.7,G0026,love,N-DSF,N,M0.7.2,"per-occurrence, always expected"
2Cor.8.7,G0026,love,N-DSF,N,M0.7.3,"per-occurrence, always expected"
2Cor.8.7,G0026,love,N-DSF,N,M0.7.4,"per-occurrence, always expected"
2Cor.8.7,G0026,love,N-DSF,N,M0.7.5,"per-occurrence, always expected"
2Cor.8.7,G0026,love,N-DSF,N,M0.7.6,"per-occurrence, always expected"
2Cor.8.7,G0026,love,N-DSF,N,M0.7.7,"per-occurrence, always expected"
2Cor.8.7,G0026,love,N-DSF,N,M0.7.8,"per-occurrence, always expected"
2Cor.8.7,G0026,love,N-DSF,N,M0.7.9,"per-occurrence, always expected"
2Cor.8.7,G5485,grace,N-DSF,N,M0.7.1,"per-occurrence, always expected"
2Cor.8.7,G5485,grace,N-DSF,N,M0.7.10,"per-occurrence, always expected"
2Cor.8.7,G5485,grace,N-DSF,N,M0.7.11,"per-occurrence, always expected"
2Cor.8.7,G5485,grace,N-DSF,N,M0.7.12,"per-occurrence, always expected"
2Cor.8.7,G5485,grace,N-DSF,N,M0.7.13,"per-occurrence, always expected"
2Cor.8.7,G5485,grace,N-DSF,N,M0.7.14,"per-occurrence, always expected"
2Cor.8.7,G5485,grace,N-DSF,N,M0.7.15,"per-occurrence, always expected"
2Cor.8.7,G5485,grace,N-DSF,N,M0.7.16,"per-occurrence, always expected"
2Cor.8.7,G5485,grace,N-DSF,N,M0.7.2,"per-occurrence, always expected"
2Cor.8.7,G5485,grace,N-DSF,N,M0.7.3,"per-occurrence, always expected"
2Cor.8.7,G5485,grace,N-DSF,N,M0.7.4,"per-occurrence, always expected"
2Cor.8.7,G5485,grace,N-DSF,N,M0.7.5,"per-occurrence, always expected"
2Cor.8.7,G5485,grace,N-DSF,N,M0.7.6,"per-occurrence, always expected"
2Cor.8.7,G5485,grace,N-DSF,N,M0.7.7,"per-occurrence, always expected"
2Cor.8.7,G5485,grace,N-DSF,N,M0.7.8,"per-occurrence, always expected"
2Cor.8.7,G5485,grace,N-DSF,N,M0.7.9,"per-occurrence, always expected"
2Cor.8.7,G4710,earnestness,N-DSF,Y,M0.6.5,"home relational, always expected"
2Cor.8.7,G4710,earnestness,N-DSF,Y,M0.6.6,"home whole-network, other M-code strong present in verse"
1Tim.5.13,G0692,idlers,A-NPF,Y,M0.7.1,"per-occurrence, always expected"
1Tim.5.13,G0692,idlers,A-NPF,Y,M0.7.10,"per-occurrence, always expected"
1Tim.5.13,G0692,idlers,A-NPF,Y,M0.7.11,"per-occurrence, always expected"
1Tim.5.13,G0692,idlers,A-NPF,Y,M0.7.12,"per-occurrence, always expected"
1Tim.5.13,G0692,idlers,A-NPF,Y,M0.7.13,"per-occurrence, always expected"
1Tim.5.13,G0692,idlers,A-NPF,Y,M0.7.14,"per-occurrence, always expected"
1Tim.5.13,G0692,idlers,A-NPF,Y,M0.7.15,"per-occurrence, always expected"
1Tim.5.13,G0692,idlers,A-NPF,Y,M0.7.16,"per-occurrence, always expected"
1Tim.5.13,G0692,idlers,A-NPF,Y,M0.7.2,"per-occurrence, always expected"
1Tim.5.13,G0692,idlers,A-NPF,Y,M0.7.3,"per-occurrence, always expected"
1Tim.5.13,G0692,idlers,A-NPF,Y,M0.7.4,"per-occurrence, always expected"
1Tim.5.13,G0692,idlers,A-NPF,Y,M0.7.5,"per-occurrence, always expected"
1Tim.5.13,G0692,idlers,A-NPF,Y,M0.7.6,"per-occurrence, always expected"
1Tim.5.13,G0692,idlers,A-NPF,Y,M0.7.7,"per-occurrence, always expected"
1Tim.5.13,G0692,idlers,A-NPF,Y,M0.7.8,"per-occurrence, always expected"
1Tim.5.13,G0692,idlers,A-NPF,Y,M0.7.9,"per-occurrence, always expected"
1Tim.5.13,G0692,idlers,A-NPF,Y,M0.7.1,"per-occurrence, always expected"
1Tim.5.13,G0692,idlers,A-NPF,Y,M0.7.10,"per-occurrence, always expected"
1Tim.5.13,G0692,idlers,A-NPF,Y,M0.7.11,"per-occurrence, always expected"
1Tim.5.13,G0692,idlers,A-NPF,Y,M0.7.12,"per-occurrence, always expected"
1Tim.5.13,G0692,idlers,A-NPF,Y,M0.7.13,"per-occurrence, always expected"
1Tim.5.13,G0692,idlers,A-NPF,Y,M0.7.14,"per-occurrence, always expected"
1Tim.5.13,G0692,idlers,A-NPF,Y,M0.7.15,"per-occurrence, always expected"
1Tim.5.13,G0692,idlers,A-NPF,Y,M0.7.16,"per-occurrence, always expected"
1Tim.5.13,G0692,idlers,A-NPF,Y,M0.7.2,"per-occurrence, always expected"
1Tim.5.13,G0692,idlers,A-NPF,Y,M0.7.3,"per-occurrence, always expected"
1Tim.5.13,G0692,idlers,A-NPF,Y,M0.7.4,"per-occurrence, always expected"
1Tim.5.13,G0692,idlers,A-NPF,Y,M0.7.5,"per-occurrence, always expected"
1Tim.5.13,G0692,idlers,A-NPF,Y,M0.7.6,"per-occurrence, always expected"
1Tim.5.13,G0692,idlers,A-NPF,Y,M0.7.7,"per-occurrence, always expected"
1Tim.5.13,G0692,idlers,A-NPF,Y,M0.7.8,"per-occurrence, always expected"
1Tim.5.13,G0692,idlers,A-NPF,Y,M0.7.9,"per-occurrence, always expected"
1Tim.5.13,G0692,idlers,A-NPF,Y,M0.6.5,"home relational, always expected"
1Tim.5.13,G0692,idlers,A-NPF,Y,M0.6.5,"home relational, always expected"
2Tim.1.17,G2212,searched,V-AAI-3S,N,M0.7.1,"per-occurrence, always expected"
2Tim.1.17,G2212,searched,V-AAI-3S,N,M0.7.10,"per-occurrence, always expected"
2Tim.1.17,G2212,searched,V-AAI-3S,N,M0.7.11,"per-occurrence, always expected"
2Tim.1.17,G2212,searched,V-AAI-3S,N,M0.7.12,"per-occurrence, always expected"
2Tim.1.17,G2212,searched,V-AAI-3S,N,M0.7.13,"per-occurrence, always expected"
2Tim.1.17,G2212,searched,V-AAI-3S,N,M0.7.14,"per-occurrence, always expected"
2Tim.1.17,G2212,searched,V-AAI-3S,N,M0.7.15,"per-occurrence, always expected"
2Tim.1.17,G2212,searched,V-AAI-3S,N,M0.7.16,"per-occurrence, always expected"
2Tim.1.17,G2212,searched,V-AAI-3S,N,M0.7.2,"per-occurrence, always expected"
2Tim.1.17,G2212,searched,V-AAI-3S,N,M0.7.3,"per-occurrence, always expected"
2Tim.1.17,G2212,searched,V-AAI-3S,N,M0.7.4,"per-occurrence, always expected"
2Tim.1.17,G2212,searched,V-AAI-3S,N,M0.7.5,"per-occurrence, always expected"
2Tim.1.17,G2212,searched,V-AAI-3S,N,M0.7.6,"per-occurrence, always expected"
2Tim.1.17,G2212,searched,V-AAI-3S,N,M0.7.7,"per-occurrence, always expected"
2Tim.1.17,G2212,searched,V-AAI-3S,N,M0.7.8,"per-occurrence, always expected"
2Tim.1.17,G2212,searched,V-AAI-3S,N,M0.7.9,"per-occurrence, always expected"
2Tim.1.17,G4709,earnestly,ADV,Y,M0.7.1,"per-occurrence, always expected"
2Tim.1.17,G4709,earnestly,ADV,Y,M0.7.10,"per-occurrence, always expected"
2Tim.1.17,G4709,earnestly,ADV,Y,M0.7.11,"per-occurrence, always expected"
2Tim.1.17,G4709,earnestly,ADV,Y,M0.7.12,"per-occurrence, always expected"
2Tim.1.17,G4709,earnestly,ADV,Y,M0.7.13,"per-occurrence, always expected"
2Tim.1.17,G4709,earnestly,ADV,Y,M0.7.14,"per-occurrence, always expected"
2Tim.1.17,G4709,earnestly,ADV,Y,M0.7.15,"per-occurrence, always expected"
2Tim.1.17,G4709,earnestly,ADV,Y,M0.7.16,"per-occurrence, always expected"
2Tim.1.17,G4709,earnestly,ADV,Y,M0.7.2,"per-occurrence, always expected"
2Tim.1.17,G4709,earnestly,ADV,Y,M0.7.3,"per-occurrence, always expected"
2Tim.1.17,G4709,earnestly,ADV,Y,M0.7.4,"per-occurrence, always expected"
2Tim.1.17,G4709,earnestly,ADV,Y,M0.7.5,"per-occurrence, always expected"
2Tim.1.17,G4709,earnestly,ADV,Y,M0.7.6,"per-occurrence, always expected"
2Tim.1.17,G4709,earnestly,ADV,Y,M0.7.7,"per-occurrence, always expected"
2Tim.1.17,G4709,earnestly,ADV,Y,M0.7.8,"per-occurrence, always expected"
2Tim.1.17,G4709,earnestly,ADV,Y,M0.7.9,"per-occurrence, always expected"
2Tim.1.17,G4709,earnestly,ADV,Y,M0.6.5,"home relational, always expected"
2Tim.1.17,G4709,earnestly,ADV,Y,M0.6.6,"home whole-network, other M-code strong present in verse"
Matt.25.26,G2962H,master,N-NSM,N,M0.7.1,"per-occurrence, always expected"
Matt.25.26,G2962H,master,N-NSM,N,M0.7.10,"per-occurrence, always expected"
Matt.25.26,G2962H,master,N-NSM,N,M0.7.11,"per-occurrence, always expected"
Matt.25.26,G2962H,master,N-NSM,N,M0.7.12,"per-occurrence, always expected"
Matt.25.26,G2962H,master,N-NSM,N,M0.7.13,"per-occurrence, always expected"
Matt.25.26,G2962H,master,N-NSM,N,M0.7.14,"per-occurrence, always expected"
Matt.25.26,G2962H,master,N-NSM,N,M0.7.15,"per-occurrence, always expected"
Matt.25.26,G2962H,master,N-NSM,N,M0.7.16,"per-occurrence, always expected"
Matt.25.26,G2962H,master,N-NSM,N,M0.7.2,"per-occurrence, always expected"
Matt.25.26,G2962H,master,N-NSM,N,M0.7.3,"per-occurrence, always expected"
Matt.25.26,G2962H,master,N-NSM,N,M0.7.4,"per-occurrence, always expected"
Matt.25.26,G2962H,master,N-NSM,N,M0.7.5,"per-occurrence, always expected"
Matt.25.26,G2962H,master,N-NSM,N,M0.7.6,"per-occurrence, always expected"
Matt.25.26,G2962H,master,N-NSM,N,M0.7.7,"per-occurrence, always expected"
Matt.25.26,G2962H,master,N-NSM,N,M0.7.8,"per-occurrence, always expected"
Matt.25.26,G2962H,master,N-NSM,N,M0.7.9,"per-occurrence, always expected"
Matt.25.26,G0611,answered,V-AOP-NSM,N,M0.7.1,"per-occurrence, always expected"
Matt.25.26,G0611,answered,V-AOP-NSM,N,M0.7.10,"per-occurrence, always expected"
Matt.25.26,G0611,answered,V-AOP-NSM,N,M0.7.11,"per-occurrence, always expected"
Matt.25.26,G0611,answered,V-AOP-NSM,N,M0.7.12,"per-occurrence, always expected"
Matt.25.26,G0611,answered,V-AOP-NSM,N,M0.7.13,"per-occurrence, always expected"
Matt.25.26,G0611,answered,V-AOP-NSM,N,M0.7.14,"per-occurrence, always expected"
Matt.25.26,G0611,answered,V-AOP-NSM,N,M0.7.15,"per-occurrence, always expected"
Matt.25.26,G0611,answered,V-AOP-NSM,N,M0.7.16,"per-occurrence, always expected"
Matt.25.26,G0611,answered,V-AOP-NSM,N,M0.7.2,"per-occurrence, always expected"
Matt.25.26,G0611,answered,V-AOP-NSM,N,M0.7.3,"per-occurrence, always expected"
Matt.25.26,G0611,answered,V-AOP-NSM,N,M0.7.4,"per-occurrence, always expected"
Matt.25.26,G0611,answered,V-AOP-NSM,N,M0.7.5,"per-occurrence, always expected"
Matt.25.26,G0611,answered,V-AOP-NSM,N,M0.7.6,"per-occurrence, always expected"
Matt.25.26,G0611,answered,V-AOP-NSM,N,M0.7.7,"per-occurrence, always expected"
Matt.25.26,G0611,answered,V-AOP-NSM,N,M0.7.8,"per-occurrence, always expected"
Matt.25.26,G0611,answered,V-AOP-NSM,N,M0.7.9,"per-occurrence, always expected"
Matt.25.26,G4190,wicked,A-VSM,N,M0.7.1,"per-occurrence, always expected"
Matt.25.26,G4190,wicked,A-VSM,N,M0.7.10,"per-occurrence, always expected"
Matt.25.26,G4190,wicked,A-VSM,N,M0.7.11,"per-occurrence, always expected"
Matt.25.26,G4190,wicked,A-VSM,N,M0.7.12,"per-occurrence, always expected"
Matt.25.26,G4190,wicked,A-VSM,N,M0.7.13,"per-occurrence, always expected"
Matt.25.26,G4190,wicked,A-VSM,N,M0.7.14,"per-occurrence, always expected"
Matt.25.26,G4190,wicked,A-VSM,N,M0.7.15,"per-occurrence, always expected"
Matt.25.26,G4190,wicked,A-VSM,N,M0.7.16,"per-occurrence, always expected"
Matt.25.26,G4190,wicked,A-VSM,N,M0.7.2,"per-occurrence, always expected"
Matt.25.26,G4190,wicked,A-VSM,N,M0.7.3,"per-occurrence, always expected"
Matt.25.26,G4190,wicked,A-VSM,N,M0.7.4,"per-occurrence, always expected"
Matt.25.26,G4190,wicked,A-VSM,N,M0.7.5,"per-occurrence, always expected"
Matt.25.26,G4190,wicked,A-VSM,N,M0.7.6,"per-occurrence, always expected"
Matt.25.26,G4190,wicked,A-VSM,N,M0.7.7,"per-occurrence, always expected"
Matt.25.26,G4190,wicked,A-VSM,N,M0.7.8,"per-occurrence, always expected"
Matt.25.26,G4190,wicked,A-VSM,N,M0.7.9,"per-occurrence, always expected"
Matt.25.26,G3636,slothful,A-VSM,Y,M0.7.1,"per-occurrence, always expected"
Matt.25.26,G3636,slothful,A-VSM,Y,M0.7.10,"per-occurrence, always expected"
Matt.25.26,G3636,slothful,A-VSM,Y,M0.7.11,"per-occurrence, always expected"
Matt.25.26,G3636,slothful,A-VSM,Y,M0.7.12,"per-occurrence, always expected"
Matt.25.26,G3636,slothful,A-VSM,Y,M0.7.13,"per-occurrence, always expected"
Matt.25.26,G3636,slothful,A-VSM,Y,M0.7.14,"per-occurrence, always expected"
Matt.25.26,G3636,slothful,A-VSM,Y,M0.7.15,"per-occurrence, always expected"
Matt.25.26,G3636,slothful,A-VSM,Y,M0.7.16,"per-occurrence, always expected"
Matt.25.26,G3636,slothful,A-VSM,Y,M0.7.2,"per-occurrence, always expected"
Matt.25.26,G3636,slothful,A-VSM,Y,M0.7.3,"per-occurrence, always expected"
Matt.25.26,G3636,slothful,A-VSM,Y,M0.7.4,"per-occurrence, always expected"
Matt.25.26,G3636,slothful,A-VSM,Y,M0.7.5,"per-occurrence, always expected"
Matt.25.26,G3636,slothful,A-VSM,Y,M0.7.6,"per-occurrence, always expected"
Matt.25.26,G3636,slothful,A-VSM,Y,M0.7.7,"per-occurrence, always expected"
Matt.25.26,G3636,slothful,A-VSM,Y,M0.7.8,"per-occurrence, always expected"
Matt.25.26,G3636,slothful,A-VSM,Y,M0.7.9,"per-occurrence, always expected"
Matt.25.26,G1401,servant,N-VSM,N,M0.7.1,"per-occurrence, always expected"
Matt.25.26,G1401,servant,N-VSM,N,M0.7.10,"per-occurrence, always expected"
Matt.25.26,G1401,servant,N-VSM,N,M0.7.11,"per-occurrence, always expected"
Matt.25.26,G1401,servant,N-VSM,N,M0.7.12,"per-occurrence, always expected"
Matt.25.26,G1401,servant,N-VSM,N,M0.7.13,"per-occurrence, always expected"
Matt.25.26,G1401,servant,N-VSM,N,M0.7.14,"per-occurrence, always expected"
Matt.25.26,G1401,servant,N-VSM,N,M0.7.15,"per-occurrence, always expected"
Matt.25.26,G1401,servant,N-VSM,N,M0.7.16,"per-occurrence, always expected"
Matt.25.26,G1401,servant,N-VSM,N,M0.7.2,"per-occurrence, always expected"
Matt.25.26,G1401,servant,N-VSM,N,M0.7.3,"per-occurrence, always expected"
Matt.25.26,G1401,servant,N-VSM,N,M0.7.4,"per-occurrence, always expected"
Matt.25.26,G1401,servant,N-VSM,N,M0.7.5,"per-occurrence, always expected"
Matt.25.26,G1401,servant,N-VSM,N,M0.7.6,"per-occurrence, always expected"
Matt.25.26,G1401,servant,N-VSM,N,M0.7.7,"per-occurrence, always expected"
Matt.25.26,G1401,servant,N-VSM,N,M0.7.8,"per-occurrence, always expected"
Matt.25.26,G1401,servant,N-VSM,N,M0.7.9,"per-occurrence, always expected"
Matt.25.26,G1492I,knew,V-2LAI-2S,N,M0.7.1,"per-occurrence, always expected"
Matt.25.26,G1492I,knew,V-2LAI-2S,N,M0.7.10,"per-occurrence, always expected"
Matt.25.26,G1492I,knew,V-2LAI-2S,N,M0.7.11,"per-occurrence, always expected"
Matt.25.26,G1492I,knew,V-2LAI-2S,N,M0.7.12,"per-occurrence, always expected"
Matt.25.26,G1492I,knew,V-2LAI-2S,N,M0.7.13,"per-occurrence, always expected"
Matt.25.26,G1492I,knew,V-2LAI-2S,N,M0.7.14,"per-occurrence, always expected"
Matt.25.26,G1492I,knew,V-2LAI-2S,N,M0.7.15,"per-occurrence, always expected"
Matt.25.26,G1492I,knew,V-2LAI-2S,N,M0.7.16,"per-occurrence, always expected"
Matt.25.26,G1492I,knew,V-2LAI-2S,N,M0.7.2,"per-occurrence, always expected"
Matt.25.26,G1492I,knew,V-2LAI-2S,N,M0.7.3,"per-occurrence, always expected"
Matt.25.26,G1492I,knew,V-2LAI-2S,N,M0.7.4,"per-occurrence, always expected"
Matt.25.26,G1492I,knew,V-2LAI-2S,N,M0.7.5,"per-occurrence, always expected"
Matt.25.26,G1492I,knew,V-2LAI-2S,N,M0.7.6,"per-occurrence, always expected"
Matt.25.26,G1492I,knew,V-2LAI-2S,N,M0.7.7,"per-occurrence, always expected"
Matt.25.26,G1492I,knew,V-2LAI-2S,N,M0.7.8,"per-occurrence, always expected"
Matt.25.26,G1492I,knew,V-2LAI-2S,N,M0.7.9,"per-occurrence, always expected"
Matt.25.26,G3636,slothful,A-VSM,Y,M0.6.5,"home relational, always expected"
Matt.25.26,G3636,slothful,A-VSM,Y,M0.6.6,"home whole-network, other M-code strong present in verse"
Titus.1.12,G4396,prophet,N-NSM,N,M0.7.1,"per-occurrence, always expected"
Titus.1.12,G4396,prophet,N-NSM,N,M0.7.10,"per-occurrence, always expected"
Titus.1.12,G4396,prophet,N-NSM,N,M0.7.11,"per-occurrence, always expected"
Titus.1.12,G4396,prophet,N-NSM,N,M0.7.12,"per-occurrence, always expected"
Titus.1.12,G4396,prophet,N-NSM,N,M0.7.13,"per-occurrence, always expected"
Titus.1.12,G4396,prophet,N-NSM,N,M0.7.14,"per-occurrence, always expected"
Titus.1.12,G4396,prophet,N-NSM,N,M0.7.15,"per-occurrence, always expected"
Titus.1.12,G4396,prophet,N-NSM,N,M0.7.16,"per-occurrence, always expected"
Titus.1.12,G4396,prophet,N-NSM,N,M0.7.2,"per-occurrence, always expected"
Titus.1.12,G4396,prophet,N-NSM,N,M0.7.3,"per-occurrence, always expected"
Titus.1.12,G4396,prophet,N-NSM,N,M0.7.4,"per-occurrence, always expected"
Titus.1.12,G4396,prophet,N-NSM,N,M0.7.5,"per-occurrence, always expected"
Titus.1.12,G4396,prophet,N-NSM,N,M0.7.6,"per-occurrence, always expected"
Titus.1.12,G4396,prophet,N-NSM,N,M0.7.7,"per-occurrence, always expected"
Titus.1.12,G4396,prophet,N-NSM,N,M0.7.8,"per-occurrence, always expected"
Titus.1.12,G4396,prophet,N-NSM,N,M0.7.9,"per-occurrence, always expected"
Titus.1.12,G2556G,evil,A-NPN,N,M0.7.1,"per-occurrence, always expected"
Titus.1.12,G2556G,evil,A-NPN,N,M0.7.10,"per-occurrence, always expected"
Titus.1.12,G2556G,evil,A-NPN,N,M0.7.11,"per-occurrence, always expected"
Titus.1.12,G2556G,evil,A-NPN,N,M0.7.12,"per-occurrence, always expected"
Titus.1.12,G2556G,evil,A-NPN,N,M0.7.13,"per-occurrence, always expected"
Titus.1.12,G2556G,evil,A-NPN,N,M0.7.14,"per-occurrence, always expected"
Titus.1.12,G2556G,evil,A-NPN,N,M0.7.15,"per-occurrence, always expected"
Titus.1.12,G2556G,evil,A-NPN,N,M0.7.16,"per-occurrence, always expected"
Titus.1.12,G2556G,evil,A-NPN,N,M0.7.2,"per-occurrence, always expected"
Titus.1.12,G2556G,evil,A-NPN,N,M0.7.3,"per-occurrence, always expected"
Titus.1.12,G2556G,evil,A-NPN,N,M0.7.4,"per-occurrence, always expected"
Titus.1.12,G2556G,evil,A-NPN,N,M0.7.5,"per-occurrence, always expected"
Titus.1.12,G2556G,evil,A-NPN,N,M0.7.6,"per-occurrence, always expected"
Titus.1.12,G2556G,evil,A-NPN,N,M0.7.7,"per-occurrence, always expected"
Titus.1.12,G2556G,evil,A-NPN,N,M0.7.8,"per-occurrence, always expected"
Titus.1.12,G2556G,evil,A-NPN,N,M0.7.9,"per-occurrence, always expected"
Titus.1.12,G0692,lazy,A-NPF,Y,M0.7.1,"per-occurrence, always expected"
Titus.1.12,G0692,lazy,A-NPF,Y,M0.7.10,"per-occurrence, always expected"
Titus.1.12,G0692,lazy,A-NPF,Y,M0.7.11,"per-occurrence, always expected"
Titus.1.12,G0692,lazy,A-NPF,Y,M0.7.12,"per-occurrence, always expected"
Titus.1.12,G0692,lazy,A-NPF,Y,M0.7.13,"per-occurrence, always expected"
Titus.1.12,G0692,lazy,A-NPF,Y,M0.7.14,"per-occurrence, always expected"
Titus.1.12,G0692,lazy,A-NPF,Y,M0.7.15,"per-occurrence, always expected"
Titus.1.12,G0692,lazy,A-NPF,Y,M0.7.16,"per-occurrence, always expected"
Titus.1.12,G0692,lazy,A-NPF,Y,M0.7.2,"per-occurrence, always expected"
Titus.1.12,G0692,lazy,A-NPF,Y,M0.7.3,"per-occurrence, always expected"
Titus.1.12,G0692,lazy,A-NPF,Y,M0.7.4,"per-occurrence, always expected"
Titus.1.12,G0692,lazy,A-NPF,Y,M0.7.5,"per-occurrence, always expected"
Titus.1.12,G0692,lazy,A-NPF,Y,M0.7.6,"per-occurrence, always expected"
Titus.1.12,G0692,lazy,A-NPF,Y,M0.7.7,"per-occurrence, always expected"
Titus.1.12,G0692,lazy,A-NPF,Y,M0.7.8,"per-occurrence, always expected"
Titus.1.12,G0692,lazy,A-NPF,Y,M0.7.9,"per-occurrence, always expected"
Titus.1.12,G0692,lazy,A-NPF,Y,M0.6.5,"home relational, always expected"
Titus.1.12,G0692,lazy,A-NPF,Y,M0.6.6,"home whole-network, other M-code strong present in verse"
Rom.12.8,G3870,exhorts,V-PAP-NSM,N,M0.7.1,"per-occurrence, always expected"
Rom.12.8,G3870,exhorts,V-PAP-NSM,N,M0.7.10,"per-occurrence, always expected"
Rom.12.8,G3870,exhorts,V-PAP-NSM,N,M0.7.11,"per-occurrence, always expected"
Rom.12.8,G3870,exhorts,V-PAP-NSM,N,M0.7.12,"per-occurrence, always expected"
Rom.12.8,G3870,exhorts,V-PAP-NSM,N,M0.7.13,"per-occurrence, always expected"
Rom.12.8,G3870,exhorts,V-PAP-NSM,N,M0.7.14,"per-occurrence, always expected"
Rom.12.8,G3870,exhorts,V-PAP-NSM,N,M0.7.15,"per-occurrence, always expected"
Rom.12.8,G3870,exhorts,V-PAP-NSM,N,M0.7.16,"per-occurrence, always expected"
Rom.12.8,G3870,exhorts,V-PAP-NSM,N,M0.7.2,"per-occurrence, always expected"
Rom.12.8,G3870,exhorts,V-PAP-NSM,N,M0.7.3,"per-occurrence, always expected"
Rom.12.8,G3870,exhorts,V-PAP-NSM,N,M0.7.4,"per-occurrence, always expected"
Rom.12.8,G3870,exhorts,V-PAP-NSM,N,M0.7.5,"per-occurrence, always expected"
Rom.12.8,G3870,exhorts,V-PAP-NSM,N,M0.7.6,"per-occurrence, always expected"
Rom.12.8,G3870,exhorts,V-PAP-NSM,N,M0.7.7,"per-occurrence, always expected"
Rom.12.8,G3870,exhorts,V-PAP-NSM,N,M0.7.8,"per-occurrence, always expected"
Rom.12.8,G3870,exhorts,V-PAP-NSM,N,M0.7.9,"per-occurrence, always expected"
Rom.12.8,G3874,exhortation,N-DSF,N,M0.7.1,"per-occurrence, always expected"
Rom.12.8,G3874,exhortation,N-DSF,N,M0.7.10,"per-occurrence, always expected"
Rom.12.8,G3874,exhortation,N-DSF,N,M0.7.11,"per-occurrence, always expected"
Rom.12.8,G3874,exhortation,N-DSF,N,M0.7.12,"per-occurrence, always expected"
Rom.12.8,G3874,exhortation,N-DSF,N,M0.7.13,"per-occurrence, always expected"
Rom.12.8,G3874,exhortation,N-DSF,N,M0.7.14,"per-occurrence, always expected"
Rom.12.8,G3874,exhortation,N-DSF,N,M0.7.15,"per-occurrence, always expected"
Rom.12.8,G3874,exhortation,N-DSF,N,M0.7.16,"per-occurrence, always expected"
Rom.12.8,G3874,exhortation,N-DSF,N,M0.7.2,"per-occurrence, always expected"
Rom.12.8,G3874,exhortation,N-DSF,N,M0.7.3,"per-occurrence, always expected"
Rom.12.8,G3874,exhortation,N-DSF,N,M0.7.4,"per-occurrence, always expected"
Rom.12.8,G3874,exhortation,N-DSF,N,M0.7.5,"per-occurrence, always expected"
Rom.12.8,G3874,exhortation,N-DSF,N,M0.7.6,"per-occurrence, always expected"
Rom.12.8,G3874,exhortation,N-DSF,N,M0.7.7,"per-occurrence, always expected"
Rom.12.8,G3874,exhortation,N-DSF,N,M0.7.8,"per-occurrence, always expected"
Rom.12.8,G3874,exhortation,N-DSF,N,M0.7.9,"per-occurrence, always expected"
Rom.12.8,G3330,contributes,V-PAP-NSM,N,M0.7.1,"per-occurrence, always expected"
Rom.12.8,G3330,contributes,V-PAP-NSM,N,M0.7.10,"per-occurrence, always expected"
Rom.12.8,G3330,contributes,V-PAP-NSM,N,M0.7.11,"per-occurrence, always expected"
Rom.12.8,G3330,contributes,V-PAP-NSM,N,M0.7.12,"per-occurrence, always expected"
Rom.12.8,G3330,contributes,V-PAP-NSM,N,M0.7.13,"per-occurrence, always expected"
Rom.12.8,G3330,contributes,V-PAP-NSM,N,M0.7.14,"per-occurrence, always expected"
Rom.12.8,G3330,contributes,V-PAP-NSM,N,M0.7.15,"per-occurrence, always expected"
Rom.12.8,G3330,contributes,V-PAP-NSM,N,M0.7.16,"per-occurrence, always expected"
Rom.12.8,G3330,contributes,V-PAP-NSM,N,M0.7.2,"per-occurrence, always expected"
Rom.12.8,G3330,contributes,V-PAP-NSM,N,M0.7.3,"per-occurrence, always expected"
Rom.12.8,G3330,contributes,V-PAP-NSM,N,M0.7.4,"per-occurrence, always expected"
Rom.12.8,G3330,contributes,V-PAP-NSM,N,M0.7.5,"per-occurrence, always expected"
Rom.12.8,G3330,contributes,V-PAP-NSM,N,M0.7.6,"per-occurrence, always expected"
Rom.12.8,G3330,contributes,V-PAP-NSM,N,M0.7.7,"per-occurrence, always expected"
Rom.12.8,G3330,contributes,V-PAP-NSM,N,M0.7.8,"per-occurrence, always expected"
Rom.12.8,G3330,contributes,V-PAP-NSM,N,M0.7.9,"per-occurrence, always expected"
Rom.12.8,G0572,generosity,N-DSF,N,M0.7.1,"per-occurrence, always expected"
Rom.12.8,G0572,generosity,N-DSF,N,M0.7.10,"per-occurrence, always expected"
Rom.12.8,G0572,generosity,N-DSF,N,M0.7.11,"per-occurrence, always expected"
Rom.12.8,G0572,generosity,N-DSF,N,M0.7.12,"per-occurrence, always expected"
Rom.12.8,G0572,generosity,N-DSF,N,M0.7.13,"per-occurrence, always expected"
Rom.12.8,G0572,generosity,N-DSF,N,M0.7.14,"per-occurrence, always expected"
Rom.12.8,G0572,generosity,N-DSF,N,M0.7.15,"per-occurrence, always expected"
Rom.12.8,G0572,generosity,N-DSF,N,M0.7.16,"per-occurrence, always expected"
Rom.12.8,G0572,generosity,N-DSF,N,M0.7.2,"per-occurrence, always expected"
Rom.12.8,G0572,generosity,N-DSF,N,M0.7.3,"per-occurrence, always expected"
Rom.12.8,G0572,generosity,N-DSF,N,M0.7.4,"per-occurrence, always expected"
Rom.12.8,G0572,generosity,N-DSF,N,M0.7.5,"per-occurrence, always expected"
Rom.12.8,G0572,generosity,N-DSF,N,M0.7.6,"per-occurrence, always expected"
Rom.12.8,G0572,generosity,N-DSF,N,M0.7.7,"per-occurrence, always expected"
Rom.12.8,G0572,generosity,N-DSF,N,M0.7.8,"per-occurrence, always expected"
Rom.12.8,G0572,generosity,N-DSF,N,M0.7.9,"per-occurrence, always expected"
Rom.12.8,G4710,zeal,N-DSF,Y,M0.7.1,"per-occurrence, always expected"
Rom.12.8,G4710,zeal,N-DSF,Y,M0.7.10,"per-occurrence, always expected"
Rom.12.8,G4710,zeal,N-DSF,Y,M0.7.11,"per-occurrence, always expected"
Rom.12.8,G4710,zeal,N-DSF,Y,M0.7.12,"per-occurrence, always expected"
Rom.12.8,G4710,zeal,N-DSF,Y,M0.7.13,"per-occurrence, always expected"
Rom.12.8,G4710,zeal,N-DSF,Y,M0.7.14,"per-occurrence, always expected"
Rom.12.8,G4710,zeal,N-DSF,Y,M0.7.15,"per-occurrence, always expected"
Rom.12.8,G4710,zeal,N-DSF,Y,M0.7.16,"per-occurrence, always expected"
Rom.12.8,G4710,zeal,N-DSF,Y,M0.7.2,"per-occurrence, always expected"
Rom.12.8,G4710,zeal,N-DSF,Y,M0.7.3,"per-occurrence, always expected"
Rom.12.8,G4710,zeal,N-DSF,Y,M0.7.4,"per-occurrence, always expected"
Rom.12.8,G4710,zeal,N-DSF,Y,M0.7.5,"per-occurrence, always expected"
Rom.12.8,G4710,zeal,N-DSF,Y,M0.7.6,"per-occurrence, always expected"
Rom.12.8,G4710,zeal,N-DSF,Y,M0.7.7,"per-occurrence, always expected"
Rom.12.8,G4710,zeal,N-DSF,Y,M0.7.8,"per-occurrence, always expected"
Rom.12.8,G4710,zeal,N-DSF,Y,M0.7.9,"per-occurrence, always expected"
Rom.12.8,G1653,mercy,V-PAP-NSM,N,M0.7.1,"per-occurrence, always expected"
Rom.12.8,G1653,mercy,V-PAP-NSM,N,M0.7.10,"per-occurrence, always expected"
Rom.12.8,G1653,mercy,V-PAP-NSM,N,M0.7.11,"per-occurrence, always expected"
Rom.12.8,G1653,mercy,V-PAP-NSM,N,M0.7.12,"per-occurrence, always expected"
Rom.12.8,G1653,mercy,V-PAP-NSM,N,M0.7.13,"per-occurrence, always expected"
Rom.12.8,G1653,mercy,V-PAP-NSM,N,M0.7.14,"per-occurrence, always expected"
Rom.12.8,G1653,mercy,V-PAP-NSM,N,M0.7.15,"per-occurrence, always expected"
Rom.12.8,G1653,mercy,V-PAP-NSM,N,M0.7.16,"per-occurrence, always expected"
Rom.12.8,G1653,mercy,V-PAP-NSM,N,M0.7.2,"per-occurrence, always expected"
Rom.12.8,G1653,mercy,V-PAP-NSM,N,M0.7.3,"per-occurrence, always expected"
Rom.12.8,G1653,mercy,V-PAP-NSM,N,M0.7.4,"per-occurrence, always expected"
Rom.12.8,G1653,mercy,V-PAP-NSM,N,M0.7.5,"per-occurrence, always expected"
Rom.12.8,G1653,mercy,V-PAP-NSM,N,M0.7.6,"per-occurrence, always expected"
Rom.12.8,G1653,mercy,V-PAP-NSM,N,M0.7.7,"per-occurrence, always expected"
Rom.12.8,G1653,mercy,V-PAP-NSM,N,M0.7.8,"per-occurrence, always expected"
Rom.12.8,G1653,mercy,V-PAP-NSM,N,M0.7.9,"per-occurrence, always expected"
Rom.12.8,G4710,zeal,N-DSF,Y,M0.6.5,"home relational, always expected"
Rom.12.8,G4710,zeal,N-DSF,Y,M0.6.6,"home whole-network, other M-code strong present in verse"
Jude.1.3,G4710,eager,N-ASF,Y,M0.7.1,"per-occurrence, always expected"
Jude.1.3,G4710,eager,N-ASF,Y,M0.7.10,"per-occurrence, always expected"
Jude.1.3,G4710,eager,N-ASF,Y,M0.7.11,"per-occurrence, always expected"
Jude.1.3,G4710,eager,N-ASF,Y,M0.7.12,"per-occurrence, always expected"
Jude.1.3,G4710,eager,N-ASF,Y,M0.7.13,"per-occurrence, always expected"
Jude.1.3,G4710,eager,N-ASF,Y,M0.7.14,"per-occurrence, always expected"
Jude.1.3,G4710,eager,N-ASF,Y,M0.7.15,"per-occurrence, always expected"
Jude.1.3,G4710,eager,N-ASF,Y,M0.7.16,"per-occurrence, always expected"
Jude.1.3,G4710,eager,N-ASF,Y,M0.7.2,"per-occurrence, always expected"
Jude.1.3,G4710,eager,N-ASF,Y,M0.7.3,"per-occurrence, always expected"
Jude.1.3,G4710,eager,N-ASF,Y,M0.7.4,"per-occurrence, always expected"
Jude.1.3,G4710,eager,N-ASF,Y,M0.7.5,"per-occurrence, always expected"
Jude.1.3,G4710,eager,N-ASF,Y,M0.7.6,"per-occurrence, always expected"
Jude.1.3,G4710,eager,N-ASF,Y,M0.7.7,"per-occurrence, always expected"
Jude.1.3,G4710,eager,N-ASF,Y,M0.7.8,"per-occurrence, always expected"
Jude.1.3,G4710,eager,N-ASF,Y,M0.7.9,"per-occurrence, always expected"
Jude.1.3,G4991,salvation,N-GSF,N,M0.7.1,"per-occurrence, always expected"
Jude.1.3,G4991,salvation,N-GSF,N,M0.7.10,"per-occurrence, always expected"
Jude.1.3,G4991,salvation,N-GSF,N,M0.7.11,"per-occurrence, always expected"
Jude.1.3,G4991,salvation,N-GSF,N,M0.7.12,"per-occurrence, always expected"
Jude.1.3,G4991,salvation,N-GSF,N,M0.7.13,"per-occurrence, always expected"
Jude.1.3,G4991,salvation,N-GSF,N,M0.7.14,"per-occurrence, always expected"
Jude.1.3,G4991,salvation,N-GSF,N,M0.7.15,"per-occurrence, always expected"
Jude.1.3,G4991,salvation,N-GSF,N,M0.7.16,"per-occurrence, always expected"
Jude.1.3,G4991,salvation,N-GSF,N,M0.7.2,"per-occurrence, always expected"
Jude.1.3,G4991,salvation,N-GSF,N,M0.7.3,"per-occurrence, always expected"
Jude.1.3,G4991,salvation,N-GSF,N,M0.7.4,"per-occurrence, always expected"
Jude.1.3,G4991,salvation,N-GSF,N,M0.7.5,"per-occurrence, always expected"
Jude.1.3,G4991,salvation,N-GSF,N,M0.7.6,"per-occurrence, always expected"
Jude.1.3,G4991,salvation,N-GSF,N,M0.7.7,"per-occurrence, always expected"
Jude.1.3,G4991,salvation,N-GSF,N,M0.7.8,"per-occurrence, always expected"
Jude.1.3,G4991,salvation,N-GSF,N,M0.7.9,"per-occurrence, always expected"
Jude.1.3,G3870,appealing,V-PAP-NSM,N,M0.7.1,"per-occurrence, always expected"
Jude.1.3,G3870,appealing,V-PAP-NSM,N,M0.7.10,"per-occurrence, always expected"
Jude.1.3,G3870,appealing,V-PAP-NSM,N,M0.7.11,"per-occurrence, always expected"
Jude.1.3,G3870,appealing,V-PAP-NSM,N,M0.7.12,"per-occurrence, always expected"
Jude.1.3,G3870,appealing,V-PAP-NSM,N,M0.7.13,"per-occurrence, always expected"
Jude.1.3,G3870,appealing,V-PAP-NSM,N,M0.7.14,"per-occurrence, always expected"
Jude.1.3,G3870,appealing,V-PAP-NSM,N,M0.7.15,"per-occurrence, always expected"
Jude.1.3,G3870,appealing,V-PAP-NSM,N,M0.7.16,"per-occurrence, always expected"
Jude.1.3,G3870,appealing,V-PAP-NSM,N,M0.7.2,"per-occurrence, always expected"
Jude.1.3,G3870,appealing,V-PAP-NSM,N,M0.7.3,"per-occurrence, always expected"
Jude.1.3,G3870,appealing,V-PAP-NSM,N,M0.7.4,"per-occurrence, always expected"
Jude.1.3,G3870,appealing,V-PAP-NSM,N,M0.7.5,"per-occurrence, always expected"
Jude.1.3,G3870,appealing,V-PAP-NSM,N,M0.7.6,"per-occurrence, always expected"
Jude.1.3,G3870,appealing,V-PAP-NSM,N,M0.7.7,"per-occurrence, always expected"
Jude.1.3,G3870,appealing,V-PAP-NSM,N,M0.7.8,"per-occurrence, always expected"
Jude.1.3,G3870,appealing,V-PAP-NSM,N,M0.7.9,"per-occurrence, always expected"
Jude.1.3,G1864,contend,V-PNN,N,M0.7.1,"per-occurrence, always expected"
Jude.1.3,G1864,contend,V-PNN,N,M0.7.10,"per-occurrence, always expected"
Jude.1.3,G1864,contend,V-PNN,N,M0.7.11,"per-occurrence, always expected"
Jude.1.3,G1864,contend,V-PNN,N,M0.7.12,"per-occurrence, always expected"
Jude.1.3,G1864,contend,V-PNN,N,M0.7.13,"per-occurrence, always expected"
Jude.1.3,G1864,contend,V-PNN,N,M0.7.14,"per-occurrence, always expected"
Jude.1.3,G1864,contend,V-PNN,N,M0.7.15,"per-occurrence, always expected"
Jude.1.3,G1864,contend,V-PNN,N,M0.7.16,"per-occurrence, always expected"
Jude.1.3,G1864,contend,V-PNN,N,M0.7.2,"per-occurrence, always expected"
Jude.1.3,G1864,contend,V-PNN,N,M0.7.3,"per-occurrence, always expected"
Jude.1.3,G1864,contend,V-PNN,N,M0.7.4,"per-occurrence, always expected"
Jude.1.3,G1864,contend,V-PNN,N,M0.7.5,"per-occurrence, always expected"
Jude.1.3,G1864,contend,V-PNN,N,M0.7.6,"per-occurrence, always expected"
Jude.1.3,G1864,contend,V-PNN,N,M0.7.7,"per-occurrence, always expected"
Jude.1.3,G1864,contend,V-PNN,N,M0.7.8,"per-occurrence, always expected"
Jude.1.3,G1864,contend,V-PNN,N,M0.7.9,"per-occurrence, always expected"
Jude.1.3,G4102G,faith,N-DSF,N,M0.7.1,"per-occurrence, always expected"
Jude.1.3,G4102G,faith,N-DSF,N,M0.7.10,"per-occurrence, always expected"
Jude.1.3,G4102G,faith,N-DSF,N,M0.7.11,"per-occurrence, always expected"
Jude.1.3,G4102G,faith,N-DSF,N,M0.7.12,"per-occurrence, always expected"
Jude.1.3,G4102G,faith,N-DSF,N,M0.7.13,"per-occurrence, always expected"
Jude.1.3,G4102G,faith,N-DSF,N,M0.7.14,"per-occurrence, always expected"
Jude.1.3,G4102G,faith,N-DSF,N,M0.7.15,"per-occurrence, always expected"
Jude.1.3,G4102G,faith,N-DSF,N,M0.7.16,"per-occurrence, always expected"
Jude.1.3,G4102G,faith,N-DSF,N,M0.7.2,"per-occurrence, always expected"
Jude.1.3,G4102G,faith,N-DSF,N,M0.7.3,"per-occurrence, always expected"
Jude.1.3,G4102G,faith,N-DSF,N,M0.7.4,"per-occurrence, always expected"
Jude.1.3,G4102G,faith,N-DSF,N,M0.7.5,"per-occurrence, always expected"
Jude.1.3,G4102G,faith,N-DSF,N,M0.7.6,"per-occurrence, always expected"
Jude.1.3,G4102G,faith,N-DSF,N,M0.7.7,"per-occurrence, always expected"
Jude.1.3,G4102G,faith,N-DSF,N,M0.7.8,"per-occurrence, always expected"
Jude.1.3,G4102G,faith,N-DSF,N,M0.7.9,"per-occurrence, always expected"
Jude.1.3,G0040H,saints,A-DPM,N,M0.7.1,"per-occurrence, always expected"
Jude.1.3,G0040H,saints,A-DPM,N,M0.7.10,"per-occurrence, always expected"
Jude.1.3,G0040H,saints,A-DPM,N,M0.7.11,"per-occurrence, always expected"
Jude.1.3,G0040H,saints,A-DPM,N,M0.7.12,"per-occurrence, always expected"
Jude.1.3,G0040H,saints,A-DPM,N,M0.7.13,"per-occurrence, always expected"
Jude.1.3,G0040H,saints,A-DPM,N,M0.7.14,"per-occurrence, always expected"
Jude.1.3,G0040H,saints,A-DPM,N,M0.7.15,"per-occurrence, always expected"
Jude.1.3,G0040H,saints,A-DPM,N,M0.7.16,"per-occurrence, always expected"
Jude.1.3,G0040H,saints,A-DPM,N,M0.7.2,"per-occurrence, always expected"
Jude.1.3,G0040H,saints,A-DPM,N,M0.7.3,"per-occurrence, always expected"
Jude.1.3,G0040H,saints,A-DPM,N,M0.7.4,"per-occurrence, always expected"
Jude.1.3,G0040H,saints,A-DPM,N,M0.7.5,"per-occurrence, always expected"
Jude.1.3,G0040H,saints,A-DPM,N,M0.7.6,"per-occurrence, always expected"
Jude.1.3,G0040H,saints,A-DPM,N,M0.7.7,"per-occurrence, always expected"
Jude.1.3,G0040H,saints,A-DPM,N,M0.7.8,"per-occurrence, always expected"
Jude.1.3,G0040H,saints,A-DPM,N,M0.7.9,"per-occurrence, always expected"
Jude.1.3,G4710,eager,N-ASF,Y,M0.6.5,"home relational, always expected"
Jude.1.3,G4710,eager,N-ASF,Y,M0.6.6,"home whole-network, other M-code strong present in verse"
2Pet.2.3,G4124,greed,N-DSF,N,M0.7.1,"per-occurrence, always expected"
2Pet.2.3,G4124,greed,N-DSF,N,M0.7.10,"per-occurrence, always expected"
2Pet.2.3,G4124,greed,N-DSF,N,M0.7.11,"per-occurrence, always expected"
2Pet.2.3,G4124,greed,N-DSF,N,M0.7.12,"per-occurrence, always expected"
2Pet.2.3,G4124,greed,N-DSF,N,M0.7.13,"per-occurrence, always expected"
2Pet.2.3,G4124,greed,N-DSF,N,M0.7.14,"per-occurrence, always expected"
2Pet.2.3,G4124,greed,N-DSF,N,M0.7.15,"per-occurrence, always expected"
2Pet.2.3,G4124,greed,N-DSF,N,M0.7.16,"per-occurrence, always expected"
2Pet.2.3,G4124,greed,N-DSF,N,M0.7.2,"per-occurrence, always expected"
2Pet.2.3,G4124,greed,N-DSF,N,M0.7.3,"per-occurrence, always expected"
2Pet.2.3,G4124,greed,N-DSF,N,M0.7.4,"per-occurrence, always expected"
2Pet.2.3,G4124,greed,N-DSF,N,M0.7.5,"per-occurrence, always expected"
2Pet.2.3,G4124,greed,N-DSF,N,M0.7.6,"per-occurrence, always expected"
2Pet.2.3,G4124,greed,N-DSF,N,M0.7.7,"per-occurrence, always expected"
2Pet.2.3,G4124,greed,N-DSF,N,M0.7.8,"per-occurrence, always expected"
2Pet.2.3,G4124,greed,N-DSF,N,M0.7.9,"per-occurrence, always expected"
2Pet.2.3,G3056,words,N-DPM,N,M0.7.1,"per-occurrence, always expected"
2Pet.2.3,G3056,words,N-DPM,N,M0.7.10,"per-occurrence, always expected"
2Pet.2.3,G3056,words,N-DPM,N,M0.7.11,"per-occurrence, always expected"
2Pet.2.3,G3056,words,N-DPM,N,M0.7.12,"per-occurrence, always expected"
2Pet.2.3,G3056,words,N-DPM,N,M0.7.13,"per-occurrence, always expected"
2Pet.2.3,G3056,words,N-DPM,N,M0.7.14,"per-occurrence, always expected"
2Pet.2.3,G3056,words,N-DPM,N,M0.7.15,"per-occurrence, always expected"
2Pet.2.3,G3056,words,N-DPM,N,M0.7.16,"per-occurrence, always expected"
2Pet.2.3,G3056,words,N-DPM,N,M0.7.2,"per-occurrence, always expected"
2Pet.2.3,G3056,words,N-DPM,N,M0.7.3,"per-occurrence, always expected"
2Pet.2.3,G3056,words,N-DPM,N,M0.7.4,"per-occurrence, always expected"
2Pet.2.3,G3056,words,N-DPM,N,M0.7.5,"per-occurrence, always expected"
2Pet.2.3,G3056,words,N-DPM,N,M0.7.6,"per-occurrence, always expected"
2Pet.2.3,G3056,words,N-DPM,N,M0.7.7,"per-occurrence, always expected"
2Pet.2.3,G3056,words,N-DPM,N,M0.7.8,"per-occurrence, always expected"
2Pet.2.3,G3056,words,N-DPM,N,M0.7.9,"per-occurrence, always expected"
2Pet.2.3,G2917,condemnation,N-NSN,N,M0.7.1,"per-occurrence, always expected"
2Pet.2.3,G2917,condemnation,N-NSN,N,M0.7.10,"per-occurrence, always expected"
2Pet.2.3,G2917,condemnation,N-NSN,N,M0.7.11,"per-occurrence, always expected"
2Pet.2.3,G2917,condemnation,N-NSN,N,M0.7.12,"per-occurrence, always expected"
2Pet.2.3,G2917,condemnation,N-NSN,N,M0.7.13,"per-occurrence, always expected"
2Pet.2.3,G2917,condemnation,N-NSN,N,M0.7.14,"per-occurrence, always expected"
2Pet.2.3,G2917,condemnation,N-NSN,N,M0.7.15,"per-occurrence, always expected"
2Pet.2.3,G2917,condemnation,N-NSN,N,M0.7.16,"per-occurrence, always expected"
2Pet.2.3,G2917,condemnation,N-NSN,N,M0.7.2,"per-occurrence, always expected"
2Pet.2.3,G2917,condemnation,N-NSN,N,M0.7.3,"per-occurrence, always expected"
2Pet.2.3,G2917,condemnation,N-NSN,N,M0.7.4,"per-occurrence, always expected"
2Pet.2.3,G2917,condemnation,N-NSN,N,M0.7.5,"per-occurrence, always expected"
2Pet.2.3,G2917,condemnation,N-NSN,N,M0.7.6,"per-occurrence, always expected"
2Pet.2.3,G2917,condemnation,N-NSN,N,M0.7.7,"per-occurrence, always expected"
2Pet.2.3,G2917,condemnation,N-NSN,N,M0.7.8,"per-occurrence, always expected"
2Pet.2.3,G2917,condemnation,N-NSN,N,M0.7.9,"per-occurrence, always expected"
2Pet.2.3,G0691,idle,V-PAI-3S,Y,M0.7.1,"per-occurrence, always expected"
2Pet.2.3,G0691,idle,V-PAI-3S,Y,M0.7.10,"per-occurrence, always expected"
2Pet.2.3,G0691,idle,V-PAI-3S,Y,M0.7.11,"per-occurrence, always expected"
2Pet.2.3,G0691,idle,V-PAI-3S,Y,M0.7.12,"per-occurrence, always expected"
2Pet.2.3,G0691,idle,V-PAI-3S,Y,M0.7.13,"per-occurrence, always expected"
2Pet.2.3,G0691,idle,V-PAI-3S,Y,M0.7.14,"per-occurrence, always expected"
2Pet.2.3,G0691,idle,V-PAI-3S,Y,M0.7.15,"per-occurrence, always expected"
2Pet.2.3,G0691,idle,V-PAI-3S,Y,M0.7.16,"per-occurrence, always expected"
2Pet.2.3,G0691,idle,V-PAI-3S,Y,M0.7.2,"per-occurrence, always expected"
2Pet.2.3,G0691,idle,V-PAI-3S,Y,M0.7.3,"per-occurrence, always expected"
2Pet.2.3,G0691,idle,V-PAI-3S,Y,M0.7.4,"per-occurrence, always expected"
2Pet.2.3,G0691,idle,V-PAI-3S,Y,M0.7.5,"per-occurrence, always expected"
2Pet.2.3,G0691,idle,V-PAI-3S,Y,M0.7.6,"per-occurrence, always expected"
2Pet.2.3,G0691,idle,V-PAI-3S,Y,M0.7.7,"per-occurrence, always expected"
2Pet.2.3,G0691,idle,V-PAI-3S,Y,M0.7.8,"per-occurrence, always expected"
2Pet.2.3,G0691,idle,V-PAI-3S,Y,M0.7.9,"per-occurrence, always expected"
2Pet.2.3,G0684,destruction,N-NSF,N,M0.7.1,"per-occurrence, always expected"
2Pet.2.3,G0684,destruction,N-NSF,N,M0.7.10,"per-occurrence, always expected"
2Pet.2.3,G0684,destruction,N-NSF,N,M0.7.11,"per-occurrence, always expected"
2Pet.2.3,G0684,destruction,N-NSF,N,M0.7.12,"per-occurrence, always expected"
2Pet.2.3,G0684,destruction,N-NSF,N,M0.7.13,"per-occurrence, always expected"
2Pet.2.3,G0684,destruction,N-NSF,N,M0.7.14,"per-occurrence, always expected"
2Pet.2.3,G0684,destruction,N-NSF,N,M0.7.15,"per-occurrence, always expected"
2Pet.2.3,G0684,destruction,N-NSF,N,M0.7.16,"per-occurrence, always expected"
2Pet.2.3,G0684,destruction,N-NSF,N,M0.7.2,"per-occurrence, always expected"
2Pet.2.3,G0684,destruction,N-NSF,N,M0.7.3,"per-occurrence, always expected"
2Pet.2.3,G0684,destruction,N-NSF,N,M0.7.4,"per-occurrence, always expected"
2Pet.2.3,G0684,destruction,N-NSF,N,M0.7.5,"per-occurrence, always expected"
2Pet.2.3,G0684,destruction,N-NSF,N,M0.7.6,"per-occurrence, always expected"
2Pet.2.3,G0684,destruction,N-NSF,N,M0.7.7,"per-occurrence, always expected"
2Pet.2.3,G0684,destruction,N-NSF,N,M0.7.8,"per-occurrence, always expected"
2Pet.2.3,G0684,destruction,N-NSF,N,M0.7.9,"per-occurrence, always expected"
2Pet.2.3,G0691,idle,V-PAI-3S,Y,M0.6.5,"home relational, always expected"
2Pet.2.3,G0691,idle,V-PAI-3S,Y,M0.6.6,"home whole-network, other M-code strong present in verse"
Heb.6.11,G1937,desire,V-PAI-1P,N,M0.7.1,"per-occurrence, always expected"
Heb.6.11,G1937,desire,V-PAI-1P,N,M0.7.10,"per-occurrence, always expected"
Heb.6.11,G1937,desire,V-PAI-1P,N,M0.7.11,"per-occurrence, always expected"
Heb.6.11,G1937,desire,V-PAI-1P,N,M0.7.12,"per-occurrence, always expected"
Heb.6.11,G1937,desire,V-PAI-1P,N,M0.7.13,"per-occurrence, always expected"
Heb.6.11,G1937,desire,V-PAI-1P,N,M0.7.14,"per-occurrence, always expected"
Heb.6.11,G1937,desire,V-PAI-1P,N,M0.7.15,"per-occurrence, always expected"
Heb.6.11,G1937,desire,V-PAI-1P,N,M0.7.16,"per-occurrence, always expected"
Heb.6.11,G1937,desire,V-PAI-1P,N,M0.7.2,"per-occurrence, always expected"
Heb.6.11,G1937,desire,V-PAI-1P,N,M0.7.3,"per-occurrence, always expected"
Heb.6.11,G1937,desire,V-PAI-1P,N,M0.7.4,"per-occurrence, always expected"
Heb.6.11,G1937,desire,V-PAI-1P,N,M0.7.5,"per-occurrence, always expected"
Heb.6.11,G1937,desire,V-PAI-1P,N,M0.7.6,"per-occurrence, always expected"
Heb.6.11,G1937,desire,V-PAI-1P,N,M0.7.7,"per-occurrence, always expected"
Heb.6.11,G1937,desire,V-PAI-1P,N,M0.7.8,"per-occurrence, always expected"
Heb.6.11,G1937,desire,V-PAI-1P,N,M0.7.9,"per-occurrence, always expected"
Heb.6.11,G1731,show,V-PMN,N,M0.7.1,"per-occurrence, always expected"
Heb.6.11,G1731,show,V-PMN,N,M0.7.10,"per-occurrence, always expected"
Heb.6.11,G1731,show,V-PMN,N,M0.7.11,"per-occurrence, always expected"
Heb.6.11,G1731,show,V-PMN,N,M0.7.12,"per-occurrence, always expected"
Heb.6.11,G1731,show,V-PMN,N,M0.7.13,"per-occurrence, always expected"
Heb.6.11,G1731,show,V-PMN,N,M0.7.14,"per-occurrence, always expected"
Heb.6.11,G1731,show,V-PMN,N,M0.7.15,"per-occurrence, always expected"
Heb.6.11,G1731,show,V-PMN,N,M0.7.16,"per-occurrence, always expected"
Heb.6.11,G1731,show,V-PMN,N,M0.7.2,"per-occurrence, always expected"
Heb.6.11,G1731,show,V-PMN,N,M0.7.3,"per-occurrence, always expected"
Heb.6.11,G1731,show,V-PMN,N,M0.7.4,"per-occurrence, always expected"
Heb.6.11,G1731,show,V-PMN,N,M0.7.5,"per-occurrence, always expected"
Heb.6.11,G1731,show,V-PMN,N,M0.7.6,"per-occurrence, always expected"
Heb.6.11,G1731,show,V-PMN,N,M0.7.7,"per-occurrence, always expected"
Heb.6.11,G1731,show,V-PMN,N,M0.7.8,"per-occurrence, always expected"
Heb.6.11,G1731,show,V-PMN,N,M0.7.9,"per-occurrence, always expected"
Heb.6.11,G4710,earnestness,N-ASF,Y,M0.7.1,"per-occurrence, always expected"
Heb.6.11,G4710,earnestness,N-ASF,Y,M0.7.10,"per-occurrence, always expected"
Heb.6.11,G4710,earnestness,N-ASF,Y,M0.7.11,"per-occurrence, always expected"
Heb.6.11,G4710,earnestness,N-ASF,Y,M0.7.12,"per-occurrence, always expected"
Heb.6.11,G4710,earnestness,N-ASF,Y,M0.7.13,"per-occurrence, always expected"
Heb.6.11,G4710,earnestness,N-ASF,Y,M0.7.14,"per-occurrence, always expected"
Heb.6.11,G4710,earnestness,N-ASF,Y,M0.7.15,"per-occurrence, always expected"
Heb.6.11,G4710,earnestness,N-ASF,Y,M0.7.16,"per-occurrence, always expected"
Heb.6.11,G4710,earnestness,N-ASF,Y,M0.7.2,"per-occurrence, always expected"
Heb.6.11,G4710,earnestness,N-ASF,Y,M0.7.3,"per-occurrence, always expected"
Heb.6.11,G4710,earnestness,N-ASF,Y,M0.7.4,"per-occurrence, always expected"
Heb.6.11,G4710,earnestness,N-ASF,Y,M0.7.5,"per-occurrence, always expected"
Heb.6.11,G4710,earnestness,N-ASF,Y,M0.7.6,"per-occurrence, always expected"
Heb.6.11,G4710,earnestness,N-ASF,Y,M0.7.7,"per-occurrence, always expected"
Heb.6.11,G4710,earnestness,N-ASF,Y,M0.7.8,"per-occurrence, always expected"
Heb.6.11,G4710,earnestness,N-ASF,Y,M0.7.9,"per-occurrence, always expected"
Heb.6.11,G1680,hope,N-GSF,N,M0.7.1,"per-occurrence, always expected"
Heb.6.11,G1680,hope,N-GSF,N,M0.7.10,"per-occurrence, always expected"
Heb.6.11,G1680,hope,N-GSF,N,M0.7.11,"per-occurrence, always expected"
Heb.6.11,G1680,hope,N-GSF,N,M0.7.12,"per-occurrence, always expected"
Heb.6.11,G1680,hope,N-GSF,N,M0.7.13,"per-occurrence, always expected"
Heb.6.11,G1680,hope,N-GSF,N,M0.7.14,"per-occurrence, always expected"
Heb.6.11,G1680,hope,N-GSF,N,M0.7.15,"per-occurrence, always expected"
Heb.6.11,G1680,hope,N-GSF,N,M0.7.16,"per-occurrence, always expected"
Heb.6.11,G1680,hope,N-GSF,N,M0.7.2,"per-occurrence, always expected"
Heb.6.11,G1680,hope,N-GSF,N,M0.7.3,"per-occurrence, always expected"
Heb.6.11,G1680,hope,N-GSF,N,M0.7.4,"per-occurrence, always expected"
Heb.6.11,G1680,hope,N-GSF,N,M0.7.5,"per-occurrence, always expected"
Heb.6.11,G1680,hope,N-GSF,N,M0.7.6,"per-occurrence, always expected"
Heb.6.11,G1680,hope,N-GSF,N,M0.7.7,"per-occurrence, always expected"
Heb.6.11,G1680,hope,N-GSF,N,M0.7.8,"per-occurrence, always expected"
Heb.6.11,G1680,hope,N-GSF,N,M0.7.9,"per-occurrence, always expected"
Heb.6.11,G4710,earnestness,N-ASF,Y,M0.6.5,"home relational, always expected"
Heb.6.11,G4710,earnestness,N-ASF,Y,M0.6.6,"home whole-network, other M-code strong present in verse"
Phil.3.1,G0080,brothers,N-VPM,N,M0.7.1,"per-occurrence, always expected"
Phil.3.1,G0080,brothers,N-VPM,N,M0.7.10,"per-occurrence, always expected"
Phil.3.1,G0080,brothers,N-VPM,N,M0.7.11,"per-occurrence, always expected"
Phil.3.1,G0080,brothers,N-VPM,N,M0.7.12,"per-occurrence, always expected"
Phil.3.1,G0080,brothers,N-VPM,N,M0.7.13,"per-occurrence, always expected"
Phil.3.1,G0080,brothers,N-VPM,N,M0.7.14,"per-occurrence, always expected"
Phil.3.1,G0080,brothers,N-VPM,N,M0.7.15,"per-occurrence, always expected"
Phil.3.1,G0080,brothers,N-VPM,N,M0.7.16,"per-occurrence, always expected"
Phil.3.1,G0080,brothers,N-VPM,N,M0.7.2,"per-occurrence, always expected"
Phil.3.1,G0080,brothers,N-VPM,N,M0.7.3,"per-occurrence, always expected"
Phil.3.1,G0080,brothers,N-VPM,N,M0.7.4,"per-occurrence, always expected"
Phil.3.1,G0080,brothers,N-VPM,N,M0.7.5,"per-occurrence, always expected"
Phil.3.1,G0080,brothers,N-VPM,N,M0.7.6,"per-occurrence, always expected"
Phil.3.1,G0080,brothers,N-VPM,N,M0.7.7,"per-occurrence, always expected"
Phil.3.1,G0080,brothers,N-VPM,N,M0.7.8,"per-occurrence, always expected"
Phil.3.1,G0080,brothers,N-VPM,N,M0.7.9,"per-occurrence, always expected"
Phil.3.1,G5463,rejoice,V-PAM-2P,N,M0.7.1,"per-occurrence, always expected"
Phil.3.1,G5463,rejoice,V-PAM-2P,N,M0.7.10,"per-occurrence, always expected"
Phil.3.1,G5463,rejoice,V-PAM-2P,N,M0.7.11,"per-occurrence, always expected"
Phil.3.1,G5463,rejoice,V-PAM-2P,N,M0.7.12,"per-occurrence, always expected"
Phil.3.1,G5463,rejoice,V-PAM-2P,N,M0.7.13,"per-occurrence, always expected"
Phil.3.1,G5463,rejoice,V-PAM-2P,N,M0.7.14,"per-occurrence, always expected"
Phil.3.1,G5463,rejoice,V-PAM-2P,N,M0.7.15,"per-occurrence, always expected"
Phil.3.1,G5463,rejoice,V-PAM-2P,N,M0.7.16,"per-occurrence, always expected"
Phil.3.1,G5463,rejoice,V-PAM-2P,N,M0.7.2,"per-occurrence, always expected"
Phil.3.1,G5463,rejoice,V-PAM-2P,N,M0.7.3,"per-occurrence, always expected"
Phil.3.1,G5463,rejoice,V-PAM-2P,N,M0.7.4,"per-occurrence, always expected"
Phil.3.1,G5463,rejoice,V-PAM-2P,N,M0.7.5,"per-occurrence, always expected"
Phil.3.1,G5463,rejoice,V-PAM-2P,N,M0.7.6,"per-occurrence, always expected"
Phil.3.1,G5463,rejoice,V-PAM-2P,N,M0.7.7,"per-occurrence, always expected"
Phil.3.1,G5463,rejoice,V-PAM-2P,N,M0.7.8,"per-occurrence, always expected"
Phil.3.1,G5463,rejoice,V-PAM-2P,N,M0.7.9,"per-occurrence, always expected"
Phil.3.1,G3636,trouble,A-NSN,Y,M0.7.1,"per-occurrence, always expected"
Phil.3.1,G3636,trouble,A-NSN,Y,M0.7.10,"per-occurrence, always expected"
Phil.3.1,G3636,trouble,A-NSN,Y,M0.7.11,"per-occurrence, always expected"
Phil.3.1,G3636,trouble,A-NSN,Y,M0.7.12,"per-occurrence, always expected"
Phil.3.1,G3636,trouble,A-NSN,Y,M0.7.13,"per-occurrence, always expected"
Phil.3.1,G3636,trouble,A-NSN,Y,M0.7.14,"per-occurrence, always expected"
Phil.3.1,G3636,trouble,A-NSN,Y,M0.7.15,"per-occurrence, always expected"
Phil.3.1,G3636,trouble,A-NSN,Y,M0.7.16,"per-occurrence, always expected"
Phil.3.1,G3636,trouble,A-NSN,Y,M0.7.2,"per-occurrence, always expected"
Phil.3.1,G3636,trouble,A-NSN,Y,M0.7.3,"per-occurrence, always expected"
Phil.3.1,G3636,trouble,A-NSN,Y,M0.7.4,"per-occurrence, always expected"
Phil.3.1,G3636,trouble,A-NSN,Y,M0.7.5,"per-occurrence, always expected"
Phil.3.1,G3636,trouble,A-NSN,Y,M0.7.6,"per-occurrence, always expected"
Phil.3.1,G3636,trouble,A-NSN,Y,M0.7.7,"per-occurrence, always expected"
Phil.3.1,G3636,trouble,A-NSN,Y,M0.7.8,"per-occurrence, always expected"
Phil.3.1,G3636,trouble,A-NSN,Y,M0.7.9,"per-occurrence, always expected"
Phil.3.1,G0804,safe,A-NSN,N,M0.7.1,"per-occurrence, always expected"
Phil.3.1,G0804,safe,A-NSN,N,M0.7.10,"per-occurrence, always expected"
Phil.3.1,G0804,safe,A-NSN,N,M0.7.11,"per-occurrence, always expected"
Phil.3.1,G0804,safe,A-NSN,N,M0.7.12,"per-occurrence, always expected"
Phil.3.1,G0804,safe,A-NSN,N,M0.7.13,"per-occurrence, always expected"
Phil.3.1,G0804,safe,A-NSN,N,M0.7.14,"per-occurrence, always expected"
Phil.3.1,G0804,safe,A-NSN,N,M0.7.15,"per-occurrence, always expected"
Phil.3.1,G0804,safe,A-NSN,N,M0.7.16,"per-occurrence, always expected"
Phil.3.1,G0804,safe,A-NSN,N,M0.7.2,"per-occurrence, always expected"
Phil.3.1,G0804,safe,A-NSN,N,M0.7.3,"per-occurrence, always expected"
Phil.3.1,G0804,safe,A-NSN,N,M0.7.4,"per-occurrence, always expected"
Phil.3.1,G0804,safe,A-NSN,N,M0.7.5,"per-occurrence, always expected"
Phil.3.1,G0804,safe,A-NSN,N,M0.7.6,"per-occurrence, always expected"
Phil.3.1,G0804,safe,A-NSN,N,M0.7.7,"per-occurrence, always expected"
Phil.3.1,G0804,safe,A-NSN,N,M0.7.8,"per-occurrence, always expected"
Phil.3.1,G0804,safe,A-NSN,N,M0.7.9,"per-occurrence, always expected"
Phil.3.1,G3636,trouble,A-NSN,Y,M0.6.5,"home relational, always expected"
Phil.3.1,G3636,trouble,A-NSN,Y,M0.6.6,"home whole-network, other M-code strong present in verse"
Phil.3.1,G3636,trouble,A-NSN,Y,D7.7.1,"home operation-permeability, T3 + party tag both present in verse"
Jas.2.20,G2309,want,V-PAI-2S,N,M0.7.1,"per-occurrence, always expected"
Jas.2.20,G2309,want,V-PAI-2S,N,M0.7.10,"per-occurrence, always expected"
Jas.2.20,G2309,want,V-PAI-2S,N,M0.7.11,"per-occurrence, always expected"
Jas.2.20,G2309,want,V-PAI-2S,N,M0.7.12,"per-occurrence, always expected"
Jas.2.20,G2309,want,V-PAI-2S,N,M0.7.13,"per-occurrence, always expected"
Jas.2.20,G2309,want,V-PAI-2S,N,M0.7.14,"per-occurrence, always expected"
Jas.2.20,G2309,want,V-PAI-2S,N,M0.7.15,"per-occurrence, always expected"
Jas.2.20,G2309,want,V-PAI-2S,N,M0.7.16,"per-occurrence, always expected"
Jas.2.20,G2309,want,V-PAI-2S,N,M0.7.2,"per-occurrence, always expected"
Jas.2.20,G2309,want,V-PAI-2S,N,M0.7.3,"per-occurrence, always expected"
Jas.2.20,G2309,want,V-PAI-2S,N,M0.7.4,"per-occurrence, always expected"
Jas.2.20,G2309,want,V-PAI-2S,N,M0.7.5,"per-occurrence, always expected"
Jas.2.20,G2309,want,V-PAI-2S,N,M0.7.6,"per-occurrence, always expected"
Jas.2.20,G2309,want,V-PAI-2S,N,M0.7.7,"per-occurrence, always expected"
Jas.2.20,G2309,want,V-PAI-2S,N,M0.7.8,"per-occurrence, always expected"
Jas.2.20,G2309,want,V-PAI-2S,N,M0.7.9,"per-occurrence, always expected"
Jas.2.20,G1097,shown,V-2AAN,N,M0.7.1,"per-occurrence, always expected"
Jas.2.20,G1097,shown,V-2AAN,N,M0.7.10,"per-occurrence, always expected"
Jas.2.20,G1097,shown,V-2AAN,N,M0.7.11,"per-occurrence, always expected"
Jas.2.20,G1097,shown,V-2AAN,N,M0.7.12,"per-occurrence, always expected"
Jas.2.20,G1097,shown,V-2AAN,N,M0.7.13,"per-occurrence, always expected"
Jas.2.20,G1097,shown,V-2AAN,N,M0.7.14,"per-occurrence, always expected"
Jas.2.20,G1097,shown,V-2AAN,N,M0.7.15,"per-occurrence, always expected"
Jas.2.20,G1097,shown,V-2AAN,N,M0.7.16,"per-occurrence, always expected"
Jas.2.20,G1097,shown,V-2AAN,N,M0.7.2,"per-occurrence, always expected"
Jas.2.20,G1097,shown,V-2AAN,N,M0.7.3,"per-occurrence, always expected"
Jas.2.20,G1097,shown,V-2AAN,N,M0.7.4,"per-occurrence, always expected"
Jas.2.20,G1097,shown,V-2AAN,N,M0.7.5,"per-occurrence, always expected"
Jas.2.20,G1097,shown,V-2AAN,N,M0.7.6,"per-occurrence, always expected"
Jas.2.20,G1097,shown,V-2AAN,N,M0.7.7,"per-occurrence, always expected"
Jas.2.20,G1097,shown,V-2AAN,N,M0.7.8,"per-occurrence, always expected"
Jas.2.20,G1097,shown,V-2AAN,N,M0.7.9,"per-occurrence, always expected"
Jas.2.20,G4102G,faith,N-NSF,N,M0.7.1,"per-occurrence, always expected"
Jas.2.20,G4102G,faith,N-NSF,N,M0.7.10,"per-occurrence, always expected"
Jas.2.20,G4102G,faith,N-NSF,N,M0.7.11,"per-occurrence, always expected"
Jas.2.20,G4102G,faith,N-NSF,N,M0.7.12,"per-occurrence, always expected"
Jas.2.20,G4102G,faith,N-NSF,N,M0.7.13,"per-occurrence, always expected"
Jas.2.20,G4102G,faith,N-NSF,N,M0.7.14,"per-occurrence, always expected"
Jas.2.20,G4102G,faith,N-NSF,N,M0.7.15,"per-occurrence, always expected"
Jas.2.20,G4102G,faith,N-NSF,N,M0.7.16,"per-occurrence, always expected"
Jas.2.20,G4102G,faith,N-NSF,N,M0.7.2,"per-occurrence, always expected"
Jas.2.20,G4102G,faith,N-NSF,N,M0.7.3,"per-occurrence, always expected"
Jas.2.20,G4102G,faith,N-NSF,N,M0.7.4,"per-occurrence, always expected"
Jas.2.20,G4102G,faith,N-NSF,N,M0.7.5,"per-occurrence, always expected"
Jas.2.20,G4102G,faith,N-NSF,N,M0.7.6,"per-occurrence, always expected"
Jas.2.20,G4102G,faith,N-NSF,N,M0.7.7,"per-occurrence, always expected"
Jas.2.20,G4102G,faith,N-NSF,N,M0.7.8,"per-occurrence, always expected"
Jas.2.20,G4102G,faith,N-NSF,N,M0.7.9,"per-occurrence, always expected"
Jas.2.20,G0692,useless,A-NSF,Y,M0.7.1,"per-occurrence, always expected"
Jas.2.20,G0692,useless,A-NSF,Y,M0.7.10,"per-occurrence, always expected"
Jas.2.20,G0692,useless,A-NSF,Y,M0.7.11,"per-occurrence, always expected"
Jas.2.20,G0692,useless,A-NSF,Y,M0.7.12,"per-occurrence, always expected"
Jas.2.20,G0692,useless,A-NSF,Y,M0.7.13,"per-occurrence, always expected"
Jas.2.20,G0692,useless,A-NSF,Y,M0.7.14,"per-occurrence, always expected"
Jas.2.20,G0692,useless,A-NSF,Y,M0.7.15,"per-occurrence, always expected"
Jas.2.20,G0692,useless,A-NSF,Y,M0.7.16,"per-occurrence, always expected"
Jas.2.20,G0692,useless,A-NSF,Y,M0.7.2,"per-occurrence, always expected"
Jas.2.20,G0692,useless,A-NSF,Y,M0.7.3,"per-occurrence, always expected"
Jas.2.20,G0692,useless,A-NSF,Y,M0.7.4,"per-occurrence, always expected"
Jas.2.20,G0692,useless,A-NSF,Y,M0.7.5,"per-occurrence, always expected"
Jas.2.20,G0692,useless,A-NSF,Y,M0.7.6,"per-occurrence, always expected"
Jas.2.20,G0692,useless,A-NSF,Y,M0.7.7,"per-occurrence, always expected"
Jas.2.20,G0692,useless,A-NSF,Y,M0.7.8,"per-occurrence, always expected"
Jas.2.20,G0692,useless,A-NSF,Y,M0.7.9,"per-occurrence, always expected"
Jas.2.20,G0692,useless,A-NSF,Y,M0.6.5,"home relational, always expected"
Jas.2.20,G0692,useless,A-NSF,Y,M0.6.6,"home whole-network, other M-code strong present in verse"
Ezra.6.8,H0629,full,AD,Y,M0.7.1,"per-occurrence, always expected"
Ezra.6.8,H0629,full,AD,Y,M0.7.10,"per-occurrence, always expected"
Ezra.6.8,H0629,full,AD,Y,M0.7.11,"per-occurrence, always expected"
Ezra.6.8,H0629,full,AD,Y,M0.7.12,"per-occurrence, always expected"
Ezra.6.8,H0629,full,AD,Y,M0.7.13,"per-occurrence, always expected"
Ezra.6.8,H0629,full,AD,Y,M0.7.14,"per-occurrence, always expected"
Ezra.6.8,H0629,full,AD,Y,M0.7.15,"per-occurrence, always expected"
Ezra.6.8,H0629,full,AD,Y,M0.7.16,"per-occurrence, always expected"
Ezra.6.8,H0629,full,AD,Y,M0.7.2,"per-occurrence, always expected"
Ezra.6.8,H0629,full,AD,Y,M0.7.3,"per-occurrence, always expected"
Ezra.6.8,H0629,full,AD,Y,M0.7.4,"per-occurrence, always expected"
Ezra.6.8,H0629,full,AD,Y,M0.7.5,"per-occurrence, always expected"
Ezra.6.8,H0629,full,AD,Y,M0.7.6,"per-occurrence, always expected"
Ezra.6.8,H0629,full,AD,Y,M0.7.7,"per-occurrence, always expected"
Ezra.6.8,H0629,full,AD,Y,M0.7.8,"per-occurrence, always expected"
Ezra.6.8,H0629,full,AD,Y,M0.7.9,"per-occurrence, always expected"
Ezra.6.8,H4430,royal,ANcbsd,N,M0.7.1,"per-occurrence, always expected"
Ezra.6.8,H4430,royal,ANcbsd,N,M0.7.10,"per-occurrence, always expected"
Ezra.6.8,H4430,royal,ANcbsd,N,M0.7.11,"per-occurrence, always expected"
Ezra.6.8,H4430,royal,ANcbsd,N,M0.7.12,"per-occurrence, always expected"
Ezra.6.8,H4430,royal,ANcbsd,N,M0.7.13,"per-occurrence, always expected"
Ezra.6.8,H4430,royal,ANcbsd,N,M0.7.14,"per-occurrence, always expected"
Ezra.6.8,H4430,royal,ANcbsd,N,M0.7.15,"per-occurrence, always expected"
Ezra.6.8,H4430,royal,ANcbsd,N,M0.7.16,"per-occurrence, always expected"
Ezra.6.8,H4430,royal,ANcbsd,N,M0.7.2,"per-occurrence, always expected"
Ezra.6.8,H4430,royal,ANcbsd,N,M0.7.3,"per-occurrence, always expected"
Ezra.6.8,H4430,royal,ANcbsd,N,M0.7.4,"per-occurrence, always expected"
Ezra.6.8,H4430,royal,ANcbsd,N,M0.7.5,"per-occurrence, always expected"
Ezra.6.8,H4430,royal,ANcbsd,N,M0.7.6,"per-occurrence, always expected"
Ezra.6.8,H4430,royal,ANcbsd,N,M0.7.7,"per-occurrence, always expected"
Ezra.6.8,H4430,royal,ANcbsd,N,M0.7.8,"per-occurrence, always expected"
Ezra.6.8,H4430,royal,ANcbsd,N,M0.7.9,"per-occurrence, always expected"
Ezra.6.8,H5232,revenue,ANcmpc,N,M0.7.1,"per-occurrence, always expected"
Ezra.6.8,H5232,revenue,ANcmpc,N,M0.7.10,"per-occurrence, always expected"
Ezra.6.8,H5232,revenue,ANcmpc,N,M0.7.11,"per-occurrence, always expected"
Ezra.6.8,H5232,revenue,ANcmpc,N,M0.7.12,"per-occurrence, always expected"
Ezra.6.8,H5232,revenue,ANcmpc,N,M0.7.13,"per-occurrence, always expected"
Ezra.6.8,H5232,revenue,ANcmpc,N,M0.7.14,"per-occurrence, always expected"
Ezra.6.8,H5232,revenue,ANcmpc,N,M0.7.15,"per-occurrence, always expected"
Ezra.6.8,H5232,revenue,ANcmpc,N,M0.7.16,"per-occurrence, always expected"
Ezra.6.8,H5232,revenue,ANcmpc,N,M0.7.2,"per-occurrence, always expected"
Ezra.6.8,H5232,revenue,ANcmpc,N,M0.7.3,"per-occurrence, always expected"
Ezra.6.8,H5232,revenue,ANcmpc,N,M0.7.4,"per-occurrence, always expected"
Ezra.6.8,H5232,revenue,ANcmpc,N,M0.7.5,"per-occurrence, always expected"
Ezra.6.8,H5232,revenue,ANcmpc,N,M0.7.6,"per-occurrence, always expected"
Ezra.6.8,H5232,revenue,ANcmpc,N,M0.7.7,"per-occurrence, always expected"
Ezra.6.8,H5232,revenue,ANcmpc,N,M0.7.8,"per-occurrence, always expected"
Ezra.6.8,H5232,revenue,ANcmpc,N,M0.7.9,"per-occurrence, always expected"
Ezra.6.8,H0629,full,AD,Y,M0.6.5,"home relational, always expected"
Ezra.6.8,H0629,full,AD,Y,M0.6.6,"home whole-network, other M-code strong present in verse"
Ezra.6.12,H4430,king,ANcbsa,N,M0.7.1,"per-occurrence, always expected"
Ezra.6.12,H4430,king,ANcbsa,N,M0.7.10,"per-occurrence, always expected"
Ezra.6.12,H4430,king,ANcbsa,N,M0.7.11,"per-occurrence, always expected"
Ezra.6.12,H4430,king,ANcbsa,N,M0.7.12,"per-occurrence, always expected"
Ezra.6.12,H4430,king,ANcbsa,N,M0.7.13,"per-occurrence, always expected"
Ezra.6.12,H4430,king,ANcbsa,N,M0.7.14,"per-occurrence, always expected"
Ezra.6.12,H4430,king,ANcbsa,N,M0.7.15,"per-occurrence, always expected"
Ezra.6.12,H4430,king,ANcbsa,N,M0.7.16,"per-occurrence, always expected"
Ezra.6.12,H4430,king,ANcbsa,N,M0.7.2,"per-occurrence, always expected"
Ezra.6.12,H4430,king,ANcbsa,N,M0.7.3,"per-occurrence, always expected"
Ezra.6.12,H4430,king,ANcbsa,N,M0.7.4,"per-occurrence, always expected"
Ezra.6.12,H4430,king,ANcbsa,N,M0.7.5,"per-occurrence, always expected"
Ezra.6.12,H4430,king,ANcbsa,N,M0.7.6,"per-occurrence, always expected"
Ezra.6.12,H4430,king,ANcbsa,N,M0.7.7,"per-occurrence, always expected"
Ezra.6.12,H4430,king,ANcbsa,N,M0.7.8,"per-occurrence, always expected"
Ezra.6.12,H4430,king,ANcbsa,N,M0.7.9,"per-occurrence, always expected"
Ezra.6.12,H8133,alter,AVhcc,N,M0.7.1,"per-occurrence, always expected"
Ezra.6.12,H8133,alter,AVhcc,N,M0.7.10,"per-occurrence, always expected"
Ezra.6.12,H8133,alter,AVhcc,N,M0.7.11,"per-occurrence, always expected"
Ezra.6.12,H8133,alter,AVhcc,N,M0.7.12,"per-occurrence, always expected"
Ezra.6.12,H8133,alter,AVhcc,N,M0.7.13,"per-occurrence, always expected"
Ezra.6.12,H8133,alter,AVhcc,N,M0.7.14,"per-occurrence, always expected"
Ezra.6.12,H8133,alter,AVhcc,N,M0.7.15,"per-occurrence, always expected"
Ezra.6.12,H8133,alter,AVhcc,N,M0.7.16,"per-occurrence, always expected"
Ezra.6.12,H8133,alter,AVhcc,N,M0.7.2,"per-occurrence, always expected"
Ezra.6.12,H8133,alter,AVhcc,N,M0.7.3,"per-occurrence, always expected"
Ezra.6.12,H8133,alter,AVhcc,N,M0.7.4,"per-occurrence, always expected"
Ezra.6.12,H8133,alter,AVhcc,N,M0.7.5,"per-occurrence, always expected"
Ezra.6.12,H8133,alter,AVhcc,N,M0.7.6,"per-occurrence, always expected"
Ezra.6.12,H8133,alter,AVhcc,N,M0.7.7,"per-occurrence, always expected"
Ezra.6.12,H8133,alter,AVhcc,N,M0.7.8,"per-occurrence, always expected"
Ezra.6.12,H8133,alter,AVhcc,N,M0.7.9,"per-occurrence, always expected"
Ezra.6.12,H2255,destroy,AVpcc,N,M0.7.1,"per-occurrence, always expected"
Ezra.6.12,H2255,destroy,AVpcc,N,M0.7.10,"per-occurrence, always expected"
Ezra.6.12,H2255,destroy,AVpcc,N,M0.7.11,"per-occurrence, always expected"
Ezra.6.12,H2255,destroy,AVpcc,N,M0.7.12,"per-occurrence, always expected"
Ezra.6.12,H2255,destroy,AVpcc,N,M0.7.13,"per-occurrence, always expected"
Ezra.6.12,H2255,destroy,AVpcc,N,M0.7.14,"per-occurrence, always expected"
Ezra.6.12,H2255,destroy,AVpcc,N,M0.7.15,"per-occurrence, always expected"
Ezra.6.12,H2255,destroy,AVpcc,N,M0.7.16,"per-occurrence, always expected"
Ezra.6.12,H2255,destroy,AVpcc,N,M0.7.2,"per-occurrence, always expected"
Ezra.6.12,H2255,destroy,AVpcc,N,M0.7.3,"per-occurrence, always expected"
Ezra.6.12,H2255,destroy,AVpcc,N,M0.7.4,"per-occurrence, always expected"
Ezra.6.12,H2255,destroy,AVpcc,N,M0.7.5,"per-occurrence, always expected"
Ezra.6.12,H2255,destroy,AVpcc,N,M0.7.6,"per-occurrence, always expected"
Ezra.6.12,H2255,destroy,AVpcc,N,M0.7.7,"per-occurrence, always expected"
Ezra.6.12,H2255,destroy,AVpcc,N,M0.7.8,"per-occurrence, always expected"
Ezra.6.12,H2255,destroy,AVpcc,N,M0.7.9,"per-occurrence, always expected"
Ezra.6.12,H0629,diligence,AD,Y,M0.7.1,"per-occurrence, always expected"
Ezra.6.12,H0629,diligence,AD,Y,M0.7.10,"per-occurrence, always expected"
Ezra.6.12,H0629,diligence,AD,Y,M0.7.11,"per-occurrence, always expected"
Ezra.6.12,H0629,diligence,AD,Y,M0.7.12,"per-occurrence, always expected"
Ezra.6.12,H0629,diligence,AD,Y,M0.7.13,"per-occurrence, always expected"
Ezra.6.12,H0629,diligence,AD,Y,M0.7.14,"per-occurrence, always expected"
Ezra.6.12,H0629,diligence,AD,Y,M0.7.15,"per-occurrence, always expected"
Ezra.6.12,H0629,diligence,AD,Y,M0.7.16,"per-occurrence, always expected"
Ezra.6.12,H0629,diligence,AD,Y,M0.7.2,"per-occurrence, always expected"
Ezra.6.12,H0629,diligence,AD,Y,M0.7.3,"per-occurrence, always expected"
Ezra.6.12,H0629,diligence,AD,Y,M0.7.4,"per-occurrence, always expected"
Ezra.6.12,H0629,diligence,AD,Y,M0.7.5,"per-occurrence, always expected"
Ezra.6.12,H0629,diligence,AD,Y,M0.7.6,"per-occurrence, always expected"
Ezra.6.12,H0629,diligence,AD,Y,M0.7.7,"per-occurrence, always expected"
Ezra.6.12,H0629,diligence,AD,Y,M0.7.8,"per-occurrence, always expected"
Ezra.6.12,H0629,diligence,AD,Y,M0.7.9,"per-occurrence, always expected"
Ezra.6.12,H0629,diligence,AD,Y,M0.6.5,"home relational, always expected"
Ezra.6.12,H0629,diligence,AD,Y,M0.6.6,"home whole-network, other M-code strong present in verse"
Ezra.6.12,H0629,diligence,AD,Y,D7.7.1,"home operation-permeability, T3 + party tag both present in verse"
Ezra.7.21,H4430,king,ANcbsd,N,M0.7.1,"per-occurrence, always expected"
Ezra.7.21,H4430,king,ANcbsd,N,M0.7.10,"per-occurrence, always expected"
Ezra.7.21,H4430,king,ANcbsd,N,M0.7.11,"per-occurrence, always expected"
Ezra.7.21,H4430,king,ANcbsd,N,M0.7.12,"per-occurrence, always expected"
Ezra.7.21,H4430,king,ANcbsd,N,M0.7.13,"per-occurrence, always expected"
Ezra.7.21,H4430,king,ANcbsd,N,M0.7.14,"per-occurrence, always expected"
Ezra.7.21,H4430,king,ANcbsd,N,M0.7.15,"per-occurrence, always expected"
Ezra.7.21,H4430,king,ANcbsd,N,M0.7.16,"per-occurrence, always expected"
Ezra.7.21,H4430,king,ANcbsd,N,M0.7.2,"per-occurrence, always expected"
Ezra.7.21,H4430,king,ANcbsd,N,M0.7.3,"per-occurrence, always expected"
Ezra.7.21,H4430,king,ANcbsd,N,M0.7.4,"per-occurrence, always expected"
Ezra.7.21,H4430,king,ANcbsd,N,M0.7.5,"per-occurrence, always expected"
Ezra.7.21,H4430,king,ANcbsd,N,M0.7.6,"per-occurrence, always expected"
Ezra.7.21,H4430,king,ANcbsd,N,M0.7.7,"per-occurrence, always expected"
Ezra.7.21,H4430,king,ANcbsd,N,M0.7.8,"per-occurrence, always expected"
Ezra.7.21,H4430,king,ANcbsd,N,M0.7.9,"per-occurrence, always expected"
Ezra.7.21,H7593,requires,AVqi3ms,N,M0.7.1,"per-occurrence, always expected"
Ezra.7.21,H7593,requires,AVqi3ms,N,M0.7.10,"per-occurrence, always expected"
Ezra.7.21,H7593,requires,AVqi3ms,N,M0.7.11,"per-occurrence, always expected"
Ezra.7.21,H7593,requires,AVqi3ms,N,M0.7.12,"per-occurrence, always expected"
Ezra.7.21,H7593,requires,AVqi3ms,N,M0.7.13,"per-occurrence, always expected"
Ezra.7.21,H7593,requires,AVqi3ms,N,M0.7.14,"per-occurrence, always expected"
Ezra.7.21,H7593,requires,AVqi3ms,N,M0.7.15,"per-occurrence, always expected"
Ezra.7.21,H7593,requires,AVqi3ms,N,M0.7.16,"per-occurrence, always expected"
Ezra.7.21,H7593,requires,AVqi3ms,N,M0.7.2,"per-occurrence, always expected"
Ezra.7.21,H7593,requires,AVqi3ms,N,M0.7.3,"per-occurrence, always expected"
Ezra.7.21,H7593,requires,AVqi3ms,N,M0.7.4,"per-occurrence, always expected"
Ezra.7.21,H7593,requires,AVqi3ms,N,M0.7.5,"per-occurrence, always expected"
Ezra.7.21,H7593,requires,AVqi3ms,N,M0.7.6,"per-occurrence, always expected"
Ezra.7.21,H7593,requires,AVqi3ms,N,M0.7.7,"per-occurrence, always expected"
Ezra.7.21,H7593,requires,AVqi3ms,N,M0.7.8,"per-occurrence, always expected"
Ezra.7.21,H7593,requires,AVqi3ms,N,M0.7.9,"per-occurrence, always expected"
Ezra.7.21,H0629,diligence,AD,Y,M0.7.1,"per-occurrence, always expected"
Ezra.7.21,H0629,diligence,AD,Y,M0.7.10,"per-occurrence, always expected"
Ezra.7.21,H0629,diligence,AD,Y,M0.7.11,"per-occurrence, always expected"
Ezra.7.21,H0629,diligence,AD,Y,M0.7.12,"per-occurrence, always expected"
Ezra.7.21,H0629,diligence,AD,Y,M0.7.13,"per-occurrence, always expected"
Ezra.7.21,H0629,diligence,AD,Y,M0.7.14,"per-occurrence, always expected"
Ezra.7.21,H0629,diligence,AD,Y,M0.7.15,"per-occurrence, always expected"
Ezra.7.21,H0629,diligence,AD,Y,M0.7.16,"per-occurrence, always expected"
Ezra.7.21,H0629,diligence,AD,Y,M0.7.2,"per-occurrence, always expected"
Ezra.7.21,H0629,diligence,AD,Y,M0.7.3,"per-occurrence, always expected"
Ezra.7.21,H0629,diligence,AD,Y,M0.7.4,"per-occurrence, always expected"
Ezra.7.21,H0629,diligence,AD,Y,M0.7.5,"per-occurrence, always expected"
Ezra.7.21,H0629,diligence,AD,Y,M0.7.6,"per-occurrence, always expected"
Ezra.7.21,H0629,diligence,AD,Y,M0.7.7,"per-occurrence, always expected"
Ezra.7.21,H0629,diligence,AD,Y,M0.7.8,"per-occurrence, always expected"
Ezra.7.21,H0629,diligence,AD,Y,M0.7.9,"per-occurrence, always expected"
Ezra.7.21,H0629,diligence,AD,Y,M0.6.5,"home relational, always expected"
Ezra.7.21,H0629,diligence,AD,Y,M0.6.6,"home whole-network, other M-code strong present in verse"
Ezra.7.21,H0629,diligence,AD,Y,D7.7.1,"home operation-permeability, T3 + party tag both present in verse"
Ezra.7.23,H0149,full,AD,Y,M0.7.1,"per-occurrence, always expected"
Ezra.7.23,H0149,full,AD,Y,M0.7.10,"per-occurrence, always expected"
Ezra.7.23,H0149,full,AD,Y,M0.7.11,"per-occurrence, always expected"
Ezra.7.23,H0149,full,AD,Y,M0.7.12,"per-occurrence, always expected"
Ezra.7.23,H0149,full,AD,Y,M0.7.13,"per-occurrence, always expected"
Ezra.7.23,H0149,full,AD,Y,M0.7.14,"per-occurrence, always expected"
Ezra.7.23,H0149,full,AD,Y,M0.7.15,"per-occurrence, always expected"
Ezra.7.23,H0149,full,AD,Y,M0.7.16,"per-occurrence, always expected"
Ezra.7.23,H0149,full,AD,Y,M0.7.2,"per-occurrence, always expected"
Ezra.7.23,H0149,full,AD,Y,M0.7.3,"per-occurrence, always expected"
Ezra.7.23,H0149,full,AD,Y,M0.7.4,"per-occurrence, always expected"
Ezra.7.23,H0149,full,AD,Y,M0.7.5,"per-occurrence, always expected"
Ezra.7.23,H0149,full,AD,Y,M0.7.6,"per-occurrence, always expected"
Ezra.7.23,H0149,full,AD,Y,M0.7.7,"per-occurrence, always expected"
Ezra.7.23,H0149,full,AD,Y,M0.7.8,"per-occurrence, always expected"
Ezra.7.23,H0149,full,AD,Y,M0.7.9,"per-occurrence, always expected"
Ezra.7.23,H7109,wrath,ANcbsa,N,M0.7.1,"per-occurrence, always expected"
Ezra.7.23,H7109,wrath,ANcbsa,N,M0.7.10,"per-occurrence, always expected"
Ezra.7.23,H7109,wrath,ANcbsa,N,M0.7.11,"per-occurrence, always expected"
Ezra.7.23,H7109,wrath,ANcbsa,N,M0.7.12,"per-occurrence, always expected"
Ezra.7.23,H7109,wrath,ANcbsa,N,M0.7.13,"per-occurrence, always expected"
Ezra.7.23,H7109,wrath,ANcbsa,N,M0.7.14,"per-occurrence, always expected"
Ezra.7.23,H7109,wrath,ANcbsa,N,M0.7.15,"per-occurrence, always expected"
Ezra.7.23,H7109,wrath,ANcbsa,N,M0.7.16,"per-occurrence, always expected"
Ezra.7.23,H7109,wrath,ANcbsa,N,M0.7.2,"per-occurrence, always expected"
Ezra.7.23,H7109,wrath,ANcbsa,N,M0.7.3,"per-occurrence, always expected"
Ezra.7.23,H7109,wrath,ANcbsa,N,M0.7.4,"per-occurrence, always expected"
Ezra.7.23,H7109,wrath,ANcbsa,N,M0.7.5,"per-occurrence, always expected"
Ezra.7.23,H7109,wrath,ANcbsa,N,M0.7.6,"per-occurrence, always expected"
Ezra.7.23,H7109,wrath,ANcbsa,N,M0.7.7,"per-occurrence, always expected"
Ezra.7.23,H7109,wrath,ANcbsa,N,M0.7.8,"per-occurrence, always expected"
Ezra.7.23,H7109,wrath,ANcbsa,N,M0.7.9,"per-occurrence, always expected"
Ezra.7.23,H4437,realm,ANcfsc,N,M0.7.1,"per-occurrence, always expected"
Ezra.7.23,H4437,realm,ANcfsc,N,M0.7.10,"per-occurrence, always expected"
Ezra.7.23,H4437,realm,ANcfsc,N,M0.7.11,"per-occurrence, always expected"
Ezra.7.23,H4437,realm,ANcfsc,N,M0.7.12,"per-occurrence, always expected"
Ezra.7.23,H4437,realm,ANcfsc,N,M0.7.13,"per-occurrence, always expected"
Ezra.7.23,H4437,realm,ANcfsc,N,M0.7.14,"per-occurrence, always expected"
Ezra.7.23,H4437,realm,ANcfsc,N,M0.7.15,"per-occurrence, always expected"
Ezra.7.23,H4437,realm,ANcfsc,N,M0.7.16,"per-occurrence, always expected"
Ezra.7.23,H4437,realm,ANcfsc,N,M0.7.2,"per-occurrence, always expected"
Ezra.7.23,H4437,realm,ANcfsc,N,M0.7.3,"per-occurrence, always expected"
Ezra.7.23,H4437,realm,ANcfsc,N,M0.7.4,"per-occurrence, always expected"
Ezra.7.23,H4437,realm,ANcfsc,N,M0.7.5,"per-occurrence, always expected"
Ezra.7.23,H4437,realm,ANcfsc,N,M0.7.6,"per-occurrence, always expected"
Ezra.7.23,H4437,realm,ANcfsc,N,M0.7.7,"per-occurrence, always expected"
Ezra.7.23,H4437,realm,ANcfsc,N,M0.7.8,"per-occurrence, always expected"
Ezra.7.23,H4437,realm,ANcfsc,N,M0.7.9,"per-occurrence, always expected"
Ezra.7.23,H4430,king,ANcbsd,N,M0.7.1,"per-occurrence, always expected"
Ezra.7.23,H4430,king,ANcbsd,N,M0.7.10,"per-occurrence, always expected"
Ezra.7.23,H4430,king,ANcbsd,N,M0.7.11,"per-occurrence, always expected"
Ezra.7.23,H4430,king,ANcbsd,N,M0.7.12,"per-occurrence, always expected"
Ezra.7.23,H4430,king,ANcbsd,N,M0.7.13,"per-occurrence, always expected"
Ezra.7.23,H4430,king,ANcbsd,N,M0.7.14,"per-occurrence, always expected"
Ezra.7.23,H4430,king,ANcbsd,N,M0.7.15,"per-occurrence, always expected"
Ezra.7.23,H4430,king,ANcbsd,N,M0.7.16,"per-occurrence, always expected"
Ezra.7.23,H4430,king,ANcbsd,N,M0.7.2,"per-occurrence, always expected"
Ezra.7.23,H4430,king,ANcbsd,N,M0.7.3,"per-occurrence, always expected"
Ezra.7.23,H4430,king,ANcbsd,N,M0.7.4,"per-occurrence, always expected"
Ezra.7.23,H4430,king,ANcbsd,N,M0.7.5,"per-occurrence, always expected"
Ezra.7.23,H4430,king,ANcbsd,N,M0.7.6,"per-occurrence, always expected"
Ezra.7.23,H4430,king,ANcbsd,N,M0.7.7,"per-occurrence, always expected"
Ezra.7.23,H4430,king,ANcbsd,N,M0.7.8,"per-occurrence, always expected"
Ezra.7.23,H4430,king,ANcbsd,N,M0.7.9,"per-occurrence, always expected"
Ezra.7.23,H0149,full,AD,Y,M0.6.5,"home relational, always expected"
Ezra.7.23,H0149,full,AD,Y,M0.6.6,"home whole-network, other M-code strong present in verse"
Ezra.5.8,H3046,known,AVQrmsa,N,M0.7.1,"per-occurrence, always expected"
Ezra.5.8,H3046,known,AVQrmsa,N,M0.7.10,"per-occurrence, always expected"
Ezra.5.8,H3046,known,AVQrmsa,N,M0.7.11,"per-occurrence, always expected"
Ezra.5.8,H3046,known,AVQrmsa,N,M0.7.12,"per-occurrence, always expected"
Ezra.5.8,H3046,known,AVQrmsa,N,M0.7.13,"per-occurrence, always expected"
Ezra.5.8,H3046,known,AVQrmsa,N,M0.7.14,"per-occurrence, always expected"
Ezra.5.8,H3046,known,AVQrmsa,N,M0.7.15,"per-occurrence, always expected"
Ezra.5.8,H3046,known,AVQrmsa,N,M0.7.16,"per-occurrence, always expected"
Ezra.5.8,H3046,known,AVQrmsa,N,M0.7.2,"per-occurrence, always expected"
Ezra.5.8,H3046,known,AVQrmsa,N,M0.7.3,"per-occurrence, always expected"
Ezra.5.8,H3046,known,AVQrmsa,N,M0.7.4,"per-occurrence, always expected"
Ezra.5.8,H3046,known,AVQrmsa,N,M0.7.5,"per-occurrence, always expected"
Ezra.5.8,H3046,known,AVQrmsa,N,M0.7.6,"per-occurrence, always expected"
Ezra.5.8,H3046,known,AVQrmsa,N,M0.7.7,"per-occurrence, always expected"
Ezra.5.8,H3046,known,AVQrmsa,N,M0.7.8,"per-occurrence, always expected"
Ezra.5.8,H3046,known,AVQrmsa,N,M0.7.9,"per-occurrence, always expected"
Ezra.5.8,H4430,king,ANcbsd,N,M0.7.1,"per-occurrence, always expected"
Ezra.5.8,H4430,king,ANcbsd,N,M0.7.10,"per-occurrence, always expected"
Ezra.5.8,H4430,king,ANcbsd,N,M0.7.11,"per-occurrence, always expected"
Ezra.5.8,H4430,king,ANcbsd,N,M0.7.12,"per-occurrence, always expected"
Ezra.5.8,H4430,king,ANcbsd,N,M0.7.13,"per-occurrence, always expected"
Ezra.5.8,H4430,king,ANcbsd,N,M0.7.14,"per-occurrence, always expected"
Ezra.5.8,H4430,king,ANcbsd,N,M0.7.15,"per-occurrence, always expected"
Ezra.5.8,H4430,king,ANcbsd,N,M0.7.16,"per-occurrence, always expected"
Ezra.5.8,H4430,king,ANcbsd,N,M0.7.2,"per-occurrence, always expected"
Ezra.5.8,H4430,king,ANcbsd,N,M0.7.3,"per-occurrence, always expected"
Ezra.5.8,H4430,king,ANcbsd,N,M0.7.4,"per-occurrence, always expected"
Ezra.5.8,H4430,king,ANcbsd,N,M0.7.5,"per-occurrence, always expected"
Ezra.5.8,H4430,king,ANcbsd,N,M0.7.6,"per-occurrence, always expected"
Ezra.5.8,H4430,king,ANcbsd,N,M0.7.7,"per-occurrence, always expected"
Ezra.5.8,H4430,king,ANcbsd,N,M0.7.8,"per-occurrence, always expected"
Ezra.5.8,H4430,king,ANcbsd,N,M0.7.9,"per-occurrence, always expected"
Ezra.5.8,H5673,work,ANcfsd,N,M0.7.1,"per-occurrence, always expected"
Ezra.5.8,H5673,work,ANcfsd,N,M0.7.10,"per-occurrence, always expected"
Ezra.5.8,H5673,work,ANcfsd,N,M0.7.11,"per-occurrence, always expected"
Ezra.5.8,H5673,work,ANcfsd,N,M0.7.12,"per-occurrence, always expected"
Ezra.5.8,H5673,work,ANcfsd,N,M0.7.13,"per-occurrence, always expected"
Ezra.5.8,H5673,work,ANcfsd,N,M0.7.14,"per-occurrence, always expected"
Ezra.5.8,H5673,work,ANcfsd,N,M0.7.15,"per-occurrence, always expected"
Ezra.5.8,H5673,work,ANcfsd,N,M0.7.16,"per-occurrence, always expected"
Ezra.5.8,H5673,work,ANcfsd,N,M0.7.2,"per-occurrence, always expected"
Ezra.5.8,H5673,work,ANcfsd,N,M0.7.3,"per-occurrence, always expected"
Ezra.5.8,H5673,work,ANcfsd,N,M0.7.4,"per-occurrence, always expected"
Ezra.5.8,H5673,work,ANcfsd,N,M0.7.5,"per-occurrence, always expected"
Ezra.5.8,H5673,work,ANcfsd,N,M0.7.6,"per-occurrence, always expected"
Ezra.5.8,H5673,work,ANcfsd,N,M0.7.7,"per-occurrence, always expected"
Ezra.5.8,H5673,work,ANcfsd,N,M0.7.8,"per-occurrence, always expected"
Ezra.5.8,H5673,work,ANcfsd,N,M0.7.9,"per-occurrence, always expected"
Ezra.5.8,H0629,diligently,AD,Y,M0.7.1,"per-occurrence, always expected"
Ezra.5.8,H0629,diligently,AD,Y,M0.7.10,"per-occurrence, always expected"
Ezra.5.8,H0629,diligently,AD,Y,M0.7.11,"per-occurrence, always expected"
Ezra.5.8,H0629,diligently,AD,Y,M0.7.12,"per-occurrence, always expected"
Ezra.5.8,H0629,diligently,AD,Y,M0.7.13,"per-occurrence, always expected"
Ezra.5.8,H0629,diligently,AD,Y,M0.7.14,"per-occurrence, always expected"
Ezra.5.8,H0629,diligently,AD,Y,M0.7.15,"per-occurrence, always expected"
Ezra.5.8,H0629,diligently,AD,Y,M0.7.16,"per-occurrence, always expected"
Ezra.5.8,H0629,diligently,AD,Y,M0.7.2,"per-occurrence, always expected"
Ezra.5.8,H0629,diligently,AD,Y,M0.7.3,"per-occurrence, always expected"
Ezra.5.8,H0629,diligently,AD,Y,M0.7.4,"per-occurrence, always expected"
Ezra.5.8,H0629,diligently,AD,Y,M0.7.5,"per-occurrence, always expected"
Ezra.5.8,H0629,diligently,AD,Y,M0.7.6,"per-occurrence, always expected"
Ezra.5.8,H0629,diligently,AD,Y,M0.7.7,"per-occurrence, always expected"
Ezra.5.8,H0629,diligently,AD,Y,M0.7.8,"per-occurrence, always expected"
Ezra.5.8,H0629,diligently,AD,Y,M0.7.9,"per-occurrence, always expected"
Ezra.5.8,H6744,prospers,AVhrmsa,N,M0.7.1,"per-occurrence, always expected"
Ezra.5.8,H6744,prospers,AVhrmsa,N,M0.7.10,"per-occurrence, always expected"
Ezra.5.8,H6744,prospers,AVhrmsa,N,M0.7.11,"per-occurrence, always expected"
Ezra.5.8,H6744,prospers,AVhrmsa,N,M0.7.12,"per-occurrence, always expected"
Ezra.5.8,H6744,prospers,AVhrmsa,N,M0.7.13,"per-occurrence, always expected"
Ezra.5.8,H6744,prospers,AVhrmsa,N,M0.7.14,"per-occurrence, always expected"
Ezra.5.8,H6744,prospers,AVhrmsa,N,M0.7.15,"per-occurrence, always expected"
Ezra.5.8,H6744,prospers,AVhrmsa,N,M0.7.16,"per-occurrence, always expected"
Ezra.5.8,H6744,prospers,AVhrmsa,N,M0.7.2,"per-occurrence, always expected"
Ezra.5.8,H6744,prospers,AVhrmsa,N,M0.7.3,"per-occurrence, always expected"
Ezra.5.8,H6744,prospers,AVhrmsa,N,M0.7.4,"per-occurrence, always expected"
Ezra.5.8,H6744,prospers,AVhrmsa,N,M0.7.5,"per-occurrence, always expected"
Ezra.5.8,H6744,prospers,AVhrmsa,N,M0.7.6,"per-occurrence, always expected"
Ezra.5.8,H6744,prospers,AVhrmsa,N,M0.7.7,"per-occurrence, always expected"
Ezra.5.8,H6744,prospers,AVhrmsa,N,M0.7.8,"per-occurrence, always expected"
Ezra.5.8,H6744,prospers,AVhrmsa,N,M0.7.9,"per-occurrence, always expected"
Ezra.5.8,H0629,diligently,AD,Y,M0.6.5,"home relational, always expected"
Ezra.5.8,H0629,diligently,AD,Y,M0.6.6,"home whole-network, other M-code strong present in verse"
Ezra.5.8,H0629,diligently,AD,Y,D7.7.1,"home operation-permeability, T3 + party tag both present in verse"
2Pet.1.5,G4710,effort,N-ASF,Y,M0.7.1,"per-occurrence, always expected"
2Pet.1.5,G4710,effort,N-ASF,Y,M0.7.10,"per-occurrence, always expected"
2Pet.1.5,G4710,effort,N-ASF,Y,M0.7.11,"per-occurrence, always expected"
2Pet.1.5,G4710,effort,N-ASF,Y,M0.7.12,"per-occurrence, always expected"
2Pet.1.5,G4710,effort,N-ASF,Y,M0.7.13,"per-occurrence, always expected"
2Pet.1.5,G4710,effort,N-ASF,Y,M0.7.14,"per-occurrence, always expected"
2Pet.1.5,G4710,effort,N-ASF,Y,M0.7.15,"per-occurrence, always expected"
2Pet.1.5,G4710,effort,N-ASF,Y,M0.7.16,"per-occurrence, always expected"
2Pet.1.5,G4710,effort,N-ASF,Y,M0.7.2,"per-occurrence, always expected"
2Pet.1.5,G4710,effort,N-ASF,Y,M0.7.3,"per-occurrence, always expected"
2Pet.1.5,G4710,effort,N-ASF,Y,M0.7.4,"per-occurrence, always expected"
2Pet.1.5,G4710,effort,N-ASF,Y,M0.7.5,"per-occurrence, always expected"
2Pet.1.5,G4710,effort,N-ASF,Y,M0.7.6,"per-occurrence, always expected"
2Pet.1.5,G4710,effort,N-ASF,Y,M0.7.7,"per-occurrence, always expected"
2Pet.1.5,G4710,effort,N-ASF,Y,M0.7.8,"per-occurrence, always expected"
2Pet.1.5,G4710,effort,N-ASF,Y,M0.7.9,"per-occurrence, always expected"
2Pet.1.5,G4102G,faith,N-DSF,N,M0.7.1,"per-occurrence, always expected"
2Pet.1.5,G4102G,faith,N-DSF,N,M0.7.10,"per-occurrence, always expected"
2Pet.1.5,G4102G,faith,N-DSF,N,M0.7.11,"per-occurrence, always expected"
2Pet.1.5,G4102G,faith,N-DSF,N,M0.7.12,"per-occurrence, always expected"
2Pet.1.5,G4102G,faith,N-DSF,N,M0.7.13,"per-occurrence, always expected"
2Pet.1.5,G4102G,faith,N-DSF,N,M0.7.14,"per-occurrence, always expected"
2Pet.1.5,G4102G,faith,N-DSF,N,M0.7.15,"per-occurrence, always expected"
2Pet.1.5,G4102G,faith,N-DSF,N,M0.7.16,"per-occurrence, always expected"
2Pet.1.5,G4102G,faith,N-DSF,N,M0.7.2,"per-occurrence, always expected"
2Pet.1.5,G4102G,faith,N-DSF,N,M0.7.3,"per-occurrence, always expected"
2Pet.1.5,G4102G,faith,N-DSF,N,M0.7.4,"per-occurrence, always expected"
2Pet.1.5,G4102G,faith,N-DSF,N,M0.7.5,"per-occurrence, always expected"
2Pet.1.5,G4102G,faith,N-DSF,N,M0.7.6,"per-occurrence, always expected"
2Pet.1.5,G4102G,faith,N-DSF,N,M0.7.7,"per-occurrence, always expected"
2Pet.1.5,G4102G,faith,N-DSF,N,M0.7.8,"per-occurrence, always expected"
2Pet.1.5,G4102G,faith,N-DSF,N,M0.7.9,"per-occurrence, always expected"
2Pet.1.5,G0703,virtue,N-ASF,N,M0.7.1,"per-occurrence, always expected"
2Pet.1.5,G0703,virtue,N-ASF,N,M0.7.10,"per-occurrence, always expected"
2Pet.1.5,G0703,virtue,N-ASF,N,M0.7.11,"per-occurrence, always expected"
2Pet.1.5,G0703,virtue,N-ASF,N,M0.7.12,"per-occurrence, always expected"
2Pet.1.5,G0703,virtue,N-ASF,N,M0.7.13,"per-occurrence, always expected"
2Pet.1.5,G0703,virtue,N-ASF,N,M0.7.14,"per-occurrence, always expected"
2Pet.1.5,G0703,virtue,N-ASF,N,M0.7.15,"per-occurrence, always expected"
2Pet.1.5,G0703,virtue,N-ASF,N,M0.7.16,"per-occurrence, always expected"
2Pet.1.5,G0703,virtue,N-ASF,N,M0.7.2,"per-occurrence, always expected"
2Pet.1.5,G0703,virtue,N-ASF,N,M0.7.3,"per-occurrence, always expected"
2Pet.1.5,G0703,virtue,N-ASF,N,M0.7.4,"per-occurrence, always expected"
2Pet.1.5,G0703,virtue,N-ASF,N,M0.7.5,"per-occurrence, always expected"
2Pet.1.5,G0703,virtue,N-ASF,N,M0.7.6,"per-occurrence, always expected"
2Pet.1.5,G0703,virtue,N-ASF,N,M0.7.7,"per-occurrence, always expected"
2Pet.1.5,G0703,virtue,N-ASF,N,M0.7.8,"per-occurrence, always expected"
2Pet.1.5,G0703,virtue,N-ASF,N,M0.7.9,"per-occurrence, always expected"
2Pet.1.5,G0703,virtue,N-DSF,N,M0.7.1,"per-occurrence, always expected"
2Pet.1.5,G0703,virtue,N-DSF,N,M0.7.10,"per-occurrence, always expected"
2Pet.1.5,G0703,virtue,N-DSF,N,M0.7.11,"per-occurrence, always expected"
2Pet.1.5,G0703,virtue,N-DSF,N,M0.7.12,"per-occurrence, always expected"
2Pet.1.5,G0703,virtue,N-DSF,N,M0.7.13,"per-occurrence, always expected"
2Pet.1.5,G0703,virtue,N-DSF,N,M0.7.14,"per-occurrence, always expected"
2Pet.1.5,G0703,virtue,N-DSF,N,M0.7.15,"per-occurrence, always expected"
2Pet.1.5,G0703,virtue,N-DSF,N,M0.7.16,"per-occurrence, always expected"
2Pet.1.5,G0703,virtue,N-DSF,N,M0.7.2,"per-occurrence, always expected"
2Pet.1.5,G0703,virtue,N-DSF,N,M0.7.3,"per-occurrence, always expected"
2Pet.1.5,G0703,virtue,N-DSF,N,M0.7.4,"per-occurrence, always expected"
2Pet.1.5,G0703,virtue,N-DSF,N,M0.7.5,"per-occurrence, always expected"
2Pet.1.5,G0703,virtue,N-DSF,N,M0.7.6,"per-occurrence, always expected"
2Pet.1.5,G0703,virtue,N-DSF,N,M0.7.7,"per-occurrence, always expected"
2Pet.1.5,G0703,virtue,N-DSF,N,M0.7.8,"per-occurrence, always expected"
2Pet.1.5,G0703,virtue,N-DSF,N,M0.7.9,"per-occurrence, always expected"
2Pet.1.5,G1108,knowledge,N-ASF,N,M0.7.1,"per-occurrence, always expected"
2Pet.1.5,G1108,knowledge,N-ASF,N,M0.7.10,"per-occurrence, always expected"
2Pet.1.5,G1108,knowledge,N-ASF,N,M0.7.11,"per-occurrence, always expected"
2Pet.1.5,G1108,knowledge,N-ASF,N,M0.7.12,"per-occurrence, always expected"
2Pet.1.5,G1108,knowledge,N-ASF,N,M0.7.13,"per-occurrence, always expected"
2Pet.1.5,G1108,knowledge,N-ASF,N,M0.7.14,"per-occurrence, always expected"
2Pet.1.5,G1108,knowledge,N-ASF,N,M0.7.15,"per-occurrence, always expected"
2Pet.1.5,G1108,knowledge,N-ASF,N,M0.7.16,"per-occurrence, always expected"
2Pet.1.5,G1108,knowledge,N-ASF,N,M0.7.2,"per-occurrence, always expected"
2Pet.1.5,G1108,knowledge,N-ASF,N,M0.7.3,"per-occurrence, always expected"
2Pet.1.5,G1108,knowledge,N-ASF,N,M0.7.4,"per-occurrence, always expected"
2Pet.1.5,G1108,knowledge,N-ASF,N,M0.7.5,"per-occurrence, always expected"
2Pet.1.5,G1108,knowledge,N-ASF,N,M0.7.6,"per-occurrence, always expected"
2Pet.1.5,G1108,knowledge,N-ASF,N,M0.7.7,"per-occurrence, always expected"
2Pet.1.5,G1108,knowledge,N-ASF,N,M0.7.8,"per-occurrence, always expected"
2Pet.1.5,G1108,knowledge,N-ASF,N,M0.7.9,"per-occurrence, always expected"
2Pet.1.5,G4710,effort,N-ASF,Y,M0.6.5,"home relational, always expected"
2Pet.1.5,G4710,effort,N-ASF,Y,M0.6.6,"home whole-network, other M-code strong present in verse"
2Cor.8.16,G5485,thanks,N-NSF,N,M0.7.1,"per-occurrence, always expected"
2Cor.8.16,G5485,thanks,N-NSF,N,M0.7.10,"per-occurrence, always expected"
2Cor.8.16,G5485,thanks,N-NSF,N,M0.7.11,"per-occurrence, always expected"
2Cor.8.16,G5485,thanks,N-NSF,N,M0.7.12,"per-occurrence, always expected"
2Cor.8.16,G5485,thanks,N-NSF,N,M0.7.13,"per-occurrence, always expected"
2Cor.8.16,G5485,thanks,N-NSF,N,M0.7.14,"per-occurrence, always expected"
2Cor.8.16,G5485,thanks,N-NSF,N,M0.7.15,"per-occurrence, always expected"
2Cor.8.16,G5485,thanks,N-NSF,N,M0.7.16,"per-occurrence, always expected"
2Cor.8.16,G5485,thanks,N-NSF,N,M0.7.2,"per-occurrence, always expected"
2Cor.8.16,G5485,thanks,N-NSF,N,M0.7.3,"per-occurrence, always expected"
2Cor.8.16,G5485,thanks,N-NSF,N,M0.7.4,"per-occurrence, always expected"
2Cor.8.16,G5485,thanks,N-NSF,N,M0.7.5,"per-occurrence, always expected"
2Cor.8.16,G5485,thanks,N-NSF,N,M0.7.6,"per-occurrence, always expected"
2Cor.8.16,G5485,thanks,N-NSF,N,M0.7.7,"per-occurrence, always expected"
2Cor.8.16,G5485,thanks,N-NSF,N,M0.7.8,"per-occurrence, always expected"
2Cor.8.16,G5485,thanks,N-NSF,N,M0.7.9,"per-occurrence, always expected"
2Cor.8.16,G2588,heart,N-DSF,N,M0.7.1,"per-occurrence, always expected"
2Cor.8.16,G2588,heart,N-DSF,N,M0.7.10,"per-occurrence, always expected"
2Cor.8.16,G2588,heart,N-DSF,N,M0.7.11,"per-occurrence, always expected"
2Cor.8.16,G2588,heart,N-DSF,N,M0.7.12,"per-occurrence, always expected"
2Cor.8.16,G2588,heart,N-DSF,N,M0.7.13,"per-occurrence, always expected"
2Cor.8.16,G2588,heart,N-DSF,N,M0.7.14,"per-occurrence, always expected"
2Cor.8.16,G2588,heart,N-DSF,N,M0.7.15,"per-occurrence, always expected"
2Cor.8.16,G2588,heart,N-DSF,N,M0.7.16,"per-occurrence, always expected"
2Cor.8.16,G2588,heart,N-DSF,N,M0.7.2,"per-occurrence, always expected"
2Cor.8.16,G2588,heart,N-DSF,N,M0.7.3,"per-occurrence, always expected"
2Cor.8.16,G2588,heart,N-DSF,N,M0.7.4,"per-occurrence, always expected"
2Cor.8.16,G2588,heart,N-DSF,N,M0.7.5,"per-occurrence, always expected"
2Cor.8.16,G2588,heart,N-DSF,N,M0.7.6,"per-occurrence, always expected"
2Cor.8.16,G2588,heart,N-DSF,N,M0.7.7,"per-occurrence, always expected"
2Cor.8.16,G2588,heart,N-DSF,N,M0.7.8,"per-occurrence, always expected"
2Cor.8.16,G2588,heart,N-DSF,N,M0.7.9,"per-occurrence, always expected"
2Cor.8.16,G4710,earnest care,N-ASF,Y,M0.7.1,"per-occurrence, always expected"
2Cor.8.16,G4710,earnest care,N-ASF,Y,M0.7.10,"per-occurrence, always expected"
2Cor.8.16,G4710,earnest care,N-ASF,Y,M0.7.11,"per-occurrence, always expected"
2Cor.8.16,G4710,earnest care,N-ASF,Y,M0.7.12,"per-occurrence, always expected"
2Cor.8.16,G4710,earnest care,N-ASF,Y,M0.7.13,"per-occurrence, always expected"
2Cor.8.16,G4710,earnest care,N-ASF,Y,M0.7.14,"per-occurrence, always expected"
2Cor.8.16,G4710,earnest care,N-ASF,Y,M0.7.15,"per-occurrence, always expected"
2Cor.8.16,G4710,earnest care,N-ASF,Y,M0.7.16,"per-occurrence, always expected"
2Cor.8.16,G4710,earnest care,N-ASF,Y,M0.7.2,"per-occurrence, always expected"
2Cor.8.16,G4710,earnest care,N-ASF,Y,M0.7.3,"per-occurrence, always expected"
2Cor.8.16,G4710,earnest care,N-ASF,Y,M0.7.4,"per-occurrence, always expected"
2Cor.8.16,G4710,earnest care,N-ASF,Y,M0.7.5,"per-occurrence, always expected"
2Cor.8.16,G4710,earnest care,N-ASF,Y,M0.7.6,"per-occurrence, always expected"
2Cor.8.16,G4710,earnest care,N-ASF,Y,M0.7.7,"per-occurrence, always expected"
2Cor.8.16,G4710,earnest care,N-ASF,Y,M0.7.8,"per-occurrence, always expected"
2Cor.8.16,G4710,earnest care,N-ASF,Y,M0.7.9,"per-occurrence, always expected"
2Cor.8.16,G4710,earnest care,N-ASF,Y,M0.6.5,"home relational, always expected"
2Cor.8.16,G4710,earnest care,N-ASF,Y,M0.6.6,"home whole-network, other M-code strong present in verse"
2Cor.8.16,G4710,earnest care,N-ASF,Y,D7.7.1,"home operation-permeability, T3 + party tag both present in verse"
Ezra.7.26,H4430,king,ANcbsd,N,M0.7.1,"per-occurrence, always expected"
Ezra.7.26,H4430,king,ANcbsd,N,M0.7.10,"per-occurrence, always expected"
Ezra.7.26,H4430,king,ANcbsd,N,M0.7.11,"per-occurrence, always expected"
Ezra.7.26,H4430,king,ANcbsd,N,M0.7.12,"per-occurrence, always expected"
Ezra.7.26,H4430,king,ANcbsd,N,M0.7.13,"per-occurrence, always expected"
Ezra.7.26,H4430,king,ANcbsd,N,M0.7.14,"per-occurrence, always expected"
Ezra.7.26,H4430,king,ANcbsd,N,M0.7.15,"per-occurrence, always expected"
Ezra.7.26,H4430,king,ANcbsd,N,M0.7.16,"per-occurrence, always expected"
Ezra.7.26,H4430,king,ANcbsd,N,M0.7.2,"per-occurrence, always expected"
Ezra.7.26,H4430,king,ANcbsd,N,M0.7.3,"per-occurrence, always expected"
Ezra.7.26,H4430,king,ANcbsd,N,M0.7.4,"per-occurrence, always expected"
Ezra.7.26,H4430,king,ANcbsd,N,M0.7.5,"per-occurrence, always expected"
Ezra.7.26,H4430,king,ANcbsd,N,M0.7.6,"per-occurrence, always expected"
Ezra.7.26,H4430,king,ANcbsd,N,M0.7.7,"per-occurrence, always expected"
Ezra.7.26,H4430,king,ANcbsd,N,M0.7.8,"per-occurrence, always expected"
Ezra.7.26,H4430,king,ANcbsd,N,M0.7.9,"per-occurrence, always expected"
Ezra.7.26,H0629,strictly,AD,Y,M0.7.1,"per-occurrence, always expected"
Ezra.7.26,H0629,strictly,AD,Y,M0.7.10,"per-occurrence, always expected"
Ezra.7.26,H0629,strictly,AD,Y,M0.7.11,"per-occurrence, always expected"
Ezra.7.26,H0629,strictly,AD,Y,M0.7.12,"per-occurrence, always expected"
Ezra.7.26,H0629,strictly,AD,Y,M0.7.13,"per-occurrence, always expected"
Ezra.7.26,H0629,strictly,AD,Y,M0.7.14,"per-occurrence, always expected"
Ezra.7.26,H0629,strictly,AD,Y,M0.7.15,"per-occurrence, always expected"
Ezra.7.26,H0629,strictly,AD,Y,M0.7.16,"per-occurrence, always expected"
Ezra.7.26,H0629,strictly,AD,Y,M0.7.2,"per-occurrence, always expected"
Ezra.7.26,H0629,strictly,AD,Y,M0.7.3,"per-occurrence, always expected"
Ezra.7.26,H0629,strictly,AD,Y,M0.7.4,"per-occurrence, always expected"
Ezra.7.26,H0629,strictly,AD,Y,M0.7.5,"per-occurrence, always expected"
Ezra.7.26,H0629,strictly,AD,Y,M0.7.6,"per-occurrence, always expected"
Ezra.7.26,H0629,strictly,AD,Y,M0.7.7,"per-occurrence, always expected"
Ezra.7.26,H0629,strictly,AD,Y,M0.7.8,"per-occurrence, always expected"
Ezra.7.26,H0629,strictly,AD,Y,M0.7.9,"per-occurrence, always expected"
Ezra.7.26,H5232,goods,ANcmpa,N,M0.7.1,"per-occurrence, always expected"
Ezra.7.26,H5232,goods,ANcmpa,N,M0.7.10,"per-occurrence, always expected"
Ezra.7.26,H5232,goods,ANcmpa,N,M0.7.11,"per-occurrence, always expected"
Ezra.7.26,H5232,goods,ANcmpa,N,M0.7.12,"per-occurrence, always expected"
Ezra.7.26,H5232,goods,ANcmpa,N,M0.7.13,"per-occurrence, always expected"
Ezra.7.26,H5232,goods,ANcmpa,N,M0.7.14,"per-occurrence, always expected"
Ezra.7.26,H5232,goods,ANcmpa,N,M0.7.15,"per-occurrence, always expected"
Ezra.7.26,H5232,goods,ANcmpa,N,M0.7.16,"per-occurrence, always expected"
Ezra.7.26,H5232,goods,ANcmpa,N,M0.7.2,"per-occurrence, always expected"
Ezra.7.26,H5232,goods,ANcmpa,N,M0.7.3,"per-occurrence, always expected"
Ezra.7.26,H5232,goods,ANcmpa,N,M0.7.4,"per-occurrence, always expected"
Ezra.7.26,H5232,goods,ANcmpa,N,M0.7.5,"per-occurrence, always expected"
Ezra.7.26,H5232,goods,ANcmpa,N,M0.7.6,"per-occurrence, always expected"
Ezra.7.26,H5232,goods,ANcmpa,N,M0.7.7,"per-occurrence, always expected"
Ezra.7.26,H5232,goods,ANcmpa,N,M0.7.8,"per-occurrence, always expected"
Ezra.7.26,H5232,goods,ANcmpa,N,M0.7.9,"per-occurrence, always expected"
Ezra.7.26,H0629,strictly,AD,Y,M0.6.5,"home relational, always expected"
Ezra.7.26,H0629,strictly,AD,Y,M0.6.6,"home whole-network, other M-code strong present in verse"
Titus.3.13,G4709,Do your best,ADV,Y,M0.7.1,"per-occurrence, always expected"
Titus.3.13,G4709,Do your best,ADV,Y,M0.7.10,"per-occurrence, always expected"
Titus.3.13,G4709,Do your best,ADV,Y,M0.7.11,"per-occurrence, always expected"
Titus.3.13,G4709,Do your best,ADV,Y,M0.7.12,"per-occurrence, always expected"
Titus.3.13,G4709,Do your best,ADV,Y,M0.7.13,"per-occurrence, always expected"
Titus.3.13,G4709,Do your best,ADV,Y,M0.7.14,"per-occurrence, always expected"
Titus.3.13,G4709,Do your best,ADV,Y,M0.7.15,"per-occurrence, always expected"
Titus.3.13,G4709,Do your best,ADV,Y,M0.7.16,"per-occurrence, always expected"
Titus.3.13,G4709,Do your best,ADV,Y,M0.7.2,"per-occurrence, always expected"
Titus.3.13,G4709,Do your best,ADV,Y,M0.7.3,"per-occurrence, always expected"
Titus.3.13,G4709,Do your best,ADV,Y,M0.7.4,"per-occurrence, always expected"
Titus.3.13,G4709,Do your best,ADV,Y,M0.7.5,"per-occurrence, always expected"
Titus.3.13,G4709,Do your best,ADV,Y,M0.7.6,"per-occurrence, always expected"
Titus.3.13,G4709,Do your best,ADV,Y,M0.7.7,"per-occurrence, always expected"
Titus.3.13,G4709,Do your best,ADV,Y,M0.7.8,"per-occurrence, always expected"
Titus.3.13,G4709,Do your best,ADV,Y,M0.7.9,"per-occurrence, always expected"
Titus.3.13,G4709,Do your best,ADV,Y,M0.6.5,"home relational, always expected"
2Thess.3.7,G6063,know,V-RAI-2P,N,M0.7.1,"per-occurrence, always expected"
2Thess.3.7,G6063,know,V-RAI-2P,N,M0.7.10,"per-occurrence, always expected"
2Thess.3.7,G6063,know,V-RAI-2P,N,M0.7.11,"per-occurrence, always expected"
2Thess.3.7,G6063,know,V-RAI-2P,N,M0.7.12,"per-occurrence, always expected"
2Thess.3.7,G6063,know,V-RAI-2P,N,M0.7.13,"per-occurrence, always expected"
2Thess.3.7,G6063,know,V-RAI-2P,N,M0.7.14,"per-occurrence, always expected"
2Thess.3.7,G6063,know,V-RAI-2P,N,M0.7.15,"per-occurrence, always expected"
2Thess.3.7,G6063,know,V-RAI-2P,N,M0.7.16,"per-occurrence, always expected"
2Thess.3.7,G6063,know,V-RAI-2P,N,M0.7.2,"per-occurrence, always expected"
2Thess.3.7,G6063,know,V-RAI-2P,N,M0.7.3,"per-occurrence, always expected"
2Thess.3.7,G6063,know,V-RAI-2P,N,M0.7.4,"per-occurrence, always expected"
2Thess.3.7,G6063,know,V-RAI-2P,N,M0.7.5,"per-occurrence, always expected"
2Thess.3.7,G6063,know,V-RAI-2P,N,M0.7.6,"per-occurrence, always expected"
2Thess.3.7,G6063,know,V-RAI-2P,N,M0.7.7,"per-occurrence, always expected"
2Thess.3.7,G6063,know,V-RAI-2P,N,M0.7.8,"per-occurrence, always expected"
2Thess.3.7,G6063,know,V-RAI-2P,N,M0.7.9,"per-occurrence, always expected"
2Thess.3.7,G0812,idle,V-AAI-1P,Y,M0.7.1,"per-occurrence, always expected"
2Thess.3.7,G0812,idle,V-AAI-1P,Y,M0.7.10,"per-occurrence, always expected"
2Thess.3.7,G0812,idle,V-AAI-1P,Y,M0.7.11,"per-occurrence, always expected"
2Thess.3.7,G0812,idle,V-AAI-1P,Y,M0.7.12,"per-occurrence, always expected"
2Thess.3.7,G0812,idle,V-AAI-1P,Y,M0.7.13,"per-occurrence, always expected"
2Thess.3.7,G0812,idle,V-AAI-1P,Y,M0.7.14,"per-occurrence, always expected"
2Thess.3.7,G0812,idle,V-AAI-1P,Y,M0.7.15,"per-occurrence, always expected"
2Thess.3.7,G0812,idle,V-AAI-1P,Y,M0.7.16,"per-occurrence, always expected"
2Thess.3.7,G0812,idle,V-AAI-1P,Y,M0.7.2,"per-occurrence, always expected"
2Thess.3.7,G0812,idle,V-AAI-1P,Y,M0.7.3,"per-occurrence, always expected"
2Thess.3.7,G0812,idle,V-AAI-1P,Y,M0.7.4,"per-occurrence, always expected"
2Thess.3.7,G0812,idle,V-AAI-1P,Y,M0.7.5,"per-occurrence, always expected"
2Thess.3.7,G0812,idle,V-AAI-1P,Y,M0.7.6,"per-occurrence, always expected"
2Thess.3.7,G0812,idle,V-AAI-1P,Y,M0.7.7,"per-occurrence, always expected"
2Thess.3.7,G0812,idle,V-AAI-1P,Y,M0.7.8,"per-occurrence, always expected"
2Thess.3.7,G0812,idle,V-AAI-1P,Y,M0.7.9,"per-occurrence, always expected"
2Thess.3.7,G0812,idle,V-AAI-1P,Y,M0.6.5,"home relational, always expected"
2Thess.3.7,G0812,idle,V-AAI-1P,Y,M0.6.6,"home whole-network, other M-code strong present in verse"
Ezra.7.17,H0629,diligence,AD,Y,M0.7.1,"per-occurrence, always expected"
Ezra.7.17,H0629,diligence,AD,Y,M0.7.10,"per-occurrence, always expected"
Ezra.7.17,H0629,diligence,AD,Y,M0.7.11,"per-occurrence, always expected"
Ezra.7.17,H0629,diligence,AD,Y,M0.7.12,"per-occurrence, always expected"
Ezra.7.17,H0629,diligence,AD,Y,M0.7.13,"per-occurrence, always expected"
Ezra.7.17,H0629,diligence,AD,Y,M0.7.14,"per-occurrence, always expected"
Ezra.7.17,H0629,diligence,AD,Y,M0.7.15,"per-occurrence, always expected"
Ezra.7.17,H0629,diligence,AD,Y,M0.7.16,"per-occurrence, always expected"
Ezra.7.17,H0629,diligence,AD,Y,M0.7.2,"per-occurrence, always expected"
Ezra.7.17,H0629,diligence,AD,Y,M0.7.3,"per-occurrence, always expected"
Ezra.7.17,H0629,diligence,AD,Y,M0.7.4,"per-occurrence, always expected"
Ezra.7.17,H0629,diligence,AD,Y,M0.7.5,"per-occurrence, always expected"
Ezra.7.17,H0629,diligence,AD,Y,M0.7.6,"per-occurrence, always expected"
Ezra.7.17,H0629,diligence,AD,Y,M0.7.7,"per-occurrence, always expected"
Ezra.7.17,H0629,diligence,AD,Y,M0.7.8,"per-occurrence, always expected"
Ezra.7.17,H0629,diligence,AD,Y,M0.7.9,"per-occurrence, always expected"
Ezra.7.17,H0629,diligence,AD,Y,M0.6.5,"home relational, always expected"
Luke.1.39,G4710,haste,N-GSF,Y,M0.7.1,"per-occurrence, always expected"
Luke.1.39,G4710,haste,N-GSF,Y,M0.7.10,"per-occurrence, always expected"
Luke.1.39,G4710,haste,N-GSF,Y,M0.7.11,"per-occurrence, always expected"
Luke.1.39,G4710,haste,N-GSF,Y,M0.7.12,"per-occurrence, always expected"
Luke.1.39,G4710,haste,N-GSF,Y,M0.7.13,"per-occurrence, always expected"
Luke.1.39,G4710,haste,N-GSF,Y,M0.7.14,"per-occurrence, always expected"
Luke.1.39,G4710,haste,N-GSF,Y,M0.7.15,"per-occurrence, always expected"
Luke.1.39,G4710,haste,N-GSF,Y,M0.7.16,"per-occurrence, always expected"
Luke.1.39,G4710,haste,N-GSF,Y,M0.7.2,"per-occurrence, always expected"
Luke.1.39,G4710,haste,N-GSF,Y,M0.7.3,"per-occurrence, always expected"
Luke.1.39,G4710,haste,N-GSF,Y,M0.7.4,"per-occurrence, always expected"
Luke.1.39,G4710,haste,N-GSF,Y,M0.7.5,"per-occurrence, always expected"
Luke.1.39,G4710,haste,N-GSF,Y,M0.7.6,"per-occurrence, always expected"
Luke.1.39,G4710,haste,N-GSF,Y,M0.7.7,"per-occurrence, always expected"
Luke.1.39,G4710,haste,N-GSF,Y,M0.7.8,"per-occurrence, always expected"
Luke.1.39,G4710,haste,N-GSF,Y,M0.7.9,"per-occurrence, always expected"
Luke.1.39,G4710,haste,N-GSF,Y,M0.6.5,"home relational, always expected"
Eccl.10.18,H6103,sloth,HNcmpa,N,M0.7.1,"per-occurrence, always expected"
Eccl.10.18,H6103,sloth,HNcmpa,N,M0.7.10,"per-occurrence, always expected"
Eccl.10.18,H6103,sloth,HNcmpa,N,M0.7.11,"per-occurrence, always expected"
Eccl.10.18,H6103,sloth,HNcmpa,N,M0.7.12,"per-occurrence, always expected"
Eccl.10.18,H6103,sloth,HNcmpa,N,M0.7.13,"per-occurrence, always expected"
Eccl.10.18,H6103,sloth,HNcmpa,N,M0.7.14,"per-occurrence, always expected"
Eccl.10.18,H6103,sloth,HNcmpa,N,M0.7.15,"per-occurrence, always expected"
Eccl.10.18,H6103,sloth,HNcmpa,N,M0.7.16,"per-occurrence, always expected"
Eccl.10.18,H6103,sloth,HNcmpa,N,M0.7.2,"per-occurrence, always expected"
Eccl.10.18,H6103,sloth,HNcmpa,N,M0.7.3,"per-occurrence, always expected"
Eccl.10.18,H6103,sloth,HNcmpa,N,M0.7.4,"per-occurrence, always expected"
Eccl.10.18,H6103,sloth,HNcmpa,N,M0.7.5,"per-occurrence, always expected"
Eccl.10.18,H6103,sloth,HNcmpa,N,M0.7.6,"per-occurrence, always expected"
Eccl.10.18,H6103,sloth,HNcmpa,N,M0.7.7,"per-occurrence, always expected"
Eccl.10.18,H6103,sloth,HNcmpa,N,M0.7.8,"per-occurrence, always expected"
Eccl.10.18,H6103,sloth,HNcmpa,N,M0.7.9,"per-occurrence, always expected"
Eccl.10.18,H8220,indolence,HNcfsc,Y,M0.7.1,"per-occurrence, always expected"
Eccl.10.18,H8220,indolence,HNcfsc,Y,M0.7.10,"per-occurrence, always expected"
Eccl.10.18,H8220,indolence,HNcfsc,Y,M0.7.11,"per-occurrence, always expected"
Eccl.10.18,H8220,indolence,HNcfsc,Y,M0.7.12,"per-occurrence, always expected"
Eccl.10.18,H8220,indolence,HNcfsc,Y,M0.7.13,"per-occurrence, always expected"
Eccl.10.18,H8220,indolence,HNcfsc,Y,M0.7.14,"per-occurrence, always expected"
Eccl.10.18,H8220,indolence,HNcfsc,Y,M0.7.15,"per-occurrence, always expected"
Eccl.10.18,H8220,indolence,HNcfsc,Y,M0.7.16,"per-occurrence, always expected"
Eccl.10.18,H8220,indolence,HNcfsc,Y,M0.7.2,"per-occurrence, always expected"
Eccl.10.18,H8220,indolence,HNcfsc,Y,M0.7.3,"per-occurrence, always expected"
Eccl.10.18,H8220,indolence,HNcfsc,Y,M0.7.4,"per-occurrence, always expected"
Eccl.10.18,H8220,indolence,HNcfsc,Y,M0.7.5,"per-occurrence, always expected"
Eccl.10.18,H8220,indolence,HNcfsc,Y,M0.7.6,"per-occurrence, always expected"
Eccl.10.18,H8220,indolence,HNcfsc,Y,M0.7.7,"per-occurrence, always expected"
Eccl.10.18,H8220,indolence,HNcfsc,Y,M0.7.8,"per-occurrence, always expected"
Eccl.10.18,H8220,indolence,HNcfsc,Y,M0.7.9,"per-occurrence, always expected"
Eccl.10.18,H8220,indolence,HNcfsc,Y,M0.6.5,"home relational, always expected"
Eccl.10.18,H8220,indolence,HNcfsc,Y,M0.6.6,"home whole-network, other M-code strong present in verse"
Ezra.6.13,H4430,king,ANcbsd,N,M0.7.1,"per-occurrence, always expected"
Ezra.6.13,H4430,king,ANcbsd,N,M0.7.10,"per-occurrence, always expected"
Ezra.6.13,H4430,king,ANcbsd,N,M0.7.11,"per-occurrence, always expected"
Ezra.6.13,H4430,king,ANcbsd,N,M0.7.12,"per-occurrence, always expected"
Ezra.6.13,H4430,king,ANcbsd,N,M0.7.13,"per-occurrence, always expected"
Ezra.6.13,H4430,king,ANcbsd,N,M0.7.14,"per-occurrence, always expected"
Ezra.6.13,H4430,king,ANcbsd,N,M0.7.15,"per-occurrence, always expected"
Ezra.6.13,H4430,king,ANcbsd,N,M0.7.16,"per-occurrence, always expected"
Ezra.6.13,H4430,king,ANcbsd,N,M0.7.2,"per-occurrence, always expected"
Ezra.6.13,H4430,king,ANcbsd,N,M0.7.3,"per-occurrence, always expected"
Ezra.6.13,H4430,king,ANcbsd,N,M0.7.4,"per-occurrence, always expected"
Ezra.6.13,H4430,king,ANcbsd,N,M0.7.5,"per-occurrence, always expected"
Ezra.6.13,H4430,king,ANcbsd,N,M0.7.6,"per-occurrence, always expected"
Ezra.6.13,H4430,king,ANcbsd,N,M0.7.7,"per-occurrence, always expected"
Ezra.6.13,H4430,king,ANcbsd,N,M0.7.8,"per-occurrence, always expected"
Ezra.6.13,H4430,king,ANcbsd,N,M0.7.9,"per-occurrence, always expected"
Ezra.6.13,H0629,diligence,AD,Y,M0.7.1,"per-occurrence, always expected"
Ezra.6.13,H0629,diligence,AD,Y,M0.7.10,"per-occurrence, always expected"
Ezra.6.13,H0629,diligence,AD,Y,M0.7.11,"per-occurrence, always expected"
Ezra.6.13,H0629,diligence,AD,Y,M0.7.12,"per-occurrence, always expected"
Ezra.6.13,H0629,diligence,AD,Y,M0.7.13,"per-occurrence, always expected"
Ezra.6.13,H0629,diligence,AD,Y,M0.7.14,"per-occurrence, always expected"
Ezra.6.13,H0629,diligence,AD,Y,M0.7.15,"per-occurrence, always expected"
Ezra.6.13,H0629,diligence,AD,Y,M0.7.16,"per-occurrence, always expected"
Ezra.6.13,H0629,diligence,AD,Y,M0.7.2,"per-occurrence, always expected"
Ezra.6.13,H0629,diligence,AD,Y,M0.7.3,"per-occurrence, always expected"
Ezra.6.13,H0629,diligence,AD,Y,M0.7.4,"per-occurrence, always expected"
Ezra.6.13,H0629,diligence,AD,Y,M0.7.5,"per-occurrence, always expected"
Ezra.6.13,H0629,diligence,AD,Y,M0.7.6,"per-occurrence, always expected"
Ezra.6.13,H0629,diligence,AD,Y,M0.7.7,"per-occurrence, always expected"
Ezra.6.13,H0629,diligence,AD,Y,M0.7.8,"per-occurrence, always expected"
Ezra.6.13,H0629,diligence,AD,Y,M0.7.9,"per-occurrence, always expected"
Ezra.6.13,H0629,diligence,AD,Y,M0.6.5,"home relational, always expected"
Ezra.6.13,H0629,diligence,AD,Y,M0.6.6,"home whole-network, other M-code strong present in verse"
Ezra.6.13,H0629,diligence,AD,Y,D7.7.1,"home operation-permeability, T3 + party tag both present in verse"
Matt.20.3,G0692,idle,A-APM,Y,M0.7.1,"per-occurrence, always expected"
Matt.20.3,G0692,idle,A-APM,Y,M0.7.10,"per-occurrence, always expected"
Matt.20.3,G0692,idle,A-APM,Y,M0.7.11,"per-occurrence, always expected"
Matt.20.3,G0692,idle,A-APM,Y,M0.7.12,"per-occurrence, always expected"
Matt.20.3,G0692,idle,A-APM,Y,M0.7.13,"per-occurrence, always expected"
Matt.20.3,G0692,idle,A-APM,Y,M0.7.14,"per-occurrence, always expected"
Matt.20.3,G0692,idle,A-APM,Y,M0.7.15,"per-occurrence, always expected"
Matt.20.3,G0692,idle,A-APM,Y,M0.7.16,"per-occurrence, always expected"
Matt.20.3,G0692,idle,A-APM,Y,M0.7.2,"per-occurrence, always expected"
Matt.20.3,G0692,idle,A-APM,Y,M0.7.3,"per-occurrence, always expected"
Matt.20.3,G0692,idle,A-APM,Y,M0.7.4,"per-occurrence, always expected"
Matt.20.3,G0692,idle,A-APM,Y,M0.7.5,"per-occurrence, always expected"
Matt.20.3,G0692,idle,A-APM,Y,M0.7.6,"per-occurrence, always expected"
Matt.20.3,G0692,idle,A-APM,Y,M0.7.7,"per-occurrence, always expected"
Matt.20.3,G0692,idle,A-APM,Y,M0.7.8,"per-occurrence, always expected"
Matt.20.3,G0692,idle,A-APM,Y,M0.7.9,"per-occurrence, always expected"
Matt.20.3,G0692,idle,A-APM,Y,M0.6.5,"home relational, always expected"
